

================================================================
== Vivado HLS Report for 'infer'
================================================================
* Date:           Wed Apr 16 03:08:53 2025

* Version:        2018.3 (Build 2405991 on Thu Dec 06 23:56:15 MST 2018)
* Project:        lstm_hls_opt
* Solution:       solution1
* Product family: zynq
* Target device:  xc7z020clg400-2


================================================================
== Performance Estimates
================================================================
+ Timing (ns): 
    * Summary: 
    +--------+-------+----------+------------+
    |  Clock | Target| Estimated| Uncertainty|
    +--------+-------+----------+------------+
    |ap_clk  |  10.00|     9.235|        1.25|
    +--------+-------+----------+------------+

+ Latency (clock cycles): 
    * Summary: 
    +-----+--------+-----+--------+---------+
    |    Latency   |   Interval   | Pipeline|
    | min |   max  | min |   max  |   Type  |
    +-----+--------+-----+--------+---------+
    |  181|  171521|  181|  171521|   none  |
    +-----+--------+-----+--------+---------+

    + Detail: 
        * Instance: 
        +--------------------------+-------------+-----+-----+-----+-----+---------+
        |                          |             |  Latency  |  Interval | Pipeline|
        |         Instance         |    Module   | min | max | min | max |   Type  |
        +--------------------------+-------------+-----+-----+-----+-----+---------+
        |grp_tanh_fu_16390         |tanh         |  141|  141|  141|  141|   none  |
        |grp_sigmoid_fu_16404      |sigmoid      |  141|  141|  141|  141|   none  |
        |grp_sigmoid_fu_16418      |sigmoid      |  141|  141|  141|  141|   none  |
        |grp_sigmoid_fu_16432      |sigmoid      |  141|  141|  141|  141|   none  |
        |grp_should_skip_fu_16446  |should_skip  |   33|   33|   33|   33|   none  |
        +--------------------------+-------------+-----+-----+-----+-----+---------+

        * Loop: 
        +-------------+------+--------+-----------+-----------+-----------+--------+----------+
        |             |    Latency    | Iteration |  Initiation Interval  |  Trip  |          |
        |  Loop Name  |  min |   max  |  Latency  |  achieved |   target  |  Count | Pipelined|
        +-------------+------+--------+-----------+-----------+-----------+--------+----------+
        |- Loop 1     |    52|  171391| 52 ~ 6117 |          -|          -| 1 ~ 28 |    no    |
        | + Loop 1.1  |  4368|    4368|         28|         28|          1|     156|    yes   |
        | + Loop 1.2  |   148|     148|         37|          -|          -|       4|    no    |
        | + Loop 1.3  |  1281|    1281|         12|         10|          1|     128|    yes   |
        | + Loop 1.4  |    20|      20|          2|          -|          -|      10|    no    |
        | + Loop 1.5  |    10|      10|          2|          1|          1|      10|    yes   |
        +-------------+------+--------+-----------+-----------+-----------+--------+----------+



================================================================
== Utilization Estimates
================================================================
* Summary: 
+-----------------+---------+-------+--------+-------+
|       Name      | BRAM_18K| DSP48E|   FF   |  LUT  |
+-----------------+---------+-------+--------+-------+
|DSP              |        -|    618|       -|      -|
|Expression       |        -|      -|     400|  26501|
|FIFO             |        -|      -|       -|      -|
|Instance         |        -|      2|    3817|  17478|
|Memory           |      241|      -|      64|    290|
|Multiplexer      |        -|      -|       -|   2171|
|Register         |        -|      -|   31378|      -|
+-----------------+---------+-------+--------+-------+
|Total            |      241|    620|   35659|  46440|
+-----------------+---------+-------+--------+-------+
|Available        |      280|    220|  106400|  53200|
+-----------------+---------+-------+--------+-------+
|Utilization (%)  |       86|    281|      33|     87|
+-----------------+---------+-------+--------+-------+

+ Detail: 
    * Instance: 
    +--------------------------+----------------------+---------+-------+-----+------+
    |         Instance         |        Module        | BRAM_18K| DSP48E|  FF |  LUT |
    +--------------------------+----------------------+---------+-------+-----+------+
    |LSTM_Top_fcmp_32nfYi_U56  |LSTM_Top_fcmp_32nfYi  |        0|      0|   66|   239|
    |LSTM_Top_fpext_32eOg_U52  |LSTM_Top_fpext_32eOg  |        0|      0|  100|   143|
    |LSTM_Top_fpext_32eOg_U53  |LSTM_Top_fpext_32eOg  |        0|      0|  100|   143|
    |LSTM_Top_fpext_32eOg_U54  |LSTM_Top_fpext_32eOg  |        0|      0|  100|   143|
    |LSTM_Top_fpext_32eOg_U55  |LSTM_Top_fpext_32eOg  |        0|      0|  100|   143|
    |LSTM_Top_fsub_32ndEe_U51  |LSTM_Top_fsub_32ndEe  |        0|      2|  227|   404|
    |LSTM_Top_mux_1568g8j_U57  |LSTM_Top_mux_1568g8j  |        0|      0|    0|    41|
    |LSTM_Top_mux_832_hbi_U58  |LSTM_Top_mux_832_hbi  |        0|      0|    0|    41|
    |grp_should_skip_fu_16446  |should_skip           |        0|      0|  747|  2620|
    |grp_sigmoid_fu_16404      |sigmoid               |        0|      0|  595|  3378|
    |grp_sigmoid_fu_16418      |sigmoid               |        0|      0|  595|  3378|
    |grp_sigmoid_fu_16432      |sigmoid               |        0|      0|  595|  3378|
    |grp_tanh_fu_16390         |tanh                  |        0|      0|  592|  3427|
    +--------------------------+----------------------+---------+-------+-----+------+
    |Total                     |                      |        0|      2| 3817| 17478|
    +--------------------------+----------------------+---------+-------+-----+------+

    * DSP48: 
    +---------------------------+----------------------+--------------+
    |          Instance         |        Module        |  Expression  |
    +---------------------------+----------------------+--------------+
    |LSTM_Top_mac_mulaibs_U59   |LSTM_Top_mac_mulaibs  | i0 * i1 + i2 |
    |LSTM_Top_mac_mulaibs_U60   |LSTM_Top_mac_mulaibs  | i0 * i1 + i2 |
    |LSTM_Top_mac_mulaibs_U61   |LSTM_Top_mac_mulaibs  | i0 * i1 + i2 |
    |LSTM_Top_mac_mulaibs_U62   |LSTM_Top_mac_mulaibs  | i0 * i1 + i2 |
    |LSTM_Top_mac_mulaibs_U63   |LSTM_Top_mac_mulaibs  | i0 * i1 + i2 |
    |LSTM_Top_mac_mulaibs_U64   |LSTM_Top_mac_mulaibs  | i0 * i1 + i2 |
    |LSTM_Top_mac_mulaibs_U65   |LSTM_Top_mac_mulaibs  | i0 * i1 + i2 |
    |LSTM_Top_mac_mulaibs_U66   |LSTM_Top_mac_mulaibs  | i0 * i1 + i2 |
    |LSTM_Top_mac_mulaibs_U67   |LSTM_Top_mac_mulaibs  | i0 * i1 + i2 |
    |LSTM_Top_mac_mulaibs_U68   |LSTM_Top_mac_mulaibs  | i0 * i1 + i2 |
    |LSTM_Top_mac_mulaibs_U69   |LSTM_Top_mac_mulaibs  | i0 * i1 + i2 |
    |LSTM_Top_mac_mulaibs_U70   |LSTM_Top_mac_mulaibs  | i0 * i1 + i2 |
    |LSTM_Top_mac_mulaibs_U71   |LSTM_Top_mac_mulaibs  | i0 * i1 + i2 |
    |LSTM_Top_mac_mulaibs_U72   |LSTM_Top_mac_mulaibs  | i0 * i1 + i2 |
    |LSTM_Top_mac_mulaibs_U73   |LSTM_Top_mac_mulaibs  | i0 * i1 + i2 |
    |LSTM_Top_mac_mulaibs_U74   |LSTM_Top_mac_mulaibs  | i0 * i1 + i2 |
    |LSTM_Top_mac_mulaibs_U75   |LSTM_Top_mac_mulaibs  | i0 * i1 + i2 |
    |LSTM_Top_mac_mulaibs_U76   |LSTM_Top_mac_mulaibs  | i0 * i1 + i2 |
    |LSTM_Top_mac_mulaibs_U77   |LSTM_Top_mac_mulaibs  | i0 * i1 + i2 |
    |LSTM_Top_mac_mulaibs_U78   |LSTM_Top_mac_mulaibs  | i0 * i1 + i2 |
    |LSTM_Top_mac_mulaibs_U79   |LSTM_Top_mac_mulaibs  | i0 * i1 + i2 |
    |LSTM_Top_mac_mulaibs_U80   |LSTM_Top_mac_mulaibs  | i0 * i1 + i2 |
    |LSTM_Top_mac_mulaibs_U81   |LSTM_Top_mac_mulaibs  | i0 * i1 + i2 |
    |LSTM_Top_mac_mulaibs_U82   |LSTM_Top_mac_mulaibs  | i0 * i1 + i2 |
    |LSTM_Top_mac_mulaibs_U83   |LSTM_Top_mac_mulaibs  | i0 * i1 + i2 |
    |LSTM_Top_mac_mulaibs_U84   |LSTM_Top_mac_mulaibs  | i0 * i1 + i2 |
    |LSTM_Top_mac_mulaibs_U85   |LSTM_Top_mac_mulaibs  | i0 * i1 + i2 |
    |LSTM_Top_mac_mulaibs_U86   |LSTM_Top_mac_mulaibs  | i0 * i1 + i2 |
    |LSTM_Top_mac_mulaibs_U87   |LSTM_Top_mac_mulaibs  | i0 * i1 + i2 |
    |LSTM_Top_mac_mulaibs_U88   |LSTM_Top_mac_mulaibs  | i0 * i1 + i2 |
    |LSTM_Top_mac_mulaibs_U89   |LSTM_Top_mac_mulaibs  | i0 * i1 + i2 |
    |LSTM_Top_mac_mulaibs_U90   |LSTM_Top_mac_mulaibs  | i0 * i1 + i2 |
    |LSTM_Top_mac_mulaibs_U91   |LSTM_Top_mac_mulaibs  | i0 * i1 + i2 |
    |LSTM_Top_mac_mulaibs_U92   |LSTM_Top_mac_mulaibs  | i0 * i1 + i2 |
    |LSTM_Top_mac_mulaibs_U93   |LSTM_Top_mac_mulaibs  | i0 * i1 + i2 |
    |LSTM_Top_mac_mulaibs_U94   |LSTM_Top_mac_mulaibs  | i0 * i1 + i2 |
    |LSTM_Top_mac_mulaibs_U95   |LSTM_Top_mac_mulaibs  | i0 * i1 + i2 |
    |LSTM_Top_mac_mulaibs_U96   |LSTM_Top_mac_mulaibs  | i0 * i1 + i2 |
    |LSTM_Top_mac_mulaibs_U97   |LSTM_Top_mac_mulaibs  | i0 * i1 + i2 |
    |LSTM_Top_mac_mulaibs_U98   |LSTM_Top_mac_mulaibs  | i0 * i1 + i2 |
    |LSTM_Top_mac_mulaibs_U99   |LSTM_Top_mac_mulaibs  | i0 * i1 + i2 |
    |LSTM_Top_mac_mulaibs_U100  |LSTM_Top_mac_mulaibs  | i0 * i1 + i2 |
    |LSTM_Top_mac_mulaibs_U101  |LSTM_Top_mac_mulaibs  | i0 * i1 + i2 |
    |LSTM_Top_mac_mulaibs_U102  |LSTM_Top_mac_mulaibs  | i0 * i1 + i2 |
    |LSTM_Top_mac_mulaibs_U103  |LSTM_Top_mac_mulaibs  | i0 * i1 + i2 |
    |LSTM_Top_mac_mulaibs_U104  |LSTM_Top_mac_mulaibs  | i0 * i1 + i2 |
    |LSTM_Top_mac_mulaibs_U105  |LSTM_Top_mac_mulaibs  | i0 * i1 + i2 |
    |LSTM_Top_mac_mulaibs_U106  |LSTM_Top_mac_mulaibs  | i0 * i1 + i2 |
    |LSTM_Top_mac_mulaibs_U107  |LSTM_Top_mac_mulaibs  | i0 * i1 + i2 |
    |LSTM_Top_mac_mulaibs_U108  |LSTM_Top_mac_mulaibs  | i0 * i1 + i2 |
    |LSTM_Top_mac_mulaibs_U109  |LSTM_Top_mac_mulaibs  | i0 * i1 + i2 |
    |LSTM_Top_mac_mulaibs_U110  |LSTM_Top_mac_mulaibs  | i0 * i1 + i2 |
    |LSTM_Top_mac_mulaibs_U111  |LSTM_Top_mac_mulaibs  | i0 * i1 + i2 |
    |LSTM_Top_mac_mulaibs_U112  |LSTM_Top_mac_mulaibs  | i0 * i1 + i2 |
    |LSTM_Top_mac_mulaibs_U113  |LSTM_Top_mac_mulaibs  | i0 * i1 + i2 |
    |LSTM_Top_mac_mulaibs_U114  |LSTM_Top_mac_mulaibs  | i0 * i1 + i2 |
    |LSTM_Top_mac_mulaibs_U115  |LSTM_Top_mac_mulaibs  | i0 * i1 + i2 |
    |LSTM_Top_mac_mulaibs_U116  |LSTM_Top_mac_mulaibs  | i0 * i1 + i2 |
    |LSTM_Top_mac_mulaibs_U117  |LSTM_Top_mac_mulaibs  | i0 * i1 + i2 |
    |LSTM_Top_mac_mulaibs_U118  |LSTM_Top_mac_mulaibs  | i0 * i1 + i2 |
    |LSTM_Top_mac_mulaibs_U119  |LSTM_Top_mac_mulaibs  | i0 * i1 + i2 |
    |LSTM_Top_mac_mulaibs_U120  |LSTM_Top_mac_mulaibs  | i0 * i1 + i2 |
    |LSTM_Top_mac_mulaibs_U121  |LSTM_Top_mac_mulaibs  | i0 * i1 + i2 |
    |LSTM_Top_mac_mulaibs_U122  |LSTM_Top_mac_mulaibs  | i0 * i1 + i2 |
    |LSTM_Top_mac_mulaibs_U123  |LSTM_Top_mac_mulaibs  | i0 * i1 + i2 |
    |LSTM_Top_mac_mulaibs_U124  |LSTM_Top_mac_mulaibs  | i0 * i1 + i2 |
    |LSTM_Top_mac_mulaibs_U125  |LSTM_Top_mac_mulaibs  | i0 * i1 + i2 |
    |LSTM_Top_mac_mulaibs_U126  |LSTM_Top_mac_mulaibs  | i0 * i1 + i2 |
    |LSTM_Top_mac_mulaibs_U127  |LSTM_Top_mac_mulaibs  | i0 * i1 + i2 |
    |LSTM_Top_mac_mulaibs_U128  |LSTM_Top_mac_mulaibs  | i0 * i1 + i2 |
    |LSTM_Top_mac_mulaibs_U129  |LSTM_Top_mac_mulaibs  | i0 * i1 + i2 |
    |LSTM_Top_mac_mulaibs_U130  |LSTM_Top_mac_mulaibs  | i0 * i1 + i2 |
    |LSTM_Top_mac_mulaibs_U131  |LSTM_Top_mac_mulaibs  | i0 * i1 + i2 |
    |LSTM_Top_mac_mulaibs_U132  |LSTM_Top_mac_mulaibs  | i0 * i1 + i2 |
    |LSTM_Top_mac_mulaibs_U133  |LSTM_Top_mac_mulaibs  | i0 * i1 + i2 |
    |LSTM_Top_mac_mulaibs_U134  |LSTM_Top_mac_mulaibs  | i0 * i1 + i2 |
    |LSTM_Top_mac_mulaibs_U135  |LSTM_Top_mac_mulaibs  | i0 * i1 + i2 |
    |LSTM_Top_mac_mulaibs_U136  |LSTM_Top_mac_mulaibs  | i0 * i1 + i2 |
    |LSTM_Top_mac_mulaibs_U137  |LSTM_Top_mac_mulaibs  | i0 * i1 + i2 |
    |LSTM_Top_mac_mulaibs_U138  |LSTM_Top_mac_mulaibs  | i0 * i1 + i2 |
    |LSTM_Top_mac_mulaibs_U139  |LSTM_Top_mac_mulaibs  | i0 * i1 + i2 |
    |LSTM_Top_mac_mulaibs_U140  |LSTM_Top_mac_mulaibs  | i0 * i1 + i2 |
    |LSTM_Top_mac_mulaibs_U141  |LSTM_Top_mac_mulaibs  | i0 * i1 + i2 |
    |LSTM_Top_mac_mulaibs_U142  |LSTM_Top_mac_mulaibs  | i0 * i1 + i2 |
    |LSTM_Top_mac_mulaibs_U143  |LSTM_Top_mac_mulaibs  | i0 * i1 + i2 |
    |LSTM_Top_mac_mulaibs_U144  |LSTM_Top_mac_mulaibs  | i0 * i1 + i2 |
    |LSTM_Top_mac_mulaibs_U145  |LSTM_Top_mac_mulaibs  | i0 * i1 + i2 |
    |LSTM_Top_mac_mulaibs_U146  |LSTM_Top_mac_mulaibs  | i0 * i1 + i2 |
    |LSTM_Top_mac_mulaibs_U147  |LSTM_Top_mac_mulaibs  | i0 * i1 + i2 |
    |LSTM_Top_mac_mulaibs_U148  |LSTM_Top_mac_mulaibs  | i0 * i1 + i2 |
    |LSTM_Top_mac_mulaibs_U149  |LSTM_Top_mac_mulaibs  | i0 * i1 + i2 |
    |LSTM_Top_mac_mulaibs_U150  |LSTM_Top_mac_mulaibs  | i0 * i1 + i2 |
    |LSTM_Top_mac_mulaibs_U151  |LSTM_Top_mac_mulaibs  | i0 * i1 + i2 |
    |LSTM_Top_mac_mulaibs_U152  |LSTM_Top_mac_mulaibs  | i0 * i1 + i2 |
    |LSTM_Top_mac_mulaibs_U153  |LSTM_Top_mac_mulaibs  | i0 * i1 + i2 |
    |LSTM_Top_mac_mulaibs_U154  |LSTM_Top_mac_mulaibs  | i0 * i1 + i2 |
    |LSTM_Top_mac_mulaibs_U155  |LSTM_Top_mac_mulaibs  | i0 * i1 + i2 |
    |LSTM_Top_mac_mulaibs_U156  |LSTM_Top_mac_mulaibs  | i0 * i1 + i2 |
    |LSTM_Top_mac_mulaibs_U157  |LSTM_Top_mac_mulaibs  | i0 * i1 + i2 |
    |LSTM_Top_mac_mulaibs_U158  |LSTM_Top_mac_mulaibs  | i0 * i1 + i2 |
    |LSTM_Top_mac_mulaibs_U159  |LSTM_Top_mac_mulaibs  | i0 * i1 + i2 |
    |LSTM_Top_mac_mulaibs_U160  |LSTM_Top_mac_mulaibs  | i0 * i1 + i2 |
    |LSTM_Top_mac_mulaibs_U161  |LSTM_Top_mac_mulaibs  | i0 * i1 + i2 |
    |LSTM_Top_mac_mulaibs_U162  |LSTM_Top_mac_mulaibs  | i0 * i1 + i2 |
    |LSTM_Top_mac_mulaibs_U163  |LSTM_Top_mac_mulaibs  | i0 * i1 + i2 |
    |LSTM_Top_mac_mulaibs_U164  |LSTM_Top_mac_mulaibs  | i0 * i1 + i2 |
    |LSTM_Top_mac_mulaibs_U165  |LSTM_Top_mac_mulaibs  | i0 * i1 + i2 |
    |LSTM_Top_mac_mulaibs_U166  |LSTM_Top_mac_mulaibs  | i0 * i1 + i2 |
    |LSTM_Top_mac_mulaibs_U167  |LSTM_Top_mac_mulaibs  | i0 * i1 + i2 |
    |LSTM_Top_mac_mulaibs_U168  |LSTM_Top_mac_mulaibs  | i0 * i1 + i2 |
    |LSTM_Top_mac_mulaibs_U169  |LSTM_Top_mac_mulaibs  | i0 * i1 + i2 |
    |LSTM_Top_mac_mulaibs_U170  |LSTM_Top_mac_mulaibs  | i0 * i1 + i2 |
    |LSTM_Top_mac_mulaibs_U171  |LSTM_Top_mac_mulaibs  | i0 * i1 + i2 |
    |LSTM_Top_mac_mulaibs_U172  |LSTM_Top_mac_mulaibs  | i0 * i1 + i2 |
    |LSTM_Top_mac_mulaibs_U173  |LSTM_Top_mac_mulaibs  | i0 * i1 + i2 |
    |LSTM_Top_mac_mulaibs_U174  |LSTM_Top_mac_mulaibs  | i0 * i1 + i2 |
    |LSTM_Top_mac_mulaibs_U175  |LSTM_Top_mac_mulaibs  | i0 * i1 + i2 |
    |LSTM_Top_mac_mulaibs_U176  |LSTM_Top_mac_mulaibs  | i0 * i1 + i2 |
    |LSTM_Top_mac_mulaibs_U177  |LSTM_Top_mac_mulaibs  | i0 * i1 + i2 |
    |LSTM_Top_mac_mulaibs_U178  |LSTM_Top_mac_mulaibs  | i0 * i1 + i2 |
    |LSTM_Top_mac_mulaibs_U179  |LSTM_Top_mac_mulaibs  | i0 * i1 + i2 |
    |LSTM_Top_mac_mulaibs_U180  |LSTM_Top_mac_mulaibs  | i0 * i1 + i2 |
    |LSTM_Top_mac_mulaibs_U181  |LSTM_Top_mac_mulaibs  | i0 * i1 + i2 |
    |LSTM_Top_mac_mulaibs_U182  |LSTM_Top_mac_mulaibs  | i0 * i1 + i2 |
    |LSTM_Top_mac_mulaibs_U183  |LSTM_Top_mac_mulaibs  | i0 * i1 + i2 |
    |LSTM_Top_mac_mulaibs_U184  |LSTM_Top_mac_mulaibs  | i0 * i1 + i2 |
    |LSTM_Top_mac_mulaibs_U185  |LSTM_Top_mac_mulaibs  | i0 * i1 + i2 |
    |LSTM_Top_mac_mulaibs_U186  |LSTM_Top_mac_mulaibs  | i0 * i1 + i2 |
    |LSTM_Top_mac_mulaibs_U187  |LSTM_Top_mac_mulaibs  | i0 * i1 + i2 |
    |LSTM_Top_mac_mulaibs_U188  |LSTM_Top_mac_mulaibs  | i0 * i1 + i2 |
    |LSTM_Top_mac_mulaibs_U189  |LSTM_Top_mac_mulaibs  | i0 * i1 + i2 |
    |LSTM_Top_mac_mulaibs_U190  |LSTM_Top_mac_mulaibs  | i0 * i1 + i2 |
    |LSTM_Top_mac_mulaibs_U191  |LSTM_Top_mac_mulaibs  | i0 * i1 + i2 |
    |LSTM_Top_mac_mulaibs_U192  |LSTM_Top_mac_mulaibs  | i0 * i1 + i2 |
    |LSTM_Top_mac_mulaibs_U193  |LSTM_Top_mac_mulaibs  | i0 * i1 + i2 |
    |LSTM_Top_mac_mulaibs_U194  |LSTM_Top_mac_mulaibs  | i0 * i1 + i2 |
    |LSTM_Top_mac_mulaibs_U195  |LSTM_Top_mac_mulaibs  | i0 * i1 + i2 |
    |LSTM_Top_mac_mulaibs_U196  |LSTM_Top_mac_mulaibs  | i0 * i1 + i2 |
    |LSTM_Top_mac_mulaibs_U197  |LSTM_Top_mac_mulaibs  | i0 * i1 + i2 |
    |LSTM_Top_mac_mulaibs_U198  |LSTM_Top_mac_mulaibs  | i0 * i1 + i2 |
    |LSTM_Top_mac_mulaibs_U199  |LSTM_Top_mac_mulaibs  | i0 * i1 + i2 |
    |LSTM_Top_mac_mulaibs_U200  |LSTM_Top_mac_mulaibs  | i0 * i1 + i2 |
    |LSTM_Top_mac_mulaibs_U201  |LSTM_Top_mac_mulaibs  | i0 * i1 + i2 |
    |LSTM_Top_mac_mulaibs_U202  |LSTM_Top_mac_mulaibs  | i0 * i1 + i2 |
    |LSTM_Top_mac_mulaibs_U203  |LSTM_Top_mac_mulaibs  | i0 * i1 + i2 |
    |LSTM_Top_mac_mulaibs_U204  |LSTM_Top_mac_mulaibs  | i0 * i1 + i2 |
    |LSTM_Top_mac_mulaibs_U205  |LSTM_Top_mac_mulaibs  | i0 * i1 + i2 |
    |LSTM_Top_mac_mulaibs_U206  |LSTM_Top_mac_mulaibs  | i0 * i1 + i2 |
    |LSTM_Top_mac_mulaibs_U207  |LSTM_Top_mac_mulaibs  | i0 * i1 + i2 |
    |LSTM_Top_mac_mulaibs_U208  |LSTM_Top_mac_mulaibs  | i0 * i1 + i2 |
    |LSTM_Top_mac_mulaibs_U209  |LSTM_Top_mac_mulaibs  | i0 * i1 + i2 |
    |LSTM_Top_mac_mulaibs_U210  |LSTM_Top_mac_mulaibs  | i0 * i1 + i2 |
    |LSTM_Top_mac_mulaibs_U211  |LSTM_Top_mac_mulaibs  | i0 * i1 + i2 |
    |LSTM_Top_mac_mulaibs_U212  |LSTM_Top_mac_mulaibs  | i0 * i1 + i2 |
    |LSTM_Top_mac_mulaibs_U213  |LSTM_Top_mac_mulaibs  | i0 * i1 + i2 |
    |LSTM_Top_mac_mulaibs_U214  |LSTM_Top_mac_mulaibs  | i0 * i1 + i2 |
    |LSTM_Top_mac_mulaibs_U215  |LSTM_Top_mac_mulaibs  | i0 * i1 + i2 |
    |LSTM_Top_mac_mulaibs_U216  |LSTM_Top_mac_mulaibs  | i0 * i1 + i2 |
    |LSTM_Top_mac_mulaibs_U217  |LSTM_Top_mac_mulaibs  | i0 * i1 + i2 |
    |LSTM_Top_mac_mulaibs_U218  |LSTM_Top_mac_mulaibs  | i0 * i1 + i2 |
    |LSTM_Top_mac_mulaibs_U219  |LSTM_Top_mac_mulaibs  | i0 * i1 + i2 |
    |LSTM_Top_mac_mulaibs_U220  |LSTM_Top_mac_mulaibs  | i0 * i1 + i2 |
    |LSTM_Top_mac_mulaibs_U221  |LSTM_Top_mac_mulaibs  | i0 * i1 + i2 |
    |LSTM_Top_mac_mulaibs_U222  |LSTM_Top_mac_mulaibs  | i0 * i1 + i2 |
    |LSTM_Top_mac_mulaibs_U223  |LSTM_Top_mac_mulaibs  | i0 * i1 + i2 |
    |LSTM_Top_mac_mulaibs_U224  |LSTM_Top_mac_mulaibs  | i0 * i1 + i2 |
    |LSTM_Top_mac_mulaibs_U225  |LSTM_Top_mac_mulaibs  | i0 * i1 + i2 |
    |LSTM_Top_mac_mulaibs_U226  |LSTM_Top_mac_mulaibs  | i0 * i1 + i2 |
    |LSTM_Top_mac_mulaibs_U227  |LSTM_Top_mac_mulaibs  | i0 * i1 + i2 |
    |LSTM_Top_mac_mulaibs_U228  |LSTM_Top_mac_mulaibs  | i0 * i1 + i2 |
    |LSTM_Top_mac_mulaibs_U229  |LSTM_Top_mac_mulaibs  | i0 * i1 + i2 |
    |LSTM_Top_mac_mulaibs_U230  |LSTM_Top_mac_mulaibs  | i0 * i1 + i2 |
    |LSTM_Top_mac_mulaibs_U231  |LSTM_Top_mac_mulaibs  | i0 * i1 + i2 |
    |LSTM_Top_mac_mulaibs_U232  |LSTM_Top_mac_mulaibs  | i0 * i1 + i2 |
    |LSTM_Top_mac_mulaibs_U233  |LSTM_Top_mac_mulaibs  | i0 * i1 + i2 |
    |LSTM_Top_mac_mulaibs_U234  |LSTM_Top_mac_mulaibs  | i0 * i1 + i2 |
    |LSTM_Top_mac_mulaibs_U235  |LSTM_Top_mac_mulaibs  | i0 * i1 + i2 |
    |LSTM_Top_mac_mulaibs_U236  |LSTM_Top_mac_mulaibs  | i0 * i1 + i2 |
    |LSTM_Top_mac_mulaibs_U237  |LSTM_Top_mac_mulaibs  | i0 * i1 + i2 |
    |LSTM_Top_mac_mulaibs_U238  |LSTM_Top_mac_mulaibs  | i0 * i1 + i2 |
    |LSTM_Top_mac_mulaibs_U239  |LSTM_Top_mac_mulaibs  | i0 * i1 + i2 |
    |LSTM_Top_mac_mulaibs_U240  |LSTM_Top_mac_mulaibs  | i0 * i1 + i2 |
    |LSTM_Top_mac_mulaibs_U241  |LSTM_Top_mac_mulaibs  | i0 * i1 + i2 |
    |LSTM_Top_mac_mulaibs_U242  |LSTM_Top_mac_mulaibs  | i0 * i1 + i2 |
    |LSTM_Top_mac_mulaibs_U243  |LSTM_Top_mac_mulaibs  | i0 * i1 + i2 |
    |LSTM_Top_mac_mulaibs_U244  |LSTM_Top_mac_mulaibs  | i0 * i1 + i2 |
    |LSTM_Top_mac_mulaibs_U245  |LSTM_Top_mac_mulaibs  | i0 * i1 + i2 |
    |LSTM_Top_mac_mulaibs_U246  |LSTM_Top_mac_mulaibs  | i0 * i1 + i2 |
    |LSTM_Top_mac_mulaibs_U247  |LSTM_Top_mac_mulaibs  | i0 * i1 + i2 |
    |LSTM_Top_mac_mulaibs_U248  |LSTM_Top_mac_mulaibs  | i0 * i1 + i2 |
    |LSTM_Top_mac_mulaibs_U249  |LSTM_Top_mac_mulaibs  | i0 * i1 + i2 |
    |LSTM_Top_mac_mulaibs_U250  |LSTM_Top_mac_mulaibs  | i0 * i1 + i2 |
    |LSTM_Top_mac_mulaibs_U251  |LSTM_Top_mac_mulaibs  | i0 * i1 + i2 |
    |LSTM_Top_mac_mulaibs_U252  |LSTM_Top_mac_mulaibs  | i0 * i1 + i2 |
    |LSTM_Top_mac_mulaibs_U253  |LSTM_Top_mac_mulaibs  | i0 * i1 + i2 |
    |LSTM_Top_mac_mulaibs_U254  |LSTM_Top_mac_mulaibs  | i0 * i1 + i2 |
    |LSTM_Top_mac_mulaibs_U255  |LSTM_Top_mac_mulaibs  | i0 * i1 + i2 |
    |LSTM_Top_mac_mulaibs_U256  |LSTM_Top_mac_mulaibs  | i0 * i1 + i2 |
    |LSTM_Top_mac_mulaibs_U257  |LSTM_Top_mac_mulaibs  | i0 * i1 + i2 |
    |LSTM_Top_mac_mulaibs_U258  |LSTM_Top_mac_mulaibs  | i0 * i1 + i2 |
    |LSTM_Top_mac_mulaibs_U259  |LSTM_Top_mac_mulaibs  | i0 * i1 + i2 |
    |LSTM_Top_mac_mulaibs_U260  |LSTM_Top_mac_mulaibs  | i0 * i1 + i2 |
    |LSTM_Top_mac_mulaibs_U261  |LSTM_Top_mac_mulaibs  | i0 * i1 + i2 |
    |LSTM_Top_mac_mulaibs_U262  |LSTM_Top_mac_mulaibs  | i0 * i1 + i2 |
    |LSTM_Top_mac_mulaibs_U263  |LSTM_Top_mac_mulaibs  | i0 * i1 + i2 |
    |LSTM_Top_mac_mulaibs_U264  |LSTM_Top_mac_mulaibs  | i0 * i1 + i2 |
    |LSTM_Top_mac_mulaibs_U265  |LSTM_Top_mac_mulaibs  | i0 * i1 + i2 |
    |LSTM_Top_mac_mulaibs_U266  |LSTM_Top_mac_mulaibs  | i0 * i1 + i2 |
    |LSTM_Top_mac_mulaibs_U267  |LSTM_Top_mac_mulaibs  | i0 * i1 + i2 |
    |LSTM_Top_mac_mulaibs_U268  |LSTM_Top_mac_mulaibs  | i0 * i1 + i2 |
    |LSTM_Top_mac_mulaibs_U269  |LSTM_Top_mac_mulaibs  | i0 * i1 + i2 |
    |LSTM_Top_mac_mulaibs_U270  |LSTM_Top_mac_mulaibs  | i0 * i1 + i2 |
    |LSTM_Top_mac_mulaibs_U271  |LSTM_Top_mac_mulaibs  | i0 * i1 + i2 |
    |LSTM_Top_mac_mulaibs_U272  |LSTM_Top_mac_mulaibs  | i0 * i1 + i2 |
    |LSTM_Top_mac_mulaibs_U273  |LSTM_Top_mac_mulaibs  | i0 * i1 + i2 |
    |LSTM_Top_mac_mulaibs_U274  |LSTM_Top_mac_mulaibs  | i0 * i1 + i2 |
    |LSTM_Top_mac_mulaibs_U275  |LSTM_Top_mac_mulaibs  | i0 * i1 + i2 |
    |LSTM_Top_mac_mulaibs_U276  |LSTM_Top_mac_mulaibs  | i0 * i1 + i2 |
    |LSTM_Top_mac_mulaibs_U277  |LSTM_Top_mac_mulaibs  | i0 * i1 + i2 |
    |LSTM_Top_mac_mulaibs_U278  |LSTM_Top_mac_mulaibs  | i0 * i1 + i2 |
    |LSTM_Top_mac_mulaibs_U279  |LSTM_Top_mac_mulaibs  | i0 * i1 + i2 |
    |LSTM_Top_mac_mulaibs_U280  |LSTM_Top_mac_mulaibs  | i0 * i1 + i2 |
    |LSTM_Top_mac_mulaibs_U281  |LSTM_Top_mac_mulaibs  | i0 * i1 + i2 |
    |LSTM_Top_mac_mulaibs_U282  |LSTM_Top_mac_mulaibs  | i0 * i1 + i2 |
    |LSTM_Top_mac_mulaibs_U283  |LSTM_Top_mac_mulaibs  | i0 * i1 + i2 |
    |LSTM_Top_mac_mulaibs_U284  |LSTM_Top_mac_mulaibs  | i0 * i1 + i2 |
    |LSTM_Top_mac_mulaibs_U285  |LSTM_Top_mac_mulaibs  | i0 * i1 + i2 |
    |LSTM_Top_mac_mulaibs_U286  |LSTM_Top_mac_mulaibs  | i0 * i1 + i2 |
    |LSTM_Top_mac_mulaibs_U287  |LSTM_Top_mac_mulaibs  | i0 * i1 + i2 |
    |LSTM_Top_mac_mulaibs_U288  |LSTM_Top_mac_mulaibs  | i0 * i1 + i2 |
    |LSTM_Top_mac_mulaibs_U289  |LSTM_Top_mac_mulaibs  | i0 * i1 + i2 |
    |LSTM_Top_mac_mulaibs_U290  |LSTM_Top_mac_mulaibs  | i0 * i1 + i2 |
    |LSTM_Top_mac_mulaibs_U291  |LSTM_Top_mac_mulaibs  | i0 * i1 + i2 |
    |LSTM_Top_mac_mulaibs_U292  |LSTM_Top_mac_mulaibs  | i0 * i1 + i2 |
    |LSTM_Top_mac_mulaibs_U293  |LSTM_Top_mac_mulaibs  | i0 * i1 + i2 |
    |LSTM_Top_mac_mulaibs_U294  |LSTM_Top_mac_mulaibs  | i0 * i1 + i2 |
    |LSTM_Top_mac_mulaibs_U295  |LSTM_Top_mac_mulaibs  | i0 * i1 + i2 |
    |LSTM_Top_mac_mulaibs_U296  |LSTM_Top_mac_mulaibs  | i0 * i1 + i2 |
    |LSTM_Top_mac_mulaibs_U297  |LSTM_Top_mac_mulaibs  | i0 * i1 + i2 |
    |LSTM_Top_mac_mulaibs_U298  |LSTM_Top_mac_mulaibs  | i0 * i1 + i2 |
    |LSTM_Top_mac_mulaibs_U299  |LSTM_Top_mac_mulaibs  | i0 * i1 + i2 |
    |LSTM_Top_mac_mulaibs_U300  |LSTM_Top_mac_mulaibs  | i0 * i1 + i2 |
    |LSTM_Top_mac_mulaibs_U301  |LSTM_Top_mac_mulaibs  | i0 * i1 + i2 |
    |LSTM_Top_mac_mulaibs_U302  |LSTM_Top_mac_mulaibs  | i0 * i1 + i2 |
    |LSTM_Top_mac_mulaibs_U303  |LSTM_Top_mac_mulaibs  | i0 * i1 + i2 |
    |LSTM_Top_mac_mulaibs_U304  |LSTM_Top_mac_mulaibs  | i0 * i1 + i2 |
    |LSTM_Top_mac_mulaibs_U305  |LSTM_Top_mac_mulaibs  | i0 * i1 + i2 |
    |LSTM_Top_mac_mulaibs_U306  |LSTM_Top_mac_mulaibs  | i0 * i1 + i2 |
    |LSTM_Top_mac_mulaibs_U307  |LSTM_Top_mac_mulaibs  | i0 * i1 + i2 |
    |LSTM_Top_mac_mulaibs_U308  |LSTM_Top_mac_mulaibs  | i0 * i1 + i2 |
    |LSTM_Top_mac_mulaibs_U309  |LSTM_Top_mac_mulaibs  | i0 * i1 + i2 |
    |LSTM_Top_mac_mulaibs_U310  |LSTM_Top_mac_mulaibs  | i0 * i1 + i2 |
    |LSTM_Top_mac_mulaibs_U311  |LSTM_Top_mac_mulaibs  | i0 * i1 + i2 |
    |LSTM_Top_mac_mulaibs_U312  |LSTM_Top_mac_mulaibs  | i0 * i1 + i2 |
    |LSTM_Top_mac_mulaibs_U313  |LSTM_Top_mac_mulaibs  | i0 * i1 + i2 |
    |LSTM_Top_mac_mulaibs_U314  |LSTM_Top_mac_mulaibs  | i0 * i1 + i2 |
    |LSTM_Top_mac_mulaibs_U315  |LSTM_Top_mac_mulaibs  | i0 * i1 + i2 |
    |LSTM_Top_mac_mulaibs_U316  |LSTM_Top_mac_mulaibs  | i0 * i1 + i2 |
    |LSTM_Top_mac_mulaibs_U317  |LSTM_Top_mac_mulaibs  | i0 * i1 + i2 |
    |LSTM_Top_mac_mulaibs_U318  |LSTM_Top_mac_mulaibs  | i0 * i1 + i2 |
    |LSTM_Top_mac_mulaibs_U319  |LSTM_Top_mac_mulaibs  | i0 * i1 + i2 |
    |LSTM_Top_mac_mulaibs_U320  |LSTM_Top_mac_mulaibs  | i0 * i1 + i2 |
    |LSTM_Top_mac_mulaibs_U321  |LSTM_Top_mac_mulaibs  | i0 * i1 + i2 |
    |LSTM_Top_mac_mulaibs_U322  |LSTM_Top_mac_mulaibs  | i0 * i1 + i2 |
    |LSTM_Top_mac_mulaibs_U323  |LSTM_Top_mac_mulaibs  | i0 * i1 + i2 |
    |LSTM_Top_mac_mulaibs_U324  |LSTM_Top_mac_mulaibs  | i0 * i1 + i2 |
    |LSTM_Top_mac_mulaibs_U325  |LSTM_Top_mac_mulaibs  | i0 * i1 + i2 |
    |LSTM_Top_mac_mulaibs_U326  |LSTM_Top_mac_mulaibs  | i0 * i1 + i2 |
    |LSTM_Top_mac_mulaibs_U327  |LSTM_Top_mac_mulaibs  | i0 * i1 + i2 |
    |LSTM_Top_mac_mulaibs_U328  |LSTM_Top_mac_mulaibs  | i0 * i1 + i2 |
    |LSTM_Top_mac_mulaibs_U329  |LSTM_Top_mac_mulaibs  | i0 * i1 + i2 |
    |LSTM_Top_mac_mulaibs_U330  |LSTM_Top_mac_mulaibs  | i0 * i1 + i2 |
    |LSTM_Top_mac_mulaibs_U331  |LSTM_Top_mac_mulaibs  | i0 * i1 + i2 |
    |LSTM_Top_mac_mulaibs_U332  |LSTM_Top_mac_mulaibs  | i0 * i1 + i2 |
    |LSTM_Top_mac_mulaibs_U333  |LSTM_Top_mac_mulaibs  | i0 * i1 + i2 |
    |LSTM_Top_mac_mulaibs_U334  |LSTM_Top_mac_mulaibs  | i0 * i1 + i2 |
    |LSTM_Top_mac_mulaibs_U335  |LSTM_Top_mac_mulaibs  | i0 * i1 + i2 |
    |LSTM_Top_mac_mulaibs_U336  |LSTM_Top_mac_mulaibs  | i0 * i1 + i2 |
    |LSTM_Top_mac_mulaibs_U337  |LSTM_Top_mac_mulaibs  | i0 * i1 + i2 |
    |LSTM_Top_mac_mulaibs_U338  |LSTM_Top_mac_mulaibs  | i0 * i1 + i2 |
    |LSTM_Top_mac_mulaibs_U339  |LSTM_Top_mac_mulaibs  | i0 * i1 + i2 |
    |LSTM_Top_mac_mulaibs_U340  |LSTM_Top_mac_mulaibs  | i0 * i1 + i2 |
    |LSTM_Top_mac_mulaibs_U341  |LSTM_Top_mac_mulaibs  | i0 * i1 + i2 |
    |LSTM_Top_mac_mulaibs_U342  |LSTM_Top_mac_mulaibs  | i0 * i1 + i2 |
    |LSTM_Top_mac_mulaibs_U343  |LSTM_Top_mac_mulaibs  | i0 * i1 + i2 |
    |LSTM_Top_mac_mulaibs_U344  |LSTM_Top_mac_mulaibs  | i0 * i1 + i2 |
    |LSTM_Top_mac_mulaibs_U345  |LSTM_Top_mac_mulaibs  | i0 * i1 + i2 |
    |LSTM_Top_mac_mulaibs_U346  |LSTM_Top_mac_mulaibs  | i0 * i1 + i2 |
    |LSTM_Top_mac_mulaibs_U347  |LSTM_Top_mac_mulaibs  | i0 * i1 + i2 |
    |LSTM_Top_mac_mulaibs_U348  |LSTM_Top_mac_mulaibs  | i0 * i1 + i2 |
    |LSTM_Top_mac_mulaibs_U349  |LSTM_Top_mac_mulaibs  | i0 * i1 + i2 |
    |LSTM_Top_mac_mulaibs_U350  |LSTM_Top_mac_mulaibs  | i0 * i1 + i2 |
    |LSTM_Top_mac_mulaibs_U351  |LSTM_Top_mac_mulaibs  | i0 * i1 + i2 |
    |LSTM_Top_mac_mulaibs_U352  |LSTM_Top_mac_mulaibs  | i0 * i1 + i2 |
    |LSTM_Top_mac_mulaibs_U353  |LSTM_Top_mac_mulaibs  | i0 * i1 + i2 |
    |LSTM_Top_mac_mulaibs_U354  |LSTM_Top_mac_mulaibs  | i0 * i1 + i2 |
    |LSTM_Top_mac_mulaibs_U355  |LSTM_Top_mac_mulaibs  | i0 * i1 + i2 |
    |LSTM_Top_mac_mulaibs_U356  |LSTM_Top_mac_mulaibs  | i0 * i1 + i2 |
    |LSTM_Top_mac_mulaibs_U357  |LSTM_Top_mac_mulaibs  | i0 * i1 + i2 |
    |LSTM_Top_mac_mulaibs_U358  |LSTM_Top_mac_mulaibs  | i0 * i1 + i2 |
    |LSTM_Top_mac_mulaibs_U359  |LSTM_Top_mac_mulaibs  | i0 * i1 + i2 |
    |LSTM_Top_mac_mulaibs_U360  |LSTM_Top_mac_mulaibs  | i0 * i1 + i2 |
    |LSTM_Top_mac_mulaibs_U361  |LSTM_Top_mac_mulaibs  | i0 * i1 + i2 |
    |LSTM_Top_mac_mulaibs_U362  |LSTM_Top_mac_mulaibs  | i0 * i1 + i2 |
    |LSTM_Top_mac_mulaibs_U363  |LSTM_Top_mac_mulaibs  | i0 * i1 + i2 |
    |LSTM_Top_mac_mulaibs_U364  |LSTM_Top_mac_mulaibs  | i0 * i1 + i2 |
    |LSTM_Top_mac_mulaibs_U365  |LSTM_Top_mac_mulaibs  | i0 * i1 + i2 |
    |LSTM_Top_mac_mulaibs_U366  |LSTM_Top_mac_mulaibs  | i0 * i1 + i2 |
    |LSTM_Top_mac_mulaibs_U367  |LSTM_Top_mac_mulaibs  | i0 * i1 + i2 |
    |LSTM_Top_mac_mulaibs_U368  |LSTM_Top_mac_mulaibs  | i0 * i1 + i2 |
    |LSTM_Top_mac_mulaibs_U369  |LSTM_Top_mac_mulaibs  | i0 * i1 + i2 |
    |LSTM_Top_mac_mulaibs_U370  |LSTM_Top_mac_mulaibs  | i0 * i1 + i2 |
    |LSTM_Top_mac_mulaibs_U371  |LSTM_Top_mac_mulaibs  | i0 * i1 + i2 |
    |LSTM_Top_mac_mulaibs_U372  |LSTM_Top_mac_mulaibs  | i0 * i1 + i2 |
    |LSTM_Top_mac_mulaibs_U373  |LSTM_Top_mac_mulaibs  | i0 * i1 + i2 |
    |LSTM_Top_mac_mulaibs_U374  |LSTM_Top_mac_mulaibs  | i0 * i1 + i2 |
    |LSTM_Top_mac_mulaibs_U375  |LSTM_Top_mac_mulaibs  | i0 * i1 + i2 |
    |LSTM_Top_mac_mulaibs_U376  |LSTM_Top_mac_mulaibs  | i0 * i1 + i2 |
    |LSTM_Top_mac_mulaibs_U377  |LSTM_Top_mac_mulaibs  | i0 * i1 + i2 |
    |LSTM_Top_mac_mulaibs_U378  |LSTM_Top_mac_mulaibs  | i0 * i1 + i2 |
    |LSTM_Top_mac_mulaibs_U379  |LSTM_Top_mac_mulaibs  | i0 * i1 + i2 |
    |LSTM_Top_mac_mulaibs_U380  |LSTM_Top_mac_mulaibs  | i0 * i1 + i2 |
    |LSTM_Top_mac_mulaibs_U381  |LSTM_Top_mac_mulaibs  | i0 * i1 + i2 |
    |LSTM_Top_mac_mulaibs_U382  |LSTM_Top_mac_mulaibs  | i0 * i1 + i2 |
    |LSTM_Top_mac_mulaibs_U383  |LSTM_Top_mac_mulaibs  | i0 * i1 + i2 |
    |LSTM_Top_mac_mulaibs_U384  |LSTM_Top_mac_mulaibs  | i0 * i1 + i2 |
    |LSTM_Top_mac_mulaibs_U385  |LSTM_Top_mac_mulaibs  | i0 * i1 + i2 |
    |LSTM_Top_mac_mulaibs_U386  |LSTM_Top_mac_mulaibs  | i0 * i1 + i2 |
    |LSTM_Top_mac_mulaibs_U387  |LSTM_Top_mac_mulaibs  | i0 * i1 + i2 |
    |LSTM_Top_mac_mulaibs_U388  |LSTM_Top_mac_mulaibs  | i0 * i1 + i2 |
    |LSTM_Top_mac_mulaibs_U389  |LSTM_Top_mac_mulaibs  | i0 * i1 + i2 |
    |LSTM_Top_mac_mulaibs_U390  |LSTM_Top_mac_mulaibs  | i0 * i1 + i2 |
    |LSTM_Top_mac_mulaibs_U391  |LSTM_Top_mac_mulaibs  | i0 * i1 + i2 |
    |LSTM_Top_mac_mulaibs_U392  |LSTM_Top_mac_mulaibs  | i0 * i1 + i2 |
    |LSTM_Top_mac_mulaibs_U393  |LSTM_Top_mac_mulaibs  | i0 * i1 + i2 |
    |LSTM_Top_mac_mulaibs_U394  |LSTM_Top_mac_mulaibs  | i0 * i1 + i2 |
    |LSTM_Top_mac_mulaibs_U395  |LSTM_Top_mac_mulaibs  | i0 * i1 + i2 |
    |LSTM_Top_mac_mulaibs_U396  |LSTM_Top_mac_mulaibs  | i0 * i1 + i2 |
    |LSTM_Top_mac_mulaibs_U397  |LSTM_Top_mac_mulaibs  | i0 * i1 + i2 |
    |LSTM_Top_mac_mulaibs_U398  |LSTM_Top_mac_mulaibs  | i0 * i1 + i2 |
    |LSTM_Top_mac_mulaibs_U399  |LSTM_Top_mac_mulaibs  | i0 * i1 + i2 |
    |LSTM_Top_mac_mulaibs_U400  |LSTM_Top_mac_mulaibs  | i0 * i1 + i2 |
    |LSTM_Top_mac_mulaibs_U401  |LSTM_Top_mac_mulaibs  | i0 * i1 + i2 |
    |LSTM_Top_mac_mulaibs_U402  |LSTM_Top_mac_mulaibs  | i0 * i1 + i2 |
    |LSTM_Top_mac_mulaibs_U403  |LSTM_Top_mac_mulaibs  | i0 * i1 + i2 |
    |LSTM_Top_mac_mulaibs_U404  |LSTM_Top_mac_mulaibs  | i0 * i1 + i2 |
    |LSTM_Top_mac_mulaibs_U405  |LSTM_Top_mac_mulaibs  | i0 * i1 + i2 |
    |LSTM_Top_mac_mulaibs_U406  |LSTM_Top_mac_mulaibs  | i0 * i1 + i2 |
    |LSTM_Top_mac_mulaibs_U407  |LSTM_Top_mac_mulaibs  | i0 * i1 + i2 |
    |LSTM_Top_mac_mulaibs_U408  |LSTM_Top_mac_mulaibs  | i0 * i1 + i2 |
    |LSTM_Top_mac_mulaibs_U409  |LSTM_Top_mac_mulaibs  | i0 * i1 + i2 |
    |LSTM_Top_mac_mulaibs_U410  |LSTM_Top_mac_mulaibs  | i0 * i1 + i2 |
    |LSTM_Top_mac_mulaibs_U411  |LSTM_Top_mac_mulaibs  | i0 * i1 + i2 |
    |LSTM_Top_mac_mulaibs_U412  |LSTM_Top_mac_mulaibs  | i0 * i1 + i2 |
    |LSTM_Top_mac_mulaibs_U413  |LSTM_Top_mac_mulaibs  | i0 * i1 + i2 |
    |LSTM_Top_mac_mulaibs_U414  |LSTM_Top_mac_mulaibs  | i0 * i1 + i2 |
    |LSTM_Top_mac_mulaibs_U415  |LSTM_Top_mac_mulaibs  | i0 * i1 + i2 |
    |LSTM_Top_mac_mulaibs_U416  |LSTM_Top_mac_mulaibs  | i0 * i1 + i2 |
    |LSTM_Top_mac_mulaibs_U417  |LSTM_Top_mac_mulaibs  | i0 * i1 + i2 |
    |LSTM_Top_mac_mulaibs_U418  |LSTM_Top_mac_mulaibs  | i0 * i1 + i2 |
    |LSTM_Top_mac_mulaibs_U419  |LSTM_Top_mac_mulaibs  | i0 * i1 + i2 |
    |LSTM_Top_mac_mulaibs_U420  |LSTM_Top_mac_mulaibs  | i0 * i1 + i2 |
    |LSTM_Top_mac_mulaibs_U421  |LSTM_Top_mac_mulaibs  | i0 * i1 + i2 |
    |LSTM_Top_mac_mulaibs_U422  |LSTM_Top_mac_mulaibs  | i0 * i1 + i2 |
    |LSTM_Top_mac_mulaibs_U423  |LSTM_Top_mac_mulaibs  | i0 * i1 + i2 |
    |LSTM_Top_mac_mulaibs_U424  |LSTM_Top_mac_mulaibs  | i0 * i1 + i2 |
    |LSTM_Top_mac_mulaibs_U425  |LSTM_Top_mac_mulaibs  | i0 * i1 + i2 |
    |LSTM_Top_mac_mulaibs_U426  |LSTM_Top_mac_mulaibs  | i0 * i1 + i2 |
    |LSTM_Top_mac_mulaibs_U427  |LSTM_Top_mac_mulaibs  | i0 * i1 + i2 |
    |LSTM_Top_mac_mulaibs_U428  |LSTM_Top_mac_mulaibs  | i0 * i1 + i2 |
    |LSTM_Top_mac_mulaibs_U429  |LSTM_Top_mac_mulaibs  | i0 * i1 + i2 |
    |LSTM_Top_mac_mulaibs_U430  |LSTM_Top_mac_mulaibs  | i0 * i1 + i2 |
    |LSTM_Top_mac_mulaibs_U431  |LSTM_Top_mac_mulaibs  | i0 * i1 + i2 |
    |LSTM_Top_mac_mulaibs_U432  |LSTM_Top_mac_mulaibs  | i0 * i1 + i2 |
    |LSTM_Top_mac_mulaibs_U433  |LSTM_Top_mac_mulaibs  | i0 * i1 + i2 |
    |LSTM_Top_mac_mulaibs_U434  |LSTM_Top_mac_mulaibs  | i0 * i1 + i2 |
    |LSTM_Top_mac_mulaibs_U435  |LSTM_Top_mac_mulaibs  | i0 * i1 + i2 |
    |LSTM_Top_mac_mulaibs_U436  |LSTM_Top_mac_mulaibs  | i0 * i1 + i2 |
    |LSTM_Top_mac_mulaibs_U437  |LSTM_Top_mac_mulaibs  | i0 * i1 + i2 |
    |LSTM_Top_mac_mulaibs_U438  |LSTM_Top_mac_mulaibs  | i0 * i1 + i2 |
    |LSTM_Top_mac_mulaibs_U439  |LSTM_Top_mac_mulaibs  | i0 * i1 + i2 |
    |LSTM_Top_mac_mulaibs_U440  |LSTM_Top_mac_mulaibs  | i0 * i1 + i2 |
    |LSTM_Top_mac_mulaibs_U441  |LSTM_Top_mac_mulaibs  | i0 * i1 + i2 |
    |LSTM_Top_mac_mulaibs_U442  |LSTM_Top_mac_mulaibs  | i0 * i1 + i2 |
    |LSTM_Top_mac_mulaibs_U443  |LSTM_Top_mac_mulaibs  | i0 * i1 + i2 |
    |LSTM_Top_mac_mulaibs_U444  |LSTM_Top_mac_mulaibs  | i0 * i1 + i2 |
    |LSTM_Top_mac_mulaibs_U445  |LSTM_Top_mac_mulaibs  | i0 * i1 + i2 |
    |LSTM_Top_mac_mulaibs_U446  |LSTM_Top_mac_mulaibs  | i0 * i1 + i2 |
    |LSTM_Top_mac_mulaibs_U447  |LSTM_Top_mac_mulaibs  | i0 * i1 + i2 |
    |LSTM_Top_mac_mulaibs_U448  |LSTM_Top_mac_mulaibs  | i0 * i1 + i2 |
    |LSTM_Top_mac_mulaibs_U449  |LSTM_Top_mac_mulaibs  | i0 * i1 + i2 |
    |LSTM_Top_mac_mulaibs_U450  |LSTM_Top_mac_mulaibs  | i0 * i1 + i2 |
    |LSTM_Top_mac_mulaibs_U451  |LSTM_Top_mac_mulaibs  | i0 * i1 + i2 |
    |LSTM_Top_mac_mulaibs_U452  |LSTM_Top_mac_mulaibs  | i0 * i1 + i2 |
    |LSTM_Top_mac_mulaibs_U453  |LSTM_Top_mac_mulaibs  | i0 * i1 + i2 |
    |LSTM_Top_mac_mulaibs_U454  |LSTM_Top_mac_mulaibs  | i0 * i1 + i2 |
    |LSTM_Top_mac_mulaibs_U455  |LSTM_Top_mac_mulaibs  | i0 * i1 + i2 |
    |LSTM_Top_mac_mulaibs_U456  |LSTM_Top_mac_mulaibs  | i0 * i1 + i2 |
    |LSTM_Top_mac_mulaibs_U457  |LSTM_Top_mac_mulaibs  | i0 * i1 + i2 |
    |LSTM_Top_mac_mulaibs_U458  |LSTM_Top_mac_mulaibs  | i0 * i1 + i2 |
    |LSTM_Top_mac_mulaibs_U459  |LSTM_Top_mac_mulaibs  | i0 * i1 + i2 |
    |LSTM_Top_mac_mulaibs_U460  |LSTM_Top_mac_mulaibs  | i0 * i1 + i2 |
    |LSTM_Top_mac_mulaibs_U461  |LSTM_Top_mac_mulaibs  | i0 * i1 + i2 |
    |LSTM_Top_mac_mulaibs_U462  |LSTM_Top_mac_mulaibs  | i0 * i1 + i2 |
    |LSTM_Top_mac_mulaibs_U463  |LSTM_Top_mac_mulaibs  | i0 * i1 + i2 |
    |LSTM_Top_mac_mulaibs_U464  |LSTM_Top_mac_mulaibs  | i0 * i1 + i2 |
    |LSTM_Top_mac_mulaibs_U465  |LSTM_Top_mac_mulaibs  | i0 * i1 + i2 |
    |LSTM_Top_mac_mulaibs_U466  |LSTM_Top_mac_mulaibs  | i0 * i1 + i2 |
    |LSTM_Top_mac_mulaibs_U467  |LSTM_Top_mac_mulaibs  | i0 * i1 + i2 |
    |LSTM_Top_mac_mulaibs_U468  |LSTM_Top_mac_mulaibs  | i0 * i1 + i2 |
    |LSTM_Top_mac_mulaibs_U469  |LSTM_Top_mac_mulaibs  | i0 * i1 + i2 |
    |LSTM_Top_mac_mulaibs_U470  |LSTM_Top_mac_mulaibs  | i0 * i1 + i2 |
    |LSTM_Top_mac_mulaibs_U471  |LSTM_Top_mac_mulaibs  | i0 * i1 + i2 |
    |LSTM_Top_mac_mulaibs_U472  |LSTM_Top_mac_mulaibs  | i0 * i1 + i2 |
    |LSTM_Top_mac_mulaibs_U473  |LSTM_Top_mac_mulaibs  | i0 * i1 + i2 |
    |LSTM_Top_mac_mulaibs_U474  |LSTM_Top_mac_mulaibs  | i0 * i1 + i2 |
    |LSTM_Top_mac_mulaibs_U475  |LSTM_Top_mac_mulaibs  | i0 * i1 + i2 |
    |LSTM_Top_mac_mulaibs_U476  |LSTM_Top_mac_mulaibs  | i0 * i1 + i2 |
    |LSTM_Top_mac_mulaibs_U477  |LSTM_Top_mac_mulaibs  | i0 * i1 + i2 |
    |LSTM_Top_mac_mulaibs_U478  |LSTM_Top_mac_mulaibs  | i0 * i1 + i2 |
    |LSTM_Top_mac_mulaibs_U479  |LSTM_Top_mac_mulaibs  | i0 * i1 + i2 |
    |LSTM_Top_mac_mulaibs_U480  |LSTM_Top_mac_mulaibs  | i0 * i1 + i2 |
    |LSTM_Top_mac_mulaibs_U481  |LSTM_Top_mac_mulaibs  | i0 * i1 + i2 |
    |LSTM_Top_mac_mulaibs_U482  |LSTM_Top_mac_mulaibs  | i0 * i1 + i2 |
    |LSTM_Top_mac_mulaibs_U483  |LSTM_Top_mac_mulaibs  | i0 * i1 + i2 |
    |LSTM_Top_mac_mulaibs_U484  |LSTM_Top_mac_mulaibs  | i0 * i1 + i2 |
    |LSTM_Top_mac_mulaibs_U485  |LSTM_Top_mac_mulaibs  | i0 * i1 + i2 |
    |LSTM_Top_mac_mulaibs_U486  |LSTM_Top_mac_mulaibs  | i0 * i1 + i2 |
    |LSTM_Top_mac_mulaibs_U487  |LSTM_Top_mac_mulaibs  | i0 * i1 + i2 |
    |LSTM_Top_mac_mulaibs_U488  |LSTM_Top_mac_mulaibs  | i0 * i1 + i2 |
    |LSTM_Top_mac_mulaibs_U489  |LSTM_Top_mac_mulaibs  | i0 * i1 + i2 |
    |LSTM_Top_mac_mulaibs_U490  |LSTM_Top_mac_mulaibs  | i0 * i1 + i2 |
    |LSTM_Top_mac_mulaibs_U491  |LSTM_Top_mac_mulaibs  | i0 * i1 + i2 |
    |LSTM_Top_mac_mulaibs_U492  |LSTM_Top_mac_mulaibs  | i0 * i1 + i2 |
    |LSTM_Top_mac_mulaibs_U493  |LSTM_Top_mac_mulaibs  | i0 * i1 + i2 |
    |LSTM_Top_mac_mulaibs_U494  |LSTM_Top_mac_mulaibs  | i0 * i1 + i2 |
    |LSTM_Top_mac_mulaibs_U495  |LSTM_Top_mac_mulaibs  | i0 * i1 + i2 |
    |LSTM_Top_mac_mulaibs_U496  |LSTM_Top_mac_mulaibs  | i0 * i1 + i2 |
    |LSTM_Top_mac_mulaibs_U497  |LSTM_Top_mac_mulaibs  | i0 * i1 + i2 |
    |LSTM_Top_mac_mulaibs_U498  |LSTM_Top_mac_mulaibs  | i0 * i1 + i2 |
    |LSTM_Top_mac_mulaibs_U499  |LSTM_Top_mac_mulaibs  | i0 * i1 + i2 |
    |LSTM_Top_mac_mulaibs_U500  |LSTM_Top_mac_mulaibs  | i0 * i1 + i2 |
    |LSTM_Top_mac_mulaibs_U501  |LSTM_Top_mac_mulaibs  | i0 * i1 + i2 |
    |LSTM_Top_mac_mulaibs_U502  |LSTM_Top_mac_mulaibs  | i0 * i1 + i2 |
    |LSTM_Top_mac_mulaibs_U503  |LSTM_Top_mac_mulaibs  | i0 * i1 + i2 |
    |LSTM_Top_mac_mulaibs_U504  |LSTM_Top_mac_mulaibs  | i0 * i1 + i2 |
    |LSTM_Top_mac_mulaibs_U505  |LSTM_Top_mac_mulaibs  | i0 * i1 + i2 |
    |LSTM_Top_mac_mulaibs_U506  |LSTM_Top_mac_mulaibs  | i0 * i1 + i2 |
    |LSTM_Top_mac_mulaibs_U507  |LSTM_Top_mac_mulaibs  | i0 * i1 + i2 |
    |LSTM_Top_mac_mulaibs_U508  |LSTM_Top_mac_mulaibs  | i0 * i1 + i2 |
    |LSTM_Top_mac_mulaibs_U509  |LSTM_Top_mac_mulaibs  | i0 * i1 + i2 |
    |LSTM_Top_mac_mulaibs_U510  |LSTM_Top_mac_mulaibs  | i0 * i1 + i2 |
    |LSTM_Top_mac_mulaibs_U511  |LSTM_Top_mac_mulaibs  | i0 * i1 + i2 |
    |LSTM_Top_mac_mulaibs_U512  |LSTM_Top_mac_mulaibs  | i0 * i1 + i2 |
    |LSTM_Top_mac_mulaibs_U513  |LSTM_Top_mac_mulaibs  | i0 * i1 + i2 |
    |LSTM_Top_mac_mulaibs_U514  |LSTM_Top_mac_mulaibs  | i0 * i1 + i2 |
    |LSTM_Top_mac_mulaibs_U515  |LSTM_Top_mac_mulaibs  | i0 * i1 + i2 |
    |LSTM_Top_mac_mulaibs_U516  |LSTM_Top_mac_mulaibs  | i0 * i1 + i2 |
    |LSTM_Top_mac_mulaibs_U517  |LSTM_Top_mac_mulaibs  | i0 * i1 + i2 |
    |LSTM_Top_mac_mulaibs_U518  |LSTM_Top_mac_mulaibs  | i0 * i1 + i2 |
    |LSTM_Top_mac_mulaibs_U519  |LSTM_Top_mac_mulaibs  | i0 * i1 + i2 |
    |LSTM_Top_mac_mulaibs_U520  |LSTM_Top_mac_mulaibs  | i0 * i1 + i2 |
    |LSTM_Top_mac_mulaibs_U521  |LSTM_Top_mac_mulaibs  | i0 * i1 + i2 |
    |LSTM_Top_mac_mulaibs_U522  |LSTM_Top_mac_mulaibs  | i0 * i1 + i2 |
    |LSTM_Top_mac_mulaibs_U523  |LSTM_Top_mac_mulaibs  | i0 * i1 + i2 |
    |LSTM_Top_mac_mulaibs_U524  |LSTM_Top_mac_mulaibs  | i0 * i1 + i2 |
    |LSTM_Top_mac_mulaibs_U525  |LSTM_Top_mac_mulaibs  | i0 * i1 + i2 |
    |LSTM_Top_mac_mulaibs_U526  |LSTM_Top_mac_mulaibs  | i0 * i1 + i2 |
    |LSTM_Top_mac_mulaibs_U527  |LSTM_Top_mac_mulaibs  | i0 * i1 + i2 |
    |LSTM_Top_mac_mulaibs_U528  |LSTM_Top_mac_mulaibs  | i0 * i1 + i2 |
    |LSTM_Top_mac_mulaibs_U529  |LSTM_Top_mac_mulaibs  | i0 * i1 + i2 |
    |LSTM_Top_mac_mulaibs_U530  |LSTM_Top_mac_mulaibs  | i0 * i1 + i2 |
    |LSTM_Top_mac_mulaibs_U531  |LSTM_Top_mac_mulaibs  | i0 * i1 + i2 |
    |LSTM_Top_mac_mulaibs_U532  |LSTM_Top_mac_mulaibs  | i0 * i1 + i2 |
    |LSTM_Top_mac_mulaibs_U533  |LSTM_Top_mac_mulaibs  | i0 * i1 + i2 |
    |LSTM_Top_mac_mulaibs_U534  |LSTM_Top_mac_mulaibs  | i0 * i1 + i2 |
    |LSTM_Top_mac_mulaibs_U535  |LSTM_Top_mac_mulaibs  | i0 * i1 + i2 |
    |LSTM_Top_mac_mulaibs_U536  |LSTM_Top_mac_mulaibs  | i0 * i1 + i2 |
    |LSTM_Top_mac_mulaibs_U537  |LSTM_Top_mac_mulaibs  | i0 * i1 + i2 |
    |LSTM_Top_mac_mulaibs_U538  |LSTM_Top_mac_mulaibs  | i0 * i1 + i2 |
    |LSTM_Top_mac_mulaibs_U539  |LSTM_Top_mac_mulaibs  | i0 * i1 + i2 |
    |LSTM_Top_mac_mulaibs_U540  |LSTM_Top_mac_mulaibs  | i0 * i1 + i2 |
    |LSTM_Top_mac_mulaibs_U541  |LSTM_Top_mac_mulaibs  | i0 * i1 + i2 |
    |LSTM_Top_mac_mulaibs_U542  |LSTM_Top_mac_mulaibs  | i0 * i1 + i2 |
    |LSTM_Top_mac_mulaibs_U543  |LSTM_Top_mac_mulaibs  | i0 * i1 + i2 |
    |LSTM_Top_mac_mulaibs_U544  |LSTM_Top_mac_mulaibs  | i0 * i1 + i2 |
    |LSTM_Top_mac_mulaibs_U545  |LSTM_Top_mac_mulaibs  | i0 * i1 + i2 |
    |LSTM_Top_mac_mulaibs_U546  |LSTM_Top_mac_mulaibs  | i0 * i1 + i2 |
    |LSTM_Top_mac_mulaibs_U547  |LSTM_Top_mac_mulaibs  | i0 * i1 + i2 |
    |LSTM_Top_mac_mulaibs_U548  |LSTM_Top_mac_mulaibs  | i0 * i1 + i2 |
    |LSTM_Top_mac_mulaibs_U549  |LSTM_Top_mac_mulaibs  | i0 * i1 + i2 |
    |LSTM_Top_mac_mulaibs_U550  |LSTM_Top_mac_mulaibs  | i0 * i1 + i2 |
    |LSTM_Top_mac_mulaibs_U551  |LSTM_Top_mac_mulaibs  | i0 * i1 + i2 |
    |LSTM_Top_mac_mulaibs_U552  |LSTM_Top_mac_mulaibs  | i0 * i1 + i2 |
    |LSTM_Top_mac_mulaibs_U553  |LSTM_Top_mac_mulaibs  | i0 * i1 + i2 |
    |LSTM_Top_mac_mulaibs_U554  |LSTM_Top_mac_mulaibs  | i0 * i1 + i2 |
    |LSTM_Top_mac_mulaibs_U555  |LSTM_Top_mac_mulaibs  | i0 * i1 + i2 |
    |LSTM_Top_mac_mulaibs_U556  |LSTM_Top_mac_mulaibs  | i0 * i1 + i2 |
    |LSTM_Top_mac_mulaibs_U557  |LSTM_Top_mac_mulaibs  | i0 * i1 + i2 |
    |LSTM_Top_mac_mulaibs_U558  |LSTM_Top_mac_mulaibs  | i0 * i1 + i2 |
    |LSTM_Top_mac_mulaibs_U559  |LSTM_Top_mac_mulaibs  | i0 * i1 + i2 |
    |LSTM_Top_mac_mulaibs_U560  |LSTM_Top_mac_mulaibs  | i0 * i1 + i2 |
    |LSTM_Top_mac_mulaibs_U561  |LSTM_Top_mac_mulaibs  | i0 * i1 + i2 |
    |LSTM_Top_mac_mulaibs_U562  |LSTM_Top_mac_mulaibs  | i0 * i1 + i2 |
    |LSTM_Top_mac_mulaibs_U563  |LSTM_Top_mac_mulaibs  | i0 * i1 + i2 |
    |LSTM_Top_mac_mulaibs_U564  |LSTM_Top_mac_mulaibs  | i0 * i1 + i2 |
    |LSTM_Top_mac_mulaibs_U565  |LSTM_Top_mac_mulaibs  | i0 * i1 + i2 |
    |LSTM_Top_mac_mulaibs_U566  |LSTM_Top_mac_mulaibs  | i0 * i1 + i2 |
    |LSTM_Top_mac_mulaibs_U567  |LSTM_Top_mac_mulaibs  | i0 * i1 + i2 |
    |LSTM_Top_mac_mulaibs_U568  |LSTM_Top_mac_mulaibs  | i0 * i1 + i2 |
    |LSTM_Top_mac_mulaibs_U569  |LSTM_Top_mac_mulaibs  | i0 * i1 + i2 |
    |LSTM_Top_mac_mulaibs_U570  |LSTM_Top_mac_mulaibs  | i0 * i1 + i2 |
    |LSTM_Top_mac_mulaibs_U667  |LSTM_Top_mac_mulaibs  | i0 * i1 + i2 |
    |LSTM_Top_mac_mulaibs_U668  |LSTM_Top_mac_mulaibs  | i0 * i1 + i2 |
    |LSTM_Top_mac_mulaibs_U669  |LSTM_Top_mac_mulaibs  | i0 * i1 + i2 |
    |LSTM_Top_mac_mulaibs_U670  |LSTM_Top_mac_mulaibs  | i0 * i1 + i2 |
    |LSTM_Top_mac_mulaibs_U671  |LSTM_Top_mac_mulaibs  | i0 * i1 + i2 |
    |LSTM_Top_mac_mulaibs_U672  |LSTM_Top_mac_mulaibs  | i0 * i1 + i2 |
    |LSTM_Top_mac_mulaibs_U673  |LSTM_Top_mac_mulaibs  | i0 * i1 + i2 |
    |LSTM_Top_mac_mulaibs_U674  |LSTM_Top_mac_mulaibs  | i0 * i1 + i2 |
    |LSTM_Top_mac_mulaibs_U675  |LSTM_Top_mac_mulaibs  | i0 * i1 + i2 |
    |LSTM_Top_mac_mulaibs_U676  |LSTM_Top_mac_mulaibs  | i0 * i1 + i2 |
    |LSTM_Top_mac_mulakbM_U572  |LSTM_Top_mac_mulakbM  | i0 + i1 * i2 |
    |LSTM_Top_mac_mulakbM_U574  |LSTM_Top_mac_mulakbM  | i0 + i1 * i2 |
    |LSTM_Top_mac_mulakbM_U577  |LSTM_Top_mac_mulakbM  | i0 + i1 * i2 |
    |LSTM_Top_mac_mulakbM_U580  |LSTM_Top_mac_mulakbM  | i0 + i1 * i2 |
    |LSTM_Top_mac_mulakbM_U583  |LSTM_Top_mac_mulakbM  | i0 + i1 * i2 |
    |LSTM_Top_mac_mulakbM_U586  |LSTM_Top_mac_mulakbM  | i0 + i1 * i2 |
    |LSTM_Top_mac_mulakbM_U595  |LSTM_Top_mac_mulakbM  | i0 + i1 * i2 |
    |LSTM_Top_mac_mulakbM_U597  |LSTM_Top_mac_mulakbM  | i0 + i1 * i2 |
    |LSTM_Top_mac_mulakbM_U598  |LSTM_Top_mac_mulakbM  | i0 + i1 * i2 |
    |LSTM_Top_mac_mulakbM_U599  |LSTM_Top_mac_mulakbM  | i0 + i1 * i2 |
    |LSTM_Top_mac_mulakbM_U600  |LSTM_Top_mac_mulakbM  | i0 + i1 * i2 |
    |LSTM_Top_mac_mulakbM_U601  |LSTM_Top_mac_mulakbM  | i0 + i1 * i2 |
    |LSTM_Top_mac_mulakbM_U602  |LSTM_Top_mac_mulakbM  | i0 + i1 * i2 |
    |LSTM_Top_mac_mulakbM_U605  |LSTM_Top_mac_mulakbM  | i0 + i1 * i2 |
    |LSTM_Top_mac_mulakbM_U607  |LSTM_Top_mac_mulakbM  | i0 + i1 * i2 |
    |LSTM_Top_mac_mulakbM_U610  |LSTM_Top_mac_mulakbM  | i0 + i1 * i2 |
    |LSTM_Top_mac_mulakbM_U612  |LSTM_Top_mac_mulakbM  | i0 + i1 * i2 |
    |LSTM_Top_mac_mulakbM_U614  |LSTM_Top_mac_mulakbM  | i0 + i1 * i2 |
    |LSTM_Top_mac_mulakbM_U617  |LSTM_Top_mac_mulakbM  | i0 + i1 * i2 |
    |LSTM_Top_mac_mulakbM_U620  |LSTM_Top_mac_mulakbM  | i0 + i1 * i2 |
    |LSTM_Top_mac_mulakbM_U623  |LSTM_Top_mac_mulakbM  | i0 + i1 * i2 |
    |LSTM_Top_mac_mulakbM_U626  |LSTM_Top_mac_mulakbM  | i0 + i1 * i2 |
    |LSTM_Top_mac_mulakbM_U635  |LSTM_Top_mac_mulakbM  | i0 + i1 * i2 |
    |LSTM_Top_mac_mulakbM_U637  |LSTM_Top_mac_mulakbM  | i0 + i1 * i2 |
    |LSTM_Top_mac_mulakbM_U638  |LSTM_Top_mac_mulakbM  | i0 + i1 * i2 |
    |LSTM_Top_mac_mulakbM_U639  |LSTM_Top_mac_mulakbM  | i0 + i1 * i2 |
    |LSTM_Top_mac_mulakbM_U640  |LSTM_Top_mac_mulakbM  | i0 + i1 * i2 |
    |LSTM_Top_mac_mulakbM_U641  |LSTM_Top_mac_mulakbM  | i0 + i1 * i2 |
    |LSTM_Top_mac_mulakbM_U642  |LSTM_Top_mac_mulakbM  | i0 + i1 * i2 |
    |LSTM_Top_mac_mulakbM_U645  |LSTM_Top_mac_mulakbM  | i0 + i1 * i2 |
    |LSTM_Top_mac_mulakbM_U646  |LSTM_Top_mac_mulakbM  | i0 + i1 * i2 |
    |LSTM_Top_mac_mulakbM_U649  |LSTM_Top_mac_mulakbM  | i0 + i1 * i2 |
    |LSTM_Top_mul_mul_jbC_U571  |LSTM_Top_mul_mul_jbC  |    i0 * i1   |
    |LSTM_Top_mul_mul_jbC_U573  |LSTM_Top_mul_mul_jbC  |    i0 * i1   |
    |LSTM_Top_mul_mul_jbC_U575  |LSTM_Top_mul_mul_jbC  |    i0 * i1   |
    |LSTM_Top_mul_mul_jbC_U578  |LSTM_Top_mul_mul_jbC  |    i0 * i1   |
    |LSTM_Top_mul_mul_jbC_U581  |LSTM_Top_mul_mul_jbC  |    i0 * i1   |
    |LSTM_Top_mul_mul_jbC_U584  |LSTM_Top_mul_mul_jbC  |    i0 * i1   |
    |LSTM_Top_mul_mul_jbC_U587  |LSTM_Top_mul_mul_jbC  |    i0 * i1   |
    |LSTM_Top_mul_mul_jbC_U588  |LSTM_Top_mul_mul_jbC  |    i0 * i1   |
    |LSTM_Top_mul_mul_jbC_U589  |LSTM_Top_mul_mul_jbC  |    i0 * i1   |
    |LSTM_Top_mul_mul_jbC_U590  |LSTM_Top_mul_mul_jbC  |    i0 * i1   |
    |LSTM_Top_mul_mul_jbC_U591  |LSTM_Top_mul_mul_jbC  |    i0 * i1   |
    |LSTM_Top_mul_mul_jbC_U592  |LSTM_Top_mul_mul_jbC  |    i0 * i1   |
    |LSTM_Top_mul_mul_jbC_U593  |LSTM_Top_mul_mul_jbC  |    i0 * i1   |
    |LSTM_Top_mul_mul_jbC_U596  |LSTM_Top_mul_mul_jbC  |    i0 * i1   |
    |LSTM_Top_mul_mul_jbC_U603  |LSTM_Top_mul_mul_jbC  |    i0 * i1   |
    |LSTM_Top_mul_mul_jbC_U606  |LSTM_Top_mul_mul_jbC  |    i0 * i1   |
    |LSTM_Top_mul_mul_jbC_U608  |LSTM_Top_mul_mul_jbC  |    i0 * i1   |
    |LSTM_Top_mul_mul_jbC_U611  |LSTM_Top_mul_mul_jbC  |    i0 * i1   |
    |LSTM_Top_mul_mul_jbC_U615  |LSTM_Top_mul_mul_jbC  |    i0 * i1   |
    |LSTM_Top_mul_mul_jbC_U618  |LSTM_Top_mul_mul_jbC  |    i0 * i1   |
    |LSTM_Top_mul_mul_jbC_U621  |LSTM_Top_mul_mul_jbC  |    i0 * i1   |
    |LSTM_Top_mul_mul_jbC_U624  |LSTM_Top_mul_mul_jbC  |    i0 * i1   |
    |LSTM_Top_mul_mul_jbC_U627  |LSTM_Top_mul_mul_jbC  |    i0 * i1   |
    |LSTM_Top_mul_mul_jbC_U628  |LSTM_Top_mul_mul_jbC  |    i0 * i1   |
    |LSTM_Top_mul_mul_jbC_U629  |LSTM_Top_mul_mul_jbC  |    i0 * i1   |
    |LSTM_Top_mul_mul_jbC_U630  |LSTM_Top_mul_mul_jbC  |    i0 * i1   |
    |LSTM_Top_mul_mul_jbC_U631  |LSTM_Top_mul_mul_jbC  |    i0 * i1   |
    |LSTM_Top_mul_mul_jbC_U632  |LSTM_Top_mul_mul_jbC  |    i0 * i1   |
    |LSTM_Top_mul_mul_jbC_U633  |LSTM_Top_mul_mul_jbC  |    i0 * i1   |
    |LSTM_Top_mul_mul_jbC_U636  |LSTM_Top_mul_mul_jbC  |    i0 * i1   |
    |LSTM_Top_mul_mul_jbC_U643  |LSTM_Top_mul_mul_jbC  |    i0 * i1   |
    |LSTM_Top_mul_mul_jbC_U647  |LSTM_Top_mul_mul_jbC  |    i0 * i1   |
    |LSTM_Top_mul_mul_lbW_U576  |LSTM_Top_mul_mul_lbW  |    i0 * i1   |
    |LSTM_Top_mul_mul_lbW_U579  |LSTM_Top_mul_mul_lbW  |    i0 * i1   |
    |LSTM_Top_mul_mul_lbW_U582  |LSTM_Top_mul_mul_lbW  |    i0 * i1   |
    |LSTM_Top_mul_mul_lbW_U585  |LSTM_Top_mul_mul_lbW  |    i0 * i1   |
    |LSTM_Top_mul_mul_lbW_U594  |LSTM_Top_mul_mul_lbW  |    i0 * i1   |
    |LSTM_Top_mul_mul_lbW_U604  |LSTM_Top_mul_mul_lbW  |    i0 * i1   |
    |LSTM_Top_mul_mul_lbW_U609  |LSTM_Top_mul_mul_lbW  |    i0 * i1   |
    |LSTM_Top_mul_mul_lbW_U613  |LSTM_Top_mul_mul_lbW  |    i0 * i1   |
    |LSTM_Top_mul_mul_lbW_U616  |LSTM_Top_mul_mul_lbW  |    i0 * i1   |
    |LSTM_Top_mul_mul_lbW_U619  |LSTM_Top_mul_mul_lbW  |    i0 * i1   |
    |LSTM_Top_mul_mul_lbW_U622  |LSTM_Top_mul_mul_lbW  |    i0 * i1   |
    |LSTM_Top_mul_mul_lbW_U625  |LSTM_Top_mul_mul_lbW  |    i0 * i1   |
    |LSTM_Top_mul_mul_lbW_U634  |LSTM_Top_mul_mul_lbW  |    i0 * i1   |
    |LSTM_Top_mul_mul_lbW_U644  |LSTM_Top_mul_mul_lbW  |    i0 * i1   |
    |LSTM_Top_mul_mul_lbW_U648  |LSTM_Top_mul_mul_lbW  |    i0 * i1   |
    |LSTM_Top_mul_mul_lbW_U650  |LSTM_Top_mul_mul_lbW  |    i0 * i1   |
    |LSTM_Top_mul_mul_lbW_U651  |LSTM_Top_mul_mul_lbW  |    i0 * i1   |
    |LSTM_Top_mul_mul_lbW_U652  |LSTM_Top_mul_mul_lbW  |    i0 * i1   |
    |LSTM_Top_mul_mul_lbW_U653  |LSTM_Top_mul_mul_lbW  |    i0 * i1   |
    |LSTM_Top_mul_mul_lbW_U654  |LSTM_Top_mul_mul_lbW  |    i0 * i1   |
    |LSTM_Top_mul_mul_lbW_U655  |LSTM_Top_mul_mul_lbW  |    i0 * i1   |
    |LSTM_Top_mul_mul_lbW_U656  |LSTM_Top_mul_mul_lbW  |    i0 * i1   |
    |LSTM_Top_mul_mul_lbW_U657  |LSTM_Top_mul_mul_lbW  |    i0 * i1   |
    |LSTM_Top_mul_mul_lbW_U658  |LSTM_Top_mul_mul_lbW  |    i0 * i1   |
    |LSTM_Top_mul_mul_lbW_U659  |LSTM_Top_mul_mul_lbW  |    i0 * i1   |
    |LSTM_Top_mul_mul_lbW_U660  |LSTM_Top_mul_mul_lbW  |    i0 * i1   |
    |LSTM_Top_mul_mul_lbW_U661  |LSTM_Top_mul_mul_lbW  |    i0 * i1   |
    |LSTM_Top_mul_mul_lbW_U662  |LSTM_Top_mul_mul_lbW  |    i0 * i1   |
    |LSTM_Top_mul_mul_lbW_U663  |LSTM_Top_mul_mul_lbW  |    i0 * i1   |
    |LSTM_Top_mul_mul_lbW_U664  |LSTM_Top_mul_mul_lbW  |    i0 * i1   |
    |LSTM_Top_mul_mul_lbW_U665  |LSTM_Top_mul_mul_lbW  |    i0 * i1   |
    |LSTM_Top_mul_mul_lbW_U666  |LSTM_Top_mul_mul_lbW  |    i0 * i1   |
    +---------------------------+----------------------+--------------+

    * Memory: 
    +---------------+-------------------+---------+----+-----+-------+-----+------+-------------+
    |     Memory    |       Module      | BRAM_18K| FF | LUT | Words | Bits| Banks| W*Bits*Banks|
    +---------------+-------------------+---------+----+-----+-------+-----+------+-------------+
    |Bias_c_V_U     |infer_Bias_c_V     |        0|   8|   16|    128|    8|     1|         1024|
    |Bias_f_V_U     |infer_Bias_f_V     |        0|   8|   16|    128|    8|     1|         1024|
    |Bias_i_V_U     |infer_Bias_i_V     |        0|   8|   16|    128|    8|     1|         1024|
    |Bias_lc_V_U    |infer_Bias_lc_V    |        0|   8|    2|     10|    8|     1|           80|
    |Bias_o_V_U     |infer_Bias_o_V     |        0|   8|   16|    128|    8|     1|         1024|
    |Weight_c_V_U   |infer_Weight_c_V   |       48|   0|    0|  19968|    8|     1|       159744|
    |Weight_f_V_U   |infer_Weight_f_V   |       48|   0|    0|  19968|    8|     1|       159744|
    |Weight_i_V_U   |infer_Weight_i_V   |       48|   0|    0|  19968|    8|     1|       159744|
    |Weight_lc_V_U  |infer_Weight_lc_V  |        0|   8|  160|   1280|    8|     1|        10240|
    |Weight_o_V_U   |infer_Weight_o_V   |       48|   0|    0|  19968|    8|     1|       159744|
    |i_0_V_U        |infer_i_0_V        |        1|   0|    0|     16|   16|     1|          256|
    |i_1_V_U        |infer_i_0_V        |        1|   0|    0|     16|   16|     1|          256|
    |i_2_V_U        |infer_i_0_V        |        1|   0|    0|     16|   16|     1|          256|
    |i_3_V_U        |infer_i_0_V        |        1|   0|    0|     16|   16|     1|          256|
    |i_4_V_U        |infer_i_0_V        |        1|   0|    0|     16|   16|     1|          256|
    |i_5_V_U        |infer_i_0_V        |        1|   0|    0|     16|   16|     1|          256|
    |i_6_V_U        |infer_i_0_V        |        1|   0|    0|     16|   16|     1|          256|
    |i_7_V_U        |infer_i_0_V        |        1|   0|    0|     16|   16|     1|          256|
    |f_0_V_U        |infer_i_0_V        |        1|   0|    0|     16|   16|     1|          256|
    |f_1_V_U        |infer_i_0_V        |        1|   0|    0|     16|   16|     1|          256|
    |f_2_V_U        |infer_i_0_V        |        1|   0|    0|     16|   16|     1|          256|
    |f_3_V_U        |infer_i_0_V        |        1|   0|    0|     16|   16|     1|          256|
    |f_4_V_U        |infer_i_0_V        |        1|   0|    0|     16|   16|     1|          256|
    |f_5_V_U        |infer_i_0_V        |        1|   0|    0|     16|   16|     1|          256|
    |f_6_V_U        |infer_i_0_V        |        1|   0|    0|     16|   16|     1|          256|
    |f_7_V_U        |infer_i_0_V        |        1|   0|    0|     16|   16|     1|          256|
    |g_0_V_U        |infer_i_0_V        |        1|   0|    0|     16|   16|     1|          256|
    |g_1_V_U        |infer_i_0_V        |        1|   0|    0|     16|   16|     1|          256|
    |g_2_V_U        |infer_i_0_V        |        1|   0|    0|     16|   16|     1|          256|
    |g_3_V_U        |infer_i_0_V        |        1|   0|    0|     16|   16|     1|          256|
    |g_4_V_U        |infer_i_0_V        |        1|   0|    0|     16|   16|     1|          256|
    |g_5_V_U        |infer_i_0_V        |        1|   0|    0|     16|   16|     1|          256|
    |g_6_V_U        |infer_i_0_V        |        1|   0|    0|     16|   16|     1|          256|
    |g_7_V_U        |infer_i_0_V        |        1|   0|    0|     16|   16|     1|          256|
    |o_0_V_U        |infer_i_0_V        |        1|   0|    0|     16|   16|     1|          256|
    |o_1_V_U        |infer_i_0_V        |        1|   0|    0|     16|   16|     1|          256|
    |o_2_V_U        |infer_i_0_V        |        1|   0|    0|     16|   16|     1|          256|
    |o_3_V_U        |infer_i_0_V        |        1|   0|    0|     16|   16|     1|          256|
    |o_4_V_U        |infer_i_0_V        |        1|   0|    0|     16|   16|     1|          256|
    |o_5_V_U        |infer_i_0_V        |        1|   0|    0|     16|   16|     1|          256|
    |o_6_V_U        |infer_i_0_V        |        1|   0|    0|     16|   16|     1|          256|
    |o_7_V_U        |infer_i_0_V        |        1|   0|    0|     16|   16|     1|          256|
    |C_t_0_V_U      |infer_i_0_V        |        1|   0|    0|     16|   16|     1|          256|
    |C_t_1_V_U      |infer_i_0_V        |        1|   0|    0|     16|   16|     1|          256|
    |C_t_2_V_U      |infer_i_0_V        |        1|   0|    0|     16|   16|     1|          256|
    |C_t_3_V_U      |infer_i_0_V        |        1|   0|    0|     16|   16|     1|          256|
    |C_t_4_V_U      |infer_i_0_V        |        1|   0|    0|     16|   16|     1|          256|
    |C_t_5_V_U      |infer_i_0_V        |        1|   0|    0|     16|   16|     1|          256|
    |C_t_6_V_U      |infer_i_0_V        |        1|   0|    0|     16|   16|     1|          256|
    |C_t_7_V_U      |infer_i_0_V        |        1|   0|    0|     16|   16|     1|          256|
    |h_t_0_V_U      |infer_i_0_V        |        1|   0|    0|     16|   16|     1|          256|
    |h_t_1_V_U      |infer_i_0_V        |        1|   0|    0|     16|   16|     1|          256|
    |h_t_2_V_U      |infer_i_0_V        |        1|   0|    0|     16|   16|     1|          256|
    |h_t_3_V_U      |infer_i_0_V        |        1|   0|    0|     16|   16|     1|          256|
    |h_t_4_V_U      |infer_i_0_V        |        1|   0|    0|     16|   16|     1|          256|
    |h_t_5_V_U      |infer_i_0_V        |        1|   0|    0|     16|   16|     1|          256|
    |h_t_6_V_U      |infer_i_0_V        |        1|   0|    0|     16|   16|     1|          256|
    |h_t_7_V_U      |infer_i_0_V        |        1|   0|    0|     16|   16|     1|          256|
    |x_prev_V_U     |infer_x_prev_V     |        1|   0|    0|    156|   16|     1|         2496|
    |Tanh_lut_V_U   |tanh_Tanh_lut_V    |        0|  16|   64|    256|   16|     1|         4096|
    +---------------+-------------------+---------+----+-----+-------+-----+------+-------------+
    |Total          |                   |      241|  64|  290|  82854|  880|    60|       672272|
    +---------------+-------------------+---------+----+-----+-------+-----+------+-------------+

    * FIFO: 
    N/A

    * Expression: 
    +-----------------------------------+----------+-------+----+-----+------------+------------+
    |           Variable Name           | Operation| DSP48E| FF | LUT | Bitwidth P0| Bitwidth P1|
    +-----------------------------------+----------+-------+----+-----+------------+------------+
    |i_4_fu_52765_p2                    |     +    |      0|   0|    6|           4|           1|
    |i_5_fu_52886_p2                    |     +    |      0|   0|    6|           4|           1|
    |j_1_fu_49541_p2                    |     +    |      0|   0|    8|           8|           1|
    |j_5_s_fu_43876_p2                  |     +    |      0|   0|    8|           6|           8|
    |j_fu_31004_p2                      |     +    |      0|   0|    8|           8|           1|
    |lsb_index_1_fu_50481_p2            |     +    |      0|   0|   32|           6|          32|
    |lsb_index_2_fu_51205_p2            |     +    |      0|   0|   32|           6|          32|
    |lsb_index_3_fu_51340_p2            |     +    |      0|   0|   32|           6|          32|
    |lsb_index_4_fu_51475_p2            |     +    |      0|   0|   32|           6|          32|
    |lsb_index_5_fu_51610_p2            |     +    |      0|   0|   32|           6|          32|
    |lsb_index_6_fu_51745_p2            |     +    |      0|   0|   32|           6|          32|
    |lsb_index_7_fu_51880_p2            |     +    |      0|   0|   32|           6|          32|
    |lsb_index_8_fu_52015_p2            |     +    |      0|   0|   32|           6|          32|
    |lsb_index_9_fu_52569_p2            |     +    |      0|   0|   32|           6|          32|
    |lsb_index_fu_50319_p2              |     +    |      0|   0|   32|           6|          32|
    |m_10_fu_50457_p2                   |     +    |      0|   0|   32|          32|          32|
    |m_15_1_fu_50619_p2                 |     +    |      0|   0|   32|          32|          32|
    |m_15_2_fu_51316_p2                 |     +    |      0|   0|   32|          32|          32|
    |m_15_3_fu_51451_p2                 |     +    |      0|   0|   32|          32|          32|
    |m_15_4_fu_51586_p2                 |     +    |      0|   0|   32|          32|          32|
    |m_15_5_fu_51721_p2                 |     +    |      0|   0|   32|          32|          32|
    |m_15_6_fu_51856_p2                 |     +    |      0|   0|   32|          32|          32|
    |m_15_7_fu_51991_p2                 |     +    |      0|   0|   32|          32|          32|
    |m_15_8_fu_52126_p2                 |     +    |      0|   0|   32|          32|          32|
    |m_15_9_fu_52680_p2                 |     +    |      0|   0|   32|          32|          32|
    |p_Repl2_7_trunc_1_fu_51168_p2      |     +    |      0|   0|    8|           8|           8|
    |p_Repl2_7_trunc_2_fu_52225_p2      |     +    |      0|   0|    8|           8|           8|
    |p_Repl2_7_trunc_3_fu_52277_p2      |     +    |      0|   0|    8|           8|           8|
    |p_Repl2_7_trunc_4_fu_52329_p2      |     +    |      0|   0|    8|           8|           8|
    |p_Repl2_7_trunc_5_fu_52380_p2      |     +    |      0|   0|    8|           8|           8|
    |p_Repl2_7_trunc_6_fu_52431_p2      |     +    |      0|   0|    8|           8|           8|
    |p_Repl2_7_trunc_7_fu_52482_p2      |     +    |      0|   0|    8|           8|           8|
    |p_Repl2_7_trunc_8_fu_52533_p2      |     +    |      0|   0|    8|           8|           8|
    |p_Repl2_7_trunc_9_fu_52719_p2      |     +    |      0|   0|    8|           8|           8|
    |p_Repl2_7_trunc_fu_51116_p2        |     +    |      0|   0|    8|           8|           8|
    |ret_V_10_fu_46950_p2               |     +    |      0|   0|   13|          10|          13|
    |ret_V_11_fu_47124_p2               |     +    |      0|   0|   13|          10|          13|
    |ret_V_12_fu_47298_p2               |     +    |      0|   0|   13|          10|          13|
    |ret_V_13_fu_47506_p2               |     +    |      0|   0|   13|          10|          13|
    |ret_V_14_fu_47729_p2               |     +    |      0|   0|   13|          10|          13|
    |ret_V_15_fu_48338_p2               |     +    |      0|   0|   13|          10|          13|
    |ret_V_16_fu_45156_p2               |     +    |      0|   0|   13|          10|          13|
    |ret_V_19_fu_45369_p2               |     +    |      0|   0|   13|          10|          13|
    |ret_V_1_fu_44111_p2                |     +    |      0|   0|   13|          10|          13|
    |ret_V_20_fu_45440_p2               |     +    |      0|   0|   13|          10|          13|
    |ret_V_21_fu_45511_p2               |     +    |      0|   0|   13|          10|          13|
    |ret_V_22_fu_46209_p2               |     +    |      0|   0|   13|          10|          13|
    |ret_V_23_fu_46536_p2               |     +    |      0|   0|   13|          10|          13|
    |ret_V_24_fu_47808_p2               |     +    |      0|   0|   13|          10|          13|
    |ret_V_25_fu_47879_p2               |     +    |      0|   0|   13|          10|          13|
    |ret_V_26_fu_47950_p2               |     +    |      0|   0|   13|          10|          13|
    |ret_V_27_fu_48021_p2               |     +    |      0|   0|   13|          10|          13|
    |ret_V_28_fu_48092_p2               |     +    |      0|   0|   13|          10|          13|
    |ret_V_29_fu_48163_p2               |     +    |      0|   0|   13|          10|          13|
    |ret_V_2_fu_44285_p2                |     +    |      0|   0|   13|          10|          13|
    |ret_V_30_fu_48853_p2               |     +    |      0|   0|   13|          10|          13|
    |ret_V_31_fu_49102_p2               |     +    |      0|   0|   13|          10|          13|
    |ret_V_32_fu_45227_p2               |     +    |      0|   0|   13|          10|          13|
    |ret_V_33_fu_45298_p2               |     +    |      0|   0|   13|          10|          13|
    |ret_V_3_fu_44459_p2                |     +    |      0|   0|   13|          10|          13|
    |ret_V_4_fu_44633_p2                |     +    |      0|   0|   13|          10|          13|
    |ret_V_5_fu_44841_p2                |     +    |      0|   0|   13|          10|          13|
    |ret_V_7_fu_45686_p2                |     +    |      0|   0|   13|          10|          13|
    |ret_V_8_fu_46383_p2                |     +    |      0|   0|   13|          10|          13|
    |ret_V_9_fu_46702_p2                |     +    |      0|   0|   13|          10|          13|
    |ret_V_fu_43954_p2                  |     +    |      0|   0|   13|          10|          13|
    |ret_V_s_fu_45064_p2                |     +    |      0|   0|   13|          10|          13|
    |stable_count_1_fu_53075_p2         |     +    |      0|   0|   32|          32|           1|
    |t_1_fu_22918_p2                    |     +    |      0|   0|    7|           5|           1|
    |tmp_1002_fu_45974_p2               |     +    |      0|   0|    8|           1|           8|
    |tmp_1006_fu_46048_p2               |     +    |      0|   0|    8|           1|           8|
    |tmp_100_fu_33216_p2                |     +    |      0|   0|   13|          13|          13|
    |tmp_1010_fu_46122_p2               |     +    |      0|   0|    8|           1|           8|
    |tmp_1014_fu_46449_p2               |     +    |      0|   0|    8|           1|           8|
    |tmp_1018_fu_46768_p2               |     +    |      0|   0|    8|           1|           8|
    |tmp_1022_fu_48396_p2               |     +    |      0|   0|    8|           1|           8|
    |tmp_1029_fu_48470_p2               |     +    |      0|   0|    8|           1|           8|
    |tmp_102_fu_33629_p2                |     +    |      0|   0|   13|          13|          13|
    |tmp_1036_fu_48544_p2               |     +    |      0|   0|    8|           1|           8|
    |tmp_1043_fu_48618_p2               |     +    |      0|   0|    8|           1|           8|
    |tmp_104_fu_33642_p2                |     +    |      0|   0|   13|          13|          13|
    |tmp_1050_fu_48692_p2               |     +    |      0|   0|    8|           1|           8|
    |tmp_1057_fu_48766_p2               |     +    |      0|   0|    8|           1|           8|
    |tmp_105_fu_33655_p2                |     +    |      0|   0|   13|          13|          13|
    |tmp_1064_fu_49015_p2               |     +    |      0|   0|    8|           1|           8|
    |tmp_106_fu_33668_p2                |     +    |      0|   0|   13|          13|          13|
    |tmp_1071_fu_49181_p2               |     +    |      0|   0|    8|           1|           8|
    |tmp_1088_fu_49767_p2               |     +    |      0|   0|   10|          10|          10|
    |tmp_1092_fu_49847_p2               |     +    |      0|   0|   11|          11|          11|
    |tmp_109_fu_33681_p2                |     +    |      0|   0|   13|          13|          13|
    |tmp_110_fu_34093_p2                |     +    |      0|   0|   13|          13|          13|
    |tmp_111_fu_34106_p2                |     +    |      0|   0|   13|          13|          13|
    |tmp_114_fu_34119_p2                |     +    |      0|   0|   13|          13|          13|
    |tmp_115_fu_34132_p2                |     +    |      0|   0|   13|          13|          13|
    |tmp_117_fu_34145_p2                |     +    |      0|   0|   13|          13|          13|
    |tmp_119_fu_34557_p2                |     +    |      0|   0|   12|          12|          12|
    |tmp_121_fu_34574_p2                |     +    |      0|   0|   12|          12|          12|
    |tmp_124_fu_34591_p2                |     +    |      0|   0|   12|          12|          12|
    |tmp_125_fu_34608_p2                |     +    |      0|   0|   12|          12|          12|
    |tmp_126_fu_34625_p2                |     +    |      0|   0|   12|          12|          12|
    |tmp_127_fu_35041_p2                |     +    |      0|   0|   12|          12|          12|
    |tmp_128_fu_35058_p2                |     +    |      0|   0|   11|          11|          11|
    |tmp_129_fu_35075_p2                |     +    |      0|   0|   11|          11|          11|
    |tmp_132_fu_35092_p2                |     +    |      0|   0|   11|          11|          11|
    |tmp_133_fu_35109_p2                |     +    |      0|   0|   11|          11|          11|
    |tmp_135_fu_35511_p2                |     +    |      0|   0|   10|          10|          10|
    |tmp_137_fu_35528_p2                |     +    |      0|   0|    9|           9|           9|
    |tmp_138_fu_35545_p2                |     +    |      0|   0|   14|          14|          13|
    |tmp_139_fu_35559_p2                |     +    |      0|   0|   14|          14|          14|
    |tmp_140_fu_35573_p2                |     +    |      0|   0|   14|          14|          14|
    |tmp_141_fu_35976_p2                |     +    |      0|   0|   14|          14|          14|
    |tmp_142_fu_35989_p2                |     +    |      0|   0|   14|          14|          14|
    |tmp_143_fu_36002_p2                |     +    |      0|   0|   14|          14|          14|
    |tmp_146_fu_36015_p2                |     +    |      0|   0|   14|          14|          14|
    |tmp_147_fu_36028_p2                |     +    |      0|   0|   14|          14|          14|
    |tmp_151_fu_36447_p2                |     +    |      0|   0|   14|          14|          14|
    |tmp_152_fu_36460_p2                |     +    |      0|   0|   14|          14|          14|
    |tmp_153_fu_36473_p2                |     +    |      0|   0|   14|          14|          14|
    |tmp_154_fu_36486_p2                |     +    |      0|   0|   14|          14|          14|
    |tmp_155_1_fu_50548_p2              |     +    |      0|   0|   16|           6|          16|
    |tmp_155_2_fu_51245_p2              |     +    |      0|   0|   16|           6|          16|
    |tmp_155_3_fu_51380_p2              |     +    |      0|   0|   16|           6|          16|
    |tmp_155_4_fu_51515_p2              |     +    |      0|   0|   16|           6|          16|
    |tmp_155_5_fu_51650_p2              |     +    |      0|   0|   16|           6|          16|
    |tmp_155_6_fu_51785_p2              |     +    |      0|   0|   16|           6|          16|
    |tmp_155_7_fu_51920_p2              |     +    |      0|   0|   16|           6|          16|
    |tmp_155_8_fu_52055_p2              |     +    |      0|   0|   16|           6|          16|
    |tmp_155_9_fu_52609_p2              |     +    |      0|   0|   16|           6|          16|
    |tmp_155_fu_50386_p2                |     +    |      0|   0|   16|           6|          16|
    |tmp_158_fu_36909_p2                |     +    |      0|   0|   14|          14|          14|
    |tmp_161_fu_36922_p2                |     +    |      0|   0|   14|          14|          14|
    |tmp_162_1_fu_50589_p2              |     +    |      0|   0|   32|           6|          32|
    |tmp_162_2_fu_51286_p2              |     +    |      0|   0|   32|           6|          32|
    |tmp_162_3_fu_51421_p2              |     +    |      0|   0|   32|           6|          32|
    |tmp_162_4_fu_51556_p2              |     +    |      0|   0|   32|           6|          32|
    |tmp_162_5_fu_51691_p2              |     +    |      0|   0|   32|           6|          32|
    |tmp_162_6_fu_51826_p2              |     +    |      0|   0|   32|           6|          32|
    |tmp_162_7_fu_51961_p2              |     +    |      0|   0|   32|           6|          32|
    |tmp_162_8_fu_52096_p2              |     +    |      0|   0|   32|           6|          32|
    |tmp_162_9_fu_52650_p2              |     +    |      0|   0|   32|           6|          32|
    |tmp_162_fu_50427_p2                |     +    |      0|   0|   32|           6|          32|
    |tmp_166_fu_36935_p2                |     +    |      0|   0|   14|          14|          14|
    |tmp_167_fu_36948_p2                |     +    |      0|   0|   14|          14|          14|
    |tmp_169_fu_36961_p2                |     +    |      0|   0|   14|          14|          14|
    |tmp_170_fu_37366_p2                |     +    |      0|   0|   14|          14|          14|
    |tmp_171_fu_37379_p2                |     +    |      0|   0|   14|          14|          14|
    |tmp_172_fu_37392_p2                |     +    |      0|   0|   14|          14|          14|
    |tmp_173_fu_37405_p2                |     +    |      0|   0|   14|          14|          14|
    |tmp_174_fu_37418_p2                |     +    |      0|   0|   14|          14|          14|
    |tmp_175_fu_37824_p2                |     +    |      0|   0|   14|          14|          14|
    |tmp_176_fu_37837_p2                |     +    |      0|   0|   14|          14|          14|
    |tmp_177_fu_37850_p2                |     +    |      0|   0|   14|          14|          14|
    |tmp_178_fu_37863_p2                |     +    |      0|   0|   14|          14|          14|
    |tmp_179_fu_37876_p2                |     +    |      0|   0|   13|          13|          13|
    |tmp_180_fu_38304_p2                |     +    |      0|   0|   13|          13|          13|
    |tmp_181_fu_38321_p2                |     +    |      0|   0|   13|          13|          13|
    |tmp_182_fu_38338_p2                |     +    |      0|   0|   13|          13|          13|
    |tmp_183_fu_38355_p2                |     +    |      0|   0|   13|          13|          13|
    |tmp_184_fu_38372_p2                |     +    |      0|   0|   13|          13|          13|
    |tmp_185_fu_38786_p2                |     +    |      0|   0|   13|          13|          13|
    |tmp_186_fu_38803_p2                |     +    |      0|   0|   13|          13|          13|
    |tmp_187_fu_38820_p2                |     +    |      0|   0|   13|          13|          13|
    |tmp_188_fu_38837_p2                |     +    |      0|   0|   13|          13|          13|
    |tmp_189_fu_38854_p2                |     +    |      0|   0|   13|          13|          13|
    |tmp_190_fu_39270_p2                |     +    |      0|   0|   13|          13|          13|
    |tmp_191_fu_39287_p2                |     +    |      0|   0|   13|          13|          13|
    |tmp_192_fu_39304_p2                |     +    |      0|   0|   12|          12|          12|
    |tmp_193_fu_39321_p2                |     +    |      0|   0|   12|          12|          12|
    |tmp_194_fu_39338_p2                |     +    |      0|   0|   12|          12|          12|
    |tmp_195_fu_39767_p2                |     +    |      0|   0|   12|          12|          12|
    |tmp_196_fu_39784_p2                |     +    |      0|   0|   12|          12|          12|
    |tmp_197_fu_39801_p2                |     +    |      0|   0|   12|          12|          12|
    |tmp_198_fu_39818_p2                |     +    |      0|   0|   12|          12|          12|
    |tmp_199_fu_39835_p2                |     +    |      0|   0|   11|          11|          11|
    |tmp_200_fu_40251_p2                |     +    |      0|   0|   11|          11|          11|
    |tmp_201_fu_40268_p2                |     +    |      0|   0|   11|          11|          11|
    |tmp_202_fu_40285_p2                |     +    |      0|   0|   10|          10|          10|
    |tmp_203_fu_40302_p2                |     +    |      0|   0|   10|          10|          10|
    |tmp_204_fu_40319_p2                |     +    |      0|   0|    9|           9|           9|
    |tmp_205_fu_40735_p2                |     +    |      0|   0|   15|          15|          14|
    |tmp_206_fu_40748_p2                |     +    |      0|   0|   15|          15|          15|
    |tmp_207_fu_40761_p2                |     +    |      0|   0|   15|          15|          15|
    |tmp_208_fu_40774_p2                |     +    |      0|   0|   15|          15|          15|
    |tmp_209_fu_40787_p2                |     +    |      0|   0|   15|          15|          15|
    |tmp_210_fu_41204_p2                |     +    |      0|   0|   15|          15|          15|
    |tmp_211_fu_41217_p2                |     +    |      0|   0|   15|          15|          15|
    |tmp_212_fu_41230_p2                |     +    |      0|   0|   15|          15|          15|
    |tmp_213_fu_41243_p2                |     +    |      0|   0|   15|          15|          15|
    |tmp_214_fu_41256_p2                |     +    |      0|   0|   15|          15|          15|
    |tmp_215_fu_41682_p2                |     +    |      0|   0|   15|          15|          15|
    |tmp_216_fu_41695_p2                |     +    |      0|   0|   15|          15|          15|
    |tmp_217_fu_41708_p2                |     +    |      0|   0|   15|          15|          15|
    |tmp_218_fu_41721_p2                |     +    |      0|   0|   15|          15|          15|
    |tmp_219_fu_41734_p2                |     +    |      0|   0|   15|          15|          15|
    |tmp_220_fu_42146_p2                |     +    |      0|   0|   15|          15|          15|
    |tmp_221_fu_42159_p2                |     +    |      0|   0|   15|          15|          15|
    |tmp_222_fu_42172_p2                |     +    |      0|   0|   15|          15|          15|
    |tmp_223_fu_42185_p2                |     +    |      0|   0|   15|          15|          15|
    |tmp_224_fu_42198_p2                |     +    |      0|   0|   15|          15|          15|
    |tmp_225_fu_42613_p2                |     +    |      0|   0|   15|          15|          15|
    |tmp_226_fu_42626_p2                |     +    |      0|   0|   15|          15|          15|
    |tmp_227_fu_42639_p2                |     +    |      0|   0|   15|          15|          15|
    |tmp_43_fu_31026_p2                 |     +    |      0|   0|    9|           9|           8|
    |tmp_44_fu_31040_p2                 |     +    |      0|   0|    9|           9|           9|
    |tmp_46_fu_31054_p2                 |     +    |      0|   0|   10|          10|           9|
    |tmp_47_fu_31068_p2                 |     +    |      0|   0|   10|          10|          10|
    |tmp_49_fu_31248_p2                 |     +    |      0|   0|    9|           9|           9|
    |tmp_53_fu_31265_p2                 |     +    |      0|   0|   11|          11|          10|
    |tmp_57_fu_31279_p2                 |     +    |      0|   0|   11|          11|          11|
    |tmp_59_fu_31293_p2                 |     +    |      0|   0|   11|          11|          11|
    |tmp_61_fu_31307_p2                 |     +    |      0|   0|   11|          11|          11|
    |tmp_62_fu_31727_p2                 |     +    |      0|   0|   10|          10|          10|
    |tmp_63_fu_31744_p2                 |     +    |      0|   0|   10|          10|          10|
    |tmp_64_fu_31761_p2                 |     +    |      0|   0|    9|           9|           9|
    |tmp_65_fu_31778_p2                 |     +    |      0|   0|   12|          12|          11|
    |tmp_66_fu_31792_p2                 |     +    |      0|   0|   12|          12|          12|
    |tmp_67_10_fu_24914_p2              |     +    |      0|   0|   11|           4|          11|
    |tmp_67_11_fu_25464_p2              |     +    |      0|   0|   11|           4|          11|
    |tmp_67_12_fu_25478_p2              |     +    |      0|   0|   11|           4|          11|
    |tmp_67_13_fu_26028_p2              |     +    |      0|   0|   11|           4|          11|
    |tmp_67_14_fu_26042_p2              |     +    |      0|   0|   11|           4|          11|
    |tmp_67_15_fu_26592_p2              |     +    |      0|   0|   11|           5|          11|
    |tmp_67_16_fu_26606_p2              |     +    |      0|   0|   11|           5|          11|
    |tmp_67_17_fu_27156_p2              |     +    |      0|   0|   11|           5|          11|
    |tmp_67_18_fu_27170_p2              |     +    |      0|   0|   11|           5|          11|
    |tmp_67_19_fu_27720_p2              |     +    |      0|   0|   11|           5|          11|
    |tmp_67_20_fu_27734_p2              |     +    |      0|   0|   11|           5|          11|
    |tmp_67_21_fu_28284_p2              |     +    |      0|   0|   11|           5|          11|
    |tmp_67_22_fu_28298_p2              |     +    |      0|   0|   11|           5|          11|
    |tmp_67_23_fu_28848_p2              |     +    |      0|   0|   11|           5|          11|
    |tmp_67_24_fu_28862_p2              |     +    |      0|   0|   11|           5|          11|
    |tmp_67_25_fu_29412_p2              |     +    |      0|   0|   11|           5|          11|
    |tmp_67_26_fu_29426_p2              |     +    |      0|   0|   11|           5|          11|
    |tmp_67_3_fu_24900_p2               |     +    |      0|   0|   11|           4|          11|
    |tmp_67_4_fu_23244_p2               |     +    |      0|   0|   11|           3|          11|
    |tmp_67_5_fu_23258_p2               |     +    |      0|   0|   11|           3|          11|
    |tmp_67_6_fu_23772_p2               |     +    |      0|   0|   11|           3|          11|
    |tmp_67_7_fu_23786_p2               |     +    |      0|   0|   11|           3|          11|
    |tmp_67_8_fu_24336_p2               |     +    |      0|   0|   11|           4|          11|
    |tmp_67_9_fu_24350_p2               |     +    |      0|   0|   11|           4|          11|
    |tmp_67_fu_32205_p2                 |     +    |      0|   0|   12|          12|          12|
    |tmp_70_fu_32218_p2                 |     +    |      0|   0|   12|          12|          12|
    |tmp_72_fu_32231_p2                 |     +    |      0|   0|   12|          12|          12|
    |tmp_74_10_fu_26325_p2              |     +    |      0|   0|   12|           5|          12|
    |tmp_74_11_fu_26685_p2              |     +    |      0|   0|   12|           5|          12|
    |tmp_74_12_fu_26889_p2              |     +    |      0|   0|   12|           5|          12|
    |tmp_74_13_fu_27249_p2              |     +    |      0|   0|   12|           5|          12|
    |tmp_74_14_fu_27453_p2              |     +    |      0|   0|   12|           5|          12|
    |tmp_74_15_fu_27813_p2              |     +    |      0|   0|   12|           5|          12|
    |tmp_74_16_fu_28017_p2              |     +    |      0|   0|   12|           5|          12|
    |tmp_74_17_fu_28377_p2              |     +    |      0|   0|   12|           5|          12|
    |tmp_74_18_fu_28581_p2              |     +    |      0|   0|   12|           5|          12|
    |tmp_74_19_fu_28941_p2              |     +    |      0|   0|   12|           5|          12|
    |tmp_74_1_fu_23505_p2               |     +    |      0|   0|   12|           5|          12|
    |tmp_74_20_fu_29145_p2              |     +    |      0|   0|   12|           5|          12|
    |tmp_74_21_fu_29505_p2              |     +    |      0|   0|   12|           5|          12|
    |tmp_74_22_fu_29709_p2              |     +    |      0|   0|   12|           5|          12|
    |tmp_74_23_fu_30121_p2              |     +    |      0|   0|   12|           5|          12|
    |tmp_74_24_fu_30325_p2              |     +    |      0|   0|   12|           5|          12|
    |tmp_74_25_fu_30534_p2              |     +    |      0|   0|   12|           5|          12|
    |tmp_74_26_fu_30745_p2              |     +    |      0|   0|   12|           5|          12|
    |tmp_74_2_fu_23865_p2               |     +    |      0|   0|   12|           5|          12|
    |tmp_74_3_fu_24069_p2               |     +    |      0|   0|   12|           5|          12|
    |tmp_74_4_fu_24429_p2               |     +    |      0|   0|   12|           5|          12|
    |tmp_74_5_fu_24633_p2               |     +    |      0|   0|   12|           5|          12|
    |tmp_74_6_fu_24993_p2               |     +    |      0|   0|   12|           5|          12|
    |tmp_74_7_fu_25197_p2               |     +    |      0|   0|   12|           5|          12|
    |tmp_74_8_fu_25557_p2               |     +    |      0|   0|   12|           5|          12|
    |tmp_74_9_fu_25761_p2               |     +    |      0|   0|   12|           5|          12|
    |tmp_74_fu_23301_p2                 |     +    |      0|   0|   12|           5|          12|
    |tmp_74_s_fu_26121_p2               |     +    |      0|   0|   12|           5|          12|
    |tmp_77_fu_32244_p2                 |     +    |      0|   0|   12|          12|          12|
    |tmp_78_fu_32257_p2                 |     +    |      0|   0|   12|          12|          12|
    |tmp_79_fu_32669_p2                 |     +    |      0|   0|   11|          11|          11|
    |tmp_80_fu_32686_p2                 |     +    |      0|   0|   11|          11|          11|
    |tmp_81_fu_32703_p2                 |     +    |      0|   0|   11|          11|          11|
    |tmp_83_fu_32720_p2                 |     +    |      0|   0|   10|          10|          10|
    |tmp_85_fu_32737_p2                 |     +    |      0|   0|   10|          10|          10|
    |tmp_926_fu_44020_p2                |     +    |      0|   0|    8|           1|           8|
    |tmp_930_fu_44194_p2                |     +    |      0|   0|    8|           1|           8|
    |tmp_934_fu_44368_p2                |     +    |      0|   0|    8|           1|           8|
    |tmp_938_fu_44542_p2                |     +    |      0|   0|    8|           1|           8|
    |tmp_942_fu_44749_p2                |     +    |      0|   0|    8|           1|           8|
    |tmp_946_fu_44972_p2                |     +    |      0|   0|    8|           1|           8|
    |tmp_94_fu_33157_p2                 |     +    |      0|   0|    9|           9|           9|
    |tmp_950_fu_45594_p2                |     +    |      0|   0|    8|           1|           8|
    |tmp_954_fu_46292_p2                |     +    |      0|   0|    8|           1|           8|
    |tmp_958_fu_46611_p2                |     +    |      0|   0|    8|           1|           8|
    |tmp_95_fu_33174_p2                 |     +    |      0|   0|   13|          13|          12|
    |tmp_962_fu_46859_p2                |     +    |      0|   0|    8|           1|           8|
    |tmp_966_fu_47033_p2                |     +    |      0|   0|    8|           1|           8|
    |tmp_96_fu_33188_p2                 |     +    |      0|   0|   13|          13|          13|
    |tmp_970_fu_47207_p2                |     +    |      0|   0|    8|           1|           8|
    |tmp_974_fu_47414_p2                |     +    |      0|   0|    8|           1|           8|
    |tmp_978_fu_47637_p2                |     +    |      0|   0|    8|           1|           8|
    |tmp_982_fu_48246_p2                |     +    |      0|   0|    8|           1|           8|
    |tmp_986_fu_48936_p2                |     +    |      0|   0|    8|           1|           8|
    |tmp_98_fu_33202_p2                 |     +    |      0|   0|   13|          13|          13|
    |tmp_990_fu_45752_p2                |     +    |      0|   0|    8|           1|           8|
    |tmp_994_fu_45826_p2                |     +    |      0|   0|    8|           1|           8|
    |tmp_998_fu_45900_p2                |     +    |      0|   0|    8|           1|           8|
    |F2_10_fu_26022_p2                  |     -    |      0|   0|   12|          11|          12|
    |F2_11_fu_26540_p2                  |     -    |      0|   0|   12|          11|          12|
    |F2_12_fu_26586_p2                  |     -    |      0|   0|   12|          11|          12|
    |F2_13_fu_27104_p2                  |     -    |      0|   0|   12|          11|          12|
    |F2_14_fu_27150_p2                  |     -    |      0|   0|   12|          11|          12|
    |F2_15_fu_27668_p2                  |     -    |      0|   0|   12|          11|          12|
    |F2_16_fu_27714_p2                  |     -    |      0|   0|   12|          11|          12|
    |F2_17_fu_28232_p2                  |     -    |      0|   0|   12|          11|          12|
    |F2_18_fu_28278_p2                  |     -    |      0|   0|   12|          11|          12|
    |F2_19_fu_28796_p2                  |     -    |      0|   0|   12|          11|          12|
    |F2_1_fu_23238_p2                   |     -    |      0|   0|   12|          11|          12|
    |F2_20_fu_28842_p2                  |     -    |      0|   0|   12|          11|          12|
    |F2_21_fu_29360_p2                  |     -    |      0|   0|   12|          11|          12|
    |F2_22_fu_29406_p2                  |     -    |      0|   0|   12|          11|          12|
    |F2_23_fu_29924_p2                  |     -    |      0|   0|   12|          11|          12|
    |F2_24_fu_29970_p2                  |     -    |      0|   0|   12|          11|          12|
    |F2_25_fu_30010_p2                  |     -    |      0|   0|   12|          11|          12|
    |F2_26_fu_30050_p2                  |     -    |      0|   0|   12|          11|          12|
    |F2_2_fu_23720_p2                   |     -    |      0|   0|   12|          11|          12|
    |F2_3_fu_23766_p2                   |     -    |      0|   0|   12|          11|          12|
    |F2_4_fu_24284_p2                   |     -    |      0|   0|   12|          11|          12|
    |F2_5_fu_24330_p2                   |     -    |      0|   0|   12|          11|          12|
    |F2_6_fu_24848_p2                   |     -    |      0|   0|   12|          11|          12|
    |F2_7_fu_24894_p2                   |     -    |      0|   0|   12|          11|          12|
    |F2_8_fu_25412_p2                   |     -    |      0|   0|   12|          11|          12|
    |F2_9_fu_25458_p2                   |     -    |      0|   0|   12|          11|          12|
    |F2_fu_23192_p2                     |     -    |      0|   0|   12|          11|          12|
    |F2_s_fu_25976_p2                   |     -    |      0|   0|   12|          11|          12|
    |man_V_1_10_fu_26307_p2             |     -    |      0|   0|   54|           1|          54|
    |man_V_1_11_fu_26667_p2             |     -    |      0|   0|   54|           1|          54|
    |man_V_1_12_fu_26871_p2             |     -    |      0|   0|   54|           1|          54|
    |man_V_1_13_fu_27231_p2             |     -    |      0|   0|   54|           1|          54|
    |man_V_1_14_fu_27435_p2             |     -    |      0|   0|   54|           1|          54|
    |man_V_1_15_fu_27795_p2             |     -    |      0|   0|   54|           1|          54|
    |man_V_1_16_fu_27999_p2             |     -    |      0|   0|   54|           1|          54|
    |man_V_1_17_fu_28359_p2             |     -    |      0|   0|   54|           1|          54|
    |man_V_1_18_fu_28563_p2             |     -    |      0|   0|   54|           1|          54|
    |man_V_1_19_fu_28923_p2             |     -    |      0|   0|   54|           1|          54|
    |man_V_1_1_fu_23487_p2              |     -    |      0|   0|   54|           1|          54|
    |man_V_1_20_fu_29127_p2             |     -    |      0|   0|   54|           1|          54|
    |man_V_1_21_fu_29487_p2             |     -    |      0|   0|   54|           1|          54|
    |man_V_1_22_fu_29691_p2             |     -    |      0|   0|   54|           1|          54|
    |man_V_1_23_fu_30103_p2             |     -    |      0|   0|   54|           1|          54|
    |man_V_1_24_fu_30307_p2             |     -    |      0|   0|   54|           1|          54|
    |man_V_1_25_fu_30511_p2             |     -    |      0|   0|   54|           1|          54|
    |man_V_1_26_fu_30722_p2             |     -    |      0|   0|   54|           1|          54|
    |man_V_1_2_fu_23847_p2              |     -    |      0|   0|   54|           1|          54|
    |man_V_1_3_fu_24051_p2              |     -    |      0|   0|   54|           1|          54|
    |man_V_1_4_fu_24411_p2              |     -    |      0|   0|   54|           1|          54|
    |man_V_1_5_fu_24615_p2              |     -    |      0|   0|   54|           1|          54|
    |man_V_1_6_fu_24975_p2              |     -    |      0|   0|   54|           1|          54|
    |man_V_1_7_fu_25179_p2              |     -    |      0|   0|   54|           1|          54|
    |man_V_1_8_fu_25539_p2              |     -    |      0|   0|   54|           1|          54|
    |man_V_1_9_fu_25743_p2              |     -    |      0|   0|   54|           1|          54|
    |man_V_1_fu_23283_p2                |     -    |      0|   0|   54|           1|          54|
    |man_V_1_s_fu_26103_p2              |     -    |      0|   0|   54|           1|          54|
    |r_V_20_fu_43986_p2                 |     -    |      0|   0|   25|          25|          25|
    |r_V_28_10_fu_47173_p2              |     -    |      0|   0|   25|          25|          25|
    |r_V_28_11_fu_47380_p2              |     -    |      0|   0|   25|          25|          25|
    |r_V_28_12_fu_47603_p2              |     -    |      0|   0|   25|          25|          25|
    |r_V_28_13_fu_48212_p2              |     -    |      0|   0|   25|          25|          25|
    |r_V_28_14_fu_48902_p2              |     -    |      0|   0|   25|          25|          25|
    |r_V_28_15_fu_45718_p2              |     -    |      0|   0|   25|          25|          25|
    |r_V_28_16_fu_45792_p2              |     -    |      0|   0|   25|          25|          25|
    |r_V_28_17_fu_45866_p2              |     -    |      0|   0|   25|          25|          25|
    |r_V_28_18_fu_45940_p2              |     -    |      0|   0|   25|          25|          25|
    |r_V_28_19_fu_46014_p2              |     -    |      0|   0|   25|          25|          25|
    |r_V_28_1_fu_44160_p2               |     -    |      0|   0|   25|          25|          25|
    |r_V_28_20_fu_46088_p2              |     -    |      0|   0|   25|          25|          25|
    |r_V_28_21_fu_46415_p2              |     -    |      0|   0|   25|          25|          25|
    |r_V_28_22_fu_46734_p2              |     -    |      0|   0|   25|          25|          25|
    |r_V_28_23_fu_48362_p2              |     -    |      0|   0|   25|          25|          25|
    |r_V_28_24_fu_48436_p2              |     -    |      0|   0|   25|          25|          25|
    |r_V_28_25_fu_48510_p2              |     -    |      0|   0|   25|          25|          25|
    |r_V_28_26_fu_48584_p2              |     -    |      0|   0|   25|          25|          25|
    |r_V_28_27_fu_48658_p2              |     -    |      0|   0|   25|          25|          25|
    |r_V_28_28_fu_48732_p2              |     -    |      0|   0|   25|          25|          25|
    |r_V_28_29_fu_48981_p2              |     -    |      0|   0|   25|          25|          25|
    |r_V_28_2_fu_44334_p2               |     -    |      0|   0|   25|          25|          25|
    |r_V_28_30_fu_49147_p2              |     -    |      0|   0|   25|          25|          25|
    |r_V_28_3_fu_44508_p2               |     -    |      0|   0|   25|          25|          25|
    |r_V_28_4_fu_44715_p2               |     -    |      0|   0|   25|          25|          25|
    |r_V_28_5_fu_44938_p2               |     -    |      0|   0|   25|          25|          25|
    |r_V_28_6_fu_45560_p2               |     -    |      0|   0|   25|          25|          25|
    |r_V_28_7_fu_46258_p2               |     -    |      0|   0|   25|          25|          25|
    |r_V_28_8_fu_46577_p2               |     -    |      0|   0|   25|          25|          25|
    |r_V_28_9_fu_46825_p2               |     -    |      0|   0|   25|          25|          25|
    |r_V_28_s_fu_46999_p2               |     -    |      0|   0|   25|          25|          25|
    |tmp_1431_fu_50340_p2               |     -    |      0|   0|    7|           4|           5|
    |tmp_1442_fu_50502_p2               |     -    |      0|   0|    7|           4|           5|
    |tmp_144_1_fu_50035_p2              |     -    |      0|   0|   32|           5|          32|
    |tmp_144_2_fu_50658_p2              |     -    |      0|   0|   32|           5|          32|
    |tmp_144_3_fu_50718_p2              |     -    |      0|   0|   32|           5|          32|
    |tmp_144_4_fu_50778_p2              |     -    |      0|   0|   32|           5|          32|
    |tmp_144_5_fu_50838_p2              |     -    |      0|   0|   32|           5|          32|
    |tmp_144_6_fu_50898_p2              |     -    |      0|   0|   32|           5|          32|
    |tmp_144_7_fu_50958_p2              |     -    |      0|   0|   32|           5|          32|
    |tmp_144_8_fu_51018_p2              |     -    |      0|   0|   32|           5|          32|
    |tmp_144_9_fu_52165_p2              |     -    |      0|   0|   32|           5|          32|
    |tmp_144_fu_49963_p2                |     -    |      0|   0|   32|           5|          32|
    |tmp_1453_fu_50672_p2               |     -    |      0|   0|    7|           4|           5|
    |tmp_1464_fu_50732_p2               |     -    |      0|   0|    7|           4|           5|
    |tmp_1475_fu_50792_p2               |     -    |      0|   0|    7|           4|           5|
    |tmp_1486_fu_50852_p2               |     -    |      0|   0|    7|           4|           5|
    |tmp_1497_fu_50912_p2               |     -    |      0|   0|    7|           4|           5|
    |tmp_1508_fu_50972_p2               |     -    |      0|   0|    7|           4|           5|
    |tmp_1519_fu_51032_p2               |     -    |      0|   0|    7|           4|           5|
    |tmp_1530_fu_52179_p2               |     -    |      0|   0|    7|           4|           5|
    |tmp_164_1_fu_50600_p2              |     -    |      0|   0|   32|           5|          32|
    |tmp_164_2_fu_51297_p2              |     -    |      0|   0|   32|           5|          32|
    |tmp_164_3_fu_51432_p2              |     -    |      0|   0|   32|           5|          32|
    |tmp_164_4_fu_51567_p2              |     -    |      0|   0|   32|           5|          32|
    |tmp_164_5_fu_51702_p2              |     -    |      0|   0|   32|           5|          32|
    |tmp_164_6_fu_51837_p2              |     -    |      0|   0|   32|           5|          32|
    |tmp_164_7_fu_51972_p2              |     -    |      0|   0|   32|           5|          32|
    |tmp_164_8_fu_52107_p2              |     -    |      0|   0|   32|           5|          32|
    |tmp_164_9_fu_52661_p2              |     -    |      0|   0|   32|           5|          32|
    |tmp_164_fu_50438_p2                |     -    |      0|   0|   32|           5|          32|
    |tmp_360_fu_51111_p2                |     -    |      0|   0|    8|           3|           8|
    |tmp_366_fu_51163_p2                |     -    |      0|   0|    8|           3|           8|
    |tmp_371_fu_52220_p2                |     -    |      0|   0|    8|           3|           8|
    |tmp_376_fu_52272_p2                |     -    |      0|   0|    8|           3|           8|
    |tmp_381_fu_52324_p2                |     -    |      0|   0|    8|           3|           8|
    |tmp_386_fu_52375_p2                |     -    |      0|   0|    8|           3|           8|
    |tmp_391_fu_52426_p2                |     -    |      0|   0|    8|           3|           8|
    |tmp_396_fu_52477_p2                |     -    |      0|   0|    8|           3|           8|
    |tmp_401_fu_52528_p2                |     -    |      0|   0|    8|           3|           8|
    |tmp_406_fu_52714_p2                |     -    |      0|   0|    8|           3|           8|
    |tmp_45_fu_22948_p2                 |     -    |      0|   0|   11|          11|          11|
    |tmp_75_10_fu_26330_p2              |     -    |      0|   0|   12|           4|          12|
    |tmp_75_11_fu_26690_p2              |     -    |      0|   0|   12|           4|          12|
    |tmp_75_12_fu_26894_p2              |     -    |      0|   0|   12|           4|          12|
    |tmp_75_13_fu_27254_p2              |     -    |      0|   0|   12|           4|          12|
    |tmp_75_14_fu_27458_p2              |     -    |      0|   0|   12|           4|          12|
    |tmp_75_15_fu_27818_p2              |     -    |      0|   0|   12|           4|          12|
    |tmp_75_16_fu_28022_p2              |     -    |      0|   0|   12|           4|          12|
    |tmp_75_17_fu_28382_p2              |     -    |      0|   0|   12|           4|          12|
    |tmp_75_18_fu_28586_p2              |     -    |      0|   0|   12|           4|          12|
    |tmp_75_19_fu_28946_p2              |     -    |      0|   0|   12|           4|          12|
    |tmp_75_1_fu_23510_p2               |     -    |      0|   0|   12|           4|          12|
    |tmp_75_20_fu_29150_p2              |     -    |      0|   0|   12|           4|          12|
    |tmp_75_21_fu_29510_p2              |     -    |      0|   0|   12|           4|          12|
    |tmp_75_22_fu_29714_p2              |     -    |      0|   0|   12|           4|          12|
    |tmp_75_23_fu_30126_p2              |     -    |      0|   0|   12|           4|          12|
    |tmp_75_24_fu_30330_p2              |     -    |      0|   0|   12|           4|          12|
    |tmp_75_25_fu_30539_p2              |     -    |      0|   0|   12|           4|          12|
    |tmp_75_26_fu_30750_p2              |     -    |      0|   0|   12|           4|          12|
    |tmp_75_2_fu_23870_p2               |     -    |      0|   0|   12|           4|          12|
    |tmp_75_3_fu_24074_p2               |     -    |      0|   0|   12|           4|          12|
    |tmp_75_4_fu_24434_p2               |     -    |      0|   0|   12|           4|          12|
    |tmp_75_5_fu_24638_p2               |     -    |      0|   0|   12|           4|          12|
    |tmp_75_6_fu_24998_p2               |     -    |      0|   0|   12|           4|          12|
    |tmp_75_7_fu_25202_p2               |     -    |      0|   0|   12|           4|          12|
    |tmp_75_8_fu_25562_p2               |     -    |      0|   0|   12|           4|          12|
    |tmp_75_9_fu_25766_p2               |     -    |      0|   0|   12|           4|          12|
    |tmp_75_fu_23306_p2                 |     -    |      0|   0|   12|           4|          12|
    |tmp_75_s_fu_26126_p2               |     -    |      0|   0|   12|           4|          12|
    |tmp_V_1_fu_49995_p2                |     -    |      0|   0|   16|           1|          16|
    |tmp_V_2_fu_50067_p2                |     -    |      0|   0|   16|           1|          16|
    |tmp_V_3_fu_50105_p2                |     -    |      0|   0|   16|           1|          16|
    |tmp_V_4_fu_50143_p2                |     -    |      0|   0|   16|           1|          16|
    |tmp_V_5_fu_50181_p2                |     -    |      0|   0|   16|           1|          16|
    |tmp_V_6_fu_50219_p2                |     -    |      0|   0|   16|           1|          16|
    |tmp_V_7_fu_50257_p2                |     -    |      0|   0|   16|           1|          16|
    |tmp_V_8_fu_50295_p2                |     -    |      0|   0|   16|           1|          16|
    |tmp_V_9_fu_51077_p2                |     -    |      0|   0|   16|           1|          16|
    |tmp_V_fu_49923_p2                  |     -    |      0|   0|   16|           1|          16|
    |a_1_fu_50528_p2                    |    and   |      0|   0|    1|           1|           1|
    |a_2_fu_51226_p2                    |    and   |      0|   0|    1|           1|           1|
    |a_3_fu_51361_p2                    |    and   |      0|   0|    1|           1|           1|
    |a_4_fu_51496_p2                    |    and   |      0|   0|    1|           1|           1|
    |a_5_fu_51631_p2                    |    and   |      0|   0|    1|           1|           1|
    |a_6_fu_51766_p2                    |    and   |      0|   0|    1|           1|           1|
    |a_7_fu_51901_p2                    |    and   |      0|   0|    1|           1|           1|
    |a_8_fu_52036_p2                    |    and   |      0|   0|    1|           1|           1|
    |a_9_fu_52590_p2                    |    and   |      0|   0|    1|           1|           1|
    |a_fu_50366_p2                      |    and   |      0|   0|    1|           1|           1|
    |ap_block_state147_on_subcall_done  |    and   |      0|   0|    1|           1|           1|
    |sel_tmp102_fu_24521_p2             |    and   |      0|   0|    1|           1|           1|
    |sel_tmp107_fu_24546_p2             |    and   |      0|   0|    1|           1|           1|
    |sel_tmp109_fu_24558_p2             |    and   |      0|   0|    1|           1|           1|
    |sel_tmp115_fu_24572_p2             |    and   |      0|   0|    1|           1|           1|
    |sel_tmp11_fu_23418_p2              |    and   |      0|   0|    1|           1|           1|
    |sel_tmp122_fu_24598_p2             |    and   |      0|   0|    1|           1|           1|
    |sel_tmp126_fu_24725_p2             |    and   |      0|   0|    1|           1|           1|
    |sel_tmp131_fu_24750_p2             |    and   |      0|   0|    1|           1|           1|
    |sel_tmp133_fu_24762_p2             |    and   |      0|   0|    1|           1|           1|
    |sel_tmp135_fu_24776_p2             |    and   |      0|   0|    1|           1|           1|
    |sel_tmp138_fu_24802_p2             |    and   |      0|   0|    1|           1|           1|
    |sel_tmp13_fu_23430_p2              |    and   |      0|   0|    1|           1|           1|
    |sel_tmp140_fu_25085_p2             |    and   |      0|   0|    1|           1|           1|
    |sel_tmp143_fu_25110_p2             |    and   |      0|   0|    1|           1|           1|
    |sel_tmp145_fu_25122_p2             |    and   |      0|   0|    1|           1|           1|
    |sel_tmp147_fu_25136_p2             |    and   |      0|   0|    1|           1|           1|
    |sel_tmp150_fu_25162_p2             |    and   |      0|   0|    1|           1|           1|
    |sel_tmp152_fu_25289_p2             |    and   |      0|   0|    1|           1|           1|
    |sel_tmp155_fu_25314_p2             |    and   |      0|   0|    1|           1|           1|
    |sel_tmp157_fu_25326_p2             |    and   |      0|   0|    1|           1|           1|
    |sel_tmp159_fu_25340_p2             |    and   |      0|   0|    1|           1|           1|
    |sel_tmp162_fu_25366_p2             |    and   |      0|   0|    1|           1|           1|
    |sel_tmp164_fu_25649_p2             |    and   |      0|   0|    1|           1|           1|
    |sel_tmp167_fu_25674_p2             |    and   |      0|   0|    1|           1|           1|
    |sel_tmp169_fu_25686_p2             |    and   |      0|   0|    1|           1|           1|
    |sel_tmp171_fu_25700_p2             |    and   |      0|   0|    1|           1|           1|
    |sel_tmp174_fu_25726_p2             |    and   |      0|   0|    1|           1|           1|
    |sel_tmp176_fu_25853_p2             |    and   |      0|   0|    1|           1|           1|
    |sel_tmp179_fu_25878_p2             |    and   |      0|   0|    1|           1|           1|
    |sel_tmp181_fu_25890_p2             |    and   |      0|   0|    1|           1|           1|
    |sel_tmp183_fu_25904_p2             |    and   |      0|   0|    1|           1|           1|
    |sel_tmp186_fu_25930_p2             |    and   |      0|   0|    1|           1|           1|
    |sel_tmp188_fu_26213_p2             |    and   |      0|   0|    1|           1|           1|
    |sel_tmp191_fu_26238_p2             |    and   |      0|   0|    1|           1|           1|
    |sel_tmp193_fu_26250_p2             |    and   |      0|   0|    1|           1|           1|
    |sel_tmp195_fu_26264_p2             |    and   |      0|   0|    1|           1|           1|
    |sel_tmp198_fu_26290_p2             |    and   |      0|   0|    1|           1|           1|
    |sel_tmp19_fu_23444_p2              |    and   |      0|   0|    1|           1|           1|
    |sel_tmp1_fu_52996_p2               |    and   |      0|   0|    1|           1|           1|
    |sel_tmp200_fu_26417_p2             |    and   |      0|   0|    1|           1|           1|
    |sel_tmp203_fu_26442_p2             |    and   |      0|   0|    1|           1|           1|
    |sel_tmp205_fu_26454_p2             |    and   |      0|   0|    1|           1|           1|
    |sel_tmp207_fu_26468_p2             |    and   |      0|   0|    1|           1|           1|
    |sel_tmp210_fu_26494_p2             |    and   |      0|   0|    1|           1|           1|
    |sel_tmp212_fu_26777_p2             |    and   |      0|   0|    1|           1|           1|
    |sel_tmp215_fu_26802_p2             |    and   |      0|   0|    1|           1|           1|
    |sel_tmp217_fu_26814_p2             |    and   |      0|   0|    1|           1|           1|
    |sel_tmp219_fu_26828_p2             |    and   |      0|   0|    1|           1|           1|
    |sel_tmp222_fu_26854_p2             |    and   |      0|   0|    1|           1|           1|
    |sel_tmp224_fu_26981_p2             |    and   |      0|   0|    1|           1|           1|
    |sel_tmp227_fu_27006_p2             |    and   |      0|   0|    1|           1|           1|
    |sel_tmp229_fu_27018_p2             |    and   |      0|   0|    1|           1|           1|
    |sel_tmp231_fu_27032_p2             |    and   |      0|   0|    1|           1|           1|
    |sel_tmp234_fu_27058_p2             |    and   |      0|   0|    1|           1|           1|
    |sel_tmp236_fu_27341_p2             |    and   |      0|   0|    1|           1|           1|
    |sel_tmp239_fu_27366_p2             |    and   |      0|   0|    1|           1|           1|
    |sel_tmp241_fu_27378_p2             |    and   |      0|   0|    1|           1|           1|
    |sel_tmp243_fu_27392_p2             |    and   |      0|   0|    1|           1|           1|
    |sel_tmp246_fu_27418_p2             |    and   |      0|   0|    1|           1|           1|
    |sel_tmp248_fu_27545_p2             |    and   |      0|   0|    1|           1|           1|
    |sel_tmp251_fu_27570_p2             |    and   |      0|   0|    1|           1|           1|
    |sel_tmp253_fu_27582_p2             |    and   |      0|   0|    1|           1|           1|
    |sel_tmp255_fu_27596_p2             |    and   |      0|   0|    1|           1|           1|
    |sel_tmp258_fu_27622_p2             |    and   |      0|   0|    1|           1|           1|
    |sel_tmp260_fu_27905_p2             |    and   |      0|   0|    1|           1|           1|
    |sel_tmp263_fu_27930_p2             |    and   |      0|   0|    1|           1|           1|
    |sel_tmp265_fu_27942_p2             |    and   |      0|   0|    1|           1|           1|
    |sel_tmp267_fu_27956_p2             |    and   |      0|   0|    1|           1|           1|
    |sel_tmp26_fu_23470_p2              |    and   |      0|   0|    1|           1|           1|
    |sel_tmp270_fu_27982_p2             |    and   |      0|   0|    1|           1|           1|
    |sel_tmp272_fu_28109_p2             |    and   |      0|   0|    1|           1|           1|
    |sel_tmp275_fu_28134_p2             |    and   |      0|   0|    1|           1|           1|
    |sel_tmp277_fu_28146_p2             |    and   |      0|   0|    1|           1|           1|
    |sel_tmp279_fu_28160_p2             |    and   |      0|   0|    1|           1|           1|
    |sel_tmp282_fu_28186_p2             |    and   |      0|   0|    1|           1|           1|
    |sel_tmp284_fu_28469_p2             |    and   |      0|   0|    1|           1|           1|
    |sel_tmp287_fu_28494_p2             |    and   |      0|   0|    1|           1|           1|
    |sel_tmp289_fu_28506_p2             |    and   |      0|   0|    1|           1|           1|
    |sel_tmp291_fu_28520_p2             |    and   |      0|   0|    1|           1|           1|
    |sel_tmp294_fu_28546_p2             |    and   |      0|   0|    1|           1|           1|
    |sel_tmp296_fu_28673_p2             |    and   |      0|   0|    1|           1|           1|
    |sel_tmp299_fu_28698_p2             |    and   |      0|   0|    1|           1|           1|
    |sel_tmp301_fu_28710_p2             |    and   |      0|   0|    1|           1|           1|
    |sel_tmp303_fu_28724_p2             |    and   |      0|   0|    1|           1|           1|
    |sel_tmp306_fu_28750_p2             |    and   |      0|   0|    1|           1|           1|
    |sel_tmp308_fu_29033_p2             |    and   |      0|   0|    1|           1|           1|
    |sel_tmp30_fu_23597_p2              |    and   |      0|   0|    1|           1|           1|
    |sel_tmp311_fu_29058_p2             |    and   |      0|   0|    1|           1|           1|
    |sel_tmp313_fu_29070_p2             |    and   |      0|   0|    1|           1|           1|
    |sel_tmp315_fu_29084_p2             |    and   |      0|   0|    1|           1|           1|
    |sel_tmp318_fu_29110_p2             |    and   |      0|   0|    1|           1|           1|
    |sel_tmp320_fu_29237_p2             |    and   |      0|   0|    1|           1|           1|
    |sel_tmp323_fu_29262_p2             |    and   |      0|   0|    1|           1|           1|
    |sel_tmp325_fu_29274_p2             |    and   |      0|   0|    1|           1|           1|
    |sel_tmp327_fu_29288_p2             |    and   |      0|   0|    1|           1|           1|
    |sel_tmp330_fu_29314_p2             |    and   |      0|   0|    1|           1|           1|
    |sel_tmp332_fu_29597_p2             |    and   |      0|   0|    1|           1|           1|
    |sel_tmp335_fu_29622_p2             |    and   |      0|   0|    1|           1|           1|
    |sel_tmp337_fu_29634_p2             |    and   |      0|   0|    1|           1|           1|
    |sel_tmp339_fu_29648_p2             |    and   |      0|   0|    1|           1|           1|
    |sel_tmp342_fu_29674_p2             |    and   |      0|   0|    1|           1|           1|
    |sel_tmp344_fu_29801_p2             |    and   |      0|   0|    1|           1|           1|
    |sel_tmp347_fu_29826_p2             |    and   |      0|   0|    1|           1|           1|
    |sel_tmp349_fu_29838_p2             |    and   |      0|   0|    1|           1|           1|
    |sel_tmp351_fu_29852_p2             |    and   |      0|   0|    1|           1|           1|
    |sel_tmp354_fu_29878_p2             |    and   |      0|   0|    1|           1|           1|
    |sel_tmp356_fu_30213_p2             |    and   |      0|   0|    1|           1|           1|
    |sel_tmp359_fu_30238_p2             |    and   |      0|   0|    1|           1|           1|
    |sel_tmp35_fu_23622_p2              |    and   |      0|   0|    1|           1|           1|
    |sel_tmp361_fu_30250_p2             |    and   |      0|   0|    1|           1|           1|
    |sel_tmp363_fu_30264_p2             |    and   |      0|   0|    1|           1|           1|
    |sel_tmp366_fu_30290_p2             |    and   |      0|   0|    1|           1|           1|
    |sel_tmp368_fu_30417_p2             |    and   |      0|   0|    1|           1|           1|
    |sel_tmp371_fu_30442_p2             |    and   |      0|   0|    1|           1|           1|
    |sel_tmp373_fu_30454_p2             |    and   |      0|   0|    1|           1|           1|
    |sel_tmp375_fu_30468_p2             |    and   |      0|   0|    1|           1|           1|
    |sel_tmp378_fu_30494_p2             |    and   |      0|   0|    1|           1|           1|
    |sel_tmp37_fu_23634_p2              |    and   |      0|   0|    1|           1|           1|
    |sel_tmp380_fu_30627_p2             |    and   |      0|   0|    1|           1|           1|
    |sel_tmp383_fu_30653_p2             |    and   |      0|   0|    1|           1|           1|
    |sel_tmp385_fu_30665_p2             |    and   |      0|   0|    1|           1|           1|
    |sel_tmp387_fu_30679_p2             |    and   |      0|   0|    1|           1|           1|
    |sel_tmp390_fu_30705_p2             |    and   |      0|   0|    1|           1|           1|
    |sel_tmp392_fu_30838_p2             |    and   |      0|   0|    1|           1|           1|
    |sel_tmp395_fu_30864_p2             |    and   |      0|   0|    1|           1|           1|
    |sel_tmp397_fu_30876_p2             |    and   |      0|   0|    1|           1|           1|
    |sel_tmp399_fu_30890_p2             |    and   |      0|   0|    1|           1|           1|
    |sel_tmp402_fu_30916_p2             |    and   |      0|   0|    1|           1|           1|
    |sel_tmp43_fu_23648_p2              |    and   |      0|   0|    1|           1|           1|
    |sel_tmp50_fu_23674_p2              |    and   |      0|   0|    1|           1|           1|
    |sel_tmp54_fu_23957_p2              |    and   |      0|   0|    1|           1|           1|
    |sel_tmp59_fu_23982_p2              |    and   |      0|   0|    1|           1|           1|
    |sel_tmp61_fu_23994_p2              |    and   |      0|   0|    1|           1|           1|
    |sel_tmp67_fu_24008_p2              |    and   |      0|   0|    1|           1|           1|
    |sel_tmp6_fu_23393_p2               |    and   |      0|   0|    1|           1|           1|
    |sel_tmp74_fu_24034_p2              |    and   |      0|   0|    1|           1|           1|
    |sel_tmp78_fu_24161_p2              |    and   |      0|   0|    1|           1|           1|
    |sel_tmp83_fu_24186_p2              |    and   |      0|   0|    1|           1|           1|
    |sel_tmp85_fu_24198_p2              |    and   |      0|   0|    1|           1|           1|
    |sel_tmp91_fu_24212_p2              |    and   |      0|   0|    1|           1|           1|
    |sel_tmp98_fu_24238_p2              |    and   |      0|   0|    1|           1|           1|
    |tmp_1111_fu_52853_p2               |    and   |      0|   0|    1|           1|           1|
    |tmp_1113_fu_52859_p2               |    and   |      0|   0|    1|           1|           1|
    |tmp_1120_fu_52979_p2               |    and   |      0|   0|    1|           1|           1|
    |tmp_1122_fu_52985_p2               |    and   |      0|   0|    1|           1|           1|
    |tmp_1127_fu_53061_p2               |    and   |      0|   0|    1|           1|           1|
    |tmp_1434_fu_50355_p2               |    and   |      0|   0|   16|          16|          16|
    |tmp_1445_fu_50517_p2               |    and   |      0|   0|   16|          16|          16|
    |tmp_1456_fu_50688_p2               |    and   |      0|   0|   16|          16|          16|
    |tmp_1467_fu_50748_p2               |    and   |      0|   0|   16|          16|          16|
    |tmp_1478_fu_50808_p2               |    and   |      0|   0|   16|          16|          16|
    |tmp_1489_fu_50868_p2               |    and   |      0|   0|   16|          16|          16|
    |tmp_1500_fu_50928_p2               |    and   |      0|   0|   16|          16|          16|
    |tmp_1511_fu_50988_p2               |    and   |      0|   0|   16|          16|          16|
    |tmp_1522_fu_51048_p2               |    and   |      0|   0|   16|          16|          16|
    |tmp_1533_fu_52195_p2               |    and   |      0|   0|   16|          16|          16|
    |tmp_157_1_fu_50560_p2              |    and   |      0|   0|    1|           1|           1|
    |tmp_157_2_fu_51257_p2              |    and   |      0|   0|    1|           1|           1|
    |tmp_157_3_fu_51392_p2              |    and   |      0|   0|    1|           1|           1|
    |tmp_157_4_fu_51527_p2              |    and   |      0|   0|    1|           1|           1|
    |tmp_157_5_fu_51662_p2              |    and   |      0|   0|    1|           1|           1|
    |tmp_157_6_fu_51797_p2              |    and   |      0|   0|    1|           1|           1|
    |tmp_157_7_fu_51932_p2              |    and   |      0|   0|    1|           1|           1|
    |tmp_157_8_fu_52067_p2              |    and   |      0|   0|    1|           1|           1|
    |tmp_157_9_fu_52621_p2              |    and   |      0|   0|    1|           1|           1|
    |tmp_157_fu_50398_p2                |    and   |      0|   0|    1|           1|           1|
    |tmp_88_10_fu_26382_p2              |   ashr   |      0|   0|  162|          54|          54|
    |tmp_88_11_fu_26742_p2              |   ashr   |      0|   0|  162|          54|          54|
    |tmp_88_12_fu_26946_p2              |   ashr   |      0|   0|  162|          54|          54|
    |tmp_88_13_fu_27306_p2              |   ashr   |      0|   0|  162|          54|          54|
    |tmp_88_14_fu_27510_p2              |   ashr   |      0|   0|  162|          54|          54|
    |tmp_88_15_fu_27870_p2              |   ashr   |      0|   0|  162|          54|          54|
    |tmp_88_16_fu_28074_p2              |   ashr   |      0|   0|  162|          54|          54|
    |tmp_88_17_fu_28434_p2              |   ashr   |      0|   0|  162|          54|          54|
    |tmp_88_18_fu_28638_p2              |   ashr   |      0|   0|  162|          54|          54|
    |tmp_88_19_fu_28998_p2              |   ashr   |      0|   0|  162|          54|          54|
    |tmp_88_1_fu_23562_p2               |   ashr   |      0|   0|  162|          54|          54|
    |tmp_88_20_fu_29202_p2              |   ashr   |      0|   0|  162|          54|          54|
    |tmp_88_21_fu_29562_p2              |   ashr   |      0|   0|  162|          54|          54|
    |tmp_88_22_fu_29766_p2              |   ashr   |      0|   0|  162|          54|          54|
    |tmp_88_23_fu_30178_p2              |   ashr   |      0|   0|  162|          54|          54|
    |tmp_88_24_fu_30382_p2              |   ashr   |      0|   0|  162|          54|          54|
    |tmp_88_25_fu_30591_p2              |   ashr   |      0|   0|  162|          54|          54|
    |tmp_88_26_fu_30802_p2              |   ashr   |      0|   0|  162|          54|          54|
    |tmp_88_2_fu_23922_p2               |   ashr   |      0|   0|  162|          54|          54|
    |tmp_88_3_fu_24126_p2               |   ashr   |      0|   0|  162|          54|          54|
    |tmp_88_4_fu_24486_p2               |   ashr   |      0|   0|  162|          54|          54|
    |tmp_88_5_fu_24690_p2               |   ashr   |      0|   0|  162|          54|          54|
    |tmp_88_6_fu_25050_p2               |   ashr   |      0|   0|  162|          54|          54|
    |tmp_88_7_fu_25254_p2               |   ashr   |      0|   0|  162|          54|          54|
    |tmp_88_8_fu_25614_p2               |   ashr   |      0|   0|  162|          54|          54|
    |tmp_88_9_fu_25818_p2               |   ashr   |      0|   0|  162|          54|          54|
    |tmp_88_fu_23358_p2                 |   ashr   |      0|   0|  162|          54|          54|
    |tmp_88_s_fu_26178_p2               |   ashr   |      0|   0|  162|          54|          54|
    |l_1_fu_50027_p3                    |   cttz   |      0|  40|   36|          32|           0|
    |l_2_fu_50650_p3                    |   cttz   |      0|  40|   36|          32|           0|
    |l_3_fu_50710_p3                    |   cttz   |      0|  40|   36|          32|           0|
    |l_4_fu_50770_p3                    |   cttz   |      0|  40|   36|          32|           0|
    |l_5_fu_50830_p3                    |   cttz   |      0|  40|   36|          32|           0|
    |l_6_fu_50890_p3                    |   cttz   |      0|  40|   36|          32|           0|
    |l_7_fu_50950_p3                    |   cttz   |      0|  40|   36|          32|           0|
    |l_8_fu_51010_p3                    |   cttz   |      0|  40|   36|          32|           0|
    |l_9_fu_52157_p3                    |   cttz   |      0|  40|   36|          32|           0|
    |l_fu_49955_p3                      |   cttz   |      0|  40|   36|          32|           0|
    |exitcond1_fu_49535_p2              |   icmp   |      0|   0|    5|           8|           9|
    |exitcond6_fu_30998_p2              |   icmp   |      0|   0|    4|           8|           8|
    |exitcond7_fu_43842_p2              |   icmp   |      0|   0|    5|           8|           9|
    |exitcond_fu_52880_p2               |   icmp   |      0|   0|    2|           4|           4|
    |exitcond_i_fu_52759_p2             |   icmp   |      0|   0|    2|           4|           4|
    |icmp10_fu_25808_p2                 |   icmp   |      0|   0|    4|           8|           1|
    |icmp11_fu_26168_p2                 |   icmp   |      0|   0|    4|           8|           1|
    |icmp12_fu_26372_p2                 |   icmp   |      0|   0|    4|           8|           1|
    |icmp13_fu_26732_p2                 |   icmp   |      0|   0|    4|           8|           1|
    |icmp14_fu_26936_p2                 |   icmp   |      0|   0|    4|           8|           1|
    |icmp15_fu_27296_p2                 |   icmp   |      0|   0|    4|           8|           1|
    |icmp16_fu_27500_p2                 |   icmp   |      0|   0|    4|           8|           1|
    |icmp17_fu_27860_p2                 |   icmp   |      0|   0|    4|           8|           1|
    |icmp18_fu_28064_p2                 |   icmp   |      0|   0|    4|           8|           1|
    |icmp19_fu_28424_p2                 |   icmp   |      0|   0|    4|           8|           1|
    |icmp20_fu_28628_p2                 |   icmp   |      0|   0|    4|           8|           1|
    |icmp21_fu_28988_p2                 |   icmp   |      0|   0|    4|           8|           1|
    |icmp22_fu_29192_p2                 |   icmp   |      0|   0|    4|           8|           1|
    |icmp23_fu_29552_p2                 |   icmp   |      0|   0|    4|           8|           1|
    |icmp24_fu_29756_p2                 |   icmp   |      0|   0|    4|           8|           1|
    |icmp25_fu_30168_p2                 |   icmp   |      0|   0|    4|           8|           1|
    |icmp26_fu_30372_p2                 |   icmp   |      0|   0|    4|           8|           1|
    |icmp27_fu_30581_p2                 |   icmp   |      0|   0|    4|           8|           1|
    |icmp28_fu_30792_p2                 |   icmp   |      0|   0|    4|           8|           1|
    |icmp29_fu_50334_p2                 |   icmp   |      0|   0|   12|          31|           1|
    |icmp2_fu_23552_p2                  |   icmp   |      0|   0|    4|           8|           1|
    |icmp30_fu_50496_p2                 |   icmp   |      0|   0|   12|          31|           1|
    |icmp31_fu_51220_p2                 |   icmp   |      0|   0|   12|          31|           1|
    |icmp32_fu_51355_p2                 |   icmp   |      0|   0|   12|          31|           1|
    |icmp33_fu_51490_p2                 |   icmp   |      0|   0|   12|          31|           1|
    |icmp34_fu_51625_p2                 |   icmp   |      0|   0|   12|          31|           1|
    |icmp35_fu_51760_p2                 |   icmp   |      0|   0|   12|          31|           1|
    |icmp36_fu_51895_p2                 |   icmp   |      0|   0|   12|          31|           1|
    |icmp37_fu_52030_p2                 |   icmp   |      0|   0|   12|          31|           1|
    |icmp38_fu_52584_p2                 |   icmp   |      0|   0|   12|          31|           1|
    |icmp3_fu_23912_p2                  |   icmp   |      0|   0|    4|           8|           1|
    |icmp4_fu_24116_p2                  |   icmp   |      0|   0|    4|           8|           1|
    |icmp5_fu_24476_p2                  |   icmp   |      0|   0|    4|           8|           1|
    |icmp6_fu_24680_p2                  |   icmp   |      0|   0|    4|           8|           1|
    |icmp7_fu_25040_p2                  |   icmp   |      0|   0|    4|           8|           1|
    |icmp8_fu_25244_p2                  |   icmp   |      0|   0|    4|           8|           1|
    |icmp9_fu_25604_p2                  |   icmp   |      0|   0|    4|           8|           1|
    |icmp_fu_23348_p2                   |   icmp   |      0|   0|    4|           8|           1|
    |notlhs1_fu_52835_p2                |   icmp   |      0|   0|    4|           8|           2|
    |notlhs2_fu_52943_p2                |   icmp   |      0|   0|    4|           8|           2|
    |notlhs3_fu_52961_p2                |   icmp   |      0|   0|    4|           8|           2|
    |notlhs4_fu_53043_p2                |   icmp   |      0|   0|    4|           8|           2|
    |notlhs_fu_52817_p2                 |   icmp   |      0|   0|    4|           8|           2|
    |notrhs1_fu_52841_p2                |   icmp   |      0|   0|    9|          23|           1|
    |notrhs2_fu_52949_p2                |   icmp   |      0|   0|    9|          23|           1|
    |notrhs3_fu_52967_p2                |   icmp   |      0|   0|    9|          23|           1|
    |notrhs4_fu_53049_p2                |   icmp   |      0|   0|    9|          23|           1|
    |notrhs_fu_52823_p2                 |   icmp   |      0|   0|    9|          23|           1|
    |tmp_113_10_fu_47077_p2             |   icmp   |      0|   0|    7|          16|          15|
    |tmp_113_11_fu_47251_p2             |   icmp   |      0|   0|    7|          16|          15|
    |tmp_113_12_fu_47459_p2             |   icmp   |      0|   0|    7|          16|          15|
    |tmp_113_13_fu_47682_p2             |   icmp   |      0|   0|    7|          16|          15|
    |tmp_113_14_fu_48291_p2             |   icmp   |      0|   0|    7|          16|          15|
    |tmp_113_15_fu_45109_p2             |   icmp   |      0|   0|    7|          16|          15|
    |tmp_113_16_fu_45180_p2             |   icmp   |      0|   0|    7|          16|          15|
    |tmp_113_17_fu_45251_p2             |   icmp   |      0|   0|    7|          16|          15|
    |tmp_113_18_fu_45322_p2             |   icmp   |      0|   0|    7|          16|          15|
    |tmp_113_19_fu_45393_p2             |   icmp   |      0|   0|    7|          16|          15|
    |tmp_113_1_fu_44064_p2              |   icmp   |      0|   0|    7|          16|          15|
    |tmp_113_20_fu_45464_p2             |   icmp   |      0|   0|    7|          16|          15|
    |tmp_113_21_fu_46162_p2             |   icmp   |      0|   0|    7|          16|          15|
    |tmp_113_22_fu_46489_p2             |   icmp   |      0|   0|    7|          16|          15|
    |tmp_113_23_fu_47761_p2             |   icmp   |      0|   0|    7|          16|          15|
    |tmp_113_24_fu_47832_p2             |   icmp   |      0|   0|    7|          16|          15|
    |tmp_113_25_fu_47903_p2             |   icmp   |      0|   0|    7|          16|          15|
    |tmp_113_26_fu_47974_p2             |   icmp   |      0|   0|    7|          16|          15|
    |tmp_113_27_fu_48045_p2             |   icmp   |      0|   0|    7|          16|          15|
    |tmp_113_28_fu_48116_p2             |   icmp   |      0|   0|    7|          16|          15|
    |tmp_113_29_fu_48806_p2             |   icmp   |      0|   0|    7|          16|          15|
    |tmp_113_2_fu_44238_p2              |   icmp   |      0|   0|    7|          16|          15|
    |tmp_113_30_fu_49055_p2             |   icmp   |      0|   0|    7|          16|          15|
    |tmp_113_3_fu_44412_p2              |   icmp   |      0|   0|    7|          16|          15|
    |tmp_113_4_fu_44586_p2              |   icmp   |      0|   0|    7|          16|          15|
    |tmp_113_5_fu_44794_p2              |   icmp   |      0|   0|    7|          16|          15|
    |tmp_113_6_fu_45017_p2              |   icmp   |      0|   0|    7|          16|          15|
    |tmp_113_7_fu_45639_p2              |   icmp   |      0|   0|    7|          16|          15|
    |tmp_113_8_fu_46336_p2              |   icmp   |      0|   0|    7|          16|          15|
    |tmp_113_9_fu_46655_p2              |   icmp   |      0|   0|    7|          16|          15|
    |tmp_113_fu_43907_p2                |   icmp   |      0|   0|    7|          16|          15|
    |tmp_113_s_fu_46903_p2              |   icmp   |      0|   0|    7|          16|          15|
    |tmp_123_10_fu_47083_p2             |   icmp   |      0|   0|    7|          16|          14|
    |tmp_123_11_fu_47257_p2             |   icmp   |      0|   0|    7|          16|          14|
    |tmp_123_12_fu_47465_p2             |   icmp   |      0|   0|    7|          16|          14|
    |tmp_123_13_fu_47688_p2             |   icmp   |      0|   0|    7|          16|          14|
    |tmp_123_14_fu_48297_p2             |   icmp   |      0|   0|    7|          16|          14|
    |tmp_123_15_fu_45115_p2             |   icmp   |      0|   0|    7|          16|          14|
    |tmp_123_16_fu_45186_p2             |   icmp   |      0|   0|    7|          16|          14|
    |tmp_123_17_fu_45257_p2             |   icmp   |      0|   0|    7|          16|          14|
    |tmp_123_18_fu_45328_p2             |   icmp   |      0|   0|    7|          16|          14|
    |tmp_123_19_fu_45399_p2             |   icmp   |      0|   0|    7|          16|          14|
    |tmp_123_1_fu_44070_p2              |   icmp   |      0|   0|    7|          16|          14|
    |tmp_123_20_fu_45470_p2             |   icmp   |      0|   0|    7|          16|          14|
    |tmp_123_21_fu_46168_p2             |   icmp   |      0|   0|    7|          16|          14|
    |tmp_123_22_fu_46495_p2             |   icmp   |      0|   0|    7|          16|          14|
    |tmp_123_23_fu_47767_p2             |   icmp   |      0|   0|    7|          16|          14|
    |tmp_123_24_fu_47838_p2             |   icmp   |      0|   0|    7|          16|          14|
    |tmp_123_25_fu_47909_p2             |   icmp   |      0|   0|    7|          16|          14|
    |tmp_123_26_fu_47980_p2             |   icmp   |      0|   0|    7|          16|          14|
    |tmp_123_27_fu_48051_p2             |   icmp   |      0|   0|    7|          16|          14|
    |tmp_123_28_fu_48122_p2             |   icmp   |      0|   0|    7|          16|          14|
    |tmp_123_29_fu_48812_p2             |   icmp   |      0|   0|    7|          16|          14|
    |tmp_123_2_fu_44244_p2              |   icmp   |      0|   0|    7|          16|          14|
    |tmp_123_30_fu_49061_p2             |   icmp   |      0|   0|    7|          16|          14|
    |tmp_123_3_fu_44418_p2              |   icmp   |      0|   0|    7|          16|          14|
    |tmp_123_4_fu_44592_p2              |   icmp   |      0|   0|    7|          16|          14|
    |tmp_123_5_fu_44800_p2              |   icmp   |      0|   0|    7|          16|          14|
    |tmp_123_6_fu_45023_p2              |   icmp   |      0|   0|    7|          16|          14|
    |tmp_123_7_fu_45645_p2              |   icmp   |      0|   0|    7|          16|          14|
    |tmp_123_8_fu_46342_p2              |   icmp   |      0|   0|    7|          16|          14|
    |tmp_123_9_fu_46661_p2              |   icmp   |      0|   0|    7|          16|          14|
    |tmp_123_fu_43913_p2                |   icmp   |      0|   0|    7|          16|          14|
    |tmp_123_s_fu_46909_p2              |   icmp   |      0|   0|    7|          16|          14|
    |tmp_130_10_fu_47191_p2             |   icmp   |      0|   0|    6|          14|           1|
    |tmp_130_11_fu_47398_p2             |   icmp   |      0|   0|    6|          14|           1|
    |tmp_130_12_fu_47621_p2             |   icmp   |      0|   0|    6|          14|           1|
    |tmp_130_13_fu_48230_p2             |   icmp   |      0|   0|    6|          14|           1|
    |tmp_130_14_fu_48920_p2             |   icmp   |      0|   0|    6|          14|           1|
    |tmp_130_15_fu_45736_p2             |   icmp   |      0|   0|    6|          14|           1|
    |tmp_130_16_fu_45810_p2             |   icmp   |      0|   0|    6|          14|           1|
    |tmp_130_17_fu_45884_p2             |   icmp   |      0|   0|    6|          14|           1|
    |tmp_130_18_fu_45958_p2             |   icmp   |      0|   0|    6|          14|           1|
    |tmp_130_19_fu_46032_p2             |   icmp   |      0|   0|    6|          14|           1|
    |tmp_130_1_fu_44178_p2              |   icmp   |      0|   0|    6|          14|           1|
    |tmp_130_20_fu_46106_p2             |   icmp   |      0|   0|    6|          14|           1|
    |tmp_130_21_fu_46433_p2             |   icmp   |      0|   0|    6|          14|           1|
    |tmp_130_22_fu_46752_p2             |   icmp   |      0|   0|    6|          14|           1|
    |tmp_130_23_fu_48380_p2             |   icmp   |      0|   0|    6|          14|           1|
    |tmp_130_24_fu_48454_p2             |   icmp   |      0|   0|    6|          14|           1|
    |tmp_130_25_fu_48528_p2             |   icmp   |      0|   0|    6|          14|           1|
    |tmp_130_26_fu_48602_p2             |   icmp   |      0|   0|    6|          14|           1|
    |tmp_130_27_fu_48676_p2             |   icmp   |      0|   0|    6|          14|           1|
    |tmp_130_28_fu_48750_p2             |   icmp   |      0|   0|    6|          14|           1|
    |tmp_130_29_fu_48999_p2             |   icmp   |      0|   0|    6|          14|           1|
    |tmp_130_2_fu_44352_p2              |   icmp   |      0|   0|    6|          14|           1|
    |tmp_130_30_fu_49165_p2             |   icmp   |      0|   0|    6|          14|           1|
    |tmp_130_3_fu_44526_p2              |   icmp   |      0|   0|    6|          14|           1|
    |tmp_130_4_fu_44733_p2              |   icmp   |      0|   0|    6|          14|           1|
    |tmp_130_5_fu_44956_p2              |   icmp   |      0|   0|    6|          14|           1|
    |tmp_130_6_fu_45578_p2              |   icmp   |      0|   0|    6|          14|           1|
    |tmp_130_7_fu_46276_p2              |   icmp   |      0|   0|    6|          14|           1|
    |tmp_130_8_fu_46595_p2              |   icmp   |      0|   0|    6|          14|           1|
    |tmp_130_9_fu_46843_p2              |   icmp   |      0|   0|    6|          14|           1|
    |tmp_130_fu_44004_p2                |   icmp   |      0|   0|    6|          14|           1|
    |tmp_130_s_fu_47017_p2              |   icmp   |      0|   0|    6|          14|           1|
    |tmp_1338_fu_22974_p2               |   icmp   |      0|   0|    2|           5|           2|
    |tmp_1339_fu_22980_p2               |   icmp   |      0|   0|    2|           5|           3|
    |tmp_1341_fu_22992_p2               |   icmp   |      0|   0|    2|           5|           3|
    |tmp_1343_fu_23004_p2               |   icmp   |      0|   0|    2|           5|           4|
    |tmp_1345_fu_23016_p2               |   icmp   |      0|   0|    2|           5|           4|
    |tmp_1347_fu_23028_p2               |   icmp   |      0|   0|    2|           5|           4|
    |tmp_1349_fu_23040_p2               |   icmp   |      0|   0|    2|           5|           4|
    |tmp_1351_fu_23052_p2               |   icmp   |      0|   0|    2|           5|           5|
    |tmp_1353_fu_23064_p2               |   icmp   |      0|   0|    2|           5|           3|
    |tmp_1355_fu_23076_p2               |   icmp   |      0|   0|    2|           5|           2|
    |tmp_1357_fu_23088_p2               |   icmp   |      0|   0|    2|           5|           2|
    |tmp_1359_fu_23100_p2               |   icmp   |      0|   0|    2|           5|           1|
    |tmp_1361_fu_23112_p2               |   icmp   |      0|   0|    2|           5|           1|
    |tmp_136_1_fu_49981_p2              |   icmp   |      0|   0|    7|          16|           1|
    |tmp_136_2_fu_50053_p2              |   icmp   |      0|   0|    7|          16|           1|
    |tmp_136_3_fu_50091_p2              |   icmp   |      0|   0|    7|          16|           1|
    |tmp_136_4_fu_50129_p2              |   icmp   |      0|   0|    7|          16|           1|
    |tmp_136_5_fu_50167_p2              |   icmp   |      0|   0|    7|          16|           1|
    |tmp_136_6_fu_50205_p2              |   icmp   |      0|   0|    7|          16|           1|
    |tmp_136_7_fu_50243_p2              |   icmp   |      0|   0|    7|          16|           1|
    |tmp_136_8_fu_50281_p2              |   icmp   |      0|   0|    7|          16|           1|
    |tmp_136_9_fu_51063_p2              |   icmp   |      0|   0|    7|          16|           1|
    |tmp_136_fu_49909_p2                |   icmp   |      0|   0|    7|          16|           1|
    |tmp_149_1_fu_50522_p2              |   icmp   |      0|   0|    7|          16|           1|
    |tmp_149_2_fu_50693_p2              |   icmp   |      0|   0|    7|          16|           1|
    |tmp_149_3_fu_50753_p2              |   icmp   |      0|   0|    7|          16|           1|
    |tmp_149_4_fu_50813_p2              |   icmp   |      0|   0|    7|          16|           1|
    |tmp_149_5_fu_50873_p2              |   icmp   |      0|   0|    7|          16|           1|
    |tmp_149_6_fu_50933_p2              |   icmp   |      0|   0|    7|          16|           1|
    |tmp_149_7_fu_50993_p2              |   icmp   |      0|   0|    7|          16|           1|
    |tmp_149_8_fu_51053_p2              |   icmp   |      0|   0|    7|          16|           1|
    |tmp_149_9_fu_52200_p2              |   icmp   |      0|   0|    7|          16|           1|
    |tmp_149_fu_50360_p2                |   icmp   |      0|   0|    7|          16|           1|
    |tmp_160_1_fu_50583_p2              |   icmp   |      0|   0|   12|          32|           1|
    |tmp_160_2_fu_51280_p2              |   icmp   |      0|   0|   12|          32|           1|
    |tmp_160_3_fu_51415_p2              |   icmp   |      0|   0|   12|          32|           1|
    |tmp_160_4_fu_51550_p2              |   icmp   |      0|   0|   12|          32|           1|
    |tmp_160_5_fu_51685_p2              |   icmp   |      0|   0|   12|          32|           1|
    |tmp_160_6_fu_51820_p2              |   icmp   |      0|   0|   12|          32|           1|
    |tmp_160_7_fu_51955_p2              |   icmp   |      0|   0|   12|          32|           1|
    |tmp_160_8_fu_52090_p2              |   icmp   |      0|   0|   12|          32|           1|
    |tmp_160_9_fu_52644_p2              |   icmp   |      0|   0|   12|          32|           1|
    |tmp_160_fu_50421_p2                |   icmp   |      0|   0|   12|          32|           1|
    |tmp_54_fu_53020_p2                 |   icmp   |      0|   0|   12|          32|          32|
    |tmp_55_fu_52896_p2                 |   icmp   |      0|   0|   12|          32|          32|
    |tmp_60_fu_53081_p2                 |   icmp   |      0|   0|   12|          32|           1|
    |tmp_71_10_fu_26016_p2              |   icmp   |      0|   0|   23|          63|           1|
    |tmp_71_11_fu_26534_p2              |   icmp   |      0|   0|   23|          63|           1|
    |tmp_71_12_fu_26580_p2              |   icmp   |      0|   0|   23|          63|           1|
    |tmp_71_13_fu_27098_p2              |   icmp   |      0|   0|   23|          63|           1|
    |tmp_71_14_fu_27144_p2              |   icmp   |      0|   0|   23|          63|           1|
    |tmp_71_15_fu_27662_p2              |   icmp   |      0|   0|   23|          63|           1|
    |tmp_71_16_fu_27708_p2              |   icmp   |      0|   0|   23|          63|           1|
    |tmp_71_17_fu_28226_p2              |   icmp   |      0|   0|   23|          63|           1|
    |tmp_71_18_fu_28272_p2              |   icmp   |      0|   0|   23|          63|           1|
    |tmp_71_19_fu_28790_p2              |   icmp   |      0|   0|   23|          63|           1|
    |tmp_71_1_fu_23232_p2               |   icmp   |      0|   0|   23|          63|           1|
    |tmp_71_20_fu_28836_p2              |   icmp   |      0|   0|   23|          63|           1|
    |tmp_71_21_fu_29354_p2              |   icmp   |      0|   0|   23|          63|           1|
    |tmp_71_22_fu_29400_p2              |   icmp   |      0|   0|   23|          63|           1|
    |tmp_71_23_fu_29918_p2              |   icmp   |      0|   0|   23|          63|           1|
    |tmp_71_24_fu_29964_p2              |   icmp   |      0|   0|   23|          63|           1|
    |tmp_71_25_fu_30524_p2              |   icmp   |      0|   0|   23|          63|           1|
    |tmp_71_26_fu_30735_p2              |   icmp   |      0|   0|   23|          63|           1|
    |tmp_71_2_fu_23714_p2               |   icmp   |      0|   0|   23|          63|           1|
    |tmp_71_3_fu_23760_p2               |   icmp   |      0|   0|   23|          63|           1|
    |tmp_71_4_fu_24278_p2               |   icmp   |      0|   0|   23|          63|           1|
    |tmp_71_5_fu_24324_p2               |   icmp   |      0|   0|   23|          63|           1|
    |tmp_71_6_fu_24842_p2               |   icmp   |      0|   0|   23|          63|           1|
    |tmp_71_7_fu_24888_p2               |   icmp   |      0|   0|   23|          63|           1|
    |tmp_71_8_fu_25406_p2               |   icmp   |      0|   0|   23|          63|           1|
    |tmp_71_9_fu_25452_p2               |   icmp   |      0|   0|   23|          63|           1|
    |tmp_71_fu_23186_p2                 |   icmp   |      0|   0|   23|          63|           1|
    |tmp_71_s_fu_25970_p2               |   icmp   |      0|   0|   23|          63|           1|
    |tmp_73_10_fu_26320_p2              |   icmp   |      0|   0|    5|          12|           4|
    |tmp_73_11_fu_26680_p2              |   icmp   |      0|   0|    5|          12|           4|
    |tmp_73_12_fu_26884_p2              |   icmp   |      0|   0|    5|          12|           4|
    |tmp_73_13_fu_27244_p2              |   icmp   |      0|   0|    5|          12|           4|
    |tmp_73_14_fu_27448_p2              |   icmp   |      0|   0|    5|          12|           4|
    |tmp_73_15_fu_27808_p2              |   icmp   |      0|   0|    5|          12|           4|
    |tmp_73_16_fu_28012_p2              |   icmp   |      0|   0|    5|          12|           4|
    |tmp_73_17_fu_28372_p2              |   icmp   |      0|   0|    5|          12|           4|
    |tmp_73_18_fu_28576_p2              |   icmp   |      0|   0|    5|          12|           4|
    |tmp_73_19_fu_28936_p2              |   icmp   |      0|   0|    5|          12|           4|
    |tmp_73_1_fu_23500_p2               |   icmp   |      0|   0|    5|          12|           4|
    |tmp_73_20_fu_29140_p2              |   icmp   |      0|   0|    5|          12|           4|
    |tmp_73_21_fu_29500_p2              |   icmp   |      0|   0|    5|          12|           4|
    |tmp_73_22_fu_29704_p2              |   icmp   |      0|   0|    5|          12|           4|
    |tmp_73_23_fu_30116_p2              |   icmp   |      0|   0|    5|          12|           4|
    |tmp_73_24_fu_30320_p2              |   icmp   |      0|   0|    5|          12|           4|
    |tmp_73_25_fu_30529_p2              |   icmp   |      0|   0|    5|          12|           4|
    |tmp_73_26_fu_30740_p2              |   icmp   |      0|   0|    5|          12|           4|
    |tmp_73_2_fu_23860_p2               |   icmp   |      0|   0|    5|          12|           4|
    |tmp_73_3_fu_24064_p2               |   icmp   |      0|   0|    5|          12|           4|
    |tmp_73_4_fu_24424_p2               |   icmp   |      0|   0|    5|          12|           4|
    |tmp_73_5_fu_24628_p2               |   icmp   |      0|   0|    5|          12|           4|
    |tmp_73_6_fu_24988_p2               |   icmp   |      0|   0|    5|          12|           4|
    |tmp_73_7_fu_25192_p2               |   icmp   |      0|   0|    5|          12|           4|
    |tmp_73_8_fu_25552_p2               |   icmp   |      0|   0|    5|          12|           4|
    |tmp_73_9_fu_25756_p2               |   icmp   |      0|   0|    5|          12|           4|
    |tmp_73_fu_23296_p2                 |   icmp   |      0|   0|    5|          12|           4|
    |tmp_73_s_fu_26116_p2               |   icmp   |      0|   0|    5|          12|           4|
    |tmp_76_10_fu_26347_p2              |   icmp   |      0|   0|    5|          12|           4|
    |tmp_76_11_fu_26707_p2              |   icmp   |      0|   0|    5|          12|           4|
    |tmp_76_12_fu_26911_p2              |   icmp   |      0|   0|    5|          12|           4|
    |tmp_76_13_fu_27271_p2              |   icmp   |      0|   0|    5|          12|           4|
    |tmp_76_14_fu_27475_p2              |   icmp   |      0|   0|    5|          12|           4|
    |tmp_76_15_fu_27835_p2              |   icmp   |      0|   0|    5|          12|           4|
    |tmp_76_16_fu_28039_p2              |   icmp   |      0|   0|    5|          12|           4|
    |tmp_76_17_fu_28399_p2              |   icmp   |      0|   0|    5|          12|           4|
    |tmp_76_18_fu_28603_p2              |   icmp   |      0|   0|    5|          12|           4|
    |tmp_76_19_fu_28963_p2              |   icmp   |      0|   0|    5|          12|           4|
    |tmp_76_1_fu_23527_p2               |   icmp   |      0|   0|    5|          12|           4|
    |tmp_76_20_fu_29167_p2              |   icmp   |      0|   0|    5|          12|           4|
    |tmp_76_21_fu_29527_p2              |   icmp   |      0|   0|    5|          12|           4|
    |tmp_76_22_fu_29731_p2              |   icmp   |      0|   0|    5|          12|           4|
    |tmp_76_23_fu_30143_p2              |   icmp   |      0|   0|    5|          12|           4|
    |tmp_76_24_fu_30347_p2              |   icmp   |      0|   0|    5|          12|           4|
    |tmp_76_25_fu_30556_p2              |   icmp   |      0|   0|    5|          12|           4|
    |tmp_76_26_fu_30767_p2              |   icmp   |      0|   0|    5|          12|           4|
    |tmp_76_2_fu_23887_p2               |   icmp   |      0|   0|    5|          12|           4|
    |tmp_76_3_fu_24091_p2               |   icmp   |      0|   0|    5|          12|           4|
    |tmp_76_4_fu_24451_p2               |   icmp   |      0|   0|    5|          12|           4|
    |tmp_76_5_fu_24655_p2               |   icmp   |      0|   0|    5|          12|           4|
    |tmp_76_6_fu_25015_p2               |   icmp   |      0|   0|    5|          12|           4|
    |tmp_76_7_fu_25219_p2               |   icmp   |      0|   0|    5|          12|           4|
    |tmp_76_8_fu_25579_p2               |   icmp   |      0|   0|    5|          12|           4|
    |tmp_76_9_fu_25783_p2               |   icmp   |      0|   0|    5|          12|           4|
    |tmp_76_fu_23323_p2                 |   icmp   |      0|   0|    5|          12|           4|
    |tmp_76_s_fu_26143_p2               |   icmp   |      0|   0|    5|          12|           4|
    |tmp_84_10_fu_26356_p2              |   icmp   |      0|   0|    5|          12|           6|
    |tmp_84_11_fu_26716_p2              |   icmp   |      0|   0|    5|          12|           6|
    |tmp_84_12_fu_26920_p2              |   icmp   |      0|   0|    5|          12|           6|
    |tmp_84_13_fu_27280_p2              |   icmp   |      0|   0|    5|          12|           6|
    |tmp_84_14_fu_27484_p2              |   icmp   |      0|   0|    5|          12|           6|
    |tmp_84_15_fu_27844_p2              |   icmp   |      0|   0|    5|          12|           6|
    |tmp_84_16_fu_28048_p2              |   icmp   |      0|   0|    5|          12|           6|
    |tmp_84_17_fu_28408_p2              |   icmp   |      0|   0|    5|          12|           6|
    |tmp_84_18_fu_28612_p2              |   icmp   |      0|   0|    5|          12|           6|
    |tmp_84_19_fu_28972_p2              |   icmp   |      0|   0|    5|          12|           6|
    |tmp_84_1_fu_23536_p2               |   icmp   |      0|   0|    5|          12|           6|
    |tmp_84_20_fu_29176_p2              |   icmp   |      0|   0|    5|          12|           6|
    |tmp_84_21_fu_29536_p2              |   icmp   |      0|   0|    5|          12|           6|
    |tmp_84_22_fu_29740_p2              |   icmp   |      0|   0|    5|          12|           6|
    |tmp_84_23_fu_30152_p2              |   icmp   |      0|   0|    5|          12|           6|
    |tmp_84_24_fu_30356_p2              |   icmp   |      0|   0|    5|          12|           6|
    |tmp_84_25_fu_30565_p2              |   icmp   |      0|   0|    5|          12|           6|
    |tmp_84_26_fu_30776_p2              |   icmp   |      0|   0|    5|          12|           6|
    |tmp_84_2_fu_23896_p2               |   icmp   |      0|   0|    5|          12|           6|
    |tmp_84_3_fu_24100_p2               |   icmp   |      0|   0|    5|          12|           6|
    |tmp_84_4_fu_24460_p2               |   icmp   |      0|   0|    5|          12|           6|
    |tmp_84_5_fu_24664_p2               |   icmp   |      0|   0|    5|          12|           6|
    |tmp_84_6_fu_25024_p2               |   icmp   |      0|   0|    5|          12|           6|
    |tmp_84_7_fu_25228_p2               |   icmp   |      0|   0|    5|          12|           6|
    |tmp_84_8_fu_25588_p2               |   icmp   |      0|   0|    5|          12|           6|
    |tmp_84_9_fu_25792_p2               |   icmp   |      0|   0|    5|          12|           6|
    |tmp_84_fu_23332_p2                 |   icmp   |      0|   0|    5|          12|           6|
    |tmp_84_s_fu_26152_p2               |   icmp   |      0|   0|    5|          12|           6|
    |tmp_s_fu_22912_p2                  |   icmp   |      0|   0|    2|           5|           4|
    |tmp_1433_fu_50349_p2               |   lshr   |      0|   0|   35|           2|          16|
    |tmp_1444_fu_50511_p2               |   lshr   |      0|   0|   35|           2|          16|
    |tmp_1455_fu_50682_p2               |   lshr   |      0|   0|   35|           2|          16|
    |tmp_1466_fu_50742_p2               |   lshr   |      0|   0|   35|           2|          16|
    |tmp_1477_fu_50802_p2               |   lshr   |      0|   0|   35|           2|          16|
    |tmp_1488_fu_50862_p2               |   lshr   |      0|   0|   35|           2|          16|
    |tmp_1499_fu_50922_p2               |   lshr   |      0|   0|   35|           2|          16|
    |tmp_1510_fu_50982_p2               |   lshr   |      0|   0|   35|           2|          16|
    |tmp_1521_fu_51042_p2               |   lshr   |      0|   0|   35|           2|          16|
    |tmp_1532_fu_52189_p2               |   lshr   |      0|   0|   35|           2|          16|
    |tmp_163_1_fu_50594_p2              |   lshr   |      0|   0|   85|          32|          32|
    |tmp_163_2_fu_51291_p2              |   lshr   |      0|   0|   85|          32|          32|
    |tmp_163_3_fu_51426_p2              |   lshr   |      0|   0|   85|          32|          32|
    |tmp_163_4_fu_51561_p2              |   lshr   |      0|   0|   85|          32|          32|
    |tmp_163_5_fu_51696_p2              |   lshr   |      0|   0|   85|          32|          32|
    |tmp_163_6_fu_51831_p2              |   lshr   |      0|   0|   85|          32|          32|
    |tmp_163_7_fu_51966_p2              |   lshr   |      0|   0|   85|          32|          32|
    |tmp_163_8_fu_52101_p2              |   lshr   |      0|   0|   85|          32|          32|
    |tmp_163_9_fu_52655_p2              |   lshr   |      0|   0|   85|          32|          32|
    |tmp_163_fu_50432_p2                |   lshr   |      0|   0|   85|          32|          32|
    |ap_block_state255_on_subcall_done  |    or    |      0|   0|    1|           1|           1|
    |newIndex2_fu_44647_p2              |    or    |      0|   0|    4|           4|           2|
    |newIndex4_fu_47312_p2              |    or    |      0|   0|    4|           4|           2|
    |newIndex9_fu_45078_p2              |    or    |      0|   0|    4|           4|           1|
    |sel_tmp106_demorgan_fu_24535_p2    |    or    |      0|   0|    1|           1|           1|
    |sel_tmp10_demorgan_fu_23407_p2     |    or    |      0|   0|    1|           1|           1|
    |sel_tmp121_demorgan_fu_24586_p2    |    or    |      0|   0|    1|           1|           1|
    |sel_tmp130_demorgan_fu_24739_p2    |    or    |      0|   0|    1|           1|           1|
    |sel_tmp145_demorgan_fu_24790_p2    |    or    |      0|   0|    1|           1|           1|
    |sel_tmp154_demorgan_fu_25099_p2    |    or    |      0|   0|    1|           1|           1|
    |sel_tmp169_demorgan_fu_25150_p2    |    or    |      0|   0|    1|           1|           1|
    |sel_tmp178_demorgan_fu_25303_p2    |    or    |      0|   0|    1|           1|           1|
    |sel_tmp193_demorgan_fu_25354_p2    |    or    |      0|   0|    1|           1|           1|
    |sel_tmp202_demorgan_fu_25663_p2    |    or    |      0|   0|    1|           1|           1|
    |sel_tmp217_demorgan_fu_25714_p2    |    or    |      0|   0|    1|           1|           1|
    |sel_tmp226_demorgan_fu_25867_p2    |    or    |      0|   0|    1|           1|           1|
    |sel_tmp241_demorgan_fu_25918_p2    |    or    |      0|   0|    1|           1|           1|
    |sel_tmp250_demorgan_fu_26227_p2    |    or    |      0|   0|    1|           1|           1|
    |sel_tmp25_demorgan_fu_23458_p2     |    or    |      0|   0|    1|           1|           1|
    |sel_tmp265_demorgan_fu_26278_p2    |    or    |      0|   0|    1|           1|           1|
    |sel_tmp274_demorgan_fu_26431_p2    |    or    |      0|   0|    1|           1|           1|
    |sel_tmp289_demorgan_fu_26482_p2    |    or    |      0|   0|    1|           1|           1|
    |sel_tmp298_demorgan_fu_26791_p2    |    or    |      0|   0|    1|           1|           1|
    |sel_tmp313_demorgan_fu_26842_p2    |    or    |      0|   0|    1|           1|           1|
    |sel_tmp322_demorgan_fu_26995_p2    |    or    |      0|   0|    1|           1|           1|
    |sel_tmp337_demorgan_fu_27046_p2    |    or    |      0|   0|    1|           1|           1|
    |sel_tmp346_demorgan_fu_27355_p2    |    or    |      0|   0|    1|           1|           1|
    |sel_tmp34_demorgan_fu_23611_p2     |    or    |      0|   0|    1|           1|           1|
    |sel_tmp361_demorgan_fu_27406_p2    |    or    |      0|   0|    1|           1|           1|
    |sel_tmp370_demorgan_fu_27559_p2    |    or    |      0|   0|    1|           1|           1|
    |sel_tmp385_demorgan_fu_27610_p2    |    or    |      0|   0|    1|           1|           1|
    |sel_tmp394_demorgan_fu_27919_p2    |    or    |      0|   0|    1|           1|           1|
    |sel_tmp409_demorgan_fu_27970_p2    |    or    |      0|   0|    1|           1|           1|
    |sel_tmp418_demorgan_fu_28123_p2    |    or    |      0|   0|    1|           1|           1|
    |sel_tmp433_demorgan_fu_28174_p2    |    or    |      0|   0|    1|           1|           1|
    |sel_tmp442_demorgan_fu_28483_p2    |    or    |      0|   0|    1|           1|           1|
    |sel_tmp457_demorgan_fu_28534_p2    |    or    |      0|   0|    1|           1|           1|
    |sel_tmp466_demorgan_fu_28687_p2    |    or    |      0|   0|    1|           1|           1|
    |sel_tmp481_demorgan_fu_28738_p2    |    or    |      0|   0|    1|           1|           1|
    |sel_tmp490_demorgan_fu_29047_p2    |    or    |      0|   0|    1|           1|           1|
    |sel_tmp49_demorgan_fu_23662_p2     |    or    |      0|   0|    1|           1|           1|
    |sel_tmp505_demorgan_fu_29098_p2    |    or    |      0|   0|    1|           1|           1|
    |sel_tmp514_demorgan_fu_29251_p2    |    or    |      0|   0|    1|           1|           1|
    |sel_tmp529_demorgan_fu_29302_p2    |    or    |      0|   0|    1|           1|           1|
    |sel_tmp538_demorgan_fu_29611_p2    |    or    |      0|   0|    1|           1|           1|
    |sel_tmp553_demorgan_fu_29662_p2    |    or    |      0|   0|    1|           1|           1|
    |sel_tmp562_demorgan_fu_29815_p2    |    or    |      0|   0|    1|           1|           1|
    |sel_tmp577_demorgan_fu_29866_p2    |    or    |      0|   0|    1|           1|           1|
    |sel_tmp586_demorgan_fu_30227_p2    |    or    |      0|   0|    1|           1|           1|
    |sel_tmp58_demorgan_fu_23971_p2     |    or    |      0|   0|    1|           1|           1|
    |sel_tmp601_demorgan_fu_30278_p2    |    or    |      0|   0|    1|           1|           1|
    |sel_tmp610_demorgan_fu_30431_p2    |    or    |      0|   0|    1|           1|           1|
    |sel_tmp625_demorgan_fu_30482_p2    |    or    |      0|   0|    1|           1|           1|
    |sel_tmp634_demorgan_fu_30641_p2    |    or    |      0|   0|    1|           1|           1|
    |sel_tmp649_demorgan_fu_30693_p2    |    or    |      0|   0|    1|           1|           1|
    |sel_tmp658_demorgan_fu_30852_p2    |    or    |      0|   0|    1|           1|           1|
    |sel_tmp673_demorgan_fu_30904_p2    |    or    |      0|   0|    1|           1|           1|
    |sel_tmp73_demorgan_fu_24022_p2     |    or    |      0|   0|    1|           1|           1|
    |sel_tmp82_demorgan_fu_24175_p2     |    or    |      0|   0|    1|           1|           1|
    |sel_tmp97_demorgan_fu_24226_p2     |    or    |      0|   0|    1|           1|           1|
    |tmp_1027_fu_47861_p2               |    or    |      0|   0|    1|           1|           1|
    |tmp_1034_fu_47932_p2               |    or    |      0|   0|    1|           1|           1|
    |tmp_1041_fu_48003_p2               |    or    |      0|   0|    1|           1|           1|
    |tmp_1048_fu_48074_p2               |    or    |      0|   0|    1|           1|           1|
    |tmp_1055_fu_48145_p2               |    or    |      0|   0|    1|           1|           1|
    |tmp_1062_fu_48835_p2               |    or    |      0|   0|    1|           1|           1|
    |tmp_1069_fu_49084_p2               |    or    |      0|   0|    1|           1|           1|
    |tmp_1109_fu_52829_p2               |    or    |      0|   0|    1|           1|           1|
    |tmp_1110_fu_52847_p2               |    or    |      0|   0|    1|           1|           1|
    |tmp_1118_fu_52955_p2               |    or    |      0|   0|    1|           1|           1|
    |tmp_1119_fu_52973_p2               |    or    |      0|   0|    1|           1|           1|
    |tmp_1125_fu_53055_p2               |    or    |      0|   0|    1|           1|           1|
    |tmp_1340_fu_22986_p2               |    or    |      0|   0|    1|           1|           1|
    |tmp_1342_fu_22998_p2               |    or    |      0|   0|    1|           1|           1|
    |tmp_1344_fu_23010_p2               |    or    |      0|   0|    1|           1|           1|
    |tmp_1346_fu_23022_p2               |    or    |      0|   0|    1|           1|           1|
    |tmp_1348_fu_23034_p2               |    or    |      0|   0|    1|           1|           1|
    |tmp_1350_fu_23046_p2               |    or    |      0|   0|    1|           1|           1|
    |tmp_1352_fu_23058_p2               |    or    |      0|   0|    1|           1|           1|
    |tmp_1354_fu_23070_p2               |    or    |      0|   0|    1|           1|           1|
    |tmp_1356_fu_23082_p2               |    or    |      0|   0|    1|           1|           1|
    |tmp_1358_fu_23094_p2               |    or    |      0|   0|    1|           1|           1|
    |tmp_1360_fu_23106_p2               |    or    |      0|   0|    1|           1|           1|
    |tmp_1362_fu_23118_p2               |    or    |      0|   0|    1|           1|           1|
    |tmp_230_fu_43936_p2                |    or    |      0|   0|    1|           1|           1|
    |tmp_233_fu_44093_p2                |    or    |      0|   0|    1|           1|           1|
    |tmp_236_fu_44267_p2                |    or    |      0|   0|    1|           1|           1|
    |tmp_239_fu_44441_p2                |    or    |      0|   0|    1|           1|           1|
    |tmp_242_fu_44615_p2                |    or    |      0|   0|    1|           1|           1|
    |tmp_245_fu_44823_p2                |    or    |      0|   0|    1|           1|           1|
    |tmp_248_fu_45046_p2                |    or    |      0|   0|    1|           1|           1|
    |tmp_251_fu_45668_p2                |    or    |      0|   0|    1|           1|           1|
    |tmp_254_fu_46365_p2                |    or    |      0|   0|    1|           1|           1|
    |tmp_257_fu_46684_p2                |    or    |      0|   0|    1|           1|           1|
    |tmp_260_fu_46932_p2                |    or    |      0|   0|    1|           1|           1|
    |tmp_263_fu_47106_p2                |    or    |      0|   0|    1|           1|           1|
    |tmp_266_fu_47280_p2                |    or    |      0|   0|    1|           1|           1|
    |tmp_269_fu_47488_p2                |    or    |      0|   0|    1|           1|           1|
    |tmp_272_fu_47711_p2                |    or    |      0|   0|    1|           1|           1|
    |tmp_281_fu_48320_p2                |    or    |      0|   0|    1|           1|           1|
    |tmp_290_fu_45138_p2                |    or    |      0|   0|    1|           1|           1|
    |tmp_299_fu_45209_p2                |    or    |      0|   0|    1|           1|           1|
    |tmp_308_fu_45280_p2                |    or    |      0|   0|    1|           1|           1|
    |tmp_317_fu_45351_p2                |    or    |      0|   0|    1|           1|           1|
    |tmp_326_fu_45422_p2                |    or    |      0|   0|    1|           1|           1|
    |tmp_335_fu_45493_p2                |    or    |      0|   0|    1|           1|           1|
    |tmp_344_fu_46191_p2                |    or    |      0|   0|    1|           1|           1|
    |tmp_353_fu_46518_p2                |    or    |      0|   0|    1|           1|           1|
    |tmp_358_fu_50404_p2                |    or    |      0|   0|    1|           1|           1|
    |tmp_364_fu_50566_p2                |    or    |      0|   0|    1|           1|           1|
    |tmp_369_fu_51263_p2                |    or    |      0|   0|    1|           1|           1|
    |tmp_374_fu_51398_p2                |    or    |      0|   0|    1|           1|           1|
    |tmp_379_fu_51533_p2                |    or    |      0|   0|    1|           1|           1|
    |tmp_384_fu_51668_p2                |    or    |      0|   0|    1|           1|           1|
    |tmp_389_fu_51803_p2                |    or    |      0|   0|    1|           1|           1|
    |tmp_394_fu_51938_p2                |    or    |      0|   0|    1|           1|           1|
    |tmp_399_fu_52073_p2                |    or    |      0|   0|    1|           1|           1|
    |tmp_404_fu_52627_p2                |    or    |      0|   0|    1|           1|           1|
    |tmp_411_fu_47790_p2                |    or    |      0|   0|    1|           1|           1|
    |tmp_67_1_fu_23124_p2               |    or    |      0|   0|   11|          11|           2|
    |tmp_67_2_fu_23138_p2               |    or    |      0|   0|   11|          11|           2|
    |tmp_67_s_fu_22963_p2               |    or    |      0|   0|   32|          32|           1|
    |argmax_1_fu_52865_p3               |  select  |      0|   0|   32|           1|          32|
    |m_14_1_fu_50611_p3                 |  select  |      0|   0|   32|           1|          32|
    |m_14_2_fu_51308_p3                 |  select  |      0|   0|   32|           1|          32|
    |m_14_3_fu_51443_p3                 |  select  |      0|   0|   32|           1|          32|
    |m_14_4_fu_51578_p3                 |  select  |      0|   0|   32|           1|          32|
    |m_14_5_fu_51713_p3                 |  select  |      0|   0|   32|           1|          32|
    |m_14_6_fu_51848_p3                 |  select  |      0|   0|   32|           1|          32|
    |m_14_7_fu_51983_p3                 |  select  |      0|   0|   32|           1|          32|
    |m_14_8_fu_52118_p3                 |  select  |      0|   0|   32|           1|          32|
    |m_14_9_fu_52672_p3                 |  select  |      0|   0|   32|           1|          32|
    |m_s_fu_50449_p3                    |  select  |      0|   0|   32|           1|          32|
    |man_V_2_10_fu_26313_p3             |  select  |      0|   0|   54|           1|          54|
    |man_V_2_11_fu_26673_p3             |  select  |      0|   0|   54|           1|          54|
    |man_V_2_12_fu_26877_p3             |  select  |      0|   0|   54|           1|          54|
    |man_V_2_13_fu_27237_p3             |  select  |      0|   0|   54|           1|          54|
    |man_V_2_14_fu_27441_p3             |  select  |      0|   0|   54|           1|          54|
    |man_V_2_15_fu_27801_p3             |  select  |      0|   0|   54|           1|          54|
    |man_V_2_16_fu_28005_p3             |  select  |      0|   0|   54|           1|          54|
    |man_V_2_17_fu_28365_p3             |  select  |      0|   0|   54|           1|          54|
    |man_V_2_18_fu_28569_p3             |  select  |      0|   0|   54|           1|          54|
    |man_V_2_19_fu_28929_p3             |  select  |      0|   0|   54|           1|          54|
    |man_V_2_1_fu_23493_p3              |  select  |      0|   0|   54|           1|          54|
    |man_V_2_20_fu_29133_p3             |  select  |      0|   0|   54|           1|          54|
    |man_V_2_21_fu_29493_p3             |  select  |      0|   0|   54|           1|          54|
    |man_V_2_22_fu_29697_p3             |  select  |      0|   0|   54|           1|          54|
    |man_V_2_23_fu_30109_p3             |  select  |      0|   0|   54|           1|          54|
    |man_V_2_24_fu_30313_p3             |  select  |      0|   0|   54|           1|          54|
    |man_V_2_25_fu_30517_p3             |  select  |      0|   0|   54|           1|          54|
    |man_V_2_26_fu_30728_p3             |  select  |      0|   0|   54|           1|          54|
    |man_V_2_2_fu_23853_p3              |  select  |      0|   0|   54|           1|          54|
    |man_V_2_3_fu_24057_p3              |  select  |      0|   0|   54|           1|          54|
    |man_V_2_4_fu_24417_p3              |  select  |      0|   0|   54|           1|          54|
    |man_V_2_5_fu_24621_p3              |  select  |      0|   0|   54|           1|          54|
    |man_V_2_6_fu_24981_p3              |  select  |      0|   0|   54|           1|          54|
    |man_V_2_7_fu_25185_p3              |  select  |      0|   0|   54|           1|          54|
    |man_V_2_8_fu_25545_p3              |  select  |      0|   0|   54|           1|          54|
    |man_V_2_9_fu_25749_p3              |  select  |      0|   0|   54|           1|          54|
    |man_V_2_fu_23289_p3                |  select  |      0|   0|   54|           1|          54|
    |man_V_2_s_fu_26109_p3              |  select  |      0|   0|   54|           1|          54|
    |max_val_2_fu_52872_p3              |  select  |      0|   0|   32|           1|          32|
    |p_2_1_fu_51197_p3                  |  select  |      0|   0|   32|           1|           1|
    |p_2_2_fu_52254_p3                  |  select  |      0|   0|   32|           1|           1|
    |p_2_3_fu_52306_p3                  |  select  |      0|   0|   32|           1|           1|
    |p_2_4_fu_52358_p3                  |  select  |      0|   0|   32|           1|           1|
    |p_2_5_fu_52409_p3                  |  select  |      0|   0|   32|           1|           1|
    |p_2_6_fu_52460_p3                  |  select  |      0|   0|   32|           1|           1|
    |p_2_7_fu_52511_p3                  |  select  |      0|   0|   32|           1|           1|
    |p_2_8_fu_52562_p3                  |  select  |      0|   0|   32|           1|           1|
    |p_2_9_fu_52748_p3                  |  select  |      0|   0|   32|           1|           1|
    |p_2_fu_51145_p3                    |  select  |      0|   0|   32|           1|           1|
    |p_Val2_1_fu_49929_p3               |  select  |      0|   0|   16|           1|          16|
    |p_Val2_50_10_fu_47112_p3           |  select  |      0|   0|   12|           1|          12|
    |p_Val2_50_11_fu_47286_p3           |  select  |      0|   0|   12|           1|          12|
    |p_Val2_50_12_fu_47494_p3           |  select  |      0|   0|   12|           1|          12|
    |p_Val2_50_13_fu_47717_p3           |  select  |      0|   0|   12|           1|          12|
    |p_Val2_50_14_fu_48326_p3           |  select  |      0|   0|   12|           1|          12|
    |p_Val2_50_15_fu_45144_p3           |  select  |      0|   0|   12|           1|          12|
    |p_Val2_50_16_fu_45215_p3           |  select  |      0|   0|   12|           1|          12|
    |p_Val2_50_17_fu_45286_p3           |  select  |      0|   0|   12|           1|          12|
    |p_Val2_50_18_fu_45357_p3           |  select  |      0|   0|   12|           1|          12|
    |p_Val2_50_19_fu_45428_p3           |  select  |      0|   0|   12|           1|          12|
    |p_Val2_50_1_fu_44099_p3            |  select  |      0|   0|   12|           1|          12|
    |p_Val2_50_20_fu_45499_p3           |  select  |      0|   0|   12|           1|          12|
    |p_Val2_50_21_fu_46197_p3           |  select  |      0|   0|   12|           1|          12|
    |p_Val2_50_22_fu_46524_p3           |  select  |      0|   0|   12|           1|          12|
    |p_Val2_50_23_fu_47796_p3           |  select  |      0|   0|   12|           1|          12|
    |p_Val2_50_24_fu_47867_p3           |  select  |      0|   0|   12|           1|          12|
    |p_Val2_50_25_fu_47938_p3           |  select  |      0|   0|   12|           1|          12|
    |p_Val2_50_26_fu_48009_p3           |  select  |      0|   0|   12|           1|          12|
    |p_Val2_50_27_fu_48080_p3           |  select  |      0|   0|   12|           1|          12|
    |p_Val2_50_28_fu_48151_p3           |  select  |      0|   0|   12|           1|          12|
    |p_Val2_50_29_fu_48841_p3           |  select  |      0|   0|   12|           1|          12|
    |p_Val2_50_2_fu_44273_p3            |  select  |      0|   0|   12|           1|          12|
    |p_Val2_50_30_fu_49090_p3           |  select  |      0|   0|   12|           1|          12|
    |p_Val2_50_3_fu_44447_p3            |  select  |      0|   0|   12|           1|          12|
    |p_Val2_50_4_fu_44621_p3            |  select  |      0|   0|   12|           1|          12|
    |p_Val2_50_5_fu_44829_p3            |  select  |      0|   0|   12|           1|          12|
    |p_Val2_50_6_fu_45052_p3            |  select  |      0|   0|   12|           1|          12|
    |p_Val2_50_7_fu_45674_p3            |  select  |      0|   0|   12|           1|          12|
    |p_Val2_50_8_fu_46371_p3            |  select  |      0|   0|   12|           1|          12|
    |p_Val2_50_9_fu_46690_p3            |  select  |      0|   0|   12|           1|          12|
    |p_Val2_50_s_fu_46938_p3            |  select  |      0|   0|   12|           1|          12|
    |p_Val2_57_1_fu_50001_p3            |  select  |      0|   0|   16|           1|          16|
    |p_Val2_57_2_fu_50073_p3            |  select  |      0|   0|   16|           1|          16|
    |p_Val2_57_3_fu_50111_p3            |  select  |      0|   0|   16|           1|          16|
    |p_Val2_57_4_fu_50149_p3            |  select  |      0|   0|   16|           1|          16|
    |p_Val2_57_5_fu_50187_p3            |  select  |      0|   0|   16|           1|          16|
    |p_Val2_57_6_fu_50225_p3            |  select  |      0|   0|   16|           1|          16|
    |p_Val2_57_7_fu_50263_p3            |  select  |      0|   0|   16|           1|          16|
    |p_Val2_57_8_fu_50301_p3            |  select  |      0|   0|   16|           1|          16|
    |p_Val2_57_9_fu_51083_p3            |  select  |      0|   0|   16|           1|          16|
    |p_Val2_s_fu_43942_p3               |  select  |      0|   0|   12|           1|          12|
    |second_max_1_fu_53010_p3           |  select  |      0|   0|   32|           1|          32|
    |second_max_3_fu_53002_p3           |  select  |      0|   0|   32|           1|          32|
    |sel_tmp103_fu_24527_p3             |  select  |      0|   0|   16|           1|          16|
    |sel_tmp110_fu_24564_p3             |  select  |      0|   0|   16|           1|          16|
    |sel_tmp116_fu_24578_p3             |  select  |      0|   0|   16|           1|          16|
    |sel_tmp127_fu_24731_p3             |  select  |      0|   0|   16|           1|          16|
    |sel_tmp134_fu_24768_p3             |  select  |      0|   0|   16|           1|          16|
    |sel_tmp136_fu_24782_p3             |  select  |      0|   0|   16|           1|          16|
    |sel_tmp141_fu_25091_p3             |  select  |      0|   0|   16|           1|          16|
    |sel_tmp146_fu_25128_p3             |  select  |      0|   0|   16|           1|          16|
    |sel_tmp148_fu_25142_p3             |  select  |      0|   0|   16|           1|          16|
    |sel_tmp14_fu_23436_p3              |  select  |      0|   0|   16|           1|          16|
    |sel_tmp153_fu_25295_p3             |  select  |      0|   0|   16|           1|          16|
    |sel_tmp158_fu_25332_p3             |  select  |      0|   0|   16|           1|          16|
    |sel_tmp160_fu_25346_p3             |  select  |      0|   0|   16|           1|          16|
    |sel_tmp165_fu_25655_p3             |  select  |      0|   0|   16|           1|          16|
    |sel_tmp170_fu_25692_p3             |  select  |      0|   0|   16|           1|          16|
    |sel_tmp172_fu_25706_p3             |  select  |      0|   0|   16|           1|          16|
    |sel_tmp177_fu_25859_p3             |  select  |      0|   0|   16|           1|          16|
    |sel_tmp182_fu_25896_p3             |  select  |      0|   0|   16|           1|          16|
    |sel_tmp184_fu_25910_p3             |  select  |      0|   0|   16|           1|          16|
    |sel_tmp189_fu_26219_p3             |  select  |      0|   0|   16|           1|          16|
    |sel_tmp194_fu_26256_p3             |  select  |      0|   0|   16|           1|          16|
    |sel_tmp196_fu_26270_p3             |  select  |      0|   0|   16|           1|          16|
    |sel_tmp201_fu_26423_p3             |  select  |      0|   0|   16|           1|          16|
    |sel_tmp206_fu_26460_p3             |  select  |      0|   0|   16|           1|          16|
    |sel_tmp208_fu_26474_p3             |  select  |      0|   0|   16|           1|          16|
    |sel_tmp20_fu_23450_p3              |  select  |      0|   0|   16|           1|          16|
    |sel_tmp213_fu_26783_p3             |  select  |      0|   0|   16|           1|          16|
    |sel_tmp218_fu_26820_p3             |  select  |      0|   0|   16|           1|          16|
    |sel_tmp220_fu_26834_p3             |  select  |      0|   0|   16|           1|          16|
    |sel_tmp225_fu_26987_p3             |  select  |      0|   0|   16|           1|          16|
    |sel_tmp230_fu_27024_p3             |  select  |      0|   0|   16|           1|          16|
    |sel_tmp232_fu_27038_p3             |  select  |      0|   0|   16|           1|          16|
    |sel_tmp237_fu_27347_p3             |  select  |      0|   0|   16|           1|          16|
    |sel_tmp242_fu_27384_p3             |  select  |      0|   0|   16|           1|          16|
    |sel_tmp244_fu_27398_p3             |  select  |      0|   0|   16|           1|          16|
    |sel_tmp249_fu_27551_p3             |  select  |      0|   0|   16|           1|          16|
    |sel_tmp254_fu_27588_p3             |  select  |      0|   0|   16|           1|          16|
    |sel_tmp256_fu_27602_p3             |  select  |      0|   0|   16|           1|          16|
    |sel_tmp261_fu_27911_p3             |  select  |      0|   0|   16|           1|          16|
    |sel_tmp266_fu_27948_p3             |  select  |      0|   0|   16|           1|          16|
    |sel_tmp268_fu_27962_p3             |  select  |      0|   0|   16|           1|          16|
    |sel_tmp273_fu_28115_p3             |  select  |      0|   0|   16|           1|          16|
    |sel_tmp278_fu_28152_p3             |  select  |      0|   0|   16|           1|          16|
    |sel_tmp280_fu_28166_p3             |  select  |      0|   0|   16|           1|          16|
    |sel_tmp285_fu_28475_p3             |  select  |      0|   0|   16|           1|          16|
    |sel_tmp290_fu_28512_p3             |  select  |      0|   0|   16|           1|          16|
    |sel_tmp292_fu_28526_p3             |  select  |      0|   0|   16|           1|          16|
    |sel_tmp297_fu_28679_p3             |  select  |      0|   0|   16|           1|          16|
    |sel_tmp302_fu_28716_p3             |  select  |      0|   0|   16|           1|          16|
    |sel_tmp304_fu_28730_p3             |  select  |      0|   0|   16|           1|          16|
    |sel_tmp309_fu_29039_p3             |  select  |      0|   0|   16|           1|          16|
    |sel_tmp314_fu_29076_p3             |  select  |      0|   0|   16|           1|          16|
    |sel_tmp316_fu_29090_p3             |  select  |      0|   0|   16|           1|          16|
    |sel_tmp31_fu_23603_p3              |  select  |      0|   0|   16|           1|          16|
    |sel_tmp321_fu_29243_p3             |  select  |      0|   0|   16|           1|          16|
    |sel_tmp326_fu_29280_p3             |  select  |      0|   0|   16|           1|          16|
    |sel_tmp328_fu_29294_p3             |  select  |      0|   0|   16|           1|          16|
    |sel_tmp333_fu_29603_p3             |  select  |      0|   0|   16|           1|          16|
    |sel_tmp338_fu_29640_p3             |  select  |      0|   0|   16|           1|          16|
    |sel_tmp340_fu_29654_p3             |  select  |      0|   0|   16|           1|          16|
    |sel_tmp345_fu_29807_p3             |  select  |      0|   0|   16|           1|          16|
    |sel_tmp350_fu_29844_p3             |  select  |      0|   0|   16|           1|          16|
    |sel_tmp352_fu_29858_p3             |  select  |      0|   0|   16|           1|          16|
    |sel_tmp357_fu_30219_p3             |  select  |      0|   0|   16|           1|          16|
    |sel_tmp362_fu_30256_p3             |  select  |      0|   0|   16|           1|          16|
    |sel_tmp364_fu_30270_p3             |  select  |      0|   0|   16|           1|          16|
    |sel_tmp369_fu_30423_p3             |  select  |      0|   0|   16|           1|          16|
    |sel_tmp374_fu_30460_p3             |  select  |      0|   0|   16|           1|          16|
    |sel_tmp376_fu_30474_p3             |  select  |      0|   0|   16|           1|          16|
    |sel_tmp381_fu_30633_p3             |  select  |      0|   0|   16|           1|          16|
    |sel_tmp386_fu_30671_p3             |  select  |      0|   0|   16|           1|          16|
    |sel_tmp388_fu_30685_p3             |  select  |      0|   0|   16|           1|          16|
    |sel_tmp38_fu_23640_p3              |  select  |      0|   0|   16|           1|          16|
    |sel_tmp393_fu_30844_p3             |  select  |      0|   0|   16|           1|          16|
    |sel_tmp398_fu_30882_p3             |  select  |      0|   0|   16|           1|          16|
    |sel_tmp400_fu_30896_p3             |  select  |      0|   0|   16|           1|          16|
    |sel_tmp44_fu_23654_p3              |  select  |      0|   0|   16|           1|          16|
    |sel_tmp55_fu_23963_p3              |  select  |      0|   0|   16|           1|          16|
    |sel_tmp62_fu_24000_p3              |  select  |      0|   0|   16|           1|          16|
    |sel_tmp68_fu_24014_p3              |  select  |      0|   0|   16|           1|          16|
    |sel_tmp79_fu_24167_p3              |  select  |      0|   0|   16|           1|          16|
    |sel_tmp7_fu_23399_p3               |  select  |      0|   0|   16|           1|          16|
    |sel_tmp86_fu_24204_p3              |  select  |      0|   0|   16|           1|          16|
    |sel_tmp92_fu_24218_p3              |  select  |      0|   0|   16|           1|          16|
    |sh_amt_10_fu_26335_p3              |  select  |      0|   0|   12|           1|          12|
    |sh_amt_11_fu_26695_p3              |  select  |      0|   0|   12|           1|          12|
    |sh_amt_12_fu_26899_p3              |  select  |      0|   0|   12|           1|          12|
    |sh_amt_13_fu_27259_p3              |  select  |      0|   0|   12|           1|          12|
    |sh_amt_14_fu_27463_p3              |  select  |      0|   0|   12|           1|          12|
    |sh_amt_15_fu_27823_p3              |  select  |      0|   0|   12|           1|          12|
    |sh_amt_16_fu_28027_p3              |  select  |      0|   0|   12|           1|          12|
    |sh_amt_17_fu_28387_p3              |  select  |      0|   0|   12|           1|          12|
    |sh_amt_18_fu_28591_p3              |  select  |      0|   0|   12|           1|          12|
    |sh_amt_19_fu_28951_p3              |  select  |      0|   0|   12|           1|          12|
    |sh_amt_1_fu_23515_p3               |  select  |      0|   0|   12|           1|          12|
    |sh_amt_20_fu_29155_p3              |  select  |      0|   0|   12|           1|          12|
    |sh_amt_21_fu_29515_p3              |  select  |      0|   0|   12|           1|          12|
    |sh_amt_22_fu_29719_p3              |  select  |      0|   0|   12|           1|          12|
    |sh_amt_23_fu_30131_p3              |  select  |      0|   0|   12|           1|          12|
    |sh_amt_24_fu_30335_p3              |  select  |      0|   0|   12|           1|          12|
    |sh_amt_25_fu_30544_p3              |  select  |      0|   0|   12|           1|          12|
    |sh_amt_26_fu_30755_p3              |  select  |      0|   0|   12|           1|          12|
    |sh_amt_2_fu_23875_p3               |  select  |      0|   0|   12|           1|          12|
    |sh_amt_3_fu_24079_p3               |  select  |      0|   0|   12|           1|          12|
    |sh_amt_4_fu_24439_p3               |  select  |      0|   0|   12|           1|          12|
    |sh_amt_5_fu_24643_p3               |  select  |      0|   0|   12|           1|          12|
    |sh_amt_6_fu_25003_p3               |  select  |      0|   0|   12|           1|          12|
    |sh_amt_7_fu_25207_p3               |  select  |      0|   0|   12|           1|          12|
    |sh_amt_8_fu_25567_p3               |  select  |      0|   0|   12|           1|          12|
    |sh_amt_9_fu_25771_p3               |  select  |      0|   0|   12|           1|          12|
    |sh_amt_fu_23311_p3                 |  select  |      0|   0|   12|           1|          12|
    |sh_amt_s_fu_26131_p3               |  select  |      0|   0|   12|           1|          12|
    |tmp_1000_fu_45914_p3               |  select  |      0|   0|    8|           1|           8|
    |tmp_1003_fu_45980_p3               |  select  |      0|   0|    8|           1|           8|
    |tmp_1004_fu_45988_p3               |  select  |      0|   0|    8|           1|           8|
    |tmp_1007_fu_46054_p3               |  select  |      0|   0|    8|           1|           8|
    |tmp_1008_fu_46062_p3               |  select  |      0|   0|    8|           1|           8|
    |tmp_1011_fu_46128_p3               |  select  |      0|   0|    8|           1|           8|
    |tmp_1012_fu_46136_p3               |  select  |      0|   0|    8|           1|           8|
    |tmp_1015_fu_46455_p3               |  select  |      0|   0|    8|           1|           8|
    |tmp_1016_fu_46463_p3               |  select  |      0|   0|    8|           1|           8|
    |tmp_1019_fu_46774_p3               |  select  |      0|   0|    8|           1|           8|
    |tmp_1020_fu_46782_p3               |  select  |      0|   0|    8|           1|           8|
    |tmp_1023_fu_48402_p3               |  select  |      0|   0|    8|           1|           8|
    |tmp_1024_fu_48410_p3               |  select  |      0|   0|    8|           1|           8|
    |tmp_1026_cast_fu_47853_p3          |  select  |      0|   0|   11|           1|          11|
    |tmp_1030_fu_48476_p3               |  select  |      0|   0|    8|           1|           8|
    |tmp_1031_fu_48484_p3               |  select  |      0|   0|    8|           1|           8|
    |tmp_1033_cast_fu_47924_p3          |  select  |      0|   0|   11|           1|          11|
    |tmp_1037_fu_48550_p3               |  select  |      0|   0|    8|           1|           8|
    |tmp_1038_fu_48558_p3               |  select  |      0|   0|    8|           1|           8|
    |tmp_1040_cast_fu_47995_p3          |  select  |      0|   0|   11|           1|          11|
    |tmp_1044_fu_48624_p3               |  select  |      0|   0|    8|           1|           8|
    |tmp_1045_fu_48632_p3               |  select  |      0|   0|    8|           1|           8|
    |tmp_1047_cast_fu_48066_p3          |  select  |      0|   0|   11|           1|          11|
    |tmp_1051_fu_48698_p3               |  select  |      0|   0|    8|           1|           8|
    |tmp_1052_fu_48706_p3               |  select  |      0|   0|    8|           1|           8|
    |tmp_1054_cast_fu_48137_p3          |  select  |      0|   0|   11|           1|          11|
    |tmp_1058_fu_48772_p3               |  select  |      0|   0|    8|           1|           8|
    |tmp_1059_fu_48780_p3               |  select  |      0|   0|    8|           1|           8|
    |tmp_1061_cast_fu_48827_p3          |  select  |      0|   0|   11|           1|          11|
    |tmp_1065_fu_49021_p3               |  select  |      0|   0|    8|           1|           8|
    |tmp_1066_fu_49029_p3               |  select  |      0|   0|    8|           1|           8|
    |tmp_1068_cast_fu_49076_p3          |  select  |      0|   0|   11|           1|          11|
    |tmp_1072_fu_49187_p3               |  select  |      0|   0|    8|           1|           8|
    |tmp_1073_fu_49195_p3               |  select  |      0|   0|    8|           1|           8|
    |tmp_229_cast_fu_43928_p3           |  select  |      0|   0|   11|           1|          11|
    |tmp_232_cast_fu_44085_p3           |  select  |      0|   0|   11|           1|          11|
    |tmp_235_cast_fu_44259_p3           |  select  |      0|   0|   11|           1|          11|
    |tmp_238_cast_fu_44433_p3           |  select  |      0|   0|   11|           1|          11|
    |tmp_241_cast_fu_44607_p3           |  select  |      0|   0|   11|           1|          11|
    |tmp_244_cast_fu_44815_p3           |  select  |      0|   0|   11|           1|          11|
    |tmp_247_cast_fu_45038_p3           |  select  |      0|   0|   11|           1|          11|
    |tmp_250_cast_fu_45660_p3           |  select  |      0|   0|   11|           1|          11|
    |tmp_253_cast_fu_46357_p3           |  select  |      0|   0|   11|           1|          11|
    |tmp_256_cast_fu_46676_p3           |  select  |      0|   0|   11|           1|          11|
    |tmp_259_cast_fu_46924_p3           |  select  |      0|   0|   11|           1|          11|
    |tmp_262_cast_fu_47098_p3           |  select  |      0|   0|   11|           1|          11|
    |tmp_265_cast_fu_47272_p3           |  select  |      0|   0|   11|           1|          11|
    |tmp_268_cast_fu_47480_p3           |  select  |      0|   0|   11|           1|          11|
    |tmp_271_cast_fu_47703_p3           |  select  |      0|   0|   11|           1|          11|
    |tmp_278_cast_fu_48312_p3           |  select  |      0|   0|   11|           1|          11|
    |tmp_287_cast_fu_45130_p3           |  select  |      0|   0|   11|           1|          11|
    |tmp_296_cast_fu_45201_p3           |  select  |      0|   0|   11|           1|          11|
    |tmp_305_cast_fu_45272_p3           |  select  |      0|   0|   11|           1|          11|
    |tmp_314_cast_fu_45343_p3           |  select  |      0|   0|   11|           1|          11|
    |tmp_323_cast_fu_45414_p3           |  select  |      0|   0|   11|           1|          11|
    |tmp_332_cast_fu_45485_p3           |  select  |      0|   0|   11|           1|          11|
    |tmp_341_cast_fu_46183_p3           |  select  |      0|   0|   11|           1|          11|
    |tmp_350_cast_fu_46510_p3           |  select  |      0|   0|   11|           1|          11|
    |tmp_369_cast_cast_fu_51104_p3      |  select  |      0|   0|    7|           1|           7|
    |tmp_377_cast_cast_fu_51156_p3      |  select  |      0|   0|    7|           1|           7|
    |tmp_385_cast_cast_fu_52213_p3      |  select  |      0|   0|    7|           1|           7|
    |tmp_393_cast_cast_fu_52265_p3      |  select  |      0|   0|    7|           1|           7|
    |tmp_401_cast_cast_fu_52317_p3      |  select  |      0|   0|    7|           1|           7|
    |tmp_409_cast_cast_fu_52368_p3      |  select  |      0|   0|    7|           1|           7|
    |tmp_410_cast_fu_47782_p3           |  select  |      0|   0|   11|           1|          11|
    |tmp_417_cast_cast_fu_52419_p3      |  select  |      0|   0|    7|           1|           7|
    |tmp_425_cast_cast_fu_52470_p3      |  select  |      0|   0|    7|           1|           7|
    |tmp_433_cast_cast_fu_52521_p3      |  select  |      0|   0|    7|           1|           7|
    |tmp_441_cast_cast_fu_52707_p3      |  select  |      0|   0|    7|           1|           7|
    |tmp_90_10_fu_26404_p3              |  select  |      0|   0|    2|           1|           2|
    |tmp_90_11_fu_26764_p3              |  select  |      0|   0|    2|           1|           2|
    |tmp_90_12_fu_26968_p3              |  select  |      0|   0|    2|           1|           2|
    |tmp_90_13_fu_27328_p3              |  select  |      0|   0|    2|           1|           2|
    |tmp_90_14_fu_27532_p3              |  select  |      0|   0|    2|           1|           2|
    |tmp_90_15_fu_27892_p3              |  select  |      0|   0|    2|           1|           2|
    |tmp_90_16_fu_28096_p3              |  select  |      0|   0|    2|           1|           2|
    |tmp_90_17_fu_28456_p3              |  select  |      0|   0|    2|           1|           2|
    |tmp_90_18_fu_28660_p3              |  select  |      0|   0|    2|           1|           2|
    |tmp_90_19_fu_29020_p3              |  select  |      0|   0|    2|           1|           2|
    |tmp_90_1_fu_23584_p3               |  select  |      0|   0|    2|           1|           2|
    |tmp_90_20_fu_29224_p3              |  select  |      0|   0|    2|           1|           2|
    |tmp_90_21_fu_29584_p3              |  select  |      0|   0|    2|           1|           2|
    |tmp_90_22_fu_29788_p3              |  select  |      0|   0|    2|           1|           2|
    |tmp_90_23_fu_30200_p3              |  select  |      0|   0|    2|           1|           2|
    |tmp_90_24_fu_30404_p3              |  select  |      0|   0|    2|           1|           2|
    |tmp_90_25_fu_30613_p3              |  select  |      0|   0|    2|           1|           2|
    |tmp_90_26_fu_30824_p3              |  select  |      0|   0|    2|           1|           2|
    |tmp_90_2_fu_23944_p3               |  select  |      0|   0|    2|           1|           2|
    |tmp_90_3_fu_24148_p3               |  select  |      0|   0|    2|           1|           2|
    |tmp_90_4_fu_24508_p3               |  select  |      0|   0|    2|           1|           2|
    |tmp_90_5_fu_24712_p3               |  select  |      0|   0|    2|           1|           2|
    |tmp_90_6_fu_25072_p3               |  select  |      0|   0|    2|           1|           2|
    |tmp_90_7_fu_25276_p3               |  select  |      0|   0|    2|           1|           2|
    |tmp_90_8_fu_25636_p3               |  select  |      0|   0|    2|           1|           2|
    |tmp_90_9_fu_25840_p3               |  select  |      0|   0|    2|           1|           2|
    |tmp_90_fu_23380_p3                 |  select  |      0|   0|    2|           1|           2|
    |tmp_90_s_fu_26200_p3               |  select  |      0|   0|    2|           1|           2|
    |tmp_927_fu_44026_p3                |  select  |      0|   0|    8|           1|           8|
    |tmp_928_fu_44034_p3                |  select  |      0|   0|    8|           1|           8|
    |tmp_931_fu_44200_p3                |  select  |      0|   0|    8|           1|           8|
    |tmp_932_fu_44208_p3                |  select  |      0|   0|    8|           1|           8|
    |tmp_935_fu_44374_p3                |  select  |      0|   0|    8|           1|           8|
    |tmp_936_fu_44382_p3                |  select  |      0|   0|    8|           1|           8|
    |tmp_939_fu_44548_p3                |  select  |      0|   0|    8|           1|           8|
    |tmp_940_fu_44556_p3                |  select  |      0|   0|    8|           1|           8|
    |tmp_943_fu_44755_p3                |  select  |      0|   0|    8|           1|           8|
    |tmp_944_fu_44763_p3                |  select  |      0|   0|    8|           1|           8|
    |tmp_947_fu_44978_p3                |  select  |      0|   0|    8|           1|           8|
    |tmp_948_fu_44986_p3                |  select  |      0|   0|    8|           1|           8|
    |tmp_951_fu_45600_p3                |  select  |      0|   0|    8|           1|           8|
    |tmp_952_fu_45608_p3                |  select  |      0|   0|    8|           1|           8|
    |tmp_955_fu_46298_p3                |  select  |      0|   0|    8|           1|           8|
    |tmp_956_fu_46306_p3                |  select  |      0|   0|    8|           1|           8|
    |tmp_959_fu_46617_p3                |  select  |      0|   0|    8|           1|           8|
    |tmp_960_fu_46625_p3                |  select  |      0|   0|    8|           1|           8|
    |tmp_963_fu_46865_p3                |  select  |      0|   0|    8|           1|           8|
    |tmp_964_fu_46873_p3                |  select  |      0|   0|    8|           1|           8|
    |tmp_967_fu_47039_p3                |  select  |      0|   0|    8|           1|           8|
    |tmp_968_fu_47047_p3                |  select  |      0|   0|    8|           1|           8|
    |tmp_971_fu_47213_p3                |  select  |      0|   0|    8|           1|           8|
    |tmp_972_fu_47221_p3                |  select  |      0|   0|    8|           1|           8|
    |tmp_975_fu_47420_p3                |  select  |      0|   0|    8|           1|           8|
    |tmp_976_fu_47428_p3                |  select  |      0|   0|    8|           1|           8|
    |tmp_979_fu_47643_p3                |  select  |      0|   0|    8|           1|           8|
    |tmp_980_fu_47651_p3                |  select  |      0|   0|    8|           1|           8|
    |tmp_983_fu_48252_p3                |  select  |      0|   0|    8|           1|           8|
    |tmp_984_fu_48260_p3                |  select  |      0|   0|    8|           1|           8|
    |tmp_987_fu_48942_p3                |  select  |      0|   0|    8|           1|           8|
    |tmp_988_fu_48950_p3                |  select  |      0|   0|    8|           1|           8|
    |tmp_991_fu_45758_p3                |  select  |      0|   0|    8|           1|           8|
    |tmp_992_fu_45766_p3                |  select  |      0|   0|    8|           1|           8|
    |tmp_995_fu_45832_p3                |  select  |      0|   0|    8|           1|           8|
    |tmp_996_fu_45840_p3                |  select  |      0|   0|    8|           1|           8|
    |tmp_999_fu_45906_p3                |  select  |      0|   0|    8|           1|           8|
    |vec_i_0_V_fu_23812_p3              |  select  |      0|   0|   16|           1|          16|
    |vec_i_10_V_fu_26632_p3             |  select  |      0|   0|   16|           1|          16|
    |vec_i_11_V_fu_26650_p3             |  select  |      0|   0|   16|           1|          16|
    |vec_i_12_V_fu_27196_p3             |  select  |      0|   0|   16|           1|          16|
    |vec_i_13_V_fu_27214_p3             |  select  |      0|   0|   16|           1|          16|
    |vec_i_14_V_fu_27760_p3             |  select  |      0|   0|   16|           1|          16|
    |vec_i_15_V_fu_27778_p3             |  select  |      0|   0|   16|           1|          16|
    |vec_i_16_V_fu_28324_p3             |  select  |      0|   0|   16|           1|          16|
    |vec_i_17_V_fu_28342_p3             |  select  |      0|   0|   16|           1|          16|
    |vec_i_18_V_fu_28888_p3             |  select  |      0|   0|   16|           1|          16|
    |vec_i_19_V_fu_28906_p3             |  select  |      0|   0|   16|           1|          16|
    |vec_i_1_V_fu_23830_p3              |  select  |      0|   0|   16|           1|          16|
    |vec_i_20_V_fu_29452_p3             |  select  |      0|   0|   16|           1|          16|
    |vec_i_21_V_fu_29470_p3             |  select  |      0|   0|   16|           1|          16|
    |vec_i_22_V_fu_30068_p3             |  select  |      0|   0|   16|           1|          16|
    |vec_i_23_V_fu_30086_p3             |  select  |      0|   0|   16|           1|          16|
    |vec_i_24_V_fu_30934_p3             |  select  |      0|   0|   16|           1|          16|
    |vec_i_25_V_fu_30953_p3             |  select  |      0|   0|   16|           1|          16|
    |vec_i_26_V_fu_30972_p3             |  select  |      0|   0|   16|           1|          16|
    |vec_i_27_V_fu_30991_p3             |  select  |      0|   0|   16|           1|          16|
    |vec_i_2_V_fu_24376_p3              |  select  |      0|   0|   16|           1|          16|
    |vec_i_3_V_fu_24394_p3              |  select  |      0|   0|   16|           1|          16|
    |vec_i_4_V_fu_24940_p3              |  select  |      0|   0|   16|           1|          16|
    |vec_i_5_V_fu_24958_p3              |  select  |      0|   0|   16|           1|          16|
    |vec_i_6_V_fu_25504_p3              |  select  |      0|   0|   16|           1|          16|
    |vec_i_7_V_fu_25522_p3              |  select  |      0|   0|   16|           1|          16|
    |vec_i_8_V_fu_26068_p3              |  select  |      0|   0|   16|           1|          16|
    |vec_i_9_V_fu_26086_p3              |  select  |      0|   0|   16|           1|          16|
    |tmp_165_1_fu_50605_p2              |    shl   |      0|   0|   85|          32|          32|
    |tmp_165_2_fu_51302_p2              |    shl   |      0|   0|   85|          32|          32|
    |tmp_165_3_fu_51437_p2              |    shl   |      0|   0|   85|          32|          32|
    |tmp_165_4_fu_51572_p2              |    shl   |      0|   0|   85|          32|          32|
    |tmp_165_5_fu_51707_p2              |    shl   |      0|   0|   85|          32|          32|
    |tmp_165_6_fu_51842_p2              |    shl   |      0|   0|   85|          32|          32|
    |tmp_165_7_fu_51977_p2              |    shl   |      0|   0|   85|          32|          32|
    |tmp_165_8_fu_52112_p2              |    shl   |      0|   0|   85|          32|          32|
    |tmp_165_9_fu_52666_p2              |    shl   |      0|   0|   85|          32|          32|
    |tmp_165_fu_50443_p2                |    shl   |      0|   0|   85|          32|          32|
    |tmp_92_10_fu_26641_p2              |    shl   |      0|   0|   85|          32|          32|
    |tmp_92_11_fu_27187_p2              |    shl   |      0|   0|   85|          32|          32|
    |tmp_92_12_fu_27205_p2              |    shl   |      0|   0|   85|          32|          32|
    |tmp_92_13_fu_27751_p2              |    shl   |      0|   0|   85|          32|          32|
    |tmp_92_14_fu_27769_p2              |    shl   |      0|   0|   85|          32|          32|
    |tmp_92_15_fu_28315_p2              |    shl   |      0|   0|   85|          32|          32|
    |tmp_92_16_fu_28333_p2              |    shl   |      0|   0|   85|          32|          32|
    |tmp_92_17_fu_28879_p2              |    shl   |      0|   0|   85|          32|          32|
    |tmp_92_18_fu_28897_p2              |    shl   |      0|   0|   85|          32|          32|
    |tmp_92_19_fu_29443_p2              |    shl   |      0|   0|   85|          32|          32|
    |tmp_92_1_fu_23821_p2               |    shl   |      0|   0|   85|          32|          32|
    |tmp_92_20_fu_29461_p2              |    shl   |      0|   0|   85|          32|          32|
    |tmp_92_21_fu_30059_p2              |    shl   |      0|   0|   85|          32|          32|
    |tmp_92_22_fu_30077_p2              |    shl   |      0|   0|   85|          32|          32|
    |tmp_92_23_fu_30925_p2              |    shl   |      0|   0|   85|          32|          32|
    |tmp_92_24_fu_30944_p2              |    shl   |      0|   0|   85|          32|          32|
    |tmp_92_25_fu_30963_p2              |    shl   |      0|   0|   85|          32|          32|
    |tmp_92_26_fu_30982_p2              |    shl   |      0|   0|   85|          32|          32|
    |tmp_92_2_fu_24367_p2               |    shl   |      0|   0|   85|          32|          32|
    |tmp_92_3_fu_24385_p2               |    shl   |      0|   0|   85|          32|          32|
    |tmp_92_4_fu_24931_p2               |    shl   |      0|   0|   85|          32|          32|
    |tmp_92_5_fu_24949_p2               |    shl   |      0|   0|   85|          32|          32|
    |tmp_92_6_fu_25495_p2               |    shl   |      0|   0|   85|          32|          32|
    |tmp_92_7_fu_25513_p2               |    shl   |      0|   0|   85|          32|          32|
    |tmp_92_8_fu_26059_p2               |    shl   |      0|   0|   85|          32|          32|
    |tmp_92_9_fu_26077_p2               |    shl   |      0|   0|   85|          32|          32|
    |tmp_92_fu_23803_p2                 |    shl   |      0|   0|   85|          32|          32|
    |tmp_92_s_fu_26623_p2               |    shl   |      0|   0|   85|          32|          32|
    |ap_enable_pp1                      |    xor   |      0|   0|    2|           1|           2|
    |ap_enable_pp2                      |    xor   |      0|   0|    2|           1|           2|
    |ap_enable_reg_pp2_iter1            |    xor   |      0|   0|    2|           2|           1|
    |rev10_fu_52603_p2                  |    xor   |      0|   0|    2|           1|           2|
    |rev2_fu_50542_p2                   |    xor   |      0|   0|    2|           1|           2|
    |rev3_fu_51239_p2                   |    xor   |      0|   0|    2|           1|           2|
    |rev4_fu_51374_p2                   |    xor   |      0|   0|    2|           1|           2|
    |rev5_fu_51509_p2                   |    xor   |      0|   0|    2|           1|           2|
    |rev6_fu_51644_p2                   |    xor   |      0|   0|    2|           1|           2|
    |rev7_fu_51779_p2                   |    xor   |      0|   0|    2|           1|           2|
    |rev8_fu_51914_p2                   |    xor   |      0|   0|    2|           1|           2|
    |rev9_fu_52049_p2                   |    xor   |      0|   0|    2|           1|           2|
    |rev_fu_50380_p2                    |    xor   |      0|   0|    2|           1|           2|
    |sel_tmp101_fu_24516_p2             |    xor   |      0|   0|    2|           1|           2|
    |sel_tmp106_fu_24540_p2             |    xor   |      0|   0|    2|           1|           2|
    |sel_tmp108_fu_24552_p2             |    xor   |      0|   0|    2|           1|           2|
    |sel_tmp10_fu_23412_p2              |    xor   |      0|   0|    2|           1|           2|
    |sel_tmp121_fu_24592_p2             |    xor   |      0|   0|    2|           1|           2|
    |sel_tmp125_fu_24720_p2             |    xor   |      0|   0|    2|           1|           2|
    |sel_tmp12_fu_23424_p2              |    xor   |      0|   0|    2|           1|           2|
    |sel_tmp130_fu_24744_p2             |    xor   |      0|   0|    2|           1|           2|
    |sel_tmp132_fu_24756_p2             |    xor   |      0|   0|    2|           1|           2|
    |sel_tmp137_fu_24796_p2             |    xor   |      0|   0|    2|           1|           2|
    |sel_tmp139_fu_25080_p2             |    xor   |      0|   0|    2|           1|           2|
    |sel_tmp142_fu_25104_p2             |    xor   |      0|   0|    2|           1|           2|
    |sel_tmp144_fu_25116_p2             |    xor   |      0|   0|    2|           1|           2|
    |sel_tmp149_fu_25156_p2             |    xor   |      0|   0|    2|           1|           2|
    |sel_tmp151_fu_25284_p2             |    xor   |      0|   0|    2|           1|           2|
    |sel_tmp154_fu_25308_p2             |    xor   |      0|   0|    2|           1|           2|
    |sel_tmp156_fu_25320_p2             |    xor   |      0|   0|    2|           1|           2|
    |sel_tmp161_fu_25360_p2             |    xor   |      0|   0|    2|           1|           2|
    |sel_tmp163_fu_25644_p2             |    xor   |      0|   0|    2|           1|           2|
    |sel_tmp166_fu_25668_p2             |    xor   |      0|   0|    2|           1|           2|
    |sel_tmp168_fu_25680_p2             |    xor   |      0|   0|    2|           1|           2|
    |sel_tmp173_fu_25720_p2             |    xor   |      0|   0|    2|           1|           2|
    |sel_tmp175_fu_25848_p2             |    xor   |      0|   0|    2|           1|           2|
    |sel_tmp178_fu_25872_p2             |    xor   |      0|   0|    2|           1|           2|
    |sel_tmp180_fu_25884_p2             |    xor   |      0|   0|    2|           1|           2|
    |sel_tmp185_fu_25924_p2             |    xor   |      0|   0|    2|           1|           2|
    |sel_tmp187_fu_26208_p2             |    xor   |      0|   0|    2|           1|           2|
    |sel_tmp190_fu_26232_p2             |    xor   |      0|   0|    2|           1|           2|
    |sel_tmp192_fu_26244_p2             |    xor   |      0|   0|    2|           1|           2|
    |sel_tmp197_fu_26284_p2             |    xor   |      0|   0|    2|           1|           2|
    |sel_tmp199_fu_26412_p2             |    xor   |      0|   0|    2|           1|           2|
    |sel_tmp202_fu_26436_p2             |    xor   |      0|   0|    2|           1|           2|
    |sel_tmp204_fu_26448_p2             |    xor   |      0|   0|    2|           1|           2|
    |sel_tmp209_fu_26488_p2             |    xor   |      0|   0|    2|           1|           2|
    |sel_tmp211_fu_26772_p2             |    xor   |      0|   0|    2|           1|           2|
    |sel_tmp214_fu_26796_p2             |    xor   |      0|   0|    2|           1|           2|
    |sel_tmp216_fu_26808_p2             |    xor   |      0|   0|    2|           1|           2|
    |sel_tmp221_fu_26848_p2             |    xor   |      0|   0|    2|           1|           2|
    |sel_tmp223_fu_26976_p2             |    xor   |      0|   0|    2|           1|           2|
    |sel_tmp226_fu_27000_p2             |    xor   |      0|   0|    2|           1|           2|
    |sel_tmp228_fu_27012_p2             |    xor   |      0|   0|    2|           1|           2|
    |sel_tmp233_fu_27052_p2             |    xor   |      0|   0|    2|           1|           2|
    |sel_tmp235_fu_27336_p2             |    xor   |      0|   0|    2|           1|           2|
    |sel_tmp238_fu_27360_p2             |    xor   |      0|   0|    2|           1|           2|
    |sel_tmp240_fu_27372_p2             |    xor   |      0|   0|    2|           1|           2|
    |sel_tmp245_fu_27412_p2             |    xor   |      0|   0|    2|           1|           2|
    |sel_tmp247_fu_27540_p2             |    xor   |      0|   0|    2|           1|           2|
    |sel_tmp250_fu_27564_p2             |    xor   |      0|   0|    2|           1|           2|
    |sel_tmp252_fu_27576_p2             |    xor   |      0|   0|    2|           1|           2|
    |sel_tmp257_fu_27616_p2             |    xor   |      0|   0|    2|           1|           2|
    |sel_tmp259_fu_27900_p2             |    xor   |      0|   0|    2|           1|           2|
    |sel_tmp25_fu_23464_p2              |    xor   |      0|   0|    2|           1|           2|
    |sel_tmp262_fu_27924_p2             |    xor   |      0|   0|    2|           1|           2|
    |sel_tmp264_fu_27936_p2             |    xor   |      0|   0|    2|           1|           2|
    |sel_tmp269_fu_27976_p2             |    xor   |      0|   0|    2|           1|           2|
    |sel_tmp271_fu_28104_p2             |    xor   |      0|   0|    2|           1|           2|
    |sel_tmp274_fu_28128_p2             |    xor   |      0|   0|    2|           1|           2|
    |sel_tmp276_fu_28140_p2             |    xor   |      0|   0|    2|           1|           2|
    |sel_tmp281_fu_28180_p2             |    xor   |      0|   0|    2|           1|           2|
    |sel_tmp283_fu_28464_p2             |    xor   |      0|   0|    2|           1|           2|
    |sel_tmp286_fu_28488_p2             |    xor   |      0|   0|    2|           1|           2|
    |sel_tmp288_fu_28500_p2             |    xor   |      0|   0|    2|           1|           2|
    |sel_tmp293_fu_28540_p2             |    xor   |      0|   0|    2|           1|           2|
    |sel_tmp295_fu_28668_p2             |    xor   |      0|   0|    2|           1|           2|
    |sel_tmp298_fu_28692_p2             |    xor   |      0|   0|    2|           1|           2|
    |sel_tmp29_fu_23592_p2              |    xor   |      0|   0|    2|           1|           2|
    |sel_tmp300_fu_28704_p2             |    xor   |      0|   0|    2|           1|           2|
    |sel_tmp305_fu_28744_p2             |    xor   |      0|   0|    2|           1|           2|
    |sel_tmp307_fu_29028_p2             |    xor   |      0|   0|    2|           1|           2|
    |sel_tmp310_fu_29052_p2             |    xor   |      0|   0|    2|           1|           2|
    |sel_tmp312_fu_29064_p2             |    xor   |      0|   0|    2|           1|           2|
    |sel_tmp317_fu_29104_p2             |    xor   |      0|   0|    2|           1|           2|
    |sel_tmp319_fu_29232_p2             |    xor   |      0|   0|    2|           1|           2|
    |sel_tmp322_fu_29256_p2             |    xor   |      0|   0|    2|           1|           2|
    |sel_tmp324_fu_29268_p2             |    xor   |      0|   0|    2|           1|           2|
    |sel_tmp329_fu_29308_p2             |    xor   |      0|   0|    2|           1|           2|
    |sel_tmp331_fu_29592_p2             |    xor   |      0|   0|    2|           1|           2|
    |sel_tmp334_fu_29616_p2             |    xor   |      0|   0|    2|           1|           2|
    |sel_tmp336_fu_29628_p2             |    xor   |      0|   0|    2|           1|           2|
    |sel_tmp341_fu_29668_p2             |    xor   |      0|   0|    2|           1|           2|
    |sel_tmp343_fu_29796_p2             |    xor   |      0|   0|    2|           1|           2|
    |sel_tmp346_fu_29820_p2             |    xor   |      0|   0|    2|           1|           2|
    |sel_tmp348_fu_29832_p2             |    xor   |      0|   0|    2|           1|           2|
    |sel_tmp34_fu_23616_p2              |    xor   |      0|   0|    2|           1|           2|
    |sel_tmp353_fu_29872_p2             |    xor   |      0|   0|    2|           1|           2|
    |sel_tmp355_fu_30208_p2             |    xor   |      0|   0|    2|           1|           2|
    |sel_tmp358_fu_30232_p2             |    xor   |      0|   0|    2|           1|           2|
    |sel_tmp360_fu_30244_p2             |    xor   |      0|   0|    2|           1|           2|
    |sel_tmp365_fu_30284_p2             |    xor   |      0|   0|    2|           1|           2|
    |sel_tmp367_fu_30412_p2             |    xor   |      0|   0|    2|           1|           2|
    |sel_tmp36_fu_23628_p2              |    xor   |      0|   0|    2|           1|           2|
    |sel_tmp370_fu_30436_p2             |    xor   |      0|   0|    2|           1|           2|
    |sel_tmp372_fu_30448_p2             |    xor   |      0|   0|    2|           1|           2|
    |sel_tmp377_fu_30488_p2             |    xor   |      0|   0|    2|           1|           2|
    |sel_tmp379_fu_30621_p2             |    xor   |      0|   0|    2|           1|           2|
    |sel_tmp382_fu_30647_p2             |    xor   |      0|   0|    2|           1|           2|
    |sel_tmp384_fu_30659_p2             |    xor   |      0|   0|    2|           1|           2|
    |sel_tmp389_fu_30699_p2             |    xor   |      0|   0|    2|           1|           2|
    |sel_tmp391_fu_30832_p2             |    xor   |      0|   0|    2|           1|           2|
    |sel_tmp394_fu_30858_p2             |    xor   |      0|   0|    2|           1|           2|
    |sel_tmp396_fu_30870_p2             |    xor   |      0|   0|    2|           1|           2|
    |sel_tmp401_fu_30910_p2             |    xor   |      0|   0|    2|           1|           2|
    |sel_tmp49_fu_23668_p2              |    xor   |      0|   0|    2|           1|           2|
    |sel_tmp53_fu_23952_p2              |    xor   |      0|   0|    2|           1|           2|
    |sel_tmp58_fu_23976_p2              |    xor   |      0|   0|    2|           1|           2|
    |sel_tmp5_fu_23388_p2               |    xor   |      0|   0|    2|           1|           2|
    |sel_tmp60_fu_23988_p2              |    xor   |      0|   0|    2|           1|           2|
    |sel_tmp73_fu_24028_p2              |    xor   |      0|   0|    2|           1|           2|
    |sel_tmp77_fu_24156_p2              |    xor   |      0|   0|    2|           1|           2|
    |sel_tmp82_fu_24180_p2              |    xor   |      0|   0|    2|           1|           2|
    |sel_tmp84_fu_24192_p2              |    xor   |      0|   0|    2|           1|           2|
    |sel_tmp97_fu_24232_p2              |    xor   |      0|   0|    2|           1|           2|
    |sel_tmp_fu_52991_p2                |    xor   |      0|   0|    2|           1|           2|
    |tmp_1084_fu_49574_p2               |    xor   |      0|   0|    9|           8|           9|
    +-----------------------------------+----------+-------+----+-----+------------+------------+
    |Total                              |          |      0| 400|26501|       14481|       19189|
    +-----------------------------------+----------+-------+----+-----+------------+------------+

    * Multiplexer: 
    +---------------------------------------+----+-----------+-----+-----------+
    |                  Name                 | LUT| Input Size| Bits| Total Bits|
    +---------------------------------------+----+-----------+-----+-----------+
    |Bias_c_V_address0                      |  11|        129|    7|        903|
    |Bias_f_V_address0                      |  11|        129|    7|        903|
    |Bias_i_V_address0                      |  11|        129|    7|        903|
    |Bias_lc_V_address0                     |   6|         11|    4|         44|
    |Bias_o_V_address0                      |  11|        129|    7|        903|
    |C_t_0_V_address0                       |   6|         13|    4|         52|
    |C_t_0_V_address1                       |   6|         13|    4|         52|
    |C_t_0_V_d0                             |   4|          5|   16|         80|
    |C_t_0_V_d1                             |   3|          3|   16|         48|
    |C_t_1_V_address0                       |   6|         13|    4|         52|
    |C_t_1_V_address1                       |   6|         13|    4|         52|
    |C_t_1_V_d0                             |   3|          4|   16|         64|
    |C_t_1_V_d1                             |   3|          4|   16|         64|
    |C_t_2_V_address0                       |   6|         13|    4|         52|
    |C_t_2_V_address1                       |   6|         13|    4|         52|
    |C_t_2_V_d0                             |   3|          4|   16|         64|
    |C_t_2_V_d1                             |   3|          4|   16|         64|
    |C_t_3_V_address0                       |   6|         13|    4|         52|
    |C_t_3_V_address1                       |   6|         13|    4|         52|
    |C_t_3_V_d0                             |   3|          4|   16|         64|
    |C_t_3_V_d1                             |   3|          4|   16|         64|
    |C_t_4_V_address0                       |   6|         13|    4|         52|
    |C_t_4_V_address1                       |   6|         13|    4|         52|
    |C_t_4_V_d0                             |   3|          4|   16|         64|
    |C_t_4_V_d1                             |   3|          4|   16|         64|
    |C_t_5_V_address0                       |   6|         13|    4|         52|
    |C_t_5_V_address1                       |   6|         13|    4|         52|
    |C_t_5_V_d0                             |   3|          4|   16|         64|
    |C_t_5_V_d1                             |   3|          4|   16|         64|
    |C_t_6_V_address0                       |   6|         13|    4|         52|
    |C_t_6_V_address1                       |   6|         13|    4|         52|
    |C_t_6_V_d0                             |   3|          4|   16|         64|
    |C_t_6_V_d1                             |   3|          4|   16|         64|
    |C_t_7_V_address0                       |   6|         13|    4|         52|
    |C_t_7_V_address1                       |   6|         13|    4|         52|
    |C_t_7_V_d0                             |   3|          4|   16|         64|
    |C_t_7_V_d1                             |   3|          4|   16|         64|
    |Tanh_lut_V_address0                    |  11|         34|    8|        272|
    |Weight_c_V_address0                    |  10|         27|   15|        405|
    |Weight_c_V_address1                    |  10|         27|   15|        405|
    |Weight_c_V_address2                    |  10|         27|   15|        405|
    |Weight_c_V_address3                    |  10|         26|   15|        390|
    |Weight_c_V_address4                    |  10|         26|   15|        390|
    |Weight_f_V_address0                    |  10|         27|   15|        405|
    |Weight_f_V_address1                    |  10|         27|   15|        405|
    |Weight_f_V_address2                    |  10|         27|   15|        405|
    |Weight_f_V_address3                    |  10|         26|   15|        390|
    |Weight_f_V_address4                    |  10|         26|   15|        390|
    |Weight_i_V_address0                    |  10|         27|   15|        405|
    |Weight_i_V_address1                    |  10|         27|   15|        405|
    |Weight_i_V_address2                    |  10|         27|   15|        405|
    |Weight_i_V_address3                    |  10|         26|   15|        390|
    |Weight_i_V_address4                    |  10|         26|   15|        390|
    |Weight_lc_V_address0                   |   6|         11|   11|        121|
    |Weight_o_V_address0                    |  10|         27|   15|        405|
    |Weight_o_V_address1                    |  10|         27|   15|        405|
    |Weight_o_V_address2                    |  10|         27|   15|        405|
    |Weight_o_V_address3                    |  10|         26|   15|        390|
    |Weight_o_V_address4                    |  10|         26|   15|        390|
    |ap_NS_fsm                              |  11|        319|    1|        319|
    |ap_enable_reg_pp1_iter1                |   3|          2|    1|          2|
    |ap_enable_reg_pp2_iter1                |   3|          3|    1|          3|
    |ap_phi_mux_fc_out_V_1_phi_fu_16303_p4  |   3|          2|   16|         32|
    |ap_phi_mux_fc_out_V_2_phi_fu_16293_p4  |   3|          2|   16|         32|
    |ap_phi_mux_fc_out_V_3_phi_fu_16283_p4  |   3|          2|   16|         32|
    |ap_phi_mux_fc_out_V_4_phi_fu_16273_p4  |   3|          2|   16|         32|
    |ap_phi_mux_fc_out_V_5_phi_fu_16263_p4  |   3|          2|   16|         32|
    |ap_phi_mux_fc_out_V_6_phi_fu_16253_p4  |   3|          2|   16|         32|
    |ap_phi_mux_fc_out_V_7_phi_fu_16243_p4  |   3|          2|   16|         32|
    |ap_phi_mux_fc_out_V_8_phi_fu_16233_p4  |   3|          2|   16|         32|
    |ap_phi_mux_fc_out_V_phi_fu_16313_p4    |   3|          2|   16|         32|
    |ap_phi_mux_j6_phi_fu_16324_p4          |   3|          2|    8|         16|
    |argmax_reg_16356                       |   3|          2|    4|          8|
    |cur_argmax_fu_1948                     |   3|          2|   32|         64|
    |f_0_V_address0                         |   6|         12|    4|         48|
    |f_0_V_address1                         |   6|         12|    4|         48|
    |f_0_V_ce0                              |   3|          3|    1|          3|
    |f_0_V_ce1                              |   3|          3|    1|          3|
    |f_0_V_d0                               |   8|         18|   16|        288|
    |f_0_V_d1                               |   8|         18|   16|        288|
    |f_0_V_we0                              |   3|          3|    1|          3|
    |f_0_V_we1                              |   3|          3|    1|          3|
    |f_1_V_address0                         |   6|         12|    4|         48|
    |f_1_V_address1                         |   6|         11|    4|         44|
    |f_1_V_ce0                              |   3|          3|    1|          3|
    |f_1_V_d0                               |   8|         18|   16|        288|
    |f_1_V_d1                               |   8|         17|   16|        272|
    |f_1_V_we0                              |   3|          3|    1|          3|
    |f_2_V_address0                         |   6|         12|    4|         48|
    |f_2_V_address1                         |   6|         11|    4|         44|
    |f_2_V_ce0                              |   3|          3|    1|          3|
    |f_2_V_d0                               |   8|         18|   16|        288|
    |f_2_V_d1                               |   8|         17|   16|        272|
    |f_2_V_we0                              |   3|          3|    1|          3|
    |f_3_V_address0                         |   6|         12|    4|         48|
    |f_3_V_address1                         |   6|         11|    4|         44|
    |f_3_V_ce0                              |   3|          3|    1|          3|
    |f_3_V_d0                               |   8|         18|   16|        288|
    |f_3_V_d1                               |   8|         17|   16|        272|
    |f_3_V_we0                              |   3|          3|    1|          3|
    |f_4_V_address0                         |   6|         12|    4|         48|
    |f_4_V_address1                         |   6|         11|    4|         44|
    |f_4_V_ce0                              |   3|          3|    1|          3|
    |f_4_V_d0                               |   8|         18|   16|        288|
    |f_4_V_d1                               |   8|         17|   16|        272|
    |f_4_V_we0                              |   3|          3|    1|          3|
    |f_5_V_address0                         |   6|         12|    4|         48|
    |f_5_V_address1                         |   6|         11|    4|         44|
    |f_5_V_ce0                              |   3|          3|    1|          3|
    |f_5_V_d0                               |   8|         18|   16|        288|
    |f_5_V_d1                               |   8|         17|   16|        272|
    |f_5_V_we0                              |   3|          3|    1|          3|
    |f_6_V_address0                         |   6|         12|    4|         48|
    |f_6_V_address1                         |   6|         11|    4|         44|
    |f_6_V_ce0                              |   3|          3|    1|          3|
    |f_6_V_d0                               |   8|         18|   16|        288|
    |f_6_V_d1                               |   8|         17|   16|        272|
    |f_6_V_we0                              |   3|          3|    1|          3|
    |f_7_V_address0                         |   6|         12|    4|         48|
    |f_7_V_address1                         |   6|         11|    4|         44|
    |f_7_V_ce0                              |   3|          3|    1|          3|
    |f_7_V_d0                               |   8|         18|   16|        288|
    |f_7_V_d1                               |   8|         17|   16|        272|
    |f_7_V_we0                              |   3|          3|    1|          3|
    |fc_out_V_1_reg_16300                   |   3|          2|   16|         32|
    |fc_out_V_2_reg_16290                   |   3|          2|   16|         32|
    |fc_out_V_3_reg_16280                   |   3|          2|   16|         32|
    |fc_out_V_4_reg_16270                   |   3|          2|   16|         32|
    |fc_out_V_5_reg_16260                   |   3|          2|   16|         32|
    |fc_out_V_6_reg_16250                   |   3|          2|   16|         32|
    |fc_out_V_7_reg_16240                   |   3|          2|   16|         32|
    |fc_out_V_8_reg_16230                   |   3|          2|   16|         32|
    |fc_out_V_9_reg_16220                   |   3|          2|   16|         32|
    |fc_out_V_reg_16310                     |   3|          2|   16|         32|
    |g_0_V_address0                         |   6|         12|    4|         48|
    |g_0_V_address1                         |   6|         11|    4|         44|
    |g_0_V_ce0                              |   3|          3|    1|          3|
    |g_0_V_d0                               |   8|         18|   16|        288|
    |g_0_V_d1                               |   8|         17|   16|        272|
    |g_0_V_we0                              |   3|          3|    1|          3|
    |g_1_V_address0                         |   6|         12|    4|         48|
    |g_1_V_address1                         |   6|         11|    4|         44|
    |g_1_V_ce0                              |   3|          3|    1|          3|
    |g_1_V_d0                               |   8|         18|   16|        288|
    |g_1_V_d1                               |   8|         17|   16|        272|
    |g_1_V_we0                              |   3|          3|    1|          3|
    |g_2_V_address0                         |   6|         12|    4|         48|
    |g_2_V_address1                         |   6|         11|    4|         44|
    |g_2_V_ce0                              |   3|          3|    1|          3|
    |g_2_V_d0                               |   8|         18|   16|        288|
    |g_2_V_d1                               |   8|         17|   16|        272|
    |g_2_V_we0                              |   3|          3|    1|          3|
    |g_3_V_address0                         |   6|         12|    4|         48|
    |g_3_V_address1                         |   6|         11|    4|         44|
    |g_3_V_ce0                              |   3|          3|    1|          3|
    |g_3_V_d0                               |   8|         18|   16|        288|
    |g_3_V_d1                               |   8|         17|   16|        272|
    |g_3_V_we0                              |   3|          3|    1|          3|
    |g_4_V_address0                         |   6|         12|    4|         48|
    |g_4_V_address1                         |   6|         11|    4|         44|
    |g_4_V_ce0                              |   3|          3|    1|          3|
    |g_4_V_d0                               |   8|         18|   16|        288|
    |g_4_V_d1                               |   8|         17|   16|        272|
    |g_4_V_we0                              |   3|          3|    1|          3|
    |g_5_V_address0                         |   6|         12|    4|         48|
    |g_5_V_address1                         |   6|         11|    4|         44|
    |g_5_V_ce0                              |   3|          3|    1|          3|
    |g_5_V_d0                               |   8|         18|   16|        288|
    |g_5_V_d1                               |   8|         17|   16|        272|
    |g_5_V_we0                              |   3|          3|    1|          3|
    |g_6_V_address0                         |   6|         12|    4|         48|
    |g_6_V_address1                         |   6|         11|    4|         44|
    |g_6_V_ce0                              |   3|          3|    1|          3|
    |g_6_V_d0                               |   8|         18|   16|        288|
    |g_6_V_d1                               |   8|         17|   16|        272|
    |g_6_V_we0                              |   3|          3|    1|          3|
    |g_7_V_address0                         |   6|         12|    4|         48|
    |g_7_V_address1                         |   6|         11|    4|         44|
    |g_7_V_ce0                              |   3|          3|    1|          3|
    |g_7_V_d0                               |   8|         18|   16|        288|
    |g_7_V_d1                               |   8|         17|   16|        272|
    |g_7_V_we0                              |   3|          3|    1|          3|
    |grp_fu_16484_p0                        |   3|          3|   32|         96|
    |grp_fu_16487_p0                        |   3|          3|   32|         96|
    |grp_fu_16498_p0                        |   3|          4|   32|        128|
    |grp_fu_16498_p1                        |   3|          4|   32|        128|
    |h_t_0_V_address0                       |   8|         20|    4|         80|
    |h_t_0_V_address1                       |   8|         19|    4|         76|
    |h_t_0_V_d0                             |   3|          4|   16|         64|
    |h_t_0_V_d1                             |   3|          4|   16|         64|
    |h_t_1_V_address0                       |   8|         20|    4|         80|
    |h_t_1_V_address1                       |   8|         19|    4|         76|
    |h_t_1_V_d0                             |   3|          4|   16|         64|
    |h_t_1_V_d1                             |   3|          4|   16|         64|
    |h_t_2_V_address0                       |   8|         20|    4|         80|
    |h_t_2_V_address1                       |   8|         19|    4|         76|
    |h_t_2_V_d0                             |   3|          4|   16|         64|
    |h_t_2_V_d1                             |   3|          4|   16|         64|
    |h_t_3_V_address0                       |   8|         20|    4|         80|
    |h_t_3_V_address1                       |   8|         19|    4|         76|
    |h_t_3_V_d0                             |   3|          4|   16|         64|
    |h_t_3_V_d1                             |   3|          4|   16|         64|
    |h_t_4_V_address0                       |   8|         20|    4|         80|
    |h_t_4_V_address1                       |   8|         19|    4|         76|
    |h_t_4_V_d0                             |   3|          4|   16|         64|
    |h_t_4_V_d1                             |   3|          4|   16|         64|
    |h_t_5_V_address0                       |   8|         20|    4|         80|
    |h_t_5_V_address1                       |   8|         19|    4|         76|
    |h_t_5_V_d0                             |   3|          4|   16|         64|
    |h_t_5_V_d1                             |   3|          4|   16|         64|
    |h_t_6_V_address0                       |   8|         20|    4|         80|
    |h_t_6_V_address1                       |   8|         19|    4|         76|
    |h_t_6_V_d0                             |   3|          4|   16|         64|
    |h_t_6_V_d1                             |   3|          4|   16|         64|
    |h_t_7_V_address0                       |   8|         20|    4|         80|
    |h_t_7_V_address1                       |   8|         19|    4|         76|
    |h_t_7_V_d0                             |   3|          4|   16|         64|
    |h_t_7_V_d1                             |   3|          4|   16|         64|
    |i_0_V_address0                         |   6|         12|    4|         48|
    |i_0_V_address1                         |   6|         12|    4|         48|
    |i_0_V_ce0                              |   3|          3|    1|          3|
    |i_0_V_ce1                              |   3|          3|    1|          3|
    |i_0_V_d0                               |   8|         18|   16|        288|
    |i_0_V_d1                               |   8|         18|   16|        288|
    |i_0_V_we0                              |   3|          3|    1|          3|
    |i_0_V_we1                              |   3|          3|    1|          3|
    |i_1_V_address0                         |   6|         12|    4|         48|
    |i_1_V_address1                         |   6|         11|    4|         44|
    |i_1_V_ce0                              |   3|          3|    1|          3|
    |i_1_V_d0                               |   8|         18|   16|        288|
    |i_1_V_d1                               |   8|         17|   16|        272|
    |i_1_V_we0                              |   3|          3|    1|          3|
    |i_2_V_address0                         |   6|         12|    4|         48|
    |i_2_V_address1                         |   6|         11|    4|         44|
    |i_2_V_ce0                              |   3|          3|    1|          3|
    |i_2_V_d0                               |   8|         18|   16|        288|
    |i_2_V_d1                               |   8|         17|   16|        272|
    |i_2_V_we0                              |   3|          3|    1|          3|
    |i_3_V_address0                         |   6|         12|    4|         48|
    |i_3_V_address1                         |   6|         11|    4|         44|
    |i_3_V_ce0                              |   3|          3|    1|          3|
    |i_3_V_d0                               |   8|         18|   16|        288|
    |i_3_V_d1                               |   8|         17|   16|        272|
    |i_3_V_we0                              |   3|          3|    1|          3|
    |i_4_V_address0                         |   6|         12|    4|         48|
    |i_4_V_address1                         |   6|         11|    4|         44|
    |i_4_V_ce0                              |   3|          3|    1|          3|
    |i_4_V_d0                               |   8|         18|   16|        288|
    |i_4_V_d1                               |   8|         17|   16|        272|
    |i_4_V_we0                              |   3|          3|    1|          3|
    |i_5_V_address0                         |   6|         12|    4|         48|
    |i_5_V_address1                         |   6|         11|    4|         44|
    |i_5_V_ce0                              |   3|          3|    1|          3|
    |i_5_V_d0                               |   8|         18|   16|        288|
    |i_5_V_d1                               |   8|         17|   16|        272|
    |i_5_V_we0                              |   3|          3|    1|          3|
    |i_6_V_address0                         |   6|         12|    4|         48|
    |i_6_V_address1                         |   6|         11|    4|         44|
    |i_6_V_ce0                              |   3|          3|    1|          3|
    |i_6_V_d0                               |   8|         18|   16|        288|
    |i_6_V_d1                               |   8|         17|   16|        272|
    |i_6_V_we0                              |   3|          3|    1|          3|
    |i_7_V_address0                         |   6|         12|    4|         48|
    |i_7_V_address1                         |   6|         11|    4|         44|
    |i_7_V_ce0                              |   3|          3|    1|          3|
    |i_7_V_d0                               |   8|         18|   16|        288|
    |i_7_V_d1                               |   8|         17|   16|        272|
    |i_7_V_we0                              |   3|          3|    1|          3|
    |i_reg_16379                            |   3|          2|    4|          8|
    |input_r_address0                       |   6|         15|   10|        150|
    |input_r_address1                       |   6|         15|   10|        150|
    |j4_reg_16197                           |   3|          2|    8|         16|
    |j5_reg_16209                           |   3|          2|    8|         16|
    |j6_reg_16320                           |   3|          2|    8|         16|
    |last_pred_reg_16332                    |   3|          2|   32|         64|
    |max_val_0_i_reg_16344                  |   3|          2|   32|         64|
    |o_0_V_address0                         |   6|         12|    4|         48|
    |o_0_V_address1                         |   6|         12|    4|         48|
    |o_0_V_ce0                              |   3|          3|    1|          3|
    |o_0_V_ce1                              |   3|          3|    1|          3|
    |o_0_V_d0                               |   8|         18|   16|        288|
    |o_0_V_d1                               |   8|         18|   16|        288|
    |o_0_V_we0                              |   3|          3|    1|          3|
    |o_0_V_we1                              |   3|          3|    1|          3|
    |o_1_V_address0                         |   6|         12|    4|         48|
    |o_1_V_address1                         |   6|         11|    4|         44|
    |o_1_V_ce0                              |   3|          3|    1|          3|
    |o_1_V_d0                               |   8|         18|   16|        288|
    |o_1_V_d1                               |   8|         17|   16|        272|
    |o_1_V_we0                              |   3|          3|    1|          3|
    |o_2_V_address0                         |   6|         12|    4|         48|
    |o_2_V_address1                         |   6|         11|    4|         44|
    |o_2_V_ce0                              |   3|          3|    1|          3|
    |o_2_V_d0                               |   8|         18|   16|        288|
    |o_2_V_d1                               |   8|         17|   16|        272|
    |o_2_V_we0                              |   3|          3|    1|          3|
    |o_3_V_address0                         |   6|         12|    4|         48|
    |o_3_V_address1                         |   6|         11|    4|         44|
    |o_3_V_ce0                              |   3|          3|    1|          3|
    |o_3_V_d0                               |   8|         18|   16|        288|
    |o_3_V_d1                               |   8|         17|   16|        272|
    |o_3_V_we0                              |   3|          3|    1|          3|
    |o_4_V_address0                         |   6|         12|    4|         48|
    |o_4_V_address1                         |   6|         11|    4|         44|
    |o_4_V_ce0                              |   3|          3|    1|          3|
    |o_4_V_d0                               |   8|         18|   16|        288|
    |o_4_V_d1                               |   8|         17|   16|        272|
    |o_4_V_we0                              |   3|          3|    1|          3|
    |o_5_V_address0                         |   6|         12|    4|         48|
    |o_5_V_address1                         |   6|         11|    4|         44|
    |o_5_V_ce0                              |   3|          3|    1|          3|
    |o_5_V_d0                               |   8|         18|   16|        288|
    |o_5_V_d1                               |   8|         17|   16|        272|
    |o_5_V_we0                              |   3|          3|    1|          3|
    |o_6_V_address0                         |   6|         12|    4|         48|
    |o_6_V_address1                         |   6|         11|    4|         44|
    |o_6_V_ce0                              |   3|          3|    1|          3|
    |o_6_V_d0                               |   8|         18|   16|        288|
    |o_6_V_d1                               |   8|         17|   16|        272|
    |o_6_V_we0                              |   3|          3|    1|          3|
    |o_7_V_address0                         |   6|         12|    4|         48|
    |o_7_V_address1                         |   6|         11|    4|         44|
    |o_7_V_ce0                              |   3|          3|    1|          3|
    |o_7_V_d0                               |   8|         18|   16|        288|
    |o_7_V_d1                               |   8|         17|   16|        272|
    |o_7_V_we0                              |   3|          3|    1|          3|
    |reg_16532                              |   4|          5|    8|         40|
    |reg_16544                              |   3|          2|   16|         32|
    |reg_16561                              |   3|          2|   16|         32|
    |reg_16578                              |   3|          2|   16|         32|
    |reg_16595                              |   3|          2|   16|         32|
    |reg_16600                              |   3|          2|   16|         32|
    |reg_16605                              |   3|          2|   16|         32|
    |reg_16610                              |   3|          2|   16|         32|
    |reg_16615                              |   3|          2|   16|         32|
    |reg_16620                              |   3|          2|   16|         32|
    |reg_16625                              |   3|          2|   16|         32|
    |reg_16630                              |   3|          2|   16|         32|
    |reg_16635                              |   3|          2|   16|         32|
    |reg_16640                              |   3|          2|   16|         32|
    |reg_16645                              |   3|          2|   16|         32|
    |reg_16650                              |   3|          2|   16|         32|
    |reg_16655                              |   3|          2|   16|         32|
    |reg_16660                              |   3|          2|   16|         32|
    |reg_16665                              |   3|          2|   16|         32|
    |reg_16670                              |   3|          2|   16|         32|
    |reg_16675                              |   3|          2|   16|         32|
    |reg_16680                              |   3|          2|   16|         32|
    |reg_16685                              |   3|          2|   16|         32|
    |reg_16690                              |   3|          2|   16|         32|
    |reg_16695                              |   3|          2|   16|         32|
    |reg_16700                              |   3|          2|   16|         32|
    |reg_16705                              |   3|          2|   16|         32|
    |reg_16710                              |   3|          2|   16|         32|
    |reg_16715                              |   3|          2|   16|         32|
    |reg_16720                              |   3|          2|   16|         32|
    |reg_16725                              |   3|          2|   16|         32|
    |reg_16730                              |   3|          2|   16|         32|
    |reg_16735                              |   3|          2|   16|         32|
    |reg_16740                              |   3|          2|   16|         32|
    |reg_16745                              |   3|          2|   16|         32|
    |reg_16750                              |   3|          2|   16|         32|
    |reg_16755                              |   4|          5|    8|         40|
    |reg_16815                              |   3|          2|   16|         32|
    |reg_16820                              |   3|          2|   16|         32|
    |reg_16825                              |   3|          2|   16|         32|
    |reg_16830                              |   3|          2|   16|         32|
    |reg_16835                              |   3|          2|   16|         32|
    |reg_16840                              |   3|          2|   16|         32|
    |reg_16845                              |   3|          2|   16|         32|
    |reg_16850                              |   3|          2|   16|         32|
    |reg_16855                              |   3|          2|   16|         32|
    |reg_16860                              |   3|          2|   16|         32|
    |reg_16865                              |   3|          2|   16|         32|
    |reg_16870                              |   3|          2|   16|         32|
    |reg_16875                              |   3|          2|   16|         32|
    |reg_16880                              |   3|          2|   16|         32|
    |reg_16885                              |   3|          2|   16|         32|
    |reg_16890                              |   3|          2|   16|         32|
    |reg_16895                              |   3|          2|   16|         32|
    |reg_16900                              |   3|          2|   16|         32|
    |reg_16905                              |   3|          2|   16|         32|
    |reg_16910                              |   3|          2|   16|         32|
    |reg_16915                              |   3|          2|   16|         32|
    |reg_16920                              |   3|          2|   16|         32|
    |reg_16925                              |   3|          2|   16|         32|
    |reg_16930                              |   3|          2|   16|         32|
    |reg_16935                              |   3|          2|   16|         32|
    |reg_16940                              |   3|          2|   16|         32|
    |reg_16945                              |   3|          2|   16|         32|
    |reg_16950                              |   3|          2|   16|         32|
    |reg_16955                              |   3|          2|   16|         32|
    |reg_16960                              |   3|          2|   16|         32|
    |reg_16965                              |   3|          2|   16|         32|
    |reg_16970                              |   3|          2|   16|         32|
    |reg_16975                              |   4|          5|    8|         40|
    |reg_17007                              |   4|          5|    8|         40|
    |reg_17015                              |   3|          4|    8|         32|
    |reg_17022                              |   3|          4|    8|         32|
    |reg_17029                              |   3|          4|    8|         32|
    |reg_17036                              |   3|          4|    8|         32|
    |reg_17043                              |   3|          3|    8|         24|
    |reg_17049                              |   3|          3|    8|         24|
    |reg_17055                              |   3|          3|    8|         24|
    |reg_17061                              |   3|          3|    8|         24|
    |reg_17067                              |   3|          2|    8|         16|
    |reg_17072                              |   3|          2|    8|         16|
    |reg_17077                              |   3|          2|    8|         16|
    |reg_17082                              |   3|          2|    8|         16|
    |reg_17103                              |   3|          2|    8|         16|
    |reg_17116                              |   3|          2|   16|         32|
    |reg_17121                              |   3|          2|   16|         32|
    |reg_17126                              |   3|          2|   16|         32|
    |reg_17131                              |   3|          2|   16|         32|
    |reg_17136                              |   3|          2|   16|         32|
    |reg_17141                              |   3|          2|   16|         32|
    |reg_17146                              |   3|          2|   16|         32|
    |reg_17151                              |   3|          2|   16|         32|
    |res_address0                           |   4|          8|    4|         32|
    |res_address1                           |   4|          7|    4|         28|
    |res_d0                                 |   4|          6|   32|        192|
    |res_d1                                 |   4|          6|   32|        192|
    |second_max_reg_16367                   |   3|          2|   32|         64|
    |stable_count_fu_1952                   |   3|          2|   32|         64|
    |t_reg_16186                            |   3|          2|    5|         10|
    |x_prev_V_address0                      |  11|         81|    8|        648|
    |x_prev_V_address1                      |  11|         79|    8|        632|
    |x_prev_V_ce0                           |   3|          3|    1|          3|
    |x_prev_V_d0                            |  11|         80|   16|       1280|
    |x_prev_V_d1                            |  11|         79|   16|       1264|
    +---------------------------------------+----+-----------+-----+-----------+
    |Total                                  |2171|       4811| 4458|      46516|
    +---------------------------------------+----+-----------+-----+-----------+

    * Register: 
    +---------------------------------------+-----+----+-----+-----------+
    |                  Name                 |  FF | LUT| Bits| Const Bits|
    +---------------------------------------+-----+----+-----+-----------+
    |Bias_c_V_load_100_reg_60006            |    8|   0|    8|          0|
    |Bias_c_V_load_101_reg_60026            |    8|   0|    8|          0|
    |Bias_c_V_load_102_reg_60046            |    8|   0|    8|          0|
    |Bias_c_V_load_103_reg_60066            |    8|   0|    8|          0|
    |Bias_c_V_load_104_reg_60086            |    8|   0|    8|          0|
    |Bias_c_V_load_105_reg_60106            |    8|   0|    8|          0|
    |Bias_c_V_load_106_reg_60126            |    8|   0|    8|          0|
    |Bias_c_V_load_107_reg_60146            |    8|   0|    8|          0|
    |Bias_c_V_load_108_reg_60166            |    8|   0|    8|          0|
    |Bias_c_V_load_109_reg_60186            |    8|   0|    8|          0|
    |Bias_c_V_load_10_reg_58206             |    8|   0|    8|          0|
    |Bias_c_V_load_110_reg_60206            |    8|   0|    8|          0|
    |Bias_c_V_load_111_reg_60226            |    8|   0|    8|          0|
    |Bias_c_V_load_112_reg_60246            |    8|   0|    8|          0|
    |Bias_c_V_load_113_reg_60266            |    8|   0|    8|          0|
    |Bias_c_V_load_114_reg_60286            |    8|   0|    8|          0|
    |Bias_c_V_load_115_reg_60306            |    8|   0|    8|          0|
    |Bias_c_V_load_116_reg_60326            |    8|   0|    8|          0|
    |Bias_c_V_load_117_reg_60346            |    8|   0|    8|          0|
    |Bias_c_V_load_118_reg_60366            |    8|   0|    8|          0|
    |Bias_c_V_load_119_reg_60391            |    8|   0|    8|          0|
    |Bias_c_V_load_11_reg_58226             |    8|   0|    8|          0|
    |Bias_c_V_load_120_reg_60496            |    8|   0|    8|          0|
    |Bias_c_V_load_121_reg_60601            |    8|   0|    8|          0|
    |Bias_c_V_load_122_reg_60706            |    8|   0|    8|          0|
    |Bias_c_V_load_123_reg_60811            |    8|   0|    8|          0|
    |Bias_c_V_load_124_reg_60916            |    8|   0|    8|          0|
    |Bias_c_V_load_125_reg_61021            |    8|   0|    8|          0|
    |Bias_c_V_load_126_reg_61126            |    8|   0|    8|          0|
    |Bias_c_V_load_12_reg_58246             |    8|   0|    8|          0|
    |Bias_c_V_load_13_reg_58266             |    8|   0|    8|          0|
    |Bias_c_V_load_14_reg_58286             |    8|   0|    8|          0|
    |Bias_c_V_load_15_reg_58306             |    8|   0|    8|          0|
    |Bias_c_V_load_16_reg_58326             |    8|   0|    8|          0|
    |Bias_c_V_load_17_reg_58346             |    8|   0|    8|          0|
    |Bias_c_V_load_18_reg_58366             |    8|   0|    8|          0|
    |Bias_c_V_load_19_reg_58386             |    8|   0|    8|          0|
    |Bias_c_V_load_1_reg_58026              |    8|   0|    8|          0|
    |Bias_c_V_load_20_reg_58406             |    8|   0|    8|          0|
    |Bias_c_V_load_21_reg_58426             |    8|   0|    8|          0|
    |Bias_c_V_load_22_reg_58446             |    8|   0|    8|          0|
    |Bias_c_V_load_23_reg_58466             |    8|   0|    8|          0|
    |Bias_c_V_load_24_reg_58486             |    8|   0|    8|          0|
    |Bias_c_V_load_25_reg_58506             |    8|   0|    8|          0|
    |Bias_c_V_load_26_reg_58526             |    8|   0|    8|          0|
    |Bias_c_V_load_27_reg_58546             |    8|   0|    8|          0|
    |Bias_c_V_load_28_reg_58566             |    8|   0|    8|          0|
    |Bias_c_V_load_29_reg_58586             |    8|   0|    8|          0|
    |Bias_c_V_load_2_reg_58046              |    8|   0|    8|          0|
    |Bias_c_V_load_30_reg_58606             |    8|   0|    8|          0|
    |Bias_c_V_load_31_reg_58626             |    8|   0|    8|          0|
    |Bias_c_V_load_32_reg_58646             |    8|   0|    8|          0|
    |Bias_c_V_load_33_reg_58666             |    8|   0|    8|          0|
    |Bias_c_V_load_34_reg_58686             |    8|   0|    8|          0|
    |Bias_c_V_load_35_reg_58706             |    8|   0|    8|          0|
    |Bias_c_V_load_36_reg_58726             |    8|   0|    8|          0|
    |Bias_c_V_load_37_reg_58746             |    8|   0|    8|          0|
    |Bias_c_V_load_38_reg_58766             |    8|   0|    8|          0|
    |Bias_c_V_load_39_reg_58786             |    8|   0|    8|          0|
    |Bias_c_V_load_3_reg_58066              |    8|   0|    8|          0|
    |Bias_c_V_load_40_reg_58806             |    8|   0|    8|          0|
    |Bias_c_V_load_41_reg_58826             |    8|   0|    8|          0|
    |Bias_c_V_load_42_reg_58846             |    8|   0|    8|          0|
    |Bias_c_V_load_43_reg_58866             |    8|   0|    8|          0|
    |Bias_c_V_load_44_reg_58886             |    8|   0|    8|          0|
    |Bias_c_V_load_45_reg_58906             |    8|   0|    8|          0|
    |Bias_c_V_load_46_reg_58926             |    8|   0|    8|          0|
    |Bias_c_V_load_47_reg_58946             |    8|   0|    8|          0|
    |Bias_c_V_load_48_reg_58966             |    8|   0|    8|          0|
    |Bias_c_V_load_49_reg_58986             |    8|   0|    8|          0|
    |Bias_c_V_load_4_reg_58086              |    8|   0|    8|          0|
    |Bias_c_V_load_50_reg_59006             |    8|   0|    8|          0|
    |Bias_c_V_load_51_reg_59026             |    8|   0|    8|          0|
    |Bias_c_V_load_52_reg_59046             |    8|   0|    8|          0|
    |Bias_c_V_load_53_reg_59066             |    8|   0|    8|          0|
    |Bias_c_V_load_54_reg_59086             |    8|   0|    8|          0|
    |Bias_c_V_load_55_reg_59106             |    8|   0|    8|          0|
    |Bias_c_V_load_56_reg_59126             |    8|   0|    8|          0|
    |Bias_c_V_load_57_reg_59146             |    8|   0|    8|          0|
    |Bias_c_V_load_58_reg_59166             |    8|   0|    8|          0|
    |Bias_c_V_load_59_reg_59186             |    8|   0|    8|          0|
    |Bias_c_V_load_5_reg_58106              |    8|   0|    8|          0|
    |Bias_c_V_load_60_reg_59206             |    8|   0|    8|          0|
    |Bias_c_V_load_61_reg_59226             |    8|   0|    8|          0|
    |Bias_c_V_load_62_reg_59246             |    8|   0|    8|          0|
    |Bias_c_V_load_63_reg_59266             |    8|   0|    8|          0|
    |Bias_c_V_load_64_reg_59286             |    8|   0|    8|          0|
    |Bias_c_V_load_65_reg_59306             |    8|   0|    8|          0|
    |Bias_c_V_load_66_reg_59326             |    8|   0|    8|          0|
    |Bias_c_V_load_67_reg_59346             |    8|   0|    8|          0|
    |Bias_c_V_load_68_reg_59366             |    8|   0|    8|          0|
    |Bias_c_V_load_69_reg_59386             |    8|   0|    8|          0|
    |Bias_c_V_load_6_reg_58126              |    8|   0|    8|          0|
    |Bias_c_V_load_70_reg_59406             |    8|   0|    8|          0|
    |Bias_c_V_load_71_reg_59426             |    8|   0|    8|          0|
    |Bias_c_V_load_72_reg_59446             |    8|   0|    8|          0|
    |Bias_c_V_load_73_reg_59466             |    8|   0|    8|          0|
    |Bias_c_V_load_74_reg_59486             |    8|   0|    8|          0|
    |Bias_c_V_load_75_reg_59506             |    8|   0|    8|          0|
    |Bias_c_V_load_76_reg_59526             |    8|   0|    8|          0|
    |Bias_c_V_load_77_reg_59546             |    8|   0|    8|          0|
    |Bias_c_V_load_78_reg_59566             |    8|   0|    8|          0|
    |Bias_c_V_load_79_reg_59586             |    8|   0|    8|          0|
    |Bias_c_V_load_7_reg_58146              |    8|   0|    8|          0|
    |Bias_c_V_load_80_reg_59606             |    8|   0|    8|          0|
    |Bias_c_V_load_81_reg_59626             |    8|   0|    8|          0|
    |Bias_c_V_load_82_reg_59646             |    8|   0|    8|          0|
    |Bias_c_V_load_83_reg_59666             |    8|   0|    8|          0|
    |Bias_c_V_load_84_reg_59686             |    8|   0|    8|          0|
    |Bias_c_V_load_85_reg_59706             |    8|   0|    8|          0|
    |Bias_c_V_load_86_reg_59726             |    8|   0|    8|          0|
    |Bias_c_V_load_87_reg_59746             |    8|   0|    8|          0|
    |Bias_c_V_load_88_reg_59766             |    8|   0|    8|          0|
    |Bias_c_V_load_89_reg_59786             |    8|   0|    8|          0|
    |Bias_c_V_load_8_reg_58166              |    8|   0|    8|          0|
    |Bias_c_V_load_90_reg_59806             |    8|   0|    8|          0|
    |Bias_c_V_load_91_reg_59826             |    8|   0|    8|          0|
    |Bias_c_V_load_92_reg_59846             |    8|   0|    8|          0|
    |Bias_c_V_load_93_reg_59866             |    8|   0|    8|          0|
    |Bias_c_V_load_94_reg_59886             |    8|   0|    8|          0|
    |Bias_c_V_load_95_reg_59906             |    8|   0|    8|          0|
    |Bias_c_V_load_96_reg_59926             |    8|   0|    8|          0|
    |Bias_c_V_load_97_reg_59946             |    8|   0|    8|          0|
    |Bias_c_V_load_98_reg_59966             |    8|   0|    8|          0|
    |Bias_c_V_load_99_reg_59986             |    8|   0|    8|          0|
    |Bias_c_V_load_9_reg_58186              |    8|   0|    8|          0|
    |Bias_c_V_load_reg_58006                |    8|   0|    8|          0|
    |Bias_f_V_load_100_reg_59996            |    8|   0|    8|          0|
    |Bias_f_V_load_101_reg_60016            |    8|   0|    8|          0|
    |Bias_f_V_load_102_reg_60036            |    8|   0|    8|          0|
    |Bias_f_V_load_103_reg_60056            |    8|   0|    8|          0|
    |Bias_f_V_load_104_reg_60076            |    8|   0|    8|          0|
    |Bias_f_V_load_105_reg_60096            |    8|   0|    8|          0|
    |Bias_f_V_load_106_reg_60116            |    8|   0|    8|          0|
    |Bias_f_V_load_107_reg_60136            |    8|   0|    8|          0|
    |Bias_f_V_load_108_reg_60156            |    8|   0|    8|          0|
    |Bias_f_V_load_109_reg_60176            |    8|   0|    8|          0|
    |Bias_f_V_load_10_reg_58196             |    8|   0|    8|          0|
    |Bias_f_V_load_110_reg_60196            |    8|   0|    8|          0|
    |Bias_f_V_load_111_reg_60216            |    8|   0|    8|          0|
    |Bias_f_V_load_112_reg_60236            |    8|   0|    8|          0|
    |Bias_f_V_load_113_reg_60256            |    8|   0|    8|          0|
    |Bias_f_V_load_114_reg_60276            |    8|   0|    8|          0|
    |Bias_f_V_load_115_reg_60296            |    8|   0|    8|          0|
    |Bias_f_V_load_116_reg_60316            |    8|   0|    8|          0|
    |Bias_f_V_load_117_reg_60336            |    8|   0|    8|          0|
    |Bias_f_V_load_118_reg_60356            |    8|   0|    8|          0|
    |Bias_f_V_load_119_reg_60381            |    8|   0|    8|          0|
    |Bias_f_V_load_11_reg_58216             |    8|   0|    8|          0|
    |Bias_f_V_load_120_reg_60486            |    8|   0|    8|          0|
    |Bias_f_V_load_121_reg_60591            |    8|   0|    8|          0|
    |Bias_f_V_load_122_reg_60696            |    8|   0|    8|          0|
    |Bias_f_V_load_123_reg_60801            |    8|   0|    8|          0|
    |Bias_f_V_load_124_reg_60906            |    8|   0|    8|          0|
    |Bias_f_V_load_125_reg_61011            |    8|   0|    8|          0|
    |Bias_f_V_load_126_reg_61116            |    8|   0|    8|          0|
    |Bias_f_V_load_12_reg_58236             |    8|   0|    8|          0|
    |Bias_f_V_load_13_reg_58256             |    8|   0|    8|          0|
    |Bias_f_V_load_14_reg_58276             |    8|   0|    8|          0|
    |Bias_f_V_load_15_reg_58296             |    8|   0|    8|          0|
    |Bias_f_V_load_16_reg_58316             |    8|   0|    8|          0|
    |Bias_f_V_load_17_reg_58336             |    8|   0|    8|          0|
    |Bias_f_V_load_18_reg_58356             |    8|   0|    8|          0|
    |Bias_f_V_load_19_reg_58376             |    8|   0|    8|          0|
    |Bias_f_V_load_1_reg_58016              |    8|   0|    8|          0|
    |Bias_f_V_load_20_reg_58396             |    8|   0|    8|          0|
    |Bias_f_V_load_21_reg_58416             |    8|   0|    8|          0|
    |Bias_f_V_load_22_reg_58436             |    8|   0|    8|          0|
    |Bias_f_V_load_23_reg_58456             |    8|   0|    8|          0|
    |Bias_f_V_load_24_reg_58476             |    8|   0|    8|          0|
    |Bias_f_V_load_25_reg_58496             |    8|   0|    8|          0|
    |Bias_f_V_load_26_reg_58516             |    8|   0|    8|          0|
    |Bias_f_V_load_27_reg_58536             |    8|   0|    8|          0|
    |Bias_f_V_load_28_reg_58556             |    8|   0|    8|          0|
    |Bias_f_V_load_29_reg_58576             |    8|   0|    8|          0|
    |Bias_f_V_load_2_reg_58036              |    8|   0|    8|          0|
    |Bias_f_V_load_30_reg_58596             |    8|   0|    8|          0|
    |Bias_f_V_load_31_reg_58616             |    8|   0|    8|          0|
    |Bias_f_V_load_32_reg_58636             |    8|   0|    8|          0|
    |Bias_f_V_load_33_reg_58656             |    8|   0|    8|          0|
    |Bias_f_V_load_34_reg_58676             |    8|   0|    8|          0|
    |Bias_f_V_load_35_reg_58696             |    8|   0|    8|          0|
    |Bias_f_V_load_36_reg_58716             |    8|   0|    8|          0|
    |Bias_f_V_load_37_reg_58736             |    8|   0|    8|          0|
    |Bias_f_V_load_38_reg_58756             |    8|   0|    8|          0|
    |Bias_f_V_load_39_reg_58776             |    8|   0|    8|          0|
    |Bias_f_V_load_3_reg_58056              |    8|   0|    8|          0|
    |Bias_f_V_load_40_reg_58796             |    8|   0|    8|          0|
    |Bias_f_V_load_41_reg_58816             |    8|   0|    8|          0|
    |Bias_f_V_load_42_reg_58836             |    8|   0|    8|          0|
    |Bias_f_V_load_43_reg_58856             |    8|   0|    8|          0|
    |Bias_f_V_load_44_reg_58876             |    8|   0|    8|          0|
    |Bias_f_V_load_45_reg_58896             |    8|   0|    8|          0|
    |Bias_f_V_load_46_reg_58916             |    8|   0|    8|          0|
    |Bias_f_V_load_47_reg_58936             |    8|   0|    8|          0|
    |Bias_f_V_load_48_reg_58956             |    8|   0|    8|          0|
    |Bias_f_V_load_49_reg_58976             |    8|   0|    8|          0|
    |Bias_f_V_load_4_reg_58076              |    8|   0|    8|          0|
    |Bias_f_V_load_50_reg_58996             |    8|   0|    8|          0|
    |Bias_f_V_load_51_reg_59016             |    8|   0|    8|          0|
    |Bias_f_V_load_52_reg_59036             |    8|   0|    8|          0|
    |Bias_f_V_load_53_reg_59056             |    8|   0|    8|          0|
    |Bias_f_V_load_54_reg_59076             |    8|   0|    8|          0|
    |Bias_f_V_load_55_reg_59096             |    8|   0|    8|          0|
    |Bias_f_V_load_56_reg_59116             |    8|   0|    8|          0|
    |Bias_f_V_load_57_reg_59136             |    8|   0|    8|          0|
    |Bias_f_V_load_58_reg_59156             |    8|   0|    8|          0|
    |Bias_f_V_load_59_reg_59176             |    8|   0|    8|          0|
    |Bias_f_V_load_5_reg_58096              |    8|   0|    8|          0|
    |Bias_f_V_load_60_reg_59196             |    8|   0|    8|          0|
    |Bias_f_V_load_61_reg_59216             |    8|   0|    8|          0|
    |Bias_f_V_load_62_reg_59236             |    8|   0|    8|          0|
    |Bias_f_V_load_63_reg_59256             |    8|   0|    8|          0|
    |Bias_f_V_load_64_reg_59276             |    8|   0|    8|          0|
    |Bias_f_V_load_65_reg_59296             |    8|   0|    8|          0|
    |Bias_f_V_load_66_reg_59316             |    8|   0|    8|          0|
    |Bias_f_V_load_67_reg_59336             |    8|   0|    8|          0|
    |Bias_f_V_load_68_reg_59356             |    8|   0|    8|          0|
    |Bias_f_V_load_69_reg_59376             |    8|   0|    8|          0|
    |Bias_f_V_load_6_reg_58116              |    8|   0|    8|          0|
    |Bias_f_V_load_70_reg_59396             |    8|   0|    8|          0|
    |Bias_f_V_load_71_reg_59416             |    8|   0|    8|          0|
    |Bias_f_V_load_72_reg_59436             |    8|   0|    8|          0|
    |Bias_f_V_load_73_reg_59456             |    8|   0|    8|          0|
    |Bias_f_V_load_74_reg_59476             |    8|   0|    8|          0|
    |Bias_f_V_load_75_reg_59496             |    8|   0|    8|          0|
    |Bias_f_V_load_76_reg_59516             |    8|   0|    8|          0|
    |Bias_f_V_load_77_reg_59536             |    8|   0|    8|          0|
    |Bias_f_V_load_78_reg_59556             |    8|   0|    8|          0|
    |Bias_f_V_load_79_reg_59576             |    8|   0|    8|          0|
    |Bias_f_V_load_7_reg_58136              |    8|   0|    8|          0|
    |Bias_f_V_load_80_reg_59596             |    8|   0|    8|          0|
    |Bias_f_V_load_81_reg_59616             |    8|   0|    8|          0|
    |Bias_f_V_load_82_reg_59636             |    8|   0|    8|          0|
    |Bias_f_V_load_83_reg_59656             |    8|   0|    8|          0|
    |Bias_f_V_load_84_reg_59676             |    8|   0|    8|          0|
    |Bias_f_V_load_85_reg_59696             |    8|   0|    8|          0|
    |Bias_f_V_load_86_reg_59716             |    8|   0|    8|          0|
    |Bias_f_V_load_87_reg_59736             |    8|   0|    8|          0|
    |Bias_f_V_load_88_reg_59756             |    8|   0|    8|          0|
    |Bias_f_V_load_89_reg_59776             |    8|   0|    8|          0|
    |Bias_f_V_load_8_reg_58156              |    8|   0|    8|          0|
    |Bias_f_V_load_90_reg_59796             |    8|   0|    8|          0|
    |Bias_f_V_load_91_reg_59816             |    8|   0|    8|          0|
    |Bias_f_V_load_92_reg_59836             |    8|   0|    8|          0|
    |Bias_f_V_load_93_reg_59856             |    8|   0|    8|          0|
    |Bias_f_V_load_94_reg_59876             |    8|   0|    8|          0|
    |Bias_f_V_load_95_reg_59896             |    8|   0|    8|          0|
    |Bias_f_V_load_96_reg_59916             |    8|   0|    8|          0|
    |Bias_f_V_load_97_reg_59936             |    8|   0|    8|          0|
    |Bias_f_V_load_98_reg_59956             |    8|   0|    8|          0|
    |Bias_f_V_load_99_reg_59976             |    8|   0|    8|          0|
    |Bias_f_V_load_9_reg_58176              |    8|   0|    8|          0|
    |Bias_f_V_load_reg_57996                |    8|   0|    8|          0|
    |Bias_i_V_load_100_reg_60001            |    8|   0|    8|          0|
    |Bias_i_V_load_101_reg_60021            |    8|   0|    8|          0|
    |Bias_i_V_load_102_reg_60041            |    8|   0|    8|          0|
    |Bias_i_V_load_103_reg_60061            |    8|   0|    8|          0|
    |Bias_i_V_load_104_reg_60081            |    8|   0|    8|          0|
    |Bias_i_V_load_105_reg_60101            |    8|   0|    8|          0|
    |Bias_i_V_load_106_reg_60121            |    8|   0|    8|          0|
    |Bias_i_V_load_107_reg_60141            |    8|   0|    8|          0|
    |Bias_i_V_load_108_reg_60161            |    8|   0|    8|          0|
    |Bias_i_V_load_109_reg_60181            |    8|   0|    8|          0|
    |Bias_i_V_load_10_reg_58201             |    8|   0|    8|          0|
    |Bias_i_V_load_110_reg_60201            |    8|   0|    8|          0|
    |Bias_i_V_load_111_reg_60221            |    8|   0|    8|          0|
    |Bias_i_V_load_112_reg_60241            |    8|   0|    8|          0|
    |Bias_i_V_load_113_reg_60261            |    8|   0|    8|          0|
    |Bias_i_V_load_114_reg_60281            |    8|   0|    8|          0|
    |Bias_i_V_load_115_reg_60301            |    8|   0|    8|          0|
    |Bias_i_V_load_116_reg_60321            |    8|   0|    8|          0|
    |Bias_i_V_load_117_reg_60341            |    8|   0|    8|          0|
    |Bias_i_V_load_118_reg_60361            |    8|   0|    8|          0|
    |Bias_i_V_load_119_reg_60386            |    8|   0|    8|          0|
    |Bias_i_V_load_11_reg_58221             |    8|   0|    8|          0|
    |Bias_i_V_load_120_reg_60491            |    8|   0|    8|          0|
    |Bias_i_V_load_121_reg_60596            |    8|   0|    8|          0|
    |Bias_i_V_load_122_reg_60701            |    8|   0|    8|          0|
    |Bias_i_V_load_123_reg_60806            |    8|   0|    8|          0|
    |Bias_i_V_load_124_reg_60911            |    8|   0|    8|          0|
    |Bias_i_V_load_125_reg_61016            |    8|   0|    8|          0|
    |Bias_i_V_load_126_reg_61121            |    8|   0|    8|          0|
    |Bias_i_V_load_12_reg_58241             |    8|   0|    8|          0|
    |Bias_i_V_load_13_reg_58261             |    8|   0|    8|          0|
    |Bias_i_V_load_14_reg_58281             |    8|   0|    8|          0|
    |Bias_i_V_load_15_reg_58301             |    8|   0|    8|          0|
    |Bias_i_V_load_16_reg_58321             |    8|   0|    8|          0|
    |Bias_i_V_load_17_reg_58341             |    8|   0|    8|          0|
    |Bias_i_V_load_18_reg_58361             |    8|   0|    8|          0|
    |Bias_i_V_load_19_reg_58381             |    8|   0|    8|          0|
    |Bias_i_V_load_1_reg_58021              |    8|   0|    8|          0|
    |Bias_i_V_load_20_reg_58401             |    8|   0|    8|          0|
    |Bias_i_V_load_21_reg_58421             |    8|   0|    8|          0|
    |Bias_i_V_load_22_reg_58441             |    8|   0|    8|          0|
    |Bias_i_V_load_23_reg_58461             |    8|   0|    8|          0|
    |Bias_i_V_load_24_reg_58481             |    8|   0|    8|          0|
    |Bias_i_V_load_25_reg_58501             |    8|   0|    8|          0|
    |Bias_i_V_load_26_reg_58521             |    8|   0|    8|          0|
    |Bias_i_V_load_27_reg_58541             |    8|   0|    8|          0|
    |Bias_i_V_load_28_reg_58561             |    8|   0|    8|          0|
    |Bias_i_V_load_29_reg_58581             |    8|   0|    8|          0|
    |Bias_i_V_load_2_reg_58041              |    8|   0|    8|          0|
    |Bias_i_V_load_30_reg_58601             |    8|   0|    8|          0|
    |Bias_i_V_load_31_reg_58621             |    8|   0|    8|          0|
    |Bias_i_V_load_32_reg_58641             |    8|   0|    8|          0|
    |Bias_i_V_load_33_reg_58661             |    8|   0|    8|          0|
    |Bias_i_V_load_34_reg_58681             |    8|   0|    8|          0|
    |Bias_i_V_load_35_reg_58701             |    8|   0|    8|          0|
    |Bias_i_V_load_36_reg_58721             |    8|   0|    8|          0|
    |Bias_i_V_load_37_reg_58741             |    8|   0|    8|          0|
    |Bias_i_V_load_38_reg_58761             |    8|   0|    8|          0|
    |Bias_i_V_load_39_reg_58781             |    8|   0|    8|          0|
    |Bias_i_V_load_3_reg_58061              |    8|   0|    8|          0|
    |Bias_i_V_load_40_reg_58801             |    8|   0|    8|          0|
    |Bias_i_V_load_41_reg_58821             |    8|   0|    8|          0|
    |Bias_i_V_load_42_reg_58841             |    8|   0|    8|          0|
    |Bias_i_V_load_43_reg_58861             |    8|   0|    8|          0|
    |Bias_i_V_load_44_reg_58881             |    8|   0|    8|          0|
    |Bias_i_V_load_45_reg_58901             |    8|   0|    8|          0|
    |Bias_i_V_load_46_reg_58921             |    8|   0|    8|          0|
    |Bias_i_V_load_47_reg_58941             |    8|   0|    8|          0|
    |Bias_i_V_load_48_reg_58961             |    8|   0|    8|          0|
    |Bias_i_V_load_49_reg_58981             |    8|   0|    8|          0|
    |Bias_i_V_load_4_reg_58081              |    8|   0|    8|          0|
    |Bias_i_V_load_50_reg_59001             |    8|   0|    8|          0|
    |Bias_i_V_load_51_reg_59021             |    8|   0|    8|          0|
    |Bias_i_V_load_52_reg_59041             |    8|   0|    8|          0|
    |Bias_i_V_load_53_reg_59061             |    8|   0|    8|          0|
    |Bias_i_V_load_54_reg_59081             |    8|   0|    8|          0|
    |Bias_i_V_load_55_reg_59101             |    8|   0|    8|          0|
    |Bias_i_V_load_56_reg_59121             |    8|   0|    8|          0|
    |Bias_i_V_load_57_reg_59141             |    8|   0|    8|          0|
    |Bias_i_V_load_58_reg_59161             |    8|   0|    8|          0|
    |Bias_i_V_load_59_reg_59181             |    8|   0|    8|          0|
    |Bias_i_V_load_5_reg_58101              |    8|   0|    8|          0|
    |Bias_i_V_load_60_reg_59201             |    8|   0|    8|          0|
    |Bias_i_V_load_61_reg_59221             |    8|   0|    8|          0|
    |Bias_i_V_load_62_reg_59241             |    8|   0|    8|          0|
    |Bias_i_V_load_63_reg_59261             |    8|   0|    8|          0|
    |Bias_i_V_load_64_reg_59281             |    8|   0|    8|          0|
    |Bias_i_V_load_65_reg_59301             |    8|   0|    8|          0|
    |Bias_i_V_load_66_reg_59321             |    8|   0|    8|          0|
    |Bias_i_V_load_67_reg_59341             |    8|   0|    8|          0|
    |Bias_i_V_load_68_reg_59361             |    8|   0|    8|          0|
    |Bias_i_V_load_69_reg_59381             |    8|   0|    8|          0|
    |Bias_i_V_load_6_reg_58121              |    8|   0|    8|          0|
    |Bias_i_V_load_70_reg_59401             |    8|   0|    8|          0|
    |Bias_i_V_load_71_reg_59421             |    8|   0|    8|          0|
    |Bias_i_V_load_72_reg_59441             |    8|   0|    8|          0|
    |Bias_i_V_load_73_reg_59461             |    8|   0|    8|          0|
    |Bias_i_V_load_74_reg_59481             |    8|   0|    8|          0|
    |Bias_i_V_load_75_reg_59501             |    8|   0|    8|          0|
    |Bias_i_V_load_76_reg_59521             |    8|   0|    8|          0|
    |Bias_i_V_load_77_reg_59541             |    8|   0|    8|          0|
    |Bias_i_V_load_78_reg_59561             |    8|   0|    8|          0|
    |Bias_i_V_load_79_reg_59581             |    8|   0|    8|          0|
    |Bias_i_V_load_7_reg_58141              |    8|   0|    8|          0|
    |Bias_i_V_load_80_reg_59601             |    8|   0|    8|          0|
    |Bias_i_V_load_81_reg_59621             |    8|   0|    8|          0|
    |Bias_i_V_load_82_reg_59641             |    8|   0|    8|          0|
    |Bias_i_V_load_83_reg_59661             |    8|   0|    8|          0|
    |Bias_i_V_load_84_reg_59681             |    8|   0|    8|          0|
    |Bias_i_V_load_85_reg_59701             |    8|   0|    8|          0|
    |Bias_i_V_load_86_reg_59721             |    8|   0|    8|          0|
    |Bias_i_V_load_87_reg_59741             |    8|   0|    8|          0|
    |Bias_i_V_load_88_reg_59761             |    8|   0|    8|          0|
    |Bias_i_V_load_89_reg_59781             |    8|   0|    8|          0|
    |Bias_i_V_load_8_reg_58161              |    8|   0|    8|          0|
    |Bias_i_V_load_90_reg_59801             |    8|   0|    8|          0|
    |Bias_i_V_load_91_reg_59821             |    8|   0|    8|          0|
    |Bias_i_V_load_92_reg_59841             |    8|   0|    8|          0|
    |Bias_i_V_load_93_reg_59861             |    8|   0|    8|          0|
    |Bias_i_V_load_94_reg_59881             |    8|   0|    8|          0|
    |Bias_i_V_load_95_reg_59901             |    8|   0|    8|          0|
    |Bias_i_V_load_96_reg_59921             |    8|   0|    8|          0|
    |Bias_i_V_load_97_reg_59941             |    8|   0|    8|          0|
    |Bias_i_V_load_98_reg_59961             |    8|   0|    8|          0|
    |Bias_i_V_load_99_reg_59981             |    8|   0|    8|          0|
    |Bias_i_V_load_9_reg_58181              |    8|   0|    8|          0|
    |Bias_i_V_load_reg_58001                |    8|   0|    8|          0|
    |Bias_lc_V_load_1_reg_60401             |    8|   0|    8|          0|
    |Bias_lc_V_load_2_reg_60506             |    8|   0|    8|          0|
    |Bias_lc_V_load_3_reg_60611             |    8|   0|    8|          0|
    |Bias_lc_V_load_4_reg_60716             |    8|   0|    8|          0|
    |Bias_lc_V_load_5_reg_60821             |    8|   0|    8|          0|
    |Bias_lc_V_load_6_reg_60926             |    8|   0|    8|          0|
    |Bias_lc_V_load_7_reg_61031             |    8|   0|    8|          0|
    |Bias_lc_V_load_8_reg_61136             |    8|   0|    8|          0|
    |Bias_lc_V_load_reg_60376               |    8|   0|    8|          0|
    |Bias_o_V_load_100_reg_60011            |    8|   0|    8|          0|
    |Bias_o_V_load_101_reg_60031            |    8|   0|    8|          0|
    |Bias_o_V_load_102_reg_60051            |    8|   0|    8|          0|
    |Bias_o_V_load_103_reg_60071            |    8|   0|    8|          0|
    |Bias_o_V_load_104_reg_60091            |    8|   0|    8|          0|
    |Bias_o_V_load_105_reg_60111            |    8|   0|    8|          0|
    |Bias_o_V_load_106_reg_60131            |    8|   0|    8|          0|
    |Bias_o_V_load_107_reg_60151            |    8|   0|    8|          0|
    |Bias_o_V_load_108_reg_60171            |    8|   0|    8|          0|
    |Bias_o_V_load_109_reg_60191            |    8|   0|    8|          0|
    |Bias_o_V_load_10_reg_58211             |    8|   0|    8|          0|
    |Bias_o_V_load_110_reg_60211            |    8|   0|    8|          0|
    |Bias_o_V_load_111_reg_60231            |    8|   0|    8|          0|
    |Bias_o_V_load_112_reg_60251            |    8|   0|    8|          0|
    |Bias_o_V_load_113_reg_60271            |    8|   0|    8|          0|
    |Bias_o_V_load_114_reg_60291            |    8|   0|    8|          0|
    |Bias_o_V_load_115_reg_60311            |    8|   0|    8|          0|
    |Bias_o_V_load_116_reg_60331            |    8|   0|    8|          0|
    |Bias_o_V_load_117_reg_60351            |    8|   0|    8|          0|
    |Bias_o_V_load_118_reg_60371            |    8|   0|    8|          0|
    |Bias_o_V_load_119_reg_60396            |    8|   0|    8|          0|
    |Bias_o_V_load_11_reg_58231             |    8|   0|    8|          0|
    |Bias_o_V_load_120_reg_60501            |    8|   0|    8|          0|
    |Bias_o_V_load_121_reg_60606            |    8|   0|    8|          0|
    |Bias_o_V_load_122_reg_60711            |    8|   0|    8|          0|
    |Bias_o_V_load_123_reg_60816            |    8|   0|    8|          0|
    |Bias_o_V_load_124_reg_60921            |    8|   0|    8|          0|
    |Bias_o_V_load_125_reg_61026            |    8|   0|    8|          0|
    |Bias_o_V_load_126_reg_61131            |    8|   0|    8|          0|
    |Bias_o_V_load_12_reg_58251             |    8|   0|    8|          0|
    |Bias_o_V_load_13_reg_58271             |    8|   0|    8|          0|
    |Bias_o_V_load_14_reg_58291             |    8|   0|    8|          0|
    |Bias_o_V_load_15_reg_58311             |    8|   0|    8|          0|
    |Bias_o_V_load_16_reg_58331             |    8|   0|    8|          0|
    |Bias_o_V_load_17_reg_58351             |    8|   0|    8|          0|
    |Bias_o_V_load_18_reg_58371             |    8|   0|    8|          0|
    |Bias_o_V_load_19_reg_58391             |    8|   0|    8|          0|
    |Bias_o_V_load_1_reg_58031              |    8|   0|    8|          0|
    |Bias_o_V_load_20_reg_58411             |    8|   0|    8|          0|
    |Bias_o_V_load_21_reg_58431             |    8|   0|    8|          0|
    |Bias_o_V_load_22_reg_58451             |    8|   0|    8|          0|
    |Bias_o_V_load_23_reg_58471             |    8|   0|    8|          0|
    |Bias_o_V_load_24_reg_58491             |    8|   0|    8|          0|
    |Bias_o_V_load_25_reg_58511             |    8|   0|    8|          0|
    |Bias_o_V_load_26_reg_58531             |    8|   0|    8|          0|
    |Bias_o_V_load_27_reg_58551             |    8|   0|    8|          0|
    |Bias_o_V_load_28_reg_58571             |    8|   0|    8|          0|
    |Bias_o_V_load_29_reg_58591             |    8|   0|    8|          0|
    |Bias_o_V_load_2_reg_58051              |    8|   0|    8|          0|
    |Bias_o_V_load_30_reg_58611             |    8|   0|    8|          0|
    |Bias_o_V_load_31_reg_58631             |    8|   0|    8|          0|
    |Bias_o_V_load_32_reg_58651             |    8|   0|    8|          0|
    |Bias_o_V_load_33_reg_58671             |    8|   0|    8|          0|
    |Bias_o_V_load_34_reg_58691             |    8|   0|    8|          0|
    |Bias_o_V_load_35_reg_58711             |    8|   0|    8|          0|
    |Bias_o_V_load_36_reg_58731             |    8|   0|    8|          0|
    |Bias_o_V_load_37_reg_58751             |    8|   0|    8|          0|
    |Bias_o_V_load_38_reg_58771             |    8|   0|    8|          0|
    |Bias_o_V_load_39_reg_58791             |    8|   0|    8|          0|
    |Bias_o_V_load_3_reg_58071              |    8|   0|    8|          0|
    |Bias_o_V_load_40_reg_58811             |    8|   0|    8|          0|
    |Bias_o_V_load_41_reg_58831             |    8|   0|    8|          0|
    |Bias_o_V_load_42_reg_58851             |    8|   0|    8|          0|
    |Bias_o_V_load_43_reg_58871             |    8|   0|    8|          0|
    |Bias_o_V_load_44_reg_58891             |    8|   0|    8|          0|
    |Bias_o_V_load_45_reg_58911             |    8|   0|    8|          0|
    |Bias_o_V_load_46_reg_58931             |    8|   0|    8|          0|
    |Bias_o_V_load_47_reg_58951             |    8|   0|    8|          0|
    |Bias_o_V_load_48_reg_58971             |    8|   0|    8|          0|
    |Bias_o_V_load_49_reg_58991             |    8|   0|    8|          0|
    |Bias_o_V_load_4_reg_58091              |    8|   0|    8|          0|
    |Bias_o_V_load_50_reg_59011             |    8|   0|    8|          0|
    |Bias_o_V_load_51_reg_59031             |    8|   0|    8|          0|
    |Bias_o_V_load_52_reg_59051             |    8|   0|    8|          0|
    |Bias_o_V_load_53_reg_59071             |    8|   0|    8|          0|
    |Bias_o_V_load_54_reg_59091             |    8|   0|    8|          0|
    |Bias_o_V_load_55_reg_59111             |    8|   0|    8|          0|
    |Bias_o_V_load_56_reg_59131             |    8|   0|    8|          0|
    |Bias_o_V_load_57_reg_59151             |    8|   0|    8|          0|
    |Bias_o_V_load_58_reg_59171             |    8|   0|    8|          0|
    |Bias_o_V_load_59_reg_59191             |    8|   0|    8|          0|
    |Bias_o_V_load_5_reg_58111              |    8|   0|    8|          0|
    |Bias_o_V_load_60_reg_59211             |    8|   0|    8|          0|
    |Bias_o_V_load_61_reg_59231             |    8|   0|    8|          0|
    |Bias_o_V_load_62_reg_59251             |    8|   0|    8|          0|
    |Bias_o_V_load_63_reg_59271             |    8|   0|    8|          0|
    |Bias_o_V_load_64_reg_59291             |    8|   0|    8|          0|
    |Bias_o_V_load_65_reg_59311             |    8|   0|    8|          0|
    |Bias_o_V_load_66_reg_59331             |    8|   0|    8|          0|
    |Bias_o_V_load_67_reg_59351             |    8|   0|    8|          0|
    |Bias_o_V_load_68_reg_59371             |    8|   0|    8|          0|
    |Bias_o_V_load_69_reg_59391             |    8|   0|    8|          0|
    |Bias_o_V_load_6_reg_58131              |    8|   0|    8|          0|
    |Bias_o_V_load_70_reg_59411             |    8|   0|    8|          0|
    |Bias_o_V_load_71_reg_59431             |    8|   0|    8|          0|
    |Bias_o_V_load_72_reg_59451             |    8|   0|    8|          0|
    |Bias_o_V_load_73_reg_59471             |    8|   0|    8|          0|
    |Bias_o_V_load_74_reg_59491             |    8|   0|    8|          0|
    |Bias_o_V_load_75_reg_59511             |    8|   0|    8|          0|
    |Bias_o_V_load_76_reg_59531             |    8|   0|    8|          0|
    |Bias_o_V_load_77_reg_59551             |    8|   0|    8|          0|
    |Bias_o_V_load_78_reg_59571             |    8|   0|    8|          0|
    |Bias_o_V_load_79_reg_59591             |    8|   0|    8|          0|
    |Bias_o_V_load_7_reg_58151              |    8|   0|    8|          0|
    |Bias_o_V_load_80_reg_59611             |    8|   0|    8|          0|
    |Bias_o_V_load_81_reg_59631             |    8|   0|    8|          0|
    |Bias_o_V_load_82_reg_59651             |    8|   0|    8|          0|
    |Bias_o_V_load_83_reg_59671             |    8|   0|    8|          0|
    |Bias_o_V_load_84_reg_59691             |    8|   0|    8|          0|
    |Bias_o_V_load_85_reg_59711             |    8|   0|    8|          0|
    |Bias_o_V_load_86_reg_59731             |    8|   0|    8|          0|
    |Bias_o_V_load_87_reg_59751             |    8|   0|    8|          0|
    |Bias_o_V_load_88_reg_59771             |    8|   0|    8|          0|
    |Bias_o_V_load_89_reg_59791             |    8|   0|    8|          0|
    |Bias_o_V_load_8_reg_58171              |    8|   0|    8|          0|
    |Bias_o_V_load_90_reg_59811             |    8|   0|    8|          0|
    |Bias_o_V_load_91_reg_59831             |    8|   0|    8|          0|
    |Bias_o_V_load_92_reg_59851             |    8|   0|    8|          0|
    |Bias_o_V_load_93_reg_59871             |    8|   0|    8|          0|
    |Bias_o_V_load_94_reg_59891             |    8|   0|    8|          0|
    |Bias_o_V_load_95_reg_59911             |    8|   0|    8|          0|
    |Bias_o_V_load_96_reg_59931             |    8|   0|    8|          0|
    |Bias_o_V_load_97_reg_59951             |    8|   0|    8|          0|
    |Bias_o_V_load_98_reg_59971             |    8|   0|    8|          0|
    |Bias_o_V_load_99_reg_59991             |    8|   0|    8|          0|
    |Bias_o_V_load_9_reg_58191              |    8|   0|    8|          0|
    |Bias_o_V_load_reg_58011                |    8|   0|    8|          0|
    |C_t_0_V_addr_16_reg_75333              |    4|   0|    4|          0|
    |C_t_0_V_addr_17_reg_75937              |    3|   0|    4|          1|
    |C_t_0_V_addr_18_reg_75646              |    3|   0|    4|          1|
    |C_t_0_V_addr_19_reg_76405              |    2|   0|    4|          2|
    |C_t_1_V_addr_16_reg_75363              |    4|   0|    4|          0|
    |C_t_1_V_addr_17_reg_76045              |    3|   0|    4|          1|
    |C_t_1_V_addr_18_reg_75667              |    3|   0|    4|          1|
    |C_t_1_V_addr_19_reg_76425              |    2|   0|    4|          2|
    |C_t_2_V_addr_16_reg_75399              |    4|   0|    4|          0|
    |C_t_2_V_addr_17_reg_76137              |    3|   0|    4|          1|
    |C_t_2_V_addr_18_reg_75687              |    3|   0|    4|          1|
    |C_t_2_V_addr_19_reg_76445              |    2|   0|    4|          2|
    |C_t_3_V_addr_16_reg_75445              |    4|   0|    4|          0|
    |C_t_3_V_addr_17_reg_76199              |    3|   0|    4|          1|
    |C_t_3_V_addr_18_reg_75707              |    3|   0|    4|          1|
    |C_t_3_V_addr_19_reg_76465              |    2|   0|    4|          2|
    |C_t_4_V_addr_16_reg_75496              |    4|   0|    4|          0|
    |C_t_4_V_addr_17_reg_76255              |    3|   0|    4|          1|
    |C_t_4_V_addr_18_reg_75727              |    3|   0|    4|          1|
    |C_t_4_V_addr_19_reg_76485              |    2|   0|    4|          2|
    |C_t_5_V_addr_16_reg_75547              |    4|   0|    4|          0|
    |C_t_5_V_addr_17_reg_76306              |    3|   0|    4|          1|
    |C_t_5_V_addr_18_reg_75747              |    3|   0|    4|          1|
    |C_t_5_V_addr_19_reg_76505              |    2|   0|    4|          2|
    |C_t_6_V_addr_16_reg_75598              |    4|   0|    4|          0|
    |C_t_6_V_addr_17_reg_76357              |    3|   0|    4|          1|
    |C_t_6_V_addr_18_reg_75843              |    3|   0|    4|          1|
    |C_t_6_V_addr_19_reg_76601              |    2|   0|    4|          2|
    |C_t_7_V_addr_16_reg_75793              |    4|   0|    4|          0|
    |C_t_7_V_addr_17_reg_76551              |    3|   0|    4|          1|
    |C_t_7_V_addr_18_reg_75999              |    3|   0|    4|          1|
    |C_t_7_V_addr_19_reg_76688              |    2|   0|    4|          2|
    |F2_10_reg_67870                        |   12|   0|   12|          0|
    |F2_11_reg_67958                        |   12|   0|   12|          0|
    |F2_12_reg_67982                        |   12|   0|   12|          0|
    |F2_13_reg_68070                        |   12|   0|   12|          0|
    |F2_14_reg_68094                        |   12|   0|   12|          0|
    |F2_15_reg_68278                        |   12|   0|   12|          0|
    |F2_16_reg_68302                        |   12|   0|   12|          0|
    |F2_17_reg_68486                        |   12|   0|   12|          0|
    |F2_18_reg_68510                        |   12|   0|   12|          0|
    |F2_19_reg_68694                        |   12|   0|   12|          0|
    |F2_1_reg_67324                         |   12|   0|   12|          0|
    |F2_20_reg_68718                        |   12|   0|   12|          0|
    |F2_21_reg_68902                        |   12|   0|   12|          0|
    |F2_22_reg_68926                        |   12|   0|   12|          0|
    |F2_23_reg_69110                        |   12|   0|   12|          0|
    |F2_24_reg_69134                        |   12|   0|   12|          0|
    |F2_25_reg_69157                        |   12|   0|   12|          0|
    |F2_26_reg_69180                        |   12|   0|   12|          0|
    |F2_2_reg_67398                         |   12|   0|   12|          0|
    |F2_3_reg_67422                         |   12|   0|   12|          0|
    |F2_4_reg_67510                         |   12|   0|   12|          0|
    |F2_5_reg_67534                         |   12|   0|   12|          0|
    |F2_6_reg_67622                         |   12|   0|   12|          0|
    |F2_7_reg_67646                         |   12|   0|   12|          0|
    |F2_8_reg_67734                         |   12|   0|   12|          0|
    |F2_9_reg_67758                         |   12|   0|   12|          0|
    |F2_reg_67300                           |   12|   0|   12|          0|
    |F2_s_reg_67846                         |   12|   0|   12|          0|
    |Weight_f_V_load_119_reg_75199          |    8|   0|    8|          0|
    |Weight_o_V_load_124_reg_75264          |    8|   0|    8|          0|
    |ap_CS_fsm                              |  318|   0|  318|          0|
    |ap_enable_reg_pp1_iter0                |    1|   0|    1|          0|
    |ap_enable_reg_pp1_iter1                |    1|   0|    1|          0|
    |ap_enable_reg_pp2_iter0                |    1|   0|    1|          0|
    |ap_enable_reg_pp2_iter1                |    1|   0|    1|          0|
    |argmax_cast_reg_77829                  |    4|   0|   32|         28|
    |argmax_reg_16356                       |    4|   0|    4|          0|
    |cur_argmax_fu_1948                     |   32|   0|   32|          0|
    |exitcond1_reg_77041                    |    1|   0|    1|          0|
    |exitcond1_reg_77041_pp1_iter1_reg      |    1|   0|    1|          0|
    |exitcond_reg_77867                     |    1|   0|    1|          0|
    |f_0_V_load_11_reg_72175                |   16|   0|   16|          0|
    |f_0_V_load_13_reg_72595                |   16|   0|   16|          0|
    |f_0_V_load_14_reg_72950                |   16|   0|   16|          0|
    |f_0_V_load_15_reg_73015                |   16|   0|   16|          0|
    |f_0_V_load_5_reg_70888                 |   16|   0|   16|          0|
    |f_0_V_load_7_reg_71308                 |   16|   0|   16|          0|
    |f_0_V_load_8_reg_71690                 |   16|   0|   16|          0|
    |f_0_V_load_9_reg_71755                 |   16|   0|   16|          0|
    |f_1_V_load_11_reg_72195                |   16|   0|   16|          0|
    |f_1_V_load_13_reg_72615                |   16|   0|   16|          0|
    |f_1_V_load_14_reg_72970                |   16|   0|   16|          0|
    |f_1_V_load_15_reg_73035                |   16|   0|   16|          0|
    |f_1_V_load_5_reg_70908                 |   16|   0|   16|          0|
    |f_1_V_load_7_reg_71328                 |   16|   0|   16|          0|
    |f_1_V_load_8_reg_71710                 |   16|   0|   16|          0|
    |f_1_V_load_9_reg_71775                 |   16|   0|   16|          0|
    |f_2_V_load_11_reg_72215                |   16|   0|   16|          0|
    |f_2_V_load_12_reg_72545                |   16|   0|   16|          0|
    |f_2_V_load_13_reg_72635                |   16|   0|   16|          0|
    |f_2_V_load_15_reg_73055                |   16|   0|   16|          0|
    |f_2_V_load_5_reg_70928                 |   16|   0|   16|          0|
    |f_2_V_load_7_reg_71348                 |   16|   0|   16|          0|
    |f_2_V_load_8_reg_71730                 |   16|   0|   16|          0|
    |f_2_V_load_9_reg_71795                 |   16|   0|   16|          0|
    |f_3_V_load_11_reg_72235                |   16|   0|   16|          0|
    |f_3_V_load_12_reg_72565                |   16|   0|   16|          0|
    |f_3_V_load_13_reg_72655                |   16|   0|   16|          0|
    |f_3_V_load_15_reg_73075                |   16|   0|   16|          0|
    |f_3_V_load_5_reg_70948                 |   16|   0|   16|          0|
    |f_3_V_load_6_reg_71243                 |   16|   0|   16|          0|
    |f_3_V_load_7_reg_71368                 |   16|   0|   16|          0|
    |f_3_V_load_9_reg_71815                 |   16|   0|   16|          0|
    |f_4_V_load_11_reg_72255                |   16|   0|   16|          0|
    |f_4_V_load_12_reg_72585                |   16|   0|   16|          0|
    |f_4_V_load_13_reg_72675                |   16|   0|   16|          0|
    |f_4_V_load_15_reg_73095                |   16|   0|   16|          0|
    |f_4_V_load_5_reg_70968                 |   16|   0|   16|          0|
    |f_4_V_load_6_reg_71263                 |   16|   0|   16|          0|
    |f_4_V_load_7_reg_71388                 |   16|   0|   16|          0|
    |f_4_V_load_9_reg_71835                 |   16|   0|   16|          0|
    |f_5_V_load_10_reg_72120                |   16|   0|   16|          0|
    |f_5_V_load_11_reg_72275                |   16|   0|   16|          0|
    |f_5_V_load_13_reg_72695                |   16|   0|   16|          0|
    |f_5_V_load_15_reg_73115                |   16|   0|   16|          0|
    |f_5_V_load_5_reg_70988                 |   16|   0|   16|          0|
    |f_5_V_load_6_reg_71283                 |   16|   0|   16|          0|
    |f_5_V_load_7_reg_71408                 |   16|   0|   16|          0|
    |f_5_V_load_9_reg_71855                 |   16|   0|   16|          0|
    |f_6_V_load_10_reg_72140                |   16|   0|   16|          0|
    |f_6_V_load_11_reg_72295                |   16|   0|   16|          0|
    |f_6_V_load_13_reg_72715                |   16|   0|   16|          0|
    |f_6_V_load_14_reg_72975                |   16|   0|   16|          0|
    |f_6_V_load_15_reg_73135                |   16|   0|   16|          0|
    |f_6_V_load_5_reg_71008                 |   16|   0|   16|          0|
    |f_6_V_load_6_reg_71303                 |   16|   0|   16|          0|
    |f_6_V_load_7_reg_71428                 |   16|   0|   16|          0|
    |f_6_V_load_9_reg_71875                 |   16|   0|   16|          0|
    |f_7_V_load_10_reg_72160                |   16|   0|   16|          0|
    |f_7_V_load_11_reg_72315                |   16|   0|   16|          0|
    |f_7_V_load_13_reg_72735                |   16|   0|   16|          0|
    |f_7_V_load_14_reg_72995                |   16|   0|   16|          0|
    |f_7_V_load_15_reg_73155                |   16|   0|   16|          0|
    |f_7_V_load_4_reg_70868                 |   16|   0|   16|          0|
    |f_7_V_load_5_reg_71028                 |   16|   0|   16|          0|
    |f_7_V_load_7_reg_71448                 |   16|   0|   16|          0|
    |f_7_V_load_9_reg_71895                 |   16|   0|   16|          0|
    |fc_out_0_V_1_reg_77174                 |   16|   0|   16|          0|
    |fc_out_0_V_cast_reg_67121              |   12|   0|   16|          4|
    |fc_out_1_V_1_reg_77189                 |   16|   0|   16|          0|
    |fc_out_1_V_cast_reg_67126              |   12|   0|   16|          4|
    |fc_out_2_V_1_reg_77199                 |   16|   0|   16|          0|
    |fc_out_2_V_cast_reg_67131              |   12|   0|   16|          4|
    |fc_out_3_V_1_reg_77209                 |   16|   0|   16|          0|
    |fc_out_3_V_cast_reg_67136              |   12|   0|   16|          4|
    |fc_out_4_V_1_reg_77219                 |   16|   0|   16|          0|
    |fc_out_4_V_cast_reg_67141              |   12|   0|   16|          4|
    |fc_out_5_V_1_reg_77229                 |   16|   0|   16|          0|
    |fc_out_5_V_cast_reg_67146              |   12|   0|   16|          4|
    |fc_out_6_V_1_reg_77244                 |   16|   0|   16|          0|
    |fc_out_6_V_cast_reg_67151              |   12|   0|   16|          4|
    |fc_out_7_V_1_reg_77254                 |   16|   0|   16|          0|
    |fc_out_7_V_cast_reg_67156              |   12|   0|   16|          4|
    |fc_out_8_V_1_reg_77259                 |   16|   0|   16|          0|
    |fc_out_8_V_cast_reg_67161              |   12|   0|   16|          4|
    |fc_out_9_V_cast_reg_67166              |   12|   0|   16|          4|
    |fc_out_V_1_reg_16300                   |   16|   0|   16|          0|
    |fc_out_V_2_reg_16290                   |   16|   0|   16|          0|
    |fc_out_V_3_reg_16280                   |   16|   0|   16|          0|
    |fc_out_V_4_reg_16270                   |   16|   0|   16|          0|
    |fc_out_V_5_reg_16260                   |   16|   0|   16|          0|
    |fc_out_V_6_reg_16250                   |   16|   0|   16|          0|
    |fc_out_V_7_reg_16240                   |   16|   0|   16|          0|
    |fc_out_V_8_reg_16230                   |   16|   0|   16|          0|
    |fc_out_V_9_reg_16220                   |   16|   0|   16|          0|
    |fc_out_V_reg_16310                     |   16|   0|   16|          0|
    |g_0_V_load_11_reg_72185                |   16|   0|   16|          0|
    |g_0_V_load_13_reg_72605                |   16|   0|   16|          0|
    |g_0_V_load_14_reg_72960                |   16|   0|   16|          0|
    |g_0_V_load_15_reg_73025                |   16|   0|   16|          0|
    |g_0_V_load_5_reg_70898                 |   16|   0|   16|          0|
    |g_0_V_load_7_reg_71318                 |   16|   0|   16|          0|
    |g_0_V_load_8_reg_71700                 |   16|   0|   16|          0|
    |g_0_V_load_9_reg_71765                 |   16|   0|   16|          0|
    |g_1_V_load_11_reg_72205                |   16|   0|   16|          0|
    |g_1_V_load_12_reg_72535                |   16|   0|   16|          0|
    |g_1_V_load_13_reg_72625                |   16|   0|   16|          0|
    |g_1_V_load_15_reg_73045                |   16|   0|   16|          0|
    |g_1_V_load_5_reg_70918                 |   16|   0|   16|          0|
    |g_1_V_load_7_reg_71338                 |   16|   0|   16|          0|
    |g_1_V_load_8_reg_71720                 |   16|   0|   16|          0|
    |g_1_V_load_9_reg_71785                 |   16|   0|   16|          0|
    |g_2_V_load_11_reg_72225                |   16|   0|   16|          0|
    |g_2_V_load_12_reg_72555                |   16|   0|   16|          0|
    |g_2_V_load_13_reg_72645                |   16|   0|   16|          0|
    |g_2_V_load_15_reg_73065                |   16|   0|   16|          0|
    |g_2_V_load_5_reg_70938                 |   16|   0|   16|          0|
    |g_2_V_load_7_reg_71358                 |   16|   0|   16|          0|
    |g_2_V_load_8_reg_71740                 |   16|   0|   16|          0|
    |g_2_V_load_9_reg_71805                 |   16|   0|   16|          0|
    |g_3_V_load_11_reg_72245                |   16|   0|   16|          0|
    |g_3_V_load_12_reg_72575                |   16|   0|   16|          0|
    |g_3_V_load_13_reg_72665                |   16|   0|   16|          0|
    |g_3_V_load_15_reg_73085                |   16|   0|   16|          0|
    |g_3_V_load_5_reg_70958                 |   16|   0|   16|          0|
    |g_3_V_load_6_reg_71253                 |   16|   0|   16|          0|
    |g_3_V_load_7_reg_71378                 |   16|   0|   16|          0|
    |g_3_V_load_9_reg_71825                 |   16|   0|   16|          0|
    |g_4_V_load_10_reg_72110                |   16|   0|   16|          0|
    |g_4_V_load_11_reg_72265                |   16|   0|   16|          0|
    |g_4_V_load_13_reg_72685                |   16|   0|   16|          0|
    |g_4_V_load_15_reg_73105                |   16|   0|   16|          0|
    |g_4_V_load_5_reg_70978                 |   16|   0|   16|          0|
    |g_4_V_load_6_reg_71273                 |   16|   0|   16|          0|
    |g_4_V_load_7_reg_71398                 |   16|   0|   16|          0|
    |g_4_V_load_9_reg_71845                 |   16|   0|   16|          0|
    |g_5_V_load_10_reg_72130                |   16|   0|   16|          0|
    |g_5_V_load_11_reg_72285                |   16|   0|   16|          0|
    |g_5_V_load_13_reg_72705                |   16|   0|   16|          0|
    |g_5_V_load_15_reg_73125                |   16|   0|   16|          0|
    |g_5_V_load_5_reg_70998                 |   16|   0|   16|          0|
    |g_5_V_load_6_reg_71293                 |   16|   0|   16|          0|
    |g_5_V_load_7_reg_71418                 |   16|   0|   16|          0|
    |g_5_V_load_9_reg_71865                 |   16|   0|   16|          0|
    |g_6_V_load_10_reg_72150                |   16|   0|   16|          0|
    |g_6_V_load_11_reg_72305                |   16|   0|   16|          0|
    |g_6_V_load_13_reg_72725                |   16|   0|   16|          0|
    |g_6_V_load_14_reg_72985                |   16|   0|   16|          0|
    |g_6_V_load_15_reg_73145                |   16|   0|   16|          0|
    |g_6_V_load_4_reg_70858                 |   16|   0|   16|          0|
    |g_6_V_load_5_reg_71018                 |   16|   0|   16|          0|
    |g_6_V_load_7_reg_71438                 |   16|   0|   16|          0|
    |g_6_V_load_9_reg_71885                 |   16|   0|   16|          0|
    |g_7_V_load_10_reg_72170                |   16|   0|   16|          0|
    |g_7_V_load_11_reg_72325                |   16|   0|   16|          0|
    |g_7_V_load_13_reg_72745                |   16|   0|   16|          0|
    |g_7_V_load_14_reg_73005                |   16|   0|   16|          0|
    |g_7_V_load_15_reg_73165                |   16|   0|   16|          0|
    |g_7_V_load_4_reg_70878                 |   16|   0|   16|          0|
    |g_7_V_load_5_reg_71038                 |   16|   0|   16|          0|
    |g_7_V_load_7_reg_71458                 |   16|   0|   16|          0|
    |g_7_V_load_9_reg_71905                 |   16|   0|   16|          0|
    |grp_should_skip_fu_16446_ap_start_reg  |    1|   0|    1|          0|
    |grp_sigmoid_fu_16404_ap_start_reg      |    1|   0|    1|          0|
    |grp_sigmoid_fu_16418_ap_start_reg      |    1|   0|    1|          0|
    |grp_sigmoid_fu_16432_ap_start_reg      |    1|   0|    1|          0|
    |grp_tanh_fu_16390_ap_start_reg         |    1|   0|    1|          0|
    |i_0_V_load_11_reg_72180                |   16|   0|   16|          0|
    |i_0_V_load_13_reg_72600                |   16|   0|   16|          0|
    |i_0_V_load_14_reg_72955                |   16|   0|   16|          0|
    |i_0_V_load_15_reg_73020                |   16|   0|   16|          0|
    |i_0_V_load_5_reg_70893                 |   16|   0|   16|          0|
    |i_0_V_load_7_reg_71313                 |   16|   0|   16|          0|
    |i_0_V_load_8_reg_71695                 |   16|   0|   16|          0|
    |i_0_V_load_9_reg_71760                 |   16|   0|   16|          0|
    |i_1_V_load_11_reg_72200                |   16|   0|   16|          0|
    |i_1_V_load_12_reg_72530                |   16|   0|   16|          0|
    |i_1_V_load_13_reg_72620                |   16|   0|   16|          0|
    |i_1_V_load_15_reg_73040                |   16|   0|   16|          0|
    |i_1_V_load_5_reg_70913                 |   16|   0|   16|          0|
    |i_1_V_load_7_reg_71333                 |   16|   0|   16|          0|
    |i_1_V_load_8_reg_71715                 |   16|   0|   16|          0|
    |i_1_V_load_9_reg_71780                 |   16|   0|   16|          0|
    |i_2_V_load_11_reg_72220                |   16|   0|   16|          0|
    |i_2_V_load_12_reg_72550                |   16|   0|   16|          0|
    |i_2_V_load_13_reg_72640                |   16|   0|   16|          0|
    |i_2_V_load_15_reg_73060                |   16|   0|   16|          0|
    |i_2_V_load_5_reg_70933                 |   16|   0|   16|          0|
    |i_2_V_load_7_reg_71353                 |   16|   0|   16|          0|
    |i_2_V_load_8_reg_71735                 |   16|   0|   16|          0|
    |i_2_V_load_9_reg_71800                 |   16|   0|   16|          0|
    |i_3_V_load_11_reg_72240                |   16|   0|   16|          0|
    |i_3_V_load_12_reg_72570                |   16|   0|   16|          0|
    |i_3_V_load_13_reg_72660                |   16|   0|   16|          0|
    |i_3_V_load_15_reg_73080                |   16|   0|   16|          0|
    |i_3_V_load_5_reg_70953                 |   16|   0|   16|          0|
    |i_3_V_load_6_reg_71248                 |   16|   0|   16|          0|
    |i_3_V_load_7_reg_71373                 |   16|   0|   16|          0|
    |i_3_V_load_9_reg_71820                 |   16|   0|   16|          0|
    |i_4_V_load_11_reg_72260                |   16|   0|   16|          0|
    |i_4_V_load_12_reg_72590                |   16|   0|   16|          0|
    |i_4_V_load_13_reg_72680                |   16|   0|   16|          0|
    |i_4_V_load_15_reg_73100                |   16|   0|   16|          0|
    |i_4_V_load_5_reg_70973                 |   16|   0|   16|          0|
    |i_4_V_load_6_reg_71268                 |   16|   0|   16|          0|
    |i_4_V_load_7_reg_71393                 |   16|   0|   16|          0|
    |i_4_V_load_9_reg_71840                 |   16|   0|   16|          0|
    |i_4_reg_77837                          |    4|   0|    4|          0|
    |i_5_V_load_10_reg_72125                |   16|   0|   16|          0|
    |i_5_V_load_11_reg_72280                |   16|   0|   16|          0|
    |i_5_V_load_13_reg_72700                |   16|   0|   16|          0|
    |i_5_V_load_15_reg_73120                |   16|   0|   16|          0|
    |i_5_V_load_5_reg_70993                 |   16|   0|   16|          0|
    |i_5_V_load_6_reg_71288                 |   16|   0|   16|          0|
    |i_5_V_load_7_reg_71413                 |   16|   0|   16|          0|
    |i_5_V_load_9_reg_71860                 |   16|   0|   16|          0|
    |i_6_V_load_10_reg_72145                |   16|   0|   16|          0|
    |i_6_V_load_11_reg_72300                |   16|   0|   16|          0|
    |i_6_V_load_13_reg_72720                |   16|   0|   16|          0|
    |i_6_V_load_14_reg_72980                |   16|   0|   16|          0|
    |i_6_V_load_15_reg_73140                |   16|   0|   16|          0|
    |i_6_V_load_4_reg_70853                 |   16|   0|   16|          0|
    |i_6_V_load_5_reg_71013                 |   16|   0|   16|          0|
    |i_6_V_load_7_reg_71433                 |   16|   0|   16|          0|
    |i_6_V_load_9_reg_71880                 |   16|   0|   16|          0|
    |i_7_V_load_10_reg_72165                |   16|   0|   16|          0|
    |i_7_V_load_11_reg_72320                |   16|   0|   16|          0|
    |i_7_V_load_13_reg_72740                |   16|   0|   16|          0|
    |i_7_V_load_14_reg_73000                |   16|   0|   16|          0|
    |i_7_V_load_15_reg_73160                |   16|   0|   16|          0|
    |i_7_V_load_4_reg_70873                 |   16|   0|   16|          0|
    |i_7_V_load_5_reg_71033                 |   16|   0|   16|          0|
    |i_7_V_load_7_reg_71453                 |   16|   0|   16|          0|
    |i_7_V_load_9_reg_71900                 |   16|   0|   16|          0|
    |i_reg_16379                            |    4|   0|    4|          0|
    |j4_reg_16197                           |    8|   0|    8|          0|
    |j5_reg_16209                           |    8|   0|    8|          0|
    |j6_reg_16320                           |    8|   0|    8|          0|
    |j_1_reg_77045                          |    8|   0|    8|          0|
    |j_5_s_reg_75348                        |    8|   0|    8|          0|
    |j_reg_69605                            |    8|   0|    8|          0|
    |last_pred_reg_16332                    |   32|   0|   32|          0|
    |lhs_V_10_1_reg_77116                   |   16|   0|   23|          7|
    |lhs_V_10_2_reg_77121                   |   16|   0|   23|          7|
    |lhs_V_10_3_reg_77126                   |   16|   0|   23|          7|
    |lhs_V_10_4_reg_77131                   |   16|   0|   23|          7|
    |lhs_V_10_5_reg_77136                   |   16|   0|   23|          7|
    |lhs_V_10_6_reg_77141                   |   16|   0|   23|          7|
    |lhs_V_10_7_reg_77146                   |   16|   0|   23|          7|
    |lhs_V_10_8_reg_77151                   |   16|   0|   23|          7|
    |lhs_V_10_9_reg_77179                   |   16|   0|   23|          7|
    |lhs_V_s_reg_77111                      |   16|   0|   23|          7|
    |m_11_reg_77501                         |   31|   0|   31|          0|
    |m_19_1_reg_77511                       |   31|   0|   31|          0|
    |m_19_2_reg_77697                       |   31|   0|   31|          0|
    |m_19_3_reg_77707                       |   31|   0|   31|          0|
    |m_19_4_reg_77717                       |   31|   0|   31|          0|
    |m_19_5_reg_77727                       |   31|   0|   31|          0|
    |m_19_6_reg_77737                       |   31|   0|   31|          0|
    |m_19_7_reg_77747                       |   31|   0|   31|          0|
    |m_19_8_reg_77757                       |   31|   0|   31|          0|
    |m_19_9_reg_77814                       |   31|   0|   31|          0|
    |max_val_0_i_reg_16344                  |   32|   0|   32|          0|
    |max_val_reg_77862                      |   32|   0|   32|          0|
    |newIndex1_reg_75884                    |    3|   0|   64|         61|
    |newIndex3_reg_75613                    |    3|   0|   64|         61|
    |newIndex5_reg_76372                    |    2|   0|   64|         62|
    |newIndex6_reg_75280                    |    5|   0|   64|         59|
    |newIndex_cast_reg_75273                |    4|   0|    4|          0|
    |o_0_V_load_11_reg_72190                |   16|   0|   16|          0|
    |o_0_V_load_13_reg_72610                |   16|   0|   16|          0|
    |o_0_V_load_14_reg_72965                |   16|   0|   16|          0|
    |o_0_V_load_15_reg_73030                |   16|   0|   16|          0|
    |o_0_V_load_5_reg_70903                 |   16|   0|   16|          0|
    |o_0_V_load_7_reg_71323                 |   16|   0|   16|          0|
    |o_0_V_load_8_reg_71705                 |   16|   0|   16|          0|
    |o_0_V_load_9_reg_71770                 |   16|   0|   16|          0|
    |o_1_V_load_11_reg_72210                |   16|   0|   16|          0|
    |o_1_V_load_12_reg_72540                |   16|   0|   16|          0|
    |o_1_V_load_13_reg_72630                |   16|   0|   16|          0|
    |o_1_V_load_15_reg_73050                |   16|   0|   16|          0|
    |o_1_V_load_5_reg_70923                 |   16|   0|   16|          0|
    |o_1_V_load_7_reg_71343                 |   16|   0|   16|          0|
    |o_1_V_load_8_reg_71725                 |   16|   0|   16|          0|
    |o_1_V_load_9_reg_71790                 |   16|   0|   16|          0|
    |o_2_V_load_11_reg_72230                |   16|   0|   16|          0|
    |o_2_V_load_12_reg_72560                |   16|   0|   16|          0|
    |o_2_V_load_13_reg_72650                |   16|   0|   16|          0|
    |o_2_V_load_15_reg_73070                |   16|   0|   16|          0|
    |o_2_V_load_5_reg_70943                 |   16|   0|   16|          0|
    |o_2_V_load_7_reg_71363                 |   16|   0|   16|          0|
    |o_2_V_load_8_reg_71745                 |   16|   0|   16|          0|
    |o_2_V_load_9_reg_71810                 |   16|   0|   16|          0|
    |o_3_V_load_11_reg_72250                |   16|   0|   16|          0|
    |o_3_V_load_12_reg_72580                |   16|   0|   16|          0|
    |o_3_V_load_13_reg_72670                |   16|   0|   16|          0|
    |o_3_V_load_15_reg_73090                |   16|   0|   16|          0|
    |o_3_V_load_5_reg_70963                 |   16|   0|   16|          0|
    |o_3_V_load_6_reg_71258                 |   16|   0|   16|          0|
    |o_3_V_load_7_reg_71383                 |   16|   0|   16|          0|
    |o_3_V_load_9_reg_71830                 |   16|   0|   16|          0|
    |o_4_V_load_10_reg_72115                |   16|   0|   16|          0|
    |o_4_V_load_11_reg_72270                |   16|   0|   16|          0|
    |o_4_V_load_13_reg_72690                |   16|   0|   16|          0|
    |o_4_V_load_15_reg_73110                |   16|   0|   16|          0|
    |o_4_V_load_5_reg_70983                 |   16|   0|   16|          0|
    |o_4_V_load_6_reg_71278                 |   16|   0|   16|          0|
    |o_4_V_load_7_reg_71403                 |   16|   0|   16|          0|
    |o_4_V_load_9_reg_71850                 |   16|   0|   16|          0|
    |o_5_V_load_10_reg_72135                |   16|   0|   16|          0|
    |o_5_V_load_11_reg_72290                |   16|   0|   16|          0|
    |o_5_V_load_13_reg_72710                |   16|   0|   16|          0|
    |o_5_V_load_15_reg_73130                |   16|   0|   16|          0|
    |o_5_V_load_5_reg_71003                 |   16|   0|   16|          0|
    |o_5_V_load_6_reg_71298                 |   16|   0|   16|          0|
    |o_5_V_load_7_reg_71423                 |   16|   0|   16|          0|
    |o_5_V_load_9_reg_71870                 |   16|   0|   16|          0|
    |o_6_V_load_10_reg_72155                |   16|   0|   16|          0|
    |o_6_V_load_11_reg_72310                |   16|   0|   16|          0|
    |o_6_V_load_13_reg_72730                |   16|   0|   16|          0|
    |o_6_V_load_14_reg_72990                |   16|   0|   16|          0|
    |o_6_V_load_15_reg_73150                |   16|   0|   16|          0|
    |o_6_V_load_4_reg_70863                 |   16|   0|   16|          0|
    |o_6_V_load_5_reg_71023                 |   16|   0|   16|          0|
    |o_6_V_load_7_reg_71443                 |   16|   0|   16|          0|
    |o_6_V_load_9_reg_71890                 |   16|   0|   16|          0|
    |o_7_V_load_11_reg_72330                |   16|   0|   16|          0|
    |o_7_V_load_13_reg_72750                |   16|   0|   16|          0|
    |o_7_V_load_14_reg_73010                |   16|   0|   16|          0|
    |o_7_V_load_15_reg_73170                |   16|   0|   16|          0|
    |o_7_V_load_4_reg_70883                 |   16|   0|   16|          0|
    |o_7_V_load_5_reg_71043                 |   16|   0|   16|          0|
    |o_7_V_load_7_reg_71463                 |   16|   0|   16|          0|
    |o_7_V_load_8_reg_71750                 |   16|   0|   16|          0|
    |o_7_V_load_9_reg_71910                 |   16|   0|   16|          0|
    |p_2_4_reg_77789                        |   32|   0|   32|          0|
    |p_2_5_reg_77794                        |   32|   0|   32|          0|
    |p_2_6_reg_77799                        |   32|   0|   32|          0|
    |p_2_7_reg_77804                        |   32|   0|   32|          0|
    |p_2_8_reg_77809                        |   32|   0|   32|          0|
    |p_2_9_reg_77824                        |   32|   0|   32|          0|
    |p_Result_46_2_reg_77364                |   16|   0|   16|          0|
    |p_Result_46_3_reg_77386                |   16|   0|   16|          0|
    |p_Result_46_4_reg_77408                |   16|   0|   16|          0|
    |p_Result_46_5_reg_77430                |   16|   0|   16|          0|
    |p_Result_46_6_reg_77452                |   16|   0|   16|          0|
    |p_Result_46_7_reg_77474                |   16|   0|   16|          0|
    |p_Result_46_8_reg_77496                |   16|   0|   16|          0|
    |p_Result_46_9_reg_77692                |   16|   0|   16|          0|
    |p_Val2_1_reg_77279                     |   16|   0|   16|          0|
    |p_Val2_57_1_reg_77318                  |   16|   0|   16|          0|
    |p_Val2_57_2_reg_77357                  |   16|   0|   16|          0|
    |p_Val2_57_3_reg_77379                  |   16|   0|   16|          0|
    |p_Val2_57_4_reg_77401                  |   16|   0|   16|          0|
    |p_Val2_57_5_reg_77423                  |   16|   0|   16|          0|
    |p_Val2_57_6_reg_77445                  |   16|   0|   16|          0|
    |p_Val2_57_7_reg_77467                  |   16|   0|   16|          0|
    |p_Val2_57_8_reg_77489                  |   16|   0|   16|          0|
    |p_Val2_57_9_reg_77685                  |   16|   0|   16|          0|
    |r_V_18_reg_75353                       |   27|   0|   27|          0|
    |r_V_27_10_reg_76245                    |   27|   0|   27|          0|
    |r_V_27_11_reg_76296                    |   27|   0|   27|          0|
    |r_V_27_12_reg_76347                    |   27|   0|   27|          0|
    |r_V_27_13_reg_76541                    |   27|   0|   27|          0|
    |r_V_27_14_reg_76637                    |   27|   0|   27|          0|
    |r_V_27_15_reg_75808                    |   27|   0|   27|          0|
    |r_V_27_16_reg_75813                    |   27|   0|   27|          0|
    |r_V_27_17_reg_75818                    |   27|   0|   27|          0|
    |r_V_27_18_reg_75823                    |   27|   0|   27|          0|
    |r_V_27_19_reg_75828                    |   27|   0|   27|          0|
    |r_V_27_1_reg_75389                     |   27|   0|   27|          0|
    |r_V_27_20_reg_75833                    |   27|   0|   27|          0|
    |r_V_27_21_reg_75989                    |   27|   0|   27|          0|
    |r_V_27_22_reg_76096                    |   27|   0|   27|          0|
    |r_V_27_23_reg_76566                    |   27|   0|   27|          0|
    |r_V_27_24_reg_76571                    |   27|   0|   27|          0|
    |r_V_27_25_reg_76576                    |   27|   0|   27|          0|
    |r_V_27_26_reg_76581                    |   27|   0|   27|          0|
    |r_V_27_27_reg_76586                    |   27|   0|   27|          0|
    |r_V_27_28_reg_76591                    |   27|   0|   27|          0|
    |r_V_27_29_reg_76678                    |   27|   0|   27|          0|
    |r_V_27_2_reg_75435                     |   27|   0|   27|          0|
    |r_V_27_30_reg_76760                    |   27|   0|   27|          0|
    |r_V_27_3_reg_75486                     |   27|   0|   27|          0|
    |r_V_27_4_reg_75537                     |   27|   0|   27|          0|
    |r_V_27_5_reg_75588                     |   27|   0|   27|          0|
    |r_V_27_6_reg_75783                     |   27|   0|   27|          0|
    |r_V_27_7_reg_75879                     |   27|   0|   27|          0|
    |r_V_27_8_reg_76035                     |   27|   0|   27|          0|
    |r_V_27_9_reg_76127                     |   27|   0|   27|          0|
    |r_V_27_s_reg_76189                     |   27|   0|   27|          0|
    |reg_16512                              |   32|   0|   32|          0|
    |reg_16517                              |   32|   0|   32|          0|
    |reg_16522                              |   32|   0|   32|          0|
    |reg_16527                              |   32|   0|   32|          0|
    |reg_16532                              |    8|   0|    8|          0|
    |reg_16540                              |   16|   0|   16|          0|
    |reg_16544                              |   16|   0|   16|          0|
    |reg_16549                              |   16|   0|   16|          0|
    |reg_16553                              |   16|   0|   16|          0|
    |reg_16557                              |   16|   0|   16|          0|
    |reg_16561                              |   16|   0|   16|          0|
    |reg_16566                              |   16|   0|   16|          0|
    |reg_16570                              |   16|   0|   16|          0|
    |reg_16574                              |   16|   0|   16|          0|
    |reg_16578                              |   16|   0|   16|          0|
    |reg_16583                              |   16|   0|   16|          0|
    |reg_16587                              |   16|   0|   16|          0|
    |reg_16591                              |   16|   0|   16|          0|
    |reg_16595                              |   16|   0|   16|          0|
    |reg_16600                              |   16|   0|   16|          0|
    |reg_16605                              |   16|   0|   16|          0|
    |reg_16610                              |   16|   0|   16|          0|
    |reg_16615                              |   16|   0|   16|          0|
    |reg_16620                              |   16|   0|   16|          0|
    |reg_16625                              |   16|   0|   16|          0|
    |reg_16630                              |   16|   0|   16|          0|
    |reg_16635                              |   16|   0|   16|          0|
    |reg_16640                              |   16|   0|   16|          0|
    |reg_16645                              |   16|   0|   16|          0|
    |reg_16650                              |   16|   0|   16|          0|
    |reg_16655                              |   16|   0|   16|          0|
    |reg_16660                              |   16|   0|   16|          0|
    |reg_16665                              |   16|   0|   16|          0|
    |reg_16670                              |   16|   0|   16|          0|
    |reg_16675                              |   16|   0|   16|          0|
    |reg_16680                              |   16|   0|   16|          0|
    |reg_16685                              |   16|   0|   16|          0|
    |reg_16690                              |   16|   0|   16|          0|
    |reg_16695                              |   16|   0|   16|          0|
    |reg_16700                              |   16|   0|   16|          0|
    |reg_16705                              |   16|   0|   16|          0|
    |reg_16710                              |   16|   0|   16|          0|
    |reg_16715                              |   16|   0|   16|          0|
    |reg_16720                              |   16|   0|   16|          0|
    |reg_16725                              |   16|   0|   16|          0|
    |reg_16730                              |   16|   0|   16|          0|
    |reg_16735                              |   16|   0|   16|          0|
    |reg_16740                              |   16|   0|   16|          0|
    |reg_16745                              |   16|   0|   16|          0|
    |reg_16750                              |   16|   0|   16|          0|
    |reg_16755                              |    8|   0|    8|          0|
    |reg_16763                              |   16|   0|   16|          0|
    |reg_16767                              |   16|   0|   16|          0|
    |reg_16771                              |   16|   0|   16|          0|
    |reg_16775                              |   16|   0|   16|          0|
    |reg_16779                              |   16|   0|   16|          0|
    |reg_16783                              |   16|   0|   16|          0|
    |reg_16787                              |   16|   0|   16|          0|
    |reg_16791                              |   16|   0|   16|          0|
    |reg_16795                              |   16|   0|   16|          0|
    |reg_16799                              |   16|   0|   16|          0|
    |reg_16803                              |   16|   0|   16|          0|
    |reg_16807                              |   16|   0|   16|          0|
    |reg_16811                              |   16|   0|   16|          0|
    |reg_16815                              |   16|   0|   16|          0|
    |reg_16820                              |   16|   0|   16|          0|
    |reg_16825                              |   16|   0|   16|          0|
    |reg_16830                              |   16|   0|   16|          0|
    |reg_16835                              |   16|   0|   16|          0|
    |reg_16840                              |   16|   0|   16|          0|
    |reg_16845                              |   16|   0|   16|          0|
    |reg_16850                              |   16|   0|   16|          0|
    |reg_16855                              |   16|   0|   16|          0|
    |reg_16860                              |   16|   0|   16|          0|
    |reg_16865                              |   16|   0|   16|          0|
    |reg_16870                              |   16|   0|   16|          0|
    |reg_16875                              |   16|   0|   16|          0|
    |reg_16880                              |   16|   0|   16|          0|
    |reg_16885                              |   16|   0|   16|          0|
    |reg_16890                              |   16|   0|   16|          0|
    |reg_16895                              |   16|   0|   16|          0|
    |reg_16900                              |   16|   0|   16|          0|
    |reg_16905                              |   16|   0|   16|          0|
    |reg_16910                              |   16|   0|   16|          0|
    |reg_16915                              |   16|   0|   16|          0|
    |reg_16920                              |   16|   0|   16|          0|
    |reg_16925                              |   16|   0|   16|          0|
    |reg_16930                              |   16|   0|   16|          0|
    |reg_16935                              |   16|   0|   16|          0|
    |reg_16940                              |   16|   0|   16|          0|
    |reg_16945                              |   16|   0|   16|          0|
    |reg_16950                              |   16|   0|   16|          0|
    |reg_16955                              |   16|   0|   16|          0|
    |reg_16960                              |   16|   0|   16|          0|
    |reg_16965                              |   16|   0|   16|          0|
    |reg_16970                              |   16|   0|   16|          0|
    |reg_16975                              |    8|   0|    8|          0|
    |reg_16983                              |   16|   0|   16|          0|
    |reg_16987                              |   16|   0|   16|          0|
    |reg_16991                              |   16|   0|   16|          0|
    |reg_16995                              |   16|   0|   16|          0|
    |reg_16999                              |   16|   0|   16|          0|
    |reg_17003                              |   16|   0|   16|          0|
    |reg_17007                              |    8|   0|    8|          0|
    |reg_17015                              |    8|   0|    8|          0|
    |reg_17022                              |    8|   0|    8|          0|
    |reg_17029                              |    8|   0|    8|          0|
    |reg_17036                              |    8|   0|    8|          0|
    |reg_17043                              |    8|   0|    8|          0|
    |reg_17049                              |    8|   0|    8|          0|
    |reg_17055                              |    8|   0|    8|          0|
    |reg_17061                              |    8|   0|    8|          0|
    |reg_17067                              |    8|   0|    8|          0|
    |reg_17072                              |    8|   0|    8|          0|
    |reg_17077                              |    8|   0|    8|          0|
    |reg_17082                              |    8|   0|    8|          0|
    |reg_17087                              |    8|   0|    8|          0|
    |reg_17091                              |    8|   0|    8|          0|
    |reg_17095                              |    8|   0|    8|          0|
    |reg_17099                              |    8|   0|    8|          0|
    |reg_17103                              |    8|   0|    8|          0|
    |reg_17108                              |    8|   0|    8|          0|
    |reg_17112                              |    8|   0|    8|          0|
    |reg_17116                              |   16|   0|   16|          0|
    |reg_17121                              |   16|   0|   16|          0|
    |reg_17126                              |   16|   0|   16|          0|
    |reg_17131                              |   16|   0|   16|          0|
    |reg_17136                              |   16|   0|   16|          0|
    |reg_17141                              |   16|   0|   16|          0|
    |reg_17146                              |   16|   0|   16|          0|
    |reg_17151                              |   16|   0|   16|          0|
    |reg_17156                              |    8|   0|    8|          0|
    |ret_V_10_reg_76239                     |   13|   0|   13|          0|
    |ret_V_11_reg_76290                     |   13|   0|   13|          0|
    |ret_V_12_reg_76341                     |   13|   0|   13|          0|
    |ret_V_13_reg_76535                     |   13|   0|   13|          0|
    |ret_V_14_reg_76631                     |   13|   0|   13|          0|
    |ret_V_15_reg_76718                     |   13|   0|   13|          0|
    |ret_V_16_reg_75953                     |   13|   0|   13|          0|
    |ret_V_19_reg_75971                     |   13|   0|   13|          0|
    |ret_V_1_reg_75429                      |   13|   0|   13|          0|
    |ret_V_20_reg_75977                     |   13|   0|   13|          0|
    |ret_V_21_reg_75983                     |   13|   0|   13|          0|
    |ret_V_22_reg_76090                     |   13|   0|   13|          0|
    |ret_V_23_reg_76157                     |   13|   0|   13|          0|
    |ret_V_24_reg_76642                     |   13|   0|   13|          0|
    |ret_V_25_reg_76648                     |   13|   0|   13|          0|
    |ret_V_26_reg_76654                     |   13|   0|   13|          0|
    |ret_V_27_reg_76660                     |   13|   0|   13|          0|
    |ret_V_28_reg_76666                     |   13|   0|   13|          0|
    |ret_V_29_reg_76672                     |   13|   0|   13|          0|
    |ret_V_2_reg_75480                      |   13|   0|   13|          0|
    |ret_V_30_reg_76754                     |   13|   0|   13|          0|
    |ret_V_31_reg_76785                     |   13|   0|   13|          0|
    |ret_V_32_reg_75959                     |   13|   0|   13|          0|
    |ret_V_33_reg_75965                     |   13|   0|   13|          0|
    |ret_V_3_reg_75531                      |   13|   0|   13|          0|
    |ret_V_4_reg_75582                      |   13|   0|   13|          0|
    |ret_V_5_reg_75777                      |   13|   0|   13|          0|
    |ret_V_7_reg_76029                      |   13|   0|   13|          0|
    |ret_V_8_reg_76121                      |   13|   0|   13|          0|
    |ret_V_9_reg_76183                      |   13|   0|   13|          0|
    |ret_V_reg_75383                        |   13|   0|   13|          0|
    |ret_V_s_reg_75873                      |   13|   0|   13|          0|
    |second_max_reg_16367                   |   32|   0|   32|          0|
    |sel_tmp116_reg_67576                   |   16|   0|   16|          0|
    |sel_tmp122_reg_67581                   |    1|   0|    1|          0|
    |sel_tmp136_reg_67596                   |   16|   0|   16|          0|
    |sel_tmp138_reg_67601                   |    1|   0|    1|          0|
    |sel_tmp148_reg_67688                   |   16|   0|   16|          0|
    |sel_tmp150_reg_67693                   |    1|   0|    1|          0|
    |sel_tmp160_reg_67708                   |   16|   0|   16|          0|
    |sel_tmp162_reg_67713                   |    1|   0|    1|          0|
    |sel_tmp172_reg_67800                   |   16|   0|   16|          0|
    |sel_tmp174_reg_67805                   |    1|   0|    1|          0|
    |sel_tmp184_reg_67820                   |   16|   0|   16|          0|
    |sel_tmp186_reg_67825                   |    1|   0|    1|          0|
    |sel_tmp196_reg_67912                   |   16|   0|   16|          0|
    |sel_tmp198_reg_67917                   |    1|   0|    1|          0|
    |sel_tmp208_reg_67932                   |   16|   0|   16|          0|
    |sel_tmp20_reg_67352                    |   16|   0|   16|          0|
    |sel_tmp210_reg_67937                   |    1|   0|    1|          0|
    |sel_tmp220_reg_68024                   |   16|   0|   16|          0|
    |sel_tmp222_reg_68029                   |    1|   0|    1|          0|
    |sel_tmp232_reg_68044                   |   16|   0|   16|          0|
    |sel_tmp234_reg_68049                   |    1|   0|    1|          0|
    |sel_tmp244_reg_68232                   |   16|   0|   16|          0|
    |sel_tmp246_reg_68237                   |    1|   0|    1|          0|
    |sel_tmp256_reg_68252                   |   16|   0|   16|          0|
    |sel_tmp258_reg_68257                   |    1|   0|    1|          0|
    |sel_tmp268_reg_68440                   |   16|   0|   16|          0|
    |sel_tmp26_reg_67357                    |    1|   0|    1|          0|
    |sel_tmp270_reg_68445                   |    1|   0|    1|          0|
    |sel_tmp280_reg_68460                   |   16|   0|   16|          0|
    |sel_tmp282_reg_68465                   |    1|   0|    1|          0|
    |sel_tmp292_reg_68648                   |   16|   0|   16|          0|
    |sel_tmp294_reg_68653                   |    1|   0|    1|          0|
    |sel_tmp304_reg_68668                   |   16|   0|   16|          0|
    |sel_tmp306_reg_68673                   |    1|   0|    1|          0|
    |sel_tmp316_reg_68856                   |   16|   0|   16|          0|
    |sel_tmp318_reg_68861                   |    1|   0|    1|          0|
    |sel_tmp328_reg_68876                   |   16|   0|   16|          0|
    |sel_tmp330_reg_68881                   |    1|   0|    1|          0|
    |sel_tmp340_reg_69064                   |   16|   0|   16|          0|
    |sel_tmp342_reg_69069                   |    1|   0|    1|          0|
    |sel_tmp352_reg_69084                   |   16|   0|   16|          0|
    |sel_tmp354_reg_69089                   |    1|   0|    1|          0|
    |sel_tmp364_reg_69308                   |   16|   0|   16|          0|
    |sel_tmp366_reg_69313                   |    1|   0|    1|          0|
    |sel_tmp376_reg_69328                   |   16|   0|   16|          0|
    |sel_tmp378_reg_69333                   |    1|   0|    1|          0|
    |sel_tmp388_reg_69348                   |   16|   0|   16|          0|
    |sel_tmp390_reg_69353                   |    1|   0|    1|          0|
    |sel_tmp400_reg_69368                   |   16|   0|   16|          0|
    |sel_tmp402_reg_69373                   |    1|   0|    1|          0|
    |sel_tmp44_reg_67372                    |   16|   0|   16|          0|
    |sel_tmp50_reg_67377                    |    1|   0|    1|          0|
    |sel_tmp68_reg_67464                    |   16|   0|   16|          0|
    |sel_tmp74_reg_67469                    |    1|   0|    1|          0|
    |sel_tmp92_reg_67484                    |   16|   0|   16|          0|
    |sel_tmp98_reg_67489                    |    1|   0|    1|          0|
    |sh_amt_10_cast_reg_67922               |   32|   0|   32|          0|
    |sh_amt_11_cast_reg_68014               |   32|   0|   32|          0|
    |sh_amt_12_cast_reg_68034               |   32|   0|   32|          0|
    |sh_amt_13_cast_reg_68222               |   32|   0|   32|          0|
    |sh_amt_14_cast_reg_68242               |   32|   0|   32|          0|
    |sh_amt_15_cast_reg_68430               |   32|   0|   32|          0|
    |sh_amt_16_cast_reg_68450               |   32|   0|   32|          0|
    |sh_amt_17_cast_reg_68638               |   32|   0|   32|          0|
    |sh_amt_18_cast_reg_68658               |   32|   0|   32|          0|
    |sh_amt_19_cast_reg_68846               |   32|   0|   32|          0|
    |sh_amt_1_cast_reg_67362                |   32|   0|   32|          0|
    |sh_amt_20_cast_reg_68866               |   32|   0|   32|          0|
    |sh_amt_21_cast_reg_69054               |   32|   0|   32|          0|
    |sh_amt_22_cast_reg_69074               |   32|   0|   32|          0|
    |sh_amt_23_cast_reg_69298               |   32|   0|   32|          0|
    |sh_amt_24_cast_reg_69318               |   32|   0|   32|          0|
    |sh_amt_25_cast_reg_69338               |   32|   0|   32|          0|
    |sh_amt_26_cast_reg_69358               |   32|   0|   32|          0|
    |sh_amt_2_cast_reg_67454                |   32|   0|   32|          0|
    |sh_amt_3_cast_reg_67474                |   32|   0|   32|          0|
    |sh_amt_4_cast_reg_67566                |   32|   0|   32|          0|
    |sh_amt_5_cast_reg_67586                |   32|   0|   32|          0|
    |sh_amt_6_cast_reg_67678                |   32|   0|   32|          0|
    |sh_amt_7_cast_reg_67698                |   32|   0|   32|          0|
    |sh_amt_8_cast_reg_67790                |   32|   0|   32|          0|
    |sh_amt_9_cast_reg_67810                |   32|   0|   32|          0|
    |sh_amt_cast_111_reg_67902              |   32|   0|   32|          0|
    |sh_amt_cast_reg_67342                  |   32|   0|   32|          0|
    |stable_count_fu_1952                   |   32|   0|   32|          0|
    |t_1_reg_67225                          |    5|   0|    5|          0|
    |t_reg_16186                            |    5|   0|    5|          0|
    |tmp_1000_reg_76070                     |    8|   0|    8|          0|
    |tmp_1004_reg_76075                     |    8|   0|    8|          0|
    |tmp_1008_reg_76080                     |    8|   0|    8|          0|
    |tmp_1012_reg_76085                     |    8|   0|    8|          0|
    |tmp_1016_reg_76152                     |    8|   0|    8|          0|
    |tmp_101_100_cast_reg_66061             |   12|   0|   16|          4|
    |tmp_101_101_cast_reg_66101             |   12|   0|   16|          4|
    |tmp_101_102_cast_reg_66141             |   12|   0|   16|          4|
    |tmp_101_103_cast_reg_66181             |   12|   0|   16|          4|
    |tmp_101_104_cast_reg_66221             |   12|   0|   16|          4|
    |tmp_101_105_cast_reg_66261             |   12|   0|   16|          4|
    |tmp_101_106_cast_reg_66301             |   12|   0|   16|          4|
    |tmp_101_107_cast_reg_66341             |   12|   0|   16|          4|
    |tmp_101_108_cast_reg_66381             |   12|   0|   16|          4|
    |tmp_101_109_cast_reg_66421             |   12|   0|   16|          4|
    |tmp_101_10_cast_reg_62461              |   12|   0|   16|          4|
    |tmp_101_110_cast_reg_66461             |   12|   0|   16|          4|
    |tmp_101_111_cast_reg_66501             |   12|   0|   16|          4|
    |tmp_101_112_cast_reg_66541             |   12|   0|   16|          4|
    |tmp_101_113_cast_reg_66581             |   12|   0|   16|          4|
    |tmp_101_114_cast_reg_66621             |   12|   0|   16|          4|
    |tmp_101_115_cast_reg_66661             |   12|   0|   16|          4|
    |tmp_101_116_cast_reg_66701             |   12|   0|   16|          4|
    |tmp_101_117_cast_reg_66741             |   12|   0|   16|          4|
    |tmp_101_118_cast_reg_66781             |   12|   0|   16|          4|
    |tmp_101_119_cast_reg_66821             |   12|   0|   16|          4|
    |tmp_101_11_cast_reg_62501              |   12|   0|   16|          4|
    |tmp_101_120_cast_reg_66861             |   12|   0|   16|          4|
    |tmp_101_121_cast_reg_66901             |   12|   0|   16|          4|
    |tmp_101_122_cast_reg_66941             |   12|   0|   16|          4|
    |tmp_101_123_cast_reg_66981             |   12|   0|   16|          4|
    |tmp_101_124_cast_reg_67021             |   12|   0|   16|          4|
    |tmp_101_125_cast_reg_67061             |   12|   0|   16|          4|
    |tmp_101_126_cast_reg_67101             |   12|   0|   16|          4|
    |tmp_101_12_cast_reg_62541              |   12|   0|   16|          4|
    |tmp_101_13_cast_reg_62581              |   12|   0|   16|          4|
    |tmp_101_14_cast_reg_62621              |   12|   0|   16|          4|
    |tmp_101_15_cast_reg_62661              |   12|   0|   16|          4|
    |tmp_101_16_cast_reg_62701              |   12|   0|   16|          4|
    |tmp_101_17_cast_reg_62741              |   12|   0|   16|          4|
    |tmp_101_18_cast_reg_62781              |   12|   0|   16|          4|
    |tmp_101_19_cast_reg_62821              |   12|   0|   16|          4|
    |tmp_101_1_cast_reg_62061               |   12|   0|   16|          4|
    |tmp_101_20_cast_reg_62861              |   12|   0|   16|          4|
    |tmp_101_21_cast_reg_62901              |   12|   0|   16|          4|
    |tmp_101_22_cast_reg_62941              |   12|   0|   16|          4|
    |tmp_101_23_cast_reg_62981              |   12|   0|   16|          4|
    |tmp_101_24_cast_reg_63021              |   12|   0|   16|          4|
    |tmp_101_25_cast_reg_63061              |   12|   0|   16|          4|
    |tmp_101_26_cast_reg_63101              |   12|   0|   16|          4|
    |tmp_101_27_cast_reg_63141              |   12|   0|   16|          4|
    |tmp_101_28_cast_reg_63181              |   12|   0|   16|          4|
    |tmp_101_29_cast_reg_63221              |   12|   0|   16|          4|
    |tmp_101_2_cast_reg_62101               |   12|   0|   16|          4|
    |tmp_101_30_cast_reg_63261              |   12|   0|   16|          4|
    |tmp_101_31_cast_reg_63301              |   12|   0|   16|          4|
    |tmp_101_32_cast_reg_63341              |   12|   0|   16|          4|
    |tmp_101_33_cast_reg_63381              |   12|   0|   16|          4|
    |tmp_101_34_cast_reg_63421              |   12|   0|   16|          4|
    |tmp_101_35_cast_reg_63461              |   12|   0|   16|          4|
    |tmp_101_36_cast_reg_63501              |   12|   0|   16|          4|
    |tmp_101_37_cast_reg_63541              |   12|   0|   16|          4|
    |tmp_101_38_cast_reg_63581              |   12|   0|   16|          4|
    |tmp_101_39_cast_reg_63621              |   12|   0|   16|          4|
    |tmp_101_3_cast_reg_62141               |   12|   0|   16|          4|
    |tmp_101_40_cast_reg_63661              |   12|   0|   16|          4|
    |tmp_101_41_cast_reg_63701              |   12|   0|   16|          4|
    |tmp_101_42_cast_reg_63741              |   12|   0|   16|          4|
    |tmp_101_43_cast_reg_63781              |   12|   0|   16|          4|
    |tmp_101_44_cast_reg_63821              |   12|   0|   16|          4|
    |tmp_101_45_cast_reg_63861              |   12|   0|   16|          4|
    |tmp_101_46_cast_reg_63901              |   12|   0|   16|          4|
    |tmp_101_47_cast_reg_63941              |   12|   0|   16|          4|
    |tmp_101_48_cast_reg_63981              |   12|   0|   16|          4|
    |tmp_101_49_cast_reg_64021              |   12|   0|   16|          4|
    |tmp_101_4_cast_reg_62181               |   12|   0|   16|          4|
    |tmp_101_50_cast_reg_64061              |   12|   0|   16|          4|
    |tmp_101_51_cast_reg_64101              |   12|   0|   16|          4|
    |tmp_101_52_cast_reg_64141              |   12|   0|   16|          4|
    |tmp_101_53_cast_reg_64181              |   12|   0|   16|          4|
    |tmp_101_54_cast_reg_64221              |   12|   0|   16|          4|
    |tmp_101_55_cast_reg_64261              |   12|   0|   16|          4|
    |tmp_101_56_cast_reg_64301              |   12|   0|   16|          4|
    |tmp_101_57_cast_reg_64341              |   12|   0|   16|          4|
    |tmp_101_58_cast_reg_64381              |   12|   0|   16|          4|
    |tmp_101_59_cast_reg_64421              |   12|   0|   16|          4|
    |tmp_101_5_cast_reg_62221               |   12|   0|   16|          4|
    |tmp_101_60_cast_reg_64461              |   12|   0|   16|          4|
    |tmp_101_61_cast_reg_64501              |   12|   0|   16|          4|
    |tmp_101_62_cast_reg_64541              |   12|   0|   16|          4|
    |tmp_101_63_cast_reg_64581              |   12|   0|   16|          4|
    |tmp_101_64_cast_reg_64621              |   12|   0|   16|          4|
    |tmp_101_65_cast_reg_64661              |   12|   0|   16|          4|
    |tmp_101_66_cast_reg_64701              |   12|   0|   16|          4|
    |tmp_101_67_cast_reg_64741              |   12|   0|   16|          4|
    |tmp_101_68_cast_reg_64781              |   12|   0|   16|          4|
    |tmp_101_69_cast_reg_64821              |   12|   0|   16|          4|
    |tmp_101_6_cast_reg_62261               |   12|   0|   16|          4|
    |tmp_101_70_cast_reg_64861              |   12|   0|   16|          4|
    |tmp_101_71_cast_reg_64901              |   12|   0|   16|          4|
    |tmp_101_72_cast_reg_64941              |   12|   0|   16|          4|
    |tmp_101_73_cast_reg_64981              |   12|   0|   16|          4|
    |tmp_101_74_cast_reg_65021              |   12|   0|   16|          4|
    |tmp_101_75_cast_reg_65061              |   12|   0|   16|          4|
    |tmp_101_76_cast_reg_65101              |   12|   0|   16|          4|
    |tmp_101_77_cast_reg_65141              |   12|   0|   16|          4|
    |tmp_101_78_cast_reg_65181              |   12|   0|   16|          4|
    |tmp_101_79_cast_reg_65221              |   12|   0|   16|          4|
    |tmp_101_7_cast_reg_62301               |   12|   0|   16|          4|
    |tmp_101_80_cast_reg_65261              |   12|   0|   16|          4|
    |tmp_101_81_cast_reg_65301              |   12|   0|   16|          4|
    |tmp_101_82_cast_reg_65341              |   12|   0|   16|          4|
    |tmp_101_83_cast_reg_65381              |   12|   0|   16|          4|
    |tmp_101_84_cast_reg_65421              |   12|   0|   16|          4|
    |tmp_101_85_cast_reg_65461              |   12|   0|   16|          4|
    |tmp_101_86_cast_reg_65501              |   12|   0|   16|          4|
    |tmp_101_87_cast_reg_65541              |   12|   0|   16|          4|
    |tmp_101_88_cast_reg_65581              |   12|   0|   16|          4|
    |tmp_101_89_cast_reg_65621              |   12|   0|   16|          4|
    |tmp_101_8_cast_reg_62341               |   12|   0|   16|          4|
    |tmp_101_90_cast_reg_65661              |   12|   0|   16|          4|
    |tmp_101_91_cast_reg_65701              |   12|   0|   16|          4|
    |tmp_101_92_cast_reg_65741              |   12|   0|   16|          4|
    |tmp_101_93_cast_reg_65781              |   12|   0|   16|          4|
    |tmp_101_94_cast_reg_65821              |   12|   0|   16|          4|
    |tmp_101_95_cast_reg_65861              |   12|   0|   16|          4|
    |tmp_101_96_cast_reg_65901              |   12|   0|   16|          4|
    |tmp_101_97_cast_reg_65941              |   12|   0|   16|          4|
    |tmp_101_98_cast_reg_65981              |   12|   0|   16|          4|
    |tmp_101_99_cast_reg_66021              |   12|   0|   16|          4|
    |tmp_101_9_cast_reg_62381               |   12|   0|   16|          4|
    |tmp_101_cast_108_reg_62421             |   12|   0|   16|          4|
    |tmp_101_cast_reg_62021                 |   12|   0|   16|          4|
    |tmp_1020_reg_76214                     |    8|   0|    8|          0|
    |tmp_1024_reg_76724                     |    8|   0|    8|          0|
    |tmp_1031_reg_76729                     |    8|   0|    8|          0|
    |tmp_1033_reg_67284                     |    1|   0|    1|          0|
    |tmp_1038_reg_76734                     |    8|   0|    8|          0|
    |tmp_103_100_cast_reg_66071             |   12|   0|   16|          4|
    |tmp_103_101_cast_reg_66111             |   12|   0|   16|          4|
    |tmp_103_102_cast_reg_66151             |   12|   0|   16|          4|
    |tmp_103_103_cast_reg_66191             |   12|   0|   16|          4|
    |tmp_103_104_cast_reg_66231             |   12|   0|   16|          4|
    |tmp_103_105_cast_reg_66271             |   12|   0|   16|          4|
    |tmp_103_106_cast_reg_66311             |   12|   0|   16|          4|
    |tmp_103_107_cast_reg_66351             |   12|   0|   16|          4|
    |tmp_103_108_cast_reg_66391             |   12|   0|   16|          4|
    |tmp_103_109_cast_reg_66431             |   12|   0|   16|          4|
    |tmp_103_10_cast_reg_62471              |   12|   0|   16|          4|
    |tmp_103_110_cast_reg_66471             |   12|   0|   16|          4|
    |tmp_103_111_cast_reg_66511             |   12|   0|   16|          4|
    |tmp_103_112_cast_reg_66551             |   12|   0|   16|          4|
    |tmp_103_113_cast_reg_66591             |   12|   0|   16|          4|
    |tmp_103_114_cast_reg_66631             |   12|   0|   16|          4|
    |tmp_103_115_cast_reg_66671             |   12|   0|   16|          4|
    |tmp_103_116_cast_reg_66711             |   12|   0|   16|          4|
    |tmp_103_117_cast_reg_66751             |   12|   0|   16|          4|
    |tmp_103_118_cast_reg_66791             |   12|   0|   16|          4|
    |tmp_103_119_cast_reg_66831             |   12|   0|   16|          4|
    |tmp_103_11_cast_reg_62511              |   12|   0|   16|          4|
    |tmp_103_120_cast_reg_66871             |   12|   0|   16|          4|
    |tmp_103_121_cast_reg_66911             |   12|   0|   16|          4|
    |tmp_103_122_cast_reg_66951             |   12|   0|   16|          4|
    |tmp_103_123_cast_reg_66991             |   12|   0|   16|          4|
    |tmp_103_124_cast_reg_67031             |   12|   0|   16|          4|
    |tmp_103_125_cast_reg_67071             |   12|   0|   16|          4|
    |tmp_103_126_cast_reg_67111             |   12|   0|   16|          4|
    |tmp_103_12_cast_reg_62551              |   12|   0|   16|          4|
    |tmp_103_13_cast_reg_62591              |   12|   0|   16|          4|
    |tmp_103_14_cast_reg_62631              |   12|   0|   16|          4|
    |tmp_103_15_cast_reg_62671              |   12|   0|   16|          4|
    |tmp_103_16_cast_reg_62711              |   12|   0|   16|          4|
    |tmp_103_17_cast_reg_62751              |   12|   0|   16|          4|
    |tmp_103_18_cast_reg_62791              |   12|   0|   16|          4|
    |tmp_103_19_cast_reg_62831              |   12|   0|   16|          4|
    |tmp_103_1_cast_reg_62071               |   12|   0|   16|          4|
    |tmp_103_20_cast_reg_62871              |   12|   0|   16|          4|
    |tmp_103_21_cast_reg_62911              |   12|   0|   16|          4|
    |tmp_103_22_cast_reg_62951              |   12|   0|   16|          4|
    |tmp_103_23_cast_reg_62991              |   12|   0|   16|          4|
    |tmp_103_24_cast_reg_63031              |   12|   0|   16|          4|
    |tmp_103_25_cast_reg_63071              |   12|   0|   16|          4|
    |tmp_103_26_cast_reg_63111              |   12|   0|   16|          4|
    |tmp_103_27_cast_reg_63151              |   12|   0|   16|          4|
    |tmp_103_28_cast_reg_63191              |   12|   0|   16|          4|
    |tmp_103_29_cast_reg_63231              |   12|   0|   16|          4|
    |tmp_103_2_cast_reg_62111               |   12|   0|   16|          4|
    |tmp_103_30_cast_reg_63271              |   12|   0|   16|          4|
    |tmp_103_31_cast_reg_63311              |   12|   0|   16|          4|
    |tmp_103_32_cast_reg_63351              |   12|   0|   16|          4|
    |tmp_103_33_cast_reg_63391              |   12|   0|   16|          4|
    |tmp_103_34_cast_reg_63431              |   12|   0|   16|          4|
    |tmp_103_35_cast_reg_63471              |   12|   0|   16|          4|
    |tmp_103_36_cast_reg_63511              |   12|   0|   16|          4|
    |tmp_103_37_cast_reg_63551              |   12|   0|   16|          4|
    |tmp_103_38_cast_reg_63591              |   12|   0|   16|          4|
    |tmp_103_39_cast_reg_63631              |   12|   0|   16|          4|
    |tmp_103_3_cast_reg_62151               |   12|   0|   16|          4|
    |tmp_103_40_cast_reg_63671              |   12|   0|   16|          4|
    |tmp_103_41_cast_reg_63711              |   12|   0|   16|          4|
    |tmp_103_42_cast_reg_63751              |   12|   0|   16|          4|
    |tmp_103_43_cast_reg_63791              |   12|   0|   16|          4|
    |tmp_103_44_cast_reg_63831              |   12|   0|   16|          4|
    |tmp_103_45_cast_reg_63871              |   12|   0|   16|          4|
    |tmp_103_46_cast_reg_63911              |   12|   0|   16|          4|
    |tmp_103_47_cast_reg_63951              |   12|   0|   16|          4|
    |tmp_103_48_cast_reg_63991              |   12|   0|   16|          4|
    |tmp_103_49_cast_reg_64031              |   12|   0|   16|          4|
    |tmp_103_4_cast_reg_62191               |   12|   0|   16|          4|
    |tmp_103_50_cast_reg_64071              |   12|   0|   16|          4|
    |tmp_103_51_cast_reg_64111              |   12|   0|   16|          4|
    |tmp_103_52_cast_reg_64151              |   12|   0|   16|          4|
    |tmp_103_53_cast_reg_64191              |   12|   0|   16|          4|
    |tmp_103_54_cast_reg_64231              |   12|   0|   16|          4|
    |tmp_103_55_cast_reg_64271              |   12|   0|   16|          4|
    |tmp_103_56_cast_reg_64311              |   12|   0|   16|          4|
    |tmp_103_57_cast_reg_64351              |   12|   0|   16|          4|
    |tmp_103_58_cast_reg_64391              |   12|   0|   16|          4|
    |tmp_103_59_cast_reg_64431              |   12|   0|   16|          4|
    |tmp_103_5_cast_reg_62231               |   12|   0|   16|          4|
    |tmp_103_60_cast_reg_64471              |   12|   0|   16|          4|
    |tmp_103_61_cast_reg_64511              |   12|   0|   16|          4|
    |tmp_103_62_cast_reg_64551              |   12|   0|   16|          4|
    |tmp_103_63_cast_reg_64591              |   12|   0|   16|          4|
    |tmp_103_64_cast_reg_64631              |   12|   0|   16|          4|
    |tmp_103_65_cast_reg_64671              |   12|   0|   16|          4|
    |tmp_103_66_cast_reg_64711              |   12|   0|   16|          4|
    |tmp_103_67_cast_reg_64751              |   12|   0|   16|          4|
    |tmp_103_68_cast_reg_64791              |   12|   0|   16|          4|
    |tmp_103_69_cast_reg_64831              |   12|   0|   16|          4|
    |tmp_103_6_cast_reg_62271               |   12|   0|   16|          4|
    |tmp_103_70_cast_reg_64871              |   12|   0|   16|          4|
    |tmp_103_71_cast_reg_64911              |   12|   0|   16|          4|
    |tmp_103_72_cast_reg_64951              |   12|   0|   16|          4|
    |tmp_103_73_cast_reg_64991              |   12|   0|   16|          4|
    |tmp_103_74_cast_reg_65031              |   12|   0|   16|          4|
    |tmp_103_75_cast_reg_65071              |   12|   0|   16|          4|
    |tmp_103_76_cast_reg_65111              |   12|   0|   16|          4|
    |tmp_103_77_cast_reg_65151              |   12|   0|   16|          4|
    |tmp_103_78_cast_reg_65191              |   12|   0|   16|          4|
    |tmp_103_79_cast_reg_65231              |   12|   0|   16|          4|
    |tmp_103_7_cast_reg_62311               |   12|   0|   16|          4|
    |tmp_103_80_cast_reg_65271              |   12|   0|   16|          4|
    |tmp_103_81_cast_reg_65311              |   12|   0|   16|          4|
    |tmp_103_82_cast_reg_65351              |   12|   0|   16|          4|
    |tmp_103_83_cast_reg_65391              |   12|   0|   16|          4|
    |tmp_103_84_cast_reg_65431              |   12|   0|   16|          4|
    |tmp_103_85_cast_reg_65471              |   12|   0|   16|          4|
    |tmp_103_86_cast_reg_65511              |   12|   0|   16|          4|
    |tmp_103_87_cast_reg_65551              |   12|   0|   16|          4|
    |tmp_103_88_cast_reg_65591              |   12|   0|   16|          4|
    |tmp_103_89_cast_reg_65631              |   12|   0|   16|          4|
    |tmp_103_8_cast_reg_62351               |   12|   0|   16|          4|
    |tmp_103_90_cast_reg_65671              |   12|   0|   16|          4|
    |tmp_103_91_cast_reg_65711              |   12|   0|   16|          4|
    |tmp_103_92_cast_reg_65751              |   12|   0|   16|          4|
    |tmp_103_93_cast_reg_65791              |   12|   0|   16|          4|
    |tmp_103_94_cast_reg_65831              |   12|   0|   16|          4|
    |tmp_103_95_cast_reg_65871              |   12|   0|   16|          4|
    |tmp_103_96_cast_reg_65911              |   12|   0|   16|          4|
    |tmp_103_97_cast_reg_65951              |   12|   0|   16|          4|
    |tmp_103_98_cast_reg_65991              |   12|   0|   16|          4|
    |tmp_103_99_cast_reg_66031              |   12|   0|   16|          4|
    |tmp_103_9_cast_reg_62391               |   12|   0|   16|          4|
    |tmp_103_cast_109_reg_62431             |   12|   0|   16|          4|
    |tmp_103_cast_reg_62031                 |   12|   0|   16|          4|
    |tmp_1040_reg_67289                     |   52|   0|   52|          0|
    |tmp_1045_reg_76739                     |    8|   0|    8|          0|
    |tmp_1047_reg_67347                     |   16|   0|   16|          0|
    |tmp_1052_reg_76744                     |    8|   0|    8|          0|
    |tmp_1059_reg_76749                     |    8|   0|    8|          0|
    |tmp_1066_reg_76780                     |    8|   0|    8|          0|
    |tmp_1073_reg_76806                     |    8|   0|    8|          0|
    |tmp_1084_reg_77095                     |    8|   0|    8|          0|
    |tmp_1092_reg_77239                     |   11|   0|   11|          0|
    |tmp_1093_reg_77106                     |   16|   0|   16|          0|
    |tmp_1094_reg_77161                     |   23|   0|   23|          0|
    |tmp_1106_reg_67308                     |    1|   0|    1|          0|
    |tmp_1108_reg_67313                     |   52|   0|   52|          0|
    |tmp_1115_reg_67367                     |   16|   0|   16|          0|
    |tmp_112_10_reg_76285                   |   16|   0|   16|          0|
    |tmp_112_11_reg_76336                   |   16|   0|   16|          0|
    |tmp_112_1_reg_75424                    |   16|   0|   16|          0|
    |tmp_112_2_reg_75475                    |   16|   0|   16|          0|
    |tmp_112_3_reg_75526                    |   16|   0|   16|          0|
    |tmp_112_4_reg_75577                    |   16|   0|   16|          0|
    |tmp_112_8_reg_76116                    |   16|   0|   16|          0|
    |tmp_112_9_reg_76178                    |   16|   0|   16|          0|
    |tmp_112_reg_75378                      |   16|   0|   16|          0|
    |tmp_112_s_reg_76234                    |   16|   0|   16|          0|
    |tmp_1131_reg_67382                     |    1|   0|    1|          0|
    |tmp_1132_reg_67387                     |   52|   0|   52|          0|
    |tmp_1133_reg_67459                     |   16|   0|   16|          0|
    |tmp_1139_reg_67406                     |    1|   0|    1|          0|
    |tmp_1140_reg_67411                     |   52|   0|   52|          0|
    |tmp_1141_reg_67479                     |   16|   0|   16|          0|
    |tmp_1147_reg_67494                     |    1|   0|    1|          0|
    |tmp_1148_reg_67499                     |   52|   0|   52|          0|
    |tmp_1149_reg_67571                     |   16|   0|   16|          0|
    |tmp_1155_reg_67518                     |    1|   0|    1|          0|
    |tmp_1156_reg_67523                     |   52|   0|   52|          0|
    |tmp_1157_reg_67591                     |   16|   0|   16|          0|
    |tmp_1163_reg_67606                     |    1|   0|    1|          0|
    |tmp_1164_reg_67611                     |   52|   0|   52|          0|
    |tmp_1165_reg_67683                     |   16|   0|   16|          0|
    |tmp_116_10_reg_70788                   |   16|   0|   16|          0|
    |tmp_116_11_reg_70808                   |   16|   0|   16|          0|
    |tmp_116_12_reg_70828                   |   16|   0|   16|          0|
    |tmp_116_13_reg_70848                   |   16|   0|   16|          0|
    |tmp_116_14_reg_71163                   |   16|   0|   16|          0|
    |tmp_116_15_reg_71183                   |   16|   0|   16|          0|
    |tmp_116_16_reg_71203                   |   16|   0|   16|          0|
    |tmp_116_17_reg_71223                   |   16|   0|   16|          0|
    |tmp_116_18_reg_71595                   |   16|   0|   16|          0|
    |tmp_116_19_reg_71615                   |   16|   0|   16|          0|
    |tmp_116_1_reg_70366                    |   16|   0|   16|          0|
    |tmp_116_20_reg_71635                   |   16|   0|   16|          0|
    |tmp_116_21_reg_71655                   |   16|   0|   16|          0|
    |tmp_116_22_reg_71675                   |   16|   0|   16|          0|
    |tmp_116_23_reg_72020                   |   16|   0|   16|          0|
    |tmp_116_24_reg_72040                   |   16|   0|   16|          0|
    |tmp_116_25_reg_72060                   |   16|   0|   16|          0|
    |tmp_116_26_reg_72080                   |   16|   0|   16|          0|
    |tmp_116_27_reg_72100                   |   16|   0|   16|          0|
    |tmp_116_28_reg_72445                   |   16|   0|   16|          0|
    |tmp_116_29_reg_72465                   |   16|   0|   16|          0|
    |tmp_116_2_reg_70386                    |   16|   0|   16|          0|
    |tmp_116_30_reg_72485                   |   16|   0|   16|          0|
    |tmp_116_31_reg_72505                   |   16|   0|   16|          0|
    |tmp_116_32_reg_72525                   |   16|   0|   16|          0|
    |tmp_116_33_reg_72870                   |   16|   0|   16|          0|
    |tmp_116_34_reg_72890                   |   16|   0|   16|          0|
    |tmp_116_35_reg_72910                   |   16|   0|   16|          0|
    |tmp_116_36_reg_72930                   |   16|   0|   16|          0|
    |tmp_116_37_reg_73275                   |   16|   0|   16|          0|
    |tmp_116_38_reg_73295                   |   16|   0|   16|          0|
    |tmp_116_39_reg_73315                   |   16|   0|   16|          0|
    |tmp_116_3_reg_70406                    |   16|   0|   16|          0|
    |tmp_116_40_reg_73335                   |   16|   0|   16|          0|
    |tmp_116_41_reg_73355                   |   16|   0|   16|          0|
    |tmp_116_44_reg_73497                   |   16|   0|   16|          0|
    |tmp_116_45_reg_73517                   |   16|   0|   16|          0|
    |tmp_116_46_reg_73537                   |   16|   0|   16|          0|
    |tmp_116_49_reg_73647                   |   16|   0|   16|          0|
    |tmp_116_4_reg_70426                    |   16|   0|   16|          0|
    |tmp_116_50_reg_73667                   |   16|   0|   16|          0|
    |tmp_116_51_reg_73687                   |   16|   0|   16|          0|
    |tmp_116_54_reg_73819                   |   16|   0|   16|          0|
    |tmp_116_55_reg_73839                   |   16|   0|   16|          0|
    |tmp_116_59_reg_73959                   |   16|   0|   16|          0|
    |tmp_116_5_reg_70568                    |   16|   0|   16|          0|
    |tmp_116_60_reg_73979                   |   16|   0|   16|          0|
    |tmp_116_64_reg_74094                   |   16|   0|   16|          0|
    |tmp_116_65_reg_74114                   |   16|   0|   16|          0|
    |tmp_116_69_reg_74224                   |   16|   0|   16|          0|
    |tmp_116_6_reg_70588                    |   16|   0|   16|          0|
    |tmp_116_70_reg_74244                   |   16|   0|   16|          0|
    |tmp_116_74_reg_74349                   |   16|   0|   16|          0|
    |tmp_116_79_reg_74469                   |   16|   0|   16|          0|
    |tmp_116_7_reg_70608                    |   16|   0|   16|          0|
    |tmp_116_84_reg_74584                   |   16|   0|   16|          0|
    |tmp_116_89_reg_74694                   |   16|   0|   16|          0|
    |tmp_116_8_reg_70628                    |   16|   0|   16|          0|
    |tmp_116_9_reg_70648                    |   16|   0|   16|          0|
    |tmp_116_reg_70346                      |   16|   0|   16|          0|
    |tmp_116_s_reg_70768                    |   16|   0|   16|          0|
    |tmp_1171_reg_67630                     |    1|   0|    1|          0|
    |tmp_1172_reg_67635                     |   52|   0|   52|          0|
    |tmp_1173_reg_67703                     |   16|   0|   16|          0|
    |tmp_1179_reg_67718                     |    1|   0|    1|          0|
    |tmp_1180_reg_67723                     |   52|   0|   52|          0|
    |tmp_1181_reg_67795                     |   16|   0|   16|          0|
    |tmp_1187_reg_67742                     |    1|   0|    1|          0|
    |tmp_1188_reg_67747                     |   52|   0|   52|          0|
    |tmp_1189_reg_67815                     |   16|   0|   16|          0|
    |tmp_118_10_reg_70793                   |   16|   0|   16|          0|
    |tmp_118_11_reg_70813                   |   16|   0|   16|          0|
    |tmp_118_12_reg_70833                   |   16|   0|   16|          0|
    |tmp_118_13_reg_71148                   |   16|   0|   16|          0|
    |tmp_118_14_reg_71168                   |   16|   0|   16|          0|
    |tmp_118_15_reg_71188                   |   16|   0|   16|          0|
    |tmp_118_16_reg_71208                   |   16|   0|   16|          0|
    |tmp_118_17_reg_71228                   |   16|   0|   16|          0|
    |tmp_118_18_reg_71600                   |   16|   0|   16|          0|
    |tmp_118_19_reg_71620                   |   16|   0|   16|          0|
    |tmp_118_1_reg_70371                    |   16|   0|   16|          0|
    |tmp_118_20_reg_71640                   |   16|   0|   16|          0|
    |tmp_118_21_reg_71660                   |   16|   0|   16|          0|
    |tmp_118_22_reg_71680                   |   16|   0|   16|          0|
    |tmp_118_23_reg_72025                   |   16|   0|   16|          0|
    |tmp_118_24_reg_72045                   |   16|   0|   16|          0|
    |tmp_118_25_reg_72065                   |   16|   0|   16|          0|
    |tmp_118_26_reg_72085                   |   16|   0|   16|          0|
    |tmp_118_27_reg_72105                   |   16|   0|   16|          0|
    |tmp_118_28_reg_72450                   |   16|   0|   16|          0|
    |tmp_118_29_reg_72470                   |   16|   0|   16|          0|
    |tmp_118_2_reg_70391                    |   16|   0|   16|          0|
    |tmp_118_30_reg_72490                   |   16|   0|   16|          0|
    |tmp_118_31_reg_72510                   |   16|   0|   16|          0|
    |tmp_118_32_reg_72855                   |   16|   0|   16|          0|
    |tmp_118_33_reg_72875                   |   16|   0|   16|          0|
    |tmp_118_34_reg_72895                   |   16|   0|   16|          0|
    |tmp_118_35_reg_72915                   |   16|   0|   16|          0|
    |tmp_118_36_reg_72935                   |   16|   0|   16|          0|
    |tmp_118_37_reg_73280                   |   16|   0|   16|          0|
    |tmp_118_38_reg_73300                   |   16|   0|   16|          0|
    |tmp_118_39_reg_73320                   |   16|   0|   16|          0|
    |tmp_118_3_reg_70411                    |   16|   0|   16|          0|
    |tmp_118_40_reg_73340                   |   16|   0|   16|          0|
    |tmp_118_41_reg_73360                   |   16|   0|   16|          0|
    |tmp_118_44_reg_73502                   |   16|   0|   16|          0|
    |tmp_118_45_reg_73522                   |   16|   0|   16|          0|
    |tmp_118_46_reg_73542                   |   16|   0|   16|          0|
    |tmp_118_49_reg_73652                   |   16|   0|   16|          0|
    |tmp_118_4_reg_70431                    |   16|   0|   16|          0|
    |tmp_118_50_reg_73672                   |   16|   0|   16|          0|
    |tmp_118_54_reg_73824                   |   16|   0|   16|          0|
    |tmp_118_55_reg_73844                   |   16|   0|   16|          0|
    |tmp_118_59_reg_73964                   |   16|   0|   16|          0|
    |tmp_118_5_reg_70573                    |   16|   0|   16|          0|
    |tmp_118_60_reg_73984                   |   16|   0|   16|          0|
    |tmp_118_64_reg_74099                   |   16|   0|   16|          0|
    |tmp_118_65_reg_74119                   |   16|   0|   16|          0|
    |tmp_118_69_reg_74229                   |   16|   0|   16|          0|
    |tmp_118_6_reg_70593                    |   16|   0|   16|          0|
    |tmp_118_74_reg_74354                   |   16|   0|   16|          0|
    |tmp_118_79_reg_74474                   |   16|   0|   16|          0|
    |tmp_118_7_reg_70613                    |   16|   0|   16|          0|
    |tmp_118_84_reg_74589                   |   16|   0|   16|          0|
    |tmp_118_8_reg_70633                    |   16|   0|   16|          0|
    |tmp_118_9_reg_70653                    |   16|   0|   16|          0|
    |tmp_118_reg_70351                      |   16|   0|   16|          0|
    |tmp_118_s_reg_70773                    |   16|   0|   16|          0|
    |tmp_1195_reg_67830                     |    1|   0|    1|          0|
    |tmp_1196_reg_67835                     |   52|   0|   52|          0|
    |tmp_1197_reg_67907                     |   16|   0|   16|          0|
    |tmp_1203_reg_67854                     |    1|   0|    1|          0|
    |tmp_1204_reg_67859                     |   52|   0|   52|          0|
    |tmp_1205_reg_67927                     |   16|   0|   16|          0|
    |tmp_120_10_reg_70798                   |   16|   0|   16|          0|
    |tmp_120_11_reg_70818                   |   16|   0|   16|          0|
    |tmp_120_12_reg_70838                   |   16|   0|   16|          0|
    |tmp_120_13_reg_71153                   |   16|   0|   16|          0|
    |tmp_120_14_reg_71173                   |   16|   0|   16|          0|
    |tmp_120_15_reg_71193                   |   16|   0|   16|          0|
    |tmp_120_16_reg_71213                   |   16|   0|   16|          0|
    |tmp_120_17_reg_71233                   |   16|   0|   16|          0|
    |tmp_120_18_reg_71605                   |   16|   0|   16|          0|
    |tmp_120_19_reg_71625                   |   16|   0|   16|          0|
    |tmp_120_1_reg_70376                    |   16|   0|   16|          0|
    |tmp_120_20_reg_71645                   |   16|   0|   16|          0|
    |tmp_120_21_reg_71665                   |   16|   0|   16|          0|
    |tmp_120_22_reg_71685                   |   16|   0|   16|          0|
    |tmp_120_23_reg_72030                   |   16|   0|   16|          0|
    |tmp_120_24_reg_72050                   |   16|   0|   16|          0|
    |tmp_120_25_reg_72070                   |   16|   0|   16|          0|
    |tmp_120_26_reg_72090                   |   16|   0|   16|          0|
    |tmp_120_27_reg_72435                   |   16|   0|   16|          0|
    |tmp_120_28_reg_72455                   |   16|   0|   16|          0|
    |tmp_120_29_reg_72475                   |   16|   0|   16|          0|
    |tmp_120_2_reg_70396                    |   16|   0|   16|          0|
    |tmp_120_30_reg_72495                   |   16|   0|   16|          0|
    |tmp_120_31_reg_72515                   |   16|   0|   16|          0|
    |tmp_120_32_reg_72860                   |   16|   0|   16|          0|
    |tmp_120_33_reg_72880                   |   16|   0|   16|          0|
    |tmp_120_34_reg_72900                   |   16|   0|   16|          0|
    |tmp_120_35_reg_72920                   |   16|   0|   16|          0|
    |tmp_120_36_reg_72940                   |   16|   0|   16|          0|
    |tmp_120_37_reg_73285                   |   16|   0|   16|          0|
    |tmp_120_38_reg_73305                   |   16|   0|   16|          0|
    |tmp_120_39_reg_73325                   |   16|   0|   16|          0|
    |tmp_120_3_reg_70416                    |   16|   0|   16|          0|
    |tmp_120_40_reg_73345                   |   16|   0|   16|          0|
    |tmp_120_41_reg_73365                   |   16|   0|   16|          0|
    |tmp_120_44_reg_73507                   |   16|   0|   16|          0|
    |tmp_120_45_reg_73527                   |   16|   0|   16|          0|
    |tmp_120_49_reg_73657                   |   16|   0|   16|          0|
    |tmp_120_4_reg_70436                    |   16|   0|   16|          0|
    |tmp_120_50_reg_73677                   |   16|   0|   16|          0|
    |tmp_120_54_reg_73829                   |   16|   0|   16|          0|
    |tmp_120_55_reg_73849                   |   16|   0|   16|          0|
    |tmp_120_59_reg_73969                   |   16|   0|   16|          0|
    |tmp_120_5_reg_70578                    |   16|   0|   16|          0|
    |tmp_120_60_reg_73989                   |   16|   0|   16|          0|
    |tmp_120_64_reg_74104                   |   16|   0|   16|          0|
    |tmp_120_69_reg_74234                   |   16|   0|   16|          0|
    |tmp_120_6_reg_70598                    |   16|   0|   16|          0|
    |tmp_120_74_reg_74359                   |   16|   0|   16|          0|
    |tmp_120_79_reg_74479                   |   16|   0|   16|          0|
    |tmp_120_7_reg_70618                    |   16|   0|   16|          0|
    |tmp_120_8_reg_70638                    |   16|   0|   16|          0|
    |tmp_120_9_reg_70758                    |   16|   0|   16|          0|
    |tmp_120_reg_70356                      |   16|   0|   16|          0|
    |tmp_120_s_reg_70778                    |   16|   0|   16|          0|
    |tmp_1211_reg_67942                     |    1|   0|    1|          0|
    |tmp_1212_reg_67947                     |   52|   0|   52|          0|
    |tmp_1213_reg_68019                     |   16|   0|   16|          0|
    |tmp_1219_reg_67966                     |    1|   0|    1|          0|
    |tmp_1220_reg_67971                     |   52|   0|   52|          0|
    |tmp_1221_reg_68039                     |   16|   0|   16|          0|
    |tmp_1227_reg_68054                     |    1|   0|    1|          0|
    |tmp_1228_reg_68059                     |   52|   0|   52|          0|
    |tmp_1229_reg_68227                     |   16|   0|   16|          0|
    |tmp_122_10_reg_70803                   |   16|   0|   16|          0|
    |tmp_122_11_reg_70823                   |   16|   0|   16|          0|
    |tmp_122_12_reg_70843                   |   16|   0|   16|          0|
    |tmp_122_13_reg_71158                   |   16|   0|   16|          0|
    |tmp_122_14_reg_71178                   |   16|   0|   16|          0|
    |tmp_122_15_reg_71198                   |   16|   0|   16|          0|
    |tmp_122_16_reg_71218                   |   16|   0|   16|          0|
    |tmp_122_17_reg_71238                   |   16|   0|   16|          0|
    |tmp_122_18_reg_71610                   |   16|   0|   16|          0|
    |tmp_122_19_reg_71630                   |   16|   0|   16|          0|
    |tmp_122_1_reg_70381                    |   16|   0|   16|          0|
    |tmp_122_20_reg_71650                   |   16|   0|   16|          0|
    |tmp_122_21_reg_71670                   |   16|   0|   16|          0|
    |tmp_122_22_reg_72015                   |   16|   0|   16|          0|
    |tmp_122_23_reg_72035                   |   16|   0|   16|          0|
    |tmp_122_24_reg_72055                   |   16|   0|   16|          0|
    |tmp_122_25_reg_72075                   |   16|   0|   16|          0|
    |tmp_122_26_reg_72095                   |   16|   0|   16|          0|
    |tmp_122_27_reg_72440                   |   16|   0|   16|          0|
    |tmp_122_28_reg_72460                   |   16|   0|   16|          0|
    |tmp_122_29_reg_72480                   |   16|   0|   16|          0|
    |tmp_122_2_reg_70401                    |   16|   0|   16|          0|
    |tmp_122_30_reg_72500                   |   16|   0|   16|          0|
    |tmp_122_31_reg_72520                   |   16|   0|   16|          0|
    |tmp_122_32_reg_72865                   |   16|   0|   16|          0|
    |tmp_122_33_reg_72885                   |   16|   0|   16|          0|
    |tmp_122_34_reg_72905                   |   16|   0|   16|          0|
    |tmp_122_35_reg_72925                   |   16|   0|   16|          0|
    |tmp_122_36_reg_72945                   |   16|   0|   16|          0|
    |tmp_122_37_reg_73290                   |   16|   0|   16|          0|
    |tmp_122_38_reg_73310                   |   16|   0|   16|          0|
    |tmp_122_39_reg_73330                   |   16|   0|   16|          0|
    |tmp_122_3_reg_70421                    |   16|   0|   16|          0|
    |tmp_122_40_reg_73350                   |   16|   0|   16|          0|
    |tmp_122_44_reg_73512                   |   16|   0|   16|          0|
    |tmp_122_45_reg_73532                   |   16|   0|   16|          0|
    |tmp_122_49_reg_73662                   |   16|   0|   16|          0|
    |tmp_122_4_reg_70563                    |   16|   0|   16|          0|
    |tmp_122_50_reg_73682                   |   16|   0|   16|          0|
    |tmp_122_54_reg_73834                   |   16|   0|   16|          0|
    |tmp_122_55_reg_73854                   |   16|   0|   16|          0|
    |tmp_122_59_reg_73974                   |   16|   0|   16|          0|
    |tmp_122_5_reg_70583                    |   16|   0|   16|          0|
    |tmp_122_64_reg_74109                   |   16|   0|   16|          0|
    |tmp_122_69_reg_74239                   |   16|   0|   16|          0|
    |tmp_122_6_reg_70603                    |   16|   0|   16|          0|
    |tmp_122_74_reg_74364                   |   16|   0|   16|          0|
    |tmp_122_7_reg_70623                    |   16|   0|   16|          0|
    |tmp_122_8_reg_70643                    |   16|   0|   16|          0|
    |tmp_122_9_reg_70763                    |   16|   0|   16|          0|
    |tmp_122_reg_70361                      |   16|   0|   16|          0|
    |tmp_122_s_reg_70783                    |   16|   0|   16|          0|
    |tmp_1235_reg_68078                     |    1|   0|    1|          0|
    |tmp_1236_reg_68083                     |   52|   0|   52|          0|
    |tmp_1237_reg_68247                     |   16|   0|   16|          0|
    |tmp_1243_reg_68262                     |    1|   0|    1|          0|
    |tmp_1244_reg_68267                     |   52|   0|   52|          0|
    |tmp_1245_reg_68435                     |   16|   0|   16|          0|
    |tmp_1251_reg_68286                     |    1|   0|    1|          0|
    |tmp_1252_reg_68291                     |   52|   0|   52|          0|
    |tmp_1253_reg_68455                     |   16|   0|   16|          0|
    |tmp_1259_reg_68470                     |    1|   0|    1|          0|
    |tmp_1260_reg_68475                     |   52|   0|   52|          0|
    |tmp_1261_reg_68643                     |   16|   0|   16|          0|
    |tmp_1267_reg_68494                     |    1|   0|    1|          0|
    |tmp_1268_reg_68499                     |   52|   0|   52|          0|
    |tmp_1269_reg_68663                     |   16|   0|   16|          0|
    |tmp_1275_reg_68678                     |    1|   0|    1|          0|
    |tmp_1276_reg_68683                     |   52|   0|   52|          0|
    |tmp_1277_reg_68851                     |   16|   0|   16|          0|
    |tmp_1283_reg_68702                     |    1|   0|    1|          0|
    |tmp_1284_reg_68707                     |   52|   0|   52|          0|
    |tmp_1285_reg_68871                     |   16|   0|   16|          0|
    |tmp_1291_reg_68886                     |    1|   0|    1|          0|
    |tmp_1292_reg_68891                     |   52|   0|   52|          0|
    |tmp_1293_reg_69059                     |   16|   0|   16|          0|
    |tmp_1299_reg_68910                     |    1|   0|    1|          0|
    |tmp_1300_reg_68915                     |   52|   0|   52|          0|
    |tmp_1301_reg_69079                     |   16|   0|   16|          0|
    |tmp_1307_reg_69094                     |    1|   0|    1|          0|
    |tmp_1308_reg_69099                     |   52|   0|   52|          0|
    |tmp_1309_reg_69303                     |   16|   0|   16|          0|
    |tmp_1315_reg_69118                     |    1|   0|    1|          0|
    |tmp_1316_reg_69123                     |   52|   0|   52|          0|
    |tmp_1317_reg_69323                     |   16|   0|   16|          0|
    |tmp_1322_reg_69142                     |   63|   0|   63|          0|
    |tmp_1323_reg_69147                     |    1|   0|    1|          0|
    |tmp_1324_reg_69152                     |   52|   0|   52|          0|
    |tmp_1325_reg_69343                     |   16|   0|   16|          0|
    |tmp_1330_reg_69165                     |   63|   0|   63|          0|
    |tmp_1331_reg_69170                     |    1|   0|    1|          0|
    |tmp_1332_reg_69175                     |   52|   0|   52|          0|
    |tmp_1333_reg_69363                     |   16|   0|   16|          0|
    |tmp_134_10_reg_76520                   |   16|   0|   16|          0|
    |tmp_134_11_reg_76616                   |   16|   0|   16|          0|
    |tmp_134_12_reg_76703                   |   16|   0|   16|          0|
    |tmp_134_13_reg_76765                   |   16|   0|   16|          0|
    |tmp_134_14_reg_76791                   |   16|   0|   16|          0|
    |tmp_134_15_reg_76811                   |   16|   0|   16|          0|
    |tmp_134_16_reg_76826                   |   16|   0|   16|          0|
    |tmp_134_17_reg_76841                   |   16|   0|   16|          0|
    |tmp_134_18_reg_76856                   |   16|   0|   16|          0|
    |tmp_134_19_reg_76871                   |   16|   0|   16|          0|
    |tmp_134_1_reg_75511                    |   16|   0|   16|          0|
    |tmp_134_20_reg_76886                   |   16|   0|   16|          0|
    |tmp_134_21_reg_76901                   |   16|   0|   16|          0|
    |tmp_134_22_reg_76916                   |   16|   0|   16|          0|
    |tmp_134_23_reg_76931                   |   16|   0|   16|          0|
    |tmp_134_24_reg_76946                   |   16|   0|   16|          0|
    |tmp_134_25_reg_76961                   |   16|   0|   16|          0|
    |tmp_134_26_reg_76976                   |   16|   0|   16|          0|
    |tmp_134_27_reg_76991                   |   16|   0|   16|          0|
    |tmp_134_28_reg_77006                   |   16|   0|   16|          0|
    |tmp_134_29_reg_77021                   |   16|   0|   16|          0|
    |tmp_134_2_reg_75562                    |   16|   0|   16|          0|
    |tmp_134_30_reg_77036                   |   16|   0|   16|          0|
    |tmp_134_3_reg_75762                    |   16|   0|   16|          0|
    |tmp_134_4_reg_75858                    |   16|   0|   16|          0|
    |tmp_134_5_reg_76014                    |   16|   0|   16|          0|
    |tmp_134_6_reg_76101                    |   16|   0|   16|          0|
    |tmp_134_7_reg_76163                    |   16|   0|   16|          0|
    |tmp_134_8_reg_76219                    |   16|   0|   16|          0|
    |tmp_134_9_reg_76270                    |   16|   0|   16|          0|
    |tmp_134_reg_75460                      |   16|   0|   16|          0|
    |tmp_134_s_reg_76321                    |   16|   0|   16|          0|
    |tmp_1362_reg_67270                     |    1|   0|    1|          0|
    |tmp_136_1_reg_77308                    |    1|   0|    1|          0|
    |tmp_136_2_reg_77347                    |    1|   0|    1|          0|
    |tmp_136_3_reg_77369                    |    1|   0|    1|          0|
    |tmp_136_4_reg_77391                    |    1|   0|    1|          0|
    |tmp_136_5_reg_77413                    |    1|   0|    1|          0|
    |tmp_136_6_reg_77435                    |    1|   0|    1|          0|
    |tmp_136_7_reg_77457                    |    1|   0|    1|          0|
    |tmp_136_8_reg_77479                    |    1|   0|    1|          0|
    |tmp_136_9_reg_77675                    |    1|   0|    1|          0|
    |tmp_136_reg_77269                      |    1|   0|    1|          0|
    |tmp_1427_reg_77274                     |    1|   0|    1|          0|
    |tmp_1428_reg_77293                     |   16|   0|   16|          0|
    |tmp_1430_reg_77298                     |    5|   0|    5|          0|
    |tmp_1436_reg_77506                     |    1|   0|    1|          0|
    |tmp_1437_reg_77303                     |    8|   0|    8|          0|
    |tmp_1438_reg_77313                     |    1|   0|    1|          0|
    |tmp_1439_reg_77332                     |   16|   0|   16|          0|
    |tmp_1441_reg_77337                     |    5|   0|    5|          0|
    |tmp_1447_reg_77516                     |    1|   0|    1|          0|
    |tmp_1448_reg_77342                     |    8|   0|    8|          0|
    |tmp_1449_reg_77352                     |    1|   0|    1|          0|
    |tmp_144_1_reg_77325                    |   32|   0|   32|          0|
    |tmp_144_2_reg_77521                    |   32|   0|   32|          0|
    |tmp_144_3_reg_77543                    |   32|   0|   32|          0|
    |tmp_144_4_reg_77565                    |   32|   0|   32|          0|
    |tmp_144_5_reg_77587                    |   32|   0|   32|          0|
    |tmp_144_6_reg_77609                    |   32|   0|   32|          0|
    |tmp_144_7_reg_77631                    |   32|   0|   32|          0|
    |tmp_144_8_reg_77653                    |   32|   0|   32|          0|
    |tmp_144_9_reg_77767                    |   32|   0|   32|          0|
    |tmp_144_reg_77286                      |   32|   0|   32|          0|
    |tmp_1450_reg_77528                     |   16|   0|   16|          0|
    |tmp_1458_reg_77702                     |    1|   0|    1|          0|
    |tmp_1459_reg_77538                     |    8|   0|    8|          0|
    |tmp_1460_reg_77374                     |    1|   0|    1|          0|
    |tmp_1461_reg_77550                     |   16|   0|   16|          0|
    |tmp_1469_reg_77712                     |    1|   0|    1|          0|
    |tmp_1470_reg_77560                     |    8|   0|    8|          0|
    |tmp_1471_reg_77396                     |    1|   0|    1|          0|
    |tmp_1472_reg_77572                     |   16|   0|   16|          0|
    |tmp_1480_reg_77722                     |    1|   0|    1|          0|
    |tmp_1481_reg_77582                     |    8|   0|    8|          0|
    |tmp_1482_reg_77418                     |    1|   0|    1|          0|
    |tmp_1483_reg_77594                     |   16|   0|   16|          0|
    |tmp_1491_reg_77732                     |    1|   0|    1|          0|
    |tmp_1492_reg_77604                     |    8|   0|    8|          0|
    |tmp_1493_reg_77440                     |    1|   0|    1|          0|
    |tmp_1494_reg_77616                     |   16|   0|   16|          0|
    |tmp_149_2_reg_77533                    |    1|   0|    1|          0|
    |tmp_149_3_reg_77555                    |    1|   0|    1|          0|
    |tmp_149_4_reg_77577                    |    1|   0|    1|          0|
    |tmp_149_5_reg_77599                    |    1|   0|    1|          0|
    |tmp_149_6_reg_77621                    |    1|   0|    1|          0|
    |tmp_149_7_reg_77643                    |    1|   0|    1|          0|
    |tmp_149_8_reg_77665                    |    1|   0|    1|          0|
    |tmp_149_9_reg_77779                    |    1|   0|    1|          0|
    |tmp_1502_reg_77742                     |    1|   0|    1|          0|
    |tmp_1503_reg_77626                     |    8|   0|    8|          0|
    |tmp_1504_reg_77462                     |    1|   0|    1|          0|
    |tmp_1505_reg_77638                     |   16|   0|   16|          0|
    |tmp_1513_reg_77752                     |    1|   0|    1|          0|
    |tmp_1514_reg_77648                     |    8|   0|    8|          0|
    |tmp_1515_reg_77484                     |    1|   0|    1|          0|
    |tmp_1516_reg_77660                     |   16|   0|   16|          0|
    |tmp_1524_reg_77762                     |    1|   0|    1|          0|
    |tmp_1525_reg_77670                     |    8|   0|    8|          0|
    |tmp_1526_reg_77680                     |    1|   0|    1|          0|
    |tmp_1527_reg_77774                     |   16|   0|   16|          0|
    |tmp_1535_reg_77819                     |    1|   0|    1|          0|
    |tmp_1536_reg_77784                     |    8|   0|    8|          0|
    |tmp_355_reg_69598                      |    1|   0|    1|          0|
    |tmp_412_reg_69849                      |   23|   0|   23|          0|
    |tmp_45_reg_67230                       |    9|   0|   11|          2|
    |tmp_48_cast13972_cas_1_reg_69619       |    8|   0|   10|          2|
    |tmp_48_cast13972_cas_2_reg_69735       |    8|   0|   11|          3|
    |tmp_48_cast13972_cas_3_reg_70441       |    8|   0|   12|          4|
    |tmp_48_cast13972_cas_4_reg_71468       |    8|   0|   13|          5|
    |tmp_48_cast13972_cas_reg_69610         |    8|   0|    9|          1|
    |tmp_48_cast1_reg_73370                 |    8|   0|   14|          6|
    |tmp_48_cast_reg_73692                  |    8|   0|   15|          7|
    |tmp_54_reg_77892                       |    1|   0|    1|          0|
    |tmp_55_reg_77876                       |    1|   0|    1|          0|
    |tmp_56_reg_77896                       |   32|   0|   32|          0|
    |tmp_71_10_reg_67864                    |    1|   0|    1|          0|
    |tmp_71_11_reg_67952                    |    1|   0|    1|          0|
    |tmp_71_12_reg_67976                    |    1|   0|    1|          0|
    |tmp_71_13_reg_68064                    |    1|   0|    1|          0|
    |tmp_71_14_reg_68088                    |    1|   0|    1|          0|
    |tmp_71_15_reg_68272                    |    1|   0|    1|          0|
    |tmp_71_16_reg_68296                    |    1|   0|    1|          0|
    |tmp_71_17_reg_68480                    |    1|   0|    1|          0|
    |tmp_71_18_reg_68504                    |    1|   0|    1|          0|
    |tmp_71_19_reg_68688                    |    1|   0|    1|          0|
    |tmp_71_1_reg_67318                     |    1|   0|    1|          0|
    |tmp_71_20_reg_68712                    |    1|   0|    1|          0|
    |tmp_71_21_reg_68896                    |    1|   0|    1|          0|
    |tmp_71_22_reg_68920                    |    1|   0|    1|          0|
    |tmp_71_23_reg_69104                    |    1|   0|    1|          0|
    |tmp_71_24_reg_69128                    |    1|   0|    1|          0|
    |tmp_71_2_reg_67392                     |    1|   0|    1|          0|
    |tmp_71_3_reg_67416                     |    1|   0|    1|          0|
    |tmp_71_4_reg_67504                     |    1|   0|    1|          0|
    |tmp_71_5_reg_67528                     |    1|   0|    1|          0|
    |tmp_71_6_reg_67616                     |    1|   0|    1|          0|
    |tmp_71_7_reg_67640                     |    1|   0|    1|          0|
    |tmp_71_8_reg_67728                     |    1|   0|    1|          0|
    |tmp_71_9_reg_67752                     |    1|   0|    1|          0|
    |tmp_71_reg_67294                       |    1|   0|    1|          0|
    |tmp_71_s_reg_67840                     |    1|   0|    1|          0|
    |tmp_97_100_cast_reg_66041              |   12|   0|   16|          4|
    |tmp_97_101_cast_reg_66081              |   12|   0|   16|          4|
    |tmp_97_102_cast_reg_66121              |   12|   0|   16|          4|
    |tmp_97_103_cast_reg_66161              |   12|   0|   16|          4|
    |tmp_97_104_cast_reg_66201              |   12|   0|   16|          4|
    |tmp_97_105_cast_reg_66241              |   12|   0|   16|          4|
    |tmp_97_106_cast_reg_66281              |   12|   0|   16|          4|
    |tmp_97_107_cast_reg_66321              |   12|   0|   16|          4|
    |tmp_97_108_cast_reg_66361              |   12|   0|   16|          4|
    |tmp_97_109_cast_reg_66401              |   12|   0|   16|          4|
    |tmp_97_10_cast_reg_62441               |   12|   0|   16|          4|
    |tmp_97_110_cast_reg_66441              |   12|   0|   16|          4|
    |tmp_97_111_cast_reg_66481              |   12|   0|   16|          4|
    |tmp_97_112_cast_reg_66521              |   12|   0|   16|          4|
    |tmp_97_113_cast_reg_66561              |   12|   0|   16|          4|
    |tmp_97_114_cast_reg_66601              |   12|   0|   16|          4|
    |tmp_97_115_cast_reg_66641              |   12|   0|   16|          4|
    |tmp_97_116_cast_reg_66681              |   12|   0|   16|          4|
    |tmp_97_117_cast_reg_66721              |   12|   0|   16|          4|
    |tmp_97_118_cast_reg_66761              |   12|   0|   16|          4|
    |tmp_97_119_cast_reg_66801              |   12|   0|   16|          4|
    |tmp_97_11_cast_reg_62481               |   12|   0|   16|          4|
    |tmp_97_120_cast_reg_66841              |   12|   0|   16|          4|
    |tmp_97_121_cast_reg_66881              |   12|   0|   16|          4|
    |tmp_97_122_cast_reg_66921              |   12|   0|   16|          4|
    |tmp_97_123_cast_reg_66961              |   12|   0|   16|          4|
    |tmp_97_124_cast_reg_67001              |   12|   0|   16|          4|
    |tmp_97_125_cast_reg_67041              |   12|   0|   16|          4|
    |tmp_97_126_cast_reg_67081              |   12|   0|   16|          4|
    |tmp_97_12_cast_reg_62521               |   12|   0|   16|          4|
    |tmp_97_13_cast_reg_62561               |   12|   0|   16|          4|
    |tmp_97_14_cast_reg_62601               |   12|   0|   16|          4|
    |tmp_97_15_cast_reg_62641               |   12|   0|   16|          4|
    |tmp_97_16_cast_reg_62681               |   12|   0|   16|          4|
    |tmp_97_17_cast_reg_62721               |   12|   0|   16|          4|
    |tmp_97_18_cast_reg_62761               |   12|   0|   16|          4|
    |tmp_97_19_cast_reg_62801               |   12|   0|   16|          4|
    |tmp_97_1_cast_reg_62041                |   12|   0|   16|          4|
    |tmp_97_20_cast_reg_62841               |   12|   0|   16|          4|
    |tmp_97_21_cast_reg_62881               |   12|   0|   16|          4|
    |tmp_97_22_cast_reg_62921               |   12|   0|   16|          4|
    |tmp_97_23_cast_reg_62961               |   12|   0|   16|          4|
    |tmp_97_24_cast_reg_63001               |   12|   0|   16|          4|
    |tmp_97_25_cast_reg_63041               |   12|   0|   16|          4|
    |tmp_97_26_cast_reg_63081               |   12|   0|   16|          4|
    |tmp_97_27_cast_reg_63121               |   12|   0|   16|          4|
    |tmp_97_28_cast_reg_63161               |   12|   0|   16|          4|
    |tmp_97_29_cast_reg_63201               |   12|   0|   16|          4|
    |tmp_97_2_cast_reg_62081                |   12|   0|   16|          4|
    |tmp_97_30_cast_reg_63241               |   12|   0|   16|          4|
    |tmp_97_31_cast_reg_63281               |   12|   0|   16|          4|
    |tmp_97_32_cast_reg_63321               |   12|   0|   16|          4|
    |tmp_97_33_cast_reg_63361               |   12|   0|   16|          4|
    |tmp_97_34_cast_reg_63401               |   12|   0|   16|          4|
    |tmp_97_35_cast_reg_63441               |   12|   0|   16|          4|
    |tmp_97_36_cast_reg_63481               |   12|   0|   16|          4|
    |tmp_97_37_cast_reg_63521               |   12|   0|   16|          4|
    |tmp_97_38_cast_reg_63561               |   12|   0|   16|          4|
    |tmp_97_39_cast_reg_63601               |   12|   0|   16|          4|
    |tmp_97_3_cast_reg_62121                |   12|   0|   16|          4|
    |tmp_97_40_cast_reg_63641               |   12|   0|   16|          4|
    |tmp_97_41_cast_reg_63681               |   12|   0|   16|          4|
    |tmp_97_42_cast_reg_63721               |   12|   0|   16|          4|
    |tmp_97_43_cast_reg_63761               |   12|   0|   16|          4|
    |tmp_97_44_cast_reg_63801               |   12|   0|   16|          4|
    |tmp_97_45_cast_reg_63841               |   12|   0|   16|          4|
    |tmp_97_46_cast_reg_63881               |   12|   0|   16|          4|
    |tmp_97_47_cast_reg_63921               |   12|   0|   16|          4|
    |tmp_97_48_cast_reg_63961               |   12|   0|   16|          4|
    |tmp_97_49_cast_reg_64001               |   12|   0|   16|          4|
    |tmp_97_4_cast_reg_62161                |   12|   0|   16|          4|
    |tmp_97_50_cast_reg_64041               |   12|   0|   16|          4|
    |tmp_97_51_cast_reg_64081               |   12|   0|   16|          4|
    |tmp_97_52_cast_reg_64121               |   12|   0|   16|          4|
    |tmp_97_53_cast_reg_64161               |   12|   0|   16|          4|
    |tmp_97_54_cast_reg_64201               |   12|   0|   16|          4|
    |tmp_97_55_cast_reg_64241               |   12|   0|   16|          4|
    |tmp_97_56_cast_reg_64281               |   12|   0|   16|          4|
    |tmp_97_57_cast_reg_64321               |   12|   0|   16|          4|
    |tmp_97_58_cast_reg_64361               |   12|   0|   16|          4|
    |tmp_97_59_cast_reg_64401               |   12|   0|   16|          4|
    |tmp_97_5_cast_reg_62201                |   12|   0|   16|          4|
    |tmp_97_60_cast_reg_64441               |   12|   0|   16|          4|
    |tmp_97_61_cast_reg_64481               |   12|   0|   16|          4|
    |tmp_97_62_cast_reg_64521               |   12|   0|   16|          4|
    |tmp_97_63_cast_reg_64561               |   12|   0|   16|          4|
    |tmp_97_64_cast_reg_64601               |   12|   0|   16|          4|
    |tmp_97_65_cast_reg_64641               |   12|   0|   16|          4|
    |tmp_97_66_cast_reg_64681               |   12|   0|   16|          4|
    |tmp_97_67_cast_reg_64721               |   12|   0|   16|          4|
    |tmp_97_68_cast_reg_64761               |   12|   0|   16|          4|
    |tmp_97_69_cast_reg_64801               |   12|   0|   16|          4|
    |tmp_97_6_cast_reg_62241                |   12|   0|   16|          4|
    |tmp_97_70_cast_reg_64841               |   12|   0|   16|          4|
    |tmp_97_71_cast_reg_64881               |   12|   0|   16|          4|
    |tmp_97_72_cast_reg_64921               |   12|   0|   16|          4|
    |tmp_97_73_cast_reg_64961               |   12|   0|   16|          4|
    |tmp_97_74_cast_reg_65001               |   12|   0|   16|          4|
    |tmp_97_75_cast_reg_65041               |   12|   0|   16|          4|
    |tmp_97_76_cast_reg_65081               |   12|   0|   16|          4|
    |tmp_97_77_cast_reg_65121               |   12|   0|   16|          4|
    |tmp_97_78_cast_reg_65161               |   12|   0|   16|          4|
    |tmp_97_79_cast_reg_65201               |   12|   0|   16|          4|
    |tmp_97_7_cast_reg_62281                |   12|   0|   16|          4|
    |tmp_97_80_cast_reg_65241               |   12|   0|   16|          4|
    |tmp_97_81_cast_reg_65281               |   12|   0|   16|          4|
    |tmp_97_82_cast_reg_65321               |   12|   0|   16|          4|
    |tmp_97_83_cast_reg_65361               |   12|   0|   16|          4|
    |tmp_97_84_cast_reg_65401               |   12|   0|   16|          4|
    |tmp_97_85_cast_reg_65441               |   12|   0|   16|          4|
    |tmp_97_86_cast_reg_65481               |   12|   0|   16|          4|
    |tmp_97_87_cast_reg_65521               |   12|   0|   16|          4|
    |tmp_97_88_cast_reg_65561               |   12|   0|   16|          4|
    |tmp_97_89_cast_reg_65601               |   12|   0|   16|          4|
    |tmp_97_8_cast_reg_62321                |   12|   0|   16|          4|
    |tmp_97_90_cast_reg_65641               |   12|   0|   16|          4|
    |tmp_97_91_cast_reg_65681               |   12|   0|   16|          4|
    |tmp_97_92_cast_reg_65721               |   12|   0|   16|          4|
    |tmp_97_93_cast_reg_65761               |   12|   0|   16|          4|
    |tmp_97_94_cast_reg_65801               |   12|   0|   16|          4|
    |tmp_97_95_cast_reg_65841               |   12|   0|   16|          4|
    |tmp_97_96_cast_reg_65881               |   12|   0|   16|          4|
    |tmp_97_97_cast_reg_65921               |   12|   0|   16|          4|
    |tmp_97_98_cast_reg_65961               |   12|   0|   16|          4|
    |tmp_97_99_cast_reg_66001               |   12|   0|   16|          4|
    |tmp_97_9_cast_reg_62361                |   12|   0|   16|          4|
    |tmp_97_cast_106_reg_62401              |   12|   0|   16|          4|
    |tmp_97_cast_reg_62001                  |   12|   0|   16|          4|
    |tmp_992_reg_76060                      |    8|   0|    8|          0|
    |tmp_996_reg_76065                      |    8|   0|    8|          0|
    |tmp_99_100_cast_reg_66051              |   12|   0|   16|          4|
    |tmp_99_101_cast_reg_66091              |   12|   0|   16|          4|
    |tmp_99_102_cast_reg_66131              |   12|   0|   16|          4|
    |tmp_99_103_cast_reg_66171              |   12|   0|   16|          4|
    |tmp_99_104_cast_reg_66211              |   12|   0|   16|          4|
    |tmp_99_105_cast_reg_66251              |   12|   0|   16|          4|
    |tmp_99_106_cast_reg_66291              |   12|   0|   16|          4|
    |tmp_99_107_cast_reg_66331              |   12|   0|   16|          4|
    |tmp_99_108_cast_reg_66371              |   12|   0|   16|          4|
    |tmp_99_109_cast_reg_66411              |   12|   0|   16|          4|
    |tmp_99_10_cast_reg_62451               |   12|   0|   16|          4|
    |tmp_99_110_cast_reg_66451              |   12|   0|   16|          4|
    |tmp_99_111_cast_reg_66491              |   12|   0|   16|          4|
    |tmp_99_112_cast_reg_66531              |   12|   0|   16|          4|
    |tmp_99_113_cast_reg_66571              |   12|   0|   16|          4|
    |tmp_99_114_cast_reg_66611              |   12|   0|   16|          4|
    |tmp_99_115_cast_reg_66651              |   12|   0|   16|          4|
    |tmp_99_116_cast_reg_66691              |   12|   0|   16|          4|
    |tmp_99_117_cast_reg_66731              |   12|   0|   16|          4|
    |tmp_99_118_cast_reg_66771              |   12|   0|   16|          4|
    |tmp_99_119_cast_reg_66811              |   12|   0|   16|          4|
    |tmp_99_11_cast_reg_62491               |   12|   0|   16|          4|
    |tmp_99_120_cast_reg_66851              |   12|   0|   16|          4|
    |tmp_99_121_cast_reg_66891              |   12|   0|   16|          4|
    |tmp_99_122_cast_reg_66931              |   12|   0|   16|          4|
    |tmp_99_123_cast_reg_66971              |   12|   0|   16|          4|
    |tmp_99_124_cast_reg_67011              |   12|   0|   16|          4|
    |tmp_99_125_cast_reg_67051              |   12|   0|   16|          4|
    |tmp_99_126_cast_reg_67091              |   12|   0|   16|          4|
    |tmp_99_12_cast_reg_62531               |   12|   0|   16|          4|
    |tmp_99_13_cast_reg_62571               |   12|   0|   16|          4|
    |tmp_99_14_cast_reg_62611               |   12|   0|   16|          4|
    |tmp_99_15_cast_reg_62651               |   12|   0|   16|          4|
    |tmp_99_16_cast_reg_62691               |   12|   0|   16|          4|
    |tmp_99_17_cast_reg_62731               |   12|   0|   16|          4|
    |tmp_99_18_cast_reg_62771               |   12|   0|   16|          4|
    |tmp_99_19_cast_reg_62811               |   12|   0|   16|          4|
    |tmp_99_1_cast_reg_62051                |   12|   0|   16|          4|
    |tmp_99_20_cast_reg_62851               |   12|   0|   16|          4|
    |tmp_99_21_cast_reg_62891               |   12|   0|   16|          4|
    |tmp_99_22_cast_reg_62931               |   12|   0|   16|          4|
    |tmp_99_23_cast_reg_62971               |   12|   0|   16|          4|
    |tmp_99_24_cast_reg_63011               |   12|   0|   16|          4|
    |tmp_99_25_cast_reg_63051               |   12|   0|   16|          4|
    |tmp_99_26_cast_reg_63091               |   12|   0|   16|          4|
    |tmp_99_27_cast_reg_63131               |   12|   0|   16|          4|
    |tmp_99_28_cast_reg_63171               |   12|   0|   16|          4|
    |tmp_99_29_cast_reg_63211               |   12|   0|   16|          4|
    |tmp_99_2_cast_reg_62091                |   12|   0|   16|          4|
    |tmp_99_30_cast_reg_63251               |   12|   0|   16|          4|
    |tmp_99_31_cast_reg_63291               |   12|   0|   16|          4|
    |tmp_99_32_cast_reg_63331               |   12|   0|   16|          4|
    |tmp_99_33_cast_reg_63371               |   12|   0|   16|          4|
    |tmp_99_34_cast_reg_63411               |   12|   0|   16|          4|
    |tmp_99_35_cast_reg_63451               |   12|   0|   16|          4|
    |tmp_99_36_cast_reg_63491               |   12|   0|   16|          4|
    |tmp_99_37_cast_reg_63531               |   12|   0|   16|          4|
    |tmp_99_38_cast_reg_63571               |   12|   0|   16|          4|
    |tmp_99_39_cast_reg_63611               |   12|   0|   16|          4|
    |tmp_99_3_cast_reg_62131                |   12|   0|   16|          4|
    |tmp_99_40_cast_reg_63651               |   12|   0|   16|          4|
    |tmp_99_41_cast_reg_63691               |   12|   0|   16|          4|
    |tmp_99_42_cast_reg_63731               |   12|   0|   16|          4|
    |tmp_99_43_cast_reg_63771               |   12|   0|   16|          4|
    |tmp_99_44_cast_reg_63811               |   12|   0|   16|          4|
    |tmp_99_45_cast_reg_63851               |   12|   0|   16|          4|
    |tmp_99_46_cast_reg_63891               |   12|   0|   16|          4|
    |tmp_99_47_cast_reg_63931               |   12|   0|   16|          4|
    |tmp_99_48_cast_reg_63971               |   12|   0|   16|          4|
    |tmp_99_49_cast_reg_64011               |   12|   0|   16|          4|
    |tmp_99_4_cast_reg_62171                |   12|   0|   16|          4|
    |tmp_99_50_cast_reg_64051               |   12|   0|   16|          4|
    |tmp_99_51_cast_reg_64091               |   12|   0|   16|          4|
    |tmp_99_52_cast_reg_64131               |   12|   0|   16|          4|
    |tmp_99_53_cast_reg_64171               |   12|   0|   16|          4|
    |tmp_99_54_cast_reg_64211               |   12|   0|   16|          4|
    |tmp_99_55_cast_reg_64251               |   12|   0|   16|          4|
    |tmp_99_56_cast_reg_64291               |   12|   0|   16|          4|
    |tmp_99_57_cast_reg_64331               |   12|   0|   16|          4|
    |tmp_99_58_cast_reg_64371               |   12|   0|   16|          4|
    |tmp_99_59_cast_reg_64411               |   12|   0|   16|          4|
    |tmp_99_5_cast_reg_62211                |   12|   0|   16|          4|
    |tmp_99_60_cast_reg_64451               |   12|   0|   16|          4|
    |tmp_99_61_cast_reg_64491               |   12|   0|   16|          4|
    |tmp_99_62_cast_reg_64531               |   12|   0|   16|          4|
    |tmp_99_63_cast_reg_64571               |   12|   0|   16|          4|
    |tmp_99_64_cast_reg_64611               |   12|   0|   16|          4|
    |tmp_99_65_cast_reg_64651               |   12|   0|   16|          4|
    |tmp_99_66_cast_reg_64691               |   12|   0|   16|          4|
    |tmp_99_67_cast_reg_64731               |   12|   0|   16|          4|
    |tmp_99_68_cast_reg_64771               |   12|   0|   16|          4|
    |tmp_99_69_cast_reg_64811               |   12|   0|   16|          4|
    |tmp_99_6_cast_reg_62251                |   12|   0|   16|          4|
    |tmp_99_70_cast_reg_64851               |   12|   0|   16|          4|
    |tmp_99_71_cast_reg_64891               |   12|   0|   16|          4|
    |tmp_99_72_cast_reg_64931               |   12|   0|   16|          4|
    |tmp_99_73_cast_reg_64971               |   12|   0|   16|          4|
    |tmp_99_74_cast_reg_65011               |   12|   0|   16|          4|
    |tmp_99_75_cast_reg_65051               |   12|   0|   16|          4|
    |tmp_99_76_cast_reg_65091               |   12|   0|   16|          4|
    |tmp_99_77_cast_reg_65131               |   12|   0|   16|          4|
    |tmp_99_78_cast_reg_65171               |   12|   0|   16|          4|
    |tmp_99_79_cast_reg_65211               |   12|   0|   16|          4|
    |tmp_99_7_cast_reg_62291                |   12|   0|   16|          4|
    |tmp_99_80_cast_reg_65251               |   12|   0|   16|          4|
    |tmp_99_81_cast_reg_65291               |   12|   0|   16|          4|
    |tmp_99_82_cast_reg_65331               |   12|   0|   16|          4|
    |tmp_99_83_cast_reg_65371               |   12|   0|   16|          4|
    |tmp_99_84_cast_reg_65411               |   12|   0|   16|          4|
    |tmp_99_85_cast_reg_65451               |   12|   0|   16|          4|
    |tmp_99_86_cast_reg_65491               |   12|   0|   16|          4|
    |tmp_99_87_cast_reg_65531               |   12|   0|   16|          4|
    |tmp_99_88_cast_reg_65571               |   12|   0|   16|          4|
    |tmp_99_89_cast_reg_65611               |   12|   0|   16|          4|
    |tmp_99_8_cast_reg_62331                |   12|   0|   16|          4|
    |tmp_99_90_cast_reg_65651               |   12|   0|   16|          4|
    |tmp_99_91_cast_reg_65691               |   12|   0|   16|          4|
    |tmp_99_92_cast_reg_65731               |   12|   0|   16|          4|
    |tmp_99_93_cast_reg_65771               |   12|   0|   16|          4|
    |tmp_99_94_cast_reg_65811               |   12|   0|   16|          4|
    |tmp_99_95_cast_reg_65851               |   12|   0|   16|          4|
    |tmp_99_96_cast_reg_65891               |   12|   0|   16|          4|
    |tmp_99_97_cast_reg_65931               |   12|   0|   16|          4|
    |tmp_99_98_cast_reg_65971               |   12|   0|   16|          4|
    |tmp_99_99_cast_reg_66011               |   12|   0|   16|          4|
    |tmp_99_9_cast_reg_62371                |   12|   0|   16|          4|
    |tmp_99_cast_107_reg_62411              |   12|   0|   16|          4|
    |tmp_99_cast_reg_62011                  |   12|   0|   16|          4|
    |tmp_s_reg_67221                        |    1|   0|    1|          0|
    |vec_i_0_V_reg_67440                    |   16|   0|   16|          0|
    |vec_i_100_V_reg_68992                  |   16|   0|   16|          0|
    |vec_i_101_V_reg_68998                  |   16|   0|   16|          0|
    |vec_i_102_V_reg_69004                  |   16|   0|   16|          0|
    |vec_i_103_V_reg_69010                  |   16|   0|   16|          0|
    |vec_i_104_V_reg_69016                  |   16|   0|   16|          0|
    |vec_i_105_V_reg_69022                  |   16|   0|   16|          0|
    |vec_i_106_V_reg_69028                  |   16|   0|   16|          0|
    |vec_i_107_V_reg_69034                  |   16|   0|   16|          0|
    |vec_i_108_V_reg_69188                  |   16|   0|   16|          0|
    |vec_i_109_V_reg_69194                  |   16|   0|   16|          0|
    |vec_i_10_V_reg_68000                   |   16|   0|   16|          0|
    |vec_i_110_V_reg_69200                  |   16|   0|   16|          0|
    |vec_i_111_V_reg_69206                  |   16|   0|   16|          0|
    |vec_i_112_V_reg_69212                  |   16|   0|   16|          0|
    |vec_i_113_V_reg_69218                  |   16|   0|   16|          0|
    |vec_i_114_V_reg_69224                  |   16|   0|   16|          0|
    |vec_i_115_V_reg_69230                  |   16|   0|   16|          0|
    |vec_i_116_V_reg_69236                  |   16|   0|   16|          0|
    |vec_i_117_V_reg_69242                  |   16|   0|   16|          0|
    |vec_i_118_V_reg_69248                  |   16|   0|   16|          0|
    |vec_i_119_V_reg_69254                  |   16|   0|   16|          0|
    |vec_i_11_V_reg_68007                   |   16|   0|   16|          0|
    |vec_i_120_V_reg_69260                  |   16|   0|   16|          0|
    |vec_i_121_V_reg_69266                  |   16|   0|   16|          0|
    |vec_i_122_V_reg_69272                  |   16|   0|   16|          0|
    |vec_i_123_V_reg_69278                  |   16|   0|   16|          0|
    |vec_i_124_V_reg_69378                  |   16|   0|   16|          0|
    |vec_i_125_V_reg_69384                  |   16|   0|   16|          0|
    |vec_i_126_V_reg_69390                  |   16|   0|   16|          0|
    |vec_i_127_V_reg_69396                  |   16|   0|   16|          0|
    |vec_i_128_V_reg_69402                  |   16|   0|   16|          0|
    |vec_i_129_V_reg_69408                  |   16|   0|   16|          0|
    |vec_i_12_V_reg_68208                   |   16|   0|   16|          0|
    |vec_i_130_V_reg_69414                  |   16|   0|   16|          0|
    |vec_i_131_V_reg_69420                  |   16|   0|   16|          0|
    |vec_i_132_V_reg_69426                  |   16|   0|   16|          0|
    |vec_i_133_V_reg_69432                  |   16|   0|   16|          0|
    |vec_i_134_V_reg_69438                  |   16|   0|   16|          0|
    |vec_i_135_V_reg_69444                  |   16|   0|   16|          0|
    |vec_i_136_V_reg_69450                  |   16|   0|   16|          0|
    |vec_i_137_V_reg_69456                  |   16|   0|   16|          0|
    |vec_i_138_V_reg_69462                  |   16|   0|   16|          0|
    |vec_i_139_V_reg_69468                  |   16|   0|   16|          0|
    |vec_i_13_V_reg_68215                   |   16|   0|   16|          0|
    |vec_i_140_V_reg_69502                  |   16|   0|   16|          0|
    |vec_i_141_V_reg_69508                  |   16|   0|   16|          0|
    |vec_i_142_V_reg_69514                  |   16|   0|   16|          0|
    |vec_i_143_V_reg_69520                  |   16|   0|   16|          0|
    |vec_i_144_V_reg_69526                  |   16|   0|   16|          0|
    |vec_i_145_V_reg_69532                  |   16|   0|   16|          0|
    |vec_i_146_V_reg_69538                  |   16|   0|   16|          0|
    |vec_i_147_V_reg_69544                  |   16|   0|   16|          0|
    |vec_i_148_V_reg_69550                  |   16|   0|   16|          0|
    |vec_i_149_V_reg_69556                  |   16|   0|   16|          0|
    |vec_i_14_V_reg_68416                   |   16|   0|   16|          0|
    |vec_i_150_V_reg_69562                  |   16|   0|   16|          0|
    |vec_i_151_V_reg_69568                  |   16|   0|   16|          0|
    |vec_i_152_V_reg_69574                  |   16|   0|   16|          0|
    |vec_i_153_V_reg_69580                  |   16|   0|   16|          0|
    |vec_i_154_V_reg_69586                  |   16|   0|   16|          0|
    |vec_i_155_V_reg_69592                  |   16|   0|   16|          0|
    |vec_i_15_V_reg_68423                   |   16|   0|   16|          0|
    |vec_i_16_V_reg_68624                   |   16|   0|   16|          0|
    |vec_i_17_V_reg_68631                   |   16|   0|   16|          0|
    |vec_i_18_V_reg_68832                   |   16|   0|   16|          0|
    |vec_i_19_V_reg_68839                   |   16|   0|   16|          0|
    |vec_i_1_V_reg_67447                    |   16|   0|   16|          0|
    |vec_i_20_V_reg_69040                   |   16|   0|   16|          0|
    |vec_i_21_V_reg_69047                   |   16|   0|   16|          0|
    |vec_i_22_V_reg_69284                   |   16|   0|   16|          0|
    |vec_i_23_V_reg_69291                   |   16|   0|   16|          0|
    |vec_i_24_V_reg_69474                   |   16|   0|   16|          0|
    |vec_i_25_V_reg_69481                   |   16|   0|   16|          0|
    |vec_i_26_V_reg_69488                   |   16|   0|   16|          0|
    |vec_i_27_V_reg_69495                   |   16|   0|   16|          0|
    |vec_i_28_V_reg_68112                   |   16|   0|   16|          0|
    |vec_i_29_V_reg_68118                   |   16|   0|   16|          0|
    |vec_i_2_V_reg_67552                    |   16|   0|   16|          0|
    |vec_i_30_V_reg_68124                   |   16|   0|   16|          0|
    |vec_i_31_V_reg_68130                   |   16|   0|   16|          0|
    |vec_i_32_V_reg_68136                   |   16|   0|   16|          0|
    |vec_i_33_V_reg_68142                   |   16|   0|   16|          0|
    |vec_i_34_V_reg_68148                   |   16|   0|   16|          0|
    |vec_i_35_V_reg_68154                   |   16|   0|   16|          0|
    |vec_i_36_V_reg_68160                   |   16|   0|   16|          0|
    |vec_i_37_V_reg_68166                   |   16|   0|   16|          0|
    |vec_i_38_V_reg_68172                   |   16|   0|   16|          0|
    |vec_i_39_V_reg_68178                   |   16|   0|   16|          0|
    |vec_i_3_V_reg_67559                    |   16|   0|   16|          0|
    |vec_i_40_V_reg_68184                   |   16|   0|   16|          0|
    |vec_i_41_V_reg_68190                   |   16|   0|   16|          0|
    |vec_i_42_V_reg_68196                   |   16|   0|   16|          0|
    |vec_i_43_V_reg_68202                   |   16|   0|   16|          0|
    |vec_i_44_V_reg_68320                   |   16|   0|   16|          0|
    |vec_i_45_V_reg_68326                   |   16|   0|   16|          0|
    |vec_i_46_V_reg_68332                   |   16|   0|   16|          0|
    |vec_i_47_V_reg_68338                   |   16|   0|   16|          0|
    |vec_i_48_V_reg_68344                   |   16|   0|   16|          0|
    |vec_i_49_V_reg_68350                   |   16|   0|   16|          0|
    |vec_i_4_V_reg_67664                    |   16|   0|   16|          0|
    |vec_i_50_V_reg_68356                   |   16|   0|   16|          0|
    |vec_i_51_V_reg_68362                   |   16|   0|   16|          0|
    |vec_i_52_V_reg_68368                   |   16|   0|   16|          0|
    |vec_i_53_V_reg_68374                   |   16|   0|   16|          0|
    |vec_i_54_V_reg_68380                   |   16|   0|   16|          0|
    |vec_i_55_V_reg_68386                   |   16|   0|   16|          0|
    |vec_i_56_V_reg_68392                   |   16|   0|   16|          0|
    |vec_i_57_V_reg_68398                   |   16|   0|   16|          0|
    |vec_i_58_V_reg_68404                   |   16|   0|   16|          0|
    |vec_i_59_V_reg_68410                   |   16|   0|   16|          0|
    |vec_i_5_V_reg_67671                    |   16|   0|   16|          0|
    |vec_i_60_V_reg_68528                   |   16|   0|   16|          0|
    |vec_i_61_V_reg_68534                   |   16|   0|   16|          0|
    |vec_i_62_V_reg_68540                   |   16|   0|   16|          0|
    |vec_i_63_V_reg_68546                   |   16|   0|   16|          0|
    |vec_i_64_V_reg_68552                   |   16|   0|   16|          0|
    |vec_i_65_V_reg_68558                   |   16|   0|   16|          0|
    |vec_i_66_V_reg_68564                   |   16|   0|   16|          0|
    |vec_i_67_V_reg_68570                   |   16|   0|   16|          0|
    |vec_i_68_V_reg_68576                   |   16|   0|   16|          0|
    |vec_i_69_V_reg_68582                   |   16|   0|   16|          0|
    |vec_i_6_V_reg_67776                    |   16|   0|   16|          0|
    |vec_i_70_V_reg_68588                   |   16|   0|   16|          0|
    |vec_i_71_V_reg_68594                   |   16|   0|   16|          0|
    |vec_i_72_V_reg_68600                   |   16|   0|   16|          0|
    |vec_i_73_V_reg_68606                   |   16|   0|   16|          0|
    |vec_i_74_V_reg_68612                   |   16|   0|   16|          0|
    |vec_i_75_V_reg_68618                   |   16|   0|   16|          0|
    |vec_i_76_V_reg_68736                   |   16|   0|   16|          0|
    |vec_i_77_V_reg_68742                   |   16|   0|   16|          0|
    |vec_i_78_V_reg_68748                   |   16|   0|   16|          0|
    |vec_i_79_V_reg_68754                   |   16|   0|   16|          0|
    |vec_i_7_V_reg_67783                    |   16|   0|   16|          0|
    |vec_i_80_V_reg_68760                   |   16|   0|   16|          0|
    |vec_i_81_V_reg_68766                   |   16|   0|   16|          0|
    |vec_i_82_V_reg_68772                   |   16|   0|   16|          0|
    |vec_i_83_V_reg_68778                   |   16|   0|   16|          0|
    |vec_i_84_V_reg_68784                   |   16|   0|   16|          0|
    |vec_i_85_V_reg_68790                   |   16|   0|   16|          0|
    |vec_i_86_V_reg_68796                   |   16|   0|   16|          0|
    |vec_i_87_V_reg_68802                   |   16|   0|   16|          0|
    |vec_i_88_V_reg_68808                   |   16|   0|   16|          0|
    |vec_i_89_V_reg_68814                   |   16|   0|   16|          0|
    |vec_i_8_V_reg_67888                    |   16|   0|   16|          0|
    |vec_i_90_V_reg_68820                   |   16|   0|   16|          0|
    |vec_i_91_V_reg_68826                   |   16|   0|   16|          0|
    |vec_i_92_V_reg_68944                   |   16|   0|   16|          0|
    |vec_i_93_V_reg_68950                   |   16|   0|   16|          0|
    |vec_i_94_V_reg_68956                   |   16|   0|   16|          0|
    |vec_i_95_V_reg_68962                   |   16|   0|   16|          0|
    |vec_i_96_V_reg_68968                   |   16|   0|   16|          0|
    |vec_i_97_V_reg_68974                   |   16|   0|   16|          0|
    |vec_i_98_V_reg_68980                   |   16|   0|   16|          0|
    |vec_i_99_V_reg_68986                   |   16|   0|   16|          0|
    |vec_i_9_V_reg_67895                    |   16|   0|   16|          0|
    |xj_V_reg_69730                         |   16|   0|   16|          0|
    +---------------------------------------+-----+----+-----+-----------+
    |Total                                  |31378|   0|33869|       2491|
    +---------------------------------------+-----+----+-----+-----------+



================================================================
== Interface
================================================================
* Summary: 
+------------------+-----+-----+------------+--------------+--------------+
|     RTL Ports    | Dir | Bits|  Protocol  | Source Object|    C Type    |
+------------------+-----+-----+------------+--------------+--------------+
|ap_clk            |  in |    1| ap_ctrl_hs |     infer    | return value |
|ap_rst            |  in |    1| ap_ctrl_hs |     infer    | return value |
|ap_start          |  in |    1| ap_ctrl_hs |     infer    | return value |
|ap_done           | out |    1| ap_ctrl_hs |     infer    | return value |
|ap_idle           | out |    1| ap_ctrl_hs |     infer    | return value |
|ap_ready          | out |    1| ap_ctrl_hs |     infer    | return value |
|input_r_address0  | out |   10|  ap_memory |    input_r   |     array    |
|input_r_ce0       | out |    1|  ap_memory |    input_r   |     array    |
|input_r_q0        |  in |   32|  ap_memory |    input_r   |     array    |
|input_r_address1  | out |   10|  ap_memory |    input_r   |     array    |
|input_r_ce1       | out |    1|  ap_memory |    input_r   |     array    |
|input_r_q1        |  in |   32|  ap_memory |    input_r   |     array    |
|res_address0      | out |    4|  ap_memory |      res     |     array    |
|res_ce0           | out |    1|  ap_memory |      res     |     array    |
|res_we0           | out |    1|  ap_memory |      res     |     array    |
|res_d0            | out |   32|  ap_memory |      res     |     array    |
|res_q0            |  in |   32|  ap_memory |      res     |     array    |
|res_address1      | out |    4|  ap_memory |      res     |     array    |
|res_ce1           | out |    1|  ap_memory |      res     |     array    |
|res_we1           | out |    1|  ap_memory |      res     |     array    |
|res_d1            | out |   32|  ap_memory |      res     |     array    |
|res_q1            |  in |   32|  ap_memory |      res     |     array    |
+------------------+-----+-----+------------+--------------+--------------+

