

================================================================
== Vivado HLS Report for 'should_skip'
================================================================
* Date:           Wed Apr 16 02:46:22 2025

* Version:        2018.3 (Build 2405991 on Thu Dec 06 23:56:15 MST 2018)
* Project:        lstm_hls_opt
* Solution:       solution1
* Product family: zynq
* Target device:  xc7z020clg400-2


================================================================
== Performance Estimates
================================================================
+ Timing (ns): 
    * Summary: 
    +--------+-------+----------+------------+
    |  Clock | Target| Estimated| Uncertainty|
    +--------+-------+----------+------------+
    |ap_clk  |  10.00|     8.674|        1.25|
    +--------+-------+----------+------------+

+ Latency (clock cycles): 
    * Summary: 
    +-----+-----+-----+-----+---------+
    |  Latency  |  Interval | Pipeline|
    | min | max | min | max |   Type  |
    +-----+-----+-----+-----+---------+
    |   33|   33|   33|   33|   none  |
    +-----+-----+-----+-----+---------+

    + Detail: 
        * Instance: 
        N/A

        * Loop: 
        +----------+-----+-----+----------+-----------+-----------+------+----------+
        |          |  Latency  | Iteration|  Initiation Interval  | Trip |          |
        | Loop Name| min | max |  Latency |  achieved |   target  | Count| Pipelined|
        +----------+-----+-----+----------+-----------+-----------+------+----------+
        |- Loop 1  |   28|   28|         2|          1|          1|    28|    yes   |
        +----------+-----+-----+----------+-----------+-----------+------+----------+

============================================================
+ Verbose Summary: Synthesis Manager
============================================================
InlineROM: 1
ExposeGlobal: 0
============================================================
+ Verbose Summary: CDFG Model
============================================================
IsTopModel: 0
ResetActiveHigh: 1
IsCombinational: 0
IsDatapathOnly: 0
HasWiredReturn: 1
HasMFsm: 0
HasVarLatency: 1
IsPipeline: 0
IsRtlPipelined: 0
IsInstanceOverlapped: 0
IsDontTouch: 0
HasImplIP: 0
IsGatedGlobalClock: 0

+ Individual pipeline summary: 
  * Pipeline-0: initiation interval (II) = 1, depth = 2


============================================================
+ Verbose Summary: Schedule
============================================================
* Number of FSM states : 7
* Pipeline : 1
  Pipeline-0 : II = 1, D = 2, States = { 2 3 }
* Dataflow Pipeline: 0

* FSM state transitions: 
1 --> 
	2  / true
2 --> 
	4  / (exitcond)
	3  / (!exitcond)
3 --> 
	2  / true
4 --> 
	5  / true
5 --> 
	6  / true
6 --> 
	7  / true
7 --> 

* FSM state operations: 

State 1 <SV = 0> <Delay = 0.46>
ST_1 : Operation 8 [1/1] (0.00ns)   --->   "%x_t_27_V_read_1 = call i16 @_ssdm_op_Read.ap_auto.i16(i16 %x_t_27_V_read)" [lstm_hls_opt/src/rnn.cpp:31]   --->   Operation 8 'read' 'x_t_27_V_read_1' <Predicate = true> <Delay = 0.00>
ST_1 : Operation 9 [1/1] (0.00ns)   --->   "%x_t_26_V_read_1 = call i16 @_ssdm_op_Read.ap_auto.i16(i16 %x_t_26_V_read)" [lstm_hls_opt/src/rnn.cpp:31]   --->   Operation 9 'read' 'x_t_26_V_read_1' <Predicate = true> <Delay = 0.00>
ST_1 : Operation 10 [1/1] (0.00ns)   --->   "%x_t_25_V_read_1 = call i16 @_ssdm_op_Read.ap_auto.i16(i16 %x_t_25_V_read)" [lstm_hls_opt/src/rnn.cpp:31]   --->   Operation 10 'read' 'x_t_25_V_read_1' <Predicate = true> <Delay = 0.00>
ST_1 : Operation 11 [1/1] (0.00ns)   --->   "%x_t_24_V_read_1 = call i16 @_ssdm_op_Read.ap_auto.i16(i16 %x_t_24_V_read)" [lstm_hls_opt/src/rnn.cpp:31]   --->   Operation 11 'read' 'x_t_24_V_read_1' <Predicate = true> <Delay = 0.00>
ST_1 : Operation 12 [1/1] (0.00ns)   --->   "%x_t_23_V_read_1 = call i16 @_ssdm_op_Read.ap_auto.i16(i16 %x_t_23_V_read)" [lstm_hls_opt/src/rnn.cpp:31]   --->   Operation 12 'read' 'x_t_23_V_read_1' <Predicate = true> <Delay = 0.00>
ST_1 : Operation 13 [1/1] (0.00ns)   --->   "%x_t_22_V_read_1 = call i16 @_ssdm_op_Read.ap_auto.i16(i16 %x_t_22_V_read)" [lstm_hls_opt/src/rnn.cpp:31]   --->   Operation 13 'read' 'x_t_22_V_read_1' <Predicate = true> <Delay = 0.00>
ST_1 : Operation 14 [1/1] (0.00ns)   --->   "%x_t_21_V_read_1 = call i16 @_ssdm_op_Read.ap_auto.i16(i16 %x_t_21_V_read)" [lstm_hls_opt/src/rnn.cpp:31]   --->   Operation 14 'read' 'x_t_21_V_read_1' <Predicate = true> <Delay = 0.00>
ST_1 : Operation 15 [1/1] (0.00ns)   --->   "%x_t_20_V_read_1 = call i16 @_ssdm_op_Read.ap_auto.i16(i16 %x_t_20_V_read)" [lstm_hls_opt/src/rnn.cpp:31]   --->   Operation 15 'read' 'x_t_20_V_read_1' <Predicate = true> <Delay = 0.00>
ST_1 : Operation 16 [1/1] (0.00ns)   --->   "%x_t_19_V_read_1 = call i16 @_ssdm_op_Read.ap_auto.i16(i16 %x_t_19_V_read)" [lstm_hls_opt/src/rnn.cpp:31]   --->   Operation 16 'read' 'x_t_19_V_read_1' <Predicate = true> <Delay = 0.00>
ST_1 : Operation 17 [1/1] (0.00ns)   --->   "%x_t_18_V_read_1 = call i16 @_ssdm_op_Read.ap_auto.i16(i16 %x_t_18_V_read)" [lstm_hls_opt/src/rnn.cpp:31]   --->   Operation 17 'read' 'x_t_18_V_read_1' <Predicate = true> <Delay = 0.00>
ST_1 : Operation 18 [1/1] (0.00ns)   --->   "%x_t_17_V_read_1 = call i16 @_ssdm_op_Read.ap_auto.i16(i16 %x_t_17_V_read)" [lstm_hls_opt/src/rnn.cpp:31]   --->   Operation 18 'read' 'x_t_17_V_read_1' <Predicate = true> <Delay = 0.00>
ST_1 : Operation 19 [1/1] (0.00ns)   --->   "%x_t_16_V_read_1 = call i16 @_ssdm_op_Read.ap_auto.i16(i16 %x_t_16_V_read)" [lstm_hls_opt/src/rnn.cpp:31]   --->   Operation 19 'read' 'x_t_16_V_read_1' <Predicate = true> <Delay = 0.00>
ST_1 : Operation 20 [1/1] (0.00ns)   --->   "%x_t_15_V_read_1 = call i16 @_ssdm_op_Read.ap_auto.i16(i16 %x_t_15_V_read)" [lstm_hls_opt/src/rnn.cpp:31]   --->   Operation 20 'read' 'x_t_15_V_read_1' <Predicate = true> <Delay = 0.00>
ST_1 : Operation 21 [1/1] (0.00ns)   --->   "%x_t_14_V_read_1 = call i16 @_ssdm_op_Read.ap_auto.i16(i16 %x_t_14_V_read)" [lstm_hls_opt/src/rnn.cpp:31]   --->   Operation 21 'read' 'x_t_14_V_read_1' <Predicate = true> <Delay = 0.00>
ST_1 : Operation 22 [1/1] (0.00ns)   --->   "%x_t_13_V_read_1 = call i16 @_ssdm_op_Read.ap_auto.i16(i16 %x_t_13_V_read)" [lstm_hls_opt/src/rnn.cpp:31]   --->   Operation 22 'read' 'x_t_13_V_read_1' <Predicate = true> <Delay = 0.00>
ST_1 : Operation 23 [1/1] (0.00ns)   --->   "%x_t_12_V_read_1 = call i16 @_ssdm_op_Read.ap_auto.i16(i16 %x_t_12_V_read)" [lstm_hls_opt/src/rnn.cpp:31]   --->   Operation 23 'read' 'x_t_12_V_read_1' <Predicate = true> <Delay = 0.00>
ST_1 : Operation 24 [1/1] (0.00ns)   --->   "%x_t_11_V_read_1 = call i16 @_ssdm_op_Read.ap_auto.i16(i16 %x_t_11_V_read)" [lstm_hls_opt/src/rnn.cpp:31]   --->   Operation 24 'read' 'x_t_11_V_read_1' <Predicate = true> <Delay = 0.00>
ST_1 : Operation 25 [1/1] (0.00ns)   --->   "%x_t_10_V_read_1 = call i16 @_ssdm_op_Read.ap_auto.i16(i16 %x_t_10_V_read)" [lstm_hls_opt/src/rnn.cpp:31]   --->   Operation 25 'read' 'x_t_10_V_read_1' <Predicate = true> <Delay = 0.00>
ST_1 : Operation 26 [1/1] (0.00ns)   --->   "%x_t_9_V_read_1 = call i16 @_ssdm_op_Read.ap_auto.i16(i16 %x_t_9_V_read)" [lstm_hls_opt/src/rnn.cpp:31]   --->   Operation 26 'read' 'x_t_9_V_read_1' <Predicate = true> <Delay = 0.00>
ST_1 : Operation 27 [1/1] (0.00ns)   --->   "%x_t_8_V_read_1 = call i16 @_ssdm_op_Read.ap_auto.i16(i16 %x_t_8_V_read)" [lstm_hls_opt/src/rnn.cpp:31]   --->   Operation 27 'read' 'x_t_8_V_read_1' <Predicate = true> <Delay = 0.00>
ST_1 : Operation 28 [1/1] (0.00ns)   --->   "%x_t_7_V_read_1 = call i16 @_ssdm_op_Read.ap_auto.i16(i16 %x_t_7_V_read)" [lstm_hls_opt/src/rnn.cpp:31]   --->   Operation 28 'read' 'x_t_7_V_read_1' <Predicate = true> <Delay = 0.00>
ST_1 : Operation 29 [1/1] (0.00ns)   --->   "%x_t_6_V_read_1 = call i16 @_ssdm_op_Read.ap_auto.i16(i16 %x_t_6_V_read)" [lstm_hls_opt/src/rnn.cpp:31]   --->   Operation 29 'read' 'x_t_6_V_read_1' <Predicate = true> <Delay = 0.00>
ST_1 : Operation 30 [1/1] (0.00ns)   --->   "%x_t_5_V_read_1 = call i16 @_ssdm_op_Read.ap_auto.i16(i16 %x_t_5_V_read)" [lstm_hls_opt/src/rnn.cpp:31]   --->   Operation 30 'read' 'x_t_5_V_read_1' <Predicate = true> <Delay = 0.00>
ST_1 : Operation 31 [1/1] (0.00ns)   --->   "%x_t_4_V_read_1 = call i16 @_ssdm_op_Read.ap_auto.i16(i16 %x_t_4_V_read)" [lstm_hls_opt/src/rnn.cpp:31]   --->   Operation 31 'read' 'x_t_4_V_read_1' <Predicate = true> <Delay = 0.00>
ST_1 : Operation 32 [1/1] (0.00ns)   --->   "%x_t_3_V_read_1 = call i16 @_ssdm_op_Read.ap_auto.i16(i16 %x_t_3_V_read)" [lstm_hls_opt/src/rnn.cpp:31]   --->   Operation 32 'read' 'x_t_3_V_read_1' <Predicate = true> <Delay = 0.00>
ST_1 : Operation 33 [1/1] (0.00ns)   --->   "%x_t_2_V_read_1 = call i16 @_ssdm_op_Read.ap_auto.i16(i16 %x_t_2_V_read)" [lstm_hls_opt/src/rnn.cpp:31]   --->   Operation 33 'read' 'x_t_2_V_read_1' <Predicate = true> <Delay = 0.00>
ST_1 : Operation 34 [1/1] (0.00ns)   --->   "%x_t_1_V_read_1 = call i16 @_ssdm_op_Read.ap_auto.i16(i16 %x_t_1_V_read)" [lstm_hls_opt/src/rnn.cpp:31]   --->   Operation 34 'read' 'x_t_1_V_read_1' <Predicate = true> <Delay = 0.00>
ST_1 : Operation 35 [1/1] (0.00ns)   --->   "%x_t_0_V_read_1 = call i16 @_ssdm_op_Read.ap_auto.i16(i16 %x_t_0_V_read)" [lstm_hls_opt/src/rnn.cpp:31]   --->   Operation 35 'read' 'x_t_0_V_read_1' <Predicate = true> <Delay = 0.00>
ST_1 : Operation 36 [1/1] (0.46ns)   --->   "br label %0" [lstm_hls_opt/src/rnn.cpp:34]   --->   Operation 36 'br' <Predicate = true> <Delay = 0.46>

State 2 <SV = 1> <Delay = 2.77>
ST_2 : Operation 37 [1/1] (0.00ns)   --->   "%tmp_V_6 = phi i16 [ 0, %_ZN8ap_fixedILi16ELi5EL9ap_q_mode5EL9ap_o_mode3ELi0EEC1Ei.exit ], [ %diff_sum_V, %_ZN13ap_fixed_baseILi17ELi6ELb1EL9ap_q_mode5EL9ap_o_mode3ELi0EEC1ILi16ELi5ELb1ELS0_5ELS1_3ELi0EEERKS_IXT_EXT0_EXT1_EXT2_EXT3_EXT4_EE.exit9.i311 ]"   --->   Operation 37 'phi' 'tmp_V_6' <Predicate = true> <Delay = 0.00>
ST_2 : Operation 38 [1/1] (0.00ns)   --->   "%tmp_V_7 = phi i16 [ 0, %_ZN8ap_fixedILi16ELi5EL9ap_q_mode5EL9ap_o_mode3ELi0EEC1Ei.exit ], [ %energy_V, %_ZN13ap_fixed_baseILi17ELi6ELb1EL9ap_q_mode5EL9ap_o_mode3ELi0EEC1ILi16ELi5ELb1ELS0_5ELS1_3ELi0EEERKS_IXT_EXT0_EXT1_EXT2_EXT3_EXT4_EE.exit9.i311 ]"   --->   Operation 38 'phi' 'tmp_V_7' <Predicate = true> <Delay = 0.00>
ST_2 : Operation 39 [1/1] (0.00ns)   --->   "%i = phi i5 [ 0, %_ZN8ap_fixedILi16ELi5EL9ap_q_mode5EL9ap_o_mode3ELi0EEC1Ei.exit ], [ %i_1, %_ZN13ap_fixed_baseILi17ELi6ELb1EL9ap_q_mode5EL9ap_o_mode3ELi0EEC1ILi16ELi5ELb1ELS0_5ELS1_3ELi0EEERKS_IXT_EXT0_EXT1_EXT2_EXT3_EXT4_EE.exit9.i311 ]"   --->   Operation 39 'phi' 'i' <Predicate = true> <Delay = 0.00>
ST_2 : Operation 40 [1/1] (0.97ns)   --->   "%exitcond = icmp eq i5 %i, -4" [lstm_hls_opt/src/rnn.cpp:34]   --->   Operation 40 'icmp' 'exitcond' <Predicate = true> <Delay = 0.97> <Core = "Cmp">   --->   Core 25 'Cmp' <Latency = 0> <II = 1> <Delay = 1.88> <FuncUnit> <Opcode : 'icmp'> <InPorts = 2> <OutPorts = 1>
ST_2 : Operation 41 [1/1] (0.00ns)   --->   "%empty = call i32 (...)* @_ssdm_op_SpecLoopTripCount(i64 28, i64 28, i64 28)"   --->   Operation 41 'speclooptripcount' 'empty' <Predicate = true> <Delay = 0.00>
ST_2 : Operation 42 [1/1] (1.02ns)   --->   "%i_1 = add i5 %i, 1" [lstm_hls_opt/src/rnn.cpp:34]   --->   Operation 42 'add' 'i_1' <Predicate = true> <Delay = 1.02> <Core = "AddSub">   --->   Core 14 'AddSub' <Latency = 0> <II = 1> <Delay = 2.69> <FuncUnit> <Opcode : 'add' 'sub'> <InPorts = 2> <OutPorts = 1>
ST_2 : Operation 43 [1/1] (0.00ns)   --->   "br i1 %exitcond, label %_ifconv, label %_ZN13ap_fixed_baseILi17ELi6ELb1EL9ap_q_mode5EL9ap_o_mode3ELi0EEC1ILi16ELi5ELb1ELS0_5ELS1_3ELi0EEERKS_IXT_EXT0_EXT1_EXT2_EXT3_EXT4_EE.exit9.i" [lstm_hls_opt/src/rnn.cpp:34]   --->   Operation 43 'br' <Predicate = true> <Delay = 0.00>
ST_2 : Operation 44 [1/1] (0.00ns)   --->   "%tmp_259 = call i32 (...)* @_ssdm_op_SpecRegionBegin([12 x i8]* @p_str31)" [lstm_hls_opt/src/rnn.cpp:34]   --->   Operation 44 'specregionbegin' 'tmp_259' <Predicate = (!exitcond)> <Delay = 0.00>
ST_2 : Operation 45 [1/1] (0.00ns)   --->   "call void (...)* @_ssdm_op_SpecPipeline(i32 1, i32 1, i32 1, i32 0, [1 x i8]* @p_str13) nounwind" [lstm_hls_opt/src/rnn.cpp:35]   --->   Operation 45 'specpipeline' <Predicate = (!exitcond)> <Delay = 0.00>
ST_2 : Operation 46 [1/1] (0.00ns)   --->   "%tmp_s = zext i5 %i to i64" [lstm_hls_opt/src/rnn.cpp:36]   --->   Operation 46 'zext' 'tmp_s' <Predicate = (!exitcond)> <Delay = 0.00>
ST_2 : Operation 47 [1/1] (1.87ns)   --->   "switch i5 %i, label %branch27 [
    i5 0, label %_ZN13ap_fixed_baseILi17ELi6ELb1EL9ap_q_mode5EL9ap_o_mode3ELi0EEC1ILi16ELi5ELb1ELS0_5ELS1_3ELi0EEERKS_IXT_EXT0_EXT1_EXT2_EXT3_EXT4_EE.exit9.i311
    i5 1, label %branch1
    i5 2, label %branch2
    i5 3, label %branch3
    i5 4, label %branch4
    i5 5, label %branch5
    i5 6, label %branch6
    i5 7, label %branch7
    i5 8, label %branch8
    i5 9, label %branch9
    i5 10, label %branch10
    i5 11, label %branch11
    i5 12, label %branch12
    i5 13, label %branch13
    i5 14, label %branch14
    i5 15, label %branch15
    i5 -16, label %branch16
    i5 -15, label %branch17
    i5 -14, label %branch18
    i5 -13, label %branch19
    i5 -12, label %branch20
    i5 -11, label %branch21
    i5 -10, label %branch22
    i5 -9, label %branch23
    i5 -8, label %branch24
    i5 -7, label %branch25
    i5 -6, label %branch26
  ]" [lstm_hls_opt/src/rnn.cpp:36]   --->   Operation 47 'switch' <Predicate = (!exitcond)> <Delay = 1.87>
ST_2 : Operation 48 [1/1] (1.87ns)   --->   "br label %_ZN13ap_fixed_baseILi17ELi6ELb1EL9ap_q_mode5EL9ap_o_mode3ELi0EEC1ILi16ELi5ELb1ELS0_5ELS1_3ELi0EEERKS_IXT_EXT0_EXT1_EXT2_EXT3_EXT4_EE.exit9.i311" [lstm_hls_opt/src/rnn.cpp:36]   --->   Operation 48 'br' <Predicate = (!exitcond & i == 26)> <Delay = 1.87>
ST_2 : Operation 49 [1/1] (1.87ns)   --->   "br label %_ZN13ap_fixed_baseILi17ELi6ELb1EL9ap_q_mode5EL9ap_o_mode3ELi0EEC1ILi16ELi5ELb1ELS0_5ELS1_3ELi0EEERKS_IXT_EXT0_EXT1_EXT2_EXT3_EXT4_EE.exit9.i311" [lstm_hls_opt/src/rnn.cpp:36]   --->   Operation 49 'br' <Predicate = (!exitcond & i == 25)> <Delay = 1.87>
ST_2 : Operation 50 [1/1] (1.87ns)   --->   "br label %_ZN13ap_fixed_baseILi17ELi6ELb1EL9ap_q_mode5EL9ap_o_mode3ELi0EEC1ILi16ELi5ELb1ELS0_5ELS1_3ELi0EEERKS_IXT_EXT0_EXT1_EXT2_EXT3_EXT4_EE.exit9.i311" [lstm_hls_opt/src/rnn.cpp:36]   --->   Operation 50 'br' <Predicate = (!exitcond & i == 24)> <Delay = 1.87>
ST_2 : Operation 51 [1/1] (1.87ns)   --->   "br label %_ZN13ap_fixed_baseILi17ELi6ELb1EL9ap_q_mode5EL9ap_o_mode3ELi0EEC1ILi16ELi5ELb1ELS0_5ELS1_3ELi0EEERKS_IXT_EXT0_EXT1_EXT2_EXT3_EXT4_EE.exit9.i311" [lstm_hls_opt/src/rnn.cpp:36]   --->   Operation 51 'br' <Predicate = (!exitcond & i == 23)> <Delay = 1.87>
ST_2 : Operation 52 [1/1] (1.87ns)   --->   "br label %_ZN13ap_fixed_baseILi17ELi6ELb1EL9ap_q_mode5EL9ap_o_mode3ELi0EEC1ILi16ELi5ELb1ELS0_5ELS1_3ELi0EEERKS_IXT_EXT0_EXT1_EXT2_EXT3_EXT4_EE.exit9.i311" [lstm_hls_opt/src/rnn.cpp:36]   --->   Operation 52 'br' <Predicate = (!exitcond & i == 22)> <Delay = 1.87>
ST_2 : Operation 53 [1/1] (1.87ns)   --->   "br label %_ZN13ap_fixed_baseILi17ELi6ELb1EL9ap_q_mode5EL9ap_o_mode3ELi0EEC1ILi16ELi5ELb1ELS0_5ELS1_3ELi0EEERKS_IXT_EXT0_EXT1_EXT2_EXT3_EXT4_EE.exit9.i311" [lstm_hls_opt/src/rnn.cpp:36]   --->   Operation 53 'br' <Predicate = (!exitcond & i == 21)> <Delay = 1.87>
ST_2 : Operation 54 [1/1] (1.87ns)   --->   "br label %_ZN13ap_fixed_baseILi17ELi6ELb1EL9ap_q_mode5EL9ap_o_mode3ELi0EEC1ILi16ELi5ELb1ELS0_5ELS1_3ELi0EEERKS_IXT_EXT0_EXT1_EXT2_EXT3_EXT4_EE.exit9.i311" [lstm_hls_opt/src/rnn.cpp:36]   --->   Operation 54 'br' <Predicate = (!exitcond & i == 20)> <Delay = 1.87>
ST_2 : Operation 55 [1/1] (1.87ns)   --->   "br label %_ZN13ap_fixed_baseILi17ELi6ELb1EL9ap_q_mode5EL9ap_o_mode3ELi0EEC1ILi16ELi5ELb1ELS0_5ELS1_3ELi0EEERKS_IXT_EXT0_EXT1_EXT2_EXT3_EXT4_EE.exit9.i311" [lstm_hls_opt/src/rnn.cpp:36]   --->   Operation 55 'br' <Predicate = (!exitcond & i == 19)> <Delay = 1.87>
ST_2 : Operation 56 [1/1] (1.87ns)   --->   "br label %_ZN13ap_fixed_baseILi17ELi6ELb1EL9ap_q_mode5EL9ap_o_mode3ELi0EEC1ILi16ELi5ELb1ELS0_5ELS1_3ELi0EEERKS_IXT_EXT0_EXT1_EXT2_EXT3_EXT4_EE.exit9.i311" [lstm_hls_opt/src/rnn.cpp:36]   --->   Operation 56 'br' <Predicate = (!exitcond & i == 18)> <Delay = 1.87>
ST_2 : Operation 57 [1/1] (1.87ns)   --->   "br label %_ZN13ap_fixed_baseILi17ELi6ELb1EL9ap_q_mode5EL9ap_o_mode3ELi0EEC1ILi16ELi5ELb1ELS0_5ELS1_3ELi0EEERKS_IXT_EXT0_EXT1_EXT2_EXT3_EXT4_EE.exit9.i311" [lstm_hls_opt/src/rnn.cpp:36]   --->   Operation 57 'br' <Predicate = (!exitcond & i == 17)> <Delay = 1.87>
ST_2 : Operation 58 [1/1] (1.87ns)   --->   "br label %_ZN13ap_fixed_baseILi17ELi6ELb1EL9ap_q_mode5EL9ap_o_mode3ELi0EEC1ILi16ELi5ELb1ELS0_5ELS1_3ELi0EEERKS_IXT_EXT0_EXT1_EXT2_EXT3_EXT4_EE.exit9.i311" [lstm_hls_opt/src/rnn.cpp:36]   --->   Operation 58 'br' <Predicate = (!exitcond & i == 16)> <Delay = 1.87>
ST_2 : Operation 59 [1/1] (1.87ns)   --->   "br label %_ZN13ap_fixed_baseILi17ELi6ELb1EL9ap_q_mode5EL9ap_o_mode3ELi0EEC1ILi16ELi5ELb1ELS0_5ELS1_3ELi0EEERKS_IXT_EXT0_EXT1_EXT2_EXT3_EXT4_EE.exit9.i311" [lstm_hls_opt/src/rnn.cpp:36]   --->   Operation 59 'br' <Predicate = (!exitcond & i == 15)> <Delay = 1.87>
ST_2 : Operation 60 [1/1] (1.87ns)   --->   "br label %_ZN13ap_fixed_baseILi17ELi6ELb1EL9ap_q_mode5EL9ap_o_mode3ELi0EEC1ILi16ELi5ELb1ELS0_5ELS1_3ELi0EEERKS_IXT_EXT0_EXT1_EXT2_EXT3_EXT4_EE.exit9.i311" [lstm_hls_opt/src/rnn.cpp:36]   --->   Operation 60 'br' <Predicate = (!exitcond & i == 14)> <Delay = 1.87>
ST_2 : Operation 61 [1/1] (1.87ns)   --->   "br label %_ZN13ap_fixed_baseILi17ELi6ELb1EL9ap_q_mode5EL9ap_o_mode3ELi0EEC1ILi16ELi5ELb1ELS0_5ELS1_3ELi0EEERKS_IXT_EXT0_EXT1_EXT2_EXT3_EXT4_EE.exit9.i311" [lstm_hls_opt/src/rnn.cpp:36]   --->   Operation 61 'br' <Predicate = (!exitcond & i == 13)> <Delay = 1.87>
ST_2 : Operation 62 [1/1] (1.87ns)   --->   "br label %_ZN13ap_fixed_baseILi17ELi6ELb1EL9ap_q_mode5EL9ap_o_mode3ELi0EEC1ILi16ELi5ELb1ELS0_5ELS1_3ELi0EEERKS_IXT_EXT0_EXT1_EXT2_EXT3_EXT4_EE.exit9.i311" [lstm_hls_opt/src/rnn.cpp:36]   --->   Operation 62 'br' <Predicate = (!exitcond & i == 12)> <Delay = 1.87>
ST_2 : Operation 63 [1/1] (1.87ns)   --->   "br label %_ZN13ap_fixed_baseILi17ELi6ELb1EL9ap_q_mode5EL9ap_o_mode3ELi0EEC1ILi16ELi5ELb1ELS0_5ELS1_3ELi0EEERKS_IXT_EXT0_EXT1_EXT2_EXT3_EXT4_EE.exit9.i311" [lstm_hls_opt/src/rnn.cpp:36]   --->   Operation 63 'br' <Predicate = (!exitcond & i == 11)> <Delay = 1.87>
ST_2 : Operation 64 [1/1] (1.87ns)   --->   "br label %_ZN13ap_fixed_baseILi17ELi6ELb1EL9ap_q_mode5EL9ap_o_mode3ELi0EEC1ILi16ELi5ELb1ELS0_5ELS1_3ELi0EEERKS_IXT_EXT0_EXT1_EXT2_EXT3_EXT4_EE.exit9.i311" [lstm_hls_opt/src/rnn.cpp:36]   --->   Operation 64 'br' <Predicate = (!exitcond & i == 10)> <Delay = 1.87>
ST_2 : Operation 65 [1/1] (1.87ns)   --->   "br label %_ZN13ap_fixed_baseILi17ELi6ELb1EL9ap_q_mode5EL9ap_o_mode3ELi0EEC1ILi16ELi5ELb1ELS0_5ELS1_3ELi0EEERKS_IXT_EXT0_EXT1_EXT2_EXT3_EXT4_EE.exit9.i311" [lstm_hls_opt/src/rnn.cpp:36]   --->   Operation 65 'br' <Predicate = (!exitcond & i == 9)> <Delay = 1.87>
ST_2 : Operation 66 [1/1] (1.87ns)   --->   "br label %_ZN13ap_fixed_baseILi17ELi6ELb1EL9ap_q_mode5EL9ap_o_mode3ELi0EEC1ILi16ELi5ELb1ELS0_5ELS1_3ELi0EEERKS_IXT_EXT0_EXT1_EXT2_EXT3_EXT4_EE.exit9.i311" [lstm_hls_opt/src/rnn.cpp:36]   --->   Operation 66 'br' <Predicate = (!exitcond & i == 8)> <Delay = 1.87>
ST_2 : Operation 67 [1/1] (1.87ns)   --->   "br label %_ZN13ap_fixed_baseILi17ELi6ELb1EL9ap_q_mode5EL9ap_o_mode3ELi0EEC1ILi16ELi5ELb1ELS0_5ELS1_3ELi0EEERKS_IXT_EXT0_EXT1_EXT2_EXT3_EXT4_EE.exit9.i311" [lstm_hls_opt/src/rnn.cpp:36]   --->   Operation 67 'br' <Predicate = (!exitcond & i == 7)> <Delay = 1.87>
ST_2 : Operation 68 [1/1] (1.87ns)   --->   "br label %_ZN13ap_fixed_baseILi17ELi6ELb1EL9ap_q_mode5EL9ap_o_mode3ELi0EEC1ILi16ELi5ELb1ELS0_5ELS1_3ELi0EEERKS_IXT_EXT0_EXT1_EXT2_EXT3_EXT4_EE.exit9.i311" [lstm_hls_opt/src/rnn.cpp:36]   --->   Operation 68 'br' <Predicate = (!exitcond & i == 6)> <Delay = 1.87>
ST_2 : Operation 69 [1/1] (1.87ns)   --->   "br label %_ZN13ap_fixed_baseILi17ELi6ELb1EL9ap_q_mode5EL9ap_o_mode3ELi0EEC1ILi16ELi5ELb1ELS0_5ELS1_3ELi0EEERKS_IXT_EXT0_EXT1_EXT2_EXT3_EXT4_EE.exit9.i311" [lstm_hls_opt/src/rnn.cpp:36]   --->   Operation 69 'br' <Predicate = (!exitcond & i == 5)> <Delay = 1.87>
ST_2 : Operation 70 [1/1] (1.87ns)   --->   "br label %_ZN13ap_fixed_baseILi17ELi6ELb1EL9ap_q_mode5EL9ap_o_mode3ELi0EEC1ILi16ELi5ELb1ELS0_5ELS1_3ELi0EEERKS_IXT_EXT0_EXT1_EXT2_EXT3_EXT4_EE.exit9.i311" [lstm_hls_opt/src/rnn.cpp:36]   --->   Operation 70 'br' <Predicate = (!exitcond & i == 4)> <Delay = 1.87>
ST_2 : Operation 71 [1/1] (1.87ns)   --->   "br label %_ZN13ap_fixed_baseILi17ELi6ELb1EL9ap_q_mode5EL9ap_o_mode3ELi0EEC1ILi16ELi5ELb1ELS0_5ELS1_3ELi0EEERKS_IXT_EXT0_EXT1_EXT2_EXT3_EXT4_EE.exit9.i311" [lstm_hls_opt/src/rnn.cpp:36]   --->   Operation 71 'br' <Predicate = (!exitcond & i == 3)> <Delay = 1.87>
ST_2 : Operation 72 [1/1] (1.87ns)   --->   "br label %_ZN13ap_fixed_baseILi17ELi6ELb1EL9ap_q_mode5EL9ap_o_mode3ELi0EEC1ILi16ELi5ELb1ELS0_5ELS1_3ELi0EEERKS_IXT_EXT0_EXT1_EXT2_EXT3_EXT4_EE.exit9.i311" [lstm_hls_opt/src/rnn.cpp:36]   --->   Operation 72 'br' <Predicate = (!exitcond & i == 2)> <Delay = 1.87>
ST_2 : Operation 73 [1/1] (1.87ns)   --->   "br label %_ZN13ap_fixed_baseILi17ELi6ELb1EL9ap_q_mode5EL9ap_o_mode3ELi0EEC1ILi16ELi5ELb1ELS0_5ELS1_3ELi0EEERKS_IXT_EXT0_EXT1_EXT2_EXT3_EXT4_EE.exit9.i311" [lstm_hls_opt/src/rnn.cpp:36]   --->   Operation 73 'br' <Predicate = (!exitcond & i == 1)> <Delay = 1.87>
ST_2 : Operation 74 [1/1] (1.87ns)   --->   "br label %_ZN13ap_fixed_baseILi17ELi6ELb1EL9ap_q_mode5EL9ap_o_mode3ELi0EEC1ILi16ELi5ELb1ELS0_5ELS1_3ELi0EEERKS_IXT_EXT0_EXT1_EXT2_EXT3_EXT4_EE.exit9.i311" [lstm_hls_opt/src/rnn.cpp:36]   --->   Operation 74 'br' <Predicate = (!exitcond & i == 31) | (!exitcond & i == 30) | (!exitcond & i == 29) | (!exitcond & i == 28) | (!exitcond & i == 27)> <Delay = 1.87>
ST_2 : Operation 75 [1/1] (0.00ns)   --->   "%x_prev_V_addr = getelementptr [156 x i16]* %x_prev_V, i64 0, i64 %tmp_s" [lstm_hls_opt/src/rnn.cpp:36]   --->   Operation 75 'getelementptr' 'x_prev_V_addr' <Predicate = (!exitcond)> <Delay = 0.00>
ST_2 : Operation 76 [2/2] (2.77ns)   --->   "%p_Val2_s = load i16* %x_prev_V_addr, align 2" [lstm_hls_opt/src/rnn.cpp:36]   --->   Operation 76 'load' 'p_Val2_s' <Predicate = (!exitcond)> <Delay = 2.77> <Core = "RAM">   --->   Core 37 'RAM' <Latency = 1> <II = 1> <Delay = 2.77> <Storage> <Opcode : 'load' 'store'> <Ports = 2> <Width = 16> <Depth = 156> <RAM>

State 3 <SV = 2> <Delay = 6.48>
ST_3 : Operation 77 [1/1] (0.00ns)   --->   "%p_Val2_2 = phi i16 [ %x_t_1_V_read_1, %branch1 ], [ %x_t_2_V_read_1, %branch2 ], [ %x_t_3_V_read_1, %branch3 ], [ %x_t_4_V_read_1, %branch4 ], [ %x_t_5_V_read_1, %branch5 ], [ %x_t_6_V_read_1, %branch6 ], [ %x_t_7_V_read_1, %branch7 ], [ %x_t_8_V_read_1, %branch8 ], [ %x_t_9_V_read_1, %branch9 ], [ %x_t_10_V_read_1, %branch10 ], [ %x_t_11_V_read_1, %branch11 ], [ %x_t_12_V_read_1, %branch12 ], [ %x_t_13_V_read_1, %branch13 ], [ %x_t_14_V_read_1, %branch14 ], [ %x_t_15_V_read_1, %branch15 ], [ %x_t_16_V_read_1, %branch16 ], [ %x_t_17_V_read_1, %branch17 ], [ %x_t_18_V_read_1, %branch18 ], [ %x_t_19_V_read_1, %branch19 ], [ %x_t_20_V_read_1, %branch20 ], [ %x_t_21_V_read_1, %branch21 ], [ %x_t_22_V_read_1, %branch22 ], [ %x_t_23_V_read_1, %branch23 ], [ %x_t_24_V_read_1, %branch24 ], [ %x_t_25_V_read_1, %branch25 ], [ %x_t_26_V_read_1, %branch26 ], [ %x_t_27_V_read_1, %branch27 ], [ %x_t_0_V_read_1, %_ZN13ap_fixed_baseILi17ELi6ELb1EL9ap_q_mode5EL9ap_o_mode3ELi0EEC1ILi16ELi5ELb1ELS0_5ELS1_3ELi0EEERKS_IXT_EXT0_EXT1_EXT2_EXT3_EXT4_EE.exit9.i ]" [lstm_hls_opt/src/rnn.cpp:36]   --->   Operation 77 'phi' 'p_Val2_2' <Predicate = (!exitcond)> <Delay = 0.00>
ST_3 : Operation 78 [1/2] (2.77ns)   --->   "%p_Val2_s = load i16* %x_prev_V_addr, align 2" [lstm_hls_opt/src/rnn.cpp:36]   --->   Operation 78 'load' 'p_Val2_s' <Predicate = (!exitcond)> <Delay = 2.77> <Core = "RAM">   --->   Core 37 'RAM' <Latency = 1> <II = 1> <Delay = 2.77> <Storage> <Opcode : 'load' 'store'> <Ports = 2> <Width = 16> <Depth = 156> <RAM>
ST_3 : Operation 79 [1/1] (1.54ns)   --->   "%delta_V = sub i16 %p_Val2_2, %p_Val2_s" [lstm_hls_opt/src/rnn.cpp:36]   --->   Operation 79 'sub' 'delta_V' <Predicate = (!exitcond)> <Delay = 1.54> <Core = "AddSub">   --->   Core 14 'AddSub' <Latency = 0> <II = 1> <Delay = 2.69> <FuncUnit> <Opcode : 'add' 'sub'> <InPorts = 2> <OutPorts = 1>
ST_3 : Operation 80 [1/1] (0.00ns)   --->   "%tmp_490 = call i1 @_ssdm_op_BitSelect.i1.i16.i32(i16 %delta_V, i32 15)" [lstm_hls_opt/src/rnn.cpp:37]   --->   Operation 80 'bitselect' 'tmp_490' <Predicate = (!exitcond)> <Delay = 0.00>
ST_3 : Operation 81 [1/1] (1.54ns)   --->   "%addconv1 = add i16 %tmp_V_6, %delta_V" [lstm_hls_opt/src/rnn.cpp:38]   --->   Operation 81 'add' 'addconv1' <Predicate = (!exitcond)> <Delay = 1.54> <Core = "AddSub">   --->   Core 14 'AddSub' <Latency = 0> <II = 1> <Delay = 2.69> <FuncUnit> <Opcode : 'add' 'sub'> <InPorts = 2> <OutPorts = 1>
ST_3 : Operation 82 [1/1] (1.54ns)   --->   "%tmp_7 = sub i16 %tmp_V_6, %delta_V" [lstm_hls_opt/src/rnn.cpp:38]   --->   Operation 82 'sub' 'tmp_7' <Predicate = (!exitcond)> <Delay = 1.54> <Core = "AddSub">   --->   Core 14 'AddSub' <Latency = 0> <II = 1> <Delay = 2.69> <FuncUnit> <Opcode : 'add' 'sub'> <InPorts = 2> <OutPorts = 1>
ST_3 : Operation 83 [1/1] (0.62ns)   --->   "%diff_sum_V = select i1 %tmp_490, i16 %tmp_7, i16 %addconv1" [lstm_hls_opt/src/rnn.cpp:37]   --->   Operation 83 'select' 'diff_sum_V' <Predicate = (!exitcond)> <Delay = 0.62> <Core = "Sel">   --->   Core 26 'Sel' <Latency = 0> <II = 1> <Delay = 0.79> <FuncUnit> <Opcode : 'select'> <InPorts = 3> <OutPorts = 1>
ST_3 : Operation 84 [1/1] (0.00ns)   --->   "%tmp_491 = call i1 @_ssdm_op_BitSelect.i1.i16.i32(i16 %p_Val2_2, i32 15)" [lstm_hls_opt/src/rnn.cpp:41]   --->   Operation 84 'bitselect' 'tmp_491' <Predicate = (!exitcond)> <Delay = 0.00>
ST_3 : Operation 85 [1/1] (1.54ns)   --->   "%addconv = add i16 %p_Val2_2, %tmp_V_7" [lstm_hls_opt/src/rnn.cpp:42]   --->   Operation 85 'add' 'addconv' <Predicate = (!exitcond)> <Delay = 1.54> <Core = "AddSub">   --->   Core 14 'AddSub' <Latency = 0> <II = 1> <Delay = 2.69> <FuncUnit> <Opcode : 'add' 'sub'> <InPorts = 2> <OutPorts = 1>
ST_3 : Operation 86 [1/1] (1.54ns)   --->   "%tmp_9 = sub i16 %tmp_V_7, %p_Val2_2" [lstm_hls_opt/src/rnn.cpp:42]   --->   Operation 86 'sub' 'tmp_9' <Predicate = (!exitcond)> <Delay = 1.54> <Core = "AddSub">   --->   Core 14 'AddSub' <Latency = 0> <II = 1> <Delay = 2.69> <FuncUnit> <Opcode : 'add' 'sub'> <InPorts = 2> <OutPorts = 1>
ST_3 : Operation 87 [1/1] (0.62ns)   --->   "%energy_V = select i1 %tmp_491, i16 %tmp_9, i16 %addconv" [lstm_hls_opt/src/rnn.cpp:41]   --->   Operation 87 'select' 'energy_V' <Predicate = (!exitcond)> <Delay = 0.62> <Core = "Sel">   --->   Core 26 'Sel' <Latency = 0> <II = 1> <Delay = 0.79> <FuncUnit> <Opcode : 'select'> <InPorts = 3> <OutPorts = 1>
ST_3 : Operation 88 [1/1] (0.00ns)   --->   "%empty_101 = call i32 (...)* @_ssdm_op_SpecRegionEnd([12 x i8]* @p_str31, i32 %tmp_259)" [lstm_hls_opt/src/rnn.cpp:45]   --->   Operation 88 'specregionend' 'empty_101' <Predicate = (!exitcond)> <Delay = 0.00>
ST_3 : Operation 89 [1/1] (0.00ns)   --->   "br label %0" [lstm_hls_opt/src/rnn.cpp:34]   --->   Operation 89 'br' <Predicate = (!exitcond)> <Delay = 0.00>

State 4 <SV = 2> <Delay = 4.97>
ST_4 : Operation 90 [1/1] (2.13ns)   --->   "%tmp = icmp eq i16 %tmp_V_7, 0" [lstm_hls_opt/src/rnn.cpp:46]   --->   Operation 90 'icmp' 'tmp' <Predicate = true> <Delay = 2.13> <Core = "Cmp">   --->   Core 25 'Cmp' <Latency = 0> <II = 1> <Delay = 1.88> <FuncUnit> <Opcode : 'icmp'> <InPorts = 2> <OutPorts = 1>
ST_4 : Operation 91 [1/1] (0.00ns)   --->   "%p_Result_12 = call i1 @_ssdm_op_BitSelect.i1.i16.i32(i16 %tmp_V_7, i32 15)" [lstm_hls_opt/src/rnn.cpp:46]   --->   Operation 91 'bitselect' 'p_Result_12' <Predicate = true> <Delay = 0.00>
ST_4 : Operation 92 [1/1] (1.54ns)   --->   "%tmp_V = sub i16 0, %tmp_V_7" [lstm_hls_opt/src/rnn.cpp:46]   --->   Operation 92 'sub' 'tmp_V' <Predicate = true> <Delay = 1.54> <Core = "AddSub">   --->   Core 14 'AddSub' <Latency = 0> <II = 1> <Delay = 2.69> <FuncUnit> <Opcode : 'add' 'sub'> <InPorts = 2> <OutPorts = 1>
ST_4 : Operation 93 [1/1] (0.62ns)   --->   "%tmp_V_8 = select i1 %p_Result_12, i16 %tmp_V, i16 %tmp_V_7" [lstm_hls_opt/src/rnn.cpp:46]   --->   Operation 93 'select' 'tmp_V_8' <Predicate = true> <Delay = 0.62> <Core = "Sel">   --->   Core 26 'Sel' <Latency = 0> <II = 1> <Delay = 0.79> <FuncUnit> <Opcode : 'select'> <InPorts = 3> <OutPorts = 1>
ST_4 : Operation 94 [1/1] (0.00ns)   --->   "%p_Result_s = call i16 @llvm.part.select.i16(i16 %tmp_V_8, i32 15, i32 0) nounwind" [lstm_hls_opt/src/rnn.cpp:46]   --->   Operation 94 'partselect' 'p_Result_s' <Predicate = true> <Delay = 0.00>
ST_4 : Operation 95 [1/1] (0.00ns)   --->   "%p_Result_13 = call i32 @_ssdm_op_BitConcatenate.i32.i16.i16(i16 -1, i16 %p_Result_s)" [lstm_hls_opt/src/rnn.cpp:46]   --->   Operation 95 'bitconcatenate' 'p_Result_13' <Predicate = true> <Delay = 0.00>
ST_4 : Operation 96 [1/1] (2.79ns)   --->   "%l = call i32 @llvm.cttz.i32(i32 %p_Result_13, i1 true) nounwind" [lstm_hls_opt/src/rnn.cpp:46]   --->   Operation 96 'cttz' 'l' <Predicate = true> <Delay = 2.79> <Core = "CTTZ">   --->   Core 64 'CTTZ' <Latency = 0> <II = 1> <Delay = 2.79> <FuncUnit> <Opcode : 'cttz'> <InPorts = 1> <OutPorts = 1>
ST_4 : Operation 97 [1/1] (0.00ns)   --->   "%tmp_478 = trunc i32 %l to i11" [lstm_hls_opt/src/rnn.cpp:46]   --->   Operation 97 'trunc' 'tmp_478' <Predicate = true> <Delay = 0.00>
ST_4 : Operation 98 [1/1] (2.13ns)   --->   "%tmp_24 = icmp eq i16 %tmp_V_6, 0" [lstm_hls_opt/src/rnn.cpp:47]   --->   Operation 98 'icmp' 'tmp_24' <Predicate = true> <Delay = 2.13> <Core = "Cmp">   --->   Core 25 'Cmp' <Latency = 0> <II = 1> <Delay = 1.88> <FuncUnit> <Opcode : 'icmp'> <InPorts = 2> <OutPorts = 1>
ST_4 : Operation 99 [1/1] (0.00ns)   --->   "%p_Result_15 = call i1 @_ssdm_op_BitSelect.i1.i16.i32(i16 %tmp_V_6, i32 15)" [lstm_hls_opt/src/rnn.cpp:47]   --->   Operation 99 'bitselect' 'p_Result_15' <Predicate = true> <Delay = 0.00>
ST_4 : Operation 100 [1/1] (1.54ns)   --->   "%tmp_V_2 = sub i16 0, %tmp_V_6" [lstm_hls_opt/src/rnn.cpp:47]   --->   Operation 100 'sub' 'tmp_V_2' <Predicate = true> <Delay = 1.54> <Core = "AddSub">   --->   Core 14 'AddSub' <Latency = 0> <II = 1> <Delay = 2.69> <FuncUnit> <Opcode : 'add' 'sub'> <InPorts = 2> <OutPorts = 1>
ST_4 : Operation 101 [1/1] (0.62ns)   --->   "%tmp_V_9 = select i1 %p_Result_15, i16 %tmp_V_2, i16 %tmp_V_6" [lstm_hls_opt/src/rnn.cpp:47]   --->   Operation 101 'select' 'tmp_V_9' <Predicate = true> <Delay = 0.62> <Core = "Sel">   --->   Core 26 'Sel' <Latency = 0> <II = 1> <Delay = 0.79> <FuncUnit> <Opcode : 'select'> <InPorts = 3> <OutPorts = 1>
ST_4 : Operation 102 [1/1] (0.00ns)   --->   "%p_Result_7 = call i16 @llvm.part.select.i16(i16 %tmp_V_9, i32 15, i32 0) nounwind" [lstm_hls_opt/src/rnn.cpp:47]   --->   Operation 102 'partselect' 'p_Result_7' <Predicate = true> <Delay = 0.00>
ST_4 : Operation 103 [1/1] (0.00ns)   --->   "%p_Result_16 = call i32 @_ssdm_op_BitConcatenate.i32.i16.i16(i16 -1, i16 %p_Result_7)" [lstm_hls_opt/src/rnn.cpp:47]   --->   Operation 103 'bitconcatenate' 'p_Result_16' <Predicate = true> <Delay = 0.00>
ST_4 : Operation 104 [1/1] (2.79ns)   --->   "%l_1 = call i32 @llvm.cttz.i32(i32 %p_Result_16, i1 true) nounwind" [lstm_hls_opt/src/rnn.cpp:47]   --->   Operation 104 'cttz' 'l_1' <Predicate = true> <Delay = 2.79> <Core = "CTTZ">   --->   Core 64 'CTTZ' <Latency = 0> <II = 1> <Delay = 2.79> <FuncUnit> <Opcode : 'cttz'> <InPorts = 1> <OutPorts = 1>
ST_4 : Operation 105 [1/1] (0.00ns)   --->   "%tmp_489 = trunc i32 %l_1 to i11" [lstm_hls_opt/src/rnn.cpp:47]   --->   Operation 105 'trunc' 'tmp_489' <Predicate = true> <Delay = 0.00>

State 5 <SV = 3> <Delay = 6.55>
ST_5 : Operation 106 [1/1] (1.89ns)   --->   "%tmp_1 = sub nsw i32 16, %l" [lstm_hls_opt/src/rnn.cpp:46]   --->   Operation 106 'sub' 'tmp_1' <Predicate = true> <Delay = 1.89> <Core = "AddSub">   --->   Core 14 'AddSub' <Latency = 0> <II = 1> <Delay = 2.69> <FuncUnit> <Opcode : 'add' 'sub'> <InPorts = 2> <OutPorts = 1>
ST_5 : Operation 107 [1/1] (0.00ns)   --->   "%tmp_469 = trunc i32 %tmp_1 to i16" [lstm_hls_opt/src/rnn.cpp:46]   --->   Operation 107 'trunc' 'tmp_469' <Predicate = true> <Delay = 0.00>
ST_5 : Operation 108 [1/1] (1.89ns)   --->   "%lsb_index = add nsw i32 -53, %tmp_1" [lstm_hls_opt/src/rnn.cpp:46]   --->   Operation 108 'add' 'lsb_index' <Predicate = true> <Delay = 1.89> <Core = "AddSub">   --->   Core 14 'AddSub' <Latency = 0> <II = 1> <Delay = 2.69> <FuncUnit> <Opcode : 'add' 'sub'> <InPorts = 2> <OutPorts = 1>
ST_5 : Operation 109 [1/1] (0.00ns)   --->   "%tmp_470 = call i31 @_ssdm_op_PartSelect.i31.i32.i32.i32(i32 %lsb_index, i32 1, i32 31)" [lstm_hls_opt/src/rnn.cpp:46]   --->   Operation 109 'partselect' 'tmp_470' <Predicate = true> <Delay = 0.00>
ST_5 : Operation 110 [1/1] (1.96ns)   --->   "%icmp = icmp sgt i31 %tmp_470, 0" [lstm_hls_opt/src/rnn.cpp:46]   --->   Operation 110 'icmp' 'icmp' <Predicate = true> <Delay = 1.96> <Core = "Cmp">   --->   Core 25 'Cmp' <Latency = 0> <II = 1> <Delay = 1.88> <FuncUnit> <Opcode : 'icmp'> <InPorts = 2> <OutPorts = 1>
ST_5 : Operation 111 [1/1] (0.00ns)   --->   "%tmp_471 = trunc i32 %tmp_1 to i5" [lstm_hls_opt/src/rnn.cpp:46]   --->   Operation 111 'trunc' 'tmp_471' <Predicate = true> <Delay = 0.00>
ST_5 : Operation 112 [1/1] (1.02ns)   --->   "%tmp_472 = sub i5 6, %tmp_471" [lstm_hls_opt/src/rnn.cpp:46]   --->   Operation 112 'sub' 'tmp_472' <Predicate = true> <Delay = 1.02> <Core = "AddSub">   --->   Core 14 'AddSub' <Latency = 0> <II = 1> <Delay = 2.69> <FuncUnit> <Opcode : 'add' 'sub'> <InPorts = 2> <OutPorts = 1>
ST_5 : Operation 113 [1/1] (0.00ns) (grouped into LUT with out node tmp_4)   --->   "%tmp_473 = zext i5 %tmp_472 to i16" [lstm_hls_opt/src/rnn.cpp:46]   --->   Operation 113 'zext' 'tmp_473' <Predicate = true> <Delay = 0.00>
ST_5 : Operation 114 [1/1] (0.00ns) (grouped into LUT with out node tmp_4)   --->   "%tmp_474 = lshr i16 -1, %tmp_473" [lstm_hls_opt/src/rnn.cpp:46]   --->   Operation 114 'lshr' 'tmp_474' <Predicate = true> <Delay = 0.00> <Core = "Shift">   --->   Core 28 'Shift' <Latency = 0> <II = 1> <Delay = 2.93> <FuncUnit> <Opcode : 'shl' 'lshr' 'ashr'> <InPorts = 2> <OutPorts = 1>
ST_5 : Operation 115 [1/1] (0.00ns) (grouped into LUT with out node tmp_4)   --->   "%p_Result_3 = and i16 %tmp_V_8, %tmp_474" [lstm_hls_opt/src/rnn.cpp:46]   --->   Operation 115 'and' 'p_Result_3' <Predicate = true> <Delay = 0.00> <Core = "LogicGate">   --->   Core 27 'LogicGate' <Latency = 0> <II = 1> <Delay = 0.80> <FuncUnit> <Opcode : 'and' 'or' 'xor'> <InPorts = 2> <OutPorts = 1>
ST_5 : Operation 116 [1/1] (2.18ns) (out node of the LUT)   --->   "%tmp_4 = icmp ne i16 %p_Result_3, 0" [lstm_hls_opt/src/rnn.cpp:46]   --->   Operation 116 'icmp' 'tmp_4' <Predicate = true> <Delay = 2.18> <Core = "Cmp">   --->   Core 25 'Cmp' <Latency = 0> <II = 1> <Delay = 1.88> <FuncUnit> <Opcode : 'icmp'> <InPorts = 2> <OutPorts = 1>
ST_5 : Operation 117 [1/1] (0.00ns) (grouped into LUT with out node tmp_13)   --->   "%a = and i1 %icmp, %tmp_4" [lstm_hls_opt/src/rnn.cpp:46]   --->   Operation 117 'and' 'a' <Predicate = true> <Delay = 0.00> <Core = "LogicGate">   --->   Core 27 'LogicGate' <Latency = 0> <II = 1> <Delay = 0.80> <FuncUnit> <Opcode : 'and' 'or' 'xor'> <InPorts = 2> <OutPorts = 1>
ST_5 : Operation 118 [1/1] (0.00ns) (grouped into LUT with out node tmp_13)   --->   "%tmp_476 = call i1 @_ssdm_op_BitSelect.i1.i32.i32(i32 %lsb_index, i32 31)" [lstm_hls_opt/src/rnn.cpp:46]   --->   Operation 118 'bitselect' 'tmp_476' <Predicate = true> <Delay = 0.00>
ST_5 : Operation 119 [1/1] (0.00ns) (grouped into LUT with out node tmp_13)   --->   "%rev = xor i1 %tmp_476, true" [lstm_hls_opt/src/rnn.cpp:46]   --->   Operation 119 'xor' 'rev' <Predicate = true> <Delay = 0.00> <Core = "LogicGate">   --->   Core 27 'LogicGate' <Latency = 0> <II = 1> <Delay = 0.80> <FuncUnit> <Opcode : 'and' 'or' 'xor'> <InPorts = 2> <OutPorts = 1>
ST_5 : Operation 120 [1/1] (1.54ns)   --->   "%tmp_10 = add i16 -53, %tmp_469" [lstm_hls_opt/src/rnn.cpp:46]   --->   Operation 120 'add' 'tmp_10' <Predicate = true> <Delay = 1.54> <Core = "AddSub">   --->   Core 14 'AddSub' <Latency = 0> <II = 1> <Delay = 2.69> <FuncUnit> <Opcode : 'add' 'sub'> <InPorts = 2> <OutPorts = 1>
ST_5 : Operation 121 [1/1] (0.00ns) (grouped into LUT with out node tmp_13)   --->   "%p_Result_4 = call i1 @_ssdm_op_BitSelect.i1.i16.i16(i16 %tmp_V_8, i16 %tmp_10)" [lstm_hls_opt/src/rnn.cpp:46]   --->   Operation 121 'bitselect' 'p_Result_4' <Predicate = true> <Delay = 0.00>
ST_5 : Operation 122 [1/1] (0.00ns) (grouped into LUT with out node tmp_13)   --->   "%tmp_12 = and i1 %p_Result_4, %rev" [lstm_hls_opt/src/rnn.cpp:46]   --->   Operation 122 'and' 'tmp_12' <Predicate = true> <Delay = 0.00> <Core = "LogicGate">   --->   Core 27 'LogicGate' <Latency = 0> <II = 1> <Delay = 0.80> <FuncUnit> <Opcode : 'and' 'or' 'xor'> <InPorts = 2> <OutPorts = 1>
ST_5 : Operation 123 [1/1] (0.00ns) (grouped into LUT with out node tmp_13)   --->   "%tmp_261 = or i1 %tmp_12, %a" [lstm_hls_opt/src/rnn.cpp:46]   --->   Operation 123 'or' 'tmp_261' <Predicate = true> <Delay = 0.00> <Core = "LogicGate">   --->   Core 27 'LogicGate' <Latency = 0> <II = 1> <Delay = 0.80> <FuncUnit> <Opcode : 'and' 'or' 'xor'> <InPorts = 2> <OutPorts = 1>
ST_5 : Operation 124 [1/1] (0.80ns) (out node of the LUT)   --->   "%tmp_13 = call i32 @_ssdm_op_BitConcatenate.i32.i31.i1(i31 0, i1 %tmp_261)" [lstm_hls_opt/src/rnn.cpp:46]   --->   Operation 124 'bitconcatenate' 'tmp_13' <Predicate = true> <Delay = 0.80>
ST_5 : Operation 125 [1/1] (1.96ns)   --->   "%tmp_14 = icmp sgt i32 %lsb_index, 0" [lstm_hls_opt/src/rnn.cpp:46]   --->   Operation 125 'icmp' 'tmp_14' <Predicate = true> <Delay = 1.96> <Core = "Cmp">   --->   Core 25 'Cmp' <Latency = 0> <II = 1> <Delay = 1.88> <FuncUnit> <Opcode : 'icmp'> <InPorts = 2> <OutPorts = 1>
ST_5 : Operation 126 [1/1] (1.89ns)   --->   "%tmp_25 = sub nsw i32 16, %l_1" [lstm_hls_opt/src/rnn.cpp:47]   --->   Operation 126 'sub' 'tmp_25' <Predicate = true> <Delay = 1.89> <Core = "AddSub">   --->   Core 14 'AddSub' <Latency = 0> <II = 1> <Delay = 2.69> <FuncUnit> <Opcode : 'add' 'sub'> <InPorts = 2> <OutPorts = 1>
ST_5 : Operation 127 [1/1] (0.00ns)   --->   "%tmp_480 = trunc i32 %tmp_25 to i16" [lstm_hls_opt/src/rnn.cpp:47]   --->   Operation 127 'trunc' 'tmp_480' <Predicate = true> <Delay = 0.00>
ST_5 : Operation 128 [1/1] (1.89ns)   --->   "%lsb_index_1 = add nsw i32 -53, %tmp_25" [lstm_hls_opt/src/rnn.cpp:47]   --->   Operation 128 'add' 'lsb_index_1' <Predicate = true> <Delay = 1.89> <Core = "AddSub">   --->   Core 14 'AddSub' <Latency = 0> <II = 1> <Delay = 2.69> <FuncUnit> <Opcode : 'add' 'sub'> <InPorts = 2> <OutPorts = 1>
ST_5 : Operation 129 [1/1] (0.00ns)   --->   "%tmp_481 = call i31 @_ssdm_op_PartSelect.i31.i32.i32.i32(i32 %lsb_index_1, i32 1, i32 31)" [lstm_hls_opt/src/rnn.cpp:47]   --->   Operation 129 'partselect' 'tmp_481' <Predicate = true> <Delay = 0.00>
ST_5 : Operation 130 [1/1] (1.96ns)   --->   "%icmp1 = icmp sgt i31 %tmp_481, 0" [lstm_hls_opt/src/rnn.cpp:47]   --->   Operation 130 'icmp' 'icmp1' <Predicate = true> <Delay = 1.96> <Core = "Cmp">   --->   Core 25 'Cmp' <Latency = 0> <II = 1> <Delay = 1.88> <FuncUnit> <Opcode : 'icmp'> <InPorts = 2> <OutPorts = 1>
ST_5 : Operation 131 [1/1] (0.00ns)   --->   "%tmp_482 = trunc i32 %tmp_25 to i5" [lstm_hls_opt/src/rnn.cpp:47]   --->   Operation 131 'trunc' 'tmp_482' <Predicate = true> <Delay = 0.00>
ST_5 : Operation 132 [1/1] (1.02ns)   --->   "%tmp_483 = sub i5 6, %tmp_482" [lstm_hls_opt/src/rnn.cpp:47]   --->   Operation 132 'sub' 'tmp_483' <Predicate = true> <Delay = 1.02> <Core = "AddSub">   --->   Core 14 'AddSub' <Latency = 0> <II = 1> <Delay = 2.69> <FuncUnit> <Opcode : 'add' 'sub'> <InPorts = 2> <OutPorts = 1>
ST_5 : Operation 133 [1/1] (0.00ns) (grouped into LUT with out node tmp_28)   --->   "%tmp_484 = zext i5 %tmp_483 to i16" [lstm_hls_opt/src/rnn.cpp:47]   --->   Operation 133 'zext' 'tmp_484' <Predicate = true> <Delay = 0.00>
ST_5 : Operation 134 [1/1] (0.00ns) (grouped into LUT with out node tmp_28)   --->   "%tmp_485 = lshr i16 -1, %tmp_484" [lstm_hls_opt/src/rnn.cpp:47]   --->   Operation 134 'lshr' 'tmp_485' <Predicate = true> <Delay = 0.00> <Core = "Shift">   --->   Core 28 'Shift' <Latency = 0> <II = 1> <Delay = 2.93> <FuncUnit> <Opcode : 'shl' 'lshr' 'ashr'> <InPorts = 2> <OutPorts = 1>
ST_5 : Operation 135 [1/1] (0.00ns) (grouped into LUT with out node tmp_28)   --->   "%p_Result_9 = and i16 %tmp_V_9, %tmp_485" [lstm_hls_opt/src/rnn.cpp:47]   --->   Operation 135 'and' 'p_Result_9' <Predicate = true> <Delay = 0.00> <Core = "LogicGate">   --->   Core 27 'LogicGate' <Latency = 0> <II = 1> <Delay = 0.80> <FuncUnit> <Opcode : 'and' 'or' 'xor'> <InPorts = 2> <OutPorts = 1>
ST_5 : Operation 136 [1/1] (2.18ns) (out node of the LUT)   --->   "%tmp_28 = icmp ne i16 %p_Result_9, 0" [lstm_hls_opt/src/rnn.cpp:47]   --->   Operation 136 'icmp' 'tmp_28' <Predicate = true> <Delay = 2.18> <Core = "Cmp">   --->   Core 25 'Cmp' <Latency = 0> <II = 1> <Delay = 1.88> <FuncUnit> <Opcode : 'icmp'> <InPorts = 2> <OutPorts = 1>
ST_5 : Operation 137 [1/1] (0.00ns) (grouped into LUT with out node tmp_33)   --->   "%a_1 = and i1 %icmp1, %tmp_28" [lstm_hls_opt/src/rnn.cpp:47]   --->   Operation 137 'and' 'a_1' <Predicate = true> <Delay = 0.00> <Core = "LogicGate">   --->   Core 27 'LogicGate' <Latency = 0> <II = 1> <Delay = 0.80> <FuncUnit> <Opcode : 'and' 'or' 'xor'> <InPorts = 2> <OutPorts = 1>
ST_5 : Operation 138 [1/1] (0.00ns) (grouped into LUT with out node tmp_33)   --->   "%tmp_487 = call i1 @_ssdm_op_BitSelect.i1.i32.i32(i32 %lsb_index_1, i32 31)" [lstm_hls_opt/src/rnn.cpp:47]   --->   Operation 138 'bitselect' 'tmp_487' <Predicate = true> <Delay = 0.00>
ST_5 : Operation 139 [1/1] (0.00ns) (grouped into LUT with out node tmp_33)   --->   "%rev1 = xor i1 %tmp_487, true" [lstm_hls_opt/src/rnn.cpp:47]   --->   Operation 139 'xor' 'rev1' <Predicate = true> <Delay = 0.00> <Core = "LogicGate">   --->   Core 27 'LogicGate' <Latency = 0> <II = 1> <Delay = 0.80> <FuncUnit> <Opcode : 'and' 'or' 'xor'> <InPorts = 2> <OutPorts = 1>
ST_5 : Operation 140 [1/1] (1.54ns)   --->   "%tmp_30 = add i16 -53, %tmp_480" [lstm_hls_opt/src/rnn.cpp:47]   --->   Operation 140 'add' 'tmp_30' <Predicate = true> <Delay = 1.54> <Core = "AddSub">   --->   Core 14 'AddSub' <Latency = 0> <II = 1> <Delay = 2.69> <FuncUnit> <Opcode : 'add' 'sub'> <InPorts = 2> <OutPorts = 1>
ST_5 : Operation 141 [1/1] (0.00ns) (grouped into LUT with out node tmp_33)   --->   "%p_Result_10 = call i1 @_ssdm_op_BitSelect.i1.i16.i16(i16 %tmp_V_9, i16 %tmp_30)" [lstm_hls_opt/src/rnn.cpp:47]   --->   Operation 141 'bitselect' 'p_Result_10' <Predicate = true> <Delay = 0.00>
ST_5 : Operation 142 [1/1] (0.00ns) (grouped into LUT with out node tmp_33)   --->   "%tmp_32 = and i1 %p_Result_10, %rev1" [lstm_hls_opt/src/rnn.cpp:47]   --->   Operation 142 'and' 'tmp_32' <Predicate = true> <Delay = 0.00> <Core = "LogicGate">   --->   Core 27 'LogicGate' <Latency = 0> <II = 1> <Delay = 0.80> <FuncUnit> <Opcode : 'and' 'or' 'xor'> <InPorts = 2> <OutPorts = 1>
ST_5 : Operation 143 [1/1] (0.00ns) (grouped into LUT with out node tmp_33)   --->   "%tmp_266 = or i1 %tmp_32, %a_1" [lstm_hls_opt/src/rnn.cpp:47]   --->   Operation 143 'or' 'tmp_266' <Predicate = true> <Delay = 0.00> <Core = "LogicGate">   --->   Core 27 'LogicGate' <Latency = 0> <II = 1> <Delay = 0.80> <FuncUnit> <Opcode : 'and' 'or' 'xor'> <InPorts = 2> <OutPorts = 1>
ST_5 : Operation 144 [1/1] (0.80ns) (out node of the LUT)   --->   "%tmp_33 = call i32 @_ssdm_op_BitConcatenate.i32.i31.i1(i31 0, i1 %tmp_266)" [lstm_hls_opt/src/rnn.cpp:47]   --->   Operation 144 'bitconcatenate' 'tmp_33' <Predicate = true> <Delay = 0.80>
ST_5 : Operation 145 [1/1] (1.96ns)   --->   "%tmp_34 = icmp sgt i32 %lsb_index_1, 0" [lstm_hls_opt/src/rnn.cpp:47]   --->   Operation 145 'icmp' 'tmp_34' <Predicate = true> <Delay = 1.96> <Core = "Cmp">   --->   Core 25 'Cmp' <Latency = 0> <II = 1> <Delay = 1.88> <FuncUnit> <Opcode : 'icmp'> <InPorts = 2> <OutPorts = 1>

State 6 <SV = 4> <Delay = 8.67>
ST_6 : Operation 146 [1/1] (0.00ns) (grouped into LUT with out node m_2)   --->   "%m = zext i16 %tmp_V_8 to i64" [lstm_hls_opt/src/rnn.cpp:46]   --->   Operation 146 'zext' 'm' <Predicate = (!tmp_14)> <Delay = 0.00>
ST_6 : Operation 147 [1/1] (0.00ns) (grouped into LUT with out node m_2)   --->   "%m_cast = zext i16 %tmp_V_8 to i32" [lstm_hls_opt/src/rnn.cpp:46]   --->   Operation 147 'zext' 'm_cast' <Predicate = (tmp_14)> <Delay = 0.00>
ST_6 : Operation 148 [1/1] (1.89ns)   --->   "%tmp_15 = add nsw i32 -54, %tmp_1" [lstm_hls_opt/src/rnn.cpp:46]   --->   Operation 148 'add' 'tmp_15' <Predicate = (tmp_14)> <Delay = 1.89> <Core = "AddSub">   --->   Core 14 'AddSub' <Latency = 0> <II = 1> <Delay = 2.69> <FuncUnit> <Opcode : 'add' 'sub'> <InPorts = 2> <OutPorts = 1>
ST_6 : Operation 149 [1/1] (0.00ns) (grouped into LUT with out node m_2)   --->   "%tmp_17 = lshr i32 %m_cast, %tmp_15" [lstm_hls_opt/src/rnn.cpp:46]   --->   Operation 149 'lshr' 'tmp_17' <Predicate = (tmp_14)> <Delay = 0.00> <Core = "Shift">   --->   Core 28 'Shift' <Latency = 0> <II = 1> <Delay = 2.93> <FuncUnit> <Opcode : 'shl' 'lshr' 'ashr'> <InPorts = 2> <OutPorts = 1>
ST_6 : Operation 150 [1/1] (0.00ns) (grouped into LUT with out node m_2)   --->   "%tmp_17_cast = zext i32 %tmp_17 to i64" [lstm_hls_opt/src/rnn.cpp:46]   --->   Operation 150 'zext' 'tmp_17_cast' <Predicate = (tmp_14)> <Delay = 0.00>
ST_6 : Operation 151 [1/1] (1.89ns)   --->   "%tmp_18 = sub i32 54, %tmp_1" [lstm_hls_opt/src/rnn.cpp:46]   --->   Operation 151 'sub' 'tmp_18' <Predicate = (!tmp_14)> <Delay = 1.89> <Core = "AddSub">   --->   Core 14 'AddSub' <Latency = 0> <II = 1> <Delay = 2.69> <FuncUnit> <Opcode : 'add' 'sub'> <InPorts = 2> <OutPorts = 1>
ST_6 : Operation 152 [1/1] (0.00ns) (grouped into LUT with out node m_2)   --->   "%tmp_19 = zext i32 %tmp_18 to i64" [lstm_hls_opt/src/rnn.cpp:46]   --->   Operation 152 'zext' 'tmp_19' <Predicate = (!tmp_14)> <Delay = 0.00>
ST_6 : Operation 153 [1/1] (0.00ns) (grouped into LUT with out node m_2)   --->   "%tmp_20 = shl i64 %m, %tmp_19" [lstm_hls_opt/src/rnn.cpp:46]   --->   Operation 153 'shl' 'tmp_20' <Predicate = (!tmp_14)> <Delay = 0.00> <Core = "Shift">   --->   Core 28 'Shift' <Latency = 0> <II = 1> <Delay = 2.93> <FuncUnit> <Opcode : 'shl' 'lshr' 'ashr'> <InPorts = 2> <OutPorts = 1>
ST_6 : Operation 154 [1/1] (0.00ns) (grouped into LUT with out node m_2)   --->   "%m_1 = select i1 %tmp_14, i64 %tmp_17_cast, i64 %tmp_20" [lstm_hls_opt/src/rnn.cpp:46]   --->   Operation 154 'select' 'm_1' <Predicate = true> <Delay = 0.00> <Core = "Sel">   --->   Core 26 'Sel' <Latency = 0> <II = 1> <Delay = 0.79> <FuncUnit> <Opcode : 'select'> <InPorts = 3> <OutPorts = 1>
ST_6 : Operation 155 [1/1] (0.00ns) (grouped into LUT with out node m_2)   --->   "%tmp_21 = zext i32 %tmp_13 to i64" [lstm_hls_opt/src/rnn.cpp:46]   --->   Operation 155 'zext' 'tmp_21' <Predicate = true> <Delay = 0.00>
ST_6 : Operation 156 [1/1] (2.93ns) (out node of the LUT)   --->   "%m_2 = add i64 %tmp_21, %m_1" [lstm_hls_opt/src/rnn.cpp:46]   --->   Operation 156 'add' 'm_2' <Predicate = true> <Delay = 2.93> <Core = "AddSub">   --->   Core 14 'AddSub' <Latency = 0> <II = 1> <Delay = 2.69> <FuncUnit> <Opcode : 'add' 'sub'> <InPorts = 2> <OutPorts = 1>
ST_6 : Operation 157 [1/1] (0.00ns)   --->   "%m_s = call i63 @_ssdm_op_PartSelect.i63.i64.i32.i32(i64 %m_2, i32 1, i32 63)" [lstm_hls_opt/src/rnn.cpp:46]   --->   Operation 157 'partselect' 'm_s' <Predicate = true> <Delay = 0.00>
ST_6 : Operation 158 [1/1] (0.00ns)   --->   "%tmp_477 = call i1 @_ssdm_op_BitSelect.i1.i64.i32(i64 %m_2, i32 54)" [lstm_hls_opt/src/rnn.cpp:46]   --->   Operation 158 'bitselect' 'tmp_477' <Predicate = true> <Delay = 0.00>
ST_6 : Operation 159 [1/1] (0.79ns)   --->   "%tmp_264_cast_cast = select i1 %tmp_477, i11 1023, i11 1022" [lstm_hls_opt/src/rnn.cpp:46]   --->   Operation 159 'select' 'tmp_264_cast_cast' <Predicate = true> <Delay = 0.79> <Core = "Sel">   --->   Core 26 'Sel' <Latency = 0> <II = 1> <Delay = 0.79> <FuncUnit> <Opcode : 'select'> <InPorts = 3> <OutPorts = 1>
ST_6 : Operation 160 [1/1] (0.00ns) (grouped into TernaryAdder)   --->   "%tmp_263 = sub i11 5, %tmp_478" [lstm_hls_opt/src/rnn.cpp:46]   --->   Operation 160 'sub' 'tmp_263' <Predicate = true> <Delay = 0.00> <Core = "TAddSub">   --->   Core 84 'TAddSub' <Latency = 0> <II = 1> <Delay = 1.52> <IPBlock> <Opcode : 'add' 'sub'> <InPorts = 3> <OutPorts = 1> <Sync> <CReg>
ST_6 : Operation 161 [1/1] (3.04ns) (root node of TernaryAdder)   --->   "%p_Repl2_2_trunc = add i11 %tmp_263, %tmp_264_cast_cast" [lstm_hls_opt/src/rnn.cpp:46]   --->   Operation 161 'add' 'p_Repl2_2_trunc' <Predicate = true> <Delay = 3.04> <Core = "TAddSub">   --->   Core 84 'TAddSub' <Latency = 0> <II = 1> <Delay = 1.52> <IPBlock> <Opcode : 'add' 'sub'> <InPorts = 3> <OutPorts = 1> <Sync> <CReg>
ST_6 : Operation 162 [1/1] (0.00ns)   --->   "%tmp_404 = call i52 @_ssdm_op_PartSelect.i52.i64.i32.i32(i64 %m_2, i32 1, i32 52)" [lstm_hls_opt/src/rnn.cpp:46]   --->   Operation 162 'partselect' 'tmp_404' <Predicate = true> <Delay = 0.00>
ST_6 : Operation 163 [1/1] (2.20ns)   --->   "%notrhs = icmp eq i52 %tmp_404, 0" [lstm_hls_opt/src/rnn.cpp:46]   --->   Operation 163 'icmp' 'notrhs' <Predicate = true> <Delay = 2.20> <Core = "Cmp">   --->   Core 25 'Cmp' <Latency = 0> <II = 1> <Delay = 1.88> <FuncUnit> <Opcode : 'icmp'> <InPorts = 2> <OutPorts = 1>
ST_6 : Operation 164 [1/1] (0.00ns) (grouped into LUT with out node m_7)   --->   "%m_5 = zext i16 %tmp_V_9 to i64" [lstm_hls_opt/src/rnn.cpp:47]   --->   Operation 164 'zext' 'm_5' <Predicate = (!tmp_34)> <Delay = 0.00>
ST_6 : Operation 165 [1/1] (0.00ns) (grouped into LUT with out node m_7)   --->   "%m_5_cast = zext i16 %tmp_V_9 to i32" [lstm_hls_opt/src/rnn.cpp:47]   --->   Operation 165 'zext' 'm_5_cast' <Predicate = (tmp_34)> <Delay = 0.00>
ST_6 : Operation 166 [1/1] (1.89ns)   --->   "%tmp_35 = add nsw i32 -54, %tmp_25" [lstm_hls_opt/src/rnn.cpp:47]   --->   Operation 166 'add' 'tmp_35' <Predicate = (tmp_34)> <Delay = 1.89> <Core = "AddSub">   --->   Core 14 'AddSub' <Latency = 0> <II = 1> <Delay = 2.69> <FuncUnit> <Opcode : 'add' 'sub'> <InPorts = 2> <OutPorts = 1>
ST_6 : Operation 167 [1/1] (0.00ns) (grouped into LUT with out node m_7)   --->   "%tmp_37 = lshr i32 %m_5_cast, %tmp_35" [lstm_hls_opt/src/rnn.cpp:47]   --->   Operation 167 'lshr' 'tmp_37' <Predicate = (tmp_34)> <Delay = 0.00> <Core = "Shift">   --->   Core 28 'Shift' <Latency = 0> <II = 1> <Delay = 2.93> <FuncUnit> <Opcode : 'shl' 'lshr' 'ashr'> <InPorts = 2> <OutPorts = 1>
ST_6 : Operation 168 [1/1] (0.00ns) (grouped into LUT with out node m_7)   --->   "%tmp_37_cast = zext i32 %tmp_37 to i64" [lstm_hls_opt/src/rnn.cpp:47]   --->   Operation 168 'zext' 'tmp_37_cast' <Predicate = (tmp_34)> <Delay = 0.00>
ST_6 : Operation 169 [1/1] (1.89ns)   --->   "%tmp_38 = sub i32 54, %tmp_25" [lstm_hls_opt/src/rnn.cpp:47]   --->   Operation 169 'sub' 'tmp_38' <Predicate = (!tmp_34)> <Delay = 1.89> <Core = "AddSub">   --->   Core 14 'AddSub' <Latency = 0> <II = 1> <Delay = 2.69> <FuncUnit> <Opcode : 'add' 'sub'> <InPorts = 2> <OutPorts = 1>
ST_6 : Operation 170 [1/1] (0.00ns) (grouped into LUT with out node m_7)   --->   "%tmp_39 = zext i32 %tmp_38 to i64" [lstm_hls_opt/src/rnn.cpp:47]   --->   Operation 170 'zext' 'tmp_39' <Predicate = (!tmp_34)> <Delay = 0.00>
ST_6 : Operation 171 [1/1] (0.00ns) (grouped into LUT with out node m_7)   --->   "%tmp_40 = shl i64 %m_5, %tmp_39" [lstm_hls_opt/src/rnn.cpp:47]   --->   Operation 171 'shl' 'tmp_40' <Predicate = (!tmp_34)> <Delay = 0.00> <Core = "Shift">   --->   Core 28 'Shift' <Latency = 0> <II = 1> <Delay = 2.93> <FuncUnit> <Opcode : 'shl' 'lshr' 'ashr'> <InPorts = 2> <OutPorts = 1>
ST_6 : Operation 172 [1/1] (0.00ns) (grouped into LUT with out node m_7)   --->   "%m_6 = select i1 %tmp_34, i64 %tmp_37_cast, i64 %tmp_40" [lstm_hls_opt/src/rnn.cpp:47]   --->   Operation 172 'select' 'm_6' <Predicate = true> <Delay = 0.00> <Core = "Sel">   --->   Core 26 'Sel' <Latency = 0> <II = 1> <Delay = 0.79> <FuncUnit> <Opcode : 'select'> <InPorts = 3> <OutPorts = 1>
ST_6 : Operation 173 [1/1] (0.00ns) (grouped into LUT with out node m_7)   --->   "%tmp_41 = zext i32 %tmp_33 to i64" [lstm_hls_opt/src/rnn.cpp:47]   --->   Operation 173 'zext' 'tmp_41' <Predicate = true> <Delay = 0.00>
ST_6 : Operation 174 [1/1] (2.93ns) (out node of the LUT)   --->   "%m_7 = add i64 %tmp_41, %m_6" [lstm_hls_opt/src/rnn.cpp:47]   --->   Operation 174 'add' 'm_7' <Predicate = true> <Delay = 2.93> <Core = "AddSub">   --->   Core 14 'AddSub' <Latency = 0> <II = 1> <Delay = 2.69> <FuncUnit> <Opcode : 'add' 'sub'> <InPorts = 2> <OutPorts = 1>
ST_6 : Operation 175 [1/1] (0.00ns)   --->   "%m_3 = call i63 @_ssdm_op_PartSelect.i63.i64.i32.i32(i64 %m_7, i32 1, i32 63)" [lstm_hls_opt/src/rnn.cpp:47]   --->   Operation 175 'partselect' 'm_3' <Predicate = true> <Delay = 0.00>
ST_6 : Operation 176 [1/1] (0.00ns)   --->   "%tmp_488 = call i1 @_ssdm_op_BitSelect.i1.i64.i32(i64 %m_7, i32 54)" [lstm_hls_opt/src/rnn.cpp:47]   --->   Operation 176 'bitselect' 'tmp_488' <Predicate = true> <Delay = 0.00>
ST_6 : Operation 177 [1/1] (0.79ns)   --->   "%tmp_272_cast_cast = select i1 %tmp_488, i11 1023, i11 1022" [lstm_hls_opt/src/rnn.cpp:47]   --->   Operation 177 'select' 'tmp_272_cast_cast' <Predicate = true> <Delay = 0.79> <Core = "Sel">   --->   Core 26 'Sel' <Latency = 0> <II = 1> <Delay = 0.79> <FuncUnit> <Opcode : 'select'> <InPorts = 3> <OutPorts = 1>
ST_6 : Operation 178 [1/1] (0.00ns) (grouped into TernaryAdder)   --->   "%tmp_268 = sub i11 5, %tmp_489" [lstm_hls_opt/src/rnn.cpp:47]   --->   Operation 178 'sub' 'tmp_268' <Predicate = true> <Delay = 0.00> <Core = "TAddSub">   --->   Core 84 'TAddSub' <Latency = 0> <II = 1> <Delay = 1.52> <IPBlock> <Opcode : 'add' 'sub'> <InPorts = 3> <OutPorts = 1> <Sync> <CReg>
ST_6 : Operation 179 [1/1] (3.04ns) (root node of TernaryAdder)   --->   "%p_Repl2_5_trunc = add i11 %tmp_268, %tmp_272_cast_cast" [lstm_hls_opt/src/rnn.cpp:47]   --->   Operation 179 'add' 'p_Repl2_5_trunc' <Predicate = true> <Delay = 3.04> <Core = "TAddSub">   --->   Core 84 'TAddSub' <Latency = 0> <II = 1> <Delay = 1.52> <IPBlock> <Opcode : 'add' 'sub'> <InPorts = 3> <OutPorts = 1> <Sync> <CReg>
ST_6 : Operation 180 [1/1] (0.00ns)   --->   "%tmp_408 = call i52 @_ssdm_op_PartSelect.i52.i64.i32.i32(i64 %m_7, i32 1, i32 52)" [lstm_hls_opt/src/rnn.cpp:47]   --->   Operation 180 'partselect' 'tmp_408' <Predicate = true> <Delay = 0.00>
ST_6 : Operation 181 [1/1] (2.20ns)   --->   "%notrhs8 = icmp eq i52 %tmp_408, 0" [lstm_hls_opt/src/rnn.cpp:47]   --->   Operation 181 'icmp' 'notrhs8' <Predicate = true> <Delay = 2.20> <Core = "Cmp">   --->   Core 25 'Cmp' <Latency = 0> <II = 1> <Delay = 1.88> <FuncUnit> <Opcode : 'icmp'> <InPorts = 2> <OutPorts = 1>

State 7 <SV = 5> <Delay = 7.70>
ST_7 : Operation 182 [1/1] (0.00ns)   --->   "%m_11 = zext i63 %m_s to i64" [lstm_hls_opt/src/rnn.cpp:46]   --->   Operation 182 'zext' 'm_11' <Predicate = true> <Delay = 0.00>
ST_7 : Operation 183 [1/1] (0.00ns)   --->   "%tmp_264 = call i12 @_ssdm_op_BitConcatenate.i12.i1.i11(i1 %p_Result_12, i11 %p_Repl2_2_trunc)" [lstm_hls_opt/src/rnn.cpp:46]   --->   Operation 183 'bitconcatenate' 'tmp_264' <Predicate = true> <Delay = 0.00>
ST_7 : Operation 184 [1/1] (0.00ns)   --->   "%p_Result_14 = call i64 @_ssdm_op_PartSet.i64.i64.i12.i32.i32(i64 %m_11, i12 %tmp_264, i32 52, i32 63)" [lstm_hls_opt/src/rnn.cpp:46]   --->   Operation 184 'partset' 'p_Result_14' <Predicate = true> <Delay = 0.00>
ST_7 : Operation 185 [1/1] (0.00ns)   --->   "%tmp_23 = bitcast i64 %p_Result_14 to double" [lstm_hls_opt/src/rnn.cpp:46]   --->   Operation 185 'bitcast' 'tmp_23' <Predicate = true> <Delay = 0.00>
ST_7 : Operation 186 [1/1] (1.88ns)   --->   "%notlhs = icmp ne i11 %p_Repl2_2_trunc, -1" [lstm_hls_opt/src/rnn.cpp:46]   --->   Operation 186 'icmp' 'notlhs' <Predicate = true> <Delay = 1.88> <Core = "Cmp">   --->   Core 25 'Cmp' <Latency = 0> <II = 1> <Delay = 1.88> <FuncUnit> <Opcode : 'icmp'> <InPorts = 2> <OutPorts = 1>
ST_7 : Operation 187 [1/1] (0.00ns) (grouped into LUT with out node p_s)   --->   "%tmp_405 = or i1 %notrhs, %notlhs" [lstm_hls_opt/src/rnn.cpp:46]   --->   Operation 187 'or' 'tmp_405' <Predicate = true> <Delay = 0.00> <Core = "LogicGate">   --->   Core 27 'LogicGate' <Latency = 0> <II = 1> <Delay = 0.80> <FuncUnit> <Opcode : 'and' 'or' 'xor'> <InPorts = 2> <OutPorts = 1>
ST_7 : Operation 188 [1/1] (6.10ns)   --->   "%tmp_406 = fcmp olt double %tmp_23, 5.600000e-02" [lstm_hls_opt/src/rnn.cpp:46]   --->   Operation 188 'dcmp' 'tmp_406' <Predicate = true> <Delay = 6.10> <Core = "DCmp">   --->   Core 119 'DCmp' <Latency = 0> <II = 1> <Delay = 6.10> <FuncUnit> <Opcode : 'dcmp'> <InPorts = 2> <OutPorts = 1>
ST_7 : Operation 189 [1/1] (0.00ns) (grouped into LUT with out node p_s)   --->   "%tmp_407 = and i1 %tmp_405, %tmp_406" [lstm_hls_opt/src/rnn.cpp:46]   --->   Operation 189 'and' 'tmp_407' <Predicate = true> <Delay = 0.00> <Core = "LogicGate">   --->   Core 27 'LogicGate' <Latency = 0> <II = 1> <Delay = 0.80> <FuncUnit> <Opcode : 'and' 'or' 'xor'> <InPorts = 2> <OutPorts = 1>
ST_7 : Operation 190 [1/1] (0.00ns)   --->   "%m_12 = zext i63 %m_3 to i64" [lstm_hls_opt/src/rnn.cpp:47]   --->   Operation 190 'zext' 'm_12' <Predicate = true> <Delay = 0.00>
ST_7 : Operation 191 [1/1] (0.00ns)   --->   "%tmp_269 = call i12 @_ssdm_op_BitConcatenate.i12.i1.i11(i1 %p_Result_15, i11 %p_Repl2_5_trunc)" [lstm_hls_opt/src/rnn.cpp:47]   --->   Operation 191 'bitconcatenate' 'tmp_269' <Predicate = true> <Delay = 0.00>
ST_7 : Operation 192 [1/1] (0.00ns)   --->   "%p_Result_17 = call i64 @_ssdm_op_PartSet.i64.i64.i12.i32.i32(i64 %m_12, i12 %tmp_269, i32 52, i32 63)" [lstm_hls_opt/src/rnn.cpp:47]   --->   Operation 192 'partset' 'p_Result_17' <Predicate = true> <Delay = 0.00>
ST_7 : Operation 193 [1/1] (0.00ns)   --->   "%tmp_43 = bitcast i64 %p_Result_17 to double" [lstm_hls_opt/src/rnn.cpp:47]   --->   Operation 193 'bitcast' 'tmp_43' <Predicate = true> <Delay = 0.00>
ST_7 : Operation 194 [1/1] (1.88ns)   --->   "%notlhs7 = icmp ne i11 %p_Repl2_5_trunc, -1" [lstm_hls_opt/src/rnn.cpp:47]   --->   Operation 194 'icmp' 'notlhs7' <Predicate = true> <Delay = 1.88> <Core = "Cmp">   --->   Core 25 'Cmp' <Latency = 0> <II = 1> <Delay = 1.88> <FuncUnit> <Opcode : 'icmp'> <InPorts = 2> <OutPorts = 1>
ST_7 : Operation 195 [1/1] (0.00ns) (grouped into LUT with out node tmp1)   --->   "%tmp_409 = or i1 %notrhs8, %notlhs7" [lstm_hls_opt/src/rnn.cpp:47]   --->   Operation 195 'or' 'tmp_409' <Predicate = true> <Delay = 0.00> <Core = "LogicGate">   --->   Core 27 'LogicGate' <Latency = 0> <II = 1> <Delay = 0.80> <FuncUnit> <Opcode : 'and' 'or' 'xor'> <InPorts = 2> <OutPorts = 1>
ST_7 : Operation 196 [1/1] (6.10ns)   --->   "%tmp_410 = fcmp olt double %tmp_43, 1.700000e-02" [lstm_hls_opt/src/rnn.cpp:47]   --->   Operation 196 'dcmp' 'tmp_410' <Predicate = true> <Delay = 6.10> <Core = "DCmp">   --->   Core 119 'DCmp' <Latency = 0> <II = 1> <Delay = 6.10> <FuncUnit> <Opcode : 'dcmp'> <InPorts = 2> <OutPorts = 1>
ST_7 : Operation 197 [1/1] (0.00ns) (grouped into LUT with out node tmp1)   --->   "%tmp_411 = and i1 %tmp_409, %tmp_410" [lstm_hls_opt/src/rnn.cpp:47]   --->   Operation 197 'and' 'tmp_411' <Predicate = true> <Delay = 0.00> <Core = "LogicGate">   --->   Core 27 'LogicGate' <Latency = 0> <II = 1> <Delay = 0.80> <FuncUnit> <Opcode : 'and' 'or' 'xor'> <InPorts = 2> <OutPorts = 1>
ST_7 : Operation 198 [1/1] (0.80ns) (out node of the LUT)   --->   "%tmp1 = or i1 %tmp_24, %tmp_411" [lstm_hls_opt/src/rnn.cpp:48]   --->   Operation 198 'or' 'tmp1' <Predicate = true> <Delay = 0.80> <Core = "LogicGate">   --->   Core 27 'LogicGate' <Latency = 0> <II = 1> <Delay = 0.80> <FuncUnit> <Opcode : 'and' 'or' 'xor'> <InPorts = 2> <OutPorts = 1>
ST_7 : Operation 199 [1/1] (0.00ns) (grouped into LUT with out node p_s)   --->   "%tmp2 = or i1 %tmp_407, %tmp" [lstm_hls_opt/src/rnn.cpp:48]   --->   Operation 199 'or' 'tmp2' <Predicate = true> <Delay = 0.00> <Core = "LogicGate">   --->   Core 27 'LogicGate' <Latency = 0> <II = 1> <Delay = 0.80> <FuncUnit> <Opcode : 'and' 'or' 'xor'> <InPorts = 2> <OutPorts = 1>
ST_7 : Operation 200 [1/1] (0.80ns) (out node of the LUT)   --->   "%p_s = or i1 %tmp2, %tmp1" [lstm_hls_opt/src/rnn.cpp:48]   --->   Operation 200 'or' 'p_s' <Predicate = true> <Delay = 0.80> <Core = "LogicGate">   --->   Core 27 'LogicGate' <Latency = 0> <II = 1> <Delay = 0.80> <FuncUnit> <Opcode : 'and' 'or' 'xor'> <InPorts = 2> <OutPorts = 1>
ST_7 : Operation 201 [1/1] (0.00ns)   --->   "ret i1 %p_s" [lstm_hls_opt/src/rnn.cpp:48]   --->   Operation 201 'ret' <Predicate = true> <Delay = 0.00>


============================================================
+ Verbose Summary: Binding
============================================================
STG Binding: 
---------------- STG Properties BEGIN ----------------
- Is combinational: 0
- Is one-state seq: 0
- Is datapath-only: 0
- Is pipelined: 0
- Is top level: 0
Port [ Return ] is wired: 1; IO mode=ap_ctrl_hs:ce=0
Port [ x_t_0_V_read]:  wired=1; compound=0; hidden=0; nouse=0; global=0; static=0; extern=0; dir=0; type=0; pingpong=0; private_global=0; IO mode=ap_none:ce=0
Port [ x_t_1_V_read]:  wired=1; compound=0; hidden=0; nouse=0; global=0; static=0; extern=0; dir=0; type=0; pingpong=0; private_global=0; IO mode=ap_none:ce=0
Port [ x_t_2_V_read]:  wired=1; compound=0; hidden=0; nouse=0; global=0; static=0; extern=0; dir=0; type=0; pingpong=0; private_global=0; IO mode=ap_none:ce=0
Port [ x_t_3_V_read]:  wired=1; compound=0; hidden=0; nouse=0; global=0; static=0; extern=0; dir=0; type=0; pingpong=0; private_global=0; IO mode=ap_none:ce=0
Port [ x_t_4_V_read]:  wired=1; compound=0; hidden=0; nouse=0; global=0; static=0; extern=0; dir=0; type=0; pingpong=0; private_global=0; IO mode=ap_none:ce=0
Port [ x_t_5_V_read]:  wired=1; compound=0; hidden=0; nouse=0; global=0; static=0; extern=0; dir=0; type=0; pingpong=0; private_global=0; IO mode=ap_none:ce=0
Port [ x_t_6_V_read]:  wired=1; compound=0; hidden=0; nouse=0; global=0; static=0; extern=0; dir=0; type=0; pingpong=0; private_global=0; IO mode=ap_none:ce=0
Port [ x_t_7_V_read]:  wired=1; compound=0; hidden=0; nouse=0; global=0; static=0; extern=0; dir=0; type=0; pingpong=0; private_global=0; IO mode=ap_none:ce=0
Port [ x_t_8_V_read]:  wired=1; compound=0; hidden=0; nouse=0; global=0; static=0; extern=0; dir=0; type=0; pingpong=0; private_global=0; IO mode=ap_none:ce=0
Port [ x_t_9_V_read]:  wired=1; compound=0; hidden=0; nouse=0; global=0; static=0; extern=0; dir=0; type=0; pingpong=0; private_global=0; IO mode=ap_none:ce=0
Port [ x_t_10_V_read]:  wired=1; compound=0; hidden=0; nouse=0; global=0; static=0; extern=0; dir=0; type=0; pingpong=0; private_global=0; IO mode=ap_none:ce=0
Port [ x_t_11_V_read]:  wired=1; compound=0; hidden=0; nouse=0; global=0; static=0; extern=0; dir=0; type=0; pingpong=0; private_global=0; IO mode=ap_none:ce=0
Port [ x_t_12_V_read]:  wired=1; compound=0; hidden=0; nouse=0; global=0; static=0; extern=0; dir=0; type=0; pingpong=0; private_global=0; IO mode=ap_none:ce=0
Port [ x_t_13_V_read]:  wired=1; compound=0; hidden=0; nouse=0; global=0; static=0; extern=0; dir=0; type=0; pingpong=0; private_global=0; IO mode=ap_none:ce=0
Port [ x_t_14_V_read]:  wired=1; compound=0; hidden=0; nouse=0; global=0; static=0; extern=0; dir=0; type=0; pingpong=0; private_global=0; IO mode=ap_none:ce=0
Port [ x_t_15_V_read]:  wired=1; compound=0; hidden=0; nouse=0; global=0; static=0; extern=0; dir=0; type=0; pingpong=0; private_global=0; IO mode=ap_none:ce=0
Port [ x_t_16_V_read]:  wired=1; compound=0; hidden=0; nouse=0; global=0; static=0; extern=0; dir=0; type=0; pingpong=0; private_global=0; IO mode=ap_none:ce=0
Port [ x_t_17_V_read]:  wired=1; compound=0; hidden=0; nouse=0; global=0; static=0; extern=0; dir=0; type=0; pingpong=0; private_global=0; IO mode=ap_none:ce=0
Port [ x_t_18_V_read]:  wired=1; compound=0; hidden=0; nouse=0; global=0; static=0; extern=0; dir=0; type=0; pingpong=0; private_global=0; IO mode=ap_none:ce=0
Port [ x_t_19_V_read]:  wired=1; compound=0; hidden=0; nouse=0; global=0; static=0; extern=0; dir=0; type=0; pingpong=0; private_global=0; IO mode=ap_none:ce=0
Port [ x_t_20_V_read]:  wired=1; compound=0; hidden=0; nouse=0; global=0; static=0; extern=0; dir=0; type=0; pingpong=0; private_global=0; IO mode=ap_none:ce=0
Port [ x_t_21_V_read]:  wired=1; compound=0; hidden=0; nouse=0; global=0; static=0; extern=0; dir=0; type=0; pingpong=0; private_global=0; IO mode=ap_none:ce=0
Port [ x_t_22_V_read]:  wired=1; compound=0; hidden=0; nouse=0; global=0; static=0; extern=0; dir=0; type=0; pingpong=0; private_global=0; IO mode=ap_none:ce=0
Port [ x_t_23_V_read]:  wired=1; compound=0; hidden=0; nouse=0; global=0; static=0; extern=0; dir=0; type=0; pingpong=0; private_global=0; IO mode=ap_none:ce=0
Port [ x_t_24_V_read]:  wired=1; compound=0; hidden=0; nouse=0; global=0; static=0; extern=0; dir=0; type=0; pingpong=0; private_global=0; IO mode=ap_none:ce=0
Port [ x_t_25_V_read]:  wired=1; compound=0; hidden=0; nouse=0; global=0; static=0; extern=0; dir=0; type=0; pingpong=0; private_global=0; IO mode=ap_none:ce=0
Port [ x_t_26_V_read]:  wired=1; compound=0; hidden=0; nouse=0; global=0; static=0; extern=0; dir=0; type=0; pingpong=0; private_global=0; IO mode=ap_none:ce=0
Port [ x_t_27_V_read]:  wired=1; compound=0; hidden=0; nouse=0; global=0; static=0; extern=0; dir=0; type=0; pingpong=0; private_global=0; IO mode=ap_none:ce=0
Port [ x_prev_V]:  wired=1; compound=1; hidden=0; nouse=0; global=0; static=0; extern=0; dir=0; type=1; pingpong=0; private_global=0; MemPort=[13]; IO mode=ap_memory:ce=0
---------------- STG Properties END ------------------

---------------- Datapath Model BEGIN ----------------

<LifeTime>
<method=bitvector/>
x_t_27_V_read_1   (read             ) [ 00110000]
x_t_26_V_read_1   (read             ) [ 00110000]
x_t_25_V_read_1   (read             ) [ 00110000]
x_t_24_V_read_1   (read             ) [ 00110000]
x_t_23_V_read_1   (read             ) [ 00110000]
x_t_22_V_read_1   (read             ) [ 00110000]
x_t_21_V_read_1   (read             ) [ 00110000]
x_t_20_V_read_1   (read             ) [ 00110000]
x_t_19_V_read_1   (read             ) [ 00110000]
x_t_18_V_read_1   (read             ) [ 00110000]
x_t_17_V_read_1   (read             ) [ 00110000]
x_t_16_V_read_1   (read             ) [ 00110000]
x_t_15_V_read_1   (read             ) [ 00110000]
x_t_14_V_read_1   (read             ) [ 00110000]
x_t_13_V_read_1   (read             ) [ 00110000]
x_t_12_V_read_1   (read             ) [ 00110000]
x_t_11_V_read_1   (read             ) [ 00110000]
x_t_10_V_read_1   (read             ) [ 00110000]
x_t_9_V_read_1    (read             ) [ 00110000]
x_t_8_V_read_1    (read             ) [ 00110000]
x_t_7_V_read_1    (read             ) [ 00110000]
x_t_6_V_read_1    (read             ) [ 00110000]
x_t_5_V_read_1    (read             ) [ 00110000]
x_t_4_V_read_1    (read             ) [ 00110000]
x_t_3_V_read_1    (read             ) [ 00110000]
x_t_2_V_read_1    (read             ) [ 00110000]
x_t_1_V_read_1    (read             ) [ 00110000]
x_t_0_V_read_1    (read             ) [ 00110000]
StgValue_36       (br               ) [ 01110000]
tmp_V_6           (phi              ) [ 00111000]
tmp_V_7           (phi              ) [ 00111000]
i                 (phi              ) [ 00110000]
exitcond          (icmp             ) [ 00110000]
empty             (speclooptripcount) [ 00000000]
i_1               (add              ) [ 01110000]
StgValue_43       (br               ) [ 00000000]
tmp_259           (specregionbegin  ) [ 00110000]
StgValue_45       (specpipeline     ) [ 00000000]
tmp_s             (zext             ) [ 00000000]
StgValue_47       (switch           ) [ 00110000]
StgValue_48       (br               ) [ 00110000]
StgValue_49       (br               ) [ 00110000]
StgValue_50       (br               ) [ 00110000]
StgValue_51       (br               ) [ 00110000]
StgValue_52       (br               ) [ 00110000]
StgValue_53       (br               ) [ 00110000]
StgValue_54       (br               ) [ 00110000]
StgValue_55       (br               ) [ 00110000]
StgValue_56       (br               ) [ 00110000]
StgValue_57       (br               ) [ 00110000]
StgValue_58       (br               ) [ 00110000]
StgValue_59       (br               ) [ 00110000]
StgValue_60       (br               ) [ 00110000]
StgValue_61       (br               ) [ 00110000]
StgValue_62       (br               ) [ 00110000]
StgValue_63       (br               ) [ 00110000]
StgValue_64       (br               ) [ 00110000]
StgValue_65       (br               ) [ 00110000]
StgValue_66       (br               ) [ 00110000]
StgValue_67       (br               ) [ 00110000]
StgValue_68       (br               ) [ 00110000]
StgValue_69       (br               ) [ 00110000]
StgValue_70       (br               ) [ 00110000]
StgValue_71       (br               ) [ 00110000]
StgValue_72       (br               ) [ 00110000]
StgValue_73       (br               ) [ 00110000]
StgValue_74       (br               ) [ 00110000]
x_prev_V_addr     (getelementptr    ) [ 00110000]
p_Val2_2          (phi              ) [ 00110000]
p_Val2_s          (load             ) [ 00000000]
delta_V           (sub              ) [ 00000000]
tmp_490           (bitselect        ) [ 00000000]
addconv1          (add              ) [ 00000000]
tmp_7             (sub              ) [ 00000000]
diff_sum_V        (select           ) [ 01110000]
tmp_491           (bitselect        ) [ 00000000]
addconv           (add              ) [ 00000000]
tmp_9             (sub              ) [ 00000000]
energy_V          (select           ) [ 01110000]
empty_101         (specregionend    ) [ 00000000]
StgValue_89       (br               ) [ 01110000]
tmp               (icmp             ) [ 00000111]
p_Result_12       (bitselect        ) [ 00000111]
tmp_V             (sub              ) [ 00000000]
tmp_V_8           (select           ) [ 00000110]
p_Result_s        (partselect       ) [ 00000000]
p_Result_13       (bitconcatenate   ) [ 00000000]
l                 (cttz             ) [ 00000100]
tmp_478           (trunc            ) [ 00000110]
tmp_24            (icmp             ) [ 00000111]
p_Result_15       (bitselect        ) [ 00000111]
tmp_V_2           (sub              ) [ 00000000]
tmp_V_9           (select           ) [ 00000110]
p_Result_7        (partselect       ) [ 00000000]
p_Result_16       (bitconcatenate   ) [ 00000000]
l_1               (cttz             ) [ 00000100]
tmp_489           (trunc            ) [ 00000110]
tmp_1             (sub              ) [ 00000010]
tmp_469           (trunc            ) [ 00000000]
lsb_index         (add              ) [ 00000000]
tmp_470           (partselect       ) [ 00000000]
icmp              (icmp             ) [ 00000000]
tmp_471           (trunc            ) [ 00000000]
tmp_472           (sub              ) [ 00000000]
tmp_473           (zext             ) [ 00000000]
tmp_474           (lshr             ) [ 00000000]
p_Result_3        (and              ) [ 00000000]
tmp_4             (icmp             ) [ 00000000]
a                 (and              ) [ 00000000]
tmp_476           (bitselect        ) [ 00000000]
rev               (xor              ) [ 00000000]
tmp_10            (add              ) [ 00000000]
p_Result_4        (bitselect        ) [ 00000000]
tmp_12            (and              ) [ 00000000]
tmp_261           (or               ) [ 00000000]
tmp_13            (bitconcatenate   ) [ 00000010]
tmp_14            (icmp             ) [ 00000010]
tmp_25            (sub              ) [ 00000010]
tmp_480           (trunc            ) [ 00000000]
lsb_index_1       (add              ) [ 00000000]
tmp_481           (partselect       ) [ 00000000]
icmp1             (icmp             ) [ 00000000]
tmp_482           (trunc            ) [ 00000000]
tmp_483           (sub              ) [ 00000000]
tmp_484           (zext             ) [ 00000000]
tmp_485           (lshr             ) [ 00000000]
p_Result_9        (and              ) [ 00000000]
tmp_28            (icmp             ) [ 00000000]
a_1               (and              ) [ 00000000]
tmp_487           (bitselect        ) [ 00000000]
rev1              (xor              ) [ 00000000]
tmp_30            (add              ) [ 00000000]
p_Result_10       (bitselect        ) [ 00000000]
tmp_32            (and              ) [ 00000000]
tmp_266           (or               ) [ 00000000]
tmp_33            (bitconcatenate   ) [ 00000010]
tmp_34            (icmp             ) [ 00000010]
m                 (zext             ) [ 00000000]
m_cast            (zext             ) [ 00000000]
tmp_15            (add              ) [ 00000000]
tmp_17            (lshr             ) [ 00000000]
tmp_17_cast       (zext             ) [ 00000000]
tmp_18            (sub              ) [ 00000000]
tmp_19            (zext             ) [ 00000000]
tmp_20            (shl              ) [ 00000000]
m_1               (select           ) [ 00000000]
tmp_21            (zext             ) [ 00000000]
m_2               (add              ) [ 00000000]
m_s               (partselect       ) [ 00000001]
tmp_477           (bitselect        ) [ 00000000]
tmp_264_cast_cast (select           ) [ 00000000]
tmp_263           (sub              ) [ 00000000]
p_Repl2_2_trunc   (add              ) [ 00000001]
tmp_404           (partselect       ) [ 00000000]
notrhs            (icmp             ) [ 00000001]
m_5               (zext             ) [ 00000000]
m_5_cast          (zext             ) [ 00000000]
tmp_35            (add              ) [ 00000000]
tmp_37            (lshr             ) [ 00000000]
tmp_37_cast       (zext             ) [ 00000000]
tmp_38            (sub              ) [ 00000000]
tmp_39            (zext             ) [ 00000000]
tmp_40            (shl              ) [ 00000000]
m_6               (select           ) [ 00000000]
tmp_41            (zext             ) [ 00000000]
m_7               (add              ) [ 00000000]
m_3               (partselect       ) [ 00000001]
tmp_488           (bitselect        ) [ 00000000]
tmp_272_cast_cast (select           ) [ 00000000]
tmp_268           (sub              ) [ 00000000]
p_Repl2_5_trunc   (add              ) [ 00000001]
tmp_408           (partselect       ) [ 00000000]
notrhs8           (icmp             ) [ 00000001]
m_11              (zext             ) [ 00000000]
tmp_264           (bitconcatenate   ) [ 00000000]
p_Result_14       (partset          ) [ 00000000]
tmp_23            (bitcast          ) [ 00000000]
notlhs            (icmp             ) [ 00000000]
tmp_405           (or               ) [ 00000000]
tmp_406           (dcmp             ) [ 00000000]
tmp_407           (and              ) [ 00000000]
m_12              (zext             ) [ 00000000]
tmp_269           (bitconcatenate   ) [ 00000000]
p_Result_17       (partset          ) [ 00000000]
tmp_43            (bitcast          ) [ 00000000]
notlhs7           (icmp             ) [ 00000000]
tmp_409           (or               ) [ 00000000]
tmp_410           (dcmp             ) [ 00000000]
tmp_411           (and              ) [ 00000000]
tmp1              (or               ) [ 00000000]
tmp2              (or               ) [ 00000000]
p_s               (or               ) [ 00000000]
StgValue_201      (ret              ) [ 00000000]
</LifeTime>

<model>

<comp_list>
<comp id="0" class="1000" name="x_t_0_V_read">
<pin_list>
<pin id="1" dir="1" index="0" bw="1" slack="0"/>
</pin_list>
<bind>
<StgValue><ssdm name="x_t_0_V_read"/></StgValue>
</bind>
</comp>

<comp id="2" class="1000" name="x_t_1_V_read">
<pin_list>
<pin id="3" dir="1" index="0" bw="1" slack="0"/>
</pin_list>
<bind>
<StgValue><ssdm name="x_t_1_V_read"/></StgValue>
</bind>
</comp>

<comp id="4" class="1000" name="x_t_2_V_read">
<pin_list>
<pin id="5" dir="1" index="0" bw="1" slack="0"/>
</pin_list>
<bind>
<StgValue><ssdm name="x_t_2_V_read"/></StgValue>
</bind>
</comp>

<comp id="6" class="1000" name="x_t_3_V_read">
<pin_list>
<pin id="7" dir="1" index="0" bw="1" slack="0"/>
</pin_list>
<bind>
<StgValue><ssdm name="x_t_3_V_read"/></StgValue>
</bind>
</comp>

<comp id="8" class="1000" name="x_t_4_V_read">
<pin_list>
<pin id="9" dir="1" index="0" bw="1" slack="0"/>
</pin_list>
<bind>
<StgValue><ssdm name="x_t_4_V_read"/></StgValue>
</bind>
</comp>

<comp id="10" class="1000" name="x_t_5_V_read">
<pin_list>
<pin id="11" dir="1" index="0" bw="1" slack="0"/>
</pin_list>
<bind>
<StgValue><ssdm name="x_t_5_V_read"/></StgValue>
</bind>
</comp>

<comp id="12" class="1000" name="x_t_6_V_read">
<pin_list>
<pin id="13" dir="1" index="0" bw="1" slack="0"/>
</pin_list>
<bind>
<StgValue><ssdm name="x_t_6_V_read"/></StgValue>
</bind>
</comp>

<comp id="14" class="1000" name="x_t_7_V_read">
<pin_list>
<pin id="15" dir="1" index="0" bw="1" slack="0"/>
</pin_list>
<bind>
<StgValue><ssdm name="x_t_7_V_read"/></StgValue>
</bind>
</comp>

<comp id="16" class="1000" name="x_t_8_V_read">
<pin_list>
<pin id="17" dir="1" index="0" bw="1" slack="0"/>
</pin_list>
<bind>
<StgValue><ssdm name="x_t_8_V_read"/></StgValue>
</bind>
</comp>

<comp id="18" class="1000" name="x_t_9_V_read">
<pin_list>
<pin id="19" dir="1" index="0" bw="1" slack="0"/>
</pin_list>
<bind>
<StgValue><ssdm name="x_t_9_V_read"/></StgValue>
</bind>
</comp>

<comp id="20" class="1000" name="x_t_10_V_read">
<pin_list>
<pin id="21" dir="1" index="0" bw="1" slack="0"/>
</pin_list>
<bind>
<StgValue><ssdm name="x_t_10_V_read"/></StgValue>
</bind>
</comp>

<comp id="22" class="1000" name="x_t_11_V_read">
<pin_list>
<pin id="23" dir="1" index="0" bw="1" slack="0"/>
</pin_list>
<bind>
<StgValue><ssdm name="x_t_11_V_read"/></StgValue>
</bind>
</comp>

<comp id="24" class="1000" name="x_t_12_V_read">
<pin_list>
<pin id="25" dir="1" index="0" bw="1" slack="0"/>
</pin_list>
<bind>
<StgValue><ssdm name="x_t_12_V_read"/></StgValue>
</bind>
</comp>

<comp id="26" class="1000" name="x_t_13_V_read">
<pin_list>
<pin id="27" dir="1" index="0" bw="1" slack="0"/>
</pin_list>
<bind>
<StgValue><ssdm name="x_t_13_V_read"/></StgValue>
</bind>
</comp>

<comp id="28" class="1000" name="x_t_14_V_read">
<pin_list>
<pin id="29" dir="1" index="0" bw="1" slack="0"/>
</pin_list>
<bind>
<StgValue><ssdm name="x_t_14_V_read"/></StgValue>
</bind>
</comp>

<comp id="30" class="1000" name="x_t_15_V_read">
<pin_list>
<pin id="31" dir="1" index="0" bw="1" slack="0"/>
</pin_list>
<bind>
<StgValue><ssdm name="x_t_15_V_read"/></StgValue>
</bind>
</comp>

<comp id="32" class="1000" name="x_t_16_V_read">
<pin_list>
<pin id="33" dir="1" index="0" bw="1" slack="0"/>
</pin_list>
<bind>
<StgValue><ssdm name="x_t_16_V_read"/></StgValue>
</bind>
</comp>

<comp id="34" class="1000" name="x_t_17_V_read">
<pin_list>
<pin id="35" dir="1" index="0" bw="1" slack="0"/>
</pin_list>
<bind>
<StgValue><ssdm name="x_t_17_V_read"/></StgValue>
</bind>
</comp>

<comp id="36" class="1000" name="x_t_18_V_read">
<pin_list>
<pin id="37" dir="1" index="0" bw="1" slack="0"/>
</pin_list>
<bind>
<StgValue><ssdm name="x_t_18_V_read"/></StgValue>
</bind>
</comp>

<comp id="38" class="1000" name="x_t_19_V_read">
<pin_list>
<pin id="39" dir="1" index="0" bw="1" slack="0"/>
</pin_list>
<bind>
<StgValue><ssdm name="x_t_19_V_read"/></StgValue>
</bind>
</comp>

<comp id="40" class="1000" name="x_t_20_V_read">
<pin_list>
<pin id="41" dir="1" index="0" bw="1" slack="0"/>
</pin_list>
<bind>
<StgValue><ssdm name="x_t_20_V_read"/></StgValue>
</bind>
</comp>

<comp id="42" class="1000" name="x_t_21_V_read">
<pin_list>
<pin id="43" dir="1" index="0" bw="1" slack="0"/>
</pin_list>
<bind>
<StgValue><ssdm name="x_t_21_V_read"/></StgValue>
</bind>
</comp>

<comp id="44" class="1000" name="x_t_22_V_read">
<pin_list>
<pin id="45" dir="1" index="0" bw="1" slack="0"/>
</pin_list>
<bind>
<StgValue><ssdm name="x_t_22_V_read"/></StgValue>
</bind>
</comp>

<comp id="46" class="1000" name="x_t_23_V_read">
<pin_list>
<pin id="47" dir="1" index="0" bw="1" slack="0"/>
</pin_list>
<bind>
<StgValue><ssdm name="x_t_23_V_read"/></StgValue>
</bind>
</comp>

<comp id="48" class="1000" name="x_t_24_V_read">
<pin_list>
<pin id="49" dir="1" index="0" bw="1" slack="0"/>
</pin_list>
<bind>
<StgValue><ssdm name="x_t_24_V_read"/></StgValue>
</bind>
</comp>

<comp id="50" class="1000" name="x_t_25_V_read">
<pin_list>
<pin id="51" dir="1" index="0" bw="1" slack="0"/>
</pin_list>
<bind>
<StgValue><ssdm name="x_t_25_V_read"/></StgValue>
</bind>
</comp>

<comp id="52" class="1000" name="x_t_26_V_read">
<pin_list>
<pin id="53" dir="1" index="0" bw="1" slack="0"/>
</pin_list>
<bind>
<StgValue><ssdm name="x_t_26_V_read"/></StgValue>
</bind>
</comp>

<comp id="54" class="1000" name="x_t_27_V_read">
<pin_list>
<pin id="55" dir="1" index="0" bw="1" slack="0"/>
</pin_list>
<bind>
<StgValue><ssdm name="x_t_27_V_read"/></StgValue>
</bind>
</comp>

<comp id="56" class="1000" name="x_prev_V">
<pin_list>
<pin id="57" dir="1" index="0" bw="1" slack="0"/>
</pin_list>
<bind>
<StgValue><ssdm name="x_prev_V"/><MemPortTyVec>1 3 </MemPortTyVec>
</StgValue>
</bind>
</comp>

<comp id="58" class="1001" name="const_58">
<pin_list>
<pin id="59" dir="1" index="0" bw="1" slack="0"/>
</pin_list>
<bind>
<StgValue><ssdm name="_ssdm_op_Read.ap_auto.i16"/></StgValue>
</bind>
</comp>

<comp id="60" class="1001" name="const_60">
<pin_list>
<pin id="61" dir="1" index="0" bw="1" slack="0"/>
</pin_list>
<bind>
<StgValue><ssdm name=""/></StgValue>
</bind>
</comp>

<comp id="62" class="1001" name="const_62">
<pin_list>
<pin id="63" dir="1" index="0" bw="1" slack="1"/>
</pin_list>
<bind>
<StgValue><ssdm name=""/></StgValue>
</bind>
</comp>

<comp id="64" class="1001" name="const_64">
<pin_list>
<pin id="65" dir="1" index="0" bw="1" slack="0"/>
</pin_list>
<bind>
<StgValue><ssdm name=""/></StgValue>
</bind>
</comp>

<comp id="66" class="1001" name="const_66">
<pin_list>
<pin id="67" dir="1" index="0" bw="1" slack="2147483647"/>
</pin_list>
<bind>
<StgValue><ssdm name="_ssdm_op_SpecLoopTripCount"/></StgValue>
</bind>
</comp>

<comp id="68" class="1001" name="const_68">
<pin_list>
<pin id="69" dir="1" index="0" bw="1" slack="2147483647"/>
</pin_list>
<bind>
<StgValue><ssdm name=""/></StgValue>
</bind>
</comp>

<comp id="70" class="1001" name="const_70">
<pin_list>
<pin id="71" dir="1" index="0" bw="1" slack="0"/>
</pin_list>
<bind>
<StgValue><ssdm name=""/></StgValue>
</bind>
</comp>

<comp id="72" class="1001" name="const_72">
<pin_list>
<pin id="73" dir="1" index="0" bw="1" slack="2147483647"/>
</pin_list>
<bind>
<StgValue><ssdm name="_ssdm_op_SpecRegionBegin"/></StgValue>
</bind>
</comp>

<comp id="74" class="1001" name="const_74">
<pin_list>
<pin id="75" dir="1" index="0" bw="1" slack="2147483647"/>
</pin_list>
<bind>
<StgValue><ssdm name="p_str31"/></StgValue>
</bind>
</comp>

<comp id="76" class="1001" name="const_76">
<pin_list>
<pin id="77" dir="1" index="0" bw="1" slack="2147483647"/>
</pin_list>
<bind>
<StgValue><ssdm name="_ssdm_op_SpecPipeline"/></StgValue>
</bind>
</comp>

<comp id="78" class="1001" name="const_78">
<pin_list>
<pin id="79" dir="1" index="0" bw="1" slack="0"/>
</pin_list>
<bind>
<StgValue><ssdm name=""/></StgValue>
</bind>
</comp>

<comp id="80" class="1001" name="const_80">
<pin_list>
<pin id="81" dir="1" index="0" bw="1" slack="0"/>
</pin_list>
<bind>
<StgValue><ssdm name=""/></StgValue>
</bind>
</comp>

<comp id="82" class="1001" name="const_82">
<pin_list>
<pin id="83" dir="1" index="0" bw="1" slack="2147483647"/>
</pin_list>
<bind>
<StgValue><ssdm name="p_str13"/></StgValue>
</bind>
</comp>

<comp id="84" class="1001" name="const_84">
<pin_list>
<pin id="85" dir="1" index="0" bw="1" slack="2147483647"/>
</pin_list>
<bind>
<StgValue><ssdm name=""/></StgValue>
</bind>
</comp>

<comp id="86" class="1001" name="const_86">
<pin_list>
<pin id="87" dir="1" index="0" bw="1" slack="2147483647"/>
</pin_list>
<bind>
<StgValue><ssdm name=""/></StgValue>
</bind>
</comp>

<comp id="88" class="1001" name="const_88">
<pin_list>
<pin id="89" dir="1" index="0" bw="1" slack="2147483647"/>
</pin_list>
<bind>
<StgValue><ssdm name=""/></StgValue>
</bind>
</comp>

<comp id="90" class="1001" name="const_90">
<pin_list>
<pin id="91" dir="1" index="0" bw="1" slack="2147483647"/>
</pin_list>
<bind>
<StgValue><ssdm name=""/></StgValue>
</bind>
</comp>

<comp id="92" class="1001" name="const_92">
<pin_list>
<pin id="93" dir="1" index="0" bw="1" slack="0"/>
</pin_list>
<bind>
<StgValue><ssdm name=""/></StgValue>
</bind>
</comp>

<comp id="94" class="1001" name="const_94">
<pin_list>
<pin id="95" dir="1" index="0" bw="1" slack="2147483647"/>
</pin_list>
<bind>
<StgValue><ssdm name=""/></StgValue>
</bind>
</comp>

<comp id="96" class="1001" name="const_96">
<pin_list>
<pin id="97" dir="1" index="0" bw="1" slack="2147483647"/>
</pin_list>
<bind>
<StgValue><ssdm name=""/></StgValue>
</bind>
</comp>

<comp id="98" class="1001" name="const_98">
<pin_list>
<pin id="99" dir="1" index="0" bw="1" slack="2147483647"/>
</pin_list>
<bind>
<StgValue><ssdm name=""/></StgValue>
</bind>
</comp>

<comp id="100" class="1001" name="const_100">
<pin_list>
<pin id="101" dir="1" index="0" bw="1" slack="2147483647"/>
</pin_list>
<bind>
<StgValue><ssdm name=""/></StgValue>
</bind>
</comp>

<comp id="102" class="1001" name="const_102">
<pin_list>
<pin id="103" dir="1" index="0" bw="1" slack="2147483647"/>
</pin_list>
<bind>
<StgValue><ssdm name=""/></StgValue>
</bind>
</comp>

<comp id="104" class="1001" name="const_104">
<pin_list>
<pin id="105" dir="1" index="0" bw="1" slack="2147483647"/>
</pin_list>
<bind>
<StgValue><ssdm name=""/></StgValue>
</bind>
</comp>

<comp id="106" class="1001" name="const_106">
<pin_list>
<pin id="107" dir="1" index="0" bw="1" slack="2147483647"/>
</pin_list>
<bind>
<StgValue><ssdm name=""/></StgValue>
</bind>
</comp>

<comp id="108" class="1001" name="const_108">
<pin_list>
<pin id="109" dir="1" index="0" bw="1" slack="2147483647"/>
</pin_list>
<bind>
<StgValue><ssdm name=""/></StgValue>
</bind>
</comp>

<comp id="110" class="1001" name="const_110">
<pin_list>
<pin id="111" dir="1" index="0" bw="1" slack="2147483647"/>
</pin_list>
<bind>
<StgValue><ssdm name=""/></StgValue>
</bind>
</comp>

<comp id="112" class="1001" name="const_112">
<pin_list>
<pin id="113" dir="1" index="0" bw="1" slack="2147483647"/>
</pin_list>
<bind>
<StgValue><ssdm name=""/></StgValue>
</bind>
</comp>

<comp id="114" class="1001" name="const_114">
<pin_list>
<pin id="115" dir="1" index="0" bw="1" slack="2147483647"/>
</pin_list>
<bind>
<StgValue><ssdm name=""/></StgValue>
</bind>
</comp>

<comp id="116" class="1001" name="const_116">
<pin_list>
<pin id="117" dir="1" index="0" bw="1" slack="2147483647"/>
</pin_list>
<bind>
<StgValue><ssdm name=""/></StgValue>
</bind>
</comp>

<comp id="118" class="1001" name="const_118">
<pin_list>
<pin id="119" dir="1" index="0" bw="1" slack="2147483647"/>
</pin_list>
<bind>
<StgValue><ssdm name=""/></StgValue>
</bind>
</comp>

<comp id="120" class="1001" name="const_120">
<pin_list>
<pin id="121" dir="1" index="0" bw="1" slack="2147483647"/>
</pin_list>
<bind>
<StgValue><ssdm name=""/></StgValue>
</bind>
</comp>

<comp id="122" class="1001" name="const_122">
<pin_list>
<pin id="123" dir="1" index="0" bw="1" slack="2147483647"/>
</pin_list>
<bind>
<StgValue><ssdm name=""/></StgValue>
</bind>
</comp>

<comp id="124" class="1001" name="const_124">
<pin_list>
<pin id="125" dir="1" index="0" bw="1" slack="2147483647"/>
</pin_list>
<bind>
<StgValue><ssdm name=""/></StgValue>
</bind>
</comp>

<comp id="126" class="1001" name="const_126">
<pin_list>
<pin id="127" dir="1" index="0" bw="1" slack="2147483647"/>
</pin_list>
<bind>
<StgValue><ssdm name=""/></StgValue>
</bind>
</comp>

<comp id="128" class="1001" name="const_128">
<pin_list>
<pin id="129" dir="1" index="0" bw="1" slack="2147483647"/>
</pin_list>
<bind>
<StgValue><ssdm name=""/></StgValue>
</bind>
</comp>

<comp id="130" class="1001" name="const_130">
<pin_list>
<pin id="131" dir="1" index="0" bw="1" slack="2147483647"/>
</pin_list>
<bind>
<StgValue><ssdm name=""/></StgValue>
</bind>
</comp>

<comp id="132" class="1001" name="const_132">
<pin_list>
<pin id="133" dir="1" index="0" bw="1" slack="2147483647"/>
</pin_list>
<bind>
<StgValue><ssdm name=""/></StgValue>
</bind>
</comp>

<comp id="134" class="1001" name="const_134">
<pin_list>
<pin id="135" dir="1" index="0" bw="1" slack="0"/>
</pin_list>
<bind>
<StgValue><ssdm name=""/></StgValue>
</bind>
</comp>

<comp id="136" class="1001" name="const_136">
<pin_list>
<pin id="137" dir="1" index="0" bw="1" slack="0"/>
</pin_list>
<bind>
<StgValue><ssdm name="_ssdm_op_BitSelect.i1.i16.i32"/></StgValue>
</bind>
</comp>

<comp id="138" class="1001" name="const_138">
<pin_list>
<pin id="139" dir="1" index="0" bw="1" slack="0"/>
</pin_list>
<bind>
<StgValue><ssdm name=""/></StgValue>
</bind>
</comp>

<comp id="140" class="1001" name="const_140">
<pin_list>
<pin id="141" dir="1" index="0" bw="1" slack="2147483647"/>
</pin_list>
<bind>
<StgValue><ssdm name="_ssdm_op_SpecRegionEnd"/></StgValue>
</bind>
</comp>

<comp id="142" class="1001" name="const_142">
<pin_list>
<pin id="143" dir="1" index="0" bw="1" slack="0"/>
</pin_list>
<bind>
<StgValue><ssdm name="llvm.part.select.i16"/></StgValue>
</bind>
</comp>

<comp id="144" class="1001" name="const_144">
<pin_list>
<pin id="145" dir="1" index="0" bw="1" slack="0"/>
</pin_list>
<bind>
<StgValue><ssdm name="_ssdm_op_BitConcatenate.i32.i16.i16"/></StgValue>
</bind>
</comp>

<comp id="146" class="1001" name="const_146">
<pin_list>
<pin id="147" dir="1" index="0" bw="1" slack="0"/>
</pin_list>
<bind>
<StgValue><ssdm name=""/></StgValue>
</bind>
</comp>

<comp id="148" class="1001" name="const_148">
<pin_list>
<pin id="149" dir="1" index="0" bw="1" slack="0"/>
</pin_list>
<bind>
<StgValue><ssdm name="llvm.cttz.i32"/></StgValue>
</bind>
</comp>

<comp id="150" class="1001" name="const_150">
<pin_list>
<pin id="151" dir="1" index="0" bw="1" slack="0"/>
</pin_list>
<bind>
<StgValue><ssdm name=""/></StgValue>
</bind>
</comp>

<comp id="152" class="1001" name="const_152">
<pin_list>
<pin id="153" dir="1" index="0" bw="1" slack="0"/>
</pin_list>
<bind>
<StgValue><ssdm name=""/></StgValue>
</bind>
</comp>

<comp id="154" class="1001" name="const_154">
<pin_list>
<pin id="155" dir="1" index="0" bw="1" slack="0"/>
</pin_list>
<bind>
<StgValue><ssdm name=""/></StgValue>
</bind>
</comp>

<comp id="156" class="1001" name="const_156">
<pin_list>
<pin id="157" dir="1" index="0" bw="1" slack="0"/>
</pin_list>
<bind>
<StgValue><ssdm name="_ssdm_op_PartSelect.i31.i32.i32.i32"/></StgValue>
</bind>
</comp>

<comp id="158" class="1001" name="const_158">
<pin_list>
<pin id="159" dir="1" index="0" bw="1" slack="0"/>
</pin_list>
<bind>
<StgValue><ssdm name=""/></StgValue>
</bind>
</comp>

<comp id="160" class="1001" name="const_160">
<pin_list>
<pin id="161" dir="1" index="0" bw="1" slack="0"/>
</pin_list>
<bind>
<StgValue><ssdm name=""/></StgValue>
</bind>
</comp>

<comp id="162" class="1001" name="const_162">
<pin_list>
<pin id="163" dir="1" index="0" bw="1" slack="0"/>
</pin_list>
<bind>
<StgValue><ssdm name="_ssdm_op_BitSelect.i1.i32.i32"/></StgValue>
</bind>
</comp>

<comp id="164" class="1001" name="const_164">
<pin_list>
<pin id="165" dir="1" index="0" bw="1" slack="0"/>
</pin_list>
<bind>
<StgValue><ssdm name=""/></StgValue>
</bind>
</comp>

<comp id="166" class="1001" name="const_166">
<pin_list>
<pin id="167" dir="1" index="0" bw="1" slack="0"/>
</pin_list>
<bind>
<StgValue><ssdm name="_ssdm_op_BitSelect.i1.i16.i16"/></StgValue>
</bind>
</comp>

<comp id="168" class="1001" name="const_168">
<pin_list>
<pin id="169" dir="1" index="0" bw="1" slack="0"/>
</pin_list>
<bind>
<StgValue><ssdm name="_ssdm_op_BitConcatenate.i32.i31.i1"/></StgValue>
</bind>
</comp>

<comp id="170" class="1001" name="const_170">
<pin_list>
<pin id="171" dir="1" index="0" bw="1" slack="0"/>
</pin_list>
<bind>
<StgValue><ssdm name=""/></StgValue>
</bind>
</comp>

<comp id="172" class="1001" name="const_172">
<pin_list>
<pin id="173" dir="1" index="0" bw="1" slack="0"/>
</pin_list>
<bind>
<StgValue><ssdm name=""/></StgValue>
</bind>
</comp>

<comp id="174" class="1001" name="const_174">
<pin_list>
<pin id="175" dir="1" index="0" bw="1" slack="0"/>
</pin_list>
<bind>
<StgValue><ssdm name="_ssdm_op_PartSelect.i63.i64.i32.i32"/></StgValue>
</bind>
</comp>

<comp id="176" class="1001" name="const_176">
<pin_list>
<pin id="177" dir="1" index="0" bw="1" slack="0"/>
</pin_list>
<bind>
<StgValue><ssdm name=""/></StgValue>
</bind>
</comp>

<comp id="178" class="1001" name="const_178">
<pin_list>
<pin id="179" dir="1" index="0" bw="1" slack="0"/>
</pin_list>
<bind>
<StgValue><ssdm name="_ssdm_op_BitSelect.i1.i64.i32"/></StgValue>
</bind>
</comp>

<comp id="180" class="1001" name="const_180">
<pin_list>
<pin id="181" dir="1" index="0" bw="1" slack="0"/>
</pin_list>
<bind>
<StgValue><ssdm name=""/></StgValue>
</bind>
</comp>

<comp id="182" class="1001" name="const_182">
<pin_list>
<pin id="183" dir="1" index="0" bw="1" slack="0"/>
</pin_list>
<bind>
<StgValue><ssdm name=""/></StgValue>
</bind>
</comp>

<comp id="184" class="1001" name="const_184">
<pin_list>
<pin id="185" dir="1" index="0" bw="1" slack="0"/>
</pin_list>
<bind>
<StgValue><ssdm name=""/></StgValue>
</bind>
</comp>

<comp id="186" class="1001" name="const_186">
<pin_list>
<pin id="187" dir="1" index="0" bw="1" slack="0"/>
</pin_list>
<bind>
<StgValue><ssdm name="_ssdm_op_PartSelect.i52.i64.i32.i32"/></StgValue>
</bind>
</comp>

<comp id="188" class="1001" name="const_188">
<pin_list>
<pin id="189" dir="1" index="0" bw="1" slack="0"/>
</pin_list>
<bind>
<StgValue><ssdm name=""/></StgValue>
</bind>
</comp>

<comp id="190" class="1001" name="const_190">
<pin_list>
<pin id="191" dir="1" index="0" bw="1" slack="0"/>
</pin_list>
<bind>
<StgValue><ssdm name=""/></StgValue>
</bind>
</comp>

<comp id="192" class="1001" name="const_192">
<pin_list>
<pin id="193" dir="1" index="0" bw="1" slack="0"/>
</pin_list>
<bind>
<StgValue><ssdm name="_ssdm_op_BitConcatenate.i12.i1.i11"/></StgValue>
</bind>
</comp>

<comp id="194" class="1001" name="const_194">
<pin_list>
<pin id="195" dir="1" index="0" bw="1" slack="0"/>
</pin_list>
<bind>
<StgValue><ssdm name="_ssdm_op_PartSet.i64.i64.i12.i32.i32"/></StgValue>
</bind>
</comp>

<comp id="196" class="1001" name="const_196">
<pin_list>
<pin id="197" dir="1" index="0" bw="1" slack="0"/>
</pin_list>
<bind>
<StgValue><ssdm name=""/></StgValue>
</bind>
</comp>

<comp id="198" class="1001" name="const_198">
<pin_list>
<pin id="199" dir="1" index="0" bw="1" slack="0"/>
</pin_list>
<bind>
<StgValue><ssdm name=""/></StgValue>
</bind>
</comp>

<comp id="200" class="1001" name="const_200">
<pin_list>
<pin id="201" dir="1" index="0" bw="1" slack="0"/>
</pin_list>
<bind>
<StgValue><ssdm name=""/></StgValue>
</bind>
</comp>

<comp id="202" class="1004" name="x_t_27_V_read_1_read_fu_202">
<pin_list>
<pin id="203" dir="0" index="0" bw="16" slack="0"/>
<pin id="204" dir="0" index="1" bw="16" slack="0"/>
<pin id="205" dir="1" index="2" bw="16" slack="2"/>
</pin_list>
<bind>
<opcode="read(1150) " fcode="read"/>
<opset="x_t_27_V_read_1/1 "/>
</bind>
</comp>

<comp id="208" class="1004" name="x_t_26_V_read_1_read_fu_208">
<pin_list>
<pin id="209" dir="0" index="0" bw="16" slack="0"/>
<pin id="210" dir="0" index="1" bw="16" slack="0"/>
<pin id="211" dir="1" index="2" bw="16" slack="2"/>
</pin_list>
<bind>
<opcode="read(1150) " fcode="read"/>
<opset="x_t_26_V_read_1/1 "/>
</bind>
</comp>

<comp id="214" class="1004" name="x_t_25_V_read_1_read_fu_214">
<pin_list>
<pin id="215" dir="0" index="0" bw="16" slack="0"/>
<pin id="216" dir="0" index="1" bw="16" slack="0"/>
<pin id="217" dir="1" index="2" bw="16" slack="2"/>
</pin_list>
<bind>
<opcode="read(1150) " fcode="read"/>
<opset="x_t_25_V_read_1/1 "/>
</bind>
</comp>

<comp id="220" class="1004" name="x_t_24_V_read_1_read_fu_220">
<pin_list>
<pin id="221" dir="0" index="0" bw="16" slack="0"/>
<pin id="222" dir="0" index="1" bw="16" slack="0"/>
<pin id="223" dir="1" index="2" bw="16" slack="2"/>
</pin_list>
<bind>
<opcode="read(1150) " fcode="read"/>
<opset="x_t_24_V_read_1/1 "/>
</bind>
</comp>

<comp id="226" class="1004" name="x_t_23_V_read_1_read_fu_226">
<pin_list>
<pin id="227" dir="0" index="0" bw="16" slack="0"/>
<pin id="228" dir="0" index="1" bw="16" slack="0"/>
<pin id="229" dir="1" index="2" bw="16" slack="2"/>
</pin_list>
<bind>
<opcode="read(1150) " fcode="read"/>
<opset="x_t_23_V_read_1/1 "/>
</bind>
</comp>

<comp id="232" class="1004" name="x_t_22_V_read_1_read_fu_232">
<pin_list>
<pin id="233" dir="0" index="0" bw="16" slack="0"/>
<pin id="234" dir="0" index="1" bw="16" slack="0"/>
<pin id="235" dir="1" index="2" bw="16" slack="2"/>
</pin_list>
<bind>
<opcode="read(1150) " fcode="read"/>
<opset="x_t_22_V_read_1/1 "/>
</bind>
</comp>

<comp id="238" class="1004" name="x_t_21_V_read_1_read_fu_238">
<pin_list>
<pin id="239" dir="0" index="0" bw="16" slack="0"/>
<pin id="240" dir="0" index="1" bw="16" slack="0"/>
<pin id="241" dir="1" index="2" bw="16" slack="2"/>
</pin_list>
<bind>
<opcode="read(1150) " fcode="read"/>
<opset="x_t_21_V_read_1/1 "/>
</bind>
</comp>

<comp id="244" class="1004" name="x_t_20_V_read_1_read_fu_244">
<pin_list>
<pin id="245" dir="0" index="0" bw="16" slack="0"/>
<pin id="246" dir="0" index="1" bw="16" slack="0"/>
<pin id="247" dir="1" index="2" bw="16" slack="2"/>
</pin_list>
<bind>
<opcode="read(1150) " fcode="read"/>
<opset="x_t_20_V_read_1/1 "/>
</bind>
</comp>

<comp id="250" class="1004" name="x_t_19_V_read_1_read_fu_250">
<pin_list>
<pin id="251" dir="0" index="0" bw="16" slack="0"/>
<pin id="252" dir="0" index="1" bw="16" slack="0"/>
<pin id="253" dir="1" index="2" bw="16" slack="2"/>
</pin_list>
<bind>
<opcode="read(1150) " fcode="read"/>
<opset="x_t_19_V_read_1/1 "/>
</bind>
</comp>

<comp id="256" class="1004" name="x_t_18_V_read_1_read_fu_256">
<pin_list>
<pin id="257" dir="0" index="0" bw="16" slack="0"/>
<pin id="258" dir="0" index="1" bw="16" slack="0"/>
<pin id="259" dir="1" index="2" bw="16" slack="2"/>
</pin_list>
<bind>
<opcode="read(1150) " fcode="read"/>
<opset="x_t_18_V_read_1/1 "/>
</bind>
</comp>

<comp id="262" class="1004" name="x_t_17_V_read_1_read_fu_262">
<pin_list>
<pin id="263" dir="0" index="0" bw="16" slack="0"/>
<pin id="264" dir="0" index="1" bw="16" slack="0"/>
<pin id="265" dir="1" index="2" bw="16" slack="2"/>
</pin_list>
<bind>
<opcode="read(1150) " fcode="read"/>
<opset="x_t_17_V_read_1/1 "/>
</bind>
</comp>

<comp id="268" class="1004" name="x_t_16_V_read_1_read_fu_268">
<pin_list>
<pin id="269" dir="0" index="0" bw="16" slack="0"/>
<pin id="270" dir="0" index="1" bw="16" slack="0"/>
<pin id="271" dir="1" index="2" bw="16" slack="2"/>
</pin_list>
<bind>
<opcode="read(1150) " fcode="read"/>
<opset="x_t_16_V_read_1/1 "/>
</bind>
</comp>

<comp id="274" class="1004" name="x_t_15_V_read_1_read_fu_274">
<pin_list>
<pin id="275" dir="0" index="0" bw="16" slack="0"/>
<pin id="276" dir="0" index="1" bw="16" slack="0"/>
<pin id="277" dir="1" index="2" bw="16" slack="2"/>
</pin_list>
<bind>
<opcode="read(1150) " fcode="read"/>
<opset="x_t_15_V_read_1/1 "/>
</bind>
</comp>

<comp id="280" class="1004" name="x_t_14_V_read_1_read_fu_280">
<pin_list>
<pin id="281" dir="0" index="0" bw="16" slack="0"/>
<pin id="282" dir="0" index="1" bw="16" slack="0"/>
<pin id="283" dir="1" index="2" bw="16" slack="2"/>
</pin_list>
<bind>
<opcode="read(1150) " fcode="read"/>
<opset="x_t_14_V_read_1/1 "/>
</bind>
</comp>

<comp id="286" class="1004" name="x_t_13_V_read_1_read_fu_286">
<pin_list>
<pin id="287" dir="0" index="0" bw="16" slack="0"/>
<pin id="288" dir="0" index="1" bw="16" slack="0"/>
<pin id="289" dir="1" index="2" bw="16" slack="2"/>
</pin_list>
<bind>
<opcode="read(1150) " fcode="read"/>
<opset="x_t_13_V_read_1/1 "/>
</bind>
</comp>

<comp id="292" class="1004" name="x_t_12_V_read_1_read_fu_292">
<pin_list>
<pin id="293" dir="0" index="0" bw="16" slack="0"/>
<pin id="294" dir="0" index="1" bw="16" slack="0"/>
<pin id="295" dir="1" index="2" bw="16" slack="2"/>
</pin_list>
<bind>
<opcode="read(1150) " fcode="read"/>
<opset="x_t_12_V_read_1/1 "/>
</bind>
</comp>

<comp id="298" class="1004" name="x_t_11_V_read_1_read_fu_298">
<pin_list>
<pin id="299" dir="0" index="0" bw="16" slack="0"/>
<pin id="300" dir="0" index="1" bw="16" slack="0"/>
<pin id="301" dir="1" index="2" bw="16" slack="2"/>
</pin_list>
<bind>
<opcode="read(1150) " fcode="read"/>
<opset="x_t_11_V_read_1/1 "/>
</bind>
</comp>

<comp id="304" class="1004" name="x_t_10_V_read_1_read_fu_304">
<pin_list>
<pin id="305" dir="0" index="0" bw="16" slack="0"/>
<pin id="306" dir="0" index="1" bw="16" slack="0"/>
<pin id="307" dir="1" index="2" bw="16" slack="2"/>
</pin_list>
<bind>
<opcode="read(1150) " fcode="read"/>
<opset="x_t_10_V_read_1/1 "/>
</bind>
</comp>

<comp id="310" class="1004" name="x_t_9_V_read_1_read_fu_310">
<pin_list>
<pin id="311" dir="0" index="0" bw="16" slack="0"/>
<pin id="312" dir="0" index="1" bw="16" slack="0"/>
<pin id="313" dir="1" index="2" bw="16" slack="2"/>
</pin_list>
<bind>
<opcode="read(1150) " fcode="read"/>
<opset="x_t_9_V_read_1/1 "/>
</bind>
</comp>

<comp id="316" class="1004" name="x_t_8_V_read_1_read_fu_316">
<pin_list>
<pin id="317" dir="0" index="0" bw="16" slack="0"/>
<pin id="318" dir="0" index="1" bw="16" slack="0"/>
<pin id="319" dir="1" index="2" bw="16" slack="2"/>
</pin_list>
<bind>
<opcode="read(1150) " fcode="read"/>
<opset="x_t_8_V_read_1/1 "/>
</bind>
</comp>

<comp id="322" class="1004" name="x_t_7_V_read_1_read_fu_322">
<pin_list>
<pin id="323" dir="0" index="0" bw="16" slack="0"/>
<pin id="324" dir="0" index="1" bw="16" slack="0"/>
<pin id="325" dir="1" index="2" bw="16" slack="2"/>
</pin_list>
<bind>
<opcode="read(1150) " fcode="read"/>
<opset="x_t_7_V_read_1/1 "/>
</bind>
</comp>

<comp id="328" class="1004" name="x_t_6_V_read_1_read_fu_328">
<pin_list>
<pin id="329" dir="0" index="0" bw="16" slack="0"/>
<pin id="330" dir="0" index="1" bw="16" slack="0"/>
<pin id="331" dir="1" index="2" bw="16" slack="2"/>
</pin_list>
<bind>
<opcode="read(1150) " fcode="read"/>
<opset="x_t_6_V_read_1/1 "/>
</bind>
</comp>

<comp id="334" class="1004" name="x_t_5_V_read_1_read_fu_334">
<pin_list>
<pin id="335" dir="0" index="0" bw="16" slack="0"/>
<pin id="336" dir="0" index="1" bw="16" slack="0"/>
<pin id="337" dir="1" index="2" bw="16" slack="2"/>
</pin_list>
<bind>
<opcode="read(1150) " fcode="read"/>
<opset="x_t_5_V_read_1/1 "/>
</bind>
</comp>

<comp id="340" class="1004" name="x_t_4_V_read_1_read_fu_340">
<pin_list>
<pin id="341" dir="0" index="0" bw="16" slack="0"/>
<pin id="342" dir="0" index="1" bw="16" slack="0"/>
<pin id="343" dir="1" index="2" bw="16" slack="2"/>
</pin_list>
<bind>
<opcode="read(1150) " fcode="read"/>
<opset="x_t_4_V_read_1/1 "/>
</bind>
</comp>

<comp id="346" class="1004" name="x_t_3_V_read_1_read_fu_346">
<pin_list>
<pin id="347" dir="0" index="0" bw="16" slack="0"/>
<pin id="348" dir="0" index="1" bw="16" slack="0"/>
<pin id="349" dir="1" index="2" bw="16" slack="2"/>
</pin_list>
<bind>
<opcode="read(1150) " fcode="read"/>
<opset="x_t_3_V_read_1/1 "/>
</bind>
</comp>

<comp id="352" class="1004" name="x_t_2_V_read_1_read_fu_352">
<pin_list>
<pin id="353" dir="0" index="0" bw="16" slack="0"/>
<pin id="354" dir="0" index="1" bw="16" slack="0"/>
<pin id="355" dir="1" index="2" bw="16" slack="2"/>
</pin_list>
<bind>
<opcode="read(1150) " fcode="read"/>
<opset="x_t_2_V_read_1/1 "/>
</bind>
</comp>

<comp id="358" class="1004" name="x_t_1_V_read_1_read_fu_358">
<pin_list>
<pin id="359" dir="0" index="0" bw="16" slack="0"/>
<pin id="360" dir="0" index="1" bw="16" slack="0"/>
<pin id="361" dir="1" index="2" bw="16" slack="2"/>
</pin_list>
<bind>
<opcode="read(1150) " fcode="read"/>
<opset="x_t_1_V_read_1/1 "/>
</bind>
</comp>

<comp id="364" class="1004" name="x_t_0_V_read_1_read_fu_364">
<pin_list>
<pin id="365" dir="0" index="0" bw="16" slack="0"/>
<pin id="366" dir="0" index="1" bw="16" slack="0"/>
<pin id="367" dir="1" index="2" bw="16" slack="2"/>
</pin_list>
<bind>
<opcode="read(1150) " fcode="read"/>
<opset="x_t_0_V_read_1/1 "/>
</bind>
</comp>

<comp id="370" class="1004" name="x_prev_V_addr_gep_fu_370">
<pin_list>
<pin id="371" dir="0" index="0" bw="16" slack="0"/>
<pin id="372" dir="0" index="1" bw="1" slack="0"/>
<pin id="373" dir="0" index="2" bw="5" slack="0"/>
<pin id="374" dir="1" index="3" bw="8" slack="0"/>
</pin_list>
<bind>
<opcode="getelementptr(29) " fcode="getelementptr"/>
<opset="x_prev_V_addr/2 "/>
</bind>
</comp>

<comp id="377" class="1004" name="grp_access_fu_377">
<pin_list>
<pin id="378" dir="0" index="0" bw="8" slack="0"/>
<pin id="379" dir="0" index="1" bw="16" slack="2147483647"/>
<pin id="380" dir="0" index="2" bw="0" slack="2147483647"/>
<pin id="381" dir="1" index="3" bw="16" slack="0"/>
</pin_list>
<bind>
<opcode="load(27) " fcode="load"/>
<opset="p_Val2_s/2 "/>
</bind>
</comp>

<comp id="383" class="1005" name="tmp_V_6_reg_383">
<pin_list>
<pin id="384" dir="0" index="0" bw="16" slack="1"/>
<pin id="385" dir="1" index="1" bw="16" slack="1"/>
</pin_list>
<bind>
<opset="tmp_V_6 (phireg) "/>
</bind>
</comp>

<comp id="387" class="1004" name="tmp_V_6_phi_fu_387">
<pin_list>
<pin id="388" dir="0" index="0" bw="1" slack="1"/>
<pin id="389" dir="0" index="1" bw="0" slack="2147483647"/>
<pin id="390" dir="0" index="2" bw="16" slack="1"/>
<pin id="391" dir="0" index="3" bw="0" slack="2147483647"/>
<pin id="392" dir="1" index="4" bw="16" slack="1"/>
</pin_list>
<bind>
<opcode="phi(47) " fcode="phi"/>
<opset="tmp_V_6/2 "/>
</bind>
</comp>

<comp id="395" class="1005" name="tmp_V_7_reg_395">
<pin_list>
<pin id="396" dir="0" index="0" bw="16" slack="1"/>
<pin id="397" dir="1" index="1" bw="16" slack="1"/>
</pin_list>
<bind>
<opset="tmp_V_7 (phireg) "/>
</bind>
</comp>

<comp id="399" class="1004" name="tmp_V_7_phi_fu_399">
<pin_list>
<pin id="400" dir="0" index="0" bw="1" slack="1"/>
<pin id="401" dir="0" index="1" bw="0" slack="2147483647"/>
<pin id="402" dir="0" index="2" bw="16" slack="1"/>
<pin id="403" dir="0" index="3" bw="0" slack="2147483647"/>
<pin id="404" dir="1" index="4" bw="16" slack="1"/>
</pin_list>
<bind>
<opcode="phi(47) " fcode="phi"/>
<opset="tmp_V_7/2 "/>
</bind>
</comp>

<comp id="407" class="1005" name="i_reg_407">
<pin_list>
<pin id="408" dir="0" index="0" bw="5" slack="1"/>
<pin id="409" dir="1" index="1" bw="5" slack="1"/>
</pin_list>
<bind>
<opset="i (phireg) "/>
</bind>
</comp>

<comp id="411" class="1004" name="i_phi_fu_411">
<pin_list>
<pin id="412" dir="0" index="0" bw="1" slack="1"/>
<pin id="413" dir="0" index="1" bw="0" slack="2147483647"/>
<pin id="414" dir="0" index="2" bw="5" slack="0"/>
<pin id="415" dir="0" index="3" bw="0" slack="2147483647"/>
<pin id="416" dir="1" index="4" bw="5" slack="0"/>
</pin_list>
<bind>
<opcode="phi(47) " fcode="phi"/>
<opset="i/2 "/>
</bind>
</comp>

<comp id="419" class="1005" name="p_Val2_2_reg_419">
<pin_list>
<pin id="420" dir="0" index="0" bw="16" slack="2147483647"/>
<pin id="421" dir="1" index="1" bw="16" slack="2147483647"/>
</pin_list>
<bind>
<opset="p_Val2_2 (phireg) "/>
</bind>
</comp>

<comp id="422" class="1004" name="p_Val2_2_phi_fu_422">
<pin_list>
<pin id="423" dir="0" index="0" bw="16" slack="2"/>
<pin id="424" dir="0" index="1" bw="0" slack="2147483647"/>
<pin id="425" dir="0" index="2" bw="16" slack="2"/>
<pin id="426" dir="0" index="3" bw="0" slack="2147483647"/>
<pin id="427" dir="0" index="4" bw="16" slack="2"/>
<pin id="428" dir="0" index="5" bw="0" slack="2147483647"/>
<pin id="429" dir="0" index="6" bw="16" slack="2"/>
<pin id="430" dir="0" index="7" bw="0" slack="2147483647"/>
<pin id="431" dir="0" index="8" bw="16" slack="2"/>
<pin id="432" dir="0" index="9" bw="0" slack="2147483647"/>
<pin id="433" dir="0" index="10" bw="16" slack="2"/>
<pin id="434" dir="0" index="11" bw="0" slack="2147483647"/>
<pin id="435" dir="0" index="12" bw="16" slack="2"/>
<pin id="436" dir="0" index="13" bw="0" slack="2147483647"/>
<pin id="437" dir="0" index="14" bw="16" slack="2"/>
<pin id="438" dir="0" index="15" bw="0" slack="2147483647"/>
<pin id="439" dir="0" index="16" bw="16" slack="2"/>
<pin id="440" dir="0" index="17" bw="0" slack="2147483647"/>
<pin id="441" dir="0" index="18" bw="16" slack="2"/>
<pin id="442" dir="0" index="19" bw="0" slack="2147483647"/>
<pin id="443" dir="0" index="20" bw="16" slack="2"/>
<pin id="444" dir="0" index="21" bw="0" slack="2147483647"/>
<pin id="445" dir="0" index="22" bw="16" slack="2"/>
<pin id="446" dir="0" index="23" bw="0" slack="2147483647"/>
<pin id="447" dir="0" index="24" bw="16" slack="2"/>
<pin id="448" dir="0" index="25" bw="0" slack="2147483647"/>
<pin id="449" dir="0" index="26" bw="16" slack="2"/>
<pin id="450" dir="0" index="27" bw="0" slack="2147483647"/>
<pin id="451" dir="0" index="28" bw="16" slack="2"/>
<pin id="452" dir="0" index="29" bw="0" slack="2147483647"/>
<pin id="453" dir="0" index="30" bw="16" slack="2"/>
<pin id="454" dir="0" index="31" bw="0" slack="2147483647"/>
<pin id="455" dir="0" index="32" bw="16" slack="2"/>
<pin id="456" dir="0" index="33" bw="0" slack="2147483647"/>
<pin id="457" dir="0" index="34" bw="16" slack="2"/>
<pin id="458" dir="0" index="35" bw="0" slack="2147483647"/>
<pin id="459" dir="0" index="36" bw="16" slack="2"/>
<pin id="460" dir="0" index="37" bw="0" slack="2147483647"/>
<pin id="461" dir="0" index="38" bw="16" slack="2"/>
<pin id="462" dir="0" index="39" bw="0" slack="2147483647"/>
<pin id="463" dir="0" index="40" bw="16" slack="2"/>
<pin id="464" dir="0" index="41" bw="0" slack="2147483647"/>
<pin id="465" dir="0" index="42" bw="16" slack="2"/>
<pin id="466" dir="0" index="43" bw="0" slack="2147483647"/>
<pin id="467" dir="0" index="44" bw="16" slack="2"/>
<pin id="468" dir="0" index="45" bw="0" slack="2147483647"/>
<pin id="469" dir="0" index="46" bw="16" slack="2"/>
<pin id="470" dir="0" index="47" bw="0" slack="2147483647"/>
<pin id="471" dir="0" index="48" bw="16" slack="2"/>
<pin id="472" dir="0" index="49" bw="0" slack="2147483647"/>
<pin id="473" dir="0" index="50" bw="16" slack="2"/>
<pin id="474" dir="0" index="51" bw="0" slack="2147483647"/>
<pin id="475" dir="0" index="52" bw="16" slack="2"/>
<pin id="476" dir="0" index="53" bw="0" slack="2147483647"/>
<pin id="477" dir="0" index="54" bw="16" slack="2"/>
<pin id="478" dir="0" index="55" bw="0" slack="2147483647"/>
<pin id="479" dir="1" index="56" bw="16" slack="0"/>
</pin_list>
<bind>
<opcode="phi(47) " fcode="phi"/>
<opset="p_Val2_2/3 "/>
</bind>
</comp>

<comp id="480" class="1004" name="tmp_406_fu_480">
<pin_list>
<pin id="481" dir="0" index="0" bw="64" slack="0"/>
<pin id="482" dir="0" index="1" bw="64" slack="0"/>
<pin id="483" dir="1" index="2" bw="1" slack="0"/>
</pin_list>
<bind>
<opcode="dcmp(513) " fcode="dcmp"/>
<opset="tmp_406/7 "/>
</bind>
</comp>

<comp id="485" class="1004" name="tmp_410_fu_485">
<pin_list>
<pin id="486" dir="0" index="0" bw="64" slack="0"/>
<pin id="487" dir="0" index="1" bw="64" slack="0"/>
<pin id="488" dir="1" index="2" bw="1" slack="0"/>
</pin_list>
<bind>
<opcode="dcmp(513) " fcode="dcmp"/>
<opset="tmp_410/7 "/>
</bind>
</comp>

<comp id="490" class="1004" name="exitcond_fu_490">
<pin_list>
<pin id="491" dir="0" index="0" bw="5" slack="0"/>
<pin id="492" dir="0" index="1" bw="3" slack="0"/>
<pin id="493" dir="1" index="2" bw="1" slack="1"/>
</pin_list>
<bind>
<opcode="icmp(45) " fcode="icmp"/>
<opset="exitcond/2 "/>
</bind>
</comp>

<comp id="496" class="1004" name="i_1_fu_496">
<pin_list>
<pin id="497" dir="0" index="0" bw="5" slack="0"/>
<pin id="498" dir="0" index="1" bw="1" slack="0"/>
<pin id="499" dir="1" index="2" bw="5" slack="0"/>
</pin_list>
<bind>
<opcode="add(8) " fcode="add"/>
<opset="i_1/2 "/>
</bind>
</comp>

<comp id="502" class="1004" name="tmp_s_fu_502">
<pin_list>
<pin id="503" dir="0" index="0" bw="5" slack="0"/>
<pin id="504" dir="1" index="1" bw="64" slack="0"/>
</pin_list>
<bind>
<opcode="zext(34) " fcode="zext"/>
<opset="tmp_s/2 "/>
</bind>
</comp>

<comp id="507" class="1004" name="delta_V_fu_507">
<pin_list>
<pin id="508" dir="0" index="0" bw="16" slack="0"/>
<pin id="509" dir="0" index="1" bw="16" slack="0"/>
<pin id="510" dir="1" index="2" bw="16" slack="0"/>
</pin_list>
<bind>
<opcode="sub(10) " fcode="sub"/>
<opset="delta_V/3 "/>
</bind>
</comp>

<comp id="513" class="1004" name="tmp_490_fu_513">
<pin_list>
<pin id="514" dir="0" index="0" bw="1" slack="0"/>
<pin id="515" dir="0" index="1" bw="16" slack="0"/>
<pin id="516" dir="0" index="2" bw="5" slack="0"/>
<pin id="517" dir="1" index="3" bw="1" slack="0"/>
</pin_list>
<bind>
<opcode="bitselect(1000) " fcode="bitselect"/>
<opset="tmp_490/3 "/>
</bind>
</comp>

<comp id="521" class="1004" name="addconv1_fu_521">
<pin_list>
<pin id="522" dir="0" index="0" bw="16" slack="1"/>
<pin id="523" dir="0" index="1" bw="16" slack="0"/>
<pin id="524" dir="1" index="2" bw="16" slack="0"/>
</pin_list>
<bind>
<opcode="add(8) " fcode="add"/>
<opset="addconv1/3 "/>
</bind>
</comp>

<comp id="527" class="1004" name="tmp_7_fu_527">
<pin_list>
<pin id="528" dir="0" index="0" bw="16" slack="1"/>
<pin id="529" dir="0" index="1" bw="16" slack="0"/>
<pin id="530" dir="1" index="2" bw="16" slack="0"/>
</pin_list>
<bind>
<opcode="sub(10) " fcode="sub"/>
<opset="tmp_7/3 "/>
</bind>
</comp>

<comp id="533" class="1004" name="diff_sum_V_fu_533">
<pin_list>
<pin id="534" dir="0" index="0" bw="1" slack="0"/>
<pin id="535" dir="0" index="1" bw="16" slack="0"/>
<pin id="536" dir="0" index="2" bw="16" slack="0"/>
<pin id="537" dir="1" index="3" bw="16" slack="1"/>
</pin_list>
<bind>
<opcode="select(49) " fcode="select"/>
<opset="diff_sum_V/3 "/>
</bind>
</comp>

<comp id="541" class="1004" name="tmp_491_fu_541">
<pin_list>
<pin id="542" dir="0" index="0" bw="1" slack="0"/>
<pin id="543" dir="0" index="1" bw="16" slack="0"/>
<pin id="544" dir="0" index="2" bw="5" slack="0"/>
<pin id="545" dir="1" index="3" bw="1" slack="0"/>
</pin_list>
<bind>
<opcode="bitselect(1000) " fcode="bitselect"/>
<opset="tmp_491/3 "/>
</bind>
</comp>

<comp id="549" class="1004" name="addconv_fu_549">
<pin_list>
<pin id="550" dir="0" index="0" bw="16" slack="0"/>
<pin id="551" dir="0" index="1" bw="16" slack="1"/>
<pin id="552" dir="1" index="2" bw="16" slack="0"/>
</pin_list>
<bind>
<opcode="add(8) " fcode="add"/>
<opset="addconv/3 "/>
</bind>
</comp>

<comp id="555" class="1004" name="tmp_9_fu_555">
<pin_list>
<pin id="556" dir="0" index="0" bw="16" slack="1"/>
<pin id="557" dir="0" index="1" bw="16" slack="0"/>
<pin id="558" dir="1" index="2" bw="16" slack="0"/>
</pin_list>
<bind>
<opcode="sub(10) " fcode="sub"/>
<opset="tmp_9/3 "/>
</bind>
</comp>

<comp id="561" class="1004" name="energy_V_fu_561">
<pin_list>
<pin id="562" dir="0" index="0" bw="1" slack="0"/>
<pin id="563" dir="0" index="1" bw="16" slack="0"/>
<pin id="564" dir="0" index="2" bw="16" slack="0"/>
<pin id="565" dir="1" index="3" bw="16" slack="1"/>
</pin_list>
<bind>
<opcode="select(49) " fcode="select"/>
<opset="energy_V/3 "/>
</bind>
</comp>

<comp id="569" class="1004" name="tmp_fu_569">
<pin_list>
<pin id="570" dir="0" index="0" bw="16" slack="1"/>
<pin id="571" dir="0" index="1" bw="1" slack="0"/>
<pin id="572" dir="1" index="2" bw="1" slack="3"/>
</pin_list>
<bind>
<opcode="icmp(45) " fcode="icmp"/>
<opset="tmp/4 "/>
</bind>
</comp>

<comp id="575" class="1004" name="p_Result_12_fu_575">
<pin_list>
<pin id="576" dir="0" index="0" bw="1" slack="0"/>
<pin id="577" dir="0" index="1" bw="16" slack="1"/>
<pin id="578" dir="0" index="2" bw="5" slack="0"/>
<pin id="579" dir="1" index="3" bw="1" slack="0"/>
</pin_list>
<bind>
<opcode="bitselect(1000) " fcode="bitselect"/>
<opset="p_Result_12/4 "/>
</bind>
</comp>

<comp id="583" class="1004" name="tmp_V_fu_583">
<pin_list>
<pin id="584" dir="0" index="0" bw="1" slack="0"/>
<pin id="585" dir="0" index="1" bw="16" slack="1"/>
<pin id="586" dir="1" index="2" bw="16" slack="0"/>
</pin_list>
<bind>
<opcode="sub(10) " fcode="sub"/>
<opset="tmp_V/4 "/>
</bind>
</comp>

<comp id="589" class="1004" name="tmp_V_8_fu_589">
<pin_list>
<pin id="590" dir="0" index="0" bw="1" slack="0"/>
<pin id="591" dir="0" index="1" bw="16" slack="0"/>
<pin id="592" dir="0" index="2" bw="16" slack="1"/>
<pin id="593" dir="1" index="3" bw="16" slack="0"/>
</pin_list>
<bind>
<opcode="select(49) " fcode="select"/>
<opset="tmp_V_8/4 "/>
</bind>
</comp>

<comp id="597" class="1004" name="p_Result_s_fu_597">
<pin_list>
<pin id="598" dir="0" index="0" bw="16" slack="0"/>
<pin id="599" dir="0" index="1" bw="16" slack="0"/>
<pin id="600" dir="0" index="2" bw="5" slack="0"/>
<pin id="601" dir="0" index="3" bw="1" slack="0"/>
<pin id="602" dir="1" index="4" bw="16" slack="0"/>
</pin_list>
<bind>
<opcode="partselect(1002) " fcode="partselect"/>
<opset="p_Result_s/4 "/>
</bind>
</comp>

<comp id="607" class="1004" name="p_Result_13_fu_607">
<pin_list>
<pin id="608" dir="0" index="0" bw="32" slack="0"/>
<pin id="609" dir="0" index="1" bw="1" slack="0"/>
<pin id="610" dir="0" index="2" bw="16" slack="0"/>
<pin id="611" dir="1" index="3" bw="32" slack="0"/>
</pin_list>
<bind>
<opcode="bitconcatenate(1004) " fcode="bitconcatenate"/>
<opset="p_Result_13/4 "/>
</bind>
</comp>

<comp id="615" class="1004" name="l_fu_615">
<pin_list>
<pin id="616" dir="0" index="0" bw="32" slack="0"/>
<pin id="617" dir="0" index="1" bw="32" slack="0"/>
<pin id="618" dir="0" index="2" bw="1" slack="0"/>
<pin id="619" dir="1" index="3" bw="32" slack="0"/>
</pin_list>
<bind>
<opcode="cttz(524) " fcode="cttz"/>
<opset="l/4 "/>
</bind>
</comp>

<comp id="623" class="1004" name="tmp_478_fu_623">
<pin_list>
<pin id="624" dir="0" index="0" bw="32" slack="0"/>
<pin id="625" dir="1" index="1" bw="11" slack="2"/>
</pin_list>
<bind>
<opcode="trunc(33) " fcode="trunc"/>
<opset="tmp_478/4 "/>
</bind>
</comp>

<comp id="627" class="1004" name="tmp_24_fu_627">
<pin_list>
<pin id="628" dir="0" index="0" bw="16" slack="1"/>
<pin id="629" dir="0" index="1" bw="1" slack="0"/>
<pin id="630" dir="1" index="2" bw="1" slack="3"/>
</pin_list>
<bind>
<opcode="icmp(45) " fcode="icmp"/>
<opset="tmp_24/4 "/>
</bind>
</comp>

<comp id="633" class="1004" name="p_Result_15_fu_633">
<pin_list>
<pin id="634" dir="0" index="0" bw="1" slack="0"/>
<pin id="635" dir="0" index="1" bw="16" slack="1"/>
<pin id="636" dir="0" index="2" bw="5" slack="0"/>
<pin id="637" dir="1" index="3" bw="1" slack="0"/>
</pin_list>
<bind>
<opcode="bitselect(1000) " fcode="bitselect"/>
<opset="p_Result_15/4 "/>
</bind>
</comp>

<comp id="641" class="1004" name="tmp_V_2_fu_641">
<pin_list>
<pin id="642" dir="0" index="0" bw="1" slack="0"/>
<pin id="643" dir="0" index="1" bw="16" slack="1"/>
<pin id="644" dir="1" index="2" bw="16" slack="0"/>
</pin_list>
<bind>
<opcode="sub(10) " fcode="sub"/>
<opset="tmp_V_2/4 "/>
</bind>
</comp>

<comp id="647" class="1004" name="tmp_V_9_fu_647">
<pin_list>
<pin id="648" dir="0" index="0" bw="1" slack="0"/>
<pin id="649" dir="0" index="1" bw="16" slack="0"/>
<pin id="650" dir="0" index="2" bw="16" slack="1"/>
<pin id="651" dir="1" index="3" bw="16" slack="0"/>
</pin_list>
<bind>
<opcode="select(49) " fcode="select"/>
<opset="tmp_V_9/4 "/>
</bind>
</comp>

<comp id="655" class="1004" name="p_Result_7_fu_655">
<pin_list>
<pin id="656" dir="0" index="0" bw="16" slack="0"/>
<pin id="657" dir="0" index="1" bw="16" slack="0"/>
<pin id="658" dir="0" index="2" bw="5" slack="0"/>
<pin id="659" dir="0" index="3" bw="1" slack="0"/>
<pin id="660" dir="1" index="4" bw="16" slack="0"/>
</pin_list>
<bind>
<opcode="partselect(1002) " fcode="partselect"/>
<opset="p_Result_7/4 "/>
</bind>
</comp>

<comp id="665" class="1004" name="p_Result_16_fu_665">
<pin_list>
<pin id="666" dir="0" index="0" bw="32" slack="0"/>
<pin id="667" dir="0" index="1" bw="1" slack="0"/>
<pin id="668" dir="0" index="2" bw="16" slack="0"/>
<pin id="669" dir="1" index="3" bw="32" slack="0"/>
</pin_list>
<bind>
<opcode="bitconcatenate(1004) " fcode="bitconcatenate"/>
<opset="p_Result_16/4 "/>
</bind>
</comp>

<comp id="673" class="1004" name="l_1_fu_673">
<pin_list>
<pin id="674" dir="0" index="0" bw="32" slack="0"/>
<pin id="675" dir="0" index="1" bw="32" slack="0"/>
<pin id="676" dir="0" index="2" bw="1" slack="0"/>
<pin id="677" dir="1" index="3" bw="32" slack="0"/>
</pin_list>
<bind>
<opcode="cttz(524) " fcode="cttz"/>
<opset="l_1/4 "/>
</bind>
</comp>

<comp id="681" class="1004" name="tmp_489_fu_681">
<pin_list>
<pin id="682" dir="0" index="0" bw="32" slack="0"/>
<pin id="683" dir="1" index="1" bw="11" slack="2"/>
</pin_list>
<bind>
<opcode="trunc(33) " fcode="trunc"/>
<opset="tmp_489/4 "/>
</bind>
</comp>

<comp id="685" class="1004" name="tmp_1_fu_685">
<pin_list>
<pin id="686" dir="0" index="0" bw="6" slack="0"/>
<pin id="687" dir="0" index="1" bw="32" slack="1"/>
<pin id="688" dir="1" index="2" bw="32" slack="0"/>
</pin_list>
<bind>
<opcode="sub(10) " fcode="sub"/>
<opset="tmp_1/5 "/>
</bind>
</comp>

<comp id="690" class="1004" name="tmp_469_fu_690">
<pin_list>
<pin id="691" dir="0" index="0" bw="32" slack="0"/>
<pin id="692" dir="1" index="1" bw="16" slack="0"/>
</pin_list>
<bind>
<opcode="trunc(33) " fcode="trunc"/>
<opset="tmp_469/5 "/>
</bind>
</comp>

<comp id="694" class="1004" name="lsb_index_fu_694">
<pin_list>
<pin id="695" dir="0" index="0" bw="7" slack="0"/>
<pin id="696" dir="0" index="1" bw="32" slack="0"/>
<pin id="697" dir="1" index="2" bw="32" slack="0"/>
</pin_list>
<bind>
<opcode="add(8) " fcode="add"/>
<opset="lsb_index/5 "/>
</bind>
</comp>

<comp id="700" class="1004" name="tmp_470_fu_700">
<pin_list>
<pin id="701" dir="0" index="0" bw="31" slack="0"/>
<pin id="702" dir="0" index="1" bw="32" slack="0"/>
<pin id="703" dir="0" index="2" bw="1" slack="0"/>
<pin id="704" dir="0" index="3" bw="6" slack="0"/>
<pin id="705" dir="1" index="4" bw="31" slack="0"/>
</pin_list>
<bind>
<opcode="partselect(1002) " fcode="partselect"/>
<opset="tmp_470/5 "/>
</bind>
</comp>

<comp id="710" class="1004" name="icmp_fu_710">
<pin_list>
<pin id="711" dir="0" index="0" bw="31" slack="0"/>
<pin id="712" dir="0" index="1" bw="1" slack="0"/>
<pin id="713" dir="1" index="2" bw="1" slack="0"/>
</pin_list>
<bind>
<opcode="icmp(45) " fcode="icmp"/>
<opset="icmp/5 "/>
</bind>
</comp>

<comp id="716" class="1004" name="tmp_471_fu_716">
<pin_list>
<pin id="717" dir="0" index="0" bw="32" slack="0"/>
<pin id="718" dir="1" index="1" bw="5" slack="0"/>
</pin_list>
<bind>
<opcode="trunc(33) " fcode="trunc"/>
<opset="tmp_471/5 "/>
</bind>
</comp>

<comp id="720" class="1004" name="tmp_472_fu_720">
<pin_list>
<pin id="721" dir="0" index="0" bw="4" slack="0"/>
<pin id="722" dir="0" index="1" bw="5" slack="0"/>
<pin id="723" dir="1" index="2" bw="5" slack="0"/>
</pin_list>
<bind>
<opcode="sub(10) " fcode="sub"/>
<opset="tmp_472/5 "/>
</bind>
</comp>

<comp id="726" class="1004" name="tmp_473_fu_726">
<pin_list>
<pin id="727" dir="0" index="0" bw="5" slack="0"/>
<pin id="728" dir="1" index="1" bw="16" slack="0"/>
</pin_list>
<bind>
<opcode="zext(34) " fcode="zext"/>
<opset="tmp_473/5 "/>
</bind>
</comp>

<comp id="730" class="1004" name="tmp_474_fu_730">
<pin_list>
<pin id="731" dir="0" index="0" bw="1" slack="0"/>
<pin id="732" dir="0" index="1" bw="5" slack="0"/>
<pin id="733" dir="1" index="2" bw="16" slack="0"/>
</pin_list>
<bind>
<opcode="lshr(21) " fcode="lshr"/>
<opset="tmp_474/5 "/>
</bind>
</comp>

<comp id="736" class="1004" name="p_Result_3_fu_736">
<pin_list>
<pin id="737" dir="0" index="0" bw="16" slack="1"/>
<pin id="738" dir="0" index="1" bw="16" slack="0"/>
<pin id="739" dir="1" index="2" bw="16" slack="0"/>
</pin_list>
<bind>
<opcode="and(23) " fcode="and"/>
<opset="p_Result_3/5 "/>
</bind>
</comp>

<comp id="741" class="1004" name="tmp_4_fu_741">
<pin_list>
<pin id="742" dir="0" index="0" bw="16" slack="0"/>
<pin id="743" dir="0" index="1" bw="1" slack="0"/>
<pin id="744" dir="1" index="2" bw="1" slack="0"/>
</pin_list>
<bind>
<opcode="icmp(45) " fcode="icmp"/>
<opset="tmp_4/5 "/>
</bind>
</comp>

<comp id="747" class="1004" name="a_fu_747">
<pin_list>
<pin id="748" dir="0" index="0" bw="1" slack="0"/>
<pin id="749" dir="0" index="1" bw="1" slack="0"/>
<pin id="750" dir="1" index="2" bw="1" slack="0"/>
</pin_list>
<bind>
<opcode="and(23) " fcode="and"/>
<opset="a/5 "/>
</bind>
</comp>

<comp id="753" class="1004" name="tmp_476_fu_753">
<pin_list>
<pin id="754" dir="0" index="0" bw="1" slack="0"/>
<pin id="755" dir="0" index="1" bw="32" slack="0"/>
<pin id="756" dir="0" index="2" bw="6" slack="0"/>
<pin id="757" dir="1" index="3" bw="1" slack="0"/>
</pin_list>
<bind>
<opcode="bitselect(1000) " fcode="bitselect"/>
<opset="tmp_476/5 "/>
</bind>
</comp>

<comp id="761" class="1004" name="rev_fu_761">
<pin_list>
<pin id="762" dir="0" index="0" bw="1" slack="0"/>
<pin id="763" dir="0" index="1" bw="1" slack="0"/>
<pin id="764" dir="1" index="2" bw="1" slack="0"/>
</pin_list>
<bind>
<opcode="xor(25) " fcode="xor"/>
<opset="rev/5 "/>
</bind>
</comp>

<comp id="767" class="1004" name="tmp_10_fu_767">
<pin_list>
<pin id="768" dir="0" index="0" bw="7" slack="0"/>
<pin id="769" dir="0" index="1" bw="16" slack="0"/>
<pin id="770" dir="1" index="2" bw="16" slack="0"/>
</pin_list>
<bind>
<opcode="add(8) " fcode="add"/>
<opset="tmp_10/5 "/>
</bind>
</comp>

<comp id="773" class="1004" name="p_Result_4_fu_773">
<pin_list>
<pin id="774" dir="0" index="0" bw="1" slack="0"/>
<pin id="775" dir="0" index="1" bw="16" slack="1"/>
<pin id="776" dir="0" index="2" bw="16" slack="0"/>
<pin id="777" dir="1" index="3" bw="1" slack="0"/>
</pin_list>
<bind>
<opcode="bitselect(1000) " fcode="bitselect"/>
<opset="p_Result_4/5 "/>
</bind>
</comp>

<comp id="780" class="1004" name="tmp_12_fu_780">
<pin_list>
<pin id="781" dir="0" index="0" bw="1" slack="0"/>
<pin id="782" dir="0" index="1" bw="1" slack="0"/>
<pin id="783" dir="1" index="2" bw="1" slack="0"/>
</pin_list>
<bind>
<opcode="and(23) " fcode="and"/>
<opset="tmp_12/5 "/>
</bind>
</comp>

<comp id="786" class="1004" name="tmp_261_fu_786">
<pin_list>
<pin id="787" dir="0" index="0" bw="1" slack="0"/>
<pin id="788" dir="0" index="1" bw="1" slack="0"/>
<pin id="789" dir="1" index="2" bw="1" slack="0"/>
</pin_list>
<bind>
<opcode="or(24) " fcode="or"/>
<opset="tmp_261/5 "/>
</bind>
</comp>

<comp id="792" class="1004" name="tmp_13_fu_792">
<pin_list>
<pin id="793" dir="0" index="0" bw="32" slack="0"/>
<pin id="794" dir="0" index="1" bw="1" slack="0"/>
<pin id="795" dir="0" index="2" bw="1" slack="0"/>
<pin id="796" dir="1" index="3" bw="32" slack="1"/>
</pin_list>
<bind>
<opcode="bitconcatenate(1004) " fcode="bitconcatenate"/>
<opset="tmp_13/5 "/>
</bind>
</comp>

<comp id="800" class="1004" name="tmp_14_fu_800">
<pin_list>
<pin id="801" dir="0" index="0" bw="32" slack="0"/>
<pin id="802" dir="0" index="1" bw="1" slack="0"/>
<pin id="803" dir="1" index="2" bw="1" slack="1"/>
</pin_list>
<bind>
<opcode="icmp(45) " fcode="icmp"/>
<opset="tmp_14/5 "/>
</bind>
</comp>

<comp id="806" class="1004" name="tmp_25_fu_806">
<pin_list>
<pin id="807" dir="0" index="0" bw="6" slack="0"/>
<pin id="808" dir="0" index="1" bw="32" slack="1"/>
<pin id="809" dir="1" index="2" bw="32" slack="0"/>
</pin_list>
<bind>
<opcode="sub(10) " fcode="sub"/>
<opset="tmp_25/5 "/>
</bind>
</comp>

<comp id="811" class="1004" name="tmp_480_fu_811">
<pin_list>
<pin id="812" dir="0" index="0" bw="32" slack="0"/>
<pin id="813" dir="1" index="1" bw="16" slack="0"/>
</pin_list>
<bind>
<opcode="trunc(33) " fcode="trunc"/>
<opset="tmp_480/5 "/>
</bind>
</comp>

<comp id="815" class="1004" name="lsb_index_1_fu_815">
<pin_list>
<pin id="816" dir="0" index="0" bw="7" slack="0"/>
<pin id="817" dir="0" index="1" bw="32" slack="0"/>
<pin id="818" dir="1" index="2" bw="32" slack="0"/>
</pin_list>
<bind>
<opcode="add(8) " fcode="add"/>
<opset="lsb_index_1/5 "/>
</bind>
</comp>

<comp id="821" class="1004" name="tmp_481_fu_821">
<pin_list>
<pin id="822" dir="0" index="0" bw="31" slack="0"/>
<pin id="823" dir="0" index="1" bw="32" slack="0"/>
<pin id="824" dir="0" index="2" bw="1" slack="0"/>
<pin id="825" dir="0" index="3" bw="6" slack="0"/>
<pin id="826" dir="1" index="4" bw="31" slack="0"/>
</pin_list>
<bind>
<opcode="partselect(1002) " fcode="partselect"/>
<opset="tmp_481/5 "/>
</bind>
</comp>

<comp id="831" class="1004" name="icmp1_fu_831">
<pin_list>
<pin id="832" dir="0" index="0" bw="31" slack="0"/>
<pin id="833" dir="0" index="1" bw="1" slack="0"/>
<pin id="834" dir="1" index="2" bw="1" slack="0"/>
</pin_list>
<bind>
<opcode="icmp(45) " fcode="icmp"/>
<opset="icmp1/5 "/>
</bind>
</comp>

<comp id="837" class="1004" name="tmp_482_fu_837">
<pin_list>
<pin id="838" dir="0" index="0" bw="32" slack="0"/>
<pin id="839" dir="1" index="1" bw="5" slack="0"/>
</pin_list>
<bind>
<opcode="trunc(33) " fcode="trunc"/>
<opset="tmp_482/5 "/>
</bind>
</comp>

<comp id="841" class="1004" name="tmp_483_fu_841">
<pin_list>
<pin id="842" dir="0" index="0" bw="4" slack="0"/>
<pin id="843" dir="0" index="1" bw="5" slack="0"/>
<pin id="844" dir="1" index="2" bw="5" slack="0"/>
</pin_list>
<bind>
<opcode="sub(10) " fcode="sub"/>
<opset="tmp_483/5 "/>
</bind>
</comp>

<comp id="847" class="1004" name="tmp_484_fu_847">
<pin_list>
<pin id="848" dir="0" index="0" bw="5" slack="0"/>
<pin id="849" dir="1" index="1" bw="16" slack="0"/>
</pin_list>
<bind>
<opcode="zext(34) " fcode="zext"/>
<opset="tmp_484/5 "/>
</bind>
</comp>

<comp id="851" class="1004" name="tmp_485_fu_851">
<pin_list>
<pin id="852" dir="0" index="0" bw="1" slack="0"/>
<pin id="853" dir="0" index="1" bw="5" slack="0"/>
<pin id="854" dir="1" index="2" bw="16" slack="0"/>
</pin_list>
<bind>
<opcode="lshr(21) " fcode="lshr"/>
<opset="tmp_485/5 "/>
</bind>
</comp>

<comp id="857" class="1004" name="p_Result_9_fu_857">
<pin_list>
<pin id="858" dir="0" index="0" bw="16" slack="1"/>
<pin id="859" dir="0" index="1" bw="16" slack="0"/>
<pin id="860" dir="1" index="2" bw="16" slack="0"/>
</pin_list>
<bind>
<opcode="and(23) " fcode="and"/>
<opset="p_Result_9/5 "/>
</bind>
</comp>

<comp id="862" class="1004" name="tmp_28_fu_862">
<pin_list>
<pin id="863" dir="0" index="0" bw="16" slack="0"/>
<pin id="864" dir="0" index="1" bw="1" slack="0"/>
<pin id="865" dir="1" index="2" bw="1" slack="0"/>
</pin_list>
<bind>
<opcode="icmp(45) " fcode="icmp"/>
<opset="tmp_28/5 "/>
</bind>
</comp>

<comp id="868" class="1004" name="a_1_fu_868">
<pin_list>
<pin id="869" dir="0" index="0" bw="1" slack="0"/>
<pin id="870" dir="0" index="1" bw="1" slack="0"/>
<pin id="871" dir="1" index="2" bw="1" slack="0"/>
</pin_list>
<bind>
<opcode="and(23) " fcode="and"/>
<opset="a_1/5 "/>
</bind>
</comp>

<comp id="874" class="1004" name="tmp_487_fu_874">
<pin_list>
<pin id="875" dir="0" index="0" bw="1" slack="0"/>
<pin id="876" dir="0" index="1" bw="32" slack="0"/>
<pin id="877" dir="0" index="2" bw="6" slack="0"/>
<pin id="878" dir="1" index="3" bw="1" slack="0"/>
</pin_list>
<bind>
<opcode="bitselect(1000) " fcode="bitselect"/>
<opset="tmp_487/5 "/>
</bind>
</comp>

<comp id="882" class="1004" name="rev1_fu_882">
<pin_list>
<pin id="883" dir="0" index="0" bw="1" slack="0"/>
<pin id="884" dir="0" index="1" bw="1" slack="0"/>
<pin id="885" dir="1" index="2" bw="1" slack="0"/>
</pin_list>
<bind>
<opcode="xor(25) " fcode="xor"/>
<opset="rev1/5 "/>
</bind>
</comp>

<comp id="888" class="1004" name="tmp_30_fu_888">
<pin_list>
<pin id="889" dir="0" index="0" bw="7" slack="0"/>
<pin id="890" dir="0" index="1" bw="16" slack="0"/>
<pin id="891" dir="1" index="2" bw="16" slack="0"/>
</pin_list>
<bind>
<opcode="add(8) " fcode="add"/>
<opset="tmp_30/5 "/>
</bind>
</comp>

<comp id="894" class="1004" name="p_Result_10_fu_894">
<pin_list>
<pin id="895" dir="0" index="0" bw="1" slack="0"/>
<pin id="896" dir="0" index="1" bw="16" slack="1"/>
<pin id="897" dir="0" index="2" bw="16" slack="0"/>
<pin id="898" dir="1" index="3" bw="1" slack="0"/>
</pin_list>
<bind>
<opcode="bitselect(1000) " fcode="bitselect"/>
<opset="p_Result_10/5 "/>
</bind>
</comp>

<comp id="901" class="1004" name="tmp_32_fu_901">
<pin_list>
<pin id="902" dir="0" index="0" bw="1" slack="0"/>
<pin id="903" dir="0" index="1" bw="1" slack="0"/>
<pin id="904" dir="1" index="2" bw="1" slack="0"/>
</pin_list>
<bind>
<opcode="and(23) " fcode="and"/>
<opset="tmp_32/5 "/>
</bind>
</comp>

<comp id="907" class="1004" name="tmp_266_fu_907">
<pin_list>
<pin id="908" dir="0" index="0" bw="1" slack="0"/>
<pin id="909" dir="0" index="1" bw="1" slack="0"/>
<pin id="910" dir="1" index="2" bw="1" slack="0"/>
</pin_list>
<bind>
<opcode="or(24) " fcode="or"/>
<opset="tmp_266/5 "/>
</bind>
</comp>

<comp id="913" class="1004" name="tmp_33_fu_913">
<pin_list>
<pin id="914" dir="0" index="0" bw="32" slack="0"/>
<pin id="915" dir="0" index="1" bw="1" slack="0"/>
<pin id="916" dir="0" index="2" bw="1" slack="0"/>
<pin id="917" dir="1" index="3" bw="32" slack="1"/>
</pin_list>
<bind>
<opcode="bitconcatenate(1004) " fcode="bitconcatenate"/>
<opset="tmp_33/5 "/>
</bind>
</comp>

<comp id="921" class="1004" name="tmp_34_fu_921">
<pin_list>
<pin id="922" dir="0" index="0" bw="32" slack="0"/>
<pin id="923" dir="0" index="1" bw="1" slack="0"/>
<pin id="924" dir="1" index="2" bw="1" slack="1"/>
</pin_list>
<bind>
<opcode="icmp(45) " fcode="icmp"/>
<opset="tmp_34/5 "/>
</bind>
</comp>

<comp id="927" class="1004" name="m_fu_927">
<pin_list>
<pin id="928" dir="0" index="0" bw="16" slack="2"/>
<pin id="929" dir="1" index="1" bw="64" slack="0"/>
</pin_list>
<bind>
<opcode="zext(34) " fcode="zext"/>
<opset="m/6 "/>
</bind>
</comp>

<comp id="930" class="1004" name="m_cast_fu_930">
<pin_list>
<pin id="931" dir="0" index="0" bw="16" slack="2"/>
<pin id="932" dir="1" index="1" bw="32" slack="0"/>
</pin_list>
<bind>
<opcode="zext(34) " fcode="zext"/>
<opset="m_cast/6 "/>
</bind>
</comp>

<comp id="933" class="1004" name="tmp_15_fu_933">
<pin_list>
<pin id="934" dir="0" index="0" bw="7" slack="0"/>
<pin id="935" dir="0" index="1" bw="32" slack="1"/>
<pin id="936" dir="1" index="2" bw="32" slack="0"/>
</pin_list>
<bind>
<opcode="add(8) " fcode="add"/>
<opset="tmp_15/6 "/>
</bind>
</comp>

<comp id="938" class="1004" name="tmp_17_fu_938">
<pin_list>
<pin id="939" dir="0" index="0" bw="16" slack="0"/>
<pin id="940" dir="0" index="1" bw="32" slack="0"/>
<pin id="941" dir="1" index="2" bw="32" slack="0"/>
</pin_list>
<bind>
<opcode="lshr(21) " fcode="lshr"/>
<opset="tmp_17/6 "/>
</bind>
</comp>

<comp id="944" class="1004" name="tmp_17_cast_fu_944">
<pin_list>
<pin id="945" dir="0" index="0" bw="32" slack="0"/>
<pin id="946" dir="1" index="1" bw="64" slack="0"/>
</pin_list>
<bind>
<opcode="zext(34) " fcode="zext"/>
<opset="tmp_17_cast/6 "/>
</bind>
</comp>

<comp id="948" class="1004" name="tmp_18_fu_948">
<pin_list>
<pin id="949" dir="0" index="0" bw="7" slack="0"/>
<pin id="950" dir="0" index="1" bw="32" slack="1"/>
<pin id="951" dir="1" index="2" bw="32" slack="0"/>
</pin_list>
<bind>
<opcode="sub(10) " fcode="sub"/>
<opset="tmp_18/6 "/>
</bind>
</comp>

<comp id="953" class="1004" name="tmp_19_fu_953">
<pin_list>
<pin id="954" dir="0" index="0" bw="32" slack="0"/>
<pin id="955" dir="1" index="1" bw="64" slack="0"/>
</pin_list>
<bind>
<opcode="zext(34) " fcode="zext"/>
<opset="tmp_19/6 "/>
</bind>
</comp>

<comp id="957" class="1004" name="tmp_20_fu_957">
<pin_list>
<pin id="958" dir="0" index="0" bw="16" slack="0"/>
<pin id="959" dir="0" index="1" bw="32" slack="0"/>
<pin id="960" dir="1" index="2" bw="64" slack="0"/>
</pin_list>
<bind>
<opcode="shl(20) " fcode="shl"/>
<opset="tmp_20/6 "/>
</bind>
</comp>

<comp id="963" class="1004" name="m_1_fu_963">
<pin_list>
<pin id="964" dir="0" index="0" bw="1" slack="1"/>
<pin id="965" dir="0" index="1" bw="32" slack="0"/>
<pin id="966" dir="0" index="2" bw="64" slack="0"/>
<pin id="967" dir="1" index="3" bw="64" slack="0"/>
</pin_list>
<bind>
<opcode="select(49) " fcode="select"/>
<opset="m_1/6 "/>
</bind>
</comp>

<comp id="970" class="1004" name="tmp_21_fu_970">
<pin_list>
<pin id="971" dir="0" index="0" bw="32" slack="1"/>
<pin id="972" dir="1" index="1" bw="64" slack="0"/>
</pin_list>
<bind>
<opcode="zext(34) " fcode="zext"/>
<opset="tmp_21/6 "/>
</bind>
</comp>

<comp id="973" class="1004" name="m_2_fu_973">
<pin_list>
<pin id="974" dir="0" index="0" bw="32" slack="0"/>
<pin id="975" dir="0" index="1" bw="64" slack="0"/>
<pin id="976" dir="1" index="2" bw="64" slack="0"/>
</pin_list>
<bind>
<opcode="add(8) " fcode="add"/>
<opset="m_2/6 "/>
</bind>
</comp>

<comp id="979" class="1004" name="m_s_fu_979">
<pin_list>
<pin id="980" dir="0" index="0" bw="63" slack="0"/>
<pin id="981" dir="0" index="1" bw="64" slack="0"/>
<pin id="982" dir="0" index="2" bw="1" slack="0"/>
<pin id="983" dir="0" index="3" bw="7" slack="0"/>
<pin id="984" dir="1" index="4" bw="63" slack="1"/>
</pin_list>
<bind>
<opcode="partselect(1002) " fcode="partselect"/>
<opset="m_s/6 "/>
</bind>
</comp>

<comp id="989" class="1004" name="tmp_477_fu_989">
<pin_list>
<pin id="990" dir="0" index="0" bw="1" slack="0"/>
<pin id="991" dir="0" index="1" bw="64" slack="0"/>
<pin id="992" dir="0" index="2" bw="7" slack="0"/>
<pin id="993" dir="1" index="3" bw="1" slack="0"/>
</pin_list>
<bind>
<opcode="bitselect(1000) " fcode="bitselect"/>
<opset="tmp_477/6 "/>
</bind>
</comp>

<comp id="997" class="1004" name="tmp_264_cast_cast_fu_997">
<pin_list>
<pin id="998" dir="0" index="0" bw="1" slack="0"/>
<pin id="999" dir="0" index="1" bw="11" slack="0"/>
<pin id="1000" dir="0" index="2" bw="11" slack="0"/>
<pin id="1001" dir="1" index="3" bw="11" slack="0"/>
</pin_list>
<bind>
<opcode="select(49) " fcode="select"/>
<opset="tmp_264_cast_cast/6 "/>
</bind>
</comp>

<comp id="1005" class="1004" name="tmp_263_fu_1005">
<pin_list>
<pin id="1006" dir="0" index="0" bw="4" slack="0"/>
<pin id="1007" dir="0" index="1" bw="11" slack="2"/>
<pin id="1008" dir="1" index="2" bw="11" slack="0"/>
</pin_list>
<bind>
<opcode="sub(10) " fcode="sub"/>
<opset="tmp_263/6 "/>
</bind>
</comp>

<comp id="1010" class="1004" name="p_Repl2_2_trunc_fu_1010">
<pin_list>
<pin id="1011" dir="0" index="0" bw="11" slack="0"/>
<pin id="1012" dir="0" index="1" bw="11" slack="0"/>
<pin id="1013" dir="1" index="2" bw="11" slack="1"/>
</pin_list>
<bind>
<opcode="add(8) " fcode="add"/>
<opset="p_Repl2_2_trunc/6 "/>
</bind>
</comp>

<comp id="1016" class="1004" name="tmp_404_fu_1016">
<pin_list>
<pin id="1017" dir="0" index="0" bw="52" slack="0"/>
<pin id="1018" dir="0" index="1" bw="64" slack="0"/>
<pin id="1019" dir="0" index="2" bw="1" slack="0"/>
<pin id="1020" dir="0" index="3" bw="7" slack="0"/>
<pin id="1021" dir="1" index="4" bw="52" slack="0"/>
</pin_list>
<bind>
<opcode="partselect(1002) " fcode="partselect"/>
<opset="tmp_404/6 "/>
</bind>
</comp>

<comp id="1026" class="1004" name="notrhs_fu_1026">
<pin_list>
<pin id="1027" dir="0" index="0" bw="52" slack="0"/>
<pin id="1028" dir="0" index="1" bw="1" slack="0"/>
<pin id="1029" dir="1" index="2" bw="1" slack="1"/>
</pin_list>
<bind>
<opcode="icmp(45) " fcode="icmp"/>
<opset="notrhs/6 "/>
</bind>
</comp>

<comp id="1032" class="1004" name="m_5_fu_1032">
<pin_list>
<pin id="1033" dir="0" index="0" bw="16" slack="2"/>
<pin id="1034" dir="1" index="1" bw="64" slack="0"/>
</pin_list>
<bind>
<opcode="zext(34) " fcode="zext"/>
<opset="m_5/6 "/>
</bind>
</comp>

<comp id="1035" class="1004" name="m_5_cast_fu_1035">
<pin_list>
<pin id="1036" dir="0" index="0" bw="16" slack="2"/>
<pin id="1037" dir="1" index="1" bw="32" slack="0"/>
</pin_list>
<bind>
<opcode="zext(34) " fcode="zext"/>
<opset="m_5_cast/6 "/>
</bind>
</comp>

<comp id="1038" class="1004" name="tmp_35_fu_1038">
<pin_list>
<pin id="1039" dir="0" index="0" bw="7" slack="0"/>
<pin id="1040" dir="0" index="1" bw="32" slack="1"/>
<pin id="1041" dir="1" index="2" bw="32" slack="0"/>
</pin_list>
<bind>
<opcode="add(8) " fcode="add"/>
<opset="tmp_35/6 "/>
</bind>
</comp>

<comp id="1043" class="1004" name="tmp_37_fu_1043">
<pin_list>
<pin id="1044" dir="0" index="0" bw="16" slack="0"/>
<pin id="1045" dir="0" index="1" bw="32" slack="0"/>
<pin id="1046" dir="1" index="2" bw="32" slack="0"/>
</pin_list>
<bind>
<opcode="lshr(21) " fcode="lshr"/>
<opset="tmp_37/6 "/>
</bind>
</comp>

<comp id="1049" class="1004" name="tmp_37_cast_fu_1049">
<pin_list>
<pin id="1050" dir="0" index="0" bw="32" slack="0"/>
<pin id="1051" dir="1" index="1" bw="64" slack="0"/>
</pin_list>
<bind>
<opcode="zext(34) " fcode="zext"/>
<opset="tmp_37_cast/6 "/>
</bind>
</comp>

<comp id="1053" class="1004" name="tmp_38_fu_1053">
<pin_list>
<pin id="1054" dir="0" index="0" bw="7" slack="0"/>
<pin id="1055" dir="0" index="1" bw="32" slack="1"/>
<pin id="1056" dir="1" index="2" bw="32" slack="0"/>
</pin_list>
<bind>
<opcode="sub(10) " fcode="sub"/>
<opset="tmp_38/6 "/>
</bind>
</comp>

<comp id="1058" class="1004" name="tmp_39_fu_1058">
<pin_list>
<pin id="1059" dir="0" index="0" bw="32" slack="0"/>
<pin id="1060" dir="1" index="1" bw="64" slack="0"/>
</pin_list>
<bind>
<opcode="zext(34) " fcode="zext"/>
<opset="tmp_39/6 "/>
</bind>
</comp>

<comp id="1062" class="1004" name="tmp_40_fu_1062">
<pin_list>
<pin id="1063" dir="0" index="0" bw="16" slack="0"/>
<pin id="1064" dir="0" index="1" bw="32" slack="0"/>
<pin id="1065" dir="1" index="2" bw="64" slack="0"/>
</pin_list>
<bind>
<opcode="shl(20) " fcode="shl"/>
<opset="tmp_40/6 "/>
</bind>
</comp>

<comp id="1068" class="1004" name="m_6_fu_1068">
<pin_list>
<pin id="1069" dir="0" index="0" bw="1" slack="1"/>
<pin id="1070" dir="0" index="1" bw="32" slack="0"/>
<pin id="1071" dir="0" index="2" bw="64" slack="0"/>
<pin id="1072" dir="1" index="3" bw="64" slack="0"/>
</pin_list>
<bind>
<opcode="select(49) " fcode="select"/>
<opset="m_6/6 "/>
</bind>
</comp>

<comp id="1075" class="1004" name="tmp_41_fu_1075">
<pin_list>
<pin id="1076" dir="0" index="0" bw="32" slack="1"/>
<pin id="1077" dir="1" index="1" bw="64" slack="0"/>
</pin_list>
<bind>
<opcode="zext(34) " fcode="zext"/>
<opset="tmp_41/6 "/>
</bind>
</comp>

<comp id="1078" class="1004" name="m_7_fu_1078">
<pin_list>
<pin id="1079" dir="0" index="0" bw="32" slack="0"/>
<pin id="1080" dir="0" index="1" bw="64" slack="0"/>
<pin id="1081" dir="1" index="2" bw="64" slack="0"/>
</pin_list>
<bind>
<opcode="add(8) " fcode="add"/>
<opset="m_7/6 "/>
</bind>
</comp>

<comp id="1084" class="1004" name="m_3_fu_1084">
<pin_list>
<pin id="1085" dir="0" index="0" bw="63" slack="0"/>
<pin id="1086" dir="0" index="1" bw="64" slack="0"/>
<pin id="1087" dir="0" index="2" bw="1" slack="0"/>
<pin id="1088" dir="0" index="3" bw="7" slack="0"/>
<pin id="1089" dir="1" index="4" bw="63" slack="1"/>
</pin_list>
<bind>
<opcode="partselect(1002) " fcode="partselect"/>
<opset="m_3/6 "/>
</bind>
</comp>

<comp id="1094" class="1004" name="tmp_488_fu_1094">
<pin_list>
<pin id="1095" dir="0" index="0" bw="1" slack="0"/>
<pin id="1096" dir="0" index="1" bw="64" slack="0"/>
<pin id="1097" dir="0" index="2" bw="7" slack="0"/>
<pin id="1098" dir="1" index="3" bw="1" slack="0"/>
</pin_list>
<bind>
<opcode="bitselect(1000) " fcode="bitselect"/>
<opset="tmp_488/6 "/>
</bind>
</comp>

<comp id="1102" class="1004" name="tmp_272_cast_cast_fu_1102">
<pin_list>
<pin id="1103" dir="0" index="0" bw="1" slack="0"/>
<pin id="1104" dir="0" index="1" bw="11" slack="0"/>
<pin id="1105" dir="0" index="2" bw="11" slack="0"/>
<pin id="1106" dir="1" index="3" bw="11" slack="0"/>
</pin_list>
<bind>
<opcode="select(49) " fcode="select"/>
<opset="tmp_272_cast_cast/6 "/>
</bind>
</comp>

<comp id="1110" class="1004" name="tmp_268_fu_1110">
<pin_list>
<pin id="1111" dir="0" index="0" bw="4" slack="0"/>
<pin id="1112" dir="0" index="1" bw="11" slack="2"/>
<pin id="1113" dir="1" index="2" bw="11" slack="0"/>
</pin_list>
<bind>
<opcode="sub(10) " fcode="sub"/>
<opset="tmp_268/6 "/>
</bind>
</comp>

<comp id="1115" class="1004" name="p_Repl2_5_trunc_fu_1115">
<pin_list>
<pin id="1116" dir="0" index="0" bw="11" slack="0"/>
<pin id="1117" dir="0" index="1" bw="11" slack="0"/>
<pin id="1118" dir="1" index="2" bw="11" slack="1"/>
</pin_list>
<bind>
<opcode="add(8) " fcode="add"/>
<opset="p_Repl2_5_trunc/6 "/>
</bind>
</comp>

<comp id="1121" class="1004" name="tmp_408_fu_1121">
<pin_list>
<pin id="1122" dir="0" index="0" bw="52" slack="0"/>
<pin id="1123" dir="0" index="1" bw="64" slack="0"/>
<pin id="1124" dir="0" index="2" bw="1" slack="0"/>
<pin id="1125" dir="0" index="3" bw="7" slack="0"/>
<pin id="1126" dir="1" index="4" bw="52" slack="0"/>
</pin_list>
<bind>
<opcode="partselect(1002) " fcode="partselect"/>
<opset="tmp_408/6 "/>
</bind>
</comp>

<comp id="1131" class="1004" name="notrhs8_fu_1131">
<pin_list>
<pin id="1132" dir="0" index="0" bw="52" slack="0"/>
<pin id="1133" dir="0" index="1" bw="1" slack="0"/>
<pin id="1134" dir="1" index="2" bw="1" slack="1"/>
</pin_list>
<bind>
<opcode="icmp(45) " fcode="icmp"/>
<opset="notrhs8/6 "/>
</bind>
</comp>

<comp id="1137" class="1004" name="m_11_fu_1137">
<pin_list>
<pin id="1138" dir="0" index="0" bw="63" slack="1"/>
<pin id="1139" dir="1" index="1" bw="64" slack="0"/>
</pin_list>
<bind>
<opcode="zext(34) " fcode="zext"/>
<opset="m_11/7 "/>
</bind>
</comp>

<comp id="1140" class="1004" name="tmp_264_fu_1140">
<pin_list>
<pin id="1141" dir="0" index="0" bw="12" slack="0"/>
<pin id="1142" dir="0" index="1" bw="1" slack="3"/>
<pin id="1143" dir="0" index="2" bw="11" slack="1"/>
<pin id="1144" dir="1" index="3" bw="12" slack="0"/>
</pin_list>
<bind>
<opcode="bitconcatenate(1004) " fcode="bitconcatenate"/>
<opset="tmp_264/7 "/>
</bind>
</comp>

<comp id="1146" class="1004" name="p_Result_14_fu_1146">
<pin_list>
<pin id="1147" dir="0" index="0" bw="64" slack="0"/>
<pin id="1148" dir="0" index="1" bw="63" slack="0"/>
<pin id="1149" dir="0" index="2" bw="12" slack="0"/>
<pin id="1150" dir="0" index="3" bw="7" slack="0"/>
<pin id="1151" dir="0" index="4" bw="7" slack="0"/>
<pin id="1152" dir="1" index="5" bw="64" slack="0"/>
</pin_list>
<bind>
<opcode="partset(1003) " fcode="partset"/>
<opset="p_Result_14/7 "/>
</bind>
</comp>

<comp id="1158" class="1004" name="tmp_23_fu_1158">
<pin_list>
<pin id="1159" dir="0" index="0" bw="64" slack="0"/>
<pin id="1160" dir="1" index="1" bw="64" slack="0"/>
</pin_list>
<bind>
<opcode="bitcast(44) " fcode="bitcast"/>
<opset="tmp_23/7 "/>
</bind>
</comp>

<comp id="1163" class="1004" name="notlhs_fu_1163">
<pin_list>
<pin id="1164" dir="0" index="0" bw="11" slack="1"/>
<pin id="1165" dir="0" index="1" bw="1" slack="0"/>
<pin id="1166" dir="1" index="2" bw="1" slack="0"/>
</pin_list>
<bind>
<opcode="icmp(45) " fcode="icmp"/>
<opset="notlhs/7 "/>
</bind>
</comp>

<comp id="1168" class="1004" name="tmp_405_fu_1168">
<pin_list>
<pin id="1169" dir="0" index="0" bw="1" slack="1"/>
<pin id="1170" dir="0" index="1" bw="1" slack="0"/>
<pin id="1171" dir="1" index="2" bw="1" slack="0"/>
</pin_list>
<bind>
<opcode="or(24) " fcode="or"/>
<opset="tmp_405/7 "/>
</bind>
</comp>

<comp id="1173" class="1004" name="tmp_407_fu_1173">
<pin_list>
<pin id="1174" dir="0" index="0" bw="1" slack="0"/>
<pin id="1175" dir="0" index="1" bw="1" slack="0"/>
<pin id="1176" dir="1" index="2" bw="1" slack="0"/>
</pin_list>
<bind>
<opcode="and(23) " fcode="and"/>
<opset="tmp_407/7 "/>
</bind>
</comp>

<comp id="1179" class="1004" name="m_12_fu_1179">
<pin_list>
<pin id="1180" dir="0" index="0" bw="63" slack="1"/>
<pin id="1181" dir="1" index="1" bw="64" slack="0"/>
</pin_list>
<bind>
<opcode="zext(34) " fcode="zext"/>
<opset="m_12/7 "/>
</bind>
</comp>

<comp id="1182" class="1004" name="tmp_269_fu_1182">
<pin_list>
<pin id="1183" dir="0" index="0" bw="12" slack="0"/>
<pin id="1184" dir="0" index="1" bw="1" slack="3"/>
<pin id="1185" dir="0" index="2" bw="11" slack="1"/>
<pin id="1186" dir="1" index="3" bw="12" slack="0"/>
</pin_list>
<bind>
<opcode="bitconcatenate(1004) " fcode="bitconcatenate"/>
<opset="tmp_269/7 "/>
</bind>
</comp>

<comp id="1188" class="1004" name="p_Result_17_fu_1188">
<pin_list>
<pin id="1189" dir="0" index="0" bw="64" slack="0"/>
<pin id="1190" dir="0" index="1" bw="63" slack="0"/>
<pin id="1191" dir="0" index="2" bw="12" slack="0"/>
<pin id="1192" dir="0" index="3" bw="7" slack="0"/>
<pin id="1193" dir="0" index="4" bw="7" slack="0"/>
<pin id="1194" dir="1" index="5" bw="64" slack="0"/>
</pin_list>
<bind>
<opcode="partset(1003) " fcode="partset"/>
<opset="p_Result_17/7 "/>
</bind>
</comp>

<comp id="1200" class="1004" name="tmp_43_fu_1200">
<pin_list>
<pin id="1201" dir="0" index="0" bw="64" slack="0"/>
<pin id="1202" dir="1" index="1" bw="64" slack="0"/>
</pin_list>
<bind>
<opcode="bitcast(44) " fcode="bitcast"/>
<opset="tmp_43/7 "/>
</bind>
</comp>

<comp id="1205" class="1004" name="notlhs7_fu_1205">
<pin_list>
<pin id="1206" dir="0" index="0" bw="11" slack="1"/>
<pin id="1207" dir="0" index="1" bw="1" slack="0"/>
<pin id="1208" dir="1" index="2" bw="1" slack="0"/>
</pin_list>
<bind>
<opcode="icmp(45) " fcode="icmp"/>
<opset="notlhs7/7 "/>
</bind>
</comp>

<comp id="1210" class="1004" name="tmp_409_fu_1210">
<pin_list>
<pin id="1211" dir="0" index="0" bw="1" slack="1"/>
<pin id="1212" dir="0" index="1" bw="1" slack="0"/>
<pin id="1213" dir="1" index="2" bw="1" slack="0"/>
</pin_list>
<bind>
<opcode="or(24) " fcode="or"/>
<opset="tmp_409/7 "/>
</bind>
</comp>

<comp id="1215" class="1004" name="tmp_411_fu_1215">
<pin_list>
<pin id="1216" dir="0" index="0" bw="1" slack="0"/>
<pin id="1217" dir="0" index="1" bw="1" slack="0"/>
<pin id="1218" dir="1" index="2" bw="1" slack="0"/>
</pin_list>
<bind>
<opcode="and(23) " fcode="and"/>
<opset="tmp_411/7 "/>
</bind>
</comp>

<comp id="1221" class="1004" name="tmp1_fu_1221">
<pin_list>
<pin id="1222" dir="0" index="0" bw="1" slack="3"/>
<pin id="1223" dir="0" index="1" bw="1" slack="0"/>
<pin id="1224" dir="1" index="2" bw="1" slack="0"/>
</pin_list>
<bind>
<opcode="or(24) " fcode="or"/>
<opset="tmp1/7 "/>
</bind>
</comp>

<comp id="1226" class="1004" name="tmp2_fu_1226">
<pin_list>
<pin id="1227" dir="0" index="0" bw="1" slack="0"/>
<pin id="1228" dir="0" index="1" bw="1" slack="3"/>
<pin id="1229" dir="1" index="2" bw="1" slack="0"/>
</pin_list>
<bind>
<opcode="or(24) " fcode="or"/>
<opset="tmp2/7 "/>
</bind>
</comp>

<comp id="1231" class="1004" name="p_s_fu_1231">
<pin_list>
<pin id="1232" dir="0" index="0" bw="1" slack="0"/>
<pin id="1233" dir="0" index="1" bw="1" slack="0"/>
<pin id="1234" dir="1" index="2" bw="1" slack="2147483647"/>
</pin_list>
<bind>
<opcode="or(24) " fcode="or"/>
<opset="p_s/7 "/>
</bind>
</comp>

<comp id="1237" class="1005" name="x_t_27_V_read_1_reg_1237">
<pin_list>
<pin id="1238" dir="0" index="0" bw="16" slack="2"/>
<pin id="1239" dir="1" index="1" bw="16" slack="2"/>
</pin_list>
<bind>
<opset="x_t_27_V_read_1 "/>
</bind>
</comp>

<comp id="1242" class="1005" name="x_t_26_V_read_1_reg_1242">
<pin_list>
<pin id="1243" dir="0" index="0" bw="16" slack="2"/>
<pin id="1244" dir="1" index="1" bw="16" slack="2"/>
</pin_list>
<bind>
<opset="x_t_26_V_read_1 "/>
</bind>
</comp>

<comp id="1247" class="1005" name="x_t_25_V_read_1_reg_1247">
<pin_list>
<pin id="1248" dir="0" index="0" bw="16" slack="2"/>
<pin id="1249" dir="1" index="1" bw="16" slack="2"/>
</pin_list>
<bind>
<opset="x_t_25_V_read_1 "/>
</bind>
</comp>

<comp id="1252" class="1005" name="x_t_24_V_read_1_reg_1252">
<pin_list>
<pin id="1253" dir="0" index="0" bw="16" slack="2"/>
<pin id="1254" dir="1" index="1" bw="16" slack="2"/>
</pin_list>
<bind>
<opset="x_t_24_V_read_1 "/>
</bind>
</comp>

<comp id="1257" class="1005" name="x_t_23_V_read_1_reg_1257">
<pin_list>
<pin id="1258" dir="0" index="0" bw="16" slack="2"/>
<pin id="1259" dir="1" index="1" bw="16" slack="2"/>
</pin_list>
<bind>
<opset="x_t_23_V_read_1 "/>
</bind>
</comp>

<comp id="1262" class="1005" name="x_t_22_V_read_1_reg_1262">
<pin_list>
<pin id="1263" dir="0" index="0" bw="16" slack="2"/>
<pin id="1264" dir="1" index="1" bw="16" slack="2"/>
</pin_list>
<bind>
<opset="x_t_22_V_read_1 "/>
</bind>
</comp>

<comp id="1267" class="1005" name="x_t_21_V_read_1_reg_1267">
<pin_list>
<pin id="1268" dir="0" index="0" bw="16" slack="2"/>
<pin id="1269" dir="1" index="1" bw="16" slack="2"/>
</pin_list>
<bind>
<opset="x_t_21_V_read_1 "/>
</bind>
</comp>

<comp id="1272" class="1005" name="x_t_20_V_read_1_reg_1272">
<pin_list>
<pin id="1273" dir="0" index="0" bw="16" slack="2"/>
<pin id="1274" dir="1" index="1" bw="16" slack="2"/>
</pin_list>
<bind>
<opset="x_t_20_V_read_1 "/>
</bind>
</comp>

<comp id="1277" class="1005" name="x_t_19_V_read_1_reg_1277">
<pin_list>
<pin id="1278" dir="0" index="0" bw="16" slack="2"/>
<pin id="1279" dir="1" index="1" bw="16" slack="2"/>
</pin_list>
<bind>
<opset="x_t_19_V_read_1 "/>
</bind>
</comp>

<comp id="1282" class="1005" name="x_t_18_V_read_1_reg_1282">
<pin_list>
<pin id="1283" dir="0" index="0" bw="16" slack="2"/>
<pin id="1284" dir="1" index="1" bw="16" slack="2"/>
</pin_list>
<bind>
<opset="x_t_18_V_read_1 "/>
</bind>
</comp>

<comp id="1287" class="1005" name="x_t_17_V_read_1_reg_1287">
<pin_list>
<pin id="1288" dir="0" index="0" bw="16" slack="2"/>
<pin id="1289" dir="1" index="1" bw="16" slack="2"/>
</pin_list>
<bind>
<opset="x_t_17_V_read_1 "/>
</bind>
</comp>

<comp id="1292" class="1005" name="x_t_16_V_read_1_reg_1292">
<pin_list>
<pin id="1293" dir="0" index="0" bw="16" slack="2"/>
<pin id="1294" dir="1" index="1" bw="16" slack="2"/>
</pin_list>
<bind>
<opset="x_t_16_V_read_1 "/>
</bind>
</comp>

<comp id="1297" class="1005" name="x_t_15_V_read_1_reg_1297">
<pin_list>
<pin id="1298" dir="0" index="0" bw="16" slack="2"/>
<pin id="1299" dir="1" index="1" bw="16" slack="2"/>
</pin_list>
<bind>
<opset="x_t_15_V_read_1 "/>
</bind>
</comp>

<comp id="1302" class="1005" name="x_t_14_V_read_1_reg_1302">
<pin_list>
<pin id="1303" dir="0" index="0" bw="16" slack="2"/>
<pin id="1304" dir="1" index="1" bw="16" slack="2"/>
</pin_list>
<bind>
<opset="x_t_14_V_read_1 "/>
</bind>
</comp>

<comp id="1307" class="1005" name="x_t_13_V_read_1_reg_1307">
<pin_list>
<pin id="1308" dir="0" index="0" bw="16" slack="2"/>
<pin id="1309" dir="1" index="1" bw="16" slack="2"/>
</pin_list>
<bind>
<opset="x_t_13_V_read_1 "/>
</bind>
</comp>

<comp id="1312" class="1005" name="x_t_12_V_read_1_reg_1312">
<pin_list>
<pin id="1313" dir="0" index="0" bw="16" slack="2"/>
<pin id="1314" dir="1" index="1" bw="16" slack="2"/>
</pin_list>
<bind>
<opset="x_t_12_V_read_1 "/>
</bind>
</comp>

<comp id="1317" class="1005" name="x_t_11_V_read_1_reg_1317">
<pin_list>
<pin id="1318" dir="0" index="0" bw="16" slack="2"/>
<pin id="1319" dir="1" index="1" bw="16" slack="2"/>
</pin_list>
<bind>
<opset="x_t_11_V_read_1 "/>
</bind>
</comp>

<comp id="1322" class="1005" name="x_t_10_V_read_1_reg_1322">
<pin_list>
<pin id="1323" dir="0" index="0" bw="16" slack="2"/>
<pin id="1324" dir="1" index="1" bw="16" slack="2"/>
</pin_list>
<bind>
<opset="x_t_10_V_read_1 "/>
</bind>
</comp>

<comp id="1327" class="1005" name="x_t_9_V_read_1_reg_1327">
<pin_list>
<pin id="1328" dir="0" index="0" bw="16" slack="2"/>
<pin id="1329" dir="1" index="1" bw="16" slack="2"/>
</pin_list>
<bind>
<opset="x_t_9_V_read_1 "/>
</bind>
</comp>

<comp id="1332" class="1005" name="x_t_8_V_read_1_reg_1332">
<pin_list>
<pin id="1333" dir="0" index="0" bw="16" slack="2"/>
<pin id="1334" dir="1" index="1" bw="16" slack="2"/>
</pin_list>
<bind>
<opset="x_t_8_V_read_1 "/>
</bind>
</comp>

<comp id="1337" class="1005" name="x_t_7_V_read_1_reg_1337">
<pin_list>
<pin id="1338" dir="0" index="0" bw="16" slack="2"/>
<pin id="1339" dir="1" index="1" bw="16" slack="2"/>
</pin_list>
<bind>
<opset="x_t_7_V_read_1 "/>
</bind>
</comp>

<comp id="1342" class="1005" name="x_t_6_V_read_1_reg_1342">
<pin_list>
<pin id="1343" dir="0" index="0" bw="16" slack="2"/>
<pin id="1344" dir="1" index="1" bw="16" slack="2"/>
</pin_list>
<bind>
<opset="x_t_6_V_read_1 "/>
</bind>
</comp>

<comp id="1347" class="1005" name="x_t_5_V_read_1_reg_1347">
<pin_list>
<pin id="1348" dir="0" index="0" bw="16" slack="2"/>
<pin id="1349" dir="1" index="1" bw="16" slack="2"/>
</pin_list>
<bind>
<opset="x_t_5_V_read_1 "/>
</bind>
</comp>

<comp id="1352" class="1005" name="x_t_4_V_read_1_reg_1352">
<pin_list>
<pin id="1353" dir="0" index="0" bw="16" slack="2"/>
<pin id="1354" dir="1" index="1" bw="16" slack="2"/>
</pin_list>
<bind>
<opset="x_t_4_V_read_1 "/>
</bind>
</comp>

<comp id="1357" class="1005" name="x_t_3_V_read_1_reg_1357">
<pin_list>
<pin id="1358" dir="0" index="0" bw="16" slack="2"/>
<pin id="1359" dir="1" index="1" bw="16" slack="2"/>
</pin_list>
<bind>
<opset="x_t_3_V_read_1 "/>
</bind>
</comp>

<comp id="1362" class="1005" name="x_t_2_V_read_1_reg_1362">
<pin_list>
<pin id="1363" dir="0" index="0" bw="16" slack="2"/>
<pin id="1364" dir="1" index="1" bw="16" slack="2"/>
</pin_list>
<bind>
<opset="x_t_2_V_read_1 "/>
</bind>
</comp>

<comp id="1367" class="1005" name="x_t_1_V_read_1_reg_1367">
<pin_list>
<pin id="1368" dir="0" index="0" bw="16" slack="2"/>
<pin id="1369" dir="1" index="1" bw="16" slack="2"/>
</pin_list>
<bind>
<opset="x_t_1_V_read_1 "/>
</bind>
</comp>

<comp id="1372" class="1005" name="x_t_0_V_read_1_reg_1372">
<pin_list>
<pin id="1373" dir="0" index="0" bw="16" slack="2"/>
<pin id="1374" dir="1" index="1" bw="16" slack="2"/>
</pin_list>
<bind>
<opset="x_t_0_V_read_1 "/>
</bind>
</comp>

<comp id="1377" class="1005" name="exitcond_reg_1377">
<pin_list>
<pin id="1378" dir="0" index="0" bw="1" slack="1"/>
<pin id="1379" dir="1" index="1" bw="1" slack="2147483647"/>
</pin_list>
<bind>
<opset="exitcond "/>
</bind>
</comp>

<comp id="1381" class="1005" name="i_1_reg_1381">
<pin_list>
<pin id="1382" dir="0" index="0" bw="5" slack="0"/>
<pin id="1383" dir="1" index="1" bw="5" slack="0"/>
</pin_list>
<bind>
<opset="i_1 "/>
</bind>
</comp>

<comp id="1386" class="1005" name="x_prev_V_addr_reg_1386">
<pin_list>
<pin id="1387" dir="0" index="0" bw="8" slack="1"/>
<pin id="1388" dir="1" index="1" bw="8" slack="1"/>
</pin_list>
<bind>
<opset="x_prev_V_addr "/>
</bind>
</comp>

<comp id="1391" class="1005" name="diff_sum_V_reg_1391">
<pin_list>
<pin id="1392" dir="0" index="0" bw="16" slack="1"/>
<pin id="1393" dir="1" index="1" bw="16" slack="1"/>
</pin_list>
<bind>
<opset="diff_sum_V "/>
</bind>
</comp>

<comp id="1396" class="1005" name="energy_V_reg_1396">
<pin_list>
<pin id="1397" dir="0" index="0" bw="16" slack="1"/>
<pin id="1398" dir="1" index="1" bw="16" slack="1"/>
</pin_list>
<bind>
<opset="energy_V "/>
</bind>
</comp>

<comp id="1401" class="1005" name="tmp_reg_1401">
<pin_list>
<pin id="1402" dir="0" index="0" bw="1" slack="3"/>
<pin id="1403" dir="1" index="1" bw="1" slack="3"/>
</pin_list>
<bind>
<opset="tmp "/>
</bind>
</comp>

<comp id="1406" class="1005" name="p_Result_12_reg_1406">
<pin_list>
<pin id="1407" dir="0" index="0" bw="1" slack="3"/>
<pin id="1408" dir="1" index="1" bw="1" slack="3"/>
</pin_list>
<bind>
<opset="p_Result_12 "/>
</bind>
</comp>

<comp id="1411" class="1005" name="tmp_V_8_reg_1411">
<pin_list>
<pin id="1412" dir="0" index="0" bw="16" slack="1"/>
<pin id="1413" dir="1" index="1" bw="16" slack="1"/>
</pin_list>
<bind>
<opset="tmp_V_8 "/>
</bind>
</comp>

<comp id="1419" class="1005" name="l_reg_1419">
<pin_list>
<pin id="1420" dir="0" index="0" bw="32" slack="1"/>
<pin id="1421" dir="1" index="1" bw="32" slack="1"/>
</pin_list>
<bind>
<opset="l "/>
</bind>
</comp>

<comp id="1424" class="1005" name="tmp_478_reg_1424">
<pin_list>
<pin id="1425" dir="0" index="0" bw="11" slack="2"/>
<pin id="1426" dir="1" index="1" bw="11" slack="2"/>
</pin_list>
<bind>
<opset="tmp_478 "/>
</bind>
</comp>

<comp id="1429" class="1005" name="tmp_24_reg_1429">
<pin_list>
<pin id="1430" dir="0" index="0" bw="1" slack="3"/>
<pin id="1431" dir="1" index="1" bw="1" slack="3"/>
</pin_list>
<bind>
<opset="tmp_24 "/>
</bind>
</comp>

<comp id="1434" class="1005" name="p_Result_15_reg_1434">
<pin_list>
<pin id="1435" dir="0" index="0" bw="1" slack="3"/>
<pin id="1436" dir="1" index="1" bw="1" slack="3"/>
</pin_list>
<bind>
<opset="p_Result_15 "/>
</bind>
</comp>

<comp id="1439" class="1005" name="tmp_V_9_reg_1439">
<pin_list>
<pin id="1440" dir="0" index="0" bw="16" slack="1"/>
<pin id="1441" dir="1" index="1" bw="16" slack="1"/>
</pin_list>
<bind>
<opset="tmp_V_9 "/>
</bind>
</comp>

<comp id="1447" class="1005" name="l_1_reg_1447">
<pin_list>
<pin id="1448" dir="0" index="0" bw="32" slack="1"/>
<pin id="1449" dir="1" index="1" bw="32" slack="1"/>
</pin_list>
<bind>
<opset="l_1 "/>
</bind>
</comp>

<comp id="1452" class="1005" name="tmp_489_reg_1452">
<pin_list>
<pin id="1453" dir="0" index="0" bw="11" slack="2"/>
<pin id="1454" dir="1" index="1" bw="11" slack="2"/>
</pin_list>
<bind>
<opset="tmp_489 "/>
</bind>
</comp>

<comp id="1457" class="1005" name="tmp_1_reg_1457">
<pin_list>
<pin id="1458" dir="0" index="0" bw="32" slack="1"/>
<pin id="1459" dir="1" index="1" bw="32" slack="1"/>
</pin_list>
<bind>
<opset="tmp_1 "/>
</bind>
</comp>

<comp id="1463" class="1005" name="tmp_13_reg_1463">
<pin_list>
<pin id="1464" dir="0" index="0" bw="32" slack="1"/>
<pin id="1465" dir="1" index="1" bw="32" slack="1"/>
</pin_list>
<bind>
<opset="tmp_13 "/>
</bind>
</comp>

<comp id="1468" class="1005" name="tmp_14_reg_1468">
<pin_list>
<pin id="1469" dir="0" index="0" bw="1" slack="1"/>
<pin id="1470" dir="1" index="1" bw="1" slack="1"/>
</pin_list>
<bind>
<opset="tmp_14 "/>
</bind>
</comp>

<comp id="1473" class="1005" name="tmp_25_reg_1473">
<pin_list>
<pin id="1474" dir="0" index="0" bw="32" slack="1"/>
<pin id="1475" dir="1" index="1" bw="32" slack="1"/>
</pin_list>
<bind>
<opset="tmp_25 "/>
</bind>
</comp>

<comp id="1479" class="1005" name="tmp_33_reg_1479">
<pin_list>
<pin id="1480" dir="0" index="0" bw="32" slack="1"/>
<pin id="1481" dir="1" index="1" bw="32" slack="1"/>
</pin_list>
<bind>
<opset="tmp_33 "/>
</bind>
</comp>

<comp id="1484" class="1005" name="tmp_34_reg_1484">
<pin_list>
<pin id="1485" dir="0" index="0" bw="1" slack="1"/>
<pin id="1486" dir="1" index="1" bw="1" slack="1"/>
</pin_list>
<bind>
<opset="tmp_34 "/>
</bind>
</comp>

<comp id="1489" class="1005" name="m_s_reg_1489">
<pin_list>
<pin id="1490" dir="0" index="0" bw="63" slack="1"/>
<pin id="1491" dir="1" index="1" bw="63" slack="1"/>
</pin_list>
<bind>
<opset="m_s "/>
</bind>
</comp>

<comp id="1494" class="1005" name="p_Repl2_2_trunc_reg_1494">
<pin_list>
<pin id="1495" dir="0" index="0" bw="11" slack="1"/>
<pin id="1496" dir="1" index="1" bw="11" slack="1"/>
</pin_list>
<bind>
<opset="p_Repl2_2_trunc "/>
</bind>
</comp>

<comp id="1500" class="1005" name="notrhs_reg_1500">
<pin_list>
<pin id="1501" dir="0" index="0" bw="1" slack="1"/>
<pin id="1502" dir="1" index="1" bw="1" slack="1"/>
</pin_list>
<bind>
<opset="notrhs "/>
</bind>
</comp>

<comp id="1505" class="1005" name="m_3_reg_1505">
<pin_list>
<pin id="1506" dir="0" index="0" bw="63" slack="1"/>
<pin id="1507" dir="1" index="1" bw="63" slack="1"/>
</pin_list>
<bind>
<opset="m_3 "/>
</bind>
</comp>

<comp id="1510" class="1005" name="p_Repl2_5_trunc_reg_1510">
<pin_list>
<pin id="1511" dir="0" index="0" bw="11" slack="1"/>
<pin id="1512" dir="1" index="1" bw="11" slack="1"/>
</pin_list>
<bind>
<opset="p_Repl2_5_trunc "/>
</bind>
</comp>

<comp id="1516" class="1005" name="notrhs8_reg_1516">
<pin_list>
<pin id="1517" dir="0" index="0" bw="1" slack="1"/>
<pin id="1518" dir="1" index="1" bw="1" slack="1"/>
</pin_list>
<bind>
<opset="notrhs8 "/>
</bind>
</comp>

</comp_list>

<net_list>
<net id="206"><net_src comp="58" pin="0"/><net_sink comp="202" pin=0"/></net>

<net id="207"><net_src comp="54" pin="0"/><net_sink comp="202" pin=1"/></net>

<net id="212"><net_src comp="58" pin="0"/><net_sink comp="208" pin=0"/></net>

<net id="213"><net_src comp="52" pin="0"/><net_sink comp="208" pin=1"/></net>

<net id="218"><net_src comp="58" pin="0"/><net_sink comp="214" pin=0"/></net>

<net id="219"><net_src comp="50" pin="0"/><net_sink comp="214" pin=1"/></net>

<net id="224"><net_src comp="58" pin="0"/><net_sink comp="220" pin=0"/></net>

<net id="225"><net_src comp="48" pin="0"/><net_sink comp="220" pin=1"/></net>

<net id="230"><net_src comp="58" pin="0"/><net_sink comp="226" pin=0"/></net>

<net id="231"><net_src comp="46" pin="0"/><net_sink comp="226" pin=1"/></net>

<net id="236"><net_src comp="58" pin="0"/><net_sink comp="232" pin=0"/></net>

<net id="237"><net_src comp="44" pin="0"/><net_sink comp="232" pin=1"/></net>

<net id="242"><net_src comp="58" pin="0"/><net_sink comp="238" pin=0"/></net>

<net id="243"><net_src comp="42" pin="0"/><net_sink comp="238" pin=1"/></net>

<net id="248"><net_src comp="58" pin="0"/><net_sink comp="244" pin=0"/></net>

<net id="249"><net_src comp="40" pin="0"/><net_sink comp="244" pin=1"/></net>

<net id="254"><net_src comp="58" pin="0"/><net_sink comp="250" pin=0"/></net>

<net id="255"><net_src comp="38" pin="0"/><net_sink comp="250" pin=1"/></net>

<net id="260"><net_src comp="58" pin="0"/><net_sink comp="256" pin=0"/></net>

<net id="261"><net_src comp="36" pin="0"/><net_sink comp="256" pin=1"/></net>

<net id="266"><net_src comp="58" pin="0"/><net_sink comp="262" pin=0"/></net>

<net id="267"><net_src comp="34" pin="0"/><net_sink comp="262" pin=1"/></net>

<net id="272"><net_src comp="58" pin="0"/><net_sink comp="268" pin=0"/></net>

<net id="273"><net_src comp="32" pin="0"/><net_sink comp="268" pin=1"/></net>

<net id="278"><net_src comp="58" pin="0"/><net_sink comp="274" pin=0"/></net>

<net id="279"><net_src comp="30" pin="0"/><net_sink comp="274" pin=1"/></net>

<net id="284"><net_src comp="58" pin="0"/><net_sink comp="280" pin=0"/></net>

<net id="285"><net_src comp="28" pin="0"/><net_sink comp="280" pin=1"/></net>

<net id="290"><net_src comp="58" pin="0"/><net_sink comp="286" pin=0"/></net>

<net id="291"><net_src comp="26" pin="0"/><net_sink comp="286" pin=1"/></net>

<net id="296"><net_src comp="58" pin="0"/><net_sink comp="292" pin=0"/></net>

<net id="297"><net_src comp="24" pin="0"/><net_sink comp="292" pin=1"/></net>

<net id="302"><net_src comp="58" pin="0"/><net_sink comp="298" pin=0"/></net>

<net id="303"><net_src comp="22" pin="0"/><net_sink comp="298" pin=1"/></net>

<net id="308"><net_src comp="58" pin="0"/><net_sink comp="304" pin=0"/></net>

<net id="309"><net_src comp="20" pin="0"/><net_sink comp="304" pin=1"/></net>

<net id="314"><net_src comp="58" pin="0"/><net_sink comp="310" pin=0"/></net>

<net id="315"><net_src comp="18" pin="0"/><net_sink comp="310" pin=1"/></net>

<net id="320"><net_src comp="58" pin="0"/><net_sink comp="316" pin=0"/></net>

<net id="321"><net_src comp="16" pin="0"/><net_sink comp="316" pin=1"/></net>

<net id="326"><net_src comp="58" pin="0"/><net_sink comp="322" pin=0"/></net>

<net id="327"><net_src comp="14" pin="0"/><net_sink comp="322" pin=1"/></net>

<net id="332"><net_src comp="58" pin="0"/><net_sink comp="328" pin=0"/></net>

<net id="333"><net_src comp="12" pin="0"/><net_sink comp="328" pin=1"/></net>

<net id="338"><net_src comp="58" pin="0"/><net_sink comp="334" pin=0"/></net>

<net id="339"><net_src comp="10" pin="0"/><net_sink comp="334" pin=1"/></net>

<net id="344"><net_src comp="58" pin="0"/><net_sink comp="340" pin=0"/></net>

<net id="345"><net_src comp="8" pin="0"/><net_sink comp="340" pin=1"/></net>

<net id="350"><net_src comp="58" pin="0"/><net_sink comp="346" pin=0"/></net>

<net id="351"><net_src comp="6" pin="0"/><net_sink comp="346" pin=1"/></net>

<net id="356"><net_src comp="58" pin="0"/><net_sink comp="352" pin=0"/></net>

<net id="357"><net_src comp="4" pin="0"/><net_sink comp="352" pin=1"/></net>

<net id="362"><net_src comp="58" pin="0"/><net_sink comp="358" pin=0"/></net>

<net id="363"><net_src comp="2" pin="0"/><net_sink comp="358" pin=1"/></net>

<net id="368"><net_src comp="58" pin="0"/><net_sink comp="364" pin=0"/></net>

<net id="369"><net_src comp="0" pin="0"/><net_sink comp="364" pin=1"/></net>

<net id="375"><net_src comp="56" pin="0"/><net_sink comp="370" pin=0"/></net>

<net id="376"><net_src comp="134" pin="0"/><net_sink comp="370" pin=1"/></net>

<net id="382"><net_src comp="370" pin="3"/><net_sink comp="377" pin=0"/></net>

<net id="386"><net_src comp="60" pin="0"/><net_sink comp="383" pin=0"/></net>

<net id="393"><net_src comp="383" pin="1"/><net_sink comp="387" pin=0"/></net>

<net id="394"><net_src comp="387" pin="4"/><net_sink comp="383" pin=0"/></net>

<net id="398"><net_src comp="60" pin="0"/><net_sink comp="395" pin=0"/></net>

<net id="405"><net_src comp="395" pin="1"/><net_sink comp="399" pin=0"/></net>

<net id="406"><net_src comp="399" pin="4"/><net_sink comp="395" pin=0"/></net>

<net id="410"><net_src comp="62" pin="0"/><net_sink comp="407" pin=0"/></net>

<net id="417"><net_src comp="407" pin="1"/><net_sink comp="411" pin=0"/></net>

<net id="418"><net_src comp="411" pin="4"/><net_sink comp="407" pin=0"/></net>

<net id="484"><net_src comp="198" pin="0"/><net_sink comp="480" pin=1"/></net>

<net id="489"><net_src comp="200" pin="0"/><net_sink comp="485" pin=1"/></net>

<net id="494"><net_src comp="411" pin="4"/><net_sink comp="490" pin=0"/></net>

<net id="495"><net_src comp="64" pin="0"/><net_sink comp="490" pin=1"/></net>

<net id="500"><net_src comp="411" pin="4"/><net_sink comp="496" pin=0"/></net>

<net id="501"><net_src comp="70" pin="0"/><net_sink comp="496" pin=1"/></net>

<net id="505"><net_src comp="411" pin="4"/><net_sink comp="502" pin=0"/></net>

<net id="506"><net_src comp="502" pin="1"/><net_sink comp="370" pin=2"/></net>

<net id="511"><net_src comp="422" pin="56"/><net_sink comp="507" pin=0"/></net>

<net id="512"><net_src comp="377" pin="3"/><net_sink comp="507" pin=1"/></net>

<net id="518"><net_src comp="136" pin="0"/><net_sink comp="513" pin=0"/></net>

<net id="519"><net_src comp="507" pin="2"/><net_sink comp="513" pin=1"/></net>

<net id="520"><net_src comp="138" pin="0"/><net_sink comp="513" pin=2"/></net>

<net id="525"><net_src comp="383" pin="1"/><net_sink comp="521" pin=0"/></net>

<net id="526"><net_src comp="507" pin="2"/><net_sink comp="521" pin=1"/></net>

<net id="531"><net_src comp="383" pin="1"/><net_sink comp="527" pin=0"/></net>

<net id="532"><net_src comp="507" pin="2"/><net_sink comp="527" pin=1"/></net>

<net id="538"><net_src comp="513" pin="3"/><net_sink comp="533" pin=0"/></net>

<net id="539"><net_src comp="527" pin="2"/><net_sink comp="533" pin=1"/></net>

<net id="540"><net_src comp="521" pin="2"/><net_sink comp="533" pin=2"/></net>

<net id="546"><net_src comp="136" pin="0"/><net_sink comp="541" pin=0"/></net>

<net id="547"><net_src comp="422" pin="56"/><net_sink comp="541" pin=1"/></net>

<net id="548"><net_src comp="138" pin="0"/><net_sink comp="541" pin=2"/></net>

<net id="553"><net_src comp="422" pin="56"/><net_sink comp="549" pin=0"/></net>

<net id="554"><net_src comp="395" pin="1"/><net_sink comp="549" pin=1"/></net>

<net id="559"><net_src comp="395" pin="1"/><net_sink comp="555" pin=0"/></net>

<net id="560"><net_src comp="422" pin="56"/><net_sink comp="555" pin=1"/></net>

<net id="566"><net_src comp="541" pin="3"/><net_sink comp="561" pin=0"/></net>

<net id="567"><net_src comp="555" pin="2"/><net_sink comp="561" pin=1"/></net>

<net id="568"><net_src comp="549" pin="2"/><net_sink comp="561" pin=2"/></net>

<net id="573"><net_src comp="395" pin="1"/><net_sink comp="569" pin=0"/></net>

<net id="574"><net_src comp="60" pin="0"/><net_sink comp="569" pin=1"/></net>

<net id="580"><net_src comp="136" pin="0"/><net_sink comp="575" pin=0"/></net>

<net id="581"><net_src comp="395" pin="1"/><net_sink comp="575" pin=1"/></net>

<net id="582"><net_src comp="138" pin="0"/><net_sink comp="575" pin=2"/></net>

<net id="587"><net_src comp="60" pin="0"/><net_sink comp="583" pin=0"/></net>

<net id="588"><net_src comp="395" pin="1"/><net_sink comp="583" pin=1"/></net>

<net id="594"><net_src comp="575" pin="3"/><net_sink comp="589" pin=0"/></net>

<net id="595"><net_src comp="583" pin="2"/><net_sink comp="589" pin=1"/></net>

<net id="596"><net_src comp="395" pin="1"/><net_sink comp="589" pin=2"/></net>

<net id="603"><net_src comp="142" pin="0"/><net_sink comp="597" pin=0"/></net>

<net id="604"><net_src comp="589" pin="3"/><net_sink comp="597" pin=1"/></net>

<net id="605"><net_src comp="138" pin="0"/><net_sink comp="597" pin=2"/></net>

<net id="606"><net_src comp="80" pin="0"/><net_sink comp="597" pin=3"/></net>

<net id="612"><net_src comp="144" pin="0"/><net_sink comp="607" pin=0"/></net>

<net id="613"><net_src comp="146" pin="0"/><net_sink comp="607" pin=1"/></net>

<net id="614"><net_src comp="597" pin="4"/><net_sink comp="607" pin=2"/></net>

<net id="620"><net_src comp="148" pin="0"/><net_sink comp="615" pin=0"/></net>

<net id="621"><net_src comp="607" pin="3"/><net_sink comp="615" pin=1"/></net>

<net id="622"><net_src comp="150" pin="0"/><net_sink comp="615" pin=2"/></net>

<net id="626"><net_src comp="615" pin="3"/><net_sink comp="623" pin=0"/></net>

<net id="631"><net_src comp="383" pin="1"/><net_sink comp="627" pin=0"/></net>

<net id="632"><net_src comp="60" pin="0"/><net_sink comp="627" pin=1"/></net>

<net id="638"><net_src comp="136" pin="0"/><net_sink comp="633" pin=0"/></net>

<net id="639"><net_src comp="383" pin="1"/><net_sink comp="633" pin=1"/></net>

<net id="640"><net_src comp="138" pin="0"/><net_sink comp="633" pin=2"/></net>

<net id="645"><net_src comp="60" pin="0"/><net_sink comp="641" pin=0"/></net>

<net id="646"><net_src comp="383" pin="1"/><net_sink comp="641" pin=1"/></net>

<net id="652"><net_src comp="633" pin="3"/><net_sink comp="647" pin=0"/></net>

<net id="653"><net_src comp="641" pin="2"/><net_sink comp="647" pin=1"/></net>

<net id="654"><net_src comp="383" pin="1"/><net_sink comp="647" pin=2"/></net>

<net id="661"><net_src comp="142" pin="0"/><net_sink comp="655" pin=0"/></net>

<net id="662"><net_src comp="647" pin="3"/><net_sink comp="655" pin=1"/></net>

<net id="663"><net_src comp="138" pin="0"/><net_sink comp="655" pin=2"/></net>

<net id="664"><net_src comp="80" pin="0"/><net_sink comp="655" pin=3"/></net>

<net id="670"><net_src comp="144" pin="0"/><net_sink comp="665" pin=0"/></net>

<net id="671"><net_src comp="146" pin="0"/><net_sink comp="665" pin=1"/></net>

<net id="672"><net_src comp="655" pin="4"/><net_sink comp="665" pin=2"/></net>

<net id="678"><net_src comp="148" pin="0"/><net_sink comp="673" pin=0"/></net>

<net id="679"><net_src comp="665" pin="3"/><net_sink comp="673" pin=1"/></net>

<net id="680"><net_src comp="150" pin="0"/><net_sink comp="673" pin=2"/></net>

<net id="684"><net_src comp="673" pin="3"/><net_sink comp="681" pin=0"/></net>

<net id="689"><net_src comp="152" pin="0"/><net_sink comp="685" pin=0"/></net>

<net id="693"><net_src comp="685" pin="2"/><net_sink comp="690" pin=0"/></net>

<net id="698"><net_src comp="154" pin="0"/><net_sink comp="694" pin=0"/></net>

<net id="699"><net_src comp="685" pin="2"/><net_sink comp="694" pin=1"/></net>

<net id="706"><net_src comp="156" pin="0"/><net_sink comp="700" pin=0"/></net>

<net id="707"><net_src comp="694" pin="2"/><net_sink comp="700" pin=1"/></net>

<net id="708"><net_src comp="78" pin="0"/><net_sink comp="700" pin=2"/></net>

<net id="709"><net_src comp="158" pin="0"/><net_sink comp="700" pin=3"/></net>

<net id="714"><net_src comp="700" pin="4"/><net_sink comp="710" pin=0"/></net>

<net id="715"><net_src comp="160" pin="0"/><net_sink comp="710" pin=1"/></net>

<net id="719"><net_src comp="685" pin="2"/><net_sink comp="716" pin=0"/></net>

<net id="724"><net_src comp="92" pin="0"/><net_sink comp="720" pin=0"/></net>

<net id="725"><net_src comp="716" pin="1"/><net_sink comp="720" pin=1"/></net>

<net id="729"><net_src comp="720" pin="2"/><net_sink comp="726" pin=0"/></net>

<net id="734"><net_src comp="146" pin="0"/><net_sink comp="730" pin=0"/></net>

<net id="735"><net_src comp="726" pin="1"/><net_sink comp="730" pin=1"/></net>

<net id="740"><net_src comp="730" pin="2"/><net_sink comp="736" pin=1"/></net>

<net id="745"><net_src comp="736" pin="2"/><net_sink comp="741" pin=0"/></net>

<net id="746"><net_src comp="60" pin="0"/><net_sink comp="741" pin=1"/></net>

<net id="751"><net_src comp="710" pin="2"/><net_sink comp="747" pin=0"/></net>

<net id="752"><net_src comp="741" pin="2"/><net_sink comp="747" pin=1"/></net>

<net id="758"><net_src comp="162" pin="0"/><net_sink comp="753" pin=0"/></net>

<net id="759"><net_src comp="694" pin="2"/><net_sink comp="753" pin=1"/></net>

<net id="760"><net_src comp="158" pin="0"/><net_sink comp="753" pin=2"/></net>

<net id="765"><net_src comp="753" pin="3"/><net_sink comp="761" pin=0"/></net>

<net id="766"><net_src comp="150" pin="0"/><net_sink comp="761" pin=1"/></net>

<net id="771"><net_src comp="164" pin="0"/><net_sink comp="767" pin=0"/></net>

<net id="772"><net_src comp="690" pin="1"/><net_sink comp="767" pin=1"/></net>

<net id="778"><net_src comp="166" pin="0"/><net_sink comp="773" pin=0"/></net>

<net id="779"><net_src comp="767" pin="2"/><net_sink comp="773" pin=2"/></net>

<net id="784"><net_src comp="773" pin="3"/><net_sink comp="780" pin=0"/></net>

<net id="785"><net_src comp="761" pin="2"/><net_sink comp="780" pin=1"/></net>

<net id="790"><net_src comp="780" pin="2"/><net_sink comp="786" pin=0"/></net>

<net id="791"><net_src comp="747" pin="2"/><net_sink comp="786" pin=1"/></net>

<net id="797"><net_src comp="168" pin="0"/><net_sink comp="792" pin=0"/></net>

<net id="798"><net_src comp="160" pin="0"/><net_sink comp="792" pin=1"/></net>

<net id="799"><net_src comp="786" pin="2"/><net_sink comp="792" pin=2"/></net>

<net id="804"><net_src comp="694" pin="2"/><net_sink comp="800" pin=0"/></net>

<net id="805"><net_src comp="80" pin="0"/><net_sink comp="800" pin=1"/></net>

<net id="810"><net_src comp="152" pin="0"/><net_sink comp="806" pin=0"/></net>

<net id="814"><net_src comp="806" pin="2"/><net_sink comp="811" pin=0"/></net>

<net id="819"><net_src comp="154" pin="0"/><net_sink comp="815" pin=0"/></net>

<net id="820"><net_src comp="806" pin="2"/><net_sink comp="815" pin=1"/></net>

<net id="827"><net_src comp="156" pin="0"/><net_sink comp="821" pin=0"/></net>

<net id="828"><net_src comp="815" pin="2"/><net_sink comp="821" pin=1"/></net>

<net id="829"><net_src comp="78" pin="0"/><net_sink comp="821" pin=2"/></net>

<net id="830"><net_src comp="158" pin="0"/><net_sink comp="821" pin=3"/></net>

<net id="835"><net_src comp="821" pin="4"/><net_sink comp="831" pin=0"/></net>

<net id="836"><net_src comp="160" pin="0"/><net_sink comp="831" pin=1"/></net>

<net id="840"><net_src comp="806" pin="2"/><net_sink comp="837" pin=0"/></net>

<net id="845"><net_src comp="92" pin="0"/><net_sink comp="841" pin=0"/></net>

<net id="846"><net_src comp="837" pin="1"/><net_sink comp="841" pin=1"/></net>

<net id="850"><net_src comp="841" pin="2"/><net_sink comp="847" pin=0"/></net>

<net id="855"><net_src comp="146" pin="0"/><net_sink comp="851" pin=0"/></net>

<net id="856"><net_src comp="847" pin="1"/><net_sink comp="851" pin=1"/></net>

<net id="861"><net_src comp="851" pin="2"/><net_sink comp="857" pin=1"/></net>

<net id="866"><net_src comp="857" pin="2"/><net_sink comp="862" pin=0"/></net>

<net id="867"><net_src comp="60" pin="0"/><net_sink comp="862" pin=1"/></net>

<net id="872"><net_src comp="831" pin="2"/><net_sink comp="868" pin=0"/></net>

<net id="873"><net_src comp="862" pin="2"/><net_sink comp="868" pin=1"/></net>

<net id="879"><net_src comp="162" pin="0"/><net_sink comp="874" pin=0"/></net>

<net id="880"><net_src comp="815" pin="2"/><net_sink comp="874" pin=1"/></net>

<net id="881"><net_src comp="158" pin="0"/><net_sink comp="874" pin=2"/></net>

<net id="886"><net_src comp="874" pin="3"/><net_sink comp="882" pin=0"/></net>

<net id="887"><net_src comp="150" pin="0"/><net_sink comp="882" pin=1"/></net>

<net id="892"><net_src comp="164" pin="0"/><net_sink comp="888" pin=0"/></net>

<net id="893"><net_src comp="811" pin="1"/><net_sink comp="888" pin=1"/></net>

<net id="899"><net_src comp="166" pin="0"/><net_sink comp="894" pin=0"/></net>

<net id="900"><net_src comp="888" pin="2"/><net_sink comp="894" pin=2"/></net>

<net id="905"><net_src comp="894" pin="3"/><net_sink comp="901" pin=0"/></net>

<net id="906"><net_src comp="882" pin="2"/><net_sink comp="901" pin=1"/></net>

<net id="911"><net_src comp="901" pin="2"/><net_sink comp="907" pin=0"/></net>

<net id="912"><net_src comp="868" pin="2"/><net_sink comp="907" pin=1"/></net>

<net id="918"><net_src comp="168" pin="0"/><net_sink comp="913" pin=0"/></net>

<net id="919"><net_src comp="160" pin="0"/><net_sink comp="913" pin=1"/></net>

<net id="920"><net_src comp="907" pin="2"/><net_sink comp="913" pin=2"/></net>

<net id="925"><net_src comp="815" pin="2"/><net_sink comp="921" pin=0"/></net>

<net id="926"><net_src comp="80" pin="0"/><net_sink comp="921" pin=1"/></net>

<net id="937"><net_src comp="170" pin="0"/><net_sink comp="933" pin=0"/></net>

<net id="942"><net_src comp="930" pin="1"/><net_sink comp="938" pin=0"/></net>

<net id="943"><net_src comp="933" pin="2"/><net_sink comp="938" pin=1"/></net>

<net id="947"><net_src comp="938" pin="2"/><net_sink comp="944" pin=0"/></net>

<net id="952"><net_src comp="172" pin="0"/><net_sink comp="948" pin=0"/></net>

<net id="956"><net_src comp="948" pin="2"/><net_sink comp="953" pin=0"/></net>

<net id="961"><net_src comp="927" pin="1"/><net_sink comp="957" pin=0"/></net>

<net id="962"><net_src comp="953" pin="1"/><net_sink comp="957" pin=1"/></net>

<net id="968"><net_src comp="944" pin="1"/><net_sink comp="963" pin=1"/></net>

<net id="969"><net_src comp="957" pin="2"/><net_sink comp="963" pin=2"/></net>

<net id="977"><net_src comp="970" pin="1"/><net_sink comp="973" pin=0"/></net>

<net id="978"><net_src comp="963" pin="3"/><net_sink comp="973" pin=1"/></net>

<net id="985"><net_src comp="174" pin="0"/><net_sink comp="979" pin=0"/></net>

<net id="986"><net_src comp="973" pin="2"/><net_sink comp="979" pin=1"/></net>

<net id="987"><net_src comp="78" pin="0"/><net_sink comp="979" pin=2"/></net>

<net id="988"><net_src comp="176" pin="0"/><net_sink comp="979" pin=3"/></net>

<net id="994"><net_src comp="178" pin="0"/><net_sink comp="989" pin=0"/></net>

<net id="995"><net_src comp="973" pin="2"/><net_sink comp="989" pin=1"/></net>

<net id="996"><net_src comp="172" pin="0"/><net_sink comp="989" pin=2"/></net>

<net id="1002"><net_src comp="989" pin="3"/><net_sink comp="997" pin=0"/></net>

<net id="1003"><net_src comp="180" pin="0"/><net_sink comp="997" pin=1"/></net>

<net id="1004"><net_src comp="182" pin="0"/><net_sink comp="997" pin=2"/></net>

<net id="1009"><net_src comp="184" pin="0"/><net_sink comp="1005" pin=0"/></net>

<net id="1014"><net_src comp="1005" pin="2"/><net_sink comp="1010" pin=0"/></net>

<net id="1015"><net_src comp="997" pin="3"/><net_sink comp="1010" pin=1"/></net>

<net id="1022"><net_src comp="186" pin="0"/><net_sink comp="1016" pin=0"/></net>

<net id="1023"><net_src comp="973" pin="2"/><net_sink comp="1016" pin=1"/></net>

<net id="1024"><net_src comp="78" pin="0"/><net_sink comp="1016" pin=2"/></net>

<net id="1025"><net_src comp="188" pin="0"/><net_sink comp="1016" pin=3"/></net>

<net id="1030"><net_src comp="1016" pin="4"/><net_sink comp="1026" pin=0"/></net>

<net id="1031"><net_src comp="190" pin="0"/><net_sink comp="1026" pin=1"/></net>

<net id="1042"><net_src comp="170" pin="0"/><net_sink comp="1038" pin=0"/></net>

<net id="1047"><net_src comp="1035" pin="1"/><net_sink comp="1043" pin=0"/></net>

<net id="1048"><net_src comp="1038" pin="2"/><net_sink comp="1043" pin=1"/></net>

<net id="1052"><net_src comp="1043" pin="2"/><net_sink comp="1049" pin=0"/></net>

<net id="1057"><net_src comp="172" pin="0"/><net_sink comp="1053" pin=0"/></net>

<net id="1061"><net_src comp="1053" pin="2"/><net_sink comp="1058" pin=0"/></net>

<net id="1066"><net_src comp="1032" pin="1"/><net_sink comp="1062" pin=0"/></net>

<net id="1067"><net_src comp="1058" pin="1"/><net_sink comp="1062" pin=1"/></net>

<net id="1073"><net_src comp="1049" pin="1"/><net_sink comp="1068" pin=1"/></net>

<net id="1074"><net_src comp="1062" pin="2"/><net_sink comp="1068" pin=2"/></net>

<net id="1082"><net_src comp="1075" pin="1"/><net_sink comp="1078" pin=0"/></net>

<net id="1083"><net_src comp="1068" pin="3"/><net_sink comp="1078" pin=1"/></net>

<net id="1090"><net_src comp="174" pin="0"/><net_sink comp="1084" pin=0"/></net>

<net id="1091"><net_src comp="1078" pin="2"/><net_sink comp="1084" pin=1"/></net>

<net id="1092"><net_src comp="78" pin="0"/><net_sink comp="1084" pin=2"/></net>

<net id="1093"><net_src comp="176" pin="0"/><net_sink comp="1084" pin=3"/></net>

<net id="1099"><net_src comp="178" pin="0"/><net_sink comp="1094" pin=0"/></net>

<net id="1100"><net_src comp="1078" pin="2"/><net_sink comp="1094" pin=1"/></net>

<net id="1101"><net_src comp="172" pin="0"/><net_sink comp="1094" pin=2"/></net>

<net id="1107"><net_src comp="1094" pin="3"/><net_sink comp="1102" pin=0"/></net>

<net id="1108"><net_src comp="180" pin="0"/><net_sink comp="1102" pin=1"/></net>

<net id="1109"><net_src comp="182" pin="0"/><net_sink comp="1102" pin=2"/></net>

<net id="1114"><net_src comp="184" pin="0"/><net_sink comp="1110" pin=0"/></net>

<net id="1119"><net_src comp="1110" pin="2"/><net_sink comp="1115" pin=0"/></net>

<net id="1120"><net_src comp="1102" pin="3"/><net_sink comp="1115" pin=1"/></net>

<net id="1127"><net_src comp="186" pin="0"/><net_sink comp="1121" pin=0"/></net>

<net id="1128"><net_src comp="1078" pin="2"/><net_sink comp="1121" pin=1"/></net>

<net id="1129"><net_src comp="78" pin="0"/><net_sink comp="1121" pin=2"/></net>

<net id="1130"><net_src comp="188" pin="0"/><net_sink comp="1121" pin=3"/></net>

<net id="1135"><net_src comp="1121" pin="4"/><net_sink comp="1131" pin=0"/></net>

<net id="1136"><net_src comp="190" pin="0"/><net_sink comp="1131" pin=1"/></net>

<net id="1145"><net_src comp="192" pin="0"/><net_sink comp="1140" pin=0"/></net>

<net id="1153"><net_src comp="194" pin="0"/><net_sink comp="1146" pin=0"/></net>

<net id="1154"><net_src comp="1137" pin="1"/><net_sink comp="1146" pin=1"/></net>

<net id="1155"><net_src comp="1140" pin="3"/><net_sink comp="1146" pin=2"/></net>

<net id="1156"><net_src comp="188" pin="0"/><net_sink comp="1146" pin=3"/></net>

<net id="1157"><net_src comp="176" pin="0"/><net_sink comp="1146" pin=4"/></net>

<net id="1161"><net_src comp="1146" pin="5"/><net_sink comp="1158" pin=0"/></net>

<net id="1162"><net_src comp="1158" pin="1"/><net_sink comp="480" pin=0"/></net>

<net id="1167"><net_src comp="196" pin="0"/><net_sink comp="1163" pin=1"/></net>

<net id="1172"><net_src comp="1163" pin="2"/><net_sink comp="1168" pin=1"/></net>

<net id="1177"><net_src comp="1168" pin="2"/><net_sink comp="1173" pin=0"/></net>

<net id="1178"><net_src comp="480" pin="2"/><net_sink comp="1173" pin=1"/></net>

<net id="1187"><net_src comp="192" pin="0"/><net_sink comp="1182" pin=0"/></net>

<net id="1195"><net_src comp="194" pin="0"/><net_sink comp="1188" pin=0"/></net>

<net id="1196"><net_src comp="1179" pin="1"/><net_sink comp="1188" pin=1"/></net>

<net id="1197"><net_src comp="1182" pin="3"/><net_sink comp="1188" pin=2"/></net>

<net id="1198"><net_src comp="188" pin="0"/><net_sink comp="1188" pin=3"/></net>

<net id="1199"><net_src comp="176" pin="0"/><net_sink comp="1188" pin=4"/></net>

<net id="1203"><net_src comp="1188" pin="5"/><net_sink comp="1200" pin=0"/></net>

<net id="1204"><net_src comp="1200" pin="1"/><net_sink comp="485" pin=0"/></net>

<net id="1209"><net_src comp="196" pin="0"/><net_sink comp="1205" pin=1"/></net>

<net id="1214"><net_src comp="1205" pin="2"/><net_sink comp="1210" pin=1"/></net>

<net id="1219"><net_src comp="1210" pin="2"/><net_sink comp="1215" pin=0"/></net>

<net id="1220"><net_src comp="485" pin="2"/><net_sink comp="1215" pin=1"/></net>

<net id="1225"><net_src comp="1215" pin="2"/><net_sink comp="1221" pin=1"/></net>

<net id="1230"><net_src comp="1173" pin="2"/><net_sink comp="1226" pin=0"/></net>

<net id="1235"><net_src comp="1226" pin="2"/><net_sink comp="1231" pin=0"/></net>

<net id="1236"><net_src comp="1221" pin="2"/><net_sink comp="1231" pin=1"/></net>

<net id="1240"><net_src comp="202" pin="2"/><net_sink comp="1237" pin=0"/></net>

<net id="1241"><net_src comp="1237" pin="1"/><net_sink comp="422" pin=52"/></net>

<net id="1245"><net_src comp="208" pin="2"/><net_sink comp="1242" pin=0"/></net>

<net id="1246"><net_src comp="1242" pin="1"/><net_sink comp="422" pin=50"/></net>

<net id="1250"><net_src comp="214" pin="2"/><net_sink comp="1247" pin=0"/></net>

<net id="1251"><net_src comp="1247" pin="1"/><net_sink comp="422" pin=48"/></net>

<net id="1255"><net_src comp="220" pin="2"/><net_sink comp="1252" pin=0"/></net>

<net id="1256"><net_src comp="1252" pin="1"/><net_sink comp="422" pin=46"/></net>

<net id="1260"><net_src comp="226" pin="2"/><net_sink comp="1257" pin=0"/></net>

<net id="1261"><net_src comp="1257" pin="1"/><net_sink comp="422" pin=44"/></net>

<net id="1265"><net_src comp="232" pin="2"/><net_sink comp="1262" pin=0"/></net>

<net id="1266"><net_src comp="1262" pin="1"/><net_sink comp="422" pin=42"/></net>

<net id="1270"><net_src comp="238" pin="2"/><net_sink comp="1267" pin=0"/></net>

<net id="1271"><net_src comp="1267" pin="1"/><net_sink comp="422" pin=40"/></net>

<net id="1275"><net_src comp="244" pin="2"/><net_sink comp="1272" pin=0"/></net>

<net id="1276"><net_src comp="1272" pin="1"/><net_sink comp="422" pin=38"/></net>

<net id="1280"><net_src comp="250" pin="2"/><net_sink comp="1277" pin=0"/></net>

<net id="1281"><net_src comp="1277" pin="1"/><net_sink comp="422" pin=36"/></net>

<net id="1285"><net_src comp="256" pin="2"/><net_sink comp="1282" pin=0"/></net>

<net id="1286"><net_src comp="1282" pin="1"/><net_sink comp="422" pin=34"/></net>

<net id="1290"><net_src comp="262" pin="2"/><net_sink comp="1287" pin=0"/></net>

<net id="1291"><net_src comp="1287" pin="1"/><net_sink comp="422" pin=32"/></net>

<net id="1295"><net_src comp="268" pin="2"/><net_sink comp="1292" pin=0"/></net>

<net id="1296"><net_src comp="1292" pin="1"/><net_sink comp="422" pin=30"/></net>

<net id="1300"><net_src comp="274" pin="2"/><net_sink comp="1297" pin=0"/></net>

<net id="1301"><net_src comp="1297" pin="1"/><net_sink comp="422" pin=28"/></net>

<net id="1305"><net_src comp="280" pin="2"/><net_sink comp="1302" pin=0"/></net>

<net id="1306"><net_src comp="1302" pin="1"/><net_sink comp="422" pin=26"/></net>

<net id="1310"><net_src comp="286" pin="2"/><net_sink comp="1307" pin=0"/></net>

<net id="1311"><net_src comp="1307" pin="1"/><net_sink comp="422" pin=24"/></net>

<net id="1315"><net_src comp="292" pin="2"/><net_sink comp="1312" pin=0"/></net>

<net id="1316"><net_src comp="1312" pin="1"/><net_sink comp="422" pin=22"/></net>

<net id="1320"><net_src comp="298" pin="2"/><net_sink comp="1317" pin=0"/></net>

<net id="1321"><net_src comp="1317" pin="1"/><net_sink comp="422" pin=20"/></net>

<net id="1325"><net_src comp="304" pin="2"/><net_sink comp="1322" pin=0"/></net>

<net id="1326"><net_src comp="1322" pin="1"/><net_sink comp="422" pin=18"/></net>

<net id="1330"><net_src comp="310" pin="2"/><net_sink comp="1327" pin=0"/></net>

<net id="1331"><net_src comp="1327" pin="1"/><net_sink comp="422" pin=16"/></net>

<net id="1335"><net_src comp="316" pin="2"/><net_sink comp="1332" pin=0"/></net>

<net id="1336"><net_src comp="1332" pin="1"/><net_sink comp="422" pin=14"/></net>

<net id="1340"><net_src comp="322" pin="2"/><net_sink comp="1337" pin=0"/></net>

<net id="1341"><net_src comp="1337" pin="1"/><net_sink comp="422" pin=12"/></net>

<net id="1345"><net_src comp="328" pin="2"/><net_sink comp="1342" pin=0"/></net>

<net id="1346"><net_src comp="1342" pin="1"/><net_sink comp="422" pin=10"/></net>

<net id="1350"><net_src comp="334" pin="2"/><net_sink comp="1347" pin=0"/></net>

<net id="1351"><net_src comp="1347" pin="1"/><net_sink comp="422" pin=8"/></net>

<net id="1355"><net_src comp="340" pin="2"/><net_sink comp="1352" pin=0"/></net>

<net id="1356"><net_src comp="1352" pin="1"/><net_sink comp="422" pin=6"/></net>

<net id="1360"><net_src comp="346" pin="2"/><net_sink comp="1357" pin=0"/></net>

<net id="1361"><net_src comp="1357" pin="1"/><net_sink comp="422" pin=4"/></net>

<net id="1365"><net_src comp="352" pin="2"/><net_sink comp="1362" pin=0"/></net>

<net id="1366"><net_src comp="1362" pin="1"/><net_sink comp="422" pin=2"/></net>

<net id="1370"><net_src comp="358" pin="2"/><net_sink comp="1367" pin=0"/></net>

<net id="1371"><net_src comp="1367" pin="1"/><net_sink comp="422" pin=0"/></net>

<net id="1375"><net_src comp="364" pin="2"/><net_sink comp="1372" pin=0"/></net>

<net id="1376"><net_src comp="1372" pin="1"/><net_sink comp="422" pin=54"/></net>

<net id="1380"><net_src comp="490" pin="2"/><net_sink comp="1377" pin=0"/></net>

<net id="1384"><net_src comp="496" pin="2"/><net_sink comp="1381" pin=0"/></net>

<net id="1385"><net_src comp="1381" pin="1"/><net_sink comp="411" pin=2"/></net>

<net id="1389"><net_src comp="370" pin="3"/><net_sink comp="1386" pin=0"/></net>

<net id="1390"><net_src comp="1386" pin="1"/><net_sink comp="377" pin=0"/></net>

<net id="1394"><net_src comp="533" pin="3"/><net_sink comp="1391" pin=0"/></net>

<net id="1395"><net_src comp="1391" pin="1"/><net_sink comp="387" pin=2"/></net>

<net id="1399"><net_src comp="561" pin="3"/><net_sink comp="1396" pin=0"/></net>

<net id="1400"><net_src comp="1396" pin="1"/><net_sink comp="399" pin=2"/></net>

<net id="1404"><net_src comp="569" pin="2"/><net_sink comp="1401" pin=0"/></net>

<net id="1405"><net_src comp="1401" pin="1"/><net_sink comp="1226" pin=1"/></net>

<net id="1409"><net_src comp="575" pin="3"/><net_sink comp="1406" pin=0"/></net>

<net id="1410"><net_src comp="1406" pin="1"/><net_sink comp="1140" pin=1"/></net>

<net id="1414"><net_src comp="589" pin="3"/><net_sink comp="1411" pin=0"/></net>

<net id="1415"><net_src comp="1411" pin="1"/><net_sink comp="736" pin=0"/></net>

<net id="1416"><net_src comp="1411" pin="1"/><net_sink comp="773" pin=1"/></net>

<net id="1417"><net_src comp="1411" pin="1"/><net_sink comp="927" pin=0"/></net>

<net id="1418"><net_src comp="1411" pin="1"/><net_sink comp="930" pin=0"/></net>

<net id="1422"><net_src comp="615" pin="3"/><net_sink comp="1419" pin=0"/></net>

<net id="1423"><net_src comp="1419" pin="1"/><net_sink comp="685" pin=1"/></net>

<net id="1427"><net_src comp="623" pin="1"/><net_sink comp="1424" pin=0"/></net>

<net id="1428"><net_src comp="1424" pin="1"/><net_sink comp="1005" pin=1"/></net>

<net id="1432"><net_src comp="627" pin="2"/><net_sink comp="1429" pin=0"/></net>

<net id="1433"><net_src comp="1429" pin="1"/><net_sink comp="1221" pin=0"/></net>

<net id="1437"><net_src comp="633" pin="3"/><net_sink comp="1434" pin=0"/></net>

<net id="1438"><net_src comp="1434" pin="1"/><net_sink comp="1182" pin=1"/></net>

<net id="1442"><net_src comp="647" pin="3"/><net_sink comp="1439" pin=0"/></net>

<net id="1443"><net_src comp="1439" pin="1"/><net_sink comp="857" pin=0"/></net>

<net id="1444"><net_src comp="1439" pin="1"/><net_sink comp="894" pin=1"/></net>

<net id="1445"><net_src comp="1439" pin="1"/><net_sink comp="1032" pin=0"/></net>

<net id="1446"><net_src comp="1439" pin="1"/><net_sink comp="1035" pin=0"/></net>

<net id="1450"><net_src comp="673" pin="3"/><net_sink comp="1447" pin=0"/></net>

<net id="1451"><net_src comp="1447" pin="1"/><net_sink comp="806" pin=1"/></net>

<net id="1455"><net_src comp="681" pin="1"/><net_sink comp="1452" pin=0"/></net>

<net id="1456"><net_src comp="1452" pin="1"/><net_sink comp="1110" pin=1"/></net>

<net id="1460"><net_src comp="685" pin="2"/><net_sink comp="1457" pin=0"/></net>

<net id="1461"><net_src comp="1457" pin="1"/><net_sink comp="933" pin=1"/></net>

<net id="1462"><net_src comp="1457" pin="1"/><net_sink comp="948" pin=1"/></net>

<net id="1466"><net_src comp="792" pin="3"/><net_sink comp="1463" pin=0"/></net>

<net id="1467"><net_src comp="1463" pin="1"/><net_sink comp="970" pin=0"/></net>

<net id="1471"><net_src comp="800" pin="2"/><net_sink comp="1468" pin=0"/></net>

<net id="1472"><net_src comp="1468" pin="1"/><net_sink comp="963" pin=0"/></net>

<net id="1476"><net_src comp="806" pin="2"/><net_sink comp="1473" pin=0"/></net>

<net id="1477"><net_src comp="1473" pin="1"/><net_sink comp="1038" pin=1"/></net>

<net id="1478"><net_src comp="1473" pin="1"/><net_sink comp="1053" pin=1"/></net>

<net id="1482"><net_src comp="913" pin="3"/><net_sink comp="1479" pin=0"/></net>

<net id="1483"><net_src comp="1479" pin="1"/><net_sink comp="1075" pin=0"/></net>

<net id="1487"><net_src comp="921" pin="2"/><net_sink comp="1484" pin=0"/></net>

<net id="1488"><net_src comp="1484" pin="1"/><net_sink comp="1068" pin=0"/></net>

<net id="1492"><net_src comp="979" pin="4"/><net_sink comp="1489" pin=0"/></net>

<net id="1493"><net_src comp="1489" pin="1"/><net_sink comp="1137" pin=0"/></net>

<net id="1497"><net_src comp="1010" pin="2"/><net_sink comp="1494" pin=0"/></net>

<net id="1498"><net_src comp="1494" pin="1"/><net_sink comp="1140" pin=2"/></net>

<net id="1499"><net_src comp="1494" pin="1"/><net_sink comp="1163" pin=0"/></net>

<net id="1503"><net_src comp="1026" pin="2"/><net_sink comp="1500" pin=0"/></net>

<net id="1504"><net_src comp="1500" pin="1"/><net_sink comp="1168" pin=0"/></net>

<net id="1508"><net_src comp="1084" pin="4"/><net_sink comp="1505" pin=0"/></net>

<net id="1509"><net_src comp="1505" pin="1"/><net_sink comp="1179" pin=0"/></net>

<net id="1513"><net_src comp="1115" pin="2"/><net_sink comp="1510" pin=0"/></net>

<net id="1514"><net_src comp="1510" pin="1"/><net_sink comp="1182" pin=2"/></net>

<net id="1515"><net_src comp="1510" pin="1"/><net_sink comp="1205" pin=0"/></net>

<net id="1519"><net_src comp="1131" pin="2"/><net_sink comp="1516" pin=0"/></net>

<net id="1520"><net_src comp="1516" pin="1"/><net_sink comp="1210" pin=0"/></net>

</net_list>

</model> 
---------------- Datapath Model END ------------------

* FSMD analyzer results:
  - Output states:
 - Input state : 
	Port: should_skip : x_t_0_V_read | {1 }
	Port: should_skip : x_t_1_V_read | {1 }
	Port: should_skip : x_t_2_V_read | {1 }
	Port: should_skip : x_t_3_V_read | {1 }
	Port: should_skip : x_t_4_V_read | {1 }
	Port: should_skip : x_t_5_V_read | {1 }
	Port: should_skip : x_t_6_V_read | {1 }
	Port: should_skip : x_t_7_V_read | {1 }
	Port: should_skip : x_t_8_V_read | {1 }
	Port: should_skip : x_t_9_V_read | {1 }
	Port: should_skip : x_t_10_V_read | {1 }
	Port: should_skip : x_t_11_V_read | {1 }
	Port: should_skip : x_t_12_V_read | {1 }
	Port: should_skip : x_t_13_V_read | {1 }
	Port: should_skip : x_t_14_V_read | {1 }
	Port: should_skip : x_t_15_V_read | {1 }
	Port: should_skip : x_t_16_V_read | {1 }
	Port: should_skip : x_t_17_V_read | {1 }
	Port: should_skip : x_t_18_V_read | {1 }
	Port: should_skip : x_t_19_V_read | {1 }
	Port: should_skip : x_t_20_V_read | {1 }
	Port: should_skip : x_t_21_V_read | {1 }
	Port: should_skip : x_t_22_V_read | {1 }
	Port: should_skip : x_t_23_V_read | {1 }
	Port: should_skip : x_t_24_V_read | {1 }
	Port: should_skip : x_t_25_V_read | {1 }
	Port: should_skip : x_t_26_V_read | {1 }
	Port: should_skip : x_t_27_V_read | {1 }
	Port: should_skip : x_prev_V | {2 3 }
  - Chain level:
	State 1
	State 2
		exitcond : 1
		i_1 : 1
		StgValue_43 : 2
		tmp_s : 1
		StgValue_47 : 1
		x_prev_V_addr : 2
		p_Val2_s : 3
	State 3
		delta_V : 1
		tmp_490 : 2
		addconv1 : 2
		tmp_7 : 2
		diff_sum_V : 3
		tmp_491 : 1
		addconv : 1
		tmp_9 : 1
		energy_V : 2
	State 4
		tmp_V_8 : 1
		p_Result_s : 2
		p_Result_13 : 3
		l : 4
		tmp_478 : 5
		tmp_V_9 : 1
		p_Result_7 : 2
		p_Result_16 : 3
		l_1 : 4
		tmp_489 : 5
	State 5
		tmp_469 : 1
		lsb_index : 1
		tmp_470 : 2
		icmp : 3
		tmp_471 : 1
		tmp_472 : 2
		tmp_473 : 3
		tmp_474 : 4
		p_Result_3 : 5
		tmp_4 : 5
		a : 6
		tmp_476 : 2
		rev : 3
		tmp_10 : 2
		p_Result_4 : 3
		tmp_12 : 3
		tmp_261 : 6
		tmp_13 : 6
		tmp_14 : 2
		tmp_480 : 1
		lsb_index_1 : 1
		tmp_481 : 2
		icmp1 : 3
		tmp_482 : 1
		tmp_483 : 2
		tmp_484 : 3
		tmp_485 : 4
		p_Result_9 : 5
		tmp_28 : 5
		a_1 : 6
		tmp_487 : 2
		rev1 : 3
		tmp_30 : 2
		p_Result_10 : 3
		tmp_32 : 3
		tmp_266 : 6
		tmp_33 : 6
		tmp_34 : 2
	State 6
		tmp_17 : 1
		tmp_17_cast : 2
		tmp_19 : 1
		tmp_20 : 2
		m_1 : 3
		m_2 : 4
		m_s : 5
		tmp_477 : 5
		tmp_264_cast_cast : 6
		p_Repl2_2_trunc : 7
		tmp_404 : 5
		notrhs : 6
		tmp_37 : 1
		tmp_37_cast : 2
		tmp_39 : 1
		tmp_40 : 2
		m_6 : 3
		m_7 : 4
		m_3 : 5
		tmp_488 : 5
		tmp_272_cast_cast : 6
		p_Repl2_5_trunc : 7
		tmp_408 : 5
		notrhs8 : 6
	State 7
		p_Result_14 : 1
		tmp_23 : 2
		tmp_405 : 1
		tmp_406 : 3
		tmp_407 : 4
		p_Result_17 : 1
		tmp_43 : 2
		tmp_409 : 1
		tmp_410 : 3
		tmp_411 : 4
		tmp1 : 4
		tmp2 : 4
		p_s : 4
		StgValue_201 : 4


============================================================
+ Verbose Summary: Datapath Resource usage 
============================================================

* Functional unit list:
|----------|-----------------------------|---------|---------|---------|
| Operation|       Functional Unit       |  DSP48E |    FF   |   LUT   |
|----------|-----------------------------|---------|---------|---------|
|   dcmp   |        tmp_406_fu_480       |    0    |   130   |   469   |
|          |        tmp_410_fu_485       |    0    |   130   |   469   |
|----------|-----------------------------|---------|---------|---------|
|          |          i_1_fu_496         |    0    |    0    |    7    |
|          |       addconv1_fu_521       |    0    |    0    |    16   |
|          |        addconv_fu_549       |    0    |    0    |    16   |
|          |       lsb_index_fu_694      |    0    |    0    |    32   |
|          |        tmp_10_fu_767        |    0    |    0    |    16   |
|          |      lsb_index_1_fu_815     |    0    |    0    |    32   |
|    add   |        tmp_30_fu_888        |    0    |    0    |    16   |
|          |        tmp_15_fu_933        |    0    |    0    |    32   |
|          |          m_2_fu_973         |    0    |    0    |    64   |
|          |   p_Repl2_2_trunc_fu_1010   |    0    |    0    |    11   |
|          |        tmp_35_fu_1038       |    0    |    0    |    32   |
|          |         m_7_fu_1078         |    0    |    0    |    64   |
|          |   p_Repl2_5_trunc_fu_1115   |    0    |    0    |    11   |
|----------|-----------------------------|---------|---------|---------|
|          |        delta_V_fu_507       |    0    |    0    |    16   |
|          |         tmp_7_fu_527        |    0    |    0    |    16   |
|          |         tmp_9_fu_555        |    0    |    0    |    16   |
|          |         tmp_V_fu_583        |    0    |    0    |    16   |
|          |        tmp_V_2_fu_641       |    0    |    0    |    16   |
|          |         tmp_1_fu_685        |    0    |    0    |    32   |
|    sub   |        tmp_472_fu_720       |    0    |    0    |    7    |
|          |        tmp_25_fu_806        |    0    |    0    |    32   |
|          |        tmp_483_fu_841       |    0    |    0    |    7    |
|          |        tmp_18_fu_948        |    0    |    0    |    32   |
|          |       tmp_263_fu_1005       |    0    |    0    |    11   |
|          |        tmp_38_fu_1053       |    0    |    0    |    32   |
|          |       tmp_268_fu_1110       |    0    |    0    |    11   |
|----------|-----------------------------|---------|---------|---------|
|          |      diff_sum_V_fu_533      |    0    |    0    |    16   |
|          |       energy_V_fu_561       |    0    |    0    |    16   |
|          |        tmp_V_8_fu_589       |    0    |    0    |    16   |
|  select  |        tmp_V_9_fu_647       |    0    |    0    |    16   |
|          |          m_1_fu_963         |    0    |    0    |    64   |
|          |   tmp_264_cast_cast_fu_997  |    0    |    0    |    11   |
|          |         m_6_fu_1068         |    0    |    0    |    64   |
|          |  tmp_272_cast_cast_fu_1102  |    0    |    0    |    11   |
|----------|-----------------------------|---------|---------|---------|
|          |        tmp_474_fu_730       |    0    |    0    |    12   |
|   lshr   |        tmp_485_fu_851       |    0    |    0    |    12   |
|          |        tmp_17_fu_938        |    0    |    0    |    85   |
|          |        tmp_37_fu_1043       |    0    |    0    |    85   |
|----------|-----------------------------|---------|---------|---------|
|    shl   |        tmp_20_fu_957        |    0    |    0    |    85   |
|          |        tmp_40_fu_1062       |    0    |    0    |    85   |
|----------|-----------------------------|---------|---------|---------|
|   cttz   |           l_fu_615          |    0    |    40   |    36   |
|          |          l_1_fu_673         |    0    |    40   |    36   |
|----------|-----------------------------|---------|---------|---------|
|          |       exitcond_fu_490       |    0    |    0    |    2    |
|          |          tmp_fu_569         |    0    |    0    |    7    |
|          |        tmp_24_fu_627        |    0    |    0    |    7    |
|          |         icmp_fu_710         |    0    |    0    |    12   |
|          |         tmp_4_fu_741        |    0    |    0    |    7    |
|          |        tmp_14_fu_800        |    0    |    0    |    12   |
|   icmp   |         icmp1_fu_831        |    0    |    0    |    12   |
|          |        tmp_28_fu_862        |    0    |    0    |    7    |
|          |        tmp_34_fu_921        |    0    |    0    |    12   |
|          |        notrhs_fu_1026       |    0    |    0    |    20   |
|          |       notrhs8_fu_1131       |    0    |    0    |    20   |
|          |        notlhs_fu_1163       |    0    |    0    |    5    |
|          |       notlhs7_fu_1205       |    0    |    0    |    5    |
|----------|-----------------------------|---------|---------|---------|
|          |      p_Result_3_fu_736      |    0    |    0    |    16   |
|          |           a_fu_747          |    0    |    0    |    1    |
|          |        tmp_12_fu_780        |    0    |    0    |    1    |
|    and   |      p_Result_9_fu_857      |    0    |    0    |    16   |
|          |          a_1_fu_868         |    0    |    0    |    1    |
|          |        tmp_32_fu_901        |    0    |    0    |    1    |
|          |       tmp_407_fu_1173       |    0    |    0    |    1    |
|          |       tmp_411_fu_1215       |    0    |    0    |    1    |
|----------|-----------------------------|---------|---------|---------|
|          |        tmp_261_fu_786       |    0    |    0    |    1    |
|          |        tmp_266_fu_907       |    0    |    0    |    1    |
|          |       tmp_405_fu_1168       |    0    |    0    |    1    |
|    or    |       tmp_409_fu_1210       |    0    |    0    |    1    |
|          |         tmp1_fu_1221        |    0    |    0    |    1    |
|          |         tmp2_fu_1226        |    0    |    0    |    1    |
|          |         p_s_fu_1231         |    0    |    0    |    1    |
|----------|-----------------------------|---------|---------|---------|
|    xor   |          rev_fu_761         |    0    |    0    |    1    |
|          |         rev1_fu_882         |    0    |    0    |    1    |
|----------|-----------------------------|---------|---------|---------|
|          | x_t_27_V_read_1_read_fu_202 |    0    |    0    |    0    |
|          | x_t_26_V_read_1_read_fu_208 |    0    |    0    |    0    |
|          | x_t_25_V_read_1_read_fu_214 |    0    |    0    |    0    |
|          | x_t_24_V_read_1_read_fu_220 |    0    |    0    |    0    |
|          | x_t_23_V_read_1_read_fu_226 |    0    |    0    |    0    |
|          | x_t_22_V_read_1_read_fu_232 |    0    |    0    |    0    |
|          | x_t_21_V_read_1_read_fu_238 |    0    |    0    |    0    |
|          | x_t_20_V_read_1_read_fu_244 |    0    |    0    |    0    |
|          | x_t_19_V_read_1_read_fu_250 |    0    |    0    |    0    |
|          | x_t_18_V_read_1_read_fu_256 |    0    |    0    |    0    |
|          | x_t_17_V_read_1_read_fu_262 |    0    |    0    |    0    |
|          | x_t_16_V_read_1_read_fu_268 |    0    |    0    |    0    |
|          | x_t_15_V_read_1_read_fu_274 |    0    |    0    |    0    |
|   read   | x_t_14_V_read_1_read_fu_280 |    0    |    0    |    0    |
|          | x_t_13_V_read_1_read_fu_286 |    0    |    0    |    0    |
|          | x_t_12_V_read_1_read_fu_292 |    0    |    0    |    0    |
|          | x_t_11_V_read_1_read_fu_298 |    0    |    0    |    0    |
|          | x_t_10_V_read_1_read_fu_304 |    0    |    0    |    0    |
|          |  x_t_9_V_read_1_read_fu_310 |    0    |    0    |    0    |
|          |  x_t_8_V_read_1_read_fu_316 |    0    |    0    |    0    |
|          |  x_t_7_V_read_1_read_fu_322 |    0    |    0    |    0    |
|          |  x_t_6_V_read_1_read_fu_328 |    0    |    0    |    0    |
|          |  x_t_5_V_read_1_read_fu_334 |    0    |    0    |    0    |
|          |  x_t_4_V_read_1_read_fu_340 |    0    |    0    |    0    |
|          |  x_t_3_V_read_1_read_fu_346 |    0    |    0    |    0    |
|          |  x_t_2_V_read_1_read_fu_352 |    0    |    0    |    0    |
|          |  x_t_1_V_read_1_read_fu_358 |    0    |    0    |    0    |
|          |  x_t_0_V_read_1_read_fu_364 |    0    |    0    |    0    |
|----------|-----------------------------|---------|---------|---------|
|          |         tmp_s_fu_502        |    0    |    0    |    0    |
|          |        tmp_473_fu_726       |    0    |    0    |    0    |
|          |        tmp_484_fu_847       |    0    |    0    |    0    |
|          |           m_fu_927          |    0    |    0    |    0    |
|          |        m_cast_fu_930        |    0    |    0    |    0    |
|          |      tmp_17_cast_fu_944     |    0    |    0    |    0    |
|          |        tmp_19_fu_953        |    0    |    0    |    0    |
|   zext   |        tmp_21_fu_970        |    0    |    0    |    0    |
|          |         m_5_fu_1032         |    0    |    0    |    0    |
|          |       m_5_cast_fu_1035      |    0    |    0    |    0    |
|          |     tmp_37_cast_fu_1049     |    0    |    0    |    0    |
|          |        tmp_39_fu_1058       |    0    |    0    |    0    |
|          |        tmp_41_fu_1075       |    0    |    0    |    0    |
|          |         m_11_fu_1137        |    0    |    0    |    0    |
|          |         m_12_fu_1179        |    0    |    0    |    0    |
|----------|-----------------------------|---------|---------|---------|
|          |        tmp_490_fu_513       |    0    |    0    |    0    |
|          |        tmp_491_fu_541       |    0    |    0    |    0    |
|          |      p_Result_12_fu_575     |    0    |    0    |    0    |
|          |      p_Result_15_fu_633     |    0    |    0    |    0    |
| bitselect|        tmp_476_fu_753       |    0    |    0    |    0    |
|          |      p_Result_4_fu_773      |    0    |    0    |    0    |
|          |        tmp_487_fu_874       |    0    |    0    |    0    |
|          |      p_Result_10_fu_894     |    0    |    0    |    0    |
|          |        tmp_477_fu_989       |    0    |    0    |    0    |
|          |       tmp_488_fu_1094       |    0    |    0    |    0    |
|----------|-----------------------------|---------|---------|---------|
|          |      p_Result_s_fu_597      |    0    |    0    |    0    |
|          |      p_Result_7_fu_655      |    0    |    0    |    0    |
|          |        tmp_470_fu_700       |    0    |    0    |    0    |
|partselect|        tmp_481_fu_821       |    0    |    0    |    0    |
|          |          m_s_fu_979         |    0    |    0    |    0    |
|          |       tmp_404_fu_1016       |    0    |    0    |    0    |
|          |         m_3_fu_1084         |    0    |    0    |    0    |
|          |       tmp_408_fu_1121       |    0    |    0    |    0    |
|----------|-----------------------------|---------|---------|---------|
|          |      p_Result_13_fu_607     |    0    |    0    |    0    |
|          |      p_Result_16_fu_665     |    0    |    0    |    0    |
|bitconcatenate|        tmp_13_fu_792        |    0    |    0    |    0    |
|          |        tmp_33_fu_913        |    0    |    0    |    0    |
|          |       tmp_264_fu_1140       |    0    |    0    |    0    |
|          |       tmp_269_fu_1182       |    0    |    0    |    0    |
|----------|-----------------------------|---------|---------|---------|
|          |        tmp_478_fu_623       |    0    |    0    |    0    |
|          |        tmp_489_fu_681       |    0    |    0    |    0    |
|   trunc  |        tmp_469_fu_690       |    0    |    0    |    0    |
|          |        tmp_471_fu_716       |    0    |    0    |    0    |
|          |        tmp_480_fu_811       |    0    |    0    |    0    |
|          |        tmp_482_fu_837       |    0    |    0    |    0    |
|----------|-----------------------------|---------|---------|---------|
|  partset |     p_Result_14_fu_1146     |    0    |    0    |    0    |
|          |     p_Result_17_fu_1188     |    0    |    0    |    0    |
|----------|-----------------------------|---------|---------|---------|
|   Total  |                             |    0    |   340   |   2356  |
|----------|-----------------------------|---------|---------|---------|

Memories:
N/A

* Register list:
+------------------------+--------+
|                        |   FF   |
+------------------------+--------+
|   diff_sum_V_reg_1391  |   16   |
|    energy_V_reg_1396   |   16   |
|    exitcond_reg_1377   |    1   |
|      i_1_reg_1381      |    5   |
|        i_reg_407       |    5   |
|      l_1_reg_1447      |   32   |
|       l_reg_1419       |   32   |
|      m_3_reg_1505      |   63   |
|      m_s_reg_1489      |   63   |
|    notrhs8_reg_1516    |    1   |
|     notrhs_reg_1500    |    1   |
|p_Repl2_2_trunc_reg_1494|   11   |
|p_Repl2_5_trunc_reg_1510|   11   |
|  p_Result_12_reg_1406  |    1   |
|  p_Result_15_reg_1434  |    1   |
|    p_Val2_2_reg_419    |   16   |
|     tmp_13_reg_1463    |   32   |
|     tmp_14_reg_1468    |    1   |
|     tmp_1_reg_1457     |   32   |
|     tmp_24_reg_1429    |    1   |
|     tmp_25_reg_1473    |   32   |
|     tmp_33_reg_1479    |   32   |
|     tmp_34_reg_1484    |    1   |
|    tmp_478_reg_1424    |   11   |
|    tmp_489_reg_1452    |   11   |
|     tmp_V_6_reg_383    |   16   |
|     tmp_V_7_reg_395    |   16   |
|    tmp_V_8_reg_1411    |   16   |
|    tmp_V_9_reg_1439    |   16   |
|      tmp_reg_1401      |    1   |
| x_prev_V_addr_reg_1386 |    8   |
| x_t_0_V_read_1_reg_1372|   16   |
|x_t_10_V_read_1_reg_1322|   16   |
|x_t_11_V_read_1_reg_1317|   16   |
|x_t_12_V_read_1_reg_1312|   16   |
|x_t_13_V_read_1_reg_1307|   16   |
|x_t_14_V_read_1_reg_1302|   16   |
|x_t_15_V_read_1_reg_1297|   16   |
|x_t_16_V_read_1_reg_1292|   16   |
|x_t_17_V_read_1_reg_1287|   16   |
|x_t_18_V_read_1_reg_1282|   16   |
|x_t_19_V_read_1_reg_1277|   16   |
| x_t_1_V_read_1_reg_1367|   16   |
|x_t_20_V_read_1_reg_1272|   16   |
|x_t_21_V_read_1_reg_1267|   16   |
|x_t_22_V_read_1_reg_1262|   16   |
|x_t_23_V_read_1_reg_1257|   16   |
|x_t_24_V_read_1_reg_1252|   16   |
|x_t_25_V_read_1_reg_1247|   16   |
|x_t_26_V_read_1_reg_1242|   16   |
|x_t_27_V_read_1_reg_1237|   16   |
| x_t_2_V_read_1_reg_1362|   16   |
| x_t_3_V_read_1_reg_1357|   16   |
| x_t_4_V_read_1_reg_1352|   16   |
| x_t_5_V_read_1_reg_1347|   16   |
| x_t_6_V_read_1_reg_1342|   16   |
| x_t_7_V_read_1_reg_1337|   16   |
| x_t_8_V_read_1_reg_1332|   16   |
| x_t_9_V_read_1_reg_1327|   16   |
+------------------------+--------+
|          Total         |   949  |
+------------------------+--------+

* Multiplexer (MUX) list: 
|-------------------|------|------|------|--------||---------||---------|
|        Comp       |  Pin | Size |  BW  | S x BW ||  Delay  ||   LUT   |
|-------------------|------|------|------|--------||---------||---------|
| grp_access_fu_377 |  p0  |   2  |   8  |   16   ||    3    |
|  tmp_V_6_reg_383  |  p0  |   2  |  16  |   32   ||    3    |
|  tmp_V_7_reg_395  |  p0  |   2  |  16  |   32   ||    3    |
|     i_reg_407     |  p0  |   2  |   5  |   10   ||    3    |
|-------------------|------|------|------|--------||---------||---------|
|       Total       |      |      |      |   90   ||  1.864  ||    12   |
|-------------------|------|------|------|--------||---------||---------|



* Summary:
+-----------+--------+--------+--------+--------+
|           | DSP48E |  Delay |   FF   |   LUT  |
+-----------+--------+--------+--------+--------+
|  Function |    0   |    -   |   340  |  2356  |
|   Memory  |    -   |    -   |    -   |    -   |
|Multiplexer|    -   |    1   |    -   |   12   |
|  Register |    -   |    -   |   949  |    -   |
+-----------+--------+--------+--------+--------+
|   Total   |    0   |    1   |  1289  |  2368  |
+-----------+--------+--------+--------+--------+
