

================================================================
== Vivado HLS Report for 'sigmoid'
================================================================
* Date:           Wed Apr 16 02:46:22 2025

* Version:        2018.3 (Build 2405991 on Thu Dec 06 23:56:15 MST 2018)
* Project:        lstm_hls_opt
* Solution:       solution1
* Product family: zynq
* Target device:  xc7z020clg400-2


================================================================
== Performance Estimates
================================================================
+ Timing (ns): 
    * Summary: 
    +--------+-------+----------+------------+
    |  Clock | Target| Estimated| Uncertainty|
    +--------+-------+----------+------------+
    |ap_clk  |  10.00|     7.425|        1.25|
    +--------+-------+----------+------------+

+ Latency (clock cycles): 
    * Summary: 
    +-----+-----+-----+-----+---------+
    |  Latency  |  Interval | Pipeline|
    | min | max | min | max |   Type  |
    +-----+-----+-----+-----+---------+
    |  141|  141|  141|  141|   none  |
    +-----+-----+-----+-----+---------+

    + Detail: 
        * Instance: 
        N/A

        * Loop: 
        +----------+-----+-----+----------+-----------+-----------+------+----------+
        |          |  Latency  | Iteration|  Initiation Interval  | Trip |          |
        | Loop Name| min | max |  Latency |  achieved |   target  | Count| Pipelined|
        +----------+-----+-----+----------+-----------+-----------+------+----------+
        |- Loop 1  |  140|  140|        35|          -|          -|     4|    no    |
        +----------+-----+-----+----------+-----------+-----------+------+----------+

============================================================
+ Verbose Summary: Synthesis Manager
============================================================
InlineROM: 1
ExposeGlobal: 0
============================================================
+ Verbose Summary: CDFG Model
============================================================
IsTopModel: 0
ResetActiveHigh: 1
IsCombinational: 0
IsDatapathOnly: 0
HasWiredReturn: 1
HasMFsm: 0
HasVarLatency: 1
IsPipeline: 0
IsRtlPipelined: 0
IsInstanceOverlapped: 0
IsDontTouch: 0
HasImplIP: 0
IsGatedGlobalClock: 0


============================================================
+ Verbose Summary: Schedule
============================================================
* Number of FSM states : 36
* Pipeline : 0
* Dataflow Pipeline: 0

* FSM state transitions: 
1 --> 
	2  / true
2 --> 
	3  / (!exitcond)
3 --> 
	4  / true
4 --> 
	5  / true
5 --> 
	6  / true
6 --> 
	7  / true
7 --> 
	8  / true
8 --> 
	9  / true
9 --> 
	10  / true
10 --> 
	11  / true
11 --> 
	12  / true
12 --> 
	13  / true
13 --> 
	14  / true
14 --> 
	15  / true
15 --> 
	16  / true
16 --> 
	17  / true
17 --> 
	18  / true
18 --> 
	19  / true
19 --> 
	20  / true
20 --> 
	21  / true
21 --> 
	22  / true
22 --> 
	23  / true
23 --> 
	24  / true
24 --> 
	25  / true
25 --> 
	26  / true
26 --> 
	27  / true
27 --> 
	28  / true
28 --> 
	29  / true
29 --> 
	30  / true
30 --> 
	31  / true
31 --> 
	32  / true
32 --> 
	33  / true
33 --> 
	34  / true
34 --> 
	35  / true
35 --> 
	36  / true
36 --> 
	2  / true

* FSM state operations: 

State 1 <SV = 0> <Delay = 0.46>
ST_1 : Operation 37 [1/1] (0.00ns)   --->   "call void (...)* @_ssdm_op_SpecMemCore([256 x i15]* @Sigmoid_lut_V, [1 x i8]* @p_str13, [14 x i8]* @p_str15, [1 x i8]* @p_str13, i32 -1, [1 x i8]* @p_str13, [1 x i8]* @p_str13, [1 x i8]* @p_str13, [1 x i8]* @p_str13, [1 x i8]* @p_str13)"   --->   Operation 37 'specmemcore' <Predicate = true> <Delay = 0.00>
ST_1 : Operation 38 [1/1] (0.46ns)   --->   "br label %1" [lstm_hls_opt/src/rnn.cpp:73]   --->   Operation 38 'br' <Predicate = true> <Delay = 0.46>

State 2 <SV = 1> <Delay = 1.75>
ST_2 : Operation 39 [1/1] (0.00ns)   --->   "%i = phi i8 [ 0, %0 ], [ %i_2_s, %_ZN8ap_fixedILi16ELi5EL9ap_q_mode5EL9ap_o_mode3ELi0EEC1Ei.exit.0_ifconv ]" [lstm_hls_opt/src/rnn.cpp:73]   --->   Operation 39 'phi' 'i' <Predicate = true> <Delay = 0.00>
ST_2 : Operation 40 [1/1] (0.00ns)   --->   "%empty = call i32 (...)* @_ssdm_op_SpecLoopTripCount(i64 4, i64 4, i64 4)"   --->   Operation 40 'speclooptripcount' 'empty' <Predicate = true> <Delay = 0.00>
ST_2 : Operation 41 [1/1] (1.31ns)   --->   "%exitcond = icmp eq i8 %i, -128" [lstm_hls_opt/src/rnn.cpp:73]   --->   Operation 41 'icmp' 'exitcond' <Predicate = true> <Delay = 1.31> <Core = "Cmp">   --->   Core 25 'Cmp' <Latency = 0> <II = 1> <Delay = 1.98> <FuncUnit> <Opcode : 'icmp'> <InPorts = 2> <OutPorts = 1>
ST_2 : Operation 42 [1/1] (0.00ns)   --->   "br i1 %exitcond, label %2, label %_ZN8ap_fixedILi16ELi5EL9ap_q_mode5EL9ap_o_mode3ELi0EEC1Ei.exit.0_ifconv" [lstm_hls_opt/src/rnn.cpp:73]   --->   Operation 42 'br' <Predicate = true> <Delay = 0.00>
ST_2 : Operation 43 [1/1] (0.00ns)   --->   "%newIndex = call i5 @_ssdm_op_PartSelect.i5.i8.i32.i32(i8 %i, i32 3, i32 7)" [lstm_hls_opt/src/rnn.cpp:75]   --->   Operation 43 'partselect' 'newIndex' <Predicate = (!exitcond)> <Delay = 0.00>
ST_2 : Operation 44 [1/1] (0.00ns)   --->   "%newIndex_cast = call i4 @_ssdm_op_PartSelect.i4.i8.i32.i32(i8 %i, i32 3, i32 6)" [lstm_hls_opt/src/rnn.cpp:75]   --->   Operation 44 'partselect' 'newIndex_cast' <Predicate = (!exitcond)> <Delay = 0.00>
ST_2 : Operation 45 [1/1] (0.00ns)   --->   "%newIndex8 = zext i5 %newIndex to i64" [lstm_hls_opt/src/rnn.cpp:75]   --->   Operation 45 'zext' 'newIndex8' <Predicate = (!exitcond)> <Delay = 0.00>
ST_2 : Operation 46 [1/1] (0.00ns)   --->   "%x_0_V_addr = getelementptr [16 x i16]* %res_0_V, i64 0, i64 %newIndex8" [lstm_hls_opt/src/rnn.cpp:75]   --->   Operation 46 'getelementptr' 'x_0_V_addr' <Predicate = (!exitcond)> <Delay = 0.00>
ST_2 : Operation 47 [2/2] (1.75ns)   --->   "%x_0_V_load = load i16* %x_0_V_addr, align 2" [lstm_hls_opt/src/rnn.cpp:75]   --->   Operation 47 'load' 'x_0_V_load' <Predicate = (!exitcond)> <Delay = 1.75> <Core = "RAM">   --->   Core 37 'RAM' <Latency = 1> <II = 1> <Delay = 1.75> <Storage> <Opcode : 'load' 'store'> <Ports = 2> <Width = 16> <Depth = 16> <RAM>
ST_2 : Operation 48 [1/1] (0.00ns)   --->   "%x_1_V_addr = getelementptr [16 x i16]* %res_1_V, i64 0, i64 %newIndex8" [lstm_hls_opt/src/rnn.cpp:75]   --->   Operation 48 'getelementptr' 'x_1_V_addr' <Predicate = (!exitcond)> <Delay = 0.00>
ST_2 : Operation 49 [1/1] (0.00ns)   --->   "%x_2_V_addr = getelementptr [16 x i16]* %res_2_V, i64 0, i64 %newIndex8" [lstm_hls_opt/src/rnn.cpp:75]   --->   Operation 49 'getelementptr' 'x_2_V_addr' <Predicate = (!exitcond)> <Delay = 0.00>
ST_2 : Operation 50 [1/1] (0.00ns)   --->   "%x_3_V_addr = getelementptr [16 x i16]* %res_3_V, i64 0, i64 %newIndex8" [lstm_hls_opt/src/rnn.cpp:75]   --->   Operation 50 'getelementptr' 'x_3_V_addr' <Predicate = (!exitcond)> <Delay = 0.00>
ST_2 : Operation 51 [1/1] (0.00ns)   --->   "%x_4_V_addr = getelementptr [16 x i16]* %res_4_V, i64 0, i64 %newIndex8" [lstm_hls_opt/src/rnn.cpp:75]   --->   Operation 51 'getelementptr' 'x_4_V_addr' <Predicate = (!exitcond)> <Delay = 0.00>
ST_2 : Operation 52 [1/1] (0.00ns)   --->   "%x_5_V_addr = getelementptr [16 x i16]* %res_5_V, i64 0, i64 %newIndex8" [lstm_hls_opt/src/rnn.cpp:75]   --->   Operation 52 'getelementptr' 'x_5_V_addr' <Predicate = (!exitcond)> <Delay = 0.00>
ST_2 : Operation 53 [1/1] (0.00ns)   --->   "%x_6_V_addr = getelementptr [16 x i16]* %res_6_V, i64 0, i64 %newIndex8" [lstm_hls_opt/src/rnn.cpp:75]   --->   Operation 53 'getelementptr' 'x_6_V_addr' <Predicate = (!exitcond)> <Delay = 0.00>
ST_2 : Operation 54 [1/1] (0.00ns)   --->   "%x_7_V_addr = getelementptr [16 x i16]* %res_7_V, i64 0, i64 %newIndex8" [lstm_hls_opt/src/rnn.cpp:75]   --->   Operation 54 'getelementptr' 'x_7_V_addr' <Predicate = (!exitcond)> <Delay = 0.00>
ST_2 : Operation 55 [1/1] (1.30ns)   --->   "%i_2_s = add i8 32, %i" [lstm_hls_opt/src/rnn.cpp:73]   --->   Operation 55 'add' 'i_2_s' <Predicate = (!exitcond)> <Delay = 1.30> <Core = "AddSub">   --->   Core 14 'AddSub' <Latency = 0> <II = 1> <Delay = 1.30> <FuncUnit> <Opcode : 'add' 'sub'> <InPorts = 2> <OutPorts = 1>
ST_2 : Operation 56 [1/1] (0.00ns)   --->   "ret void" [lstm_hls_opt/src/rnn.cpp:82]   --->   Operation 56 'ret' <Predicate = (exitcond)> <Delay = 0.00>

State 3 <SV = 2> <Delay = 7.42>
ST_3 : Operation 57 [1/2] (1.75ns)   --->   "%x_0_V_load = load i16* %x_0_V_addr, align 2" [lstm_hls_opt/src/rnn.cpp:75]   --->   Operation 57 'load' 'x_0_V_load' <Predicate = true> <Delay = 1.75> <Core = "RAM">   --->   Core 37 'RAM' <Latency = 1> <II = 1> <Delay = 1.75> <Storage> <Opcode : 'load' 'store'> <Ports = 2> <Width = 16> <Depth = 16> <RAM>
ST_3 : Operation 58 [1/1] (2.13ns)   --->   "%tmp_s = icmp sgt i16 %x_0_V_load, 16384" [lstm_hls_opt/src/rnn.cpp:75]   --->   Operation 58 'icmp' 'tmp_s' <Predicate = true> <Delay = 2.13> <Core = "Cmp">   --->   Core 25 'Cmp' <Latency = 0> <II = 1> <Delay = 1.98> <FuncUnit> <Opcode : 'icmp'> <InPorts = 2> <OutPorts = 1>
ST_3 : Operation 59 [1/1] (2.13ns)   --->   "%tmp_9 = icmp slt i16 %x_0_V_load, -16384" [lstm_hls_opt/src/rnn.cpp:76]   --->   Operation 59 'icmp' 'tmp_9' <Predicate = true> <Delay = 2.13> <Core = "Cmp">   --->   Core 25 'Cmp' <Latency = 0> <II = 1> <Delay = 1.98> <FuncUnit> <Opcode : 'icmp'> <InPorts = 2> <OutPorts = 1>
ST_3 : Operation 60 [1/1] (0.00ns)   --->   "%tmp_132 = call i12 @_ssdm_op_PartSelect.i12.i16.i32.i32(i16 %x_0_V_load, i32 4, i32 15)" [lstm_hls_opt/src/rnn.cpp:78]   --->   Operation 60 'partselect' 'tmp_132' <Predicate = true> <Delay = 0.00>
ST_3 : Operation 61 [1/1] (0.00ns)   --->   "%lhs_V_cast = sext i12 %tmp_132 to i13" [lstm_hls_opt/src/rnn.cpp:78]   --->   Operation 61 'sext' 'lhs_V_cast' <Predicate = true> <Delay = 0.00>
ST_3 : Operation 62 [1/1] (1.54ns)   --->   "%ret_V = add i13 1024, %lhs_V_cast" [lstm_hls_opt/src/rnn.cpp:78]   --->   Operation 62 'add' 'ret_V' <Predicate = true> <Delay = 1.54> <Core = "AddSub">   --->   Core 14 'AddSub' <Latency = 0> <II = 1> <Delay = 1.30> <FuncUnit> <Opcode : 'add' 'sub'> <InPorts = 2> <OutPorts = 1>
ST_3 : Operation 63 [1/1] (0.00ns)   --->   "%p_shl = call i24 @_ssdm_op_BitConcatenate.i24.i13.i11(i13 %ret_V, i11 0)" [lstm_hls_opt/src/rnn.cpp:78]   --->   Operation 63 'bitconcatenate' 'p_shl' <Predicate = true> <Delay = 0.00>
ST_3 : Operation 64 [1/1] (0.00ns)   --->   "%p_shl2 = call i16 @_ssdm_op_BitConcatenate.i16.i13.i3(i13 %ret_V, i3 0)" [lstm_hls_opt/src/rnn.cpp:78]   --->   Operation 64 'bitconcatenate' 'p_shl2' <Predicate = true> <Delay = 0.00>
ST_3 : Operation 65 [1/1] (0.00ns)   --->   "%p_shl2_cast = sext i16 %p_shl2 to i24" [lstm_hls_opt/src/rnn.cpp:78]   --->   Operation 65 'sext' 'p_shl2_cast' <Predicate = true> <Delay = 0.00>
ST_3 : Operation 66 [1/1] (1.68ns)   --->   "%r_V_4 = sub i24 %p_shl, %p_shl2_cast" [lstm_hls_opt/src/rnn.cpp:78]   --->   Operation 66 'sub' 'r_V_4' <Predicate = true> <Delay = 1.68> <Core = "AddSub">   --->   Core 14 'AddSub' <Latency = 0> <II = 1> <Delay = 1.30> <FuncUnit> <Opcode : 'add' 'sub'> <InPorts = 2> <OutPorts = 1>
ST_3 : Operation 67 [1/1] (0.00ns) (grouped into LUT with out node tmp_235)   --->   "%tmp_404 = call i1 @_ssdm_op_BitSelect.i1.i24.i32(i24 %r_V_4, i32 23)" [lstm_hls_opt/src/rnn.cpp:78]   --->   Operation 67 'bitselect' 'tmp_404' <Predicate = true> <Delay = 0.00>
ST_3 : Operation 68 [1/1] (0.00ns)   --->   "%tmp_405 = trunc i24 %r_V_4 to i14" [lstm_hls_opt/src/rnn.cpp:78]   --->   Operation 68 'trunc' 'tmp_405' <Predicate = true> <Delay = 0.00>
ST_3 : Operation 69 [1/1] (1.98ns)   --->   "%tmp_12 = icmp eq i14 %tmp_405, 0" [lstm_hls_opt/src/rnn.cpp:78]   --->   Operation 69 'icmp' 'tmp_12' <Predicate = true> <Delay = 1.98> <Core = "Cmp">   --->   Core 25 'Cmp' <Latency = 0> <II = 1> <Delay = 1.98> <FuncUnit> <Opcode : 'icmp'> <InPorts = 2> <OutPorts = 1>
ST_3 : Operation 70 [1/1] (0.00ns)   --->   "%tmp_229 = call i8 @_ssdm_op_PartSelect.i8.i24.i32.i32(i24 %r_V_4, i32 14, i32 21)" [lstm_hls_opt/src/rnn.cpp:78]   --->   Operation 70 'partselect' 'tmp_229' <Predicate = true> <Delay = 0.00>
ST_3 : Operation 71 [1/1] (1.30ns)   --->   "%tmp_231 = add i8 1, %tmp_229" [lstm_hls_opt/src/rnn.cpp:78]   --->   Operation 71 'add' 'tmp_231' <Predicate = true> <Delay = 1.30> <Core = "AddSub">   --->   Core 14 'AddSub' <Latency = 0> <II = 1> <Delay = 1.30> <FuncUnit> <Opcode : 'add' 'sub'> <InPorts = 2> <OutPorts = 1>
ST_3 : Operation 72 [1/1] (0.00ns) (grouped into LUT with out node tmp_235)   --->   "%tmp_233 = select i1 %tmp_12, i8 %tmp_229, i8 %tmp_231" [lstm_hls_opt/src/rnn.cpp:78]   --->   Operation 72 'select' 'tmp_233' <Predicate = true> <Delay = 0.00> <Core = "Sel">   --->   Core 26 'Sel' <Latency = 0> <II = 1> <Delay = 0.59> <FuncUnit> <Opcode : 'select'> <InPorts = 3> <OutPorts = 1>
ST_3 : Operation 73 [1/1] (0.44ns) (out node of the LUT)   --->   "%tmp_235 = select i1 %tmp_404, i8 %tmp_233, i8 %tmp_229" [lstm_hls_opt/src/rnn.cpp:78]   --->   Operation 73 'select' 'tmp_235' <Predicate = true> <Delay = 0.44> <Core = "Sel">   --->   Core 26 'Sel' <Latency = 0> <II = 1> <Delay = 0.59> <FuncUnit> <Opcode : 'select'> <InPorts = 3> <OutPorts = 1>
ST_3 : Operation 74 [2/2] (1.75ns)   --->   "%x_1_V_load = load i16* %x_1_V_addr, align 2" [lstm_hls_opt/src/rnn.cpp:75]   --->   Operation 74 'load' 'x_1_V_load' <Predicate = true> <Delay = 1.75> <Core = "RAM">   --->   Core 37 'RAM' <Latency = 1> <II = 1> <Delay = 1.75> <Storage> <Opcode : 'load' 'store'> <Ports = 2> <Width = 16> <Depth = 16> <RAM>

State 4 <SV = 3> <Delay = 7.42>
ST_4 : Operation 75 [1/1] (0.00ns)   --->   "%tmp_13 = zext i8 %tmp_235 to i64" [lstm_hls_opt/src/rnn.cpp:79]   --->   Operation 75 'zext' 'tmp_13' <Predicate = true> <Delay = 0.00>
ST_4 : Operation 76 [1/1] (0.00ns)   --->   "%Sigmoid_lut_V_addr = getelementptr [256 x i15]* @Sigmoid_lut_V, i64 0, i64 %tmp_13" [lstm_hls_opt/src/rnn.cpp:79]   --->   Operation 76 'getelementptr' 'Sigmoid_lut_V_addr' <Predicate = true> <Delay = 0.00>
ST_4 : Operation 77 [2/2] (2.77ns)   --->   "%Sigmoid_lut_V_load = load i15* %Sigmoid_lut_V_addr, align 2" [lstm_hls_opt/src/rnn.cpp:79]   --->   Operation 77 'load' 'Sigmoid_lut_V_load' <Predicate = true> <Delay = 2.77> <Core = "ROM_1P_LUTRAM">   --->   Core 60 'ROM_1P_LUTRAM' <Latency = 1> <II = 1> <Delay = 2.77> <Storage> <Opcode : 'load'> <Ports = 1> <Width = 15> <Depth = 256> <ROM>
ST_4 : Operation 78 [1/2] (1.75ns)   --->   "%x_1_V_load = load i16* %x_1_V_addr, align 2" [lstm_hls_opt/src/rnn.cpp:75]   --->   Operation 78 'load' 'x_1_V_load' <Predicate = true> <Delay = 1.75> <Core = "RAM">   --->   Core 37 'RAM' <Latency = 1> <II = 1> <Delay = 1.75> <Storage> <Opcode : 'load' 'store'> <Ports = 2> <Width = 16> <Depth = 16> <RAM>
ST_4 : Operation 79 [1/1] (2.13ns)   --->   "%tmp_1 = icmp sgt i16 %x_1_V_load, 16384" [lstm_hls_opt/src/rnn.cpp:75]   --->   Operation 79 'icmp' 'tmp_1' <Predicate = true> <Delay = 2.13> <Core = "Cmp">   --->   Core 25 'Cmp' <Latency = 0> <II = 1> <Delay = 1.98> <FuncUnit> <Opcode : 'icmp'> <InPorts = 2> <OutPorts = 1>
ST_4 : Operation 80 [1/1] (2.13ns)   --->   "%tmp_9_1 = icmp slt i16 %x_1_V_load, -16384" [lstm_hls_opt/src/rnn.cpp:76]   --->   Operation 80 'icmp' 'tmp_9_1' <Predicate = true> <Delay = 2.13> <Core = "Cmp">   --->   Core 25 'Cmp' <Latency = 0> <II = 1> <Delay = 1.98> <FuncUnit> <Opcode : 'icmp'> <InPorts = 2> <OutPorts = 1>
ST_4 : Operation 81 [1/1] (0.00ns)   --->   "%tmp_136 = call i12 @_ssdm_op_PartSelect.i12.i16.i32.i32(i16 %x_1_V_load, i32 4, i32 15)" [lstm_hls_opt/src/rnn.cpp:78]   --->   Operation 81 'partselect' 'tmp_136' <Predicate = true> <Delay = 0.00>
ST_4 : Operation 82 [1/1] (0.00ns)   --->   "%lhs_V_1_cast = sext i12 %tmp_136 to i13" [lstm_hls_opt/src/rnn.cpp:78]   --->   Operation 82 'sext' 'lhs_V_1_cast' <Predicate = true> <Delay = 0.00>
ST_4 : Operation 83 [1/1] (1.54ns)   --->   "%ret_V_1 = add i13 1024, %lhs_V_1_cast" [lstm_hls_opt/src/rnn.cpp:78]   --->   Operation 83 'add' 'ret_V_1' <Predicate = true> <Delay = 1.54> <Core = "AddSub">   --->   Core 14 'AddSub' <Latency = 0> <II = 1> <Delay = 1.30> <FuncUnit> <Opcode : 'add' 'sub'> <InPorts = 2> <OutPorts = 1>
ST_4 : Operation 84 [1/1] (0.00ns)   --->   "%p_shl_1 = call i24 @_ssdm_op_BitConcatenate.i24.i13.i11(i13 %ret_V_1, i11 0)" [lstm_hls_opt/src/rnn.cpp:78]   --->   Operation 84 'bitconcatenate' 'p_shl_1' <Predicate = true> <Delay = 0.00>
ST_4 : Operation 85 [1/1] (0.00ns)   --->   "%p_shl2_1 = call i16 @_ssdm_op_BitConcatenate.i16.i13.i3(i13 %ret_V_1, i3 0)" [lstm_hls_opt/src/rnn.cpp:78]   --->   Operation 85 'bitconcatenate' 'p_shl2_1' <Predicate = true> <Delay = 0.00>
ST_4 : Operation 86 [1/1] (0.00ns)   --->   "%p_shl2_1_cast = sext i16 %p_shl2_1 to i24" [lstm_hls_opt/src/rnn.cpp:78]   --->   Operation 86 'sext' 'p_shl2_1_cast' <Predicate = true> <Delay = 0.00>
ST_4 : Operation 87 [1/1] (1.68ns)   --->   "%r_V_4_1 = sub i24 %p_shl_1, %p_shl2_1_cast" [lstm_hls_opt/src/rnn.cpp:78]   --->   Operation 87 'sub' 'r_V_4_1' <Predicate = true> <Delay = 1.68> <Core = "AddSub">   --->   Core 14 'AddSub' <Latency = 0> <II = 1> <Delay = 1.30> <FuncUnit> <Opcode : 'add' 'sub'> <InPorts = 2> <OutPorts = 1>
ST_4 : Operation 88 [1/1] (0.00ns) (grouped into LUT with out node tmp_245)   --->   "%tmp_406 = call i1 @_ssdm_op_BitSelect.i1.i24.i32(i24 %r_V_4_1, i32 23)" [lstm_hls_opt/src/rnn.cpp:78]   --->   Operation 88 'bitselect' 'tmp_406' <Predicate = true> <Delay = 0.00>
ST_4 : Operation 89 [1/1] (0.00ns)   --->   "%tmp_407 = trunc i24 %r_V_4_1 to i14" [lstm_hls_opt/src/rnn.cpp:78]   --->   Operation 89 'trunc' 'tmp_407' <Predicate = true> <Delay = 0.00>
ST_4 : Operation 90 [1/1] (1.98ns)   --->   "%tmp_12_1 = icmp eq i14 %tmp_407, 0" [lstm_hls_opt/src/rnn.cpp:78]   --->   Operation 90 'icmp' 'tmp_12_1' <Predicate = true> <Delay = 1.98> <Core = "Cmp">   --->   Core 25 'Cmp' <Latency = 0> <II = 1> <Delay = 1.98> <FuncUnit> <Opcode : 'icmp'> <InPorts = 2> <OutPorts = 1>
ST_4 : Operation 91 [1/1] (0.00ns)   --->   "%tmp_239 = call i8 @_ssdm_op_PartSelect.i8.i24.i32.i32(i24 %r_V_4_1, i32 14, i32 21)" [lstm_hls_opt/src/rnn.cpp:78]   --->   Operation 91 'partselect' 'tmp_239' <Predicate = true> <Delay = 0.00>
ST_4 : Operation 92 [1/1] (1.30ns)   --->   "%tmp_241 = add i8 1, %tmp_239" [lstm_hls_opt/src/rnn.cpp:78]   --->   Operation 92 'add' 'tmp_241' <Predicate = true> <Delay = 1.30> <Core = "AddSub">   --->   Core 14 'AddSub' <Latency = 0> <II = 1> <Delay = 1.30> <FuncUnit> <Opcode : 'add' 'sub'> <InPorts = 2> <OutPorts = 1>
ST_4 : Operation 93 [1/1] (0.00ns) (grouped into LUT with out node tmp_245)   --->   "%tmp_243 = select i1 %tmp_12_1, i8 %tmp_239, i8 %tmp_241" [lstm_hls_opt/src/rnn.cpp:78]   --->   Operation 93 'select' 'tmp_243' <Predicate = true> <Delay = 0.00> <Core = "Sel">   --->   Core 26 'Sel' <Latency = 0> <II = 1> <Delay = 0.59> <FuncUnit> <Opcode : 'select'> <InPorts = 3> <OutPorts = 1>
ST_4 : Operation 94 [1/1] (0.44ns) (out node of the LUT)   --->   "%tmp_245 = select i1 %tmp_406, i8 %tmp_243, i8 %tmp_239" [lstm_hls_opt/src/rnn.cpp:78]   --->   Operation 94 'select' 'tmp_245' <Predicate = true> <Delay = 0.44> <Core = "Sel">   --->   Core 26 'Sel' <Latency = 0> <II = 1> <Delay = 0.59> <FuncUnit> <Opcode : 'select'> <InPorts = 3> <OutPorts = 1>
ST_4 : Operation 95 [2/2] (1.75ns)   --->   "%x_2_V_load = load i16* %x_2_V_addr, align 2" [lstm_hls_opt/src/rnn.cpp:75]   --->   Operation 95 'load' 'x_2_V_load' <Predicate = true> <Delay = 1.75> <Core = "RAM">   --->   Core 37 'RAM' <Latency = 1> <II = 1> <Delay = 1.75> <Storage> <Opcode : 'load' 'store'> <Ports = 2> <Width = 16> <Depth = 16> <RAM>

State 5 <SV = 4> <Delay = 7.42>
ST_5 : Operation 96 [1/2] (2.77ns)   --->   "%Sigmoid_lut_V_load = load i15* %Sigmoid_lut_V_addr, align 2" [lstm_hls_opt/src/rnn.cpp:79]   --->   Operation 96 'load' 'Sigmoid_lut_V_load' <Predicate = true> <Delay = 2.77> <Core = "ROM_1P_LUTRAM">   --->   Core 60 'ROM_1P_LUTRAM' <Latency = 1> <II = 1> <Delay = 2.77> <Storage> <Opcode : 'load'> <Ports = 1> <Width = 15> <Depth = 256> <ROM>
ST_5 : Operation 97 [1/1] (0.00ns) (grouped into LUT with out node storemerge1)   --->   "%tmp = call i11 @_ssdm_op_PartSelect.i11.i15.i32.i32(i15 %Sigmoid_lut_V_load, i32 4, i32 14)" [lstm_hls_opt/src/rnn.cpp:79]   --->   Operation 97 'partselect' 'tmp' <Predicate = true> <Delay = 0.00>
ST_5 : Operation 98 [1/1] (0.00ns) (grouped into LUT with out node storemerge1)   --->   "%tmp_134 = zext i11 %tmp to i12" [lstm_hls_opt/src/rnn.cpp:79]   --->   Operation 98 'zext' 'tmp_134' <Predicate = true> <Delay = 0.00>
ST_5 : Operation 99 [1/1] (0.00ns) (grouped into LUT with out node sel_tmp2)   --->   "%sel_tmp1 = xor i1 %tmp_s, true" [lstm_hls_opt/src/rnn.cpp:75]   --->   Operation 99 'xor' 'sel_tmp1' <Predicate = true> <Delay = 0.00> <Core = "LogicGate">   --->   Core 27 'LogicGate' <Latency = 0> <II = 1> <Delay = 0.80> <FuncUnit> <Opcode : 'and' 'or' 'xor'> <InPorts = 2> <OutPorts = 1>
ST_5 : Operation 100 [1/1] (0.80ns) (out node of the LUT)   --->   "%sel_tmp2 = and i1 %tmp_9, %sel_tmp1" [lstm_hls_opt/src/rnn.cpp:76]   --->   Operation 100 'and' 'sel_tmp2' <Predicate = true> <Delay = 0.80> <Core = "LogicGate">   --->   Core 27 'LogicGate' <Latency = 0> <II = 1> <Delay = 0.80> <FuncUnit> <Opcode : 'and' 'or' 'xor'> <InPorts = 2> <OutPorts = 1>
ST_5 : Operation 101 [1/1] (0.00ns) (grouped into LUT with out node storemerge1)   --->   "%sel_tmp = select i1 %sel_tmp2, i12 0, i12 -2048" [lstm_hls_opt/src/rnn.cpp:79]   --->   Operation 101 'select' 'sel_tmp' <Predicate = true> <Delay = 0.00> <Core = "Sel">   --->   Core 26 'Sel' <Latency = 0> <II = 1> <Delay = 0.59> <FuncUnit> <Opcode : 'select'> <InPorts = 3> <OutPorts = 1>
ST_5 : Operation 102 [1/1] (0.00ns) (grouped into LUT with out node storemerge1)   --->   "%tmp_237 = or i1 %sel_tmp2, %tmp_s" [lstm_hls_opt/src/rnn.cpp:79]   --->   Operation 102 'or' 'tmp_237' <Predicate = true> <Delay = 0.00> <Core = "LogicGate">   --->   Core 27 'LogicGate' <Latency = 0> <II = 1> <Delay = 0.80> <FuncUnit> <Opcode : 'and' 'or' 'xor'> <InPorts = 2> <OutPorts = 1>
ST_5 : Operation 103 [1/1] (0.80ns) (out node of the LUT)   --->   "%storemerge1 = select i1 %tmp_237, i12 %sel_tmp, i12 %tmp_134" [lstm_hls_opt/src/rnn.cpp:79]   --->   Operation 103 'select' 'storemerge1' <Predicate = true> <Delay = 0.80> <Core = "Sel">   --->   Core 26 'Sel' <Latency = 0> <II = 1> <Delay = 0.59> <FuncUnit> <Opcode : 'select'> <InPorts = 3> <OutPorts = 1>
ST_5 : Operation 104 [1/1] (0.00ns)   --->   "%tmp_13_1 = zext i8 %tmp_245 to i64" [lstm_hls_opt/src/rnn.cpp:79]   --->   Operation 104 'zext' 'tmp_13_1' <Predicate = true> <Delay = 0.00>
ST_5 : Operation 105 [1/1] (0.00ns)   --->   "%Sigmoid_lut_V_addr_1 = getelementptr [256 x i15]* @Sigmoid_lut_V, i64 0, i64 %tmp_13_1" [lstm_hls_opt/src/rnn.cpp:79]   --->   Operation 105 'getelementptr' 'Sigmoid_lut_V_addr_1' <Predicate = true> <Delay = 0.00>
ST_5 : Operation 106 [2/2] (2.77ns)   --->   "%Sigmoid_lut_V_load_1 = load i15* %Sigmoid_lut_V_addr_1, align 2" [lstm_hls_opt/src/rnn.cpp:79]   --->   Operation 106 'load' 'Sigmoid_lut_V_load_1' <Predicate = true> <Delay = 2.77> <Core = "ROM_1P_LUTRAM">   --->   Core 60 'ROM_1P_LUTRAM' <Latency = 1> <II = 1> <Delay = 2.77> <Storage> <Opcode : 'load'> <Ports = 1> <Width = 15> <Depth = 256> <ROM>
ST_5 : Operation 107 [1/2] (1.75ns)   --->   "%x_2_V_load = load i16* %x_2_V_addr, align 2" [lstm_hls_opt/src/rnn.cpp:75]   --->   Operation 107 'load' 'x_2_V_load' <Predicate = true> <Delay = 1.75> <Core = "RAM">   --->   Core 37 'RAM' <Latency = 1> <II = 1> <Delay = 1.75> <Storage> <Opcode : 'load' 'store'> <Ports = 2> <Width = 16> <Depth = 16> <RAM>
ST_5 : Operation 108 [1/1] (2.13ns)   --->   "%tmp_2 = icmp sgt i16 %x_2_V_load, 16384" [lstm_hls_opt/src/rnn.cpp:75]   --->   Operation 108 'icmp' 'tmp_2' <Predicate = true> <Delay = 2.13> <Core = "Cmp">   --->   Core 25 'Cmp' <Latency = 0> <II = 1> <Delay = 1.98> <FuncUnit> <Opcode : 'icmp'> <InPorts = 2> <OutPorts = 1>
ST_5 : Operation 109 [1/1] (2.13ns)   --->   "%tmp_9_2 = icmp slt i16 %x_2_V_load, -16384" [lstm_hls_opt/src/rnn.cpp:76]   --->   Operation 109 'icmp' 'tmp_9_2' <Predicate = true> <Delay = 2.13> <Core = "Cmp">   --->   Core 25 'Cmp' <Latency = 0> <II = 1> <Delay = 1.98> <FuncUnit> <Opcode : 'icmp'> <InPorts = 2> <OutPorts = 1>
ST_5 : Operation 110 [1/1] (0.00ns)   --->   "%tmp_140 = call i12 @_ssdm_op_PartSelect.i12.i16.i32.i32(i16 %x_2_V_load, i32 4, i32 15)" [lstm_hls_opt/src/rnn.cpp:78]   --->   Operation 110 'partselect' 'tmp_140' <Predicate = true> <Delay = 0.00>
ST_5 : Operation 111 [1/1] (0.00ns)   --->   "%lhs_V_2_cast = sext i12 %tmp_140 to i13" [lstm_hls_opt/src/rnn.cpp:78]   --->   Operation 111 'sext' 'lhs_V_2_cast' <Predicate = true> <Delay = 0.00>
ST_5 : Operation 112 [1/1] (1.54ns)   --->   "%ret_V_2 = add i13 1024, %lhs_V_2_cast" [lstm_hls_opt/src/rnn.cpp:78]   --->   Operation 112 'add' 'ret_V_2' <Predicate = true> <Delay = 1.54> <Core = "AddSub">   --->   Core 14 'AddSub' <Latency = 0> <II = 1> <Delay = 1.30> <FuncUnit> <Opcode : 'add' 'sub'> <InPorts = 2> <OutPorts = 1>
ST_5 : Operation 113 [1/1] (0.00ns)   --->   "%p_shl_2 = call i24 @_ssdm_op_BitConcatenate.i24.i13.i11(i13 %ret_V_2, i11 0)" [lstm_hls_opt/src/rnn.cpp:78]   --->   Operation 113 'bitconcatenate' 'p_shl_2' <Predicate = true> <Delay = 0.00>
ST_5 : Operation 114 [1/1] (0.00ns)   --->   "%p_shl2_2 = call i16 @_ssdm_op_BitConcatenate.i16.i13.i3(i13 %ret_V_2, i3 0)" [lstm_hls_opt/src/rnn.cpp:78]   --->   Operation 114 'bitconcatenate' 'p_shl2_2' <Predicate = true> <Delay = 0.00>
ST_5 : Operation 115 [1/1] (0.00ns)   --->   "%p_shl2_2_cast = sext i16 %p_shl2_2 to i24" [lstm_hls_opt/src/rnn.cpp:78]   --->   Operation 115 'sext' 'p_shl2_2_cast' <Predicate = true> <Delay = 0.00>
ST_5 : Operation 116 [1/1] (1.68ns)   --->   "%r_V_4_2 = sub i24 %p_shl_2, %p_shl2_2_cast" [lstm_hls_opt/src/rnn.cpp:78]   --->   Operation 116 'sub' 'r_V_4_2' <Predicate = true> <Delay = 1.68> <Core = "AddSub">   --->   Core 14 'AddSub' <Latency = 0> <II = 1> <Delay = 1.30> <FuncUnit> <Opcode : 'add' 'sub'> <InPorts = 2> <OutPorts = 1>
ST_5 : Operation 117 [1/1] (0.00ns) (grouped into LUT with out node tmp_255)   --->   "%tmp_408 = call i1 @_ssdm_op_BitSelect.i1.i24.i32(i24 %r_V_4_2, i32 23)" [lstm_hls_opt/src/rnn.cpp:78]   --->   Operation 117 'bitselect' 'tmp_408' <Predicate = true> <Delay = 0.00>
ST_5 : Operation 118 [1/1] (0.00ns)   --->   "%tmp_409 = trunc i24 %r_V_4_2 to i14" [lstm_hls_opt/src/rnn.cpp:78]   --->   Operation 118 'trunc' 'tmp_409' <Predicate = true> <Delay = 0.00>
ST_5 : Operation 119 [1/1] (1.98ns)   --->   "%tmp_12_2 = icmp eq i14 %tmp_409, 0" [lstm_hls_opt/src/rnn.cpp:78]   --->   Operation 119 'icmp' 'tmp_12_2' <Predicate = true> <Delay = 1.98> <Core = "Cmp">   --->   Core 25 'Cmp' <Latency = 0> <II = 1> <Delay = 1.98> <FuncUnit> <Opcode : 'icmp'> <InPorts = 2> <OutPorts = 1>
ST_5 : Operation 120 [1/1] (0.00ns)   --->   "%tmp_249 = call i8 @_ssdm_op_PartSelect.i8.i24.i32.i32(i24 %r_V_4_2, i32 14, i32 21)" [lstm_hls_opt/src/rnn.cpp:78]   --->   Operation 120 'partselect' 'tmp_249' <Predicate = true> <Delay = 0.00>
ST_5 : Operation 121 [1/1] (1.30ns)   --->   "%tmp_251 = add i8 1, %tmp_249" [lstm_hls_opt/src/rnn.cpp:78]   --->   Operation 121 'add' 'tmp_251' <Predicate = true> <Delay = 1.30> <Core = "AddSub">   --->   Core 14 'AddSub' <Latency = 0> <II = 1> <Delay = 1.30> <FuncUnit> <Opcode : 'add' 'sub'> <InPorts = 2> <OutPorts = 1>
ST_5 : Operation 122 [1/1] (0.00ns) (grouped into LUT with out node tmp_255)   --->   "%tmp_253 = select i1 %tmp_12_2, i8 %tmp_249, i8 %tmp_251" [lstm_hls_opt/src/rnn.cpp:78]   --->   Operation 122 'select' 'tmp_253' <Predicate = true> <Delay = 0.00> <Core = "Sel">   --->   Core 26 'Sel' <Latency = 0> <II = 1> <Delay = 0.59> <FuncUnit> <Opcode : 'select'> <InPorts = 3> <OutPorts = 1>
ST_5 : Operation 123 [1/1] (0.44ns) (out node of the LUT)   --->   "%tmp_255 = select i1 %tmp_408, i8 %tmp_253, i8 %tmp_249" [lstm_hls_opt/src/rnn.cpp:78]   --->   Operation 123 'select' 'tmp_255' <Predicate = true> <Delay = 0.44> <Core = "Sel">   --->   Core 26 'Sel' <Latency = 0> <II = 1> <Delay = 0.59> <FuncUnit> <Opcode : 'select'> <InPorts = 3> <OutPorts = 1>
ST_5 : Operation 124 [2/2] (1.75ns)   --->   "%x_3_V_load = load i16* %x_3_V_addr, align 2" [lstm_hls_opt/src/rnn.cpp:75]   --->   Operation 124 'load' 'x_3_V_load' <Predicate = true> <Delay = 1.75> <Core = "RAM">   --->   Core 37 'RAM' <Latency = 1> <II = 1> <Delay = 1.75> <Storage> <Opcode : 'load' 'store'> <Ports = 2> <Width = 16> <Depth = 16> <RAM>

State 6 <SV = 5> <Delay = 7.42>
ST_6 : Operation 125 [1/2] (2.77ns)   --->   "%Sigmoid_lut_V_load_1 = load i15* %Sigmoid_lut_V_addr_1, align 2" [lstm_hls_opt/src/rnn.cpp:79]   --->   Operation 125 'load' 'Sigmoid_lut_V_load_1' <Predicate = true> <Delay = 2.77> <Core = "ROM_1P_LUTRAM">   --->   Core 60 'ROM_1P_LUTRAM' <Latency = 1> <II = 1> <Delay = 2.77> <Storage> <Opcode : 'load'> <Ports = 1> <Width = 15> <Depth = 256> <ROM>
ST_6 : Operation 126 [1/1] (0.00ns) (grouped into LUT with out node storemerge1_1)   --->   "%tmp_1_67 = call i11 @_ssdm_op_PartSelect.i11.i15.i32.i32(i15 %Sigmoid_lut_V_load_1, i32 4, i32 14)" [lstm_hls_opt/src/rnn.cpp:79]   --->   Operation 126 'partselect' 'tmp_1_67' <Predicate = true> <Delay = 0.00>
ST_6 : Operation 127 [1/1] (0.00ns) (grouped into LUT with out node storemerge1_1)   --->   "%tmp_138 = zext i11 %tmp_1_67 to i12" [lstm_hls_opt/src/rnn.cpp:79]   --->   Operation 127 'zext' 'tmp_138' <Predicate = true> <Delay = 0.00>
ST_6 : Operation 128 [1/1] (0.00ns) (grouped into LUT with out node sel_tmp7)   --->   "%sel_tmp6 = xor i1 %tmp_1, true" [lstm_hls_opt/src/rnn.cpp:75]   --->   Operation 128 'xor' 'sel_tmp6' <Predicate = true> <Delay = 0.00> <Core = "LogicGate">   --->   Core 27 'LogicGate' <Latency = 0> <II = 1> <Delay = 0.80> <FuncUnit> <Opcode : 'and' 'or' 'xor'> <InPorts = 2> <OutPorts = 1>
ST_6 : Operation 129 [1/1] (0.80ns) (out node of the LUT)   --->   "%sel_tmp7 = and i1 %tmp_9_1, %sel_tmp6" [lstm_hls_opt/src/rnn.cpp:76]   --->   Operation 129 'and' 'sel_tmp7' <Predicate = true> <Delay = 0.80> <Core = "LogicGate">   --->   Core 27 'LogicGate' <Latency = 0> <II = 1> <Delay = 0.80> <FuncUnit> <Opcode : 'and' 'or' 'xor'> <InPorts = 2> <OutPorts = 1>
ST_6 : Operation 130 [1/1] (0.00ns) (grouped into LUT with out node storemerge1_1)   --->   "%sel_tmp5 = select i1 %sel_tmp7, i12 0, i12 -2048" [lstm_hls_opt/src/rnn.cpp:79]   --->   Operation 130 'select' 'sel_tmp5' <Predicate = true> <Delay = 0.00> <Core = "Sel">   --->   Core 26 'Sel' <Latency = 0> <II = 1> <Delay = 0.59> <FuncUnit> <Opcode : 'select'> <InPorts = 3> <OutPorts = 1>
ST_6 : Operation 131 [1/1] (0.00ns) (grouped into LUT with out node storemerge1_1)   --->   "%tmp_247 = or i1 %sel_tmp7, %tmp_1" [lstm_hls_opt/src/rnn.cpp:79]   --->   Operation 131 'or' 'tmp_247' <Predicate = true> <Delay = 0.00> <Core = "LogicGate">   --->   Core 27 'LogicGate' <Latency = 0> <II = 1> <Delay = 0.80> <FuncUnit> <Opcode : 'and' 'or' 'xor'> <InPorts = 2> <OutPorts = 1>
ST_6 : Operation 132 [1/1] (0.80ns) (out node of the LUT)   --->   "%storemerge1_1 = select i1 %tmp_247, i12 %sel_tmp5, i12 %tmp_138" [lstm_hls_opt/src/rnn.cpp:79]   --->   Operation 132 'select' 'storemerge1_1' <Predicate = true> <Delay = 0.80> <Core = "Sel">   --->   Core 26 'Sel' <Latency = 0> <II = 1> <Delay = 0.59> <FuncUnit> <Opcode : 'select'> <InPorts = 3> <OutPorts = 1>
ST_6 : Operation 133 [1/1] (0.00ns)   --->   "%tmp_13_2 = zext i8 %tmp_255 to i64" [lstm_hls_opt/src/rnn.cpp:79]   --->   Operation 133 'zext' 'tmp_13_2' <Predicate = true> <Delay = 0.00>
ST_6 : Operation 134 [1/1] (0.00ns)   --->   "%Sigmoid_lut_V_addr_2 = getelementptr [256 x i15]* @Sigmoid_lut_V, i64 0, i64 %tmp_13_2" [lstm_hls_opt/src/rnn.cpp:79]   --->   Operation 134 'getelementptr' 'Sigmoid_lut_V_addr_2' <Predicate = true> <Delay = 0.00>
ST_6 : Operation 135 [2/2] (2.77ns)   --->   "%Sigmoid_lut_V_load_2 = load i15* %Sigmoid_lut_V_addr_2, align 2" [lstm_hls_opt/src/rnn.cpp:79]   --->   Operation 135 'load' 'Sigmoid_lut_V_load_2' <Predicate = true> <Delay = 2.77> <Core = "ROM_1P_LUTRAM">   --->   Core 60 'ROM_1P_LUTRAM' <Latency = 1> <II = 1> <Delay = 2.77> <Storage> <Opcode : 'load'> <Ports = 1> <Width = 15> <Depth = 256> <ROM>
ST_6 : Operation 136 [1/2] (1.75ns)   --->   "%x_3_V_load = load i16* %x_3_V_addr, align 2" [lstm_hls_opt/src/rnn.cpp:75]   --->   Operation 136 'load' 'x_3_V_load' <Predicate = true> <Delay = 1.75> <Core = "RAM">   --->   Core 37 'RAM' <Latency = 1> <II = 1> <Delay = 1.75> <Storage> <Opcode : 'load' 'store'> <Ports = 2> <Width = 16> <Depth = 16> <RAM>
ST_6 : Operation 137 [1/1] (2.13ns)   --->   "%tmp_3 = icmp sgt i16 %x_3_V_load, 16384" [lstm_hls_opt/src/rnn.cpp:75]   --->   Operation 137 'icmp' 'tmp_3' <Predicate = true> <Delay = 2.13> <Core = "Cmp">   --->   Core 25 'Cmp' <Latency = 0> <II = 1> <Delay = 1.98> <FuncUnit> <Opcode : 'icmp'> <InPorts = 2> <OutPorts = 1>
ST_6 : Operation 138 [1/1] (2.13ns)   --->   "%tmp_9_3 = icmp slt i16 %x_3_V_load, -16384" [lstm_hls_opt/src/rnn.cpp:76]   --->   Operation 138 'icmp' 'tmp_9_3' <Predicate = true> <Delay = 2.13> <Core = "Cmp">   --->   Core 25 'Cmp' <Latency = 0> <II = 1> <Delay = 1.98> <FuncUnit> <Opcode : 'icmp'> <InPorts = 2> <OutPorts = 1>
ST_6 : Operation 139 [1/1] (0.00ns)   --->   "%tmp_144 = call i12 @_ssdm_op_PartSelect.i12.i16.i32.i32(i16 %x_3_V_load, i32 4, i32 15)" [lstm_hls_opt/src/rnn.cpp:78]   --->   Operation 139 'partselect' 'tmp_144' <Predicate = true> <Delay = 0.00>
ST_6 : Operation 140 [1/1] (0.00ns)   --->   "%lhs_V_3_cast = sext i12 %tmp_144 to i13" [lstm_hls_opt/src/rnn.cpp:78]   --->   Operation 140 'sext' 'lhs_V_3_cast' <Predicate = true> <Delay = 0.00>
ST_6 : Operation 141 [1/1] (1.54ns)   --->   "%ret_V_3 = add i13 1024, %lhs_V_3_cast" [lstm_hls_opt/src/rnn.cpp:78]   --->   Operation 141 'add' 'ret_V_3' <Predicate = true> <Delay = 1.54> <Core = "AddSub">   --->   Core 14 'AddSub' <Latency = 0> <II = 1> <Delay = 1.30> <FuncUnit> <Opcode : 'add' 'sub'> <InPorts = 2> <OutPorts = 1>
ST_6 : Operation 142 [1/1] (0.00ns)   --->   "%p_shl_3 = call i24 @_ssdm_op_BitConcatenate.i24.i13.i11(i13 %ret_V_3, i11 0)" [lstm_hls_opt/src/rnn.cpp:78]   --->   Operation 142 'bitconcatenate' 'p_shl_3' <Predicate = true> <Delay = 0.00>
ST_6 : Operation 143 [1/1] (0.00ns)   --->   "%p_shl2_3 = call i16 @_ssdm_op_BitConcatenate.i16.i13.i3(i13 %ret_V_3, i3 0)" [lstm_hls_opt/src/rnn.cpp:78]   --->   Operation 143 'bitconcatenate' 'p_shl2_3' <Predicate = true> <Delay = 0.00>
ST_6 : Operation 144 [1/1] (0.00ns)   --->   "%p_shl2_3_cast = sext i16 %p_shl2_3 to i24" [lstm_hls_opt/src/rnn.cpp:78]   --->   Operation 144 'sext' 'p_shl2_3_cast' <Predicate = true> <Delay = 0.00>
ST_6 : Operation 145 [1/1] (1.68ns)   --->   "%r_V_4_3 = sub i24 %p_shl_3, %p_shl2_3_cast" [lstm_hls_opt/src/rnn.cpp:78]   --->   Operation 145 'sub' 'r_V_4_3' <Predicate = true> <Delay = 1.68> <Core = "AddSub">   --->   Core 14 'AddSub' <Latency = 0> <II = 1> <Delay = 1.30> <FuncUnit> <Opcode : 'add' 'sub'> <InPorts = 2> <OutPorts = 1>
ST_6 : Operation 146 [1/1] (0.00ns) (grouped into LUT with out node tmp_262)   --->   "%tmp_410 = call i1 @_ssdm_op_BitSelect.i1.i24.i32(i24 %r_V_4_3, i32 23)" [lstm_hls_opt/src/rnn.cpp:78]   --->   Operation 146 'bitselect' 'tmp_410' <Predicate = true> <Delay = 0.00>
ST_6 : Operation 147 [1/1] (0.00ns)   --->   "%tmp_411 = trunc i24 %r_V_4_3 to i14" [lstm_hls_opt/src/rnn.cpp:78]   --->   Operation 147 'trunc' 'tmp_411' <Predicate = true> <Delay = 0.00>
ST_6 : Operation 148 [1/1] (1.98ns)   --->   "%tmp_12_3 = icmp eq i14 %tmp_411, 0" [lstm_hls_opt/src/rnn.cpp:78]   --->   Operation 148 'icmp' 'tmp_12_3' <Predicate = true> <Delay = 1.98> <Core = "Cmp">   --->   Core 25 'Cmp' <Latency = 0> <II = 1> <Delay = 1.98> <FuncUnit> <Opcode : 'icmp'> <InPorts = 2> <OutPorts = 1>
ST_6 : Operation 149 [1/1] (0.00ns)   --->   "%tmp_259 = call i8 @_ssdm_op_PartSelect.i8.i24.i32.i32(i24 %r_V_4_3, i32 14, i32 21)" [lstm_hls_opt/src/rnn.cpp:78]   --->   Operation 149 'partselect' 'tmp_259' <Predicate = true> <Delay = 0.00>
ST_6 : Operation 150 [1/1] (1.30ns)   --->   "%tmp_260 = add i8 1, %tmp_259" [lstm_hls_opt/src/rnn.cpp:78]   --->   Operation 150 'add' 'tmp_260' <Predicate = true> <Delay = 1.30> <Core = "AddSub">   --->   Core 14 'AddSub' <Latency = 0> <II = 1> <Delay = 1.30> <FuncUnit> <Opcode : 'add' 'sub'> <InPorts = 2> <OutPorts = 1>
ST_6 : Operation 151 [1/1] (0.00ns) (grouped into LUT with out node tmp_262)   --->   "%tmp_261 = select i1 %tmp_12_3, i8 %tmp_259, i8 %tmp_260" [lstm_hls_opt/src/rnn.cpp:78]   --->   Operation 151 'select' 'tmp_261' <Predicate = true> <Delay = 0.00> <Core = "Sel">   --->   Core 26 'Sel' <Latency = 0> <II = 1> <Delay = 0.59> <FuncUnit> <Opcode : 'select'> <InPorts = 3> <OutPorts = 1>
ST_6 : Operation 152 [1/1] (0.44ns) (out node of the LUT)   --->   "%tmp_262 = select i1 %tmp_410, i8 %tmp_261, i8 %tmp_259" [lstm_hls_opt/src/rnn.cpp:78]   --->   Operation 152 'select' 'tmp_262' <Predicate = true> <Delay = 0.44> <Core = "Sel">   --->   Core 26 'Sel' <Latency = 0> <II = 1> <Delay = 0.59> <FuncUnit> <Opcode : 'select'> <InPorts = 3> <OutPorts = 1>
ST_6 : Operation 153 [2/2] (1.75ns)   --->   "%x_4_V_load = load i16* %x_4_V_addr, align 2" [lstm_hls_opt/src/rnn.cpp:75]   --->   Operation 153 'load' 'x_4_V_load' <Predicate = true> <Delay = 1.75> <Core = "RAM">   --->   Core 37 'RAM' <Latency = 1> <II = 1> <Delay = 1.75> <Storage> <Opcode : 'load' 'store'> <Ports = 2> <Width = 16> <Depth = 16> <RAM>

State 7 <SV = 6> <Delay = 7.42>
ST_7 : Operation 154 [1/2] (2.77ns)   --->   "%Sigmoid_lut_V_load_2 = load i15* %Sigmoid_lut_V_addr_2, align 2" [lstm_hls_opt/src/rnn.cpp:79]   --->   Operation 154 'load' 'Sigmoid_lut_V_load_2' <Predicate = true> <Delay = 2.77> <Core = "ROM_1P_LUTRAM">   --->   Core 60 'ROM_1P_LUTRAM' <Latency = 1> <II = 1> <Delay = 2.77> <Storage> <Opcode : 'load'> <Ports = 1> <Width = 15> <Depth = 256> <ROM>
ST_7 : Operation 155 [1/1] (0.00ns) (grouped into LUT with out node storemerge1_2)   --->   "%tmp_2_68 = call i11 @_ssdm_op_PartSelect.i11.i15.i32.i32(i15 %Sigmoid_lut_V_load_2, i32 4, i32 14)" [lstm_hls_opt/src/rnn.cpp:79]   --->   Operation 155 'partselect' 'tmp_2_68' <Predicate = true> <Delay = 0.00>
ST_7 : Operation 156 [1/1] (0.00ns) (grouped into LUT with out node storemerge1_2)   --->   "%tmp_142 = zext i11 %tmp_2_68 to i12" [lstm_hls_opt/src/rnn.cpp:79]   --->   Operation 156 'zext' 'tmp_142' <Predicate = true> <Delay = 0.00>
ST_7 : Operation 157 [1/1] (0.00ns) (grouped into LUT with out node sel_tmp12)   --->   "%sel_tmp11 = xor i1 %tmp_2, true" [lstm_hls_opt/src/rnn.cpp:75]   --->   Operation 157 'xor' 'sel_tmp11' <Predicate = true> <Delay = 0.00> <Core = "LogicGate">   --->   Core 27 'LogicGate' <Latency = 0> <II = 1> <Delay = 0.80> <FuncUnit> <Opcode : 'and' 'or' 'xor'> <InPorts = 2> <OutPorts = 1>
ST_7 : Operation 158 [1/1] (0.80ns) (out node of the LUT)   --->   "%sel_tmp12 = and i1 %tmp_9_2, %sel_tmp11" [lstm_hls_opt/src/rnn.cpp:76]   --->   Operation 158 'and' 'sel_tmp12' <Predicate = true> <Delay = 0.80> <Core = "LogicGate">   --->   Core 27 'LogicGate' <Latency = 0> <II = 1> <Delay = 0.80> <FuncUnit> <Opcode : 'and' 'or' 'xor'> <InPorts = 2> <OutPorts = 1>
ST_7 : Operation 159 [1/1] (0.00ns) (grouped into LUT with out node storemerge1_2)   --->   "%sel_tmp10 = select i1 %sel_tmp12, i12 0, i12 -2048" [lstm_hls_opt/src/rnn.cpp:79]   --->   Operation 159 'select' 'sel_tmp10' <Predicate = true> <Delay = 0.00> <Core = "Sel">   --->   Core 26 'Sel' <Latency = 0> <II = 1> <Delay = 0.59> <FuncUnit> <Opcode : 'select'> <InPorts = 3> <OutPorts = 1>
ST_7 : Operation 160 [1/1] (0.00ns) (grouped into LUT with out node storemerge1_2)   --->   "%tmp_257 = or i1 %sel_tmp12, %tmp_2" [lstm_hls_opt/src/rnn.cpp:79]   --->   Operation 160 'or' 'tmp_257' <Predicate = true> <Delay = 0.00> <Core = "LogicGate">   --->   Core 27 'LogicGate' <Latency = 0> <II = 1> <Delay = 0.80> <FuncUnit> <Opcode : 'and' 'or' 'xor'> <InPorts = 2> <OutPorts = 1>
ST_7 : Operation 161 [1/1] (0.80ns) (out node of the LUT)   --->   "%storemerge1_2 = select i1 %tmp_257, i12 %sel_tmp10, i12 %tmp_142" [lstm_hls_opt/src/rnn.cpp:79]   --->   Operation 161 'select' 'storemerge1_2' <Predicate = true> <Delay = 0.80> <Core = "Sel">   --->   Core 26 'Sel' <Latency = 0> <II = 1> <Delay = 0.59> <FuncUnit> <Opcode : 'select'> <InPorts = 3> <OutPorts = 1>
ST_7 : Operation 162 [1/1] (0.00ns)   --->   "%tmp_13_3 = zext i8 %tmp_262 to i64" [lstm_hls_opt/src/rnn.cpp:79]   --->   Operation 162 'zext' 'tmp_13_3' <Predicate = true> <Delay = 0.00>
ST_7 : Operation 163 [1/1] (0.00ns)   --->   "%Sigmoid_lut_V_addr_3 = getelementptr [256 x i15]* @Sigmoid_lut_V, i64 0, i64 %tmp_13_3" [lstm_hls_opt/src/rnn.cpp:79]   --->   Operation 163 'getelementptr' 'Sigmoid_lut_V_addr_3' <Predicate = true> <Delay = 0.00>
ST_7 : Operation 164 [2/2] (2.77ns)   --->   "%Sigmoid_lut_V_load_3 = load i15* %Sigmoid_lut_V_addr_3, align 2" [lstm_hls_opt/src/rnn.cpp:79]   --->   Operation 164 'load' 'Sigmoid_lut_V_load_3' <Predicate = true> <Delay = 2.77> <Core = "ROM_1P_LUTRAM">   --->   Core 60 'ROM_1P_LUTRAM' <Latency = 1> <II = 1> <Delay = 2.77> <Storage> <Opcode : 'load'> <Ports = 1> <Width = 15> <Depth = 256> <ROM>
ST_7 : Operation 165 [1/2] (1.75ns)   --->   "%x_4_V_load = load i16* %x_4_V_addr, align 2" [lstm_hls_opt/src/rnn.cpp:75]   --->   Operation 165 'load' 'x_4_V_load' <Predicate = true> <Delay = 1.75> <Core = "RAM">   --->   Core 37 'RAM' <Latency = 1> <II = 1> <Delay = 1.75> <Storage> <Opcode : 'load' 'store'> <Ports = 2> <Width = 16> <Depth = 16> <RAM>
ST_7 : Operation 166 [1/1] (2.13ns)   --->   "%tmp_4 = icmp sgt i16 %x_4_V_load, 16384" [lstm_hls_opt/src/rnn.cpp:75]   --->   Operation 166 'icmp' 'tmp_4' <Predicate = true> <Delay = 2.13> <Core = "Cmp">   --->   Core 25 'Cmp' <Latency = 0> <II = 1> <Delay = 1.98> <FuncUnit> <Opcode : 'icmp'> <InPorts = 2> <OutPorts = 1>
ST_7 : Operation 167 [1/1] (2.13ns)   --->   "%tmp_9_4 = icmp slt i16 %x_4_V_load, -16384" [lstm_hls_opt/src/rnn.cpp:76]   --->   Operation 167 'icmp' 'tmp_9_4' <Predicate = true> <Delay = 2.13> <Core = "Cmp">   --->   Core 25 'Cmp' <Latency = 0> <II = 1> <Delay = 1.98> <FuncUnit> <Opcode : 'icmp'> <InPorts = 2> <OutPorts = 1>
ST_7 : Operation 168 [1/1] (0.00ns)   --->   "%tmp_148 = call i12 @_ssdm_op_PartSelect.i12.i16.i32.i32(i16 %x_4_V_load, i32 4, i32 15)" [lstm_hls_opt/src/rnn.cpp:78]   --->   Operation 168 'partselect' 'tmp_148' <Predicate = true> <Delay = 0.00>
ST_7 : Operation 169 [1/1] (0.00ns)   --->   "%lhs_V_4_cast = sext i12 %tmp_148 to i13" [lstm_hls_opt/src/rnn.cpp:78]   --->   Operation 169 'sext' 'lhs_V_4_cast' <Predicate = true> <Delay = 0.00>
ST_7 : Operation 170 [1/1] (1.54ns)   --->   "%ret_V_s = add i13 1024, %lhs_V_4_cast" [lstm_hls_opt/src/rnn.cpp:78]   --->   Operation 170 'add' 'ret_V_s' <Predicate = true> <Delay = 1.54> <Core = "AddSub">   --->   Core 14 'AddSub' <Latency = 0> <II = 1> <Delay = 1.30> <FuncUnit> <Opcode : 'add' 'sub'> <InPorts = 2> <OutPorts = 1>
ST_7 : Operation 171 [1/1] (0.00ns)   --->   "%p_shl_4 = call i24 @_ssdm_op_BitConcatenate.i24.i13.i11(i13 %ret_V_s, i11 0)" [lstm_hls_opt/src/rnn.cpp:78]   --->   Operation 171 'bitconcatenate' 'p_shl_4' <Predicate = true> <Delay = 0.00>
ST_7 : Operation 172 [1/1] (0.00ns)   --->   "%p_shl2_4 = call i16 @_ssdm_op_BitConcatenate.i16.i13.i3(i13 %ret_V_s, i3 0)" [lstm_hls_opt/src/rnn.cpp:78]   --->   Operation 172 'bitconcatenate' 'p_shl2_4' <Predicate = true> <Delay = 0.00>
ST_7 : Operation 173 [1/1] (0.00ns)   --->   "%p_shl2_4_cast = sext i16 %p_shl2_4 to i24" [lstm_hls_opt/src/rnn.cpp:78]   --->   Operation 173 'sext' 'p_shl2_4_cast' <Predicate = true> <Delay = 0.00>
ST_7 : Operation 174 [1/1] (1.68ns)   --->   "%r_V_4_4 = sub i24 %p_shl_4, %p_shl2_4_cast" [lstm_hls_opt/src/rnn.cpp:78]   --->   Operation 174 'sub' 'r_V_4_4' <Predicate = true> <Delay = 1.68> <Core = "AddSub">   --->   Core 14 'AddSub' <Latency = 0> <II = 1> <Delay = 1.30> <FuncUnit> <Opcode : 'add' 'sub'> <InPorts = 2> <OutPorts = 1>
ST_7 : Operation 175 [1/1] (0.00ns) (grouped into LUT with out node tmp_267)   --->   "%tmp_412 = call i1 @_ssdm_op_BitSelect.i1.i24.i32(i24 %r_V_4_4, i32 23)" [lstm_hls_opt/src/rnn.cpp:78]   --->   Operation 175 'bitselect' 'tmp_412' <Predicate = true> <Delay = 0.00>
ST_7 : Operation 176 [1/1] (0.00ns)   --->   "%tmp_413 = trunc i24 %r_V_4_4 to i14" [lstm_hls_opt/src/rnn.cpp:78]   --->   Operation 176 'trunc' 'tmp_413' <Predicate = true> <Delay = 0.00>
ST_7 : Operation 177 [1/1] (1.98ns)   --->   "%tmp_12_4 = icmp eq i14 %tmp_413, 0" [lstm_hls_opt/src/rnn.cpp:78]   --->   Operation 177 'icmp' 'tmp_12_4' <Predicate = true> <Delay = 1.98> <Core = "Cmp">   --->   Core 25 'Cmp' <Latency = 0> <II = 1> <Delay = 1.98> <FuncUnit> <Opcode : 'icmp'> <InPorts = 2> <OutPorts = 1>
ST_7 : Operation 178 [1/1] (0.00ns)   --->   "%tmp_264 = call i8 @_ssdm_op_PartSelect.i8.i24.i32.i32(i24 %r_V_4_4, i32 14, i32 21)" [lstm_hls_opt/src/rnn.cpp:78]   --->   Operation 178 'partselect' 'tmp_264' <Predicate = true> <Delay = 0.00>
ST_7 : Operation 179 [1/1] (1.30ns)   --->   "%tmp_265 = add i8 1, %tmp_264" [lstm_hls_opt/src/rnn.cpp:78]   --->   Operation 179 'add' 'tmp_265' <Predicate = true> <Delay = 1.30> <Core = "AddSub">   --->   Core 14 'AddSub' <Latency = 0> <II = 1> <Delay = 1.30> <FuncUnit> <Opcode : 'add' 'sub'> <InPorts = 2> <OutPorts = 1>
ST_7 : Operation 180 [1/1] (0.00ns) (grouped into LUT with out node tmp_267)   --->   "%tmp_266 = select i1 %tmp_12_4, i8 %tmp_264, i8 %tmp_265" [lstm_hls_opt/src/rnn.cpp:78]   --->   Operation 180 'select' 'tmp_266' <Predicate = true> <Delay = 0.00> <Core = "Sel">   --->   Core 26 'Sel' <Latency = 0> <II = 1> <Delay = 0.59> <FuncUnit> <Opcode : 'select'> <InPorts = 3> <OutPorts = 1>
ST_7 : Operation 181 [1/1] (0.44ns) (out node of the LUT)   --->   "%tmp_267 = select i1 %tmp_412, i8 %tmp_266, i8 %tmp_264" [lstm_hls_opt/src/rnn.cpp:78]   --->   Operation 181 'select' 'tmp_267' <Predicate = true> <Delay = 0.44> <Core = "Sel">   --->   Core 26 'Sel' <Latency = 0> <II = 1> <Delay = 0.59> <FuncUnit> <Opcode : 'select'> <InPorts = 3> <OutPorts = 1>
ST_7 : Operation 182 [2/2] (1.75ns)   --->   "%x_5_V_load = load i16* %x_5_V_addr, align 2" [lstm_hls_opt/src/rnn.cpp:75]   --->   Operation 182 'load' 'x_5_V_load' <Predicate = true> <Delay = 1.75> <Core = "RAM">   --->   Core 37 'RAM' <Latency = 1> <II = 1> <Delay = 1.75> <Storage> <Opcode : 'load' 'store'> <Ports = 2> <Width = 16> <Depth = 16> <RAM>

State 8 <SV = 7> <Delay = 7.42>
ST_8 : Operation 183 [1/2] (2.77ns)   --->   "%Sigmoid_lut_V_load_3 = load i15* %Sigmoid_lut_V_addr_3, align 2" [lstm_hls_opt/src/rnn.cpp:79]   --->   Operation 183 'load' 'Sigmoid_lut_V_load_3' <Predicate = true> <Delay = 2.77> <Core = "ROM_1P_LUTRAM">   --->   Core 60 'ROM_1P_LUTRAM' <Latency = 1> <II = 1> <Delay = 2.77> <Storage> <Opcode : 'load'> <Ports = 1> <Width = 15> <Depth = 256> <ROM>
ST_8 : Operation 184 [1/1] (0.00ns) (grouped into LUT with out node storemerge1_3)   --->   "%tmp_3_69 = call i11 @_ssdm_op_PartSelect.i11.i15.i32.i32(i15 %Sigmoid_lut_V_load_3, i32 4, i32 14)" [lstm_hls_opt/src/rnn.cpp:79]   --->   Operation 184 'partselect' 'tmp_3_69' <Predicate = true> <Delay = 0.00>
ST_8 : Operation 185 [1/1] (0.00ns) (grouped into LUT with out node storemerge1_3)   --->   "%tmp_146 = zext i11 %tmp_3_69 to i12" [lstm_hls_opt/src/rnn.cpp:79]   --->   Operation 185 'zext' 'tmp_146' <Predicate = true> <Delay = 0.00>
ST_8 : Operation 186 [1/1] (0.00ns) (grouped into LUT with out node sel_tmp17)   --->   "%sel_tmp16 = xor i1 %tmp_3, true" [lstm_hls_opt/src/rnn.cpp:75]   --->   Operation 186 'xor' 'sel_tmp16' <Predicate = true> <Delay = 0.00> <Core = "LogicGate">   --->   Core 27 'LogicGate' <Latency = 0> <II = 1> <Delay = 0.80> <FuncUnit> <Opcode : 'and' 'or' 'xor'> <InPorts = 2> <OutPorts = 1>
ST_8 : Operation 187 [1/1] (0.80ns) (out node of the LUT)   --->   "%sel_tmp17 = and i1 %tmp_9_3, %sel_tmp16" [lstm_hls_opt/src/rnn.cpp:76]   --->   Operation 187 'and' 'sel_tmp17' <Predicate = true> <Delay = 0.80> <Core = "LogicGate">   --->   Core 27 'LogicGate' <Latency = 0> <II = 1> <Delay = 0.80> <FuncUnit> <Opcode : 'and' 'or' 'xor'> <InPorts = 2> <OutPorts = 1>
ST_8 : Operation 188 [1/1] (0.00ns) (grouped into LUT with out node storemerge1_3)   --->   "%sel_tmp15 = select i1 %sel_tmp17, i12 0, i12 -2048" [lstm_hls_opt/src/rnn.cpp:79]   --->   Operation 188 'select' 'sel_tmp15' <Predicate = true> <Delay = 0.00> <Core = "Sel">   --->   Core 26 'Sel' <Latency = 0> <II = 1> <Delay = 0.59> <FuncUnit> <Opcode : 'select'> <InPorts = 3> <OutPorts = 1>
ST_8 : Operation 189 [1/1] (0.00ns) (grouped into LUT with out node storemerge1_3)   --->   "%tmp_263 = or i1 %sel_tmp17, %tmp_3" [lstm_hls_opt/src/rnn.cpp:79]   --->   Operation 189 'or' 'tmp_263' <Predicate = true> <Delay = 0.00> <Core = "LogicGate">   --->   Core 27 'LogicGate' <Latency = 0> <II = 1> <Delay = 0.80> <FuncUnit> <Opcode : 'and' 'or' 'xor'> <InPorts = 2> <OutPorts = 1>
ST_8 : Operation 190 [1/1] (0.80ns) (out node of the LUT)   --->   "%storemerge1_3 = select i1 %tmp_263, i12 %sel_tmp15, i12 %tmp_146" [lstm_hls_opt/src/rnn.cpp:79]   --->   Operation 190 'select' 'storemerge1_3' <Predicate = true> <Delay = 0.80> <Core = "Sel">   --->   Core 26 'Sel' <Latency = 0> <II = 1> <Delay = 0.59> <FuncUnit> <Opcode : 'select'> <InPorts = 3> <OutPorts = 1>
ST_8 : Operation 191 [1/1] (0.00ns)   --->   "%tmp_13_4 = zext i8 %tmp_267 to i64" [lstm_hls_opt/src/rnn.cpp:79]   --->   Operation 191 'zext' 'tmp_13_4' <Predicate = true> <Delay = 0.00>
ST_8 : Operation 192 [1/1] (0.00ns)   --->   "%Sigmoid_lut_V_addr_4 = getelementptr [256 x i15]* @Sigmoid_lut_V, i64 0, i64 %tmp_13_4" [lstm_hls_opt/src/rnn.cpp:79]   --->   Operation 192 'getelementptr' 'Sigmoid_lut_V_addr_4' <Predicate = true> <Delay = 0.00>
ST_8 : Operation 193 [2/2] (2.77ns)   --->   "%Sigmoid_lut_V_load_4 = load i15* %Sigmoid_lut_V_addr_4, align 2" [lstm_hls_opt/src/rnn.cpp:79]   --->   Operation 193 'load' 'Sigmoid_lut_V_load_4' <Predicate = true> <Delay = 2.77> <Core = "ROM_1P_LUTRAM">   --->   Core 60 'ROM_1P_LUTRAM' <Latency = 1> <II = 1> <Delay = 2.77> <Storage> <Opcode : 'load'> <Ports = 1> <Width = 15> <Depth = 256> <ROM>
ST_8 : Operation 194 [1/2] (1.75ns)   --->   "%x_5_V_load = load i16* %x_5_V_addr, align 2" [lstm_hls_opt/src/rnn.cpp:75]   --->   Operation 194 'load' 'x_5_V_load' <Predicate = true> <Delay = 1.75> <Core = "RAM">   --->   Core 37 'RAM' <Latency = 1> <II = 1> <Delay = 1.75> <Storage> <Opcode : 'load' 'store'> <Ports = 2> <Width = 16> <Depth = 16> <RAM>
ST_8 : Operation 195 [1/1] (2.13ns)   --->   "%tmp_5 = icmp sgt i16 %x_5_V_load, 16384" [lstm_hls_opt/src/rnn.cpp:75]   --->   Operation 195 'icmp' 'tmp_5' <Predicate = true> <Delay = 2.13> <Core = "Cmp">   --->   Core 25 'Cmp' <Latency = 0> <II = 1> <Delay = 1.98> <FuncUnit> <Opcode : 'icmp'> <InPorts = 2> <OutPorts = 1>
ST_8 : Operation 196 [1/1] (2.13ns)   --->   "%tmp_9_5 = icmp slt i16 %x_5_V_load, -16384" [lstm_hls_opt/src/rnn.cpp:76]   --->   Operation 196 'icmp' 'tmp_9_5' <Predicate = true> <Delay = 2.13> <Core = "Cmp">   --->   Core 25 'Cmp' <Latency = 0> <II = 1> <Delay = 1.98> <FuncUnit> <Opcode : 'icmp'> <InPorts = 2> <OutPorts = 1>
ST_8 : Operation 197 [1/1] (0.00ns)   --->   "%tmp_152 = call i12 @_ssdm_op_PartSelect.i12.i16.i32.i32(i16 %x_5_V_load, i32 4, i32 15)" [lstm_hls_opt/src/rnn.cpp:78]   --->   Operation 197 'partselect' 'tmp_152' <Predicate = true> <Delay = 0.00>
ST_8 : Operation 198 [1/1] (0.00ns)   --->   "%lhs_V_5_cast = sext i12 %tmp_152 to i13" [lstm_hls_opt/src/rnn.cpp:78]   --->   Operation 198 'sext' 'lhs_V_5_cast' <Predicate = true> <Delay = 0.00>
ST_8 : Operation 199 [1/1] (1.54ns)   --->   "%ret_V_5 = add i13 1024, %lhs_V_5_cast" [lstm_hls_opt/src/rnn.cpp:78]   --->   Operation 199 'add' 'ret_V_5' <Predicate = true> <Delay = 1.54> <Core = "AddSub">   --->   Core 14 'AddSub' <Latency = 0> <II = 1> <Delay = 1.30> <FuncUnit> <Opcode : 'add' 'sub'> <InPorts = 2> <OutPorts = 1>
ST_8 : Operation 200 [1/1] (0.00ns)   --->   "%p_shl_5 = call i24 @_ssdm_op_BitConcatenate.i24.i13.i11(i13 %ret_V_5, i11 0)" [lstm_hls_opt/src/rnn.cpp:78]   --->   Operation 200 'bitconcatenate' 'p_shl_5' <Predicate = true> <Delay = 0.00>
ST_8 : Operation 201 [1/1] (0.00ns)   --->   "%p_shl2_5 = call i16 @_ssdm_op_BitConcatenate.i16.i13.i3(i13 %ret_V_5, i3 0)" [lstm_hls_opt/src/rnn.cpp:78]   --->   Operation 201 'bitconcatenate' 'p_shl2_5' <Predicate = true> <Delay = 0.00>
ST_8 : Operation 202 [1/1] (0.00ns)   --->   "%p_shl2_5_cast = sext i16 %p_shl2_5 to i24" [lstm_hls_opt/src/rnn.cpp:78]   --->   Operation 202 'sext' 'p_shl2_5_cast' <Predicate = true> <Delay = 0.00>
ST_8 : Operation 203 [1/1] (1.68ns)   --->   "%r_V_4_5 = sub i24 %p_shl_5, %p_shl2_5_cast" [lstm_hls_opt/src/rnn.cpp:78]   --->   Operation 203 'sub' 'r_V_4_5' <Predicate = true> <Delay = 1.68> <Core = "AddSub">   --->   Core 14 'AddSub' <Latency = 0> <II = 1> <Delay = 1.30> <FuncUnit> <Opcode : 'add' 'sub'> <InPorts = 2> <OutPorts = 1>
ST_8 : Operation 204 [1/1] (0.00ns) (grouped into LUT with out node tmp_272)   --->   "%tmp_414 = call i1 @_ssdm_op_BitSelect.i1.i24.i32(i24 %r_V_4_5, i32 23)" [lstm_hls_opt/src/rnn.cpp:78]   --->   Operation 204 'bitselect' 'tmp_414' <Predicate = true> <Delay = 0.00>
ST_8 : Operation 205 [1/1] (0.00ns)   --->   "%tmp_415 = trunc i24 %r_V_4_5 to i14" [lstm_hls_opt/src/rnn.cpp:78]   --->   Operation 205 'trunc' 'tmp_415' <Predicate = true> <Delay = 0.00>
ST_8 : Operation 206 [1/1] (1.98ns)   --->   "%tmp_12_5 = icmp eq i14 %tmp_415, 0" [lstm_hls_opt/src/rnn.cpp:78]   --->   Operation 206 'icmp' 'tmp_12_5' <Predicate = true> <Delay = 1.98> <Core = "Cmp">   --->   Core 25 'Cmp' <Latency = 0> <II = 1> <Delay = 1.98> <FuncUnit> <Opcode : 'icmp'> <InPorts = 2> <OutPorts = 1>
ST_8 : Operation 207 [1/1] (0.00ns)   --->   "%tmp_269 = call i8 @_ssdm_op_PartSelect.i8.i24.i32.i32(i24 %r_V_4_5, i32 14, i32 21)" [lstm_hls_opt/src/rnn.cpp:78]   --->   Operation 207 'partselect' 'tmp_269' <Predicate = true> <Delay = 0.00>
ST_8 : Operation 208 [1/1] (1.30ns)   --->   "%tmp_270 = add i8 1, %tmp_269" [lstm_hls_opt/src/rnn.cpp:78]   --->   Operation 208 'add' 'tmp_270' <Predicate = true> <Delay = 1.30> <Core = "AddSub">   --->   Core 14 'AddSub' <Latency = 0> <II = 1> <Delay = 1.30> <FuncUnit> <Opcode : 'add' 'sub'> <InPorts = 2> <OutPorts = 1>
ST_8 : Operation 209 [1/1] (0.00ns) (grouped into LUT with out node tmp_272)   --->   "%tmp_271 = select i1 %tmp_12_5, i8 %tmp_269, i8 %tmp_270" [lstm_hls_opt/src/rnn.cpp:78]   --->   Operation 209 'select' 'tmp_271' <Predicate = true> <Delay = 0.00> <Core = "Sel">   --->   Core 26 'Sel' <Latency = 0> <II = 1> <Delay = 0.59> <FuncUnit> <Opcode : 'select'> <InPorts = 3> <OutPorts = 1>
ST_8 : Operation 210 [1/1] (0.44ns) (out node of the LUT)   --->   "%tmp_272 = select i1 %tmp_414, i8 %tmp_271, i8 %tmp_269" [lstm_hls_opt/src/rnn.cpp:78]   --->   Operation 210 'select' 'tmp_272' <Predicate = true> <Delay = 0.44> <Core = "Sel">   --->   Core 26 'Sel' <Latency = 0> <II = 1> <Delay = 0.59> <FuncUnit> <Opcode : 'select'> <InPorts = 3> <OutPorts = 1>
ST_8 : Operation 211 [2/2] (1.75ns)   --->   "%x_6_V_load = load i16* %x_6_V_addr, align 2" [lstm_hls_opt/src/rnn.cpp:75]   --->   Operation 211 'load' 'x_6_V_load' <Predicate = true> <Delay = 1.75> <Core = "RAM">   --->   Core 37 'RAM' <Latency = 1> <II = 1> <Delay = 1.75> <Storage> <Opcode : 'load' 'store'> <Ports = 2> <Width = 16> <Depth = 16> <RAM>

State 9 <SV = 8> <Delay = 7.42>
ST_9 : Operation 212 [1/2] (2.77ns)   --->   "%Sigmoid_lut_V_load_4 = load i15* %Sigmoid_lut_V_addr_4, align 2" [lstm_hls_opt/src/rnn.cpp:79]   --->   Operation 212 'load' 'Sigmoid_lut_V_load_4' <Predicate = true> <Delay = 2.77> <Core = "ROM_1P_LUTRAM">   --->   Core 60 'ROM_1P_LUTRAM' <Latency = 1> <II = 1> <Delay = 2.77> <Storage> <Opcode : 'load'> <Ports = 1> <Width = 15> <Depth = 256> <ROM>
ST_9 : Operation 213 [1/1] (0.00ns) (grouped into LUT with out node storemerge1_4)   --->   "%tmp_4_70 = call i11 @_ssdm_op_PartSelect.i11.i15.i32.i32(i15 %Sigmoid_lut_V_load_4, i32 4, i32 14)" [lstm_hls_opt/src/rnn.cpp:79]   --->   Operation 213 'partselect' 'tmp_4_70' <Predicate = true> <Delay = 0.00>
ST_9 : Operation 214 [1/1] (0.00ns) (grouped into LUT with out node storemerge1_4)   --->   "%tmp_150 = zext i11 %tmp_4_70 to i12" [lstm_hls_opt/src/rnn.cpp:79]   --->   Operation 214 'zext' 'tmp_150' <Predicate = true> <Delay = 0.00>
ST_9 : Operation 215 [1/1] (0.00ns) (grouped into LUT with out node sel_tmp22)   --->   "%sel_tmp21 = xor i1 %tmp_4, true" [lstm_hls_opt/src/rnn.cpp:75]   --->   Operation 215 'xor' 'sel_tmp21' <Predicate = true> <Delay = 0.00> <Core = "LogicGate">   --->   Core 27 'LogicGate' <Latency = 0> <II = 1> <Delay = 0.80> <FuncUnit> <Opcode : 'and' 'or' 'xor'> <InPorts = 2> <OutPorts = 1>
ST_9 : Operation 216 [1/1] (0.80ns) (out node of the LUT)   --->   "%sel_tmp22 = and i1 %tmp_9_4, %sel_tmp21" [lstm_hls_opt/src/rnn.cpp:76]   --->   Operation 216 'and' 'sel_tmp22' <Predicate = true> <Delay = 0.80> <Core = "LogicGate">   --->   Core 27 'LogicGate' <Latency = 0> <II = 1> <Delay = 0.80> <FuncUnit> <Opcode : 'and' 'or' 'xor'> <InPorts = 2> <OutPorts = 1>
ST_9 : Operation 217 [1/1] (0.00ns) (grouped into LUT with out node storemerge1_4)   --->   "%sel_tmp20 = select i1 %sel_tmp22, i12 0, i12 -2048" [lstm_hls_opt/src/rnn.cpp:79]   --->   Operation 217 'select' 'sel_tmp20' <Predicate = true> <Delay = 0.00> <Core = "Sel">   --->   Core 26 'Sel' <Latency = 0> <II = 1> <Delay = 0.59> <FuncUnit> <Opcode : 'select'> <InPorts = 3> <OutPorts = 1>
ST_9 : Operation 218 [1/1] (0.00ns) (grouped into LUT with out node storemerge1_4)   --->   "%tmp_268 = or i1 %sel_tmp22, %tmp_4" [lstm_hls_opt/src/rnn.cpp:79]   --->   Operation 218 'or' 'tmp_268' <Predicate = true> <Delay = 0.00> <Core = "LogicGate">   --->   Core 27 'LogicGate' <Latency = 0> <II = 1> <Delay = 0.80> <FuncUnit> <Opcode : 'and' 'or' 'xor'> <InPorts = 2> <OutPorts = 1>
ST_9 : Operation 219 [1/1] (0.80ns) (out node of the LUT)   --->   "%storemerge1_4 = select i1 %tmp_268, i12 %sel_tmp20, i12 %tmp_150" [lstm_hls_opt/src/rnn.cpp:79]   --->   Operation 219 'select' 'storemerge1_4' <Predicate = true> <Delay = 0.80> <Core = "Sel">   --->   Core 26 'Sel' <Latency = 0> <II = 1> <Delay = 0.59> <FuncUnit> <Opcode : 'select'> <InPorts = 3> <OutPorts = 1>
ST_9 : Operation 220 [1/1] (0.00ns)   --->   "%tmp_13_5 = zext i8 %tmp_272 to i64" [lstm_hls_opt/src/rnn.cpp:79]   --->   Operation 220 'zext' 'tmp_13_5' <Predicate = true> <Delay = 0.00>
ST_9 : Operation 221 [1/1] (0.00ns)   --->   "%Sigmoid_lut_V_addr_5 = getelementptr [256 x i15]* @Sigmoid_lut_V, i64 0, i64 %tmp_13_5" [lstm_hls_opt/src/rnn.cpp:79]   --->   Operation 221 'getelementptr' 'Sigmoid_lut_V_addr_5' <Predicate = true> <Delay = 0.00>
ST_9 : Operation 222 [2/2] (2.77ns)   --->   "%Sigmoid_lut_V_load_5 = load i15* %Sigmoid_lut_V_addr_5, align 2" [lstm_hls_opt/src/rnn.cpp:79]   --->   Operation 222 'load' 'Sigmoid_lut_V_load_5' <Predicate = true> <Delay = 2.77> <Core = "ROM_1P_LUTRAM">   --->   Core 60 'ROM_1P_LUTRAM' <Latency = 1> <II = 1> <Delay = 2.77> <Storage> <Opcode : 'load'> <Ports = 1> <Width = 15> <Depth = 256> <ROM>
ST_9 : Operation 223 [1/2] (1.75ns)   --->   "%x_6_V_load = load i16* %x_6_V_addr, align 2" [lstm_hls_opt/src/rnn.cpp:75]   --->   Operation 223 'load' 'x_6_V_load' <Predicate = true> <Delay = 1.75> <Core = "RAM">   --->   Core 37 'RAM' <Latency = 1> <II = 1> <Delay = 1.75> <Storage> <Opcode : 'load' 'store'> <Ports = 2> <Width = 16> <Depth = 16> <RAM>
ST_9 : Operation 224 [1/1] (2.13ns)   --->   "%tmp_6 = icmp sgt i16 %x_6_V_load, 16384" [lstm_hls_opt/src/rnn.cpp:75]   --->   Operation 224 'icmp' 'tmp_6' <Predicate = true> <Delay = 2.13> <Core = "Cmp">   --->   Core 25 'Cmp' <Latency = 0> <II = 1> <Delay = 1.98> <FuncUnit> <Opcode : 'icmp'> <InPorts = 2> <OutPorts = 1>
ST_9 : Operation 225 [1/1] (2.13ns)   --->   "%tmp_9_6 = icmp slt i16 %x_6_V_load, -16384" [lstm_hls_opt/src/rnn.cpp:76]   --->   Operation 225 'icmp' 'tmp_9_6' <Predicate = true> <Delay = 2.13> <Core = "Cmp">   --->   Core 25 'Cmp' <Latency = 0> <II = 1> <Delay = 1.98> <FuncUnit> <Opcode : 'icmp'> <InPorts = 2> <OutPorts = 1>
ST_9 : Operation 226 [1/1] (0.00ns)   --->   "%tmp_156 = call i12 @_ssdm_op_PartSelect.i12.i16.i32.i32(i16 %x_6_V_load, i32 4, i32 15)" [lstm_hls_opt/src/rnn.cpp:78]   --->   Operation 226 'partselect' 'tmp_156' <Predicate = true> <Delay = 0.00>
ST_9 : Operation 227 [1/1] (0.00ns)   --->   "%lhs_V_6_cast = sext i12 %tmp_156 to i13" [lstm_hls_opt/src/rnn.cpp:78]   --->   Operation 227 'sext' 'lhs_V_6_cast' <Predicate = true> <Delay = 0.00>
ST_9 : Operation 228 [1/1] (1.54ns)   --->   "%ret_V_6 = add i13 1024, %lhs_V_6_cast" [lstm_hls_opt/src/rnn.cpp:78]   --->   Operation 228 'add' 'ret_V_6' <Predicate = true> <Delay = 1.54> <Core = "AddSub">   --->   Core 14 'AddSub' <Latency = 0> <II = 1> <Delay = 1.30> <FuncUnit> <Opcode : 'add' 'sub'> <InPorts = 2> <OutPorts = 1>
ST_9 : Operation 229 [1/1] (0.00ns)   --->   "%p_shl_6 = call i24 @_ssdm_op_BitConcatenate.i24.i13.i11(i13 %ret_V_6, i11 0)" [lstm_hls_opt/src/rnn.cpp:78]   --->   Operation 229 'bitconcatenate' 'p_shl_6' <Predicate = true> <Delay = 0.00>
ST_9 : Operation 230 [1/1] (0.00ns)   --->   "%p_shl2_6 = call i16 @_ssdm_op_BitConcatenate.i16.i13.i3(i13 %ret_V_6, i3 0)" [lstm_hls_opt/src/rnn.cpp:78]   --->   Operation 230 'bitconcatenate' 'p_shl2_6' <Predicate = true> <Delay = 0.00>
ST_9 : Operation 231 [1/1] (0.00ns)   --->   "%p_shl2_6_cast = sext i16 %p_shl2_6 to i24" [lstm_hls_opt/src/rnn.cpp:78]   --->   Operation 231 'sext' 'p_shl2_6_cast' <Predicate = true> <Delay = 0.00>
ST_9 : Operation 232 [1/1] (1.68ns)   --->   "%r_V_4_6 = sub i24 %p_shl_6, %p_shl2_6_cast" [lstm_hls_opt/src/rnn.cpp:78]   --->   Operation 232 'sub' 'r_V_4_6' <Predicate = true> <Delay = 1.68> <Core = "AddSub">   --->   Core 14 'AddSub' <Latency = 0> <II = 1> <Delay = 1.30> <FuncUnit> <Opcode : 'add' 'sub'> <InPorts = 2> <OutPorts = 1>
ST_9 : Operation 233 [1/1] (0.00ns) (grouped into LUT with out node tmp_277)   --->   "%tmp_416 = call i1 @_ssdm_op_BitSelect.i1.i24.i32(i24 %r_V_4_6, i32 23)" [lstm_hls_opt/src/rnn.cpp:78]   --->   Operation 233 'bitselect' 'tmp_416' <Predicate = true> <Delay = 0.00>
ST_9 : Operation 234 [1/1] (0.00ns)   --->   "%tmp_417 = trunc i24 %r_V_4_6 to i14" [lstm_hls_opt/src/rnn.cpp:78]   --->   Operation 234 'trunc' 'tmp_417' <Predicate = true> <Delay = 0.00>
ST_9 : Operation 235 [1/1] (1.98ns)   --->   "%tmp_12_6 = icmp eq i14 %tmp_417, 0" [lstm_hls_opt/src/rnn.cpp:78]   --->   Operation 235 'icmp' 'tmp_12_6' <Predicate = true> <Delay = 1.98> <Core = "Cmp">   --->   Core 25 'Cmp' <Latency = 0> <II = 1> <Delay = 1.98> <FuncUnit> <Opcode : 'icmp'> <InPorts = 2> <OutPorts = 1>
ST_9 : Operation 236 [1/1] (0.00ns)   --->   "%tmp_274 = call i8 @_ssdm_op_PartSelect.i8.i24.i32.i32(i24 %r_V_4_6, i32 14, i32 21)" [lstm_hls_opt/src/rnn.cpp:78]   --->   Operation 236 'partselect' 'tmp_274' <Predicate = true> <Delay = 0.00>
ST_9 : Operation 237 [1/1] (1.30ns)   --->   "%tmp_275 = add i8 1, %tmp_274" [lstm_hls_opt/src/rnn.cpp:78]   --->   Operation 237 'add' 'tmp_275' <Predicate = true> <Delay = 1.30> <Core = "AddSub">   --->   Core 14 'AddSub' <Latency = 0> <II = 1> <Delay = 1.30> <FuncUnit> <Opcode : 'add' 'sub'> <InPorts = 2> <OutPorts = 1>
ST_9 : Operation 238 [1/1] (0.00ns) (grouped into LUT with out node tmp_277)   --->   "%tmp_276 = select i1 %tmp_12_6, i8 %tmp_274, i8 %tmp_275" [lstm_hls_opt/src/rnn.cpp:78]   --->   Operation 238 'select' 'tmp_276' <Predicate = true> <Delay = 0.00> <Core = "Sel">   --->   Core 26 'Sel' <Latency = 0> <II = 1> <Delay = 0.59> <FuncUnit> <Opcode : 'select'> <InPorts = 3> <OutPorts = 1>
ST_9 : Operation 239 [1/1] (0.44ns) (out node of the LUT)   --->   "%tmp_277 = select i1 %tmp_416, i8 %tmp_276, i8 %tmp_274" [lstm_hls_opt/src/rnn.cpp:78]   --->   Operation 239 'select' 'tmp_277' <Predicate = true> <Delay = 0.44> <Core = "Sel">   --->   Core 26 'Sel' <Latency = 0> <II = 1> <Delay = 0.59> <FuncUnit> <Opcode : 'select'> <InPorts = 3> <OutPorts = 1>
ST_9 : Operation 240 [2/2] (1.75ns)   --->   "%x_7_V_load = load i16* %x_7_V_addr, align 2" [lstm_hls_opt/src/rnn.cpp:75]   --->   Operation 240 'load' 'x_7_V_load' <Predicate = true> <Delay = 1.75> <Core = "RAM">   --->   Core 37 'RAM' <Latency = 1> <II = 1> <Delay = 1.75> <Storage> <Opcode : 'load' 'store'> <Ports = 2> <Width = 16> <Depth = 16> <RAM>
ST_9 : Operation 241 [1/1] (0.00ns)   --->   "%newIndex2 = or i4 %newIndex_cast, 2" [lstm_hls_opt/src/rnn.cpp:75]   --->   Operation 241 'or' 'newIndex2' <Predicate = true> <Delay = 0.00>
ST_9 : Operation 242 [1/1] (0.00ns)   --->   "%newIndex3 = zext i4 %newIndex2 to i64" [lstm_hls_opt/src/rnn.cpp:75]   --->   Operation 242 'zext' 'newIndex3' <Predicate = true> <Delay = 0.00>
ST_9 : Operation 243 [1/1] (0.00ns)   --->   "%x_0_V_addr_5 = getelementptr [16 x i16]* %res_0_V, i64 0, i64 %newIndex3" [lstm_hls_opt/src/rnn.cpp:75]   --->   Operation 243 'getelementptr' 'x_0_V_addr_5' <Predicate = true> <Delay = 0.00>
ST_9 : Operation 244 [2/2] (1.75ns)   --->   "%x_0_V_load_5 = load i16* %x_0_V_addr_5, align 2" [lstm_hls_opt/src/rnn.cpp:75]   --->   Operation 244 'load' 'x_0_V_load_5' <Predicate = true> <Delay = 1.75> <Core = "RAM">   --->   Core 37 'RAM' <Latency = 1> <II = 1> <Delay = 1.75> <Storage> <Opcode : 'load' 'store'> <Ports = 2> <Width = 16> <Depth = 16> <RAM>
ST_9 : Operation 245 [1/1] (0.00ns)   --->   "%x_1_V_addr_5 = getelementptr [16 x i16]* %res_1_V, i64 0, i64 %newIndex3" [lstm_hls_opt/src/rnn.cpp:75]   --->   Operation 245 'getelementptr' 'x_1_V_addr_5' <Predicate = true> <Delay = 0.00>
ST_9 : Operation 246 [2/2] (1.75ns)   --->   "%x_1_V_load_5 = load i16* %x_1_V_addr_5, align 2" [lstm_hls_opt/src/rnn.cpp:75]   --->   Operation 246 'load' 'x_1_V_load_5' <Predicate = true> <Delay = 1.75> <Core = "RAM">   --->   Core 37 'RAM' <Latency = 1> <II = 1> <Delay = 1.75> <Storage> <Opcode : 'load' 'store'> <Ports = 2> <Width = 16> <Depth = 16> <RAM>
ST_9 : Operation 247 [1/1] (0.00ns)   --->   "%x_2_V_addr_5 = getelementptr [16 x i16]* %res_2_V, i64 0, i64 %newIndex3" [lstm_hls_opt/src/rnn.cpp:75]   --->   Operation 247 'getelementptr' 'x_2_V_addr_5' <Predicate = true> <Delay = 0.00>
ST_9 : Operation 248 [2/2] (1.75ns)   --->   "%x_2_V_load_5 = load i16* %x_2_V_addr_5, align 2" [lstm_hls_opt/src/rnn.cpp:75]   --->   Operation 248 'load' 'x_2_V_load_5' <Predicate = true> <Delay = 1.75> <Core = "RAM">   --->   Core 37 'RAM' <Latency = 1> <II = 1> <Delay = 1.75> <Storage> <Opcode : 'load' 'store'> <Ports = 2> <Width = 16> <Depth = 16> <RAM>
ST_9 : Operation 249 [1/1] (0.00ns)   --->   "%x_3_V_addr_5 = getelementptr [16 x i16]* %res_3_V, i64 0, i64 %newIndex3" [lstm_hls_opt/src/rnn.cpp:75]   --->   Operation 249 'getelementptr' 'x_3_V_addr_5' <Predicate = true> <Delay = 0.00>
ST_9 : Operation 250 [2/2] (1.75ns)   --->   "%x_3_V_load_5 = load i16* %x_3_V_addr_5, align 2" [lstm_hls_opt/src/rnn.cpp:75]   --->   Operation 250 'load' 'x_3_V_load_5' <Predicate = true> <Delay = 1.75> <Core = "RAM">   --->   Core 37 'RAM' <Latency = 1> <II = 1> <Delay = 1.75> <Storage> <Opcode : 'load' 'store'> <Ports = 2> <Width = 16> <Depth = 16> <RAM>
ST_9 : Operation 251 [1/1] (0.00ns)   --->   "%x_4_V_addr_5 = getelementptr [16 x i16]* %res_4_V, i64 0, i64 %newIndex3" [lstm_hls_opt/src/rnn.cpp:75]   --->   Operation 251 'getelementptr' 'x_4_V_addr_5' <Predicate = true> <Delay = 0.00>
ST_9 : Operation 252 [2/2] (1.75ns)   --->   "%x_4_V_load_5 = load i16* %x_4_V_addr_5, align 2" [lstm_hls_opt/src/rnn.cpp:75]   --->   Operation 252 'load' 'x_4_V_load_5' <Predicate = true> <Delay = 1.75> <Core = "RAM">   --->   Core 37 'RAM' <Latency = 1> <II = 1> <Delay = 1.75> <Storage> <Opcode : 'load' 'store'> <Ports = 2> <Width = 16> <Depth = 16> <RAM>
ST_9 : Operation 253 [1/1] (0.00ns)   --->   "%x_5_V_addr_5 = getelementptr [16 x i16]* %res_5_V, i64 0, i64 %newIndex3" [lstm_hls_opt/src/rnn.cpp:75]   --->   Operation 253 'getelementptr' 'x_5_V_addr_5' <Predicate = true> <Delay = 0.00>
ST_9 : Operation 254 [2/2] (1.75ns)   --->   "%x_5_V_load_5 = load i16* %x_5_V_addr_5, align 2" [lstm_hls_opt/src/rnn.cpp:75]   --->   Operation 254 'load' 'x_5_V_load_5' <Predicate = true> <Delay = 1.75> <Core = "RAM">   --->   Core 37 'RAM' <Latency = 1> <II = 1> <Delay = 1.75> <Storage> <Opcode : 'load' 'store'> <Ports = 2> <Width = 16> <Depth = 16> <RAM>
ST_9 : Operation 255 [1/1] (0.00ns)   --->   "%x_6_V_addr_5 = getelementptr [16 x i16]* %res_6_V, i64 0, i64 %newIndex3" [lstm_hls_opt/src/rnn.cpp:75]   --->   Operation 255 'getelementptr' 'x_6_V_addr_5' <Predicate = true> <Delay = 0.00>
ST_9 : Operation 256 [1/1] (0.00ns)   --->   "%x_7_V_addr_5 = getelementptr [16 x i16]* %res_7_V, i64 0, i64 %newIndex3" [lstm_hls_opt/src/rnn.cpp:75]   --->   Operation 256 'getelementptr' 'x_7_V_addr_5' <Predicate = true> <Delay = 0.00>

State 10 <SV = 9> <Delay = 7.42>
ST_10 : Operation 257 [1/1] (0.00ns)   --->   "%storemerge1_cast = zext i12 %storemerge1 to i16" [lstm_hls_opt/src/rnn.cpp:79]   --->   Operation 257 'zext' 'storemerge1_cast' <Predicate = true> <Delay = 0.00>
ST_10 : Operation 258 [1/1] (1.75ns)   --->   "store i16 %storemerge1_cast, i16* %x_0_V_addr, align 2" [lstm_hls_opt/src/rnn.cpp:75]   --->   Operation 258 'store' <Predicate = true> <Delay = 1.75> <Core = "RAM">   --->   Core 37 'RAM' <Latency = 1> <II = 1> <Delay = 1.75> <Storage> <Opcode : 'load' 'store'> <Ports = 2> <Width = 16> <Depth = 16> <RAM>
ST_10 : Operation 259 [1/1] (0.00ns)   --->   "%storemerge1_1_cast = zext i12 %storemerge1_1 to i16" [lstm_hls_opt/src/rnn.cpp:79]   --->   Operation 259 'zext' 'storemerge1_1_cast' <Predicate = true> <Delay = 0.00>
ST_10 : Operation 260 [1/1] (1.75ns)   --->   "store i16 %storemerge1_1_cast, i16* %x_1_V_addr, align 2" [lstm_hls_opt/src/rnn.cpp:75]   --->   Operation 260 'store' <Predicate = true> <Delay = 1.75> <Core = "RAM">   --->   Core 37 'RAM' <Latency = 1> <II = 1> <Delay = 1.75> <Storage> <Opcode : 'load' 'store'> <Ports = 2> <Width = 16> <Depth = 16> <RAM>
ST_10 : Operation 261 [1/1] (0.00ns)   --->   "%storemerge1_2_cast = zext i12 %storemerge1_2 to i16" [lstm_hls_opt/src/rnn.cpp:79]   --->   Operation 261 'zext' 'storemerge1_2_cast' <Predicate = true> <Delay = 0.00>
ST_10 : Operation 262 [1/1] (1.75ns)   --->   "store i16 %storemerge1_2_cast, i16* %x_2_V_addr, align 2" [lstm_hls_opt/src/rnn.cpp:75]   --->   Operation 262 'store' <Predicate = true> <Delay = 1.75> <Core = "RAM">   --->   Core 37 'RAM' <Latency = 1> <II = 1> <Delay = 1.75> <Storage> <Opcode : 'load' 'store'> <Ports = 2> <Width = 16> <Depth = 16> <RAM>
ST_10 : Operation 263 [1/1] (0.00ns)   --->   "%storemerge1_3_cast = zext i12 %storemerge1_3 to i16" [lstm_hls_opt/src/rnn.cpp:79]   --->   Operation 263 'zext' 'storemerge1_3_cast' <Predicate = true> <Delay = 0.00>
ST_10 : Operation 264 [1/1] (1.75ns)   --->   "store i16 %storemerge1_3_cast, i16* %x_3_V_addr, align 2" [lstm_hls_opt/src/rnn.cpp:75]   --->   Operation 264 'store' <Predicate = true> <Delay = 1.75> <Core = "RAM">   --->   Core 37 'RAM' <Latency = 1> <II = 1> <Delay = 1.75> <Storage> <Opcode : 'load' 'store'> <Ports = 2> <Width = 16> <Depth = 16> <RAM>
ST_10 : Operation 265 [1/1] (0.00ns)   --->   "%storemerge1_4_cast = zext i12 %storemerge1_4 to i16" [lstm_hls_opt/src/rnn.cpp:79]   --->   Operation 265 'zext' 'storemerge1_4_cast' <Predicate = true> <Delay = 0.00>
ST_10 : Operation 266 [1/1] (1.75ns)   --->   "store i16 %storemerge1_4_cast, i16* %x_4_V_addr, align 2" [lstm_hls_opt/src/rnn.cpp:75]   --->   Operation 266 'store' <Predicate = true> <Delay = 1.75> <Core = "RAM">   --->   Core 37 'RAM' <Latency = 1> <II = 1> <Delay = 1.75> <Storage> <Opcode : 'load' 'store'> <Ports = 2> <Width = 16> <Depth = 16> <RAM>
ST_10 : Operation 267 [1/2] (2.77ns)   --->   "%Sigmoid_lut_V_load_5 = load i15* %Sigmoid_lut_V_addr_5, align 2" [lstm_hls_opt/src/rnn.cpp:79]   --->   Operation 267 'load' 'Sigmoid_lut_V_load_5' <Predicate = true> <Delay = 2.77> <Core = "ROM_1P_LUTRAM">   --->   Core 60 'ROM_1P_LUTRAM' <Latency = 1> <II = 1> <Delay = 2.77> <Storage> <Opcode : 'load'> <Ports = 1> <Width = 15> <Depth = 256> <ROM>
ST_10 : Operation 268 [1/1] (0.00ns) (grouped into LUT with out node storemerge1_5)   --->   "%tmp_5_71 = call i11 @_ssdm_op_PartSelect.i11.i15.i32.i32(i15 %Sigmoid_lut_V_load_5, i32 4, i32 14)" [lstm_hls_opt/src/rnn.cpp:79]   --->   Operation 268 'partselect' 'tmp_5_71' <Predicate = true> <Delay = 0.00>
ST_10 : Operation 269 [1/1] (0.00ns) (grouped into LUT with out node storemerge1_5)   --->   "%tmp_154 = zext i11 %tmp_5_71 to i12" [lstm_hls_opt/src/rnn.cpp:79]   --->   Operation 269 'zext' 'tmp_154' <Predicate = true> <Delay = 0.00>
ST_10 : Operation 270 [1/1] (0.00ns) (grouped into LUT with out node sel_tmp27)   --->   "%sel_tmp26 = xor i1 %tmp_5, true" [lstm_hls_opt/src/rnn.cpp:75]   --->   Operation 270 'xor' 'sel_tmp26' <Predicate = true> <Delay = 0.00> <Core = "LogicGate">   --->   Core 27 'LogicGate' <Latency = 0> <II = 1> <Delay = 0.80> <FuncUnit> <Opcode : 'and' 'or' 'xor'> <InPorts = 2> <OutPorts = 1>
ST_10 : Operation 271 [1/1] (0.80ns) (out node of the LUT)   --->   "%sel_tmp27 = and i1 %tmp_9_5, %sel_tmp26" [lstm_hls_opt/src/rnn.cpp:76]   --->   Operation 271 'and' 'sel_tmp27' <Predicate = true> <Delay = 0.80> <Core = "LogicGate">   --->   Core 27 'LogicGate' <Latency = 0> <II = 1> <Delay = 0.80> <FuncUnit> <Opcode : 'and' 'or' 'xor'> <InPorts = 2> <OutPorts = 1>
ST_10 : Operation 272 [1/1] (0.00ns) (grouped into LUT with out node storemerge1_5)   --->   "%sel_tmp25 = select i1 %sel_tmp27, i12 0, i12 -2048" [lstm_hls_opt/src/rnn.cpp:79]   --->   Operation 272 'select' 'sel_tmp25' <Predicate = true> <Delay = 0.00> <Core = "Sel">   --->   Core 26 'Sel' <Latency = 0> <II = 1> <Delay = 0.59> <FuncUnit> <Opcode : 'select'> <InPorts = 3> <OutPorts = 1>
ST_10 : Operation 273 [1/1] (0.00ns) (grouped into LUT with out node storemerge1_5)   --->   "%tmp_273 = or i1 %sel_tmp27, %tmp_5" [lstm_hls_opt/src/rnn.cpp:79]   --->   Operation 273 'or' 'tmp_273' <Predicate = true> <Delay = 0.00> <Core = "LogicGate">   --->   Core 27 'LogicGate' <Latency = 0> <II = 1> <Delay = 0.80> <FuncUnit> <Opcode : 'and' 'or' 'xor'> <InPorts = 2> <OutPorts = 1>
ST_10 : Operation 274 [1/1] (0.80ns) (out node of the LUT)   --->   "%storemerge1_5 = select i1 %tmp_273, i12 %sel_tmp25, i12 %tmp_154" [lstm_hls_opt/src/rnn.cpp:79]   --->   Operation 274 'select' 'storemerge1_5' <Predicate = true> <Delay = 0.80> <Core = "Sel">   --->   Core 26 'Sel' <Latency = 0> <II = 1> <Delay = 0.59> <FuncUnit> <Opcode : 'select'> <InPorts = 3> <OutPorts = 1>
ST_10 : Operation 275 [1/1] (0.00ns)   --->   "%storemerge1_5_cast = zext i12 %storemerge1_5 to i16" [lstm_hls_opt/src/rnn.cpp:79]   --->   Operation 275 'zext' 'storemerge1_5_cast' <Predicate = true> <Delay = 0.00>
ST_10 : Operation 276 [1/1] (1.75ns)   --->   "store i16 %storemerge1_5_cast, i16* %x_5_V_addr, align 2" [lstm_hls_opt/src/rnn.cpp:75]   --->   Operation 276 'store' <Predicate = true> <Delay = 1.75> <Core = "RAM">   --->   Core 37 'RAM' <Latency = 1> <II = 1> <Delay = 1.75> <Storage> <Opcode : 'load' 'store'> <Ports = 2> <Width = 16> <Depth = 16> <RAM>
ST_10 : Operation 277 [1/1] (0.00ns)   --->   "%tmp_13_6 = zext i8 %tmp_277 to i64" [lstm_hls_opt/src/rnn.cpp:79]   --->   Operation 277 'zext' 'tmp_13_6' <Predicate = true> <Delay = 0.00>
ST_10 : Operation 278 [1/1] (0.00ns)   --->   "%Sigmoid_lut_V_addr_6 = getelementptr [256 x i15]* @Sigmoid_lut_V, i64 0, i64 %tmp_13_6" [lstm_hls_opt/src/rnn.cpp:79]   --->   Operation 278 'getelementptr' 'Sigmoid_lut_V_addr_6' <Predicate = true> <Delay = 0.00>
ST_10 : Operation 279 [2/2] (2.77ns)   --->   "%Sigmoid_lut_V_load_6 = load i15* %Sigmoid_lut_V_addr_6, align 2" [lstm_hls_opt/src/rnn.cpp:79]   --->   Operation 279 'load' 'Sigmoid_lut_V_load_6' <Predicate = true> <Delay = 2.77> <Core = "ROM_1P_LUTRAM">   --->   Core 60 'ROM_1P_LUTRAM' <Latency = 1> <II = 1> <Delay = 2.77> <Storage> <Opcode : 'load'> <Ports = 1> <Width = 15> <Depth = 256> <ROM>
ST_10 : Operation 280 [1/2] (1.75ns)   --->   "%x_7_V_load = load i16* %x_7_V_addr, align 2" [lstm_hls_opt/src/rnn.cpp:75]   --->   Operation 280 'load' 'x_7_V_load' <Predicate = true> <Delay = 1.75> <Core = "RAM">   --->   Core 37 'RAM' <Latency = 1> <II = 1> <Delay = 1.75> <Storage> <Opcode : 'load' 'store'> <Ports = 2> <Width = 16> <Depth = 16> <RAM>
ST_10 : Operation 281 [1/1] (2.13ns)   --->   "%tmp_7 = icmp sgt i16 %x_7_V_load, 16384" [lstm_hls_opt/src/rnn.cpp:75]   --->   Operation 281 'icmp' 'tmp_7' <Predicate = true> <Delay = 2.13> <Core = "Cmp">   --->   Core 25 'Cmp' <Latency = 0> <II = 1> <Delay = 1.98> <FuncUnit> <Opcode : 'icmp'> <InPorts = 2> <OutPorts = 1>
ST_10 : Operation 282 [1/1] (2.13ns)   --->   "%tmp_9_7 = icmp slt i16 %x_7_V_load, -16384" [lstm_hls_opt/src/rnn.cpp:76]   --->   Operation 282 'icmp' 'tmp_9_7' <Predicate = true> <Delay = 2.13> <Core = "Cmp">   --->   Core 25 'Cmp' <Latency = 0> <II = 1> <Delay = 1.98> <FuncUnit> <Opcode : 'icmp'> <InPorts = 2> <OutPorts = 1>
ST_10 : Operation 283 [1/1] (0.00ns)   --->   "%tmp_160 = call i12 @_ssdm_op_PartSelect.i12.i16.i32.i32(i16 %x_7_V_load, i32 4, i32 15)" [lstm_hls_opt/src/rnn.cpp:78]   --->   Operation 283 'partselect' 'tmp_160' <Predicate = true> <Delay = 0.00>
ST_10 : Operation 284 [1/1] (0.00ns)   --->   "%lhs_V_7_cast = sext i12 %tmp_160 to i13" [lstm_hls_opt/src/rnn.cpp:78]   --->   Operation 284 'sext' 'lhs_V_7_cast' <Predicate = true> <Delay = 0.00>
ST_10 : Operation 285 [1/1] (1.54ns)   --->   "%ret_V_7 = add i13 1024, %lhs_V_7_cast" [lstm_hls_opt/src/rnn.cpp:78]   --->   Operation 285 'add' 'ret_V_7' <Predicate = true> <Delay = 1.54> <Core = "AddSub">   --->   Core 14 'AddSub' <Latency = 0> <II = 1> <Delay = 1.30> <FuncUnit> <Opcode : 'add' 'sub'> <InPorts = 2> <OutPorts = 1>
ST_10 : Operation 286 [1/1] (0.00ns)   --->   "%p_shl_7 = call i24 @_ssdm_op_BitConcatenate.i24.i13.i11(i13 %ret_V_7, i11 0)" [lstm_hls_opt/src/rnn.cpp:78]   --->   Operation 286 'bitconcatenate' 'p_shl_7' <Predicate = true> <Delay = 0.00>
ST_10 : Operation 287 [1/1] (0.00ns)   --->   "%p_shl2_7 = call i16 @_ssdm_op_BitConcatenate.i16.i13.i3(i13 %ret_V_7, i3 0)" [lstm_hls_opt/src/rnn.cpp:78]   --->   Operation 287 'bitconcatenate' 'p_shl2_7' <Predicate = true> <Delay = 0.00>
ST_10 : Operation 288 [1/1] (0.00ns)   --->   "%p_shl2_7_cast = sext i16 %p_shl2_7 to i24" [lstm_hls_opt/src/rnn.cpp:78]   --->   Operation 288 'sext' 'p_shl2_7_cast' <Predicate = true> <Delay = 0.00>
ST_10 : Operation 289 [1/1] (1.68ns)   --->   "%r_V_4_7 = sub i24 %p_shl_7, %p_shl2_7_cast" [lstm_hls_opt/src/rnn.cpp:78]   --->   Operation 289 'sub' 'r_V_4_7' <Predicate = true> <Delay = 1.68> <Core = "AddSub">   --->   Core 14 'AddSub' <Latency = 0> <II = 1> <Delay = 1.30> <FuncUnit> <Opcode : 'add' 'sub'> <InPorts = 2> <OutPorts = 1>
ST_10 : Operation 290 [1/1] (0.00ns) (grouped into LUT with out node tmp_282)   --->   "%tmp_418 = call i1 @_ssdm_op_BitSelect.i1.i24.i32(i24 %r_V_4_7, i32 23)" [lstm_hls_opt/src/rnn.cpp:78]   --->   Operation 290 'bitselect' 'tmp_418' <Predicate = true> <Delay = 0.00>
ST_10 : Operation 291 [1/1] (0.00ns)   --->   "%tmp_419 = trunc i24 %r_V_4_7 to i14" [lstm_hls_opt/src/rnn.cpp:78]   --->   Operation 291 'trunc' 'tmp_419' <Predicate = true> <Delay = 0.00>
ST_10 : Operation 292 [1/1] (1.98ns)   --->   "%tmp_12_7 = icmp eq i14 %tmp_419, 0" [lstm_hls_opt/src/rnn.cpp:78]   --->   Operation 292 'icmp' 'tmp_12_7' <Predicate = true> <Delay = 1.98> <Core = "Cmp">   --->   Core 25 'Cmp' <Latency = 0> <II = 1> <Delay = 1.98> <FuncUnit> <Opcode : 'icmp'> <InPorts = 2> <OutPorts = 1>
ST_10 : Operation 293 [1/1] (0.00ns)   --->   "%tmp_279 = call i8 @_ssdm_op_PartSelect.i8.i24.i32.i32(i24 %r_V_4_7, i32 14, i32 21)" [lstm_hls_opt/src/rnn.cpp:78]   --->   Operation 293 'partselect' 'tmp_279' <Predicate = true> <Delay = 0.00>
ST_10 : Operation 294 [1/1] (1.30ns)   --->   "%tmp_280 = add i8 1, %tmp_279" [lstm_hls_opt/src/rnn.cpp:78]   --->   Operation 294 'add' 'tmp_280' <Predicate = true> <Delay = 1.30> <Core = "AddSub">   --->   Core 14 'AddSub' <Latency = 0> <II = 1> <Delay = 1.30> <FuncUnit> <Opcode : 'add' 'sub'> <InPorts = 2> <OutPorts = 1>
ST_10 : Operation 295 [1/1] (0.00ns) (grouped into LUT with out node tmp_282)   --->   "%tmp_281 = select i1 %tmp_12_7, i8 %tmp_279, i8 %tmp_280" [lstm_hls_opt/src/rnn.cpp:78]   --->   Operation 295 'select' 'tmp_281' <Predicate = true> <Delay = 0.00> <Core = "Sel">   --->   Core 26 'Sel' <Latency = 0> <II = 1> <Delay = 0.59> <FuncUnit> <Opcode : 'select'> <InPorts = 3> <OutPorts = 1>
ST_10 : Operation 296 [1/1] (0.44ns) (out node of the LUT)   --->   "%tmp_282 = select i1 %tmp_418, i8 %tmp_281, i8 %tmp_279" [lstm_hls_opt/src/rnn.cpp:78]   --->   Operation 296 'select' 'tmp_282' <Predicate = true> <Delay = 0.44> <Core = "Sel">   --->   Core 26 'Sel' <Latency = 0> <II = 1> <Delay = 0.59> <FuncUnit> <Opcode : 'select'> <InPorts = 3> <OutPorts = 1>
ST_10 : Operation 297 [1/1] (0.00ns)   --->   "%newIndex9 = or i4 %newIndex_cast, 1" [lstm_hls_opt/src/rnn.cpp:75]   --->   Operation 297 'or' 'newIndex9' <Predicate = true> <Delay = 0.00>
ST_10 : Operation 298 [1/1] (0.00ns)   --->   "%newIndex1 = zext i4 %newIndex9 to i64" [lstm_hls_opt/src/rnn.cpp:75]   --->   Operation 298 'zext' 'newIndex1' <Predicate = true> <Delay = 0.00>
ST_10 : Operation 299 [1/1] (0.00ns)   --->   "%x_0_V_addr_4 = getelementptr [16 x i16]* %res_0_V, i64 0, i64 %newIndex1" [lstm_hls_opt/src/rnn.cpp:75]   --->   Operation 299 'getelementptr' 'x_0_V_addr_4' <Predicate = true> <Delay = 0.00>
ST_10 : Operation 300 [2/2] (1.75ns)   --->   "%x_0_V_load_4 = load i16* %x_0_V_addr_4, align 2" [lstm_hls_opt/src/rnn.cpp:75]   --->   Operation 300 'load' 'x_0_V_load_4' <Predicate = true> <Delay = 1.75> <Core = "RAM">   --->   Core 37 'RAM' <Latency = 1> <II = 1> <Delay = 1.75> <Storage> <Opcode : 'load' 'store'> <Ports = 2> <Width = 16> <Depth = 16> <RAM>
ST_10 : Operation 301 [1/1] (0.00ns)   --->   "%x_1_V_addr_4 = getelementptr [16 x i16]* %res_1_V, i64 0, i64 %newIndex1" [lstm_hls_opt/src/rnn.cpp:75]   --->   Operation 301 'getelementptr' 'x_1_V_addr_4' <Predicate = true> <Delay = 0.00>
ST_10 : Operation 302 [1/1] (0.00ns)   --->   "%x_2_V_addr_4 = getelementptr [16 x i16]* %res_2_V, i64 0, i64 %newIndex1" [lstm_hls_opt/src/rnn.cpp:75]   --->   Operation 302 'getelementptr' 'x_2_V_addr_4' <Predicate = true> <Delay = 0.00>
ST_10 : Operation 303 [1/1] (0.00ns)   --->   "%x_3_V_addr_4 = getelementptr [16 x i16]* %res_3_V, i64 0, i64 %newIndex1" [lstm_hls_opt/src/rnn.cpp:75]   --->   Operation 303 'getelementptr' 'x_3_V_addr_4' <Predicate = true> <Delay = 0.00>
ST_10 : Operation 304 [1/1] (0.00ns)   --->   "%x_4_V_addr_4 = getelementptr [16 x i16]* %res_4_V, i64 0, i64 %newIndex1" [lstm_hls_opt/src/rnn.cpp:75]   --->   Operation 304 'getelementptr' 'x_4_V_addr_4' <Predicate = true> <Delay = 0.00>
ST_10 : Operation 305 [1/1] (0.00ns)   --->   "%x_5_V_addr_4 = getelementptr [16 x i16]* %res_5_V, i64 0, i64 %newIndex1" [lstm_hls_opt/src/rnn.cpp:75]   --->   Operation 305 'getelementptr' 'x_5_V_addr_4' <Predicate = true> <Delay = 0.00>
ST_10 : Operation 306 [1/1] (0.00ns)   --->   "%x_6_V_addr_4 = getelementptr [16 x i16]* %res_6_V, i64 0, i64 %newIndex1" [lstm_hls_opt/src/rnn.cpp:75]   --->   Operation 306 'getelementptr' 'x_6_V_addr_4' <Predicate = true> <Delay = 0.00>
ST_10 : Operation 307 [1/1] (0.00ns)   --->   "%x_7_V_addr_4 = getelementptr [16 x i16]* %res_7_V, i64 0, i64 %newIndex1" [lstm_hls_opt/src/rnn.cpp:75]   --->   Operation 307 'getelementptr' 'x_7_V_addr_4' <Predicate = true> <Delay = 0.00>
ST_10 : Operation 308 [1/2] (1.75ns)   --->   "%x_0_V_load_5 = load i16* %x_0_V_addr_5, align 2" [lstm_hls_opt/src/rnn.cpp:75]   --->   Operation 308 'load' 'x_0_V_load_5' <Predicate = true> <Delay = 1.75> <Core = "RAM">   --->   Core 37 'RAM' <Latency = 1> <II = 1> <Delay = 1.75> <Storage> <Opcode : 'load' 'store'> <Ports = 2> <Width = 16> <Depth = 16> <RAM>
ST_10 : Operation 309 [1/1] (2.13ns)   --->   "%tmp_16_82 = icmp sgt i16 %x_0_V_load_5, 16384" [lstm_hls_opt/src/rnn.cpp:75]   --->   Operation 309 'icmp' 'tmp_16_82' <Predicate = true> <Delay = 2.13> <Core = "Cmp">   --->   Core 25 'Cmp' <Latency = 0> <II = 1> <Delay = 1.98> <FuncUnit> <Opcode : 'icmp'> <InPorts = 2> <OutPorts = 1>
ST_10 : Operation 310 [1/1] (2.13ns)   --->   "%tmp_9_15 = icmp slt i16 %x_0_V_load_5, -16384" [lstm_hls_opt/src/rnn.cpp:76]   --->   Operation 310 'icmp' 'tmp_9_15' <Predicate = true> <Delay = 2.13> <Core = "Cmp">   --->   Core 25 'Cmp' <Latency = 0> <II = 1> <Delay = 1.98> <FuncUnit> <Opcode : 'icmp'> <InPorts = 2> <OutPorts = 1>
ST_10 : Operation 311 [1/1] (0.00ns)   --->   "%tmp_196 = call i12 @_ssdm_op_PartSelect.i12.i16.i32.i32(i16 %x_0_V_load_5, i32 4, i32 15)" [lstm_hls_opt/src/rnn.cpp:78]   --->   Operation 311 'partselect' 'tmp_196' <Predicate = true> <Delay = 0.00>
ST_10 : Operation 312 [1/1] (0.00ns)   --->   "%lhs_V_16_cast = sext i12 %tmp_196 to i13" [lstm_hls_opt/src/rnn.cpp:78]   --->   Operation 312 'sext' 'lhs_V_16_cast' <Predicate = true> <Delay = 0.00>
ST_10 : Operation 313 [1/1] (1.54ns)   --->   "%ret_V_16 = add i13 1024, %lhs_V_16_cast" [lstm_hls_opt/src/rnn.cpp:78]   --->   Operation 313 'add' 'ret_V_16' <Predicate = true> <Delay = 1.54> <Core = "AddSub">   --->   Core 14 'AddSub' <Latency = 0> <II = 1> <Delay = 1.30> <FuncUnit> <Opcode : 'add' 'sub'> <InPorts = 2> <OutPorts = 1>
ST_10 : Operation 314 [1/1] (0.00ns)   --->   "%p_shl_16 = call i24 @_ssdm_op_BitConcatenate.i24.i13.i11(i13 %ret_V_16, i11 0)" [lstm_hls_opt/src/rnn.cpp:78]   --->   Operation 314 'bitconcatenate' 'p_shl_16' <Predicate = true> <Delay = 0.00>
ST_10 : Operation 315 [1/1] (0.00ns)   --->   "%p_shl2_16 = call i16 @_ssdm_op_BitConcatenate.i16.i13.i3(i13 %ret_V_16, i3 0)" [lstm_hls_opt/src/rnn.cpp:78]   --->   Operation 315 'bitconcatenate' 'p_shl2_16' <Predicate = true> <Delay = 0.00>
ST_10 : Operation 316 [1/1] (0.00ns)   --->   "%p_shl2_16_cast = sext i16 %p_shl2_16 to i24" [lstm_hls_opt/src/rnn.cpp:78]   --->   Operation 316 'sext' 'p_shl2_16_cast' <Predicate = true> <Delay = 0.00>
ST_10 : Operation 317 [1/1] (1.68ns)   --->   "%r_V_4_15 = sub i24 %p_shl_16, %p_shl2_16_cast" [lstm_hls_opt/src/rnn.cpp:78]   --->   Operation 317 'sub' 'r_V_4_15' <Predicate = true> <Delay = 1.68> <Core = "AddSub">   --->   Core 14 'AddSub' <Latency = 0> <II = 1> <Delay = 1.30> <FuncUnit> <Opcode : 'add' 'sub'> <InPorts = 2> <OutPorts = 1>
ST_10 : Operation 318 [1/1] (0.00ns) (grouped into LUT with out node tmp_327)   --->   "%tmp_436 = call i1 @_ssdm_op_BitSelect.i1.i24.i32(i24 %r_V_4_15, i32 23)" [lstm_hls_opt/src/rnn.cpp:78]   --->   Operation 318 'bitselect' 'tmp_436' <Predicate = true> <Delay = 0.00>
ST_10 : Operation 319 [1/1] (0.00ns)   --->   "%tmp_437 = trunc i24 %r_V_4_15 to i14" [lstm_hls_opt/src/rnn.cpp:78]   --->   Operation 319 'trunc' 'tmp_437' <Predicate = true> <Delay = 0.00>
ST_10 : Operation 320 [1/1] (1.98ns)   --->   "%tmp_12_15 = icmp eq i14 %tmp_437, 0" [lstm_hls_opt/src/rnn.cpp:78]   --->   Operation 320 'icmp' 'tmp_12_15' <Predicate = true> <Delay = 1.98> <Core = "Cmp">   --->   Core 25 'Cmp' <Latency = 0> <II = 1> <Delay = 1.98> <FuncUnit> <Opcode : 'icmp'> <InPorts = 2> <OutPorts = 1>
ST_10 : Operation 321 [1/1] (0.00ns)   --->   "%tmp_324 = call i8 @_ssdm_op_PartSelect.i8.i24.i32.i32(i24 %r_V_4_15, i32 14, i32 21)" [lstm_hls_opt/src/rnn.cpp:78]   --->   Operation 321 'partselect' 'tmp_324' <Predicate = true> <Delay = 0.00>
ST_10 : Operation 322 [1/1] (1.30ns)   --->   "%tmp_325 = add i8 1, %tmp_324" [lstm_hls_opt/src/rnn.cpp:78]   --->   Operation 322 'add' 'tmp_325' <Predicate = true> <Delay = 1.30> <Core = "AddSub">   --->   Core 14 'AddSub' <Latency = 0> <II = 1> <Delay = 1.30> <FuncUnit> <Opcode : 'add' 'sub'> <InPorts = 2> <OutPorts = 1>
ST_10 : Operation 323 [1/1] (0.00ns) (grouped into LUT with out node tmp_327)   --->   "%tmp_326 = select i1 %tmp_12_15, i8 %tmp_324, i8 %tmp_325" [lstm_hls_opt/src/rnn.cpp:78]   --->   Operation 323 'select' 'tmp_326' <Predicate = true> <Delay = 0.00> <Core = "Sel">   --->   Core 26 'Sel' <Latency = 0> <II = 1> <Delay = 0.59> <FuncUnit> <Opcode : 'select'> <InPorts = 3> <OutPorts = 1>
ST_10 : Operation 324 [1/1] (0.44ns) (out node of the LUT)   --->   "%tmp_327 = select i1 %tmp_436, i8 %tmp_326, i8 %tmp_324" [lstm_hls_opt/src/rnn.cpp:78]   --->   Operation 324 'select' 'tmp_327' <Predicate = true> <Delay = 0.44> <Core = "Sel">   --->   Core 26 'Sel' <Latency = 0> <II = 1> <Delay = 0.59> <FuncUnit> <Opcode : 'select'> <InPorts = 3> <OutPorts = 1>
ST_10 : Operation 325 [1/2] (1.75ns)   --->   "%x_1_V_load_5 = load i16* %x_1_V_addr_5, align 2" [lstm_hls_opt/src/rnn.cpp:75]   --->   Operation 325 'load' 'x_1_V_load_5' <Predicate = true> <Delay = 1.75> <Core = "RAM">   --->   Core 37 'RAM' <Latency = 1> <II = 1> <Delay = 1.75> <Storage> <Opcode : 'load' 'store'> <Ports = 2> <Width = 16> <Depth = 16> <RAM>
ST_10 : Operation 326 [1/1] (2.13ns)   --->   "%tmp_17_83 = icmp sgt i16 %x_1_V_load_5, 16384" [lstm_hls_opt/src/rnn.cpp:75]   --->   Operation 326 'icmp' 'tmp_17_83' <Predicate = true> <Delay = 2.13> <Core = "Cmp">   --->   Core 25 'Cmp' <Latency = 0> <II = 1> <Delay = 1.98> <FuncUnit> <Opcode : 'icmp'> <InPorts = 2> <OutPorts = 1>
ST_10 : Operation 327 [1/1] (2.13ns)   --->   "%tmp_9_16 = icmp slt i16 %x_1_V_load_5, -16384" [lstm_hls_opt/src/rnn.cpp:76]   --->   Operation 327 'icmp' 'tmp_9_16' <Predicate = true> <Delay = 2.13> <Core = "Cmp">   --->   Core 25 'Cmp' <Latency = 0> <II = 1> <Delay = 1.98> <FuncUnit> <Opcode : 'icmp'> <InPorts = 2> <OutPorts = 1>
ST_10 : Operation 328 [1/1] (0.00ns)   --->   "%tmp_200 = call i12 @_ssdm_op_PartSelect.i12.i16.i32.i32(i16 %x_1_V_load_5, i32 4, i32 15)" [lstm_hls_opt/src/rnn.cpp:78]   --->   Operation 328 'partselect' 'tmp_200' <Predicate = true> <Delay = 0.00>
ST_10 : Operation 329 [1/1] (0.00ns)   --->   "%lhs_V_17_cast = sext i12 %tmp_200 to i13" [lstm_hls_opt/src/rnn.cpp:78]   --->   Operation 329 'sext' 'lhs_V_17_cast' <Predicate = true> <Delay = 0.00>
ST_10 : Operation 330 [1/1] (1.54ns)   --->   "%ret_V_17 = add i13 1024, %lhs_V_17_cast" [lstm_hls_opt/src/rnn.cpp:78]   --->   Operation 330 'add' 'ret_V_17' <Predicate = true> <Delay = 1.54> <Core = "AddSub">   --->   Core 14 'AddSub' <Latency = 0> <II = 1> <Delay = 1.30> <FuncUnit> <Opcode : 'add' 'sub'> <InPorts = 2> <OutPorts = 1>
ST_10 : Operation 331 [1/1] (0.00ns)   --->   "%p_shl_17 = call i24 @_ssdm_op_BitConcatenate.i24.i13.i11(i13 %ret_V_17, i11 0)" [lstm_hls_opt/src/rnn.cpp:78]   --->   Operation 331 'bitconcatenate' 'p_shl_17' <Predicate = true> <Delay = 0.00>
ST_10 : Operation 332 [1/1] (0.00ns)   --->   "%p_shl2_17 = call i16 @_ssdm_op_BitConcatenate.i16.i13.i3(i13 %ret_V_17, i3 0)" [lstm_hls_opt/src/rnn.cpp:78]   --->   Operation 332 'bitconcatenate' 'p_shl2_17' <Predicate = true> <Delay = 0.00>
ST_10 : Operation 333 [1/1] (0.00ns)   --->   "%p_shl2_17_cast = sext i16 %p_shl2_17 to i24" [lstm_hls_opt/src/rnn.cpp:78]   --->   Operation 333 'sext' 'p_shl2_17_cast' <Predicate = true> <Delay = 0.00>
ST_10 : Operation 334 [1/1] (1.68ns)   --->   "%r_V_4_16 = sub i24 %p_shl_17, %p_shl2_17_cast" [lstm_hls_opt/src/rnn.cpp:78]   --->   Operation 334 'sub' 'r_V_4_16' <Predicate = true> <Delay = 1.68> <Core = "AddSub">   --->   Core 14 'AddSub' <Latency = 0> <II = 1> <Delay = 1.30> <FuncUnit> <Opcode : 'add' 'sub'> <InPorts = 2> <OutPorts = 1>
ST_10 : Operation 335 [1/1] (0.00ns) (grouped into LUT with out node tmp_332)   --->   "%tmp_438 = call i1 @_ssdm_op_BitSelect.i1.i24.i32(i24 %r_V_4_16, i32 23)" [lstm_hls_opt/src/rnn.cpp:78]   --->   Operation 335 'bitselect' 'tmp_438' <Predicate = true> <Delay = 0.00>
ST_10 : Operation 336 [1/1] (0.00ns)   --->   "%tmp_439 = trunc i24 %r_V_4_16 to i14" [lstm_hls_opt/src/rnn.cpp:78]   --->   Operation 336 'trunc' 'tmp_439' <Predicate = true> <Delay = 0.00>
ST_10 : Operation 337 [1/1] (1.98ns)   --->   "%tmp_12_16 = icmp eq i14 %tmp_439, 0" [lstm_hls_opt/src/rnn.cpp:78]   --->   Operation 337 'icmp' 'tmp_12_16' <Predicate = true> <Delay = 1.98> <Core = "Cmp">   --->   Core 25 'Cmp' <Latency = 0> <II = 1> <Delay = 1.98> <FuncUnit> <Opcode : 'icmp'> <InPorts = 2> <OutPorts = 1>
ST_10 : Operation 338 [1/1] (0.00ns)   --->   "%tmp_329 = call i8 @_ssdm_op_PartSelect.i8.i24.i32.i32(i24 %r_V_4_16, i32 14, i32 21)" [lstm_hls_opt/src/rnn.cpp:78]   --->   Operation 338 'partselect' 'tmp_329' <Predicate = true> <Delay = 0.00>
ST_10 : Operation 339 [1/1] (1.30ns)   --->   "%tmp_330 = add i8 1, %tmp_329" [lstm_hls_opt/src/rnn.cpp:78]   --->   Operation 339 'add' 'tmp_330' <Predicate = true> <Delay = 1.30> <Core = "AddSub">   --->   Core 14 'AddSub' <Latency = 0> <II = 1> <Delay = 1.30> <FuncUnit> <Opcode : 'add' 'sub'> <InPorts = 2> <OutPorts = 1>
ST_10 : Operation 340 [1/1] (0.00ns) (grouped into LUT with out node tmp_332)   --->   "%tmp_331 = select i1 %tmp_12_16, i8 %tmp_329, i8 %tmp_330" [lstm_hls_opt/src/rnn.cpp:78]   --->   Operation 340 'select' 'tmp_331' <Predicate = true> <Delay = 0.00> <Core = "Sel">   --->   Core 26 'Sel' <Latency = 0> <II = 1> <Delay = 0.59> <FuncUnit> <Opcode : 'select'> <InPorts = 3> <OutPorts = 1>
ST_10 : Operation 341 [1/1] (0.44ns) (out node of the LUT)   --->   "%tmp_332 = select i1 %tmp_438, i8 %tmp_331, i8 %tmp_329" [lstm_hls_opt/src/rnn.cpp:78]   --->   Operation 341 'select' 'tmp_332' <Predicate = true> <Delay = 0.44> <Core = "Sel">   --->   Core 26 'Sel' <Latency = 0> <II = 1> <Delay = 0.59> <FuncUnit> <Opcode : 'select'> <InPorts = 3> <OutPorts = 1>
ST_10 : Operation 342 [1/2] (1.75ns)   --->   "%x_2_V_load_5 = load i16* %x_2_V_addr_5, align 2" [lstm_hls_opt/src/rnn.cpp:75]   --->   Operation 342 'load' 'x_2_V_load_5' <Predicate = true> <Delay = 1.75> <Core = "RAM">   --->   Core 37 'RAM' <Latency = 1> <II = 1> <Delay = 1.75> <Storage> <Opcode : 'load' 'store'> <Ports = 2> <Width = 16> <Depth = 16> <RAM>
ST_10 : Operation 343 [1/1] (2.13ns)   --->   "%tmp_18_84 = icmp sgt i16 %x_2_V_load_5, 16384" [lstm_hls_opt/src/rnn.cpp:75]   --->   Operation 343 'icmp' 'tmp_18_84' <Predicate = true> <Delay = 2.13> <Core = "Cmp">   --->   Core 25 'Cmp' <Latency = 0> <II = 1> <Delay = 1.98> <FuncUnit> <Opcode : 'icmp'> <InPorts = 2> <OutPorts = 1>
ST_10 : Operation 344 [1/1] (2.13ns)   --->   "%tmp_9_17 = icmp slt i16 %x_2_V_load_5, -16384" [lstm_hls_opt/src/rnn.cpp:76]   --->   Operation 344 'icmp' 'tmp_9_17' <Predicate = true> <Delay = 2.13> <Core = "Cmp">   --->   Core 25 'Cmp' <Latency = 0> <II = 1> <Delay = 1.98> <FuncUnit> <Opcode : 'icmp'> <InPorts = 2> <OutPorts = 1>
ST_10 : Operation 345 [1/1] (0.00ns)   --->   "%tmp_204 = call i12 @_ssdm_op_PartSelect.i12.i16.i32.i32(i16 %x_2_V_load_5, i32 4, i32 15)" [lstm_hls_opt/src/rnn.cpp:78]   --->   Operation 345 'partselect' 'tmp_204' <Predicate = true> <Delay = 0.00>
ST_10 : Operation 346 [1/1] (0.00ns)   --->   "%lhs_V_18_cast = sext i12 %tmp_204 to i13" [lstm_hls_opt/src/rnn.cpp:78]   --->   Operation 346 'sext' 'lhs_V_18_cast' <Predicate = true> <Delay = 0.00>
ST_10 : Operation 347 [1/1] (1.54ns)   --->   "%ret_V_18 = add i13 1024, %lhs_V_18_cast" [lstm_hls_opt/src/rnn.cpp:78]   --->   Operation 347 'add' 'ret_V_18' <Predicate = true> <Delay = 1.54> <Core = "AddSub">   --->   Core 14 'AddSub' <Latency = 0> <II = 1> <Delay = 1.30> <FuncUnit> <Opcode : 'add' 'sub'> <InPorts = 2> <OutPorts = 1>
ST_10 : Operation 348 [1/1] (0.00ns)   --->   "%p_shl_18 = call i24 @_ssdm_op_BitConcatenate.i24.i13.i11(i13 %ret_V_18, i11 0)" [lstm_hls_opt/src/rnn.cpp:78]   --->   Operation 348 'bitconcatenate' 'p_shl_18' <Predicate = true> <Delay = 0.00>
ST_10 : Operation 349 [1/1] (0.00ns)   --->   "%p_shl2_18 = call i16 @_ssdm_op_BitConcatenate.i16.i13.i3(i13 %ret_V_18, i3 0)" [lstm_hls_opt/src/rnn.cpp:78]   --->   Operation 349 'bitconcatenate' 'p_shl2_18' <Predicate = true> <Delay = 0.00>
ST_10 : Operation 350 [1/1] (0.00ns)   --->   "%p_shl2_18_cast = sext i16 %p_shl2_18 to i24" [lstm_hls_opt/src/rnn.cpp:78]   --->   Operation 350 'sext' 'p_shl2_18_cast' <Predicate = true> <Delay = 0.00>
ST_10 : Operation 351 [1/1] (1.68ns)   --->   "%r_V_4_17 = sub i24 %p_shl_18, %p_shl2_18_cast" [lstm_hls_opt/src/rnn.cpp:78]   --->   Operation 351 'sub' 'r_V_4_17' <Predicate = true> <Delay = 1.68> <Core = "AddSub">   --->   Core 14 'AddSub' <Latency = 0> <II = 1> <Delay = 1.30> <FuncUnit> <Opcode : 'add' 'sub'> <InPorts = 2> <OutPorts = 1>
ST_10 : Operation 352 [1/1] (0.00ns) (grouped into LUT with out node tmp_337)   --->   "%tmp_440 = call i1 @_ssdm_op_BitSelect.i1.i24.i32(i24 %r_V_4_17, i32 23)" [lstm_hls_opt/src/rnn.cpp:78]   --->   Operation 352 'bitselect' 'tmp_440' <Predicate = true> <Delay = 0.00>
ST_10 : Operation 353 [1/1] (0.00ns)   --->   "%tmp_441 = trunc i24 %r_V_4_17 to i14" [lstm_hls_opt/src/rnn.cpp:78]   --->   Operation 353 'trunc' 'tmp_441' <Predicate = true> <Delay = 0.00>
ST_10 : Operation 354 [1/1] (1.98ns)   --->   "%tmp_12_17 = icmp eq i14 %tmp_441, 0" [lstm_hls_opt/src/rnn.cpp:78]   --->   Operation 354 'icmp' 'tmp_12_17' <Predicate = true> <Delay = 1.98> <Core = "Cmp">   --->   Core 25 'Cmp' <Latency = 0> <II = 1> <Delay = 1.98> <FuncUnit> <Opcode : 'icmp'> <InPorts = 2> <OutPorts = 1>
ST_10 : Operation 355 [1/1] (0.00ns)   --->   "%tmp_334 = call i8 @_ssdm_op_PartSelect.i8.i24.i32.i32(i24 %r_V_4_17, i32 14, i32 21)" [lstm_hls_opt/src/rnn.cpp:78]   --->   Operation 355 'partselect' 'tmp_334' <Predicate = true> <Delay = 0.00>
ST_10 : Operation 356 [1/1] (1.30ns)   --->   "%tmp_335 = add i8 1, %tmp_334" [lstm_hls_opt/src/rnn.cpp:78]   --->   Operation 356 'add' 'tmp_335' <Predicate = true> <Delay = 1.30> <Core = "AddSub">   --->   Core 14 'AddSub' <Latency = 0> <II = 1> <Delay = 1.30> <FuncUnit> <Opcode : 'add' 'sub'> <InPorts = 2> <OutPorts = 1>
ST_10 : Operation 357 [1/1] (0.00ns) (grouped into LUT with out node tmp_337)   --->   "%tmp_336 = select i1 %tmp_12_17, i8 %tmp_334, i8 %tmp_335" [lstm_hls_opt/src/rnn.cpp:78]   --->   Operation 357 'select' 'tmp_336' <Predicate = true> <Delay = 0.00> <Core = "Sel">   --->   Core 26 'Sel' <Latency = 0> <II = 1> <Delay = 0.59> <FuncUnit> <Opcode : 'select'> <InPorts = 3> <OutPorts = 1>
ST_10 : Operation 358 [1/1] (0.44ns) (out node of the LUT)   --->   "%tmp_337 = select i1 %tmp_440, i8 %tmp_336, i8 %tmp_334" [lstm_hls_opt/src/rnn.cpp:78]   --->   Operation 358 'select' 'tmp_337' <Predicate = true> <Delay = 0.44> <Core = "Sel">   --->   Core 26 'Sel' <Latency = 0> <II = 1> <Delay = 0.59> <FuncUnit> <Opcode : 'select'> <InPorts = 3> <OutPorts = 1>
ST_10 : Operation 359 [1/2] (1.75ns)   --->   "%x_3_V_load_5 = load i16* %x_3_V_addr_5, align 2" [lstm_hls_opt/src/rnn.cpp:75]   --->   Operation 359 'load' 'x_3_V_load_5' <Predicate = true> <Delay = 1.75> <Core = "RAM">   --->   Core 37 'RAM' <Latency = 1> <II = 1> <Delay = 1.75> <Storage> <Opcode : 'load' 'store'> <Ports = 2> <Width = 16> <Depth = 16> <RAM>
ST_10 : Operation 360 [1/1] (2.13ns)   --->   "%tmp_19_85 = icmp sgt i16 %x_3_V_load_5, 16384" [lstm_hls_opt/src/rnn.cpp:75]   --->   Operation 360 'icmp' 'tmp_19_85' <Predicate = true> <Delay = 2.13> <Core = "Cmp">   --->   Core 25 'Cmp' <Latency = 0> <II = 1> <Delay = 1.98> <FuncUnit> <Opcode : 'icmp'> <InPorts = 2> <OutPorts = 1>
ST_10 : Operation 361 [1/1] (2.13ns)   --->   "%tmp_9_18 = icmp slt i16 %x_3_V_load_5, -16384" [lstm_hls_opt/src/rnn.cpp:76]   --->   Operation 361 'icmp' 'tmp_9_18' <Predicate = true> <Delay = 2.13> <Core = "Cmp">   --->   Core 25 'Cmp' <Latency = 0> <II = 1> <Delay = 1.98> <FuncUnit> <Opcode : 'icmp'> <InPorts = 2> <OutPorts = 1>
ST_10 : Operation 362 [1/1] (0.00ns)   --->   "%tmp_208 = call i12 @_ssdm_op_PartSelect.i12.i16.i32.i32(i16 %x_3_V_load_5, i32 4, i32 15)" [lstm_hls_opt/src/rnn.cpp:78]   --->   Operation 362 'partselect' 'tmp_208' <Predicate = true> <Delay = 0.00>
ST_10 : Operation 363 [1/1] (0.00ns)   --->   "%lhs_V_19_cast = sext i12 %tmp_208 to i13" [lstm_hls_opt/src/rnn.cpp:78]   --->   Operation 363 'sext' 'lhs_V_19_cast' <Predicate = true> <Delay = 0.00>
ST_10 : Operation 364 [1/1] (1.54ns)   --->   "%ret_V_19 = add i13 1024, %lhs_V_19_cast" [lstm_hls_opt/src/rnn.cpp:78]   --->   Operation 364 'add' 'ret_V_19' <Predicate = true> <Delay = 1.54> <Core = "AddSub">   --->   Core 14 'AddSub' <Latency = 0> <II = 1> <Delay = 1.30> <FuncUnit> <Opcode : 'add' 'sub'> <InPorts = 2> <OutPorts = 1>
ST_10 : Operation 365 [1/1] (0.00ns)   --->   "%p_shl_19 = call i24 @_ssdm_op_BitConcatenate.i24.i13.i11(i13 %ret_V_19, i11 0)" [lstm_hls_opt/src/rnn.cpp:78]   --->   Operation 365 'bitconcatenate' 'p_shl_19' <Predicate = true> <Delay = 0.00>
ST_10 : Operation 366 [1/1] (0.00ns)   --->   "%p_shl2_19 = call i16 @_ssdm_op_BitConcatenate.i16.i13.i3(i13 %ret_V_19, i3 0)" [lstm_hls_opt/src/rnn.cpp:78]   --->   Operation 366 'bitconcatenate' 'p_shl2_19' <Predicate = true> <Delay = 0.00>
ST_10 : Operation 367 [1/1] (0.00ns)   --->   "%p_shl2_19_cast = sext i16 %p_shl2_19 to i24" [lstm_hls_opt/src/rnn.cpp:78]   --->   Operation 367 'sext' 'p_shl2_19_cast' <Predicate = true> <Delay = 0.00>
ST_10 : Operation 368 [1/1] (1.68ns)   --->   "%r_V_4_18 = sub i24 %p_shl_19, %p_shl2_19_cast" [lstm_hls_opt/src/rnn.cpp:78]   --->   Operation 368 'sub' 'r_V_4_18' <Predicate = true> <Delay = 1.68> <Core = "AddSub">   --->   Core 14 'AddSub' <Latency = 0> <II = 1> <Delay = 1.30> <FuncUnit> <Opcode : 'add' 'sub'> <InPorts = 2> <OutPorts = 1>
ST_10 : Operation 369 [1/1] (0.00ns) (grouped into LUT with out node tmp_342)   --->   "%tmp_442 = call i1 @_ssdm_op_BitSelect.i1.i24.i32(i24 %r_V_4_18, i32 23)" [lstm_hls_opt/src/rnn.cpp:78]   --->   Operation 369 'bitselect' 'tmp_442' <Predicate = true> <Delay = 0.00>
ST_10 : Operation 370 [1/1] (0.00ns)   --->   "%tmp_443 = trunc i24 %r_V_4_18 to i14" [lstm_hls_opt/src/rnn.cpp:78]   --->   Operation 370 'trunc' 'tmp_443' <Predicate = true> <Delay = 0.00>
ST_10 : Operation 371 [1/1] (1.98ns)   --->   "%tmp_12_18 = icmp eq i14 %tmp_443, 0" [lstm_hls_opt/src/rnn.cpp:78]   --->   Operation 371 'icmp' 'tmp_12_18' <Predicate = true> <Delay = 1.98> <Core = "Cmp">   --->   Core 25 'Cmp' <Latency = 0> <II = 1> <Delay = 1.98> <FuncUnit> <Opcode : 'icmp'> <InPorts = 2> <OutPorts = 1>
ST_10 : Operation 372 [1/1] (0.00ns)   --->   "%tmp_339 = call i8 @_ssdm_op_PartSelect.i8.i24.i32.i32(i24 %r_V_4_18, i32 14, i32 21)" [lstm_hls_opt/src/rnn.cpp:78]   --->   Operation 372 'partselect' 'tmp_339' <Predicate = true> <Delay = 0.00>
ST_10 : Operation 373 [1/1] (1.30ns)   --->   "%tmp_340 = add i8 1, %tmp_339" [lstm_hls_opt/src/rnn.cpp:78]   --->   Operation 373 'add' 'tmp_340' <Predicate = true> <Delay = 1.30> <Core = "AddSub">   --->   Core 14 'AddSub' <Latency = 0> <II = 1> <Delay = 1.30> <FuncUnit> <Opcode : 'add' 'sub'> <InPorts = 2> <OutPorts = 1>
ST_10 : Operation 374 [1/1] (0.00ns) (grouped into LUT with out node tmp_342)   --->   "%tmp_341 = select i1 %tmp_12_18, i8 %tmp_339, i8 %tmp_340" [lstm_hls_opt/src/rnn.cpp:78]   --->   Operation 374 'select' 'tmp_341' <Predicate = true> <Delay = 0.00> <Core = "Sel">   --->   Core 26 'Sel' <Latency = 0> <II = 1> <Delay = 0.59> <FuncUnit> <Opcode : 'select'> <InPorts = 3> <OutPorts = 1>
ST_10 : Operation 375 [1/1] (0.44ns) (out node of the LUT)   --->   "%tmp_342 = select i1 %tmp_442, i8 %tmp_341, i8 %tmp_339" [lstm_hls_opt/src/rnn.cpp:78]   --->   Operation 375 'select' 'tmp_342' <Predicate = true> <Delay = 0.44> <Core = "Sel">   --->   Core 26 'Sel' <Latency = 0> <II = 1> <Delay = 0.59> <FuncUnit> <Opcode : 'select'> <InPorts = 3> <OutPorts = 1>
ST_10 : Operation 376 [1/2] (1.75ns)   --->   "%x_4_V_load_5 = load i16* %x_4_V_addr_5, align 2" [lstm_hls_opt/src/rnn.cpp:75]   --->   Operation 376 'load' 'x_4_V_load_5' <Predicate = true> <Delay = 1.75> <Core = "RAM">   --->   Core 37 'RAM' <Latency = 1> <II = 1> <Delay = 1.75> <Storage> <Opcode : 'load' 'store'> <Ports = 2> <Width = 16> <Depth = 16> <RAM>
ST_10 : Operation 377 [1/1] (2.13ns)   --->   "%tmp_20_86 = icmp sgt i16 %x_4_V_load_5, 16384" [lstm_hls_opt/src/rnn.cpp:75]   --->   Operation 377 'icmp' 'tmp_20_86' <Predicate = true> <Delay = 2.13> <Core = "Cmp">   --->   Core 25 'Cmp' <Latency = 0> <II = 1> <Delay = 1.98> <FuncUnit> <Opcode : 'icmp'> <InPorts = 2> <OutPorts = 1>
ST_10 : Operation 378 [1/1] (2.13ns)   --->   "%tmp_9_19 = icmp slt i16 %x_4_V_load_5, -16384" [lstm_hls_opt/src/rnn.cpp:76]   --->   Operation 378 'icmp' 'tmp_9_19' <Predicate = true> <Delay = 2.13> <Core = "Cmp">   --->   Core 25 'Cmp' <Latency = 0> <II = 1> <Delay = 1.98> <FuncUnit> <Opcode : 'icmp'> <InPorts = 2> <OutPorts = 1>
ST_10 : Operation 379 [1/1] (0.00ns)   --->   "%tmp_212 = call i12 @_ssdm_op_PartSelect.i12.i16.i32.i32(i16 %x_4_V_load_5, i32 4, i32 15)" [lstm_hls_opt/src/rnn.cpp:78]   --->   Operation 379 'partselect' 'tmp_212' <Predicate = true> <Delay = 0.00>
ST_10 : Operation 380 [1/1] (0.00ns)   --->   "%lhs_V_20_cast = sext i12 %tmp_212 to i13" [lstm_hls_opt/src/rnn.cpp:78]   --->   Operation 380 'sext' 'lhs_V_20_cast' <Predicate = true> <Delay = 0.00>
ST_10 : Operation 381 [1/1] (1.54ns)   --->   "%ret_V_20 = add i13 1024, %lhs_V_20_cast" [lstm_hls_opt/src/rnn.cpp:78]   --->   Operation 381 'add' 'ret_V_20' <Predicate = true> <Delay = 1.54> <Core = "AddSub">   --->   Core 14 'AddSub' <Latency = 0> <II = 1> <Delay = 1.30> <FuncUnit> <Opcode : 'add' 'sub'> <InPorts = 2> <OutPorts = 1>
ST_10 : Operation 382 [1/1] (0.00ns)   --->   "%p_shl_20 = call i24 @_ssdm_op_BitConcatenate.i24.i13.i11(i13 %ret_V_20, i11 0)" [lstm_hls_opt/src/rnn.cpp:78]   --->   Operation 382 'bitconcatenate' 'p_shl_20' <Predicate = true> <Delay = 0.00>
ST_10 : Operation 383 [1/1] (0.00ns)   --->   "%p_shl2_20 = call i16 @_ssdm_op_BitConcatenate.i16.i13.i3(i13 %ret_V_20, i3 0)" [lstm_hls_opt/src/rnn.cpp:78]   --->   Operation 383 'bitconcatenate' 'p_shl2_20' <Predicate = true> <Delay = 0.00>
ST_10 : Operation 384 [1/1] (0.00ns)   --->   "%p_shl2_20_cast = sext i16 %p_shl2_20 to i24" [lstm_hls_opt/src/rnn.cpp:78]   --->   Operation 384 'sext' 'p_shl2_20_cast' <Predicate = true> <Delay = 0.00>
ST_10 : Operation 385 [1/1] (1.68ns)   --->   "%r_V_4_19 = sub i24 %p_shl_20, %p_shl2_20_cast" [lstm_hls_opt/src/rnn.cpp:78]   --->   Operation 385 'sub' 'r_V_4_19' <Predicate = true> <Delay = 1.68> <Core = "AddSub">   --->   Core 14 'AddSub' <Latency = 0> <II = 1> <Delay = 1.30> <FuncUnit> <Opcode : 'add' 'sub'> <InPorts = 2> <OutPorts = 1>
ST_10 : Operation 386 [1/1] (0.00ns) (grouped into LUT with out node tmp_347)   --->   "%tmp_444 = call i1 @_ssdm_op_BitSelect.i1.i24.i32(i24 %r_V_4_19, i32 23)" [lstm_hls_opt/src/rnn.cpp:78]   --->   Operation 386 'bitselect' 'tmp_444' <Predicate = true> <Delay = 0.00>
ST_10 : Operation 387 [1/1] (0.00ns)   --->   "%tmp_445 = trunc i24 %r_V_4_19 to i14" [lstm_hls_opt/src/rnn.cpp:78]   --->   Operation 387 'trunc' 'tmp_445' <Predicate = true> <Delay = 0.00>
ST_10 : Operation 388 [1/1] (1.98ns)   --->   "%tmp_12_19 = icmp eq i14 %tmp_445, 0" [lstm_hls_opt/src/rnn.cpp:78]   --->   Operation 388 'icmp' 'tmp_12_19' <Predicate = true> <Delay = 1.98> <Core = "Cmp">   --->   Core 25 'Cmp' <Latency = 0> <II = 1> <Delay = 1.98> <FuncUnit> <Opcode : 'icmp'> <InPorts = 2> <OutPorts = 1>
ST_10 : Operation 389 [1/1] (0.00ns)   --->   "%tmp_344 = call i8 @_ssdm_op_PartSelect.i8.i24.i32.i32(i24 %r_V_4_19, i32 14, i32 21)" [lstm_hls_opt/src/rnn.cpp:78]   --->   Operation 389 'partselect' 'tmp_344' <Predicate = true> <Delay = 0.00>
ST_10 : Operation 390 [1/1] (1.30ns)   --->   "%tmp_345 = add i8 1, %tmp_344" [lstm_hls_opt/src/rnn.cpp:78]   --->   Operation 390 'add' 'tmp_345' <Predicate = true> <Delay = 1.30> <Core = "AddSub">   --->   Core 14 'AddSub' <Latency = 0> <II = 1> <Delay = 1.30> <FuncUnit> <Opcode : 'add' 'sub'> <InPorts = 2> <OutPorts = 1>
ST_10 : Operation 391 [1/1] (0.00ns) (grouped into LUT with out node tmp_347)   --->   "%tmp_346 = select i1 %tmp_12_19, i8 %tmp_344, i8 %tmp_345" [lstm_hls_opt/src/rnn.cpp:78]   --->   Operation 391 'select' 'tmp_346' <Predicate = true> <Delay = 0.00> <Core = "Sel">   --->   Core 26 'Sel' <Latency = 0> <II = 1> <Delay = 0.59> <FuncUnit> <Opcode : 'select'> <InPorts = 3> <OutPorts = 1>
ST_10 : Operation 392 [1/1] (0.44ns) (out node of the LUT)   --->   "%tmp_347 = select i1 %tmp_444, i8 %tmp_346, i8 %tmp_344" [lstm_hls_opt/src/rnn.cpp:78]   --->   Operation 392 'select' 'tmp_347' <Predicate = true> <Delay = 0.44> <Core = "Sel">   --->   Core 26 'Sel' <Latency = 0> <II = 1> <Delay = 0.59> <FuncUnit> <Opcode : 'select'> <InPorts = 3> <OutPorts = 1>
ST_10 : Operation 393 [1/2] (1.75ns)   --->   "%x_5_V_load_5 = load i16* %x_5_V_addr_5, align 2" [lstm_hls_opt/src/rnn.cpp:75]   --->   Operation 393 'load' 'x_5_V_load_5' <Predicate = true> <Delay = 1.75> <Core = "RAM">   --->   Core 37 'RAM' <Latency = 1> <II = 1> <Delay = 1.75> <Storage> <Opcode : 'load' 'store'> <Ports = 2> <Width = 16> <Depth = 16> <RAM>
ST_10 : Operation 394 [1/1] (2.13ns)   --->   "%tmp_21_87 = icmp sgt i16 %x_5_V_load_5, 16384" [lstm_hls_opt/src/rnn.cpp:75]   --->   Operation 394 'icmp' 'tmp_21_87' <Predicate = true> <Delay = 2.13> <Core = "Cmp">   --->   Core 25 'Cmp' <Latency = 0> <II = 1> <Delay = 1.98> <FuncUnit> <Opcode : 'icmp'> <InPorts = 2> <OutPorts = 1>
ST_10 : Operation 395 [1/1] (2.13ns)   --->   "%tmp_9_20 = icmp slt i16 %x_5_V_load_5, -16384" [lstm_hls_opt/src/rnn.cpp:76]   --->   Operation 395 'icmp' 'tmp_9_20' <Predicate = true> <Delay = 2.13> <Core = "Cmp">   --->   Core 25 'Cmp' <Latency = 0> <II = 1> <Delay = 1.98> <FuncUnit> <Opcode : 'icmp'> <InPorts = 2> <OutPorts = 1>
ST_10 : Operation 396 [1/1] (0.00ns)   --->   "%tmp_216 = call i12 @_ssdm_op_PartSelect.i12.i16.i32.i32(i16 %x_5_V_load_5, i32 4, i32 15)" [lstm_hls_opt/src/rnn.cpp:78]   --->   Operation 396 'partselect' 'tmp_216' <Predicate = true> <Delay = 0.00>
ST_10 : Operation 397 [1/1] (0.00ns)   --->   "%lhs_V_21_cast = sext i12 %tmp_216 to i13" [lstm_hls_opt/src/rnn.cpp:78]   --->   Operation 397 'sext' 'lhs_V_21_cast' <Predicate = true> <Delay = 0.00>
ST_10 : Operation 398 [1/1] (1.54ns)   --->   "%ret_V_21 = add i13 1024, %lhs_V_21_cast" [lstm_hls_opt/src/rnn.cpp:78]   --->   Operation 398 'add' 'ret_V_21' <Predicate = true> <Delay = 1.54> <Core = "AddSub">   --->   Core 14 'AddSub' <Latency = 0> <II = 1> <Delay = 1.30> <FuncUnit> <Opcode : 'add' 'sub'> <InPorts = 2> <OutPorts = 1>
ST_10 : Operation 399 [1/1] (0.00ns)   --->   "%p_shl_21 = call i24 @_ssdm_op_BitConcatenate.i24.i13.i11(i13 %ret_V_21, i11 0)" [lstm_hls_opt/src/rnn.cpp:78]   --->   Operation 399 'bitconcatenate' 'p_shl_21' <Predicate = true> <Delay = 0.00>
ST_10 : Operation 400 [1/1] (0.00ns)   --->   "%p_shl2_21 = call i16 @_ssdm_op_BitConcatenate.i16.i13.i3(i13 %ret_V_21, i3 0)" [lstm_hls_opt/src/rnn.cpp:78]   --->   Operation 400 'bitconcatenate' 'p_shl2_21' <Predicate = true> <Delay = 0.00>
ST_10 : Operation 401 [1/1] (0.00ns)   --->   "%p_shl2_21_cast = sext i16 %p_shl2_21 to i24" [lstm_hls_opt/src/rnn.cpp:78]   --->   Operation 401 'sext' 'p_shl2_21_cast' <Predicate = true> <Delay = 0.00>
ST_10 : Operation 402 [1/1] (1.68ns)   --->   "%r_V_4_20 = sub i24 %p_shl_21, %p_shl2_21_cast" [lstm_hls_opt/src/rnn.cpp:78]   --->   Operation 402 'sub' 'r_V_4_20' <Predicate = true> <Delay = 1.68> <Core = "AddSub">   --->   Core 14 'AddSub' <Latency = 0> <II = 1> <Delay = 1.30> <FuncUnit> <Opcode : 'add' 'sub'> <InPorts = 2> <OutPorts = 1>
ST_10 : Operation 403 [1/1] (0.00ns) (grouped into LUT with out node tmp_352)   --->   "%tmp_446 = call i1 @_ssdm_op_BitSelect.i1.i24.i32(i24 %r_V_4_20, i32 23)" [lstm_hls_opt/src/rnn.cpp:78]   --->   Operation 403 'bitselect' 'tmp_446' <Predicate = true> <Delay = 0.00>
ST_10 : Operation 404 [1/1] (0.00ns)   --->   "%tmp_447 = trunc i24 %r_V_4_20 to i14" [lstm_hls_opt/src/rnn.cpp:78]   --->   Operation 404 'trunc' 'tmp_447' <Predicate = true> <Delay = 0.00>
ST_10 : Operation 405 [1/1] (1.98ns)   --->   "%tmp_12_20 = icmp eq i14 %tmp_447, 0" [lstm_hls_opt/src/rnn.cpp:78]   --->   Operation 405 'icmp' 'tmp_12_20' <Predicate = true> <Delay = 1.98> <Core = "Cmp">   --->   Core 25 'Cmp' <Latency = 0> <II = 1> <Delay = 1.98> <FuncUnit> <Opcode : 'icmp'> <InPorts = 2> <OutPorts = 1>
ST_10 : Operation 406 [1/1] (0.00ns)   --->   "%tmp_349 = call i8 @_ssdm_op_PartSelect.i8.i24.i32.i32(i24 %r_V_4_20, i32 14, i32 21)" [lstm_hls_opt/src/rnn.cpp:78]   --->   Operation 406 'partselect' 'tmp_349' <Predicate = true> <Delay = 0.00>
ST_10 : Operation 407 [1/1] (1.30ns)   --->   "%tmp_350 = add i8 1, %tmp_349" [lstm_hls_opt/src/rnn.cpp:78]   --->   Operation 407 'add' 'tmp_350' <Predicate = true> <Delay = 1.30> <Core = "AddSub">   --->   Core 14 'AddSub' <Latency = 0> <II = 1> <Delay = 1.30> <FuncUnit> <Opcode : 'add' 'sub'> <InPorts = 2> <OutPorts = 1>
ST_10 : Operation 408 [1/1] (0.00ns) (grouped into LUT with out node tmp_352)   --->   "%tmp_351 = select i1 %tmp_12_20, i8 %tmp_349, i8 %tmp_350" [lstm_hls_opt/src/rnn.cpp:78]   --->   Operation 408 'select' 'tmp_351' <Predicate = true> <Delay = 0.00> <Core = "Sel">   --->   Core 26 'Sel' <Latency = 0> <II = 1> <Delay = 0.59> <FuncUnit> <Opcode : 'select'> <InPorts = 3> <OutPorts = 1>
ST_10 : Operation 409 [1/1] (0.44ns) (out node of the LUT)   --->   "%tmp_352 = select i1 %tmp_446, i8 %tmp_351, i8 %tmp_349" [lstm_hls_opt/src/rnn.cpp:78]   --->   Operation 409 'select' 'tmp_352' <Predicate = true> <Delay = 0.44> <Core = "Sel">   --->   Core 26 'Sel' <Latency = 0> <II = 1> <Delay = 0.59> <FuncUnit> <Opcode : 'select'> <InPorts = 3> <OutPorts = 1>
ST_10 : Operation 410 [2/2] (1.75ns)   --->   "%x_6_V_load_5 = load i16* %x_6_V_addr_5, align 2" [lstm_hls_opt/src/rnn.cpp:75]   --->   Operation 410 'load' 'x_6_V_load_5' <Predicate = true> <Delay = 1.75> <Core = "RAM">   --->   Core 37 'RAM' <Latency = 1> <II = 1> <Delay = 1.75> <Storage> <Opcode : 'load' 'store'> <Ports = 2> <Width = 16> <Depth = 16> <RAM>

State 11 <SV = 10> <Delay = 7.42>
ST_11 : Operation 411 [1/2] (2.77ns)   --->   "%Sigmoid_lut_V_load_6 = load i15* %Sigmoid_lut_V_addr_6, align 2" [lstm_hls_opt/src/rnn.cpp:79]   --->   Operation 411 'load' 'Sigmoid_lut_V_load_6' <Predicate = true> <Delay = 2.77> <Core = "ROM_1P_LUTRAM">   --->   Core 60 'ROM_1P_LUTRAM' <Latency = 1> <II = 1> <Delay = 2.77> <Storage> <Opcode : 'load'> <Ports = 1> <Width = 15> <Depth = 256> <ROM>
ST_11 : Operation 412 [1/1] (0.00ns) (grouped into LUT with out node storemerge1_6)   --->   "%tmp_6_72 = call i11 @_ssdm_op_PartSelect.i11.i15.i32.i32(i15 %Sigmoid_lut_V_load_6, i32 4, i32 14)" [lstm_hls_opt/src/rnn.cpp:79]   --->   Operation 412 'partselect' 'tmp_6_72' <Predicate = true> <Delay = 0.00>
ST_11 : Operation 413 [1/1] (0.00ns) (grouped into LUT with out node storemerge1_6)   --->   "%tmp_158 = zext i11 %tmp_6_72 to i12" [lstm_hls_opt/src/rnn.cpp:79]   --->   Operation 413 'zext' 'tmp_158' <Predicate = true> <Delay = 0.00>
ST_11 : Operation 414 [1/1] (0.00ns) (grouped into LUT with out node sel_tmp32)   --->   "%sel_tmp31 = xor i1 %tmp_6, true" [lstm_hls_opt/src/rnn.cpp:75]   --->   Operation 414 'xor' 'sel_tmp31' <Predicate = true> <Delay = 0.00> <Core = "LogicGate">   --->   Core 27 'LogicGate' <Latency = 0> <II = 1> <Delay = 0.80> <FuncUnit> <Opcode : 'and' 'or' 'xor'> <InPorts = 2> <OutPorts = 1>
ST_11 : Operation 415 [1/1] (0.80ns) (out node of the LUT)   --->   "%sel_tmp32 = and i1 %tmp_9_6, %sel_tmp31" [lstm_hls_opt/src/rnn.cpp:76]   --->   Operation 415 'and' 'sel_tmp32' <Predicate = true> <Delay = 0.80> <Core = "LogicGate">   --->   Core 27 'LogicGate' <Latency = 0> <II = 1> <Delay = 0.80> <FuncUnit> <Opcode : 'and' 'or' 'xor'> <InPorts = 2> <OutPorts = 1>
ST_11 : Operation 416 [1/1] (0.00ns) (grouped into LUT with out node storemerge1_6)   --->   "%sel_tmp30 = select i1 %sel_tmp32, i12 0, i12 -2048" [lstm_hls_opt/src/rnn.cpp:79]   --->   Operation 416 'select' 'sel_tmp30' <Predicate = true> <Delay = 0.00> <Core = "Sel">   --->   Core 26 'Sel' <Latency = 0> <II = 1> <Delay = 0.59> <FuncUnit> <Opcode : 'select'> <InPorts = 3> <OutPorts = 1>
ST_11 : Operation 417 [1/1] (0.00ns) (grouped into LUT with out node storemerge1_6)   --->   "%tmp_278 = or i1 %sel_tmp32, %tmp_6" [lstm_hls_opt/src/rnn.cpp:79]   --->   Operation 417 'or' 'tmp_278' <Predicate = true> <Delay = 0.00> <Core = "LogicGate">   --->   Core 27 'LogicGate' <Latency = 0> <II = 1> <Delay = 0.80> <FuncUnit> <Opcode : 'and' 'or' 'xor'> <InPorts = 2> <OutPorts = 1>
ST_11 : Operation 418 [1/1] (0.80ns) (out node of the LUT)   --->   "%storemerge1_6 = select i1 %tmp_278, i12 %sel_tmp30, i12 %tmp_158" [lstm_hls_opt/src/rnn.cpp:79]   --->   Operation 418 'select' 'storemerge1_6' <Predicate = true> <Delay = 0.80> <Core = "Sel">   --->   Core 26 'Sel' <Latency = 0> <II = 1> <Delay = 0.59> <FuncUnit> <Opcode : 'select'> <InPorts = 3> <OutPorts = 1>
ST_11 : Operation 419 [1/1] (0.00ns)   --->   "%storemerge1_6_cast = zext i12 %storemerge1_6 to i16" [lstm_hls_opt/src/rnn.cpp:79]   --->   Operation 419 'zext' 'storemerge1_6_cast' <Predicate = true> <Delay = 0.00>
ST_11 : Operation 420 [1/1] (1.75ns)   --->   "store i16 %storemerge1_6_cast, i16* %x_6_V_addr, align 2" [lstm_hls_opt/src/rnn.cpp:75]   --->   Operation 420 'store' <Predicate = true> <Delay = 1.75> <Core = "RAM">   --->   Core 37 'RAM' <Latency = 1> <II = 1> <Delay = 1.75> <Storage> <Opcode : 'load' 'store'> <Ports = 2> <Width = 16> <Depth = 16> <RAM>
ST_11 : Operation 421 [1/1] (0.00ns)   --->   "%tmp_13_7 = zext i8 %tmp_282 to i64" [lstm_hls_opt/src/rnn.cpp:79]   --->   Operation 421 'zext' 'tmp_13_7' <Predicate = true> <Delay = 0.00>
ST_11 : Operation 422 [1/1] (0.00ns)   --->   "%Sigmoid_lut_V_addr_7 = getelementptr [256 x i15]* @Sigmoid_lut_V, i64 0, i64 %tmp_13_7" [lstm_hls_opt/src/rnn.cpp:79]   --->   Operation 422 'getelementptr' 'Sigmoid_lut_V_addr_7' <Predicate = true> <Delay = 0.00>
ST_11 : Operation 423 [2/2] (2.77ns)   --->   "%Sigmoid_lut_V_load_7 = load i15* %Sigmoid_lut_V_addr_7, align 2" [lstm_hls_opt/src/rnn.cpp:79]   --->   Operation 423 'load' 'Sigmoid_lut_V_load_7' <Predicate = true> <Delay = 2.77> <Core = "ROM_1P_LUTRAM">   --->   Core 60 'ROM_1P_LUTRAM' <Latency = 1> <II = 1> <Delay = 2.77> <Storage> <Opcode : 'load'> <Ports = 1> <Width = 15> <Depth = 256> <ROM>
ST_11 : Operation 424 [1/2] (1.75ns)   --->   "%x_0_V_load_4 = load i16* %x_0_V_addr_4, align 2" [lstm_hls_opt/src/rnn.cpp:75]   --->   Operation 424 'load' 'x_0_V_load_4' <Predicate = true> <Delay = 1.75> <Core = "RAM">   --->   Core 37 'RAM' <Latency = 1> <II = 1> <Delay = 1.75> <Storage> <Opcode : 'load' 'store'> <Ports = 2> <Width = 16> <Depth = 16> <RAM>
ST_11 : Operation 425 [1/1] (2.13ns)   --->   "%tmp_8 = icmp sgt i16 %x_0_V_load_4, 16384" [lstm_hls_opt/src/rnn.cpp:75]   --->   Operation 425 'icmp' 'tmp_8' <Predicate = true> <Delay = 2.13> <Core = "Cmp">   --->   Core 25 'Cmp' <Latency = 0> <II = 1> <Delay = 1.98> <FuncUnit> <Opcode : 'icmp'> <InPorts = 2> <OutPorts = 1>
ST_11 : Operation 426 [1/1] (2.13ns)   --->   "%tmp_9_8 = icmp slt i16 %x_0_V_load_4, -16384" [lstm_hls_opt/src/rnn.cpp:76]   --->   Operation 426 'icmp' 'tmp_9_8' <Predicate = true> <Delay = 2.13> <Core = "Cmp">   --->   Core 25 'Cmp' <Latency = 0> <II = 1> <Delay = 1.98> <FuncUnit> <Opcode : 'icmp'> <InPorts = 2> <OutPorts = 1>
ST_11 : Operation 427 [1/1] (0.00ns)   --->   "%tmp_164 = call i12 @_ssdm_op_PartSelect.i12.i16.i32.i32(i16 %x_0_V_load_4, i32 4, i32 15)" [lstm_hls_opt/src/rnn.cpp:78]   --->   Operation 427 'partselect' 'tmp_164' <Predicate = true> <Delay = 0.00>
ST_11 : Operation 428 [1/1] (0.00ns)   --->   "%lhs_V_8_cast = sext i12 %tmp_164 to i13" [lstm_hls_opt/src/rnn.cpp:78]   --->   Operation 428 'sext' 'lhs_V_8_cast' <Predicate = true> <Delay = 0.00>
ST_11 : Operation 429 [1/1] (1.54ns)   --->   "%ret_V_8 = add i13 1024, %lhs_V_8_cast" [lstm_hls_opt/src/rnn.cpp:78]   --->   Operation 429 'add' 'ret_V_8' <Predicate = true> <Delay = 1.54> <Core = "AddSub">   --->   Core 14 'AddSub' <Latency = 0> <II = 1> <Delay = 1.30> <FuncUnit> <Opcode : 'add' 'sub'> <InPorts = 2> <OutPorts = 1>
ST_11 : Operation 430 [1/1] (0.00ns)   --->   "%p_shl_8 = call i24 @_ssdm_op_BitConcatenate.i24.i13.i11(i13 %ret_V_8, i11 0)" [lstm_hls_opt/src/rnn.cpp:78]   --->   Operation 430 'bitconcatenate' 'p_shl_8' <Predicate = true> <Delay = 0.00>
ST_11 : Operation 431 [1/1] (0.00ns)   --->   "%p_shl2_8 = call i16 @_ssdm_op_BitConcatenate.i16.i13.i3(i13 %ret_V_8, i3 0)" [lstm_hls_opt/src/rnn.cpp:78]   --->   Operation 431 'bitconcatenate' 'p_shl2_8' <Predicate = true> <Delay = 0.00>
ST_11 : Operation 432 [1/1] (0.00ns)   --->   "%p_shl2_8_cast = sext i16 %p_shl2_8 to i24" [lstm_hls_opt/src/rnn.cpp:78]   --->   Operation 432 'sext' 'p_shl2_8_cast' <Predicate = true> <Delay = 0.00>
ST_11 : Operation 433 [1/1] (1.68ns)   --->   "%r_V_4_8 = sub i24 %p_shl_8, %p_shl2_8_cast" [lstm_hls_opt/src/rnn.cpp:78]   --->   Operation 433 'sub' 'r_V_4_8' <Predicate = true> <Delay = 1.68> <Core = "AddSub">   --->   Core 14 'AddSub' <Latency = 0> <II = 1> <Delay = 1.30> <FuncUnit> <Opcode : 'add' 'sub'> <InPorts = 2> <OutPorts = 1>
ST_11 : Operation 434 [1/1] (0.00ns) (grouped into LUT with out node tmp_287)   --->   "%tmp_420 = call i1 @_ssdm_op_BitSelect.i1.i24.i32(i24 %r_V_4_8, i32 23)" [lstm_hls_opt/src/rnn.cpp:78]   --->   Operation 434 'bitselect' 'tmp_420' <Predicate = true> <Delay = 0.00>
ST_11 : Operation 435 [1/1] (0.00ns)   --->   "%tmp_421 = trunc i24 %r_V_4_8 to i14" [lstm_hls_opt/src/rnn.cpp:78]   --->   Operation 435 'trunc' 'tmp_421' <Predicate = true> <Delay = 0.00>
ST_11 : Operation 436 [1/1] (1.98ns)   --->   "%tmp_12_8 = icmp eq i14 %tmp_421, 0" [lstm_hls_opt/src/rnn.cpp:78]   --->   Operation 436 'icmp' 'tmp_12_8' <Predicate = true> <Delay = 1.98> <Core = "Cmp">   --->   Core 25 'Cmp' <Latency = 0> <II = 1> <Delay = 1.98> <FuncUnit> <Opcode : 'icmp'> <InPorts = 2> <OutPorts = 1>
ST_11 : Operation 437 [1/1] (0.00ns)   --->   "%tmp_284 = call i8 @_ssdm_op_PartSelect.i8.i24.i32.i32(i24 %r_V_4_8, i32 14, i32 21)" [lstm_hls_opt/src/rnn.cpp:78]   --->   Operation 437 'partselect' 'tmp_284' <Predicate = true> <Delay = 0.00>
ST_11 : Operation 438 [1/1] (1.30ns)   --->   "%tmp_285 = add i8 1, %tmp_284" [lstm_hls_opt/src/rnn.cpp:78]   --->   Operation 438 'add' 'tmp_285' <Predicate = true> <Delay = 1.30> <Core = "AddSub">   --->   Core 14 'AddSub' <Latency = 0> <II = 1> <Delay = 1.30> <FuncUnit> <Opcode : 'add' 'sub'> <InPorts = 2> <OutPorts = 1>
ST_11 : Operation 439 [1/1] (0.00ns) (grouped into LUT with out node tmp_287)   --->   "%tmp_286 = select i1 %tmp_12_8, i8 %tmp_284, i8 %tmp_285" [lstm_hls_opt/src/rnn.cpp:78]   --->   Operation 439 'select' 'tmp_286' <Predicate = true> <Delay = 0.00> <Core = "Sel">   --->   Core 26 'Sel' <Latency = 0> <II = 1> <Delay = 0.59> <FuncUnit> <Opcode : 'select'> <InPorts = 3> <OutPorts = 1>
ST_11 : Operation 440 [1/1] (0.44ns) (out node of the LUT)   --->   "%tmp_287 = select i1 %tmp_420, i8 %tmp_286, i8 %tmp_284" [lstm_hls_opt/src/rnn.cpp:78]   --->   Operation 440 'select' 'tmp_287' <Predicate = true> <Delay = 0.44> <Core = "Sel">   --->   Core 26 'Sel' <Latency = 0> <II = 1> <Delay = 0.59> <FuncUnit> <Opcode : 'select'> <InPorts = 3> <OutPorts = 1>
ST_11 : Operation 441 [2/2] (1.75ns)   --->   "%x_1_V_load_4 = load i16* %x_1_V_addr_4, align 2" [lstm_hls_opt/src/rnn.cpp:75]   --->   Operation 441 'load' 'x_1_V_load_4' <Predicate = true> <Delay = 1.75> <Core = "RAM">   --->   Core 37 'RAM' <Latency = 1> <II = 1> <Delay = 1.75> <Storage> <Opcode : 'load' 'store'> <Ports = 2> <Width = 16> <Depth = 16> <RAM>
ST_11 : Operation 442 [1/2] (1.75ns)   --->   "%x_6_V_load_5 = load i16* %x_6_V_addr_5, align 2" [lstm_hls_opt/src/rnn.cpp:75]   --->   Operation 442 'load' 'x_6_V_load_5' <Predicate = true> <Delay = 1.75> <Core = "RAM">   --->   Core 37 'RAM' <Latency = 1> <II = 1> <Delay = 1.75> <Storage> <Opcode : 'load' 'store'> <Ports = 2> <Width = 16> <Depth = 16> <RAM>
ST_11 : Operation 443 [1/1] (2.13ns)   --->   "%tmp_22_88 = icmp sgt i16 %x_6_V_load_5, 16384" [lstm_hls_opt/src/rnn.cpp:75]   --->   Operation 443 'icmp' 'tmp_22_88' <Predicate = true> <Delay = 2.13> <Core = "Cmp">   --->   Core 25 'Cmp' <Latency = 0> <II = 1> <Delay = 1.98> <FuncUnit> <Opcode : 'icmp'> <InPorts = 2> <OutPorts = 1>
ST_11 : Operation 444 [1/1] (2.13ns)   --->   "%tmp_9_21 = icmp slt i16 %x_6_V_load_5, -16384" [lstm_hls_opt/src/rnn.cpp:76]   --->   Operation 444 'icmp' 'tmp_9_21' <Predicate = true> <Delay = 2.13> <Core = "Cmp">   --->   Core 25 'Cmp' <Latency = 0> <II = 1> <Delay = 1.98> <FuncUnit> <Opcode : 'icmp'> <InPorts = 2> <OutPorts = 1>
ST_11 : Operation 445 [1/1] (0.00ns)   --->   "%tmp_220 = call i12 @_ssdm_op_PartSelect.i12.i16.i32.i32(i16 %x_6_V_load_5, i32 4, i32 15)" [lstm_hls_opt/src/rnn.cpp:78]   --->   Operation 445 'partselect' 'tmp_220' <Predicate = true> <Delay = 0.00>
ST_11 : Operation 446 [1/1] (0.00ns)   --->   "%lhs_V_22_cast = sext i12 %tmp_220 to i13" [lstm_hls_opt/src/rnn.cpp:78]   --->   Operation 446 'sext' 'lhs_V_22_cast' <Predicate = true> <Delay = 0.00>
ST_11 : Operation 447 [1/1] (1.54ns)   --->   "%ret_V_22 = add i13 1024, %lhs_V_22_cast" [lstm_hls_opt/src/rnn.cpp:78]   --->   Operation 447 'add' 'ret_V_22' <Predicate = true> <Delay = 1.54> <Core = "AddSub">   --->   Core 14 'AddSub' <Latency = 0> <II = 1> <Delay = 1.30> <FuncUnit> <Opcode : 'add' 'sub'> <InPorts = 2> <OutPorts = 1>
ST_11 : Operation 448 [1/1] (0.00ns)   --->   "%p_shl_22 = call i24 @_ssdm_op_BitConcatenate.i24.i13.i11(i13 %ret_V_22, i11 0)" [lstm_hls_opt/src/rnn.cpp:78]   --->   Operation 448 'bitconcatenate' 'p_shl_22' <Predicate = true> <Delay = 0.00>
ST_11 : Operation 449 [1/1] (0.00ns)   --->   "%p_shl2_22 = call i16 @_ssdm_op_BitConcatenate.i16.i13.i3(i13 %ret_V_22, i3 0)" [lstm_hls_opt/src/rnn.cpp:78]   --->   Operation 449 'bitconcatenate' 'p_shl2_22' <Predicate = true> <Delay = 0.00>
ST_11 : Operation 450 [1/1] (0.00ns)   --->   "%p_shl2_22_cast = sext i16 %p_shl2_22 to i24" [lstm_hls_opt/src/rnn.cpp:78]   --->   Operation 450 'sext' 'p_shl2_22_cast' <Predicate = true> <Delay = 0.00>
ST_11 : Operation 451 [1/1] (1.68ns)   --->   "%r_V_4_21 = sub i24 %p_shl_22, %p_shl2_22_cast" [lstm_hls_opt/src/rnn.cpp:78]   --->   Operation 451 'sub' 'r_V_4_21' <Predicate = true> <Delay = 1.68> <Core = "AddSub">   --->   Core 14 'AddSub' <Latency = 0> <II = 1> <Delay = 1.30> <FuncUnit> <Opcode : 'add' 'sub'> <InPorts = 2> <OutPorts = 1>
ST_11 : Operation 452 [1/1] (0.00ns) (grouped into LUT with out node tmp_357)   --->   "%tmp_448 = call i1 @_ssdm_op_BitSelect.i1.i24.i32(i24 %r_V_4_21, i32 23)" [lstm_hls_opt/src/rnn.cpp:78]   --->   Operation 452 'bitselect' 'tmp_448' <Predicate = true> <Delay = 0.00>
ST_11 : Operation 453 [1/1] (0.00ns)   --->   "%tmp_449 = trunc i24 %r_V_4_21 to i14" [lstm_hls_opt/src/rnn.cpp:78]   --->   Operation 453 'trunc' 'tmp_449' <Predicate = true> <Delay = 0.00>
ST_11 : Operation 454 [1/1] (1.98ns)   --->   "%tmp_12_21 = icmp eq i14 %tmp_449, 0" [lstm_hls_opt/src/rnn.cpp:78]   --->   Operation 454 'icmp' 'tmp_12_21' <Predicate = true> <Delay = 1.98> <Core = "Cmp">   --->   Core 25 'Cmp' <Latency = 0> <II = 1> <Delay = 1.98> <FuncUnit> <Opcode : 'icmp'> <InPorts = 2> <OutPorts = 1>
ST_11 : Operation 455 [1/1] (0.00ns)   --->   "%tmp_354 = call i8 @_ssdm_op_PartSelect.i8.i24.i32.i32(i24 %r_V_4_21, i32 14, i32 21)" [lstm_hls_opt/src/rnn.cpp:78]   --->   Operation 455 'partselect' 'tmp_354' <Predicate = true> <Delay = 0.00>
ST_11 : Operation 456 [1/1] (1.30ns)   --->   "%tmp_355 = add i8 1, %tmp_354" [lstm_hls_opt/src/rnn.cpp:78]   --->   Operation 456 'add' 'tmp_355' <Predicate = true> <Delay = 1.30> <Core = "AddSub">   --->   Core 14 'AddSub' <Latency = 0> <II = 1> <Delay = 1.30> <FuncUnit> <Opcode : 'add' 'sub'> <InPorts = 2> <OutPorts = 1>
ST_11 : Operation 457 [1/1] (0.00ns) (grouped into LUT with out node tmp_357)   --->   "%tmp_356 = select i1 %tmp_12_21, i8 %tmp_354, i8 %tmp_355" [lstm_hls_opt/src/rnn.cpp:78]   --->   Operation 457 'select' 'tmp_356' <Predicate = true> <Delay = 0.00> <Core = "Sel">   --->   Core 26 'Sel' <Latency = 0> <II = 1> <Delay = 0.59> <FuncUnit> <Opcode : 'select'> <InPorts = 3> <OutPorts = 1>
ST_11 : Operation 458 [1/1] (0.44ns) (out node of the LUT)   --->   "%tmp_357 = select i1 %tmp_448, i8 %tmp_356, i8 %tmp_354" [lstm_hls_opt/src/rnn.cpp:78]   --->   Operation 458 'select' 'tmp_357' <Predicate = true> <Delay = 0.44> <Core = "Sel">   --->   Core 26 'Sel' <Latency = 0> <II = 1> <Delay = 0.59> <FuncUnit> <Opcode : 'select'> <InPorts = 3> <OutPorts = 1>
ST_11 : Operation 459 [2/2] (1.75ns)   --->   "%x_7_V_load_5 = load i16* %x_7_V_addr_5, align 2" [lstm_hls_opt/src/rnn.cpp:75]   --->   Operation 459 'load' 'x_7_V_load_5' <Predicate = true> <Delay = 1.75> <Core = "RAM">   --->   Core 37 'RAM' <Latency = 1> <II = 1> <Delay = 1.75> <Storage> <Opcode : 'load' 'store'> <Ports = 2> <Width = 16> <Depth = 16> <RAM>

State 12 <SV = 11> <Delay = 7.42>
ST_12 : Operation 460 [1/2] (2.77ns)   --->   "%Sigmoid_lut_V_load_7 = load i15* %Sigmoid_lut_V_addr_7, align 2" [lstm_hls_opt/src/rnn.cpp:79]   --->   Operation 460 'load' 'Sigmoid_lut_V_load_7' <Predicate = true> <Delay = 2.77> <Core = "ROM_1P_LUTRAM">   --->   Core 60 'ROM_1P_LUTRAM' <Latency = 1> <II = 1> <Delay = 2.77> <Storage> <Opcode : 'load'> <Ports = 1> <Width = 15> <Depth = 256> <ROM>
ST_12 : Operation 461 [1/1] (0.00ns) (grouped into LUT with out node storemerge1_7)   --->   "%tmp_7_73 = call i11 @_ssdm_op_PartSelect.i11.i15.i32.i32(i15 %Sigmoid_lut_V_load_7, i32 4, i32 14)" [lstm_hls_opt/src/rnn.cpp:79]   --->   Operation 461 'partselect' 'tmp_7_73' <Predicate = true> <Delay = 0.00>
ST_12 : Operation 462 [1/1] (0.00ns) (grouped into LUT with out node storemerge1_7)   --->   "%tmp_162 = zext i11 %tmp_7_73 to i12" [lstm_hls_opt/src/rnn.cpp:79]   --->   Operation 462 'zext' 'tmp_162' <Predicate = true> <Delay = 0.00>
ST_12 : Operation 463 [1/1] (0.00ns) (grouped into LUT with out node sel_tmp37)   --->   "%sel_tmp36 = xor i1 %tmp_7, true" [lstm_hls_opt/src/rnn.cpp:75]   --->   Operation 463 'xor' 'sel_tmp36' <Predicate = true> <Delay = 0.00> <Core = "LogicGate">   --->   Core 27 'LogicGate' <Latency = 0> <II = 1> <Delay = 0.80> <FuncUnit> <Opcode : 'and' 'or' 'xor'> <InPorts = 2> <OutPorts = 1>
ST_12 : Operation 464 [1/1] (0.80ns) (out node of the LUT)   --->   "%sel_tmp37 = and i1 %tmp_9_7, %sel_tmp36" [lstm_hls_opt/src/rnn.cpp:76]   --->   Operation 464 'and' 'sel_tmp37' <Predicate = true> <Delay = 0.80> <Core = "LogicGate">   --->   Core 27 'LogicGate' <Latency = 0> <II = 1> <Delay = 0.80> <FuncUnit> <Opcode : 'and' 'or' 'xor'> <InPorts = 2> <OutPorts = 1>
ST_12 : Operation 465 [1/1] (0.00ns) (grouped into LUT with out node storemerge1_7)   --->   "%sel_tmp35 = select i1 %sel_tmp37, i12 0, i12 -2048" [lstm_hls_opt/src/rnn.cpp:79]   --->   Operation 465 'select' 'sel_tmp35' <Predicate = true> <Delay = 0.00> <Core = "Sel">   --->   Core 26 'Sel' <Latency = 0> <II = 1> <Delay = 0.59> <FuncUnit> <Opcode : 'select'> <InPorts = 3> <OutPorts = 1>
ST_12 : Operation 466 [1/1] (0.00ns) (grouped into LUT with out node storemerge1_7)   --->   "%tmp_283 = or i1 %sel_tmp37, %tmp_7" [lstm_hls_opt/src/rnn.cpp:79]   --->   Operation 466 'or' 'tmp_283' <Predicate = true> <Delay = 0.00> <Core = "LogicGate">   --->   Core 27 'LogicGate' <Latency = 0> <II = 1> <Delay = 0.80> <FuncUnit> <Opcode : 'and' 'or' 'xor'> <InPorts = 2> <OutPorts = 1>
ST_12 : Operation 467 [1/1] (0.80ns) (out node of the LUT)   --->   "%storemerge1_7 = select i1 %tmp_283, i12 %sel_tmp35, i12 %tmp_162" [lstm_hls_opt/src/rnn.cpp:79]   --->   Operation 467 'select' 'storemerge1_7' <Predicate = true> <Delay = 0.80> <Core = "Sel">   --->   Core 26 'Sel' <Latency = 0> <II = 1> <Delay = 0.59> <FuncUnit> <Opcode : 'select'> <InPorts = 3> <OutPorts = 1>
ST_12 : Operation 468 [1/1] (0.00ns)   --->   "%storemerge1_7_cast = zext i12 %storemerge1_7 to i16" [lstm_hls_opt/src/rnn.cpp:79]   --->   Operation 468 'zext' 'storemerge1_7_cast' <Predicate = true> <Delay = 0.00>
ST_12 : Operation 469 [1/1] (1.75ns)   --->   "store i16 %storemerge1_7_cast, i16* %x_7_V_addr, align 2" [lstm_hls_opt/src/rnn.cpp:75]   --->   Operation 469 'store' <Predicate = true> <Delay = 1.75> <Core = "RAM">   --->   Core 37 'RAM' <Latency = 1> <II = 1> <Delay = 1.75> <Storage> <Opcode : 'load' 'store'> <Ports = 2> <Width = 16> <Depth = 16> <RAM>
ST_12 : Operation 470 [1/1] (0.00ns)   --->   "%tmp_13_8 = zext i8 %tmp_287 to i64" [lstm_hls_opt/src/rnn.cpp:79]   --->   Operation 470 'zext' 'tmp_13_8' <Predicate = true> <Delay = 0.00>
ST_12 : Operation 471 [1/1] (0.00ns)   --->   "%Sigmoid_lut_V_addr_8 = getelementptr [256 x i15]* @Sigmoid_lut_V, i64 0, i64 %tmp_13_8" [lstm_hls_opt/src/rnn.cpp:79]   --->   Operation 471 'getelementptr' 'Sigmoid_lut_V_addr_8' <Predicate = true> <Delay = 0.00>
ST_12 : Operation 472 [2/2] (2.77ns)   --->   "%Sigmoid_lut_V_load_8 = load i15* %Sigmoid_lut_V_addr_8, align 2" [lstm_hls_opt/src/rnn.cpp:79]   --->   Operation 472 'load' 'Sigmoid_lut_V_load_8' <Predicate = true> <Delay = 2.77> <Core = "ROM_1P_LUTRAM">   --->   Core 60 'ROM_1P_LUTRAM' <Latency = 1> <II = 1> <Delay = 2.77> <Storage> <Opcode : 'load'> <Ports = 1> <Width = 15> <Depth = 256> <ROM>
ST_12 : Operation 473 [1/2] (1.75ns)   --->   "%x_1_V_load_4 = load i16* %x_1_V_addr_4, align 2" [lstm_hls_opt/src/rnn.cpp:75]   --->   Operation 473 'load' 'x_1_V_load_4' <Predicate = true> <Delay = 1.75> <Core = "RAM">   --->   Core 37 'RAM' <Latency = 1> <II = 1> <Delay = 1.75> <Storage> <Opcode : 'load' 'store'> <Ports = 2> <Width = 16> <Depth = 16> <RAM>
ST_12 : Operation 474 [1/1] (2.13ns)   --->   "%tmp_9_75 = icmp sgt i16 %x_1_V_load_4, 16384" [lstm_hls_opt/src/rnn.cpp:75]   --->   Operation 474 'icmp' 'tmp_9_75' <Predicate = true> <Delay = 2.13> <Core = "Cmp">   --->   Core 25 'Cmp' <Latency = 0> <II = 1> <Delay = 1.98> <FuncUnit> <Opcode : 'icmp'> <InPorts = 2> <OutPorts = 1>
ST_12 : Operation 475 [1/1] (2.13ns)   --->   "%tmp_9_9 = icmp slt i16 %x_1_V_load_4, -16384" [lstm_hls_opt/src/rnn.cpp:76]   --->   Operation 475 'icmp' 'tmp_9_9' <Predicate = true> <Delay = 2.13> <Core = "Cmp">   --->   Core 25 'Cmp' <Latency = 0> <II = 1> <Delay = 1.98> <FuncUnit> <Opcode : 'icmp'> <InPorts = 2> <OutPorts = 1>
ST_12 : Operation 476 [1/1] (0.00ns)   --->   "%tmp_168 = call i12 @_ssdm_op_PartSelect.i12.i16.i32.i32(i16 %x_1_V_load_4, i32 4, i32 15)" [lstm_hls_opt/src/rnn.cpp:78]   --->   Operation 476 'partselect' 'tmp_168' <Predicate = true> <Delay = 0.00>
ST_12 : Operation 477 [1/1] (0.00ns)   --->   "%lhs_V_9_cast = sext i12 %tmp_168 to i13" [lstm_hls_opt/src/rnn.cpp:78]   --->   Operation 477 'sext' 'lhs_V_9_cast' <Predicate = true> <Delay = 0.00>
ST_12 : Operation 478 [1/1] (1.54ns)   --->   "%ret_V_9 = add i13 1024, %lhs_V_9_cast" [lstm_hls_opt/src/rnn.cpp:78]   --->   Operation 478 'add' 'ret_V_9' <Predicate = true> <Delay = 1.54> <Core = "AddSub">   --->   Core 14 'AddSub' <Latency = 0> <II = 1> <Delay = 1.30> <FuncUnit> <Opcode : 'add' 'sub'> <InPorts = 2> <OutPorts = 1>
ST_12 : Operation 479 [1/1] (0.00ns)   --->   "%p_shl_9 = call i24 @_ssdm_op_BitConcatenate.i24.i13.i11(i13 %ret_V_9, i11 0)" [lstm_hls_opt/src/rnn.cpp:78]   --->   Operation 479 'bitconcatenate' 'p_shl_9' <Predicate = true> <Delay = 0.00>
ST_12 : Operation 480 [1/1] (0.00ns)   --->   "%p_shl2_9 = call i16 @_ssdm_op_BitConcatenate.i16.i13.i3(i13 %ret_V_9, i3 0)" [lstm_hls_opt/src/rnn.cpp:78]   --->   Operation 480 'bitconcatenate' 'p_shl2_9' <Predicate = true> <Delay = 0.00>
ST_12 : Operation 481 [1/1] (0.00ns)   --->   "%p_shl2_9_cast = sext i16 %p_shl2_9 to i24" [lstm_hls_opt/src/rnn.cpp:78]   --->   Operation 481 'sext' 'p_shl2_9_cast' <Predicate = true> <Delay = 0.00>
ST_12 : Operation 482 [1/1] (1.68ns)   --->   "%r_V_4_9 = sub i24 %p_shl_9, %p_shl2_9_cast" [lstm_hls_opt/src/rnn.cpp:78]   --->   Operation 482 'sub' 'r_V_4_9' <Predicate = true> <Delay = 1.68> <Core = "AddSub">   --->   Core 14 'AddSub' <Latency = 0> <II = 1> <Delay = 1.30> <FuncUnit> <Opcode : 'add' 'sub'> <InPorts = 2> <OutPorts = 1>
ST_12 : Operation 483 [1/1] (0.00ns) (grouped into LUT with out node tmp_292)   --->   "%tmp_422 = call i1 @_ssdm_op_BitSelect.i1.i24.i32(i24 %r_V_4_9, i32 23)" [lstm_hls_opt/src/rnn.cpp:78]   --->   Operation 483 'bitselect' 'tmp_422' <Predicate = true> <Delay = 0.00>
ST_12 : Operation 484 [1/1] (0.00ns)   --->   "%tmp_423 = trunc i24 %r_V_4_9 to i14" [lstm_hls_opt/src/rnn.cpp:78]   --->   Operation 484 'trunc' 'tmp_423' <Predicate = true> <Delay = 0.00>
ST_12 : Operation 485 [1/1] (1.98ns)   --->   "%tmp_12_9 = icmp eq i14 %tmp_423, 0" [lstm_hls_opt/src/rnn.cpp:78]   --->   Operation 485 'icmp' 'tmp_12_9' <Predicate = true> <Delay = 1.98> <Core = "Cmp">   --->   Core 25 'Cmp' <Latency = 0> <II = 1> <Delay = 1.98> <FuncUnit> <Opcode : 'icmp'> <InPorts = 2> <OutPorts = 1>
ST_12 : Operation 486 [1/1] (0.00ns)   --->   "%tmp_289 = call i8 @_ssdm_op_PartSelect.i8.i24.i32.i32(i24 %r_V_4_9, i32 14, i32 21)" [lstm_hls_opt/src/rnn.cpp:78]   --->   Operation 486 'partselect' 'tmp_289' <Predicate = true> <Delay = 0.00>
ST_12 : Operation 487 [1/1] (1.30ns)   --->   "%tmp_290 = add i8 1, %tmp_289" [lstm_hls_opt/src/rnn.cpp:78]   --->   Operation 487 'add' 'tmp_290' <Predicate = true> <Delay = 1.30> <Core = "AddSub">   --->   Core 14 'AddSub' <Latency = 0> <II = 1> <Delay = 1.30> <FuncUnit> <Opcode : 'add' 'sub'> <InPorts = 2> <OutPorts = 1>
ST_12 : Operation 488 [1/1] (0.00ns) (grouped into LUT with out node tmp_292)   --->   "%tmp_291 = select i1 %tmp_12_9, i8 %tmp_289, i8 %tmp_290" [lstm_hls_opt/src/rnn.cpp:78]   --->   Operation 488 'select' 'tmp_291' <Predicate = true> <Delay = 0.00> <Core = "Sel">   --->   Core 26 'Sel' <Latency = 0> <II = 1> <Delay = 0.59> <FuncUnit> <Opcode : 'select'> <InPorts = 3> <OutPorts = 1>
ST_12 : Operation 489 [1/1] (0.44ns) (out node of the LUT)   --->   "%tmp_292 = select i1 %tmp_422, i8 %tmp_291, i8 %tmp_289" [lstm_hls_opt/src/rnn.cpp:78]   --->   Operation 489 'select' 'tmp_292' <Predicate = true> <Delay = 0.44> <Core = "Sel">   --->   Core 26 'Sel' <Latency = 0> <II = 1> <Delay = 0.59> <FuncUnit> <Opcode : 'select'> <InPorts = 3> <OutPorts = 1>
ST_12 : Operation 490 [2/2] (1.75ns)   --->   "%x_2_V_load_4 = load i16* %x_2_V_addr_4, align 2" [lstm_hls_opt/src/rnn.cpp:75]   --->   Operation 490 'load' 'x_2_V_load_4' <Predicate = true> <Delay = 1.75> <Core = "RAM">   --->   Core 37 'RAM' <Latency = 1> <II = 1> <Delay = 1.75> <Storage> <Opcode : 'load' 'store'> <Ports = 2> <Width = 16> <Depth = 16> <RAM>
ST_12 : Operation 491 [1/2] (1.75ns)   --->   "%x_7_V_load_5 = load i16* %x_7_V_addr_5, align 2" [lstm_hls_opt/src/rnn.cpp:75]   --->   Operation 491 'load' 'x_7_V_load_5' <Predicate = true> <Delay = 1.75> <Core = "RAM">   --->   Core 37 'RAM' <Latency = 1> <II = 1> <Delay = 1.75> <Storage> <Opcode : 'load' 'store'> <Ports = 2> <Width = 16> <Depth = 16> <RAM>
ST_12 : Operation 492 [1/1] (2.13ns)   --->   "%tmp_23_89 = icmp sgt i16 %x_7_V_load_5, 16384" [lstm_hls_opt/src/rnn.cpp:75]   --->   Operation 492 'icmp' 'tmp_23_89' <Predicate = true> <Delay = 2.13> <Core = "Cmp">   --->   Core 25 'Cmp' <Latency = 0> <II = 1> <Delay = 1.98> <FuncUnit> <Opcode : 'icmp'> <InPorts = 2> <OutPorts = 1>
ST_12 : Operation 493 [1/1] (2.13ns)   --->   "%tmp_9_22 = icmp slt i16 %x_7_V_load_5, -16384" [lstm_hls_opt/src/rnn.cpp:76]   --->   Operation 493 'icmp' 'tmp_9_22' <Predicate = true> <Delay = 2.13> <Core = "Cmp">   --->   Core 25 'Cmp' <Latency = 0> <II = 1> <Delay = 1.98> <FuncUnit> <Opcode : 'icmp'> <InPorts = 2> <OutPorts = 1>
ST_12 : Operation 494 [1/1] (0.00ns)   --->   "%tmp_224 = call i12 @_ssdm_op_PartSelect.i12.i16.i32.i32(i16 %x_7_V_load_5, i32 4, i32 15)" [lstm_hls_opt/src/rnn.cpp:78]   --->   Operation 494 'partselect' 'tmp_224' <Predicate = true> <Delay = 0.00>
ST_12 : Operation 495 [1/1] (0.00ns)   --->   "%lhs_V_23_cast = sext i12 %tmp_224 to i13" [lstm_hls_opt/src/rnn.cpp:78]   --->   Operation 495 'sext' 'lhs_V_23_cast' <Predicate = true> <Delay = 0.00>
ST_12 : Operation 496 [1/1] (1.54ns)   --->   "%ret_V_23 = add i13 1024, %lhs_V_23_cast" [lstm_hls_opt/src/rnn.cpp:78]   --->   Operation 496 'add' 'ret_V_23' <Predicate = true> <Delay = 1.54> <Core = "AddSub">   --->   Core 14 'AddSub' <Latency = 0> <II = 1> <Delay = 1.30> <FuncUnit> <Opcode : 'add' 'sub'> <InPorts = 2> <OutPorts = 1>
ST_12 : Operation 497 [1/1] (0.00ns)   --->   "%p_shl_23 = call i24 @_ssdm_op_BitConcatenate.i24.i13.i11(i13 %ret_V_23, i11 0)" [lstm_hls_opt/src/rnn.cpp:78]   --->   Operation 497 'bitconcatenate' 'p_shl_23' <Predicate = true> <Delay = 0.00>
ST_12 : Operation 498 [1/1] (0.00ns)   --->   "%p_shl2_23 = call i16 @_ssdm_op_BitConcatenate.i16.i13.i3(i13 %ret_V_23, i3 0)" [lstm_hls_opt/src/rnn.cpp:78]   --->   Operation 498 'bitconcatenate' 'p_shl2_23' <Predicate = true> <Delay = 0.00>
ST_12 : Operation 499 [1/1] (0.00ns)   --->   "%p_shl2_23_cast = sext i16 %p_shl2_23 to i24" [lstm_hls_opt/src/rnn.cpp:78]   --->   Operation 499 'sext' 'p_shl2_23_cast' <Predicate = true> <Delay = 0.00>
ST_12 : Operation 500 [1/1] (1.68ns)   --->   "%r_V_4_22 = sub i24 %p_shl_23, %p_shl2_23_cast" [lstm_hls_opt/src/rnn.cpp:78]   --->   Operation 500 'sub' 'r_V_4_22' <Predicate = true> <Delay = 1.68> <Core = "AddSub">   --->   Core 14 'AddSub' <Latency = 0> <II = 1> <Delay = 1.30> <FuncUnit> <Opcode : 'add' 'sub'> <InPorts = 2> <OutPorts = 1>
ST_12 : Operation 501 [1/1] (0.00ns) (grouped into LUT with out node tmp_362)   --->   "%tmp_450 = call i1 @_ssdm_op_BitSelect.i1.i24.i32(i24 %r_V_4_22, i32 23)" [lstm_hls_opt/src/rnn.cpp:78]   --->   Operation 501 'bitselect' 'tmp_450' <Predicate = true> <Delay = 0.00>
ST_12 : Operation 502 [1/1] (0.00ns)   --->   "%tmp_451 = trunc i24 %r_V_4_22 to i14" [lstm_hls_opt/src/rnn.cpp:78]   --->   Operation 502 'trunc' 'tmp_451' <Predicate = true> <Delay = 0.00>
ST_12 : Operation 503 [1/1] (1.98ns)   --->   "%tmp_12_22 = icmp eq i14 %tmp_451, 0" [lstm_hls_opt/src/rnn.cpp:78]   --->   Operation 503 'icmp' 'tmp_12_22' <Predicate = true> <Delay = 1.98> <Core = "Cmp">   --->   Core 25 'Cmp' <Latency = 0> <II = 1> <Delay = 1.98> <FuncUnit> <Opcode : 'icmp'> <InPorts = 2> <OutPorts = 1>
ST_12 : Operation 504 [1/1] (0.00ns)   --->   "%tmp_359 = call i8 @_ssdm_op_PartSelect.i8.i24.i32.i32(i24 %r_V_4_22, i32 14, i32 21)" [lstm_hls_opt/src/rnn.cpp:78]   --->   Operation 504 'partselect' 'tmp_359' <Predicate = true> <Delay = 0.00>
ST_12 : Operation 505 [1/1] (1.30ns)   --->   "%tmp_360 = add i8 1, %tmp_359" [lstm_hls_opt/src/rnn.cpp:78]   --->   Operation 505 'add' 'tmp_360' <Predicate = true> <Delay = 1.30> <Core = "AddSub">   --->   Core 14 'AddSub' <Latency = 0> <II = 1> <Delay = 1.30> <FuncUnit> <Opcode : 'add' 'sub'> <InPorts = 2> <OutPorts = 1>
ST_12 : Operation 506 [1/1] (0.00ns) (grouped into LUT with out node tmp_362)   --->   "%tmp_361 = select i1 %tmp_12_22, i8 %tmp_359, i8 %tmp_360" [lstm_hls_opt/src/rnn.cpp:78]   --->   Operation 506 'select' 'tmp_361' <Predicate = true> <Delay = 0.00> <Core = "Sel">   --->   Core 26 'Sel' <Latency = 0> <II = 1> <Delay = 0.59> <FuncUnit> <Opcode : 'select'> <InPorts = 3> <OutPorts = 1>
ST_12 : Operation 507 [1/1] (0.44ns) (out node of the LUT)   --->   "%tmp_362 = select i1 %tmp_450, i8 %tmp_361, i8 %tmp_359" [lstm_hls_opt/src/rnn.cpp:78]   --->   Operation 507 'select' 'tmp_362' <Predicate = true> <Delay = 0.44> <Core = "Sel">   --->   Core 26 'Sel' <Latency = 0> <II = 1> <Delay = 0.59> <FuncUnit> <Opcode : 'select'> <InPorts = 3> <OutPorts = 1>

State 13 <SV = 12> <Delay = 7.42>
ST_13 : Operation 508 [1/2] (2.77ns)   --->   "%Sigmoid_lut_V_load_8 = load i15* %Sigmoid_lut_V_addr_8, align 2" [lstm_hls_opt/src/rnn.cpp:79]   --->   Operation 508 'load' 'Sigmoid_lut_V_load_8' <Predicate = true> <Delay = 2.77> <Core = "ROM_1P_LUTRAM">   --->   Core 60 'ROM_1P_LUTRAM' <Latency = 1> <II = 1> <Delay = 2.77> <Storage> <Opcode : 'load'> <Ports = 1> <Width = 15> <Depth = 256> <ROM>
ST_13 : Operation 509 [1/1] (0.00ns) (grouped into LUT with out node storemerge1_8)   --->   "%tmp_8_74 = call i11 @_ssdm_op_PartSelect.i11.i15.i32.i32(i15 %Sigmoid_lut_V_load_8, i32 4, i32 14)" [lstm_hls_opt/src/rnn.cpp:79]   --->   Operation 509 'partselect' 'tmp_8_74' <Predicate = true> <Delay = 0.00>
ST_13 : Operation 510 [1/1] (0.00ns) (grouped into LUT with out node storemerge1_8)   --->   "%tmp_166 = zext i11 %tmp_8_74 to i12" [lstm_hls_opt/src/rnn.cpp:79]   --->   Operation 510 'zext' 'tmp_166' <Predicate = true> <Delay = 0.00>
ST_13 : Operation 511 [1/1] (0.00ns) (grouped into LUT with out node sel_tmp42)   --->   "%sel_tmp41 = xor i1 %tmp_8, true" [lstm_hls_opt/src/rnn.cpp:75]   --->   Operation 511 'xor' 'sel_tmp41' <Predicate = true> <Delay = 0.00> <Core = "LogicGate">   --->   Core 27 'LogicGate' <Latency = 0> <II = 1> <Delay = 0.80> <FuncUnit> <Opcode : 'and' 'or' 'xor'> <InPorts = 2> <OutPorts = 1>
ST_13 : Operation 512 [1/1] (0.80ns) (out node of the LUT)   --->   "%sel_tmp42 = and i1 %tmp_9_8, %sel_tmp41" [lstm_hls_opt/src/rnn.cpp:76]   --->   Operation 512 'and' 'sel_tmp42' <Predicate = true> <Delay = 0.80> <Core = "LogicGate">   --->   Core 27 'LogicGate' <Latency = 0> <II = 1> <Delay = 0.80> <FuncUnit> <Opcode : 'and' 'or' 'xor'> <InPorts = 2> <OutPorts = 1>
ST_13 : Operation 513 [1/1] (0.00ns) (grouped into LUT with out node storemerge1_8)   --->   "%sel_tmp40 = select i1 %sel_tmp42, i12 0, i12 -2048" [lstm_hls_opt/src/rnn.cpp:79]   --->   Operation 513 'select' 'sel_tmp40' <Predicate = true> <Delay = 0.00> <Core = "Sel">   --->   Core 26 'Sel' <Latency = 0> <II = 1> <Delay = 0.59> <FuncUnit> <Opcode : 'select'> <InPorts = 3> <OutPorts = 1>
ST_13 : Operation 514 [1/1] (0.00ns) (grouped into LUT with out node storemerge1_8)   --->   "%tmp_288 = or i1 %sel_tmp42, %tmp_8" [lstm_hls_opt/src/rnn.cpp:79]   --->   Operation 514 'or' 'tmp_288' <Predicate = true> <Delay = 0.00> <Core = "LogicGate">   --->   Core 27 'LogicGate' <Latency = 0> <II = 1> <Delay = 0.80> <FuncUnit> <Opcode : 'and' 'or' 'xor'> <InPorts = 2> <OutPorts = 1>
ST_13 : Operation 515 [1/1] (0.80ns) (out node of the LUT)   --->   "%storemerge1_8 = select i1 %tmp_288, i12 %sel_tmp40, i12 %tmp_166" [lstm_hls_opt/src/rnn.cpp:79]   --->   Operation 515 'select' 'storemerge1_8' <Predicate = true> <Delay = 0.80> <Core = "Sel">   --->   Core 26 'Sel' <Latency = 0> <II = 1> <Delay = 0.59> <FuncUnit> <Opcode : 'select'> <InPorts = 3> <OutPorts = 1>
ST_13 : Operation 516 [1/1] (0.00ns)   --->   "%tmp_13_9 = zext i8 %tmp_292 to i64" [lstm_hls_opt/src/rnn.cpp:79]   --->   Operation 516 'zext' 'tmp_13_9' <Predicate = true> <Delay = 0.00>
ST_13 : Operation 517 [1/1] (0.00ns)   --->   "%Sigmoid_lut_V_addr_9 = getelementptr [256 x i15]* @Sigmoid_lut_V, i64 0, i64 %tmp_13_9" [lstm_hls_opt/src/rnn.cpp:79]   --->   Operation 517 'getelementptr' 'Sigmoid_lut_V_addr_9' <Predicate = true> <Delay = 0.00>
ST_13 : Operation 518 [2/2] (2.77ns)   --->   "%Sigmoid_lut_V_load_9 = load i15* %Sigmoid_lut_V_addr_9, align 2" [lstm_hls_opt/src/rnn.cpp:79]   --->   Operation 518 'load' 'Sigmoid_lut_V_load_9' <Predicate = true> <Delay = 2.77> <Core = "ROM_1P_LUTRAM">   --->   Core 60 'ROM_1P_LUTRAM' <Latency = 1> <II = 1> <Delay = 2.77> <Storage> <Opcode : 'load'> <Ports = 1> <Width = 15> <Depth = 256> <ROM>
ST_13 : Operation 519 [1/2] (1.75ns)   --->   "%x_2_V_load_4 = load i16* %x_2_V_addr_4, align 2" [lstm_hls_opt/src/rnn.cpp:75]   --->   Operation 519 'load' 'x_2_V_load_4' <Predicate = true> <Delay = 1.75> <Core = "RAM">   --->   Core 37 'RAM' <Latency = 1> <II = 1> <Delay = 1.75> <Storage> <Opcode : 'load' 'store'> <Ports = 2> <Width = 16> <Depth = 16> <RAM>
ST_13 : Operation 520 [1/1] (2.13ns)   --->   "%tmp_10_76 = icmp sgt i16 %x_2_V_load_4, 16384" [lstm_hls_opt/src/rnn.cpp:75]   --->   Operation 520 'icmp' 'tmp_10_76' <Predicate = true> <Delay = 2.13> <Core = "Cmp">   --->   Core 25 'Cmp' <Latency = 0> <II = 1> <Delay = 1.98> <FuncUnit> <Opcode : 'icmp'> <InPorts = 2> <OutPorts = 1>
ST_13 : Operation 521 [1/1] (2.13ns)   --->   "%tmp_9_s = icmp slt i16 %x_2_V_load_4, -16384" [lstm_hls_opt/src/rnn.cpp:76]   --->   Operation 521 'icmp' 'tmp_9_s' <Predicate = true> <Delay = 2.13> <Core = "Cmp">   --->   Core 25 'Cmp' <Latency = 0> <II = 1> <Delay = 1.98> <FuncUnit> <Opcode : 'icmp'> <InPorts = 2> <OutPorts = 1>
ST_13 : Operation 522 [1/1] (0.00ns)   --->   "%tmp_172 = call i12 @_ssdm_op_PartSelect.i12.i16.i32.i32(i16 %x_2_V_load_4, i32 4, i32 15)" [lstm_hls_opt/src/rnn.cpp:78]   --->   Operation 522 'partselect' 'tmp_172' <Predicate = true> <Delay = 0.00>
ST_13 : Operation 523 [1/1] (0.00ns)   --->   "%lhs_V_10_cast = sext i12 %tmp_172 to i13" [lstm_hls_opt/src/rnn.cpp:78]   --->   Operation 523 'sext' 'lhs_V_10_cast' <Predicate = true> <Delay = 0.00>
ST_13 : Operation 524 [1/1] (1.54ns)   --->   "%ret_V_10 = add i13 1024, %lhs_V_10_cast" [lstm_hls_opt/src/rnn.cpp:78]   --->   Operation 524 'add' 'ret_V_10' <Predicate = true> <Delay = 1.54> <Core = "AddSub">   --->   Core 14 'AddSub' <Latency = 0> <II = 1> <Delay = 1.30> <FuncUnit> <Opcode : 'add' 'sub'> <InPorts = 2> <OutPorts = 1>
ST_13 : Operation 525 [1/1] (0.00ns)   --->   "%p_shl_10 = call i24 @_ssdm_op_BitConcatenate.i24.i13.i11(i13 %ret_V_10, i11 0)" [lstm_hls_opt/src/rnn.cpp:78]   --->   Operation 525 'bitconcatenate' 'p_shl_10' <Predicate = true> <Delay = 0.00>
ST_13 : Operation 526 [1/1] (0.00ns)   --->   "%p_shl2_10 = call i16 @_ssdm_op_BitConcatenate.i16.i13.i3(i13 %ret_V_10, i3 0)" [lstm_hls_opt/src/rnn.cpp:78]   --->   Operation 526 'bitconcatenate' 'p_shl2_10' <Predicate = true> <Delay = 0.00>
ST_13 : Operation 527 [1/1] (0.00ns)   --->   "%p_shl2_10_cast = sext i16 %p_shl2_10 to i24" [lstm_hls_opt/src/rnn.cpp:78]   --->   Operation 527 'sext' 'p_shl2_10_cast' <Predicate = true> <Delay = 0.00>
ST_13 : Operation 528 [1/1] (1.68ns)   --->   "%r_V_4_s = sub i24 %p_shl_10, %p_shl2_10_cast" [lstm_hls_opt/src/rnn.cpp:78]   --->   Operation 528 'sub' 'r_V_4_s' <Predicate = true> <Delay = 1.68> <Core = "AddSub">   --->   Core 14 'AddSub' <Latency = 0> <II = 1> <Delay = 1.30> <FuncUnit> <Opcode : 'add' 'sub'> <InPorts = 2> <OutPorts = 1>
ST_13 : Operation 529 [1/1] (0.00ns) (grouped into LUT with out node tmp_297)   --->   "%tmp_424 = call i1 @_ssdm_op_BitSelect.i1.i24.i32(i24 %r_V_4_s, i32 23)" [lstm_hls_opt/src/rnn.cpp:78]   --->   Operation 529 'bitselect' 'tmp_424' <Predicate = true> <Delay = 0.00>
ST_13 : Operation 530 [1/1] (0.00ns)   --->   "%tmp_425 = trunc i24 %r_V_4_s to i14" [lstm_hls_opt/src/rnn.cpp:78]   --->   Operation 530 'trunc' 'tmp_425' <Predicate = true> <Delay = 0.00>
ST_13 : Operation 531 [1/1] (1.98ns)   --->   "%tmp_12_s = icmp eq i14 %tmp_425, 0" [lstm_hls_opt/src/rnn.cpp:78]   --->   Operation 531 'icmp' 'tmp_12_s' <Predicate = true> <Delay = 1.98> <Core = "Cmp">   --->   Core 25 'Cmp' <Latency = 0> <II = 1> <Delay = 1.98> <FuncUnit> <Opcode : 'icmp'> <InPorts = 2> <OutPorts = 1>
ST_13 : Operation 532 [1/1] (0.00ns)   --->   "%tmp_294 = call i8 @_ssdm_op_PartSelect.i8.i24.i32.i32(i24 %r_V_4_s, i32 14, i32 21)" [lstm_hls_opt/src/rnn.cpp:78]   --->   Operation 532 'partselect' 'tmp_294' <Predicate = true> <Delay = 0.00>
ST_13 : Operation 533 [1/1] (1.30ns)   --->   "%tmp_295 = add i8 1, %tmp_294" [lstm_hls_opt/src/rnn.cpp:78]   --->   Operation 533 'add' 'tmp_295' <Predicate = true> <Delay = 1.30> <Core = "AddSub">   --->   Core 14 'AddSub' <Latency = 0> <II = 1> <Delay = 1.30> <FuncUnit> <Opcode : 'add' 'sub'> <InPorts = 2> <OutPorts = 1>
ST_13 : Operation 534 [1/1] (0.00ns) (grouped into LUT with out node tmp_297)   --->   "%tmp_296 = select i1 %tmp_12_s, i8 %tmp_294, i8 %tmp_295" [lstm_hls_opt/src/rnn.cpp:78]   --->   Operation 534 'select' 'tmp_296' <Predicate = true> <Delay = 0.00> <Core = "Sel">   --->   Core 26 'Sel' <Latency = 0> <II = 1> <Delay = 0.59> <FuncUnit> <Opcode : 'select'> <InPorts = 3> <OutPorts = 1>
ST_13 : Operation 535 [1/1] (0.44ns) (out node of the LUT)   --->   "%tmp_297 = select i1 %tmp_424, i8 %tmp_296, i8 %tmp_294" [lstm_hls_opt/src/rnn.cpp:78]   --->   Operation 535 'select' 'tmp_297' <Predicate = true> <Delay = 0.44> <Core = "Sel">   --->   Core 26 'Sel' <Latency = 0> <II = 1> <Delay = 0.59> <FuncUnit> <Opcode : 'select'> <InPorts = 3> <OutPorts = 1>
ST_13 : Operation 536 [2/2] (1.75ns)   --->   "%x_3_V_load_4 = load i16* %x_3_V_addr_4, align 2" [lstm_hls_opt/src/rnn.cpp:75]   --->   Operation 536 'load' 'x_3_V_load_4' <Predicate = true> <Delay = 1.75> <Core = "RAM">   --->   Core 37 'RAM' <Latency = 1> <II = 1> <Delay = 1.75> <Storage> <Opcode : 'load' 'store'> <Ports = 2> <Width = 16> <Depth = 16> <RAM>

State 14 <SV = 13> <Delay = 7.42>
ST_14 : Operation 537 [1/2] (2.77ns)   --->   "%Sigmoid_lut_V_load_9 = load i15* %Sigmoid_lut_V_addr_9, align 2" [lstm_hls_opt/src/rnn.cpp:79]   --->   Operation 537 'load' 'Sigmoid_lut_V_load_9' <Predicate = true> <Delay = 2.77> <Core = "ROM_1P_LUTRAM">   --->   Core 60 'ROM_1P_LUTRAM' <Latency = 1> <II = 1> <Delay = 2.77> <Storage> <Opcode : 'load'> <Ports = 1> <Width = 15> <Depth = 256> <ROM>
ST_14 : Operation 538 [1/1] (0.00ns) (grouped into LUT with out node storemerge1_9)   --->   "%tmp_10 = call i11 @_ssdm_op_PartSelect.i11.i15.i32.i32(i15 %Sigmoid_lut_V_load_9, i32 4, i32 14)" [lstm_hls_opt/src/rnn.cpp:79]   --->   Operation 538 'partselect' 'tmp_10' <Predicate = true> <Delay = 0.00>
ST_14 : Operation 539 [1/1] (0.00ns) (grouped into LUT with out node storemerge1_9)   --->   "%tmp_170 = zext i11 %tmp_10 to i12" [lstm_hls_opt/src/rnn.cpp:79]   --->   Operation 539 'zext' 'tmp_170' <Predicate = true> <Delay = 0.00>
ST_14 : Operation 540 [1/1] (0.00ns) (grouped into LUT with out node sel_tmp47)   --->   "%sel_tmp46 = xor i1 %tmp_9_75, true" [lstm_hls_opt/src/rnn.cpp:75]   --->   Operation 540 'xor' 'sel_tmp46' <Predicate = true> <Delay = 0.00> <Core = "LogicGate">   --->   Core 27 'LogicGate' <Latency = 0> <II = 1> <Delay = 0.80> <FuncUnit> <Opcode : 'and' 'or' 'xor'> <InPorts = 2> <OutPorts = 1>
ST_14 : Operation 541 [1/1] (0.80ns) (out node of the LUT)   --->   "%sel_tmp47 = and i1 %tmp_9_9, %sel_tmp46" [lstm_hls_opt/src/rnn.cpp:76]   --->   Operation 541 'and' 'sel_tmp47' <Predicate = true> <Delay = 0.80> <Core = "LogicGate">   --->   Core 27 'LogicGate' <Latency = 0> <II = 1> <Delay = 0.80> <FuncUnit> <Opcode : 'and' 'or' 'xor'> <InPorts = 2> <OutPorts = 1>
ST_14 : Operation 542 [1/1] (0.00ns) (grouped into LUT with out node storemerge1_9)   --->   "%sel_tmp45 = select i1 %sel_tmp47, i12 0, i12 -2048" [lstm_hls_opt/src/rnn.cpp:79]   --->   Operation 542 'select' 'sel_tmp45' <Predicate = true> <Delay = 0.00> <Core = "Sel">   --->   Core 26 'Sel' <Latency = 0> <II = 1> <Delay = 0.59> <FuncUnit> <Opcode : 'select'> <InPorts = 3> <OutPorts = 1>
ST_14 : Operation 543 [1/1] (0.00ns) (grouped into LUT with out node storemerge1_9)   --->   "%tmp_293 = or i1 %sel_tmp47, %tmp_9_75" [lstm_hls_opt/src/rnn.cpp:79]   --->   Operation 543 'or' 'tmp_293' <Predicate = true> <Delay = 0.00> <Core = "LogicGate">   --->   Core 27 'LogicGate' <Latency = 0> <II = 1> <Delay = 0.80> <FuncUnit> <Opcode : 'and' 'or' 'xor'> <InPorts = 2> <OutPorts = 1>
ST_14 : Operation 544 [1/1] (0.80ns) (out node of the LUT)   --->   "%storemerge1_9 = select i1 %tmp_293, i12 %sel_tmp45, i12 %tmp_170" [lstm_hls_opt/src/rnn.cpp:79]   --->   Operation 544 'select' 'storemerge1_9' <Predicate = true> <Delay = 0.80> <Core = "Sel">   --->   Core 26 'Sel' <Latency = 0> <II = 1> <Delay = 0.59> <FuncUnit> <Opcode : 'select'> <InPorts = 3> <OutPorts = 1>
ST_14 : Operation 545 [1/1] (0.00ns)   --->   "%tmp_13_s = zext i8 %tmp_297 to i64" [lstm_hls_opt/src/rnn.cpp:79]   --->   Operation 545 'zext' 'tmp_13_s' <Predicate = true> <Delay = 0.00>
ST_14 : Operation 546 [1/1] (0.00ns)   --->   "%Sigmoid_lut_V_addr_10 = getelementptr [256 x i15]* @Sigmoid_lut_V, i64 0, i64 %tmp_13_s" [lstm_hls_opt/src/rnn.cpp:79]   --->   Operation 546 'getelementptr' 'Sigmoid_lut_V_addr_10' <Predicate = true> <Delay = 0.00>
ST_14 : Operation 547 [2/2] (2.77ns)   --->   "%Sigmoid_lut_V_load_10 = load i15* %Sigmoid_lut_V_addr_10, align 2" [lstm_hls_opt/src/rnn.cpp:79]   --->   Operation 547 'load' 'Sigmoid_lut_V_load_10' <Predicate = true> <Delay = 2.77> <Core = "ROM_1P_LUTRAM">   --->   Core 60 'ROM_1P_LUTRAM' <Latency = 1> <II = 1> <Delay = 2.77> <Storage> <Opcode : 'load'> <Ports = 1> <Width = 15> <Depth = 256> <ROM>
ST_14 : Operation 548 [1/2] (1.75ns)   --->   "%x_3_V_load_4 = load i16* %x_3_V_addr_4, align 2" [lstm_hls_opt/src/rnn.cpp:75]   --->   Operation 548 'load' 'x_3_V_load_4' <Predicate = true> <Delay = 1.75> <Core = "RAM">   --->   Core 37 'RAM' <Latency = 1> <II = 1> <Delay = 1.75> <Storage> <Opcode : 'load' 'store'> <Ports = 2> <Width = 16> <Depth = 16> <RAM>
ST_14 : Operation 549 [1/1] (2.13ns)   --->   "%tmp_11_77 = icmp sgt i16 %x_3_V_load_4, 16384" [lstm_hls_opt/src/rnn.cpp:75]   --->   Operation 549 'icmp' 'tmp_11_77' <Predicate = true> <Delay = 2.13> <Core = "Cmp">   --->   Core 25 'Cmp' <Latency = 0> <II = 1> <Delay = 1.98> <FuncUnit> <Opcode : 'icmp'> <InPorts = 2> <OutPorts = 1>
ST_14 : Operation 550 [1/1] (2.13ns)   --->   "%tmp_9_10 = icmp slt i16 %x_3_V_load_4, -16384" [lstm_hls_opt/src/rnn.cpp:76]   --->   Operation 550 'icmp' 'tmp_9_10' <Predicate = true> <Delay = 2.13> <Core = "Cmp">   --->   Core 25 'Cmp' <Latency = 0> <II = 1> <Delay = 1.98> <FuncUnit> <Opcode : 'icmp'> <InPorts = 2> <OutPorts = 1>
ST_14 : Operation 551 [1/1] (0.00ns)   --->   "%tmp_176 = call i12 @_ssdm_op_PartSelect.i12.i16.i32.i32(i16 %x_3_V_load_4, i32 4, i32 15)" [lstm_hls_opt/src/rnn.cpp:78]   --->   Operation 551 'partselect' 'tmp_176' <Predicate = true> <Delay = 0.00>
ST_14 : Operation 552 [1/1] (0.00ns)   --->   "%lhs_V_11_cast = sext i12 %tmp_176 to i13" [lstm_hls_opt/src/rnn.cpp:78]   --->   Operation 552 'sext' 'lhs_V_11_cast' <Predicate = true> <Delay = 0.00>
ST_14 : Operation 553 [1/1] (1.54ns)   --->   "%ret_V_11 = add i13 1024, %lhs_V_11_cast" [lstm_hls_opt/src/rnn.cpp:78]   --->   Operation 553 'add' 'ret_V_11' <Predicate = true> <Delay = 1.54> <Core = "AddSub">   --->   Core 14 'AddSub' <Latency = 0> <II = 1> <Delay = 1.30> <FuncUnit> <Opcode : 'add' 'sub'> <InPorts = 2> <OutPorts = 1>
ST_14 : Operation 554 [1/1] (0.00ns)   --->   "%p_shl_11 = call i24 @_ssdm_op_BitConcatenate.i24.i13.i11(i13 %ret_V_11, i11 0)" [lstm_hls_opt/src/rnn.cpp:78]   --->   Operation 554 'bitconcatenate' 'p_shl_11' <Predicate = true> <Delay = 0.00>
ST_14 : Operation 555 [1/1] (0.00ns)   --->   "%p_shl2_11 = call i16 @_ssdm_op_BitConcatenate.i16.i13.i3(i13 %ret_V_11, i3 0)" [lstm_hls_opt/src/rnn.cpp:78]   --->   Operation 555 'bitconcatenate' 'p_shl2_11' <Predicate = true> <Delay = 0.00>
ST_14 : Operation 556 [1/1] (0.00ns)   --->   "%p_shl2_11_cast = sext i16 %p_shl2_11 to i24" [lstm_hls_opt/src/rnn.cpp:78]   --->   Operation 556 'sext' 'p_shl2_11_cast' <Predicate = true> <Delay = 0.00>
ST_14 : Operation 557 [1/1] (1.68ns)   --->   "%r_V_4_10 = sub i24 %p_shl_11, %p_shl2_11_cast" [lstm_hls_opt/src/rnn.cpp:78]   --->   Operation 557 'sub' 'r_V_4_10' <Predicate = true> <Delay = 1.68> <Core = "AddSub">   --->   Core 14 'AddSub' <Latency = 0> <II = 1> <Delay = 1.30> <FuncUnit> <Opcode : 'add' 'sub'> <InPorts = 2> <OutPorts = 1>
ST_14 : Operation 558 [1/1] (0.00ns) (grouped into LUT with out node tmp_302)   --->   "%tmp_426 = call i1 @_ssdm_op_BitSelect.i1.i24.i32(i24 %r_V_4_10, i32 23)" [lstm_hls_opt/src/rnn.cpp:78]   --->   Operation 558 'bitselect' 'tmp_426' <Predicate = true> <Delay = 0.00>
ST_14 : Operation 559 [1/1] (0.00ns)   --->   "%tmp_427 = trunc i24 %r_V_4_10 to i14" [lstm_hls_opt/src/rnn.cpp:78]   --->   Operation 559 'trunc' 'tmp_427' <Predicate = true> <Delay = 0.00>
ST_14 : Operation 560 [1/1] (1.98ns)   --->   "%tmp_12_10 = icmp eq i14 %tmp_427, 0" [lstm_hls_opt/src/rnn.cpp:78]   --->   Operation 560 'icmp' 'tmp_12_10' <Predicate = true> <Delay = 1.98> <Core = "Cmp">   --->   Core 25 'Cmp' <Latency = 0> <II = 1> <Delay = 1.98> <FuncUnit> <Opcode : 'icmp'> <InPorts = 2> <OutPorts = 1>
ST_14 : Operation 561 [1/1] (0.00ns)   --->   "%tmp_299 = call i8 @_ssdm_op_PartSelect.i8.i24.i32.i32(i24 %r_V_4_10, i32 14, i32 21)" [lstm_hls_opt/src/rnn.cpp:78]   --->   Operation 561 'partselect' 'tmp_299' <Predicate = true> <Delay = 0.00>
ST_14 : Operation 562 [1/1] (1.30ns)   --->   "%tmp_300 = add i8 1, %tmp_299" [lstm_hls_opt/src/rnn.cpp:78]   --->   Operation 562 'add' 'tmp_300' <Predicate = true> <Delay = 1.30> <Core = "AddSub">   --->   Core 14 'AddSub' <Latency = 0> <II = 1> <Delay = 1.30> <FuncUnit> <Opcode : 'add' 'sub'> <InPorts = 2> <OutPorts = 1>
ST_14 : Operation 563 [1/1] (0.00ns) (grouped into LUT with out node tmp_302)   --->   "%tmp_301 = select i1 %tmp_12_10, i8 %tmp_299, i8 %tmp_300" [lstm_hls_opt/src/rnn.cpp:78]   --->   Operation 563 'select' 'tmp_301' <Predicate = true> <Delay = 0.00> <Core = "Sel">   --->   Core 26 'Sel' <Latency = 0> <II = 1> <Delay = 0.59> <FuncUnit> <Opcode : 'select'> <InPorts = 3> <OutPorts = 1>
ST_14 : Operation 564 [1/1] (0.44ns) (out node of the LUT)   --->   "%tmp_302 = select i1 %tmp_426, i8 %tmp_301, i8 %tmp_299" [lstm_hls_opt/src/rnn.cpp:78]   --->   Operation 564 'select' 'tmp_302' <Predicate = true> <Delay = 0.44> <Core = "Sel">   --->   Core 26 'Sel' <Latency = 0> <II = 1> <Delay = 0.59> <FuncUnit> <Opcode : 'select'> <InPorts = 3> <OutPorts = 1>
ST_14 : Operation 565 [2/2] (1.75ns)   --->   "%x_4_V_load_4 = load i16* %x_4_V_addr_4, align 2" [lstm_hls_opt/src/rnn.cpp:75]   --->   Operation 565 'load' 'x_4_V_load_4' <Predicate = true> <Delay = 1.75> <Core = "RAM">   --->   Core 37 'RAM' <Latency = 1> <II = 1> <Delay = 1.75> <Storage> <Opcode : 'load' 'store'> <Ports = 2> <Width = 16> <Depth = 16> <RAM>

State 15 <SV = 14> <Delay = 7.42>
ST_15 : Operation 566 [1/2] (2.77ns)   --->   "%Sigmoid_lut_V_load_10 = load i15* %Sigmoid_lut_V_addr_10, align 2" [lstm_hls_opt/src/rnn.cpp:79]   --->   Operation 566 'load' 'Sigmoid_lut_V_load_10' <Predicate = true> <Delay = 2.77> <Core = "ROM_1P_LUTRAM">   --->   Core 60 'ROM_1P_LUTRAM' <Latency = 1> <II = 1> <Delay = 2.77> <Storage> <Opcode : 'load'> <Ports = 1> <Width = 15> <Depth = 256> <ROM>
ST_15 : Operation 567 [1/1] (0.00ns) (grouped into LUT with out node storemerge1_10)   --->   "%tmp_11 = call i11 @_ssdm_op_PartSelect.i11.i15.i32.i32(i15 %Sigmoid_lut_V_load_10, i32 4, i32 14)" [lstm_hls_opt/src/rnn.cpp:79]   --->   Operation 567 'partselect' 'tmp_11' <Predicate = true> <Delay = 0.00>
ST_15 : Operation 568 [1/1] (0.00ns) (grouped into LUT with out node storemerge1_10)   --->   "%tmp_174 = zext i11 %tmp_11 to i12" [lstm_hls_opt/src/rnn.cpp:79]   --->   Operation 568 'zext' 'tmp_174' <Predicate = true> <Delay = 0.00>
ST_15 : Operation 569 [1/1] (0.00ns) (grouped into LUT with out node sel_tmp52)   --->   "%sel_tmp51 = xor i1 %tmp_10_76, true" [lstm_hls_opt/src/rnn.cpp:75]   --->   Operation 569 'xor' 'sel_tmp51' <Predicate = true> <Delay = 0.00> <Core = "LogicGate">   --->   Core 27 'LogicGate' <Latency = 0> <II = 1> <Delay = 0.80> <FuncUnit> <Opcode : 'and' 'or' 'xor'> <InPorts = 2> <OutPorts = 1>
ST_15 : Operation 570 [1/1] (0.80ns) (out node of the LUT)   --->   "%sel_tmp52 = and i1 %tmp_9_s, %sel_tmp51" [lstm_hls_opt/src/rnn.cpp:76]   --->   Operation 570 'and' 'sel_tmp52' <Predicate = true> <Delay = 0.80> <Core = "LogicGate">   --->   Core 27 'LogicGate' <Latency = 0> <II = 1> <Delay = 0.80> <FuncUnit> <Opcode : 'and' 'or' 'xor'> <InPorts = 2> <OutPorts = 1>
ST_15 : Operation 571 [1/1] (0.00ns) (grouped into LUT with out node storemerge1_10)   --->   "%sel_tmp50 = select i1 %sel_tmp52, i12 0, i12 -2048" [lstm_hls_opt/src/rnn.cpp:79]   --->   Operation 571 'select' 'sel_tmp50' <Predicate = true> <Delay = 0.00> <Core = "Sel">   --->   Core 26 'Sel' <Latency = 0> <II = 1> <Delay = 0.59> <FuncUnit> <Opcode : 'select'> <InPorts = 3> <OutPorts = 1>
ST_15 : Operation 572 [1/1] (0.00ns) (grouped into LUT with out node storemerge1_10)   --->   "%tmp_298 = or i1 %sel_tmp52, %tmp_10_76" [lstm_hls_opt/src/rnn.cpp:79]   --->   Operation 572 'or' 'tmp_298' <Predicate = true> <Delay = 0.00> <Core = "LogicGate">   --->   Core 27 'LogicGate' <Latency = 0> <II = 1> <Delay = 0.80> <FuncUnit> <Opcode : 'and' 'or' 'xor'> <InPorts = 2> <OutPorts = 1>
ST_15 : Operation 573 [1/1] (0.80ns) (out node of the LUT)   --->   "%storemerge1_10 = select i1 %tmp_298, i12 %sel_tmp50, i12 %tmp_174" [lstm_hls_opt/src/rnn.cpp:79]   --->   Operation 573 'select' 'storemerge1_10' <Predicate = true> <Delay = 0.80> <Core = "Sel">   --->   Core 26 'Sel' <Latency = 0> <II = 1> <Delay = 0.59> <FuncUnit> <Opcode : 'select'> <InPorts = 3> <OutPorts = 1>
ST_15 : Operation 574 [1/1] (0.00ns)   --->   "%tmp_13_10 = zext i8 %tmp_302 to i64" [lstm_hls_opt/src/rnn.cpp:79]   --->   Operation 574 'zext' 'tmp_13_10' <Predicate = true> <Delay = 0.00>
ST_15 : Operation 575 [1/1] (0.00ns)   --->   "%Sigmoid_lut_V_addr_11 = getelementptr [256 x i15]* @Sigmoid_lut_V, i64 0, i64 %tmp_13_10" [lstm_hls_opt/src/rnn.cpp:79]   --->   Operation 575 'getelementptr' 'Sigmoid_lut_V_addr_11' <Predicate = true> <Delay = 0.00>
ST_15 : Operation 576 [2/2] (2.77ns)   --->   "%Sigmoid_lut_V_load_11 = load i15* %Sigmoid_lut_V_addr_11, align 2" [lstm_hls_opt/src/rnn.cpp:79]   --->   Operation 576 'load' 'Sigmoid_lut_V_load_11' <Predicate = true> <Delay = 2.77> <Core = "ROM_1P_LUTRAM">   --->   Core 60 'ROM_1P_LUTRAM' <Latency = 1> <II = 1> <Delay = 2.77> <Storage> <Opcode : 'load'> <Ports = 1> <Width = 15> <Depth = 256> <ROM>
ST_15 : Operation 577 [1/2] (1.75ns)   --->   "%x_4_V_load_4 = load i16* %x_4_V_addr_4, align 2" [lstm_hls_opt/src/rnn.cpp:75]   --->   Operation 577 'load' 'x_4_V_load_4' <Predicate = true> <Delay = 1.75> <Core = "RAM">   --->   Core 37 'RAM' <Latency = 1> <II = 1> <Delay = 1.75> <Storage> <Opcode : 'load' 'store'> <Ports = 2> <Width = 16> <Depth = 16> <RAM>
ST_15 : Operation 578 [1/1] (2.13ns)   --->   "%tmp_12_78 = icmp sgt i16 %x_4_V_load_4, 16384" [lstm_hls_opt/src/rnn.cpp:75]   --->   Operation 578 'icmp' 'tmp_12_78' <Predicate = true> <Delay = 2.13> <Core = "Cmp">   --->   Core 25 'Cmp' <Latency = 0> <II = 1> <Delay = 1.98> <FuncUnit> <Opcode : 'icmp'> <InPorts = 2> <OutPorts = 1>
ST_15 : Operation 579 [1/1] (2.13ns)   --->   "%tmp_9_11 = icmp slt i16 %x_4_V_load_4, -16384" [lstm_hls_opt/src/rnn.cpp:76]   --->   Operation 579 'icmp' 'tmp_9_11' <Predicate = true> <Delay = 2.13> <Core = "Cmp">   --->   Core 25 'Cmp' <Latency = 0> <II = 1> <Delay = 1.98> <FuncUnit> <Opcode : 'icmp'> <InPorts = 2> <OutPorts = 1>
ST_15 : Operation 580 [1/1] (0.00ns)   --->   "%tmp_180 = call i12 @_ssdm_op_PartSelect.i12.i16.i32.i32(i16 %x_4_V_load_4, i32 4, i32 15)" [lstm_hls_opt/src/rnn.cpp:78]   --->   Operation 580 'partselect' 'tmp_180' <Predicate = true> <Delay = 0.00>
ST_15 : Operation 581 [1/1] (0.00ns)   --->   "%lhs_V_12_cast = sext i12 %tmp_180 to i13" [lstm_hls_opt/src/rnn.cpp:78]   --->   Operation 581 'sext' 'lhs_V_12_cast' <Predicate = true> <Delay = 0.00>
ST_15 : Operation 582 [1/1] (1.54ns)   --->   "%ret_V_12 = add i13 1024, %lhs_V_12_cast" [lstm_hls_opt/src/rnn.cpp:78]   --->   Operation 582 'add' 'ret_V_12' <Predicate = true> <Delay = 1.54> <Core = "AddSub">   --->   Core 14 'AddSub' <Latency = 0> <II = 1> <Delay = 1.30> <FuncUnit> <Opcode : 'add' 'sub'> <InPorts = 2> <OutPorts = 1>
ST_15 : Operation 583 [1/1] (0.00ns)   --->   "%p_shl_12 = call i24 @_ssdm_op_BitConcatenate.i24.i13.i11(i13 %ret_V_12, i11 0)" [lstm_hls_opt/src/rnn.cpp:78]   --->   Operation 583 'bitconcatenate' 'p_shl_12' <Predicate = true> <Delay = 0.00>
ST_15 : Operation 584 [1/1] (0.00ns)   --->   "%p_shl2_12 = call i16 @_ssdm_op_BitConcatenate.i16.i13.i3(i13 %ret_V_12, i3 0)" [lstm_hls_opt/src/rnn.cpp:78]   --->   Operation 584 'bitconcatenate' 'p_shl2_12' <Predicate = true> <Delay = 0.00>
ST_15 : Operation 585 [1/1] (0.00ns)   --->   "%p_shl2_12_cast = sext i16 %p_shl2_12 to i24" [lstm_hls_opt/src/rnn.cpp:78]   --->   Operation 585 'sext' 'p_shl2_12_cast' <Predicate = true> <Delay = 0.00>
ST_15 : Operation 586 [1/1] (1.68ns)   --->   "%r_V_4_11 = sub i24 %p_shl_12, %p_shl2_12_cast" [lstm_hls_opt/src/rnn.cpp:78]   --->   Operation 586 'sub' 'r_V_4_11' <Predicate = true> <Delay = 1.68> <Core = "AddSub">   --->   Core 14 'AddSub' <Latency = 0> <II = 1> <Delay = 1.30> <FuncUnit> <Opcode : 'add' 'sub'> <InPorts = 2> <OutPorts = 1>
ST_15 : Operation 587 [1/1] (0.00ns) (grouped into LUT with out node tmp_307)   --->   "%tmp_428 = call i1 @_ssdm_op_BitSelect.i1.i24.i32(i24 %r_V_4_11, i32 23)" [lstm_hls_opt/src/rnn.cpp:78]   --->   Operation 587 'bitselect' 'tmp_428' <Predicate = true> <Delay = 0.00>
ST_15 : Operation 588 [1/1] (0.00ns)   --->   "%tmp_429 = trunc i24 %r_V_4_11 to i14" [lstm_hls_opt/src/rnn.cpp:78]   --->   Operation 588 'trunc' 'tmp_429' <Predicate = true> <Delay = 0.00>
ST_15 : Operation 589 [1/1] (1.98ns)   --->   "%tmp_12_11 = icmp eq i14 %tmp_429, 0" [lstm_hls_opt/src/rnn.cpp:78]   --->   Operation 589 'icmp' 'tmp_12_11' <Predicate = true> <Delay = 1.98> <Core = "Cmp">   --->   Core 25 'Cmp' <Latency = 0> <II = 1> <Delay = 1.98> <FuncUnit> <Opcode : 'icmp'> <InPorts = 2> <OutPorts = 1>
ST_15 : Operation 590 [1/1] (0.00ns)   --->   "%tmp_304 = call i8 @_ssdm_op_PartSelect.i8.i24.i32.i32(i24 %r_V_4_11, i32 14, i32 21)" [lstm_hls_opt/src/rnn.cpp:78]   --->   Operation 590 'partselect' 'tmp_304' <Predicate = true> <Delay = 0.00>
ST_15 : Operation 591 [1/1] (1.30ns)   --->   "%tmp_305 = add i8 1, %tmp_304" [lstm_hls_opt/src/rnn.cpp:78]   --->   Operation 591 'add' 'tmp_305' <Predicate = true> <Delay = 1.30> <Core = "AddSub">   --->   Core 14 'AddSub' <Latency = 0> <II = 1> <Delay = 1.30> <FuncUnit> <Opcode : 'add' 'sub'> <InPorts = 2> <OutPorts = 1>
ST_15 : Operation 592 [1/1] (0.00ns) (grouped into LUT with out node tmp_307)   --->   "%tmp_306 = select i1 %tmp_12_11, i8 %tmp_304, i8 %tmp_305" [lstm_hls_opt/src/rnn.cpp:78]   --->   Operation 592 'select' 'tmp_306' <Predicate = true> <Delay = 0.00> <Core = "Sel">   --->   Core 26 'Sel' <Latency = 0> <II = 1> <Delay = 0.59> <FuncUnit> <Opcode : 'select'> <InPorts = 3> <OutPorts = 1>
ST_15 : Operation 593 [1/1] (0.44ns) (out node of the LUT)   --->   "%tmp_307 = select i1 %tmp_428, i8 %tmp_306, i8 %tmp_304" [lstm_hls_opt/src/rnn.cpp:78]   --->   Operation 593 'select' 'tmp_307' <Predicate = true> <Delay = 0.44> <Core = "Sel">   --->   Core 26 'Sel' <Latency = 0> <II = 1> <Delay = 0.59> <FuncUnit> <Opcode : 'select'> <InPorts = 3> <OutPorts = 1>
ST_15 : Operation 594 [2/2] (1.75ns)   --->   "%x_5_V_load_4 = load i16* %x_5_V_addr_4, align 2" [lstm_hls_opt/src/rnn.cpp:75]   --->   Operation 594 'load' 'x_5_V_load_4' <Predicate = true> <Delay = 1.75> <Core = "RAM">   --->   Core 37 'RAM' <Latency = 1> <II = 1> <Delay = 1.75> <Storage> <Opcode : 'load' 'store'> <Ports = 2> <Width = 16> <Depth = 16> <RAM>

State 16 <SV = 15> <Delay = 7.42>
ST_16 : Operation 595 [1/2] (2.77ns)   --->   "%Sigmoid_lut_V_load_11 = load i15* %Sigmoid_lut_V_addr_11, align 2" [lstm_hls_opt/src/rnn.cpp:79]   --->   Operation 595 'load' 'Sigmoid_lut_V_load_11' <Predicate = true> <Delay = 2.77> <Core = "ROM_1P_LUTRAM">   --->   Core 60 'ROM_1P_LUTRAM' <Latency = 1> <II = 1> <Delay = 2.77> <Storage> <Opcode : 'load'> <Ports = 1> <Width = 15> <Depth = 256> <ROM>
ST_16 : Operation 596 [1/1] (0.00ns) (grouped into LUT with out node storemerge1_11)   --->   "%tmp_14 = call i11 @_ssdm_op_PartSelect.i11.i15.i32.i32(i15 %Sigmoid_lut_V_load_11, i32 4, i32 14)" [lstm_hls_opt/src/rnn.cpp:79]   --->   Operation 596 'partselect' 'tmp_14' <Predicate = true> <Delay = 0.00>
ST_16 : Operation 597 [1/1] (0.00ns) (grouped into LUT with out node storemerge1_11)   --->   "%tmp_178 = zext i11 %tmp_14 to i12" [lstm_hls_opt/src/rnn.cpp:79]   --->   Operation 597 'zext' 'tmp_178' <Predicate = true> <Delay = 0.00>
ST_16 : Operation 598 [1/1] (0.00ns) (grouped into LUT with out node sel_tmp57)   --->   "%sel_tmp56 = xor i1 %tmp_11_77, true" [lstm_hls_opt/src/rnn.cpp:75]   --->   Operation 598 'xor' 'sel_tmp56' <Predicate = true> <Delay = 0.00> <Core = "LogicGate">   --->   Core 27 'LogicGate' <Latency = 0> <II = 1> <Delay = 0.80> <FuncUnit> <Opcode : 'and' 'or' 'xor'> <InPorts = 2> <OutPorts = 1>
ST_16 : Operation 599 [1/1] (0.80ns) (out node of the LUT)   --->   "%sel_tmp57 = and i1 %tmp_9_10, %sel_tmp56" [lstm_hls_opt/src/rnn.cpp:76]   --->   Operation 599 'and' 'sel_tmp57' <Predicate = true> <Delay = 0.80> <Core = "LogicGate">   --->   Core 27 'LogicGate' <Latency = 0> <II = 1> <Delay = 0.80> <FuncUnit> <Opcode : 'and' 'or' 'xor'> <InPorts = 2> <OutPorts = 1>
ST_16 : Operation 600 [1/1] (0.00ns) (grouped into LUT with out node storemerge1_11)   --->   "%sel_tmp55 = select i1 %sel_tmp57, i12 0, i12 -2048" [lstm_hls_opt/src/rnn.cpp:79]   --->   Operation 600 'select' 'sel_tmp55' <Predicate = true> <Delay = 0.00> <Core = "Sel">   --->   Core 26 'Sel' <Latency = 0> <II = 1> <Delay = 0.59> <FuncUnit> <Opcode : 'select'> <InPorts = 3> <OutPorts = 1>
ST_16 : Operation 601 [1/1] (0.00ns) (grouped into LUT with out node storemerge1_11)   --->   "%tmp_303 = or i1 %sel_tmp57, %tmp_11_77" [lstm_hls_opt/src/rnn.cpp:79]   --->   Operation 601 'or' 'tmp_303' <Predicate = true> <Delay = 0.00> <Core = "LogicGate">   --->   Core 27 'LogicGate' <Latency = 0> <II = 1> <Delay = 0.80> <FuncUnit> <Opcode : 'and' 'or' 'xor'> <InPorts = 2> <OutPorts = 1>
ST_16 : Operation 602 [1/1] (0.80ns) (out node of the LUT)   --->   "%storemerge1_11 = select i1 %tmp_303, i12 %sel_tmp55, i12 %tmp_178" [lstm_hls_opt/src/rnn.cpp:79]   --->   Operation 602 'select' 'storemerge1_11' <Predicate = true> <Delay = 0.80> <Core = "Sel">   --->   Core 26 'Sel' <Latency = 0> <II = 1> <Delay = 0.59> <FuncUnit> <Opcode : 'select'> <InPorts = 3> <OutPorts = 1>
ST_16 : Operation 603 [1/1] (0.00ns)   --->   "%tmp_13_11 = zext i8 %tmp_307 to i64" [lstm_hls_opt/src/rnn.cpp:79]   --->   Operation 603 'zext' 'tmp_13_11' <Predicate = true> <Delay = 0.00>
ST_16 : Operation 604 [1/1] (0.00ns)   --->   "%Sigmoid_lut_V_addr_12 = getelementptr [256 x i15]* @Sigmoid_lut_V, i64 0, i64 %tmp_13_11" [lstm_hls_opt/src/rnn.cpp:79]   --->   Operation 604 'getelementptr' 'Sigmoid_lut_V_addr_12' <Predicate = true> <Delay = 0.00>
ST_16 : Operation 605 [2/2] (2.77ns)   --->   "%Sigmoid_lut_V_load_12 = load i15* %Sigmoid_lut_V_addr_12, align 2" [lstm_hls_opt/src/rnn.cpp:79]   --->   Operation 605 'load' 'Sigmoid_lut_V_load_12' <Predicate = true> <Delay = 2.77> <Core = "ROM_1P_LUTRAM">   --->   Core 60 'ROM_1P_LUTRAM' <Latency = 1> <II = 1> <Delay = 2.77> <Storage> <Opcode : 'load'> <Ports = 1> <Width = 15> <Depth = 256> <ROM>
ST_16 : Operation 606 [1/2] (1.75ns)   --->   "%x_5_V_load_4 = load i16* %x_5_V_addr_4, align 2" [lstm_hls_opt/src/rnn.cpp:75]   --->   Operation 606 'load' 'x_5_V_load_4' <Predicate = true> <Delay = 1.75> <Core = "RAM">   --->   Core 37 'RAM' <Latency = 1> <II = 1> <Delay = 1.75> <Storage> <Opcode : 'load' 'store'> <Ports = 2> <Width = 16> <Depth = 16> <RAM>
ST_16 : Operation 607 [1/1] (2.13ns)   --->   "%tmp_13_79 = icmp sgt i16 %x_5_V_load_4, 16384" [lstm_hls_opt/src/rnn.cpp:75]   --->   Operation 607 'icmp' 'tmp_13_79' <Predicate = true> <Delay = 2.13> <Core = "Cmp">   --->   Core 25 'Cmp' <Latency = 0> <II = 1> <Delay = 1.98> <FuncUnit> <Opcode : 'icmp'> <InPorts = 2> <OutPorts = 1>
ST_16 : Operation 608 [1/1] (2.13ns)   --->   "%tmp_9_12 = icmp slt i16 %x_5_V_load_4, -16384" [lstm_hls_opt/src/rnn.cpp:76]   --->   Operation 608 'icmp' 'tmp_9_12' <Predicate = true> <Delay = 2.13> <Core = "Cmp">   --->   Core 25 'Cmp' <Latency = 0> <II = 1> <Delay = 1.98> <FuncUnit> <Opcode : 'icmp'> <InPorts = 2> <OutPorts = 1>
ST_16 : Operation 609 [1/1] (0.00ns)   --->   "%tmp_184 = call i12 @_ssdm_op_PartSelect.i12.i16.i32.i32(i16 %x_5_V_load_4, i32 4, i32 15)" [lstm_hls_opt/src/rnn.cpp:78]   --->   Operation 609 'partselect' 'tmp_184' <Predicate = true> <Delay = 0.00>
ST_16 : Operation 610 [1/1] (0.00ns)   --->   "%lhs_V_13_cast = sext i12 %tmp_184 to i13" [lstm_hls_opt/src/rnn.cpp:78]   --->   Operation 610 'sext' 'lhs_V_13_cast' <Predicate = true> <Delay = 0.00>
ST_16 : Operation 611 [1/1] (1.54ns)   --->   "%ret_V_13 = add i13 1024, %lhs_V_13_cast" [lstm_hls_opt/src/rnn.cpp:78]   --->   Operation 611 'add' 'ret_V_13' <Predicate = true> <Delay = 1.54> <Core = "AddSub">   --->   Core 14 'AddSub' <Latency = 0> <II = 1> <Delay = 1.30> <FuncUnit> <Opcode : 'add' 'sub'> <InPorts = 2> <OutPorts = 1>
ST_16 : Operation 612 [1/1] (0.00ns)   --->   "%p_shl_13 = call i24 @_ssdm_op_BitConcatenate.i24.i13.i11(i13 %ret_V_13, i11 0)" [lstm_hls_opt/src/rnn.cpp:78]   --->   Operation 612 'bitconcatenate' 'p_shl_13' <Predicate = true> <Delay = 0.00>
ST_16 : Operation 613 [1/1] (0.00ns)   --->   "%p_shl2_13 = call i16 @_ssdm_op_BitConcatenate.i16.i13.i3(i13 %ret_V_13, i3 0)" [lstm_hls_opt/src/rnn.cpp:78]   --->   Operation 613 'bitconcatenate' 'p_shl2_13' <Predicate = true> <Delay = 0.00>
ST_16 : Operation 614 [1/1] (0.00ns)   --->   "%p_shl2_13_cast = sext i16 %p_shl2_13 to i24" [lstm_hls_opt/src/rnn.cpp:78]   --->   Operation 614 'sext' 'p_shl2_13_cast' <Predicate = true> <Delay = 0.00>
ST_16 : Operation 615 [1/1] (1.68ns)   --->   "%r_V_4_12 = sub i24 %p_shl_13, %p_shl2_13_cast" [lstm_hls_opt/src/rnn.cpp:78]   --->   Operation 615 'sub' 'r_V_4_12' <Predicate = true> <Delay = 1.68> <Core = "AddSub">   --->   Core 14 'AddSub' <Latency = 0> <II = 1> <Delay = 1.30> <FuncUnit> <Opcode : 'add' 'sub'> <InPorts = 2> <OutPorts = 1>
ST_16 : Operation 616 [1/1] (0.00ns) (grouped into LUT with out node tmp_312)   --->   "%tmp_430 = call i1 @_ssdm_op_BitSelect.i1.i24.i32(i24 %r_V_4_12, i32 23)" [lstm_hls_opt/src/rnn.cpp:78]   --->   Operation 616 'bitselect' 'tmp_430' <Predicate = true> <Delay = 0.00>
ST_16 : Operation 617 [1/1] (0.00ns)   --->   "%tmp_431 = trunc i24 %r_V_4_12 to i14" [lstm_hls_opt/src/rnn.cpp:78]   --->   Operation 617 'trunc' 'tmp_431' <Predicate = true> <Delay = 0.00>
ST_16 : Operation 618 [1/1] (1.98ns)   --->   "%tmp_12_12 = icmp eq i14 %tmp_431, 0" [lstm_hls_opt/src/rnn.cpp:78]   --->   Operation 618 'icmp' 'tmp_12_12' <Predicate = true> <Delay = 1.98> <Core = "Cmp">   --->   Core 25 'Cmp' <Latency = 0> <II = 1> <Delay = 1.98> <FuncUnit> <Opcode : 'icmp'> <InPorts = 2> <OutPorts = 1>
ST_16 : Operation 619 [1/1] (0.00ns)   --->   "%tmp_309 = call i8 @_ssdm_op_PartSelect.i8.i24.i32.i32(i24 %r_V_4_12, i32 14, i32 21)" [lstm_hls_opt/src/rnn.cpp:78]   --->   Operation 619 'partselect' 'tmp_309' <Predicate = true> <Delay = 0.00>
ST_16 : Operation 620 [1/1] (1.30ns)   --->   "%tmp_310 = add i8 1, %tmp_309" [lstm_hls_opt/src/rnn.cpp:78]   --->   Operation 620 'add' 'tmp_310' <Predicate = true> <Delay = 1.30> <Core = "AddSub">   --->   Core 14 'AddSub' <Latency = 0> <II = 1> <Delay = 1.30> <FuncUnit> <Opcode : 'add' 'sub'> <InPorts = 2> <OutPorts = 1>
ST_16 : Operation 621 [1/1] (0.00ns) (grouped into LUT with out node tmp_312)   --->   "%tmp_311 = select i1 %tmp_12_12, i8 %tmp_309, i8 %tmp_310" [lstm_hls_opt/src/rnn.cpp:78]   --->   Operation 621 'select' 'tmp_311' <Predicate = true> <Delay = 0.00> <Core = "Sel">   --->   Core 26 'Sel' <Latency = 0> <II = 1> <Delay = 0.59> <FuncUnit> <Opcode : 'select'> <InPorts = 3> <OutPorts = 1>
ST_16 : Operation 622 [1/1] (0.44ns) (out node of the LUT)   --->   "%tmp_312 = select i1 %tmp_430, i8 %tmp_311, i8 %tmp_309" [lstm_hls_opt/src/rnn.cpp:78]   --->   Operation 622 'select' 'tmp_312' <Predicate = true> <Delay = 0.44> <Core = "Sel">   --->   Core 26 'Sel' <Latency = 0> <II = 1> <Delay = 0.59> <FuncUnit> <Opcode : 'select'> <InPorts = 3> <OutPorts = 1>
ST_16 : Operation 623 [2/2] (1.75ns)   --->   "%x_6_V_load_4 = load i16* %x_6_V_addr_4, align 2" [lstm_hls_opt/src/rnn.cpp:75]   --->   Operation 623 'load' 'x_6_V_load_4' <Predicate = true> <Delay = 1.75> <Core = "RAM">   --->   Core 37 'RAM' <Latency = 1> <II = 1> <Delay = 1.75> <Storage> <Opcode : 'load' 'store'> <Ports = 2> <Width = 16> <Depth = 16> <RAM>
ST_16 : Operation 624 [1/1] (0.00ns)   --->   "%newIndex4 = or i4 %newIndex_cast, 3" [lstm_hls_opt/src/rnn.cpp:75]   --->   Operation 624 'or' 'newIndex4' <Predicate = true> <Delay = 0.00>
ST_16 : Operation 625 [1/1] (0.00ns)   --->   "%newIndex5 = zext i4 %newIndex4 to i64" [lstm_hls_opt/src/rnn.cpp:75]   --->   Operation 625 'zext' 'newIndex5' <Predicate = true> <Delay = 0.00>
ST_16 : Operation 626 [1/1] (0.00ns)   --->   "%x_0_V_addr_6 = getelementptr [16 x i16]* %res_0_V, i64 0, i64 %newIndex5" [lstm_hls_opt/src/rnn.cpp:75]   --->   Operation 626 'getelementptr' 'x_0_V_addr_6' <Predicate = true> <Delay = 0.00>
ST_16 : Operation 627 [2/2] (1.75ns)   --->   "%x_0_V_load_6 = load i16* %x_0_V_addr_6, align 2" [lstm_hls_opt/src/rnn.cpp:75]   --->   Operation 627 'load' 'x_0_V_load_6' <Predicate = true> <Delay = 1.75> <Core = "RAM">   --->   Core 37 'RAM' <Latency = 1> <II = 1> <Delay = 1.75> <Storage> <Opcode : 'load' 'store'> <Ports = 2> <Width = 16> <Depth = 16> <RAM>
ST_16 : Operation 628 [1/1] (0.00ns)   --->   "%x_1_V_addr_6 = getelementptr [16 x i16]* %res_1_V, i64 0, i64 %newIndex5" [lstm_hls_opt/src/rnn.cpp:75]   --->   Operation 628 'getelementptr' 'x_1_V_addr_6' <Predicate = true> <Delay = 0.00>
ST_16 : Operation 629 [2/2] (1.75ns)   --->   "%x_1_V_load_6 = load i16* %x_1_V_addr_6, align 2" [lstm_hls_opt/src/rnn.cpp:75]   --->   Operation 629 'load' 'x_1_V_load_6' <Predicate = true> <Delay = 1.75> <Core = "RAM">   --->   Core 37 'RAM' <Latency = 1> <II = 1> <Delay = 1.75> <Storage> <Opcode : 'load' 'store'> <Ports = 2> <Width = 16> <Depth = 16> <RAM>
ST_16 : Operation 630 [1/1] (0.00ns)   --->   "%x_2_V_addr_6 = getelementptr [16 x i16]* %res_2_V, i64 0, i64 %newIndex5" [lstm_hls_opt/src/rnn.cpp:75]   --->   Operation 630 'getelementptr' 'x_2_V_addr_6' <Predicate = true> <Delay = 0.00>
ST_16 : Operation 631 [2/2] (1.75ns)   --->   "%x_2_V_load_6 = load i16* %x_2_V_addr_6, align 2" [lstm_hls_opt/src/rnn.cpp:75]   --->   Operation 631 'load' 'x_2_V_load_6' <Predicate = true> <Delay = 1.75> <Core = "RAM">   --->   Core 37 'RAM' <Latency = 1> <II = 1> <Delay = 1.75> <Storage> <Opcode : 'load' 'store'> <Ports = 2> <Width = 16> <Depth = 16> <RAM>
ST_16 : Operation 632 [1/1] (0.00ns)   --->   "%x_3_V_addr_6 = getelementptr [16 x i16]* %res_3_V, i64 0, i64 %newIndex5" [lstm_hls_opt/src/rnn.cpp:75]   --->   Operation 632 'getelementptr' 'x_3_V_addr_6' <Predicate = true> <Delay = 0.00>
ST_16 : Operation 633 [2/2] (1.75ns)   --->   "%x_3_V_load_6 = load i16* %x_3_V_addr_6, align 2" [lstm_hls_opt/src/rnn.cpp:75]   --->   Operation 633 'load' 'x_3_V_load_6' <Predicate = true> <Delay = 1.75> <Core = "RAM">   --->   Core 37 'RAM' <Latency = 1> <II = 1> <Delay = 1.75> <Storage> <Opcode : 'load' 'store'> <Ports = 2> <Width = 16> <Depth = 16> <RAM>
ST_16 : Operation 634 [1/1] (0.00ns)   --->   "%x_4_V_addr_6 = getelementptr [16 x i16]* %res_4_V, i64 0, i64 %newIndex5" [lstm_hls_opt/src/rnn.cpp:75]   --->   Operation 634 'getelementptr' 'x_4_V_addr_6' <Predicate = true> <Delay = 0.00>
ST_16 : Operation 635 [2/2] (1.75ns)   --->   "%x_4_V_load_6 = load i16* %x_4_V_addr_6, align 2" [lstm_hls_opt/src/rnn.cpp:75]   --->   Operation 635 'load' 'x_4_V_load_6' <Predicate = true> <Delay = 1.75> <Core = "RAM">   --->   Core 37 'RAM' <Latency = 1> <II = 1> <Delay = 1.75> <Storage> <Opcode : 'load' 'store'> <Ports = 2> <Width = 16> <Depth = 16> <RAM>
ST_16 : Operation 636 [1/1] (0.00ns)   --->   "%x_5_V_addr_6 = getelementptr [16 x i16]* %res_5_V, i64 0, i64 %newIndex5" [lstm_hls_opt/src/rnn.cpp:75]   --->   Operation 636 'getelementptr' 'x_5_V_addr_6' <Predicate = true> <Delay = 0.00>
ST_16 : Operation 637 [1/1] (0.00ns)   --->   "%x_6_V_addr_6 = getelementptr [16 x i16]* %res_6_V, i64 0, i64 %newIndex5" [lstm_hls_opt/src/rnn.cpp:75]   --->   Operation 637 'getelementptr' 'x_6_V_addr_6' <Predicate = true> <Delay = 0.00>
ST_16 : Operation 638 [1/1] (0.00ns)   --->   "%x_7_V_addr_6 = getelementptr [16 x i16]* %res_7_V, i64 0, i64 %newIndex5" [lstm_hls_opt/src/rnn.cpp:75]   --->   Operation 638 'getelementptr' 'x_7_V_addr_6' <Predicate = true> <Delay = 0.00>

State 17 <SV = 16> <Delay = 7.42>
ST_17 : Operation 639 [1/1] (0.00ns)   --->   "%storemerge1_8_cast = zext i12 %storemerge1_8 to i16" [lstm_hls_opt/src/rnn.cpp:79]   --->   Operation 639 'zext' 'storemerge1_8_cast' <Predicate = true> <Delay = 0.00>
ST_17 : Operation 640 [1/1] (1.75ns)   --->   "store i16 %storemerge1_8_cast, i16* %x_0_V_addr_4, align 2" [lstm_hls_opt/src/rnn.cpp:75]   --->   Operation 640 'store' <Predicate = true> <Delay = 1.75> <Core = "RAM">   --->   Core 37 'RAM' <Latency = 1> <II = 1> <Delay = 1.75> <Storage> <Opcode : 'load' 'store'> <Ports = 2> <Width = 16> <Depth = 16> <RAM>
ST_17 : Operation 641 [1/1] (0.00ns)   --->   "%storemerge1_9_cast = zext i12 %storemerge1_9 to i16" [lstm_hls_opt/src/rnn.cpp:79]   --->   Operation 641 'zext' 'storemerge1_9_cast' <Predicate = true> <Delay = 0.00>
ST_17 : Operation 642 [1/1] (1.75ns)   --->   "store i16 %storemerge1_9_cast, i16* %x_1_V_addr_4, align 2" [lstm_hls_opt/src/rnn.cpp:75]   --->   Operation 642 'store' <Predicate = true> <Delay = 1.75> <Core = "RAM">   --->   Core 37 'RAM' <Latency = 1> <II = 1> <Delay = 1.75> <Storage> <Opcode : 'load' 'store'> <Ports = 2> <Width = 16> <Depth = 16> <RAM>
ST_17 : Operation 643 [1/1] (0.00ns)   --->   "%storemerge1_10_cast = zext i12 %storemerge1_10 to i16" [lstm_hls_opt/src/rnn.cpp:79]   --->   Operation 643 'zext' 'storemerge1_10_cast' <Predicate = true> <Delay = 0.00>
ST_17 : Operation 644 [1/1] (1.75ns)   --->   "store i16 %storemerge1_10_cast, i16* %x_2_V_addr_4, align 2" [lstm_hls_opt/src/rnn.cpp:75]   --->   Operation 644 'store' <Predicate = true> <Delay = 1.75> <Core = "RAM">   --->   Core 37 'RAM' <Latency = 1> <II = 1> <Delay = 1.75> <Storage> <Opcode : 'load' 'store'> <Ports = 2> <Width = 16> <Depth = 16> <RAM>
ST_17 : Operation 645 [1/1] (0.00ns)   --->   "%storemerge1_11_cast = zext i12 %storemerge1_11 to i16" [lstm_hls_opt/src/rnn.cpp:79]   --->   Operation 645 'zext' 'storemerge1_11_cast' <Predicate = true> <Delay = 0.00>
ST_17 : Operation 646 [1/1] (1.75ns)   --->   "store i16 %storemerge1_11_cast, i16* %x_3_V_addr_4, align 2" [lstm_hls_opt/src/rnn.cpp:75]   --->   Operation 646 'store' <Predicate = true> <Delay = 1.75> <Core = "RAM">   --->   Core 37 'RAM' <Latency = 1> <II = 1> <Delay = 1.75> <Storage> <Opcode : 'load' 'store'> <Ports = 2> <Width = 16> <Depth = 16> <RAM>
ST_17 : Operation 647 [1/2] (2.77ns)   --->   "%Sigmoid_lut_V_load_12 = load i15* %Sigmoid_lut_V_addr_12, align 2" [lstm_hls_opt/src/rnn.cpp:79]   --->   Operation 647 'load' 'Sigmoid_lut_V_load_12' <Predicate = true> <Delay = 2.77> <Core = "ROM_1P_LUTRAM">   --->   Core 60 'ROM_1P_LUTRAM' <Latency = 1> <II = 1> <Delay = 2.77> <Storage> <Opcode : 'load'> <Ports = 1> <Width = 15> <Depth = 256> <ROM>
ST_17 : Operation 648 [1/1] (0.00ns) (grouped into LUT with out node storemerge1_12)   --->   "%tmp_15 = call i11 @_ssdm_op_PartSelect.i11.i15.i32.i32(i15 %Sigmoid_lut_V_load_12, i32 4, i32 14)" [lstm_hls_opt/src/rnn.cpp:79]   --->   Operation 648 'partselect' 'tmp_15' <Predicate = true> <Delay = 0.00>
ST_17 : Operation 649 [1/1] (0.00ns) (grouped into LUT with out node storemerge1_12)   --->   "%tmp_182 = zext i11 %tmp_15 to i12" [lstm_hls_opt/src/rnn.cpp:79]   --->   Operation 649 'zext' 'tmp_182' <Predicate = true> <Delay = 0.00>
ST_17 : Operation 650 [1/1] (0.00ns) (grouped into LUT with out node sel_tmp62)   --->   "%sel_tmp61 = xor i1 %tmp_12_78, true" [lstm_hls_opt/src/rnn.cpp:75]   --->   Operation 650 'xor' 'sel_tmp61' <Predicate = true> <Delay = 0.00> <Core = "LogicGate">   --->   Core 27 'LogicGate' <Latency = 0> <II = 1> <Delay = 0.80> <FuncUnit> <Opcode : 'and' 'or' 'xor'> <InPorts = 2> <OutPorts = 1>
ST_17 : Operation 651 [1/1] (0.80ns) (out node of the LUT)   --->   "%sel_tmp62 = and i1 %tmp_9_11, %sel_tmp61" [lstm_hls_opt/src/rnn.cpp:76]   --->   Operation 651 'and' 'sel_tmp62' <Predicate = true> <Delay = 0.80> <Core = "LogicGate">   --->   Core 27 'LogicGate' <Latency = 0> <II = 1> <Delay = 0.80> <FuncUnit> <Opcode : 'and' 'or' 'xor'> <InPorts = 2> <OutPorts = 1>
ST_17 : Operation 652 [1/1] (0.00ns) (grouped into LUT with out node storemerge1_12)   --->   "%sel_tmp60 = select i1 %sel_tmp62, i12 0, i12 -2048" [lstm_hls_opt/src/rnn.cpp:79]   --->   Operation 652 'select' 'sel_tmp60' <Predicate = true> <Delay = 0.00> <Core = "Sel">   --->   Core 26 'Sel' <Latency = 0> <II = 1> <Delay = 0.59> <FuncUnit> <Opcode : 'select'> <InPorts = 3> <OutPorts = 1>
ST_17 : Operation 653 [1/1] (0.00ns) (grouped into LUT with out node storemerge1_12)   --->   "%tmp_308 = or i1 %sel_tmp62, %tmp_12_78" [lstm_hls_opt/src/rnn.cpp:79]   --->   Operation 653 'or' 'tmp_308' <Predicate = true> <Delay = 0.00> <Core = "LogicGate">   --->   Core 27 'LogicGate' <Latency = 0> <II = 1> <Delay = 0.80> <FuncUnit> <Opcode : 'and' 'or' 'xor'> <InPorts = 2> <OutPorts = 1>
ST_17 : Operation 654 [1/1] (0.80ns) (out node of the LUT)   --->   "%storemerge1_12 = select i1 %tmp_308, i12 %sel_tmp60, i12 %tmp_182" [lstm_hls_opt/src/rnn.cpp:79]   --->   Operation 654 'select' 'storemerge1_12' <Predicate = true> <Delay = 0.80> <Core = "Sel">   --->   Core 26 'Sel' <Latency = 0> <II = 1> <Delay = 0.59> <FuncUnit> <Opcode : 'select'> <InPorts = 3> <OutPorts = 1>
ST_17 : Operation 655 [1/1] (0.00ns)   --->   "%storemerge1_12_cast = zext i12 %storemerge1_12 to i16" [lstm_hls_opt/src/rnn.cpp:79]   --->   Operation 655 'zext' 'storemerge1_12_cast' <Predicate = true> <Delay = 0.00>
ST_17 : Operation 656 [1/1] (1.75ns)   --->   "store i16 %storemerge1_12_cast, i16* %x_4_V_addr_4, align 2" [lstm_hls_opt/src/rnn.cpp:75]   --->   Operation 656 'store' <Predicate = true> <Delay = 1.75> <Core = "RAM">   --->   Core 37 'RAM' <Latency = 1> <II = 1> <Delay = 1.75> <Storage> <Opcode : 'load' 'store'> <Ports = 2> <Width = 16> <Depth = 16> <RAM>
ST_17 : Operation 657 [1/1] (0.00ns)   --->   "%tmp_13_12 = zext i8 %tmp_312 to i64" [lstm_hls_opt/src/rnn.cpp:79]   --->   Operation 657 'zext' 'tmp_13_12' <Predicate = true> <Delay = 0.00>
ST_17 : Operation 658 [1/1] (0.00ns)   --->   "%Sigmoid_lut_V_addr_13 = getelementptr [256 x i15]* @Sigmoid_lut_V, i64 0, i64 %tmp_13_12" [lstm_hls_opt/src/rnn.cpp:79]   --->   Operation 658 'getelementptr' 'Sigmoid_lut_V_addr_13' <Predicate = true> <Delay = 0.00>
ST_17 : Operation 659 [2/2] (2.77ns)   --->   "%Sigmoid_lut_V_load_13 = load i15* %Sigmoid_lut_V_addr_13, align 2" [lstm_hls_opt/src/rnn.cpp:79]   --->   Operation 659 'load' 'Sigmoid_lut_V_load_13' <Predicate = true> <Delay = 2.77> <Core = "ROM_1P_LUTRAM">   --->   Core 60 'ROM_1P_LUTRAM' <Latency = 1> <II = 1> <Delay = 2.77> <Storage> <Opcode : 'load'> <Ports = 1> <Width = 15> <Depth = 256> <ROM>
ST_17 : Operation 660 [1/2] (1.75ns)   --->   "%x_6_V_load_4 = load i16* %x_6_V_addr_4, align 2" [lstm_hls_opt/src/rnn.cpp:75]   --->   Operation 660 'load' 'x_6_V_load_4' <Predicate = true> <Delay = 1.75> <Core = "RAM">   --->   Core 37 'RAM' <Latency = 1> <II = 1> <Delay = 1.75> <Storage> <Opcode : 'load' 'store'> <Ports = 2> <Width = 16> <Depth = 16> <RAM>
ST_17 : Operation 661 [1/1] (2.13ns)   --->   "%tmp_14_80 = icmp sgt i16 %x_6_V_load_4, 16384" [lstm_hls_opt/src/rnn.cpp:75]   --->   Operation 661 'icmp' 'tmp_14_80' <Predicate = true> <Delay = 2.13> <Core = "Cmp">   --->   Core 25 'Cmp' <Latency = 0> <II = 1> <Delay = 1.98> <FuncUnit> <Opcode : 'icmp'> <InPorts = 2> <OutPorts = 1>
ST_17 : Operation 662 [1/1] (2.13ns)   --->   "%tmp_9_13 = icmp slt i16 %x_6_V_load_4, -16384" [lstm_hls_opt/src/rnn.cpp:76]   --->   Operation 662 'icmp' 'tmp_9_13' <Predicate = true> <Delay = 2.13> <Core = "Cmp">   --->   Core 25 'Cmp' <Latency = 0> <II = 1> <Delay = 1.98> <FuncUnit> <Opcode : 'icmp'> <InPorts = 2> <OutPorts = 1>
ST_17 : Operation 663 [1/1] (0.00ns)   --->   "%tmp_188 = call i12 @_ssdm_op_PartSelect.i12.i16.i32.i32(i16 %x_6_V_load_4, i32 4, i32 15)" [lstm_hls_opt/src/rnn.cpp:78]   --->   Operation 663 'partselect' 'tmp_188' <Predicate = true> <Delay = 0.00>
ST_17 : Operation 664 [1/1] (0.00ns)   --->   "%lhs_V_14_cast = sext i12 %tmp_188 to i13" [lstm_hls_opt/src/rnn.cpp:78]   --->   Operation 664 'sext' 'lhs_V_14_cast' <Predicate = true> <Delay = 0.00>
ST_17 : Operation 665 [1/1] (1.54ns)   --->   "%ret_V_14 = add i13 1024, %lhs_V_14_cast" [lstm_hls_opt/src/rnn.cpp:78]   --->   Operation 665 'add' 'ret_V_14' <Predicate = true> <Delay = 1.54> <Core = "AddSub">   --->   Core 14 'AddSub' <Latency = 0> <II = 1> <Delay = 1.30> <FuncUnit> <Opcode : 'add' 'sub'> <InPorts = 2> <OutPorts = 1>
ST_17 : Operation 666 [1/1] (0.00ns)   --->   "%p_shl_14 = call i24 @_ssdm_op_BitConcatenate.i24.i13.i11(i13 %ret_V_14, i11 0)" [lstm_hls_opt/src/rnn.cpp:78]   --->   Operation 666 'bitconcatenate' 'p_shl_14' <Predicate = true> <Delay = 0.00>
ST_17 : Operation 667 [1/1] (0.00ns)   --->   "%p_shl2_14 = call i16 @_ssdm_op_BitConcatenate.i16.i13.i3(i13 %ret_V_14, i3 0)" [lstm_hls_opt/src/rnn.cpp:78]   --->   Operation 667 'bitconcatenate' 'p_shl2_14' <Predicate = true> <Delay = 0.00>
ST_17 : Operation 668 [1/1] (0.00ns)   --->   "%p_shl2_14_cast = sext i16 %p_shl2_14 to i24" [lstm_hls_opt/src/rnn.cpp:78]   --->   Operation 668 'sext' 'p_shl2_14_cast' <Predicate = true> <Delay = 0.00>
ST_17 : Operation 669 [1/1] (1.68ns)   --->   "%r_V_4_13 = sub i24 %p_shl_14, %p_shl2_14_cast" [lstm_hls_opt/src/rnn.cpp:78]   --->   Operation 669 'sub' 'r_V_4_13' <Predicate = true> <Delay = 1.68> <Core = "AddSub">   --->   Core 14 'AddSub' <Latency = 0> <II = 1> <Delay = 1.30> <FuncUnit> <Opcode : 'add' 'sub'> <InPorts = 2> <OutPorts = 1>
ST_17 : Operation 670 [1/1] (0.00ns) (grouped into LUT with out node tmp_317)   --->   "%tmp_432 = call i1 @_ssdm_op_BitSelect.i1.i24.i32(i24 %r_V_4_13, i32 23)" [lstm_hls_opt/src/rnn.cpp:78]   --->   Operation 670 'bitselect' 'tmp_432' <Predicate = true> <Delay = 0.00>
ST_17 : Operation 671 [1/1] (0.00ns)   --->   "%tmp_433 = trunc i24 %r_V_4_13 to i14" [lstm_hls_opt/src/rnn.cpp:78]   --->   Operation 671 'trunc' 'tmp_433' <Predicate = true> <Delay = 0.00>
ST_17 : Operation 672 [1/1] (1.98ns)   --->   "%tmp_12_13 = icmp eq i14 %tmp_433, 0" [lstm_hls_opt/src/rnn.cpp:78]   --->   Operation 672 'icmp' 'tmp_12_13' <Predicate = true> <Delay = 1.98> <Core = "Cmp">   --->   Core 25 'Cmp' <Latency = 0> <II = 1> <Delay = 1.98> <FuncUnit> <Opcode : 'icmp'> <InPorts = 2> <OutPorts = 1>
ST_17 : Operation 673 [1/1] (0.00ns)   --->   "%tmp_314 = call i8 @_ssdm_op_PartSelect.i8.i24.i32.i32(i24 %r_V_4_13, i32 14, i32 21)" [lstm_hls_opt/src/rnn.cpp:78]   --->   Operation 673 'partselect' 'tmp_314' <Predicate = true> <Delay = 0.00>
ST_17 : Operation 674 [1/1] (1.30ns)   --->   "%tmp_315 = add i8 1, %tmp_314" [lstm_hls_opt/src/rnn.cpp:78]   --->   Operation 674 'add' 'tmp_315' <Predicate = true> <Delay = 1.30> <Core = "AddSub">   --->   Core 14 'AddSub' <Latency = 0> <II = 1> <Delay = 1.30> <FuncUnit> <Opcode : 'add' 'sub'> <InPorts = 2> <OutPorts = 1>
ST_17 : Operation 675 [1/1] (0.00ns) (grouped into LUT with out node tmp_317)   --->   "%tmp_316 = select i1 %tmp_12_13, i8 %tmp_314, i8 %tmp_315" [lstm_hls_opt/src/rnn.cpp:78]   --->   Operation 675 'select' 'tmp_316' <Predicate = true> <Delay = 0.00> <Core = "Sel">   --->   Core 26 'Sel' <Latency = 0> <II = 1> <Delay = 0.59> <FuncUnit> <Opcode : 'select'> <InPorts = 3> <OutPorts = 1>
ST_17 : Operation 676 [1/1] (0.44ns) (out node of the LUT)   --->   "%tmp_317 = select i1 %tmp_432, i8 %tmp_316, i8 %tmp_314" [lstm_hls_opt/src/rnn.cpp:78]   --->   Operation 676 'select' 'tmp_317' <Predicate = true> <Delay = 0.44> <Core = "Sel">   --->   Core 26 'Sel' <Latency = 0> <II = 1> <Delay = 0.59> <FuncUnit> <Opcode : 'select'> <InPorts = 3> <OutPorts = 1>
ST_17 : Operation 677 [2/2] (1.75ns)   --->   "%x_7_V_load_4 = load i16* %x_7_V_addr_4, align 2" [lstm_hls_opt/src/rnn.cpp:75]   --->   Operation 677 'load' 'x_7_V_load_4' <Predicate = true> <Delay = 1.75> <Core = "RAM">   --->   Core 37 'RAM' <Latency = 1> <II = 1> <Delay = 1.75> <Storage> <Opcode : 'load' 'store'> <Ports = 2> <Width = 16> <Depth = 16> <RAM>
ST_17 : Operation 678 [1/2] (1.75ns)   --->   "%x_0_V_load_6 = load i16* %x_0_V_addr_6, align 2" [lstm_hls_opt/src/rnn.cpp:75]   --->   Operation 678 'load' 'x_0_V_load_6' <Predicate = true> <Delay = 1.75> <Core = "RAM">   --->   Core 37 'RAM' <Latency = 1> <II = 1> <Delay = 1.75> <Storage> <Opcode : 'load' 'store'> <Ports = 2> <Width = 16> <Depth = 16> <RAM>
ST_17 : Operation 679 [1/1] (2.13ns)   --->   "%tmp_24_90 = icmp sgt i16 %x_0_V_load_6, 16384" [lstm_hls_opt/src/rnn.cpp:75]   --->   Operation 679 'icmp' 'tmp_24_90' <Predicate = true> <Delay = 2.13> <Core = "Cmp">   --->   Core 25 'Cmp' <Latency = 0> <II = 1> <Delay = 1.98> <FuncUnit> <Opcode : 'icmp'> <InPorts = 2> <OutPorts = 1>
ST_17 : Operation 680 [1/1] (2.13ns)   --->   "%tmp_9_23 = icmp slt i16 %x_0_V_load_6, -16384" [lstm_hls_opt/src/rnn.cpp:76]   --->   Operation 680 'icmp' 'tmp_9_23' <Predicate = true> <Delay = 2.13> <Core = "Cmp">   --->   Core 25 'Cmp' <Latency = 0> <II = 1> <Delay = 1.98> <FuncUnit> <Opcode : 'icmp'> <InPorts = 2> <OutPorts = 1>
ST_17 : Operation 681 [1/1] (0.00ns)   --->   "%tmp_228 = call i12 @_ssdm_op_PartSelect.i12.i16.i32.i32(i16 %x_0_V_load_6, i32 4, i32 15)" [lstm_hls_opt/src/rnn.cpp:78]   --->   Operation 681 'partselect' 'tmp_228' <Predicate = true> <Delay = 0.00>
ST_17 : Operation 682 [1/1] (0.00ns)   --->   "%lhs_V_24_cast = sext i12 %tmp_228 to i13" [lstm_hls_opt/src/rnn.cpp:78]   --->   Operation 682 'sext' 'lhs_V_24_cast' <Predicate = true> <Delay = 0.00>
ST_17 : Operation 683 [1/1] (1.54ns)   --->   "%ret_V_24 = add i13 1024, %lhs_V_24_cast" [lstm_hls_opt/src/rnn.cpp:78]   --->   Operation 683 'add' 'ret_V_24' <Predicate = true> <Delay = 1.54> <Core = "AddSub">   --->   Core 14 'AddSub' <Latency = 0> <II = 1> <Delay = 1.30> <FuncUnit> <Opcode : 'add' 'sub'> <InPorts = 2> <OutPorts = 1>
ST_17 : Operation 684 [1/1] (0.00ns)   --->   "%p_shl_24 = call i24 @_ssdm_op_BitConcatenate.i24.i13.i11(i13 %ret_V_24, i11 0)" [lstm_hls_opt/src/rnn.cpp:78]   --->   Operation 684 'bitconcatenate' 'p_shl_24' <Predicate = true> <Delay = 0.00>
ST_17 : Operation 685 [1/1] (0.00ns)   --->   "%p_shl2_24 = call i16 @_ssdm_op_BitConcatenate.i16.i13.i3(i13 %ret_V_24, i3 0)" [lstm_hls_opt/src/rnn.cpp:78]   --->   Operation 685 'bitconcatenate' 'p_shl2_24' <Predicate = true> <Delay = 0.00>
ST_17 : Operation 686 [1/1] (0.00ns)   --->   "%p_shl2_24_cast = sext i16 %p_shl2_24 to i24" [lstm_hls_opt/src/rnn.cpp:78]   --->   Operation 686 'sext' 'p_shl2_24_cast' <Predicate = true> <Delay = 0.00>
ST_17 : Operation 687 [1/1] (1.68ns)   --->   "%r_V_4_23 = sub i24 %p_shl_24, %p_shl2_24_cast" [lstm_hls_opt/src/rnn.cpp:78]   --->   Operation 687 'sub' 'r_V_4_23' <Predicate = true> <Delay = 1.68> <Core = "AddSub">   --->   Core 14 'AddSub' <Latency = 0> <II = 1> <Delay = 1.30> <FuncUnit> <Opcode : 'add' 'sub'> <InPorts = 2> <OutPorts = 1>
ST_17 : Operation 688 [1/1] (0.00ns) (grouped into LUT with out node tmp_367)   --->   "%tmp_452 = call i1 @_ssdm_op_BitSelect.i1.i24.i32(i24 %r_V_4_23, i32 23)" [lstm_hls_opt/src/rnn.cpp:78]   --->   Operation 688 'bitselect' 'tmp_452' <Predicate = true> <Delay = 0.00>
ST_17 : Operation 689 [1/1] (0.00ns)   --->   "%tmp_453 = trunc i24 %r_V_4_23 to i14" [lstm_hls_opt/src/rnn.cpp:78]   --->   Operation 689 'trunc' 'tmp_453' <Predicate = true> <Delay = 0.00>
ST_17 : Operation 690 [1/1] (1.98ns)   --->   "%tmp_12_23 = icmp eq i14 %tmp_453, 0" [lstm_hls_opt/src/rnn.cpp:78]   --->   Operation 690 'icmp' 'tmp_12_23' <Predicate = true> <Delay = 1.98> <Core = "Cmp">   --->   Core 25 'Cmp' <Latency = 0> <II = 1> <Delay = 1.98> <FuncUnit> <Opcode : 'icmp'> <InPorts = 2> <OutPorts = 1>
ST_17 : Operation 691 [1/1] (0.00ns)   --->   "%tmp_364 = call i8 @_ssdm_op_PartSelect.i8.i24.i32.i32(i24 %r_V_4_23, i32 14, i32 21)" [lstm_hls_opt/src/rnn.cpp:78]   --->   Operation 691 'partselect' 'tmp_364' <Predicate = true> <Delay = 0.00>
ST_17 : Operation 692 [1/1] (1.30ns)   --->   "%tmp_365 = add i8 1, %tmp_364" [lstm_hls_opt/src/rnn.cpp:78]   --->   Operation 692 'add' 'tmp_365' <Predicate = true> <Delay = 1.30> <Core = "AddSub">   --->   Core 14 'AddSub' <Latency = 0> <II = 1> <Delay = 1.30> <FuncUnit> <Opcode : 'add' 'sub'> <InPorts = 2> <OutPorts = 1>
ST_17 : Operation 693 [1/1] (0.00ns) (grouped into LUT with out node tmp_367)   --->   "%tmp_366 = select i1 %tmp_12_23, i8 %tmp_364, i8 %tmp_365" [lstm_hls_opt/src/rnn.cpp:78]   --->   Operation 693 'select' 'tmp_366' <Predicate = true> <Delay = 0.00> <Core = "Sel">   --->   Core 26 'Sel' <Latency = 0> <II = 1> <Delay = 0.59> <FuncUnit> <Opcode : 'select'> <InPorts = 3> <OutPorts = 1>
ST_17 : Operation 694 [1/1] (0.44ns) (out node of the LUT)   --->   "%tmp_367 = select i1 %tmp_452, i8 %tmp_366, i8 %tmp_364" [lstm_hls_opt/src/rnn.cpp:78]   --->   Operation 694 'select' 'tmp_367' <Predicate = true> <Delay = 0.44> <Core = "Sel">   --->   Core 26 'Sel' <Latency = 0> <II = 1> <Delay = 0.59> <FuncUnit> <Opcode : 'select'> <InPorts = 3> <OutPorts = 1>
ST_17 : Operation 695 [1/2] (1.75ns)   --->   "%x_1_V_load_6 = load i16* %x_1_V_addr_6, align 2" [lstm_hls_opt/src/rnn.cpp:75]   --->   Operation 695 'load' 'x_1_V_load_6' <Predicate = true> <Delay = 1.75> <Core = "RAM">   --->   Core 37 'RAM' <Latency = 1> <II = 1> <Delay = 1.75> <Storage> <Opcode : 'load' 'store'> <Ports = 2> <Width = 16> <Depth = 16> <RAM>
ST_17 : Operation 696 [1/1] (2.13ns)   --->   "%tmp_25_91 = icmp sgt i16 %x_1_V_load_6, 16384" [lstm_hls_opt/src/rnn.cpp:75]   --->   Operation 696 'icmp' 'tmp_25_91' <Predicate = true> <Delay = 2.13> <Core = "Cmp">   --->   Core 25 'Cmp' <Latency = 0> <II = 1> <Delay = 1.98> <FuncUnit> <Opcode : 'icmp'> <InPorts = 2> <OutPorts = 1>
ST_17 : Operation 697 [1/1] (2.13ns)   --->   "%tmp_9_24 = icmp slt i16 %x_1_V_load_6, -16384" [lstm_hls_opt/src/rnn.cpp:76]   --->   Operation 697 'icmp' 'tmp_9_24' <Predicate = true> <Delay = 2.13> <Core = "Cmp">   --->   Core 25 'Cmp' <Latency = 0> <II = 1> <Delay = 1.98> <FuncUnit> <Opcode : 'icmp'> <InPorts = 2> <OutPorts = 1>
ST_17 : Operation 698 [1/1] (0.00ns)   --->   "%tmp_232 = call i12 @_ssdm_op_PartSelect.i12.i16.i32.i32(i16 %x_1_V_load_6, i32 4, i32 15)" [lstm_hls_opt/src/rnn.cpp:78]   --->   Operation 698 'partselect' 'tmp_232' <Predicate = true> <Delay = 0.00>
ST_17 : Operation 699 [1/1] (0.00ns)   --->   "%lhs_V_25_cast = sext i12 %tmp_232 to i13" [lstm_hls_opt/src/rnn.cpp:78]   --->   Operation 699 'sext' 'lhs_V_25_cast' <Predicate = true> <Delay = 0.00>
ST_17 : Operation 700 [1/1] (1.54ns)   --->   "%ret_V_25 = add i13 1024, %lhs_V_25_cast" [lstm_hls_opt/src/rnn.cpp:78]   --->   Operation 700 'add' 'ret_V_25' <Predicate = true> <Delay = 1.54> <Core = "AddSub">   --->   Core 14 'AddSub' <Latency = 0> <II = 1> <Delay = 1.30> <FuncUnit> <Opcode : 'add' 'sub'> <InPorts = 2> <OutPorts = 1>
ST_17 : Operation 701 [1/1] (0.00ns)   --->   "%p_shl_25 = call i24 @_ssdm_op_BitConcatenate.i24.i13.i11(i13 %ret_V_25, i11 0)" [lstm_hls_opt/src/rnn.cpp:78]   --->   Operation 701 'bitconcatenate' 'p_shl_25' <Predicate = true> <Delay = 0.00>
ST_17 : Operation 702 [1/1] (0.00ns)   --->   "%p_shl2_25 = call i16 @_ssdm_op_BitConcatenate.i16.i13.i3(i13 %ret_V_25, i3 0)" [lstm_hls_opt/src/rnn.cpp:78]   --->   Operation 702 'bitconcatenate' 'p_shl2_25' <Predicate = true> <Delay = 0.00>
ST_17 : Operation 703 [1/1] (0.00ns)   --->   "%p_shl2_25_cast = sext i16 %p_shl2_25 to i24" [lstm_hls_opt/src/rnn.cpp:78]   --->   Operation 703 'sext' 'p_shl2_25_cast' <Predicate = true> <Delay = 0.00>
ST_17 : Operation 704 [1/1] (1.68ns)   --->   "%r_V_4_24 = sub i24 %p_shl_25, %p_shl2_25_cast" [lstm_hls_opt/src/rnn.cpp:78]   --->   Operation 704 'sub' 'r_V_4_24' <Predicate = true> <Delay = 1.68> <Core = "AddSub">   --->   Core 14 'AddSub' <Latency = 0> <II = 1> <Delay = 1.30> <FuncUnit> <Opcode : 'add' 'sub'> <InPorts = 2> <OutPorts = 1>
ST_17 : Operation 705 [1/1] (0.00ns) (grouped into LUT with out node tmp_372)   --->   "%tmp_454 = call i1 @_ssdm_op_BitSelect.i1.i24.i32(i24 %r_V_4_24, i32 23)" [lstm_hls_opt/src/rnn.cpp:78]   --->   Operation 705 'bitselect' 'tmp_454' <Predicate = true> <Delay = 0.00>
ST_17 : Operation 706 [1/1] (0.00ns)   --->   "%tmp_455 = trunc i24 %r_V_4_24 to i14" [lstm_hls_opt/src/rnn.cpp:78]   --->   Operation 706 'trunc' 'tmp_455' <Predicate = true> <Delay = 0.00>
ST_17 : Operation 707 [1/1] (1.98ns)   --->   "%tmp_12_24 = icmp eq i14 %tmp_455, 0" [lstm_hls_opt/src/rnn.cpp:78]   --->   Operation 707 'icmp' 'tmp_12_24' <Predicate = true> <Delay = 1.98> <Core = "Cmp">   --->   Core 25 'Cmp' <Latency = 0> <II = 1> <Delay = 1.98> <FuncUnit> <Opcode : 'icmp'> <InPorts = 2> <OutPorts = 1>
ST_17 : Operation 708 [1/1] (0.00ns)   --->   "%tmp_369 = call i8 @_ssdm_op_PartSelect.i8.i24.i32.i32(i24 %r_V_4_24, i32 14, i32 21)" [lstm_hls_opt/src/rnn.cpp:78]   --->   Operation 708 'partselect' 'tmp_369' <Predicate = true> <Delay = 0.00>
ST_17 : Operation 709 [1/1] (1.30ns)   --->   "%tmp_370 = add i8 1, %tmp_369" [lstm_hls_opt/src/rnn.cpp:78]   --->   Operation 709 'add' 'tmp_370' <Predicate = true> <Delay = 1.30> <Core = "AddSub">   --->   Core 14 'AddSub' <Latency = 0> <II = 1> <Delay = 1.30> <FuncUnit> <Opcode : 'add' 'sub'> <InPorts = 2> <OutPorts = 1>
ST_17 : Operation 710 [1/1] (0.00ns) (grouped into LUT with out node tmp_372)   --->   "%tmp_371 = select i1 %tmp_12_24, i8 %tmp_369, i8 %tmp_370" [lstm_hls_opt/src/rnn.cpp:78]   --->   Operation 710 'select' 'tmp_371' <Predicate = true> <Delay = 0.00> <Core = "Sel">   --->   Core 26 'Sel' <Latency = 0> <II = 1> <Delay = 0.59> <FuncUnit> <Opcode : 'select'> <InPorts = 3> <OutPorts = 1>
ST_17 : Operation 711 [1/1] (0.44ns) (out node of the LUT)   --->   "%tmp_372 = select i1 %tmp_454, i8 %tmp_371, i8 %tmp_369" [lstm_hls_opt/src/rnn.cpp:78]   --->   Operation 711 'select' 'tmp_372' <Predicate = true> <Delay = 0.44> <Core = "Sel">   --->   Core 26 'Sel' <Latency = 0> <II = 1> <Delay = 0.59> <FuncUnit> <Opcode : 'select'> <InPorts = 3> <OutPorts = 1>
ST_17 : Operation 712 [1/2] (1.75ns)   --->   "%x_2_V_load_6 = load i16* %x_2_V_addr_6, align 2" [lstm_hls_opt/src/rnn.cpp:75]   --->   Operation 712 'load' 'x_2_V_load_6' <Predicate = true> <Delay = 1.75> <Core = "RAM">   --->   Core 37 'RAM' <Latency = 1> <II = 1> <Delay = 1.75> <Storage> <Opcode : 'load' 'store'> <Ports = 2> <Width = 16> <Depth = 16> <RAM>
ST_17 : Operation 713 [1/1] (2.13ns)   --->   "%tmp_26_92 = icmp sgt i16 %x_2_V_load_6, 16384" [lstm_hls_opt/src/rnn.cpp:75]   --->   Operation 713 'icmp' 'tmp_26_92' <Predicate = true> <Delay = 2.13> <Core = "Cmp">   --->   Core 25 'Cmp' <Latency = 0> <II = 1> <Delay = 1.98> <FuncUnit> <Opcode : 'icmp'> <InPorts = 2> <OutPorts = 1>
ST_17 : Operation 714 [1/1] (2.13ns)   --->   "%tmp_9_25 = icmp slt i16 %x_2_V_load_6, -16384" [lstm_hls_opt/src/rnn.cpp:76]   --->   Operation 714 'icmp' 'tmp_9_25' <Predicate = true> <Delay = 2.13> <Core = "Cmp">   --->   Core 25 'Cmp' <Latency = 0> <II = 1> <Delay = 1.98> <FuncUnit> <Opcode : 'icmp'> <InPorts = 2> <OutPorts = 1>
ST_17 : Operation 715 [1/1] (0.00ns)   --->   "%tmp_236 = call i12 @_ssdm_op_PartSelect.i12.i16.i32.i32(i16 %x_2_V_load_6, i32 4, i32 15)" [lstm_hls_opt/src/rnn.cpp:78]   --->   Operation 715 'partselect' 'tmp_236' <Predicate = true> <Delay = 0.00>
ST_17 : Operation 716 [1/1] (0.00ns)   --->   "%lhs_V_26_cast = sext i12 %tmp_236 to i13" [lstm_hls_opt/src/rnn.cpp:78]   --->   Operation 716 'sext' 'lhs_V_26_cast' <Predicate = true> <Delay = 0.00>
ST_17 : Operation 717 [1/1] (1.54ns)   --->   "%ret_V_26 = add i13 1024, %lhs_V_26_cast" [lstm_hls_opt/src/rnn.cpp:78]   --->   Operation 717 'add' 'ret_V_26' <Predicate = true> <Delay = 1.54> <Core = "AddSub">   --->   Core 14 'AddSub' <Latency = 0> <II = 1> <Delay = 1.30> <FuncUnit> <Opcode : 'add' 'sub'> <InPorts = 2> <OutPorts = 1>
ST_17 : Operation 718 [1/1] (0.00ns)   --->   "%p_shl_26 = call i24 @_ssdm_op_BitConcatenate.i24.i13.i11(i13 %ret_V_26, i11 0)" [lstm_hls_opt/src/rnn.cpp:78]   --->   Operation 718 'bitconcatenate' 'p_shl_26' <Predicate = true> <Delay = 0.00>
ST_17 : Operation 719 [1/1] (0.00ns)   --->   "%p_shl2_26 = call i16 @_ssdm_op_BitConcatenate.i16.i13.i3(i13 %ret_V_26, i3 0)" [lstm_hls_opt/src/rnn.cpp:78]   --->   Operation 719 'bitconcatenate' 'p_shl2_26' <Predicate = true> <Delay = 0.00>
ST_17 : Operation 720 [1/1] (0.00ns)   --->   "%p_shl2_26_cast = sext i16 %p_shl2_26 to i24" [lstm_hls_opt/src/rnn.cpp:78]   --->   Operation 720 'sext' 'p_shl2_26_cast' <Predicate = true> <Delay = 0.00>
ST_17 : Operation 721 [1/1] (1.68ns)   --->   "%r_V_4_25 = sub i24 %p_shl_26, %p_shl2_26_cast" [lstm_hls_opt/src/rnn.cpp:78]   --->   Operation 721 'sub' 'r_V_4_25' <Predicate = true> <Delay = 1.68> <Core = "AddSub">   --->   Core 14 'AddSub' <Latency = 0> <II = 1> <Delay = 1.30> <FuncUnit> <Opcode : 'add' 'sub'> <InPorts = 2> <OutPorts = 1>
ST_17 : Operation 722 [1/1] (0.00ns) (grouped into LUT with out node tmp_377)   --->   "%tmp_456 = call i1 @_ssdm_op_BitSelect.i1.i24.i32(i24 %r_V_4_25, i32 23)" [lstm_hls_opt/src/rnn.cpp:78]   --->   Operation 722 'bitselect' 'tmp_456' <Predicate = true> <Delay = 0.00>
ST_17 : Operation 723 [1/1] (0.00ns)   --->   "%tmp_457 = trunc i24 %r_V_4_25 to i14" [lstm_hls_opt/src/rnn.cpp:78]   --->   Operation 723 'trunc' 'tmp_457' <Predicate = true> <Delay = 0.00>
ST_17 : Operation 724 [1/1] (1.98ns)   --->   "%tmp_12_25 = icmp eq i14 %tmp_457, 0" [lstm_hls_opt/src/rnn.cpp:78]   --->   Operation 724 'icmp' 'tmp_12_25' <Predicate = true> <Delay = 1.98> <Core = "Cmp">   --->   Core 25 'Cmp' <Latency = 0> <II = 1> <Delay = 1.98> <FuncUnit> <Opcode : 'icmp'> <InPorts = 2> <OutPorts = 1>
ST_17 : Operation 725 [1/1] (0.00ns)   --->   "%tmp_374 = call i8 @_ssdm_op_PartSelect.i8.i24.i32.i32(i24 %r_V_4_25, i32 14, i32 21)" [lstm_hls_opt/src/rnn.cpp:78]   --->   Operation 725 'partselect' 'tmp_374' <Predicate = true> <Delay = 0.00>
ST_17 : Operation 726 [1/1] (1.30ns)   --->   "%tmp_375 = add i8 1, %tmp_374" [lstm_hls_opt/src/rnn.cpp:78]   --->   Operation 726 'add' 'tmp_375' <Predicate = true> <Delay = 1.30> <Core = "AddSub">   --->   Core 14 'AddSub' <Latency = 0> <II = 1> <Delay = 1.30> <FuncUnit> <Opcode : 'add' 'sub'> <InPorts = 2> <OutPorts = 1>
ST_17 : Operation 727 [1/1] (0.00ns) (grouped into LUT with out node tmp_377)   --->   "%tmp_376 = select i1 %tmp_12_25, i8 %tmp_374, i8 %tmp_375" [lstm_hls_opt/src/rnn.cpp:78]   --->   Operation 727 'select' 'tmp_376' <Predicate = true> <Delay = 0.00> <Core = "Sel">   --->   Core 26 'Sel' <Latency = 0> <II = 1> <Delay = 0.59> <FuncUnit> <Opcode : 'select'> <InPorts = 3> <OutPorts = 1>
ST_17 : Operation 728 [1/1] (0.44ns) (out node of the LUT)   --->   "%tmp_377 = select i1 %tmp_456, i8 %tmp_376, i8 %tmp_374" [lstm_hls_opt/src/rnn.cpp:78]   --->   Operation 728 'select' 'tmp_377' <Predicate = true> <Delay = 0.44> <Core = "Sel">   --->   Core 26 'Sel' <Latency = 0> <II = 1> <Delay = 0.59> <FuncUnit> <Opcode : 'select'> <InPorts = 3> <OutPorts = 1>
ST_17 : Operation 729 [1/2] (1.75ns)   --->   "%x_3_V_load_6 = load i16* %x_3_V_addr_6, align 2" [lstm_hls_opt/src/rnn.cpp:75]   --->   Operation 729 'load' 'x_3_V_load_6' <Predicate = true> <Delay = 1.75> <Core = "RAM">   --->   Core 37 'RAM' <Latency = 1> <II = 1> <Delay = 1.75> <Storage> <Opcode : 'load' 'store'> <Ports = 2> <Width = 16> <Depth = 16> <RAM>
ST_17 : Operation 730 [1/1] (2.13ns)   --->   "%tmp_27_93 = icmp sgt i16 %x_3_V_load_6, 16384" [lstm_hls_opt/src/rnn.cpp:75]   --->   Operation 730 'icmp' 'tmp_27_93' <Predicate = true> <Delay = 2.13> <Core = "Cmp">   --->   Core 25 'Cmp' <Latency = 0> <II = 1> <Delay = 1.98> <FuncUnit> <Opcode : 'icmp'> <InPorts = 2> <OutPorts = 1>
ST_17 : Operation 731 [1/1] (2.13ns)   --->   "%tmp_9_26 = icmp slt i16 %x_3_V_load_6, -16384" [lstm_hls_opt/src/rnn.cpp:76]   --->   Operation 731 'icmp' 'tmp_9_26' <Predicate = true> <Delay = 2.13> <Core = "Cmp">   --->   Core 25 'Cmp' <Latency = 0> <II = 1> <Delay = 1.98> <FuncUnit> <Opcode : 'icmp'> <InPorts = 2> <OutPorts = 1>
ST_17 : Operation 732 [1/1] (0.00ns)   --->   "%tmp_240 = call i12 @_ssdm_op_PartSelect.i12.i16.i32.i32(i16 %x_3_V_load_6, i32 4, i32 15)" [lstm_hls_opt/src/rnn.cpp:78]   --->   Operation 732 'partselect' 'tmp_240' <Predicate = true> <Delay = 0.00>
ST_17 : Operation 733 [1/1] (0.00ns)   --->   "%lhs_V_27_cast = sext i12 %tmp_240 to i13" [lstm_hls_opt/src/rnn.cpp:78]   --->   Operation 733 'sext' 'lhs_V_27_cast' <Predicate = true> <Delay = 0.00>
ST_17 : Operation 734 [1/1] (1.54ns)   --->   "%ret_V_27 = add i13 1024, %lhs_V_27_cast" [lstm_hls_opt/src/rnn.cpp:78]   --->   Operation 734 'add' 'ret_V_27' <Predicate = true> <Delay = 1.54> <Core = "AddSub">   --->   Core 14 'AddSub' <Latency = 0> <II = 1> <Delay = 1.30> <FuncUnit> <Opcode : 'add' 'sub'> <InPorts = 2> <OutPorts = 1>
ST_17 : Operation 735 [1/1] (0.00ns)   --->   "%p_shl_27 = call i24 @_ssdm_op_BitConcatenate.i24.i13.i11(i13 %ret_V_27, i11 0)" [lstm_hls_opt/src/rnn.cpp:78]   --->   Operation 735 'bitconcatenate' 'p_shl_27' <Predicate = true> <Delay = 0.00>
ST_17 : Operation 736 [1/1] (0.00ns)   --->   "%p_shl2_27 = call i16 @_ssdm_op_BitConcatenate.i16.i13.i3(i13 %ret_V_27, i3 0)" [lstm_hls_opt/src/rnn.cpp:78]   --->   Operation 736 'bitconcatenate' 'p_shl2_27' <Predicate = true> <Delay = 0.00>
ST_17 : Operation 737 [1/1] (0.00ns)   --->   "%p_shl2_27_cast = sext i16 %p_shl2_27 to i24" [lstm_hls_opt/src/rnn.cpp:78]   --->   Operation 737 'sext' 'p_shl2_27_cast' <Predicate = true> <Delay = 0.00>
ST_17 : Operation 738 [1/1] (1.68ns)   --->   "%r_V_4_26 = sub i24 %p_shl_27, %p_shl2_27_cast" [lstm_hls_opt/src/rnn.cpp:78]   --->   Operation 738 'sub' 'r_V_4_26' <Predicate = true> <Delay = 1.68> <Core = "AddSub">   --->   Core 14 'AddSub' <Latency = 0> <II = 1> <Delay = 1.30> <FuncUnit> <Opcode : 'add' 'sub'> <InPorts = 2> <OutPorts = 1>
ST_17 : Operation 739 [1/1] (0.00ns) (grouped into LUT with out node tmp_382)   --->   "%tmp_458 = call i1 @_ssdm_op_BitSelect.i1.i24.i32(i24 %r_V_4_26, i32 23)" [lstm_hls_opt/src/rnn.cpp:78]   --->   Operation 739 'bitselect' 'tmp_458' <Predicate = true> <Delay = 0.00>
ST_17 : Operation 740 [1/1] (0.00ns)   --->   "%tmp_459 = trunc i24 %r_V_4_26 to i14" [lstm_hls_opt/src/rnn.cpp:78]   --->   Operation 740 'trunc' 'tmp_459' <Predicate = true> <Delay = 0.00>
ST_17 : Operation 741 [1/1] (1.98ns)   --->   "%tmp_12_26 = icmp eq i14 %tmp_459, 0" [lstm_hls_opt/src/rnn.cpp:78]   --->   Operation 741 'icmp' 'tmp_12_26' <Predicate = true> <Delay = 1.98> <Core = "Cmp">   --->   Core 25 'Cmp' <Latency = 0> <II = 1> <Delay = 1.98> <FuncUnit> <Opcode : 'icmp'> <InPorts = 2> <OutPorts = 1>
ST_17 : Operation 742 [1/1] (0.00ns)   --->   "%tmp_379 = call i8 @_ssdm_op_PartSelect.i8.i24.i32.i32(i24 %r_V_4_26, i32 14, i32 21)" [lstm_hls_opt/src/rnn.cpp:78]   --->   Operation 742 'partselect' 'tmp_379' <Predicate = true> <Delay = 0.00>
ST_17 : Operation 743 [1/1] (1.30ns)   --->   "%tmp_380 = add i8 1, %tmp_379" [lstm_hls_opt/src/rnn.cpp:78]   --->   Operation 743 'add' 'tmp_380' <Predicate = true> <Delay = 1.30> <Core = "AddSub">   --->   Core 14 'AddSub' <Latency = 0> <II = 1> <Delay = 1.30> <FuncUnit> <Opcode : 'add' 'sub'> <InPorts = 2> <OutPorts = 1>
ST_17 : Operation 744 [1/1] (0.00ns) (grouped into LUT with out node tmp_382)   --->   "%tmp_381 = select i1 %tmp_12_26, i8 %tmp_379, i8 %tmp_380" [lstm_hls_opt/src/rnn.cpp:78]   --->   Operation 744 'select' 'tmp_381' <Predicate = true> <Delay = 0.00> <Core = "Sel">   --->   Core 26 'Sel' <Latency = 0> <II = 1> <Delay = 0.59> <FuncUnit> <Opcode : 'select'> <InPorts = 3> <OutPorts = 1>
ST_17 : Operation 745 [1/1] (0.44ns) (out node of the LUT)   --->   "%tmp_382 = select i1 %tmp_458, i8 %tmp_381, i8 %tmp_379" [lstm_hls_opt/src/rnn.cpp:78]   --->   Operation 745 'select' 'tmp_382' <Predicate = true> <Delay = 0.44> <Core = "Sel">   --->   Core 26 'Sel' <Latency = 0> <II = 1> <Delay = 0.59> <FuncUnit> <Opcode : 'select'> <InPorts = 3> <OutPorts = 1>
ST_17 : Operation 746 [1/2] (1.75ns)   --->   "%x_4_V_load_6 = load i16* %x_4_V_addr_6, align 2" [lstm_hls_opt/src/rnn.cpp:75]   --->   Operation 746 'load' 'x_4_V_load_6' <Predicate = true> <Delay = 1.75> <Core = "RAM">   --->   Core 37 'RAM' <Latency = 1> <II = 1> <Delay = 1.75> <Storage> <Opcode : 'load' 'store'> <Ports = 2> <Width = 16> <Depth = 16> <RAM>
ST_17 : Operation 747 [1/1] (2.13ns)   --->   "%tmp_28_94 = icmp sgt i16 %x_4_V_load_6, 16384" [lstm_hls_opt/src/rnn.cpp:75]   --->   Operation 747 'icmp' 'tmp_28_94' <Predicate = true> <Delay = 2.13> <Core = "Cmp">   --->   Core 25 'Cmp' <Latency = 0> <II = 1> <Delay = 1.98> <FuncUnit> <Opcode : 'icmp'> <InPorts = 2> <OutPorts = 1>
ST_17 : Operation 748 [1/1] (2.13ns)   --->   "%tmp_9_27 = icmp slt i16 %x_4_V_load_6, -16384" [lstm_hls_opt/src/rnn.cpp:76]   --->   Operation 748 'icmp' 'tmp_9_27' <Predicate = true> <Delay = 2.13> <Core = "Cmp">   --->   Core 25 'Cmp' <Latency = 0> <II = 1> <Delay = 1.98> <FuncUnit> <Opcode : 'icmp'> <InPorts = 2> <OutPorts = 1>
ST_17 : Operation 749 [1/1] (0.00ns)   --->   "%tmp_244 = call i12 @_ssdm_op_PartSelect.i12.i16.i32.i32(i16 %x_4_V_load_6, i32 4, i32 15)" [lstm_hls_opt/src/rnn.cpp:78]   --->   Operation 749 'partselect' 'tmp_244' <Predicate = true> <Delay = 0.00>
ST_17 : Operation 750 [1/1] (0.00ns)   --->   "%lhs_V_28_cast = sext i12 %tmp_244 to i13" [lstm_hls_opt/src/rnn.cpp:78]   --->   Operation 750 'sext' 'lhs_V_28_cast' <Predicate = true> <Delay = 0.00>
ST_17 : Operation 751 [1/1] (1.54ns)   --->   "%ret_V_28 = add i13 1024, %lhs_V_28_cast" [lstm_hls_opt/src/rnn.cpp:78]   --->   Operation 751 'add' 'ret_V_28' <Predicate = true> <Delay = 1.54> <Core = "AddSub">   --->   Core 14 'AddSub' <Latency = 0> <II = 1> <Delay = 1.30> <FuncUnit> <Opcode : 'add' 'sub'> <InPorts = 2> <OutPorts = 1>
ST_17 : Operation 752 [1/1] (0.00ns)   --->   "%p_shl_28 = call i24 @_ssdm_op_BitConcatenate.i24.i13.i11(i13 %ret_V_28, i11 0)" [lstm_hls_opt/src/rnn.cpp:78]   --->   Operation 752 'bitconcatenate' 'p_shl_28' <Predicate = true> <Delay = 0.00>
ST_17 : Operation 753 [1/1] (0.00ns)   --->   "%p_shl2_28 = call i16 @_ssdm_op_BitConcatenate.i16.i13.i3(i13 %ret_V_28, i3 0)" [lstm_hls_opt/src/rnn.cpp:78]   --->   Operation 753 'bitconcatenate' 'p_shl2_28' <Predicate = true> <Delay = 0.00>
ST_17 : Operation 754 [1/1] (0.00ns)   --->   "%p_shl2_28_cast = sext i16 %p_shl2_28 to i24" [lstm_hls_opt/src/rnn.cpp:78]   --->   Operation 754 'sext' 'p_shl2_28_cast' <Predicate = true> <Delay = 0.00>
ST_17 : Operation 755 [1/1] (1.68ns)   --->   "%r_V_4_27 = sub i24 %p_shl_28, %p_shl2_28_cast" [lstm_hls_opt/src/rnn.cpp:78]   --->   Operation 755 'sub' 'r_V_4_27' <Predicate = true> <Delay = 1.68> <Core = "AddSub">   --->   Core 14 'AddSub' <Latency = 0> <II = 1> <Delay = 1.30> <FuncUnit> <Opcode : 'add' 'sub'> <InPorts = 2> <OutPorts = 1>
ST_17 : Operation 756 [1/1] (0.00ns) (grouped into LUT with out node tmp_387)   --->   "%tmp_460 = call i1 @_ssdm_op_BitSelect.i1.i24.i32(i24 %r_V_4_27, i32 23)" [lstm_hls_opt/src/rnn.cpp:78]   --->   Operation 756 'bitselect' 'tmp_460' <Predicate = true> <Delay = 0.00>
ST_17 : Operation 757 [1/1] (0.00ns)   --->   "%tmp_461 = trunc i24 %r_V_4_27 to i14" [lstm_hls_opt/src/rnn.cpp:78]   --->   Operation 757 'trunc' 'tmp_461' <Predicate = true> <Delay = 0.00>
ST_17 : Operation 758 [1/1] (1.98ns)   --->   "%tmp_12_27 = icmp eq i14 %tmp_461, 0" [lstm_hls_opt/src/rnn.cpp:78]   --->   Operation 758 'icmp' 'tmp_12_27' <Predicate = true> <Delay = 1.98> <Core = "Cmp">   --->   Core 25 'Cmp' <Latency = 0> <II = 1> <Delay = 1.98> <FuncUnit> <Opcode : 'icmp'> <InPorts = 2> <OutPorts = 1>
ST_17 : Operation 759 [1/1] (0.00ns)   --->   "%tmp_384 = call i8 @_ssdm_op_PartSelect.i8.i24.i32.i32(i24 %r_V_4_27, i32 14, i32 21)" [lstm_hls_opt/src/rnn.cpp:78]   --->   Operation 759 'partselect' 'tmp_384' <Predicate = true> <Delay = 0.00>
ST_17 : Operation 760 [1/1] (1.30ns)   --->   "%tmp_385 = add i8 1, %tmp_384" [lstm_hls_opt/src/rnn.cpp:78]   --->   Operation 760 'add' 'tmp_385' <Predicate = true> <Delay = 1.30> <Core = "AddSub">   --->   Core 14 'AddSub' <Latency = 0> <II = 1> <Delay = 1.30> <FuncUnit> <Opcode : 'add' 'sub'> <InPorts = 2> <OutPorts = 1>
ST_17 : Operation 761 [1/1] (0.00ns) (grouped into LUT with out node tmp_387)   --->   "%tmp_386 = select i1 %tmp_12_27, i8 %tmp_384, i8 %tmp_385" [lstm_hls_opt/src/rnn.cpp:78]   --->   Operation 761 'select' 'tmp_386' <Predicate = true> <Delay = 0.00> <Core = "Sel">   --->   Core 26 'Sel' <Latency = 0> <II = 1> <Delay = 0.59> <FuncUnit> <Opcode : 'select'> <InPorts = 3> <OutPorts = 1>
ST_17 : Operation 762 [1/1] (0.44ns) (out node of the LUT)   --->   "%tmp_387 = select i1 %tmp_460, i8 %tmp_386, i8 %tmp_384" [lstm_hls_opt/src/rnn.cpp:78]   --->   Operation 762 'select' 'tmp_387' <Predicate = true> <Delay = 0.44> <Core = "Sel">   --->   Core 26 'Sel' <Latency = 0> <II = 1> <Delay = 0.59> <FuncUnit> <Opcode : 'select'> <InPorts = 3> <OutPorts = 1>
ST_17 : Operation 763 [2/2] (1.75ns)   --->   "%x_5_V_load_6 = load i16* %x_5_V_addr_6, align 2" [lstm_hls_opt/src/rnn.cpp:75]   --->   Operation 763 'load' 'x_5_V_load_6' <Predicate = true> <Delay = 1.75> <Core = "RAM">   --->   Core 37 'RAM' <Latency = 1> <II = 1> <Delay = 1.75> <Storage> <Opcode : 'load' 'store'> <Ports = 2> <Width = 16> <Depth = 16> <RAM>

State 18 <SV = 17> <Delay = 7.42>
ST_18 : Operation 764 [1/2] (2.77ns)   --->   "%Sigmoid_lut_V_load_13 = load i15* %Sigmoid_lut_V_addr_13, align 2" [lstm_hls_opt/src/rnn.cpp:79]   --->   Operation 764 'load' 'Sigmoid_lut_V_load_13' <Predicate = true> <Delay = 2.77> <Core = "ROM_1P_LUTRAM">   --->   Core 60 'ROM_1P_LUTRAM' <Latency = 1> <II = 1> <Delay = 2.77> <Storage> <Opcode : 'load'> <Ports = 1> <Width = 15> <Depth = 256> <ROM>
ST_18 : Operation 765 [1/1] (0.00ns) (grouped into LUT with out node storemerge1_13)   --->   "%tmp_16 = call i11 @_ssdm_op_PartSelect.i11.i15.i32.i32(i15 %Sigmoid_lut_V_load_13, i32 4, i32 14)" [lstm_hls_opt/src/rnn.cpp:79]   --->   Operation 765 'partselect' 'tmp_16' <Predicate = true> <Delay = 0.00>
ST_18 : Operation 766 [1/1] (0.00ns) (grouped into LUT with out node storemerge1_13)   --->   "%tmp_186 = zext i11 %tmp_16 to i12" [lstm_hls_opt/src/rnn.cpp:79]   --->   Operation 766 'zext' 'tmp_186' <Predicate = true> <Delay = 0.00>
ST_18 : Operation 767 [1/1] (0.00ns) (grouped into LUT with out node sel_tmp67)   --->   "%sel_tmp66 = xor i1 %tmp_13_79, true" [lstm_hls_opt/src/rnn.cpp:75]   --->   Operation 767 'xor' 'sel_tmp66' <Predicate = true> <Delay = 0.00> <Core = "LogicGate">   --->   Core 27 'LogicGate' <Latency = 0> <II = 1> <Delay = 0.80> <FuncUnit> <Opcode : 'and' 'or' 'xor'> <InPorts = 2> <OutPorts = 1>
ST_18 : Operation 768 [1/1] (0.80ns) (out node of the LUT)   --->   "%sel_tmp67 = and i1 %tmp_9_12, %sel_tmp66" [lstm_hls_opt/src/rnn.cpp:76]   --->   Operation 768 'and' 'sel_tmp67' <Predicate = true> <Delay = 0.80> <Core = "LogicGate">   --->   Core 27 'LogicGate' <Latency = 0> <II = 1> <Delay = 0.80> <FuncUnit> <Opcode : 'and' 'or' 'xor'> <InPorts = 2> <OutPorts = 1>
ST_18 : Operation 769 [1/1] (0.00ns) (grouped into LUT with out node storemerge1_13)   --->   "%sel_tmp65 = select i1 %sel_tmp67, i12 0, i12 -2048" [lstm_hls_opt/src/rnn.cpp:79]   --->   Operation 769 'select' 'sel_tmp65' <Predicate = true> <Delay = 0.00> <Core = "Sel">   --->   Core 26 'Sel' <Latency = 0> <II = 1> <Delay = 0.59> <FuncUnit> <Opcode : 'select'> <InPorts = 3> <OutPorts = 1>
ST_18 : Operation 770 [1/1] (0.00ns) (grouped into LUT with out node storemerge1_13)   --->   "%tmp_313 = or i1 %sel_tmp67, %tmp_13_79" [lstm_hls_opt/src/rnn.cpp:79]   --->   Operation 770 'or' 'tmp_313' <Predicate = true> <Delay = 0.00> <Core = "LogicGate">   --->   Core 27 'LogicGate' <Latency = 0> <II = 1> <Delay = 0.80> <FuncUnit> <Opcode : 'and' 'or' 'xor'> <InPorts = 2> <OutPorts = 1>
ST_18 : Operation 771 [1/1] (0.80ns) (out node of the LUT)   --->   "%storemerge1_13 = select i1 %tmp_313, i12 %sel_tmp65, i12 %tmp_186" [lstm_hls_opt/src/rnn.cpp:79]   --->   Operation 771 'select' 'storemerge1_13' <Predicate = true> <Delay = 0.80> <Core = "Sel">   --->   Core 26 'Sel' <Latency = 0> <II = 1> <Delay = 0.59> <FuncUnit> <Opcode : 'select'> <InPorts = 3> <OutPorts = 1>
ST_18 : Operation 772 [1/1] (0.00ns)   --->   "%storemerge1_13_cast = zext i12 %storemerge1_13 to i16" [lstm_hls_opt/src/rnn.cpp:79]   --->   Operation 772 'zext' 'storemerge1_13_cast' <Predicate = true> <Delay = 0.00>
ST_18 : Operation 773 [1/1] (1.75ns)   --->   "store i16 %storemerge1_13_cast, i16* %x_5_V_addr_4, align 2" [lstm_hls_opt/src/rnn.cpp:75]   --->   Operation 773 'store' <Predicate = true> <Delay = 1.75> <Core = "RAM">   --->   Core 37 'RAM' <Latency = 1> <II = 1> <Delay = 1.75> <Storage> <Opcode : 'load' 'store'> <Ports = 2> <Width = 16> <Depth = 16> <RAM>
ST_18 : Operation 774 [1/1] (0.00ns)   --->   "%tmp_13_13 = zext i8 %tmp_317 to i64" [lstm_hls_opt/src/rnn.cpp:79]   --->   Operation 774 'zext' 'tmp_13_13' <Predicate = true> <Delay = 0.00>
ST_18 : Operation 775 [1/1] (0.00ns)   --->   "%Sigmoid_lut_V_addr_14 = getelementptr [256 x i15]* @Sigmoid_lut_V, i64 0, i64 %tmp_13_13" [lstm_hls_opt/src/rnn.cpp:79]   --->   Operation 775 'getelementptr' 'Sigmoid_lut_V_addr_14' <Predicate = true> <Delay = 0.00>
ST_18 : Operation 776 [2/2] (2.77ns)   --->   "%Sigmoid_lut_V_load_14 = load i15* %Sigmoid_lut_V_addr_14, align 2" [lstm_hls_opt/src/rnn.cpp:79]   --->   Operation 776 'load' 'Sigmoid_lut_V_load_14' <Predicate = true> <Delay = 2.77> <Core = "ROM_1P_LUTRAM">   --->   Core 60 'ROM_1P_LUTRAM' <Latency = 1> <II = 1> <Delay = 2.77> <Storage> <Opcode : 'load'> <Ports = 1> <Width = 15> <Depth = 256> <ROM>
ST_18 : Operation 777 [1/2] (1.75ns)   --->   "%x_7_V_load_4 = load i16* %x_7_V_addr_4, align 2" [lstm_hls_opt/src/rnn.cpp:75]   --->   Operation 777 'load' 'x_7_V_load_4' <Predicate = true> <Delay = 1.75> <Core = "RAM">   --->   Core 37 'RAM' <Latency = 1> <II = 1> <Delay = 1.75> <Storage> <Opcode : 'load' 'store'> <Ports = 2> <Width = 16> <Depth = 16> <RAM>
ST_18 : Operation 778 [1/1] (2.13ns)   --->   "%tmp_15_81 = icmp sgt i16 %x_7_V_load_4, 16384" [lstm_hls_opt/src/rnn.cpp:75]   --->   Operation 778 'icmp' 'tmp_15_81' <Predicate = true> <Delay = 2.13> <Core = "Cmp">   --->   Core 25 'Cmp' <Latency = 0> <II = 1> <Delay = 1.98> <FuncUnit> <Opcode : 'icmp'> <InPorts = 2> <OutPorts = 1>
ST_18 : Operation 779 [1/1] (2.13ns)   --->   "%tmp_9_14 = icmp slt i16 %x_7_V_load_4, -16384" [lstm_hls_opt/src/rnn.cpp:76]   --->   Operation 779 'icmp' 'tmp_9_14' <Predicate = true> <Delay = 2.13> <Core = "Cmp">   --->   Core 25 'Cmp' <Latency = 0> <II = 1> <Delay = 1.98> <FuncUnit> <Opcode : 'icmp'> <InPorts = 2> <OutPorts = 1>
ST_18 : Operation 780 [1/1] (0.00ns)   --->   "%tmp_192 = call i12 @_ssdm_op_PartSelect.i12.i16.i32.i32(i16 %x_7_V_load_4, i32 4, i32 15)" [lstm_hls_opt/src/rnn.cpp:78]   --->   Operation 780 'partselect' 'tmp_192' <Predicate = true> <Delay = 0.00>
ST_18 : Operation 781 [1/1] (0.00ns)   --->   "%lhs_V_15_cast = sext i12 %tmp_192 to i13" [lstm_hls_opt/src/rnn.cpp:78]   --->   Operation 781 'sext' 'lhs_V_15_cast' <Predicate = true> <Delay = 0.00>
ST_18 : Operation 782 [1/1] (1.54ns)   --->   "%ret_V_15 = add i13 1024, %lhs_V_15_cast" [lstm_hls_opt/src/rnn.cpp:78]   --->   Operation 782 'add' 'ret_V_15' <Predicate = true> <Delay = 1.54> <Core = "AddSub">   --->   Core 14 'AddSub' <Latency = 0> <II = 1> <Delay = 1.30> <FuncUnit> <Opcode : 'add' 'sub'> <InPorts = 2> <OutPorts = 1>
ST_18 : Operation 783 [1/1] (0.00ns)   --->   "%p_shl_15 = call i24 @_ssdm_op_BitConcatenate.i24.i13.i11(i13 %ret_V_15, i11 0)" [lstm_hls_opt/src/rnn.cpp:78]   --->   Operation 783 'bitconcatenate' 'p_shl_15' <Predicate = true> <Delay = 0.00>
ST_18 : Operation 784 [1/1] (0.00ns)   --->   "%p_shl2_15 = call i16 @_ssdm_op_BitConcatenate.i16.i13.i3(i13 %ret_V_15, i3 0)" [lstm_hls_opt/src/rnn.cpp:78]   --->   Operation 784 'bitconcatenate' 'p_shl2_15' <Predicate = true> <Delay = 0.00>
ST_18 : Operation 785 [1/1] (0.00ns)   --->   "%p_shl2_15_cast = sext i16 %p_shl2_15 to i24" [lstm_hls_opt/src/rnn.cpp:78]   --->   Operation 785 'sext' 'p_shl2_15_cast' <Predicate = true> <Delay = 0.00>
ST_18 : Operation 786 [1/1] (1.68ns)   --->   "%r_V_4_14 = sub i24 %p_shl_15, %p_shl2_15_cast" [lstm_hls_opt/src/rnn.cpp:78]   --->   Operation 786 'sub' 'r_V_4_14' <Predicate = true> <Delay = 1.68> <Core = "AddSub">   --->   Core 14 'AddSub' <Latency = 0> <II = 1> <Delay = 1.30> <FuncUnit> <Opcode : 'add' 'sub'> <InPorts = 2> <OutPorts = 1>
ST_18 : Operation 787 [1/1] (0.00ns) (grouped into LUT with out node tmp_322)   --->   "%tmp_434 = call i1 @_ssdm_op_BitSelect.i1.i24.i32(i24 %r_V_4_14, i32 23)" [lstm_hls_opt/src/rnn.cpp:78]   --->   Operation 787 'bitselect' 'tmp_434' <Predicate = true> <Delay = 0.00>
ST_18 : Operation 788 [1/1] (0.00ns)   --->   "%tmp_435 = trunc i24 %r_V_4_14 to i14" [lstm_hls_opt/src/rnn.cpp:78]   --->   Operation 788 'trunc' 'tmp_435' <Predicate = true> <Delay = 0.00>
ST_18 : Operation 789 [1/1] (1.98ns)   --->   "%tmp_12_14 = icmp eq i14 %tmp_435, 0" [lstm_hls_opt/src/rnn.cpp:78]   --->   Operation 789 'icmp' 'tmp_12_14' <Predicate = true> <Delay = 1.98> <Core = "Cmp">   --->   Core 25 'Cmp' <Latency = 0> <II = 1> <Delay = 1.98> <FuncUnit> <Opcode : 'icmp'> <InPorts = 2> <OutPorts = 1>
ST_18 : Operation 790 [1/1] (0.00ns)   --->   "%tmp_319 = call i8 @_ssdm_op_PartSelect.i8.i24.i32.i32(i24 %r_V_4_14, i32 14, i32 21)" [lstm_hls_opt/src/rnn.cpp:78]   --->   Operation 790 'partselect' 'tmp_319' <Predicate = true> <Delay = 0.00>
ST_18 : Operation 791 [1/1] (1.30ns)   --->   "%tmp_320 = add i8 1, %tmp_319" [lstm_hls_opt/src/rnn.cpp:78]   --->   Operation 791 'add' 'tmp_320' <Predicate = true> <Delay = 1.30> <Core = "AddSub">   --->   Core 14 'AddSub' <Latency = 0> <II = 1> <Delay = 1.30> <FuncUnit> <Opcode : 'add' 'sub'> <InPorts = 2> <OutPorts = 1>
ST_18 : Operation 792 [1/1] (0.00ns) (grouped into LUT with out node tmp_322)   --->   "%tmp_321 = select i1 %tmp_12_14, i8 %tmp_319, i8 %tmp_320" [lstm_hls_opt/src/rnn.cpp:78]   --->   Operation 792 'select' 'tmp_321' <Predicate = true> <Delay = 0.00> <Core = "Sel">   --->   Core 26 'Sel' <Latency = 0> <II = 1> <Delay = 0.59> <FuncUnit> <Opcode : 'select'> <InPorts = 3> <OutPorts = 1>
ST_18 : Operation 793 [1/1] (0.44ns) (out node of the LUT)   --->   "%tmp_322 = select i1 %tmp_434, i8 %tmp_321, i8 %tmp_319" [lstm_hls_opt/src/rnn.cpp:78]   --->   Operation 793 'select' 'tmp_322' <Predicate = true> <Delay = 0.44> <Core = "Sel">   --->   Core 26 'Sel' <Latency = 0> <II = 1> <Delay = 0.59> <FuncUnit> <Opcode : 'select'> <InPorts = 3> <OutPorts = 1>
ST_18 : Operation 794 [1/2] (1.75ns)   --->   "%x_5_V_load_6 = load i16* %x_5_V_addr_6, align 2" [lstm_hls_opt/src/rnn.cpp:75]   --->   Operation 794 'load' 'x_5_V_load_6' <Predicate = true> <Delay = 1.75> <Core = "RAM">   --->   Core 37 'RAM' <Latency = 1> <II = 1> <Delay = 1.75> <Storage> <Opcode : 'load' 'store'> <Ports = 2> <Width = 16> <Depth = 16> <RAM>
ST_18 : Operation 795 [1/1] (2.13ns)   --->   "%tmp_29_95 = icmp sgt i16 %x_5_V_load_6, 16384" [lstm_hls_opt/src/rnn.cpp:75]   --->   Operation 795 'icmp' 'tmp_29_95' <Predicate = true> <Delay = 2.13> <Core = "Cmp">   --->   Core 25 'Cmp' <Latency = 0> <II = 1> <Delay = 1.98> <FuncUnit> <Opcode : 'icmp'> <InPorts = 2> <OutPorts = 1>
ST_18 : Operation 796 [1/1] (2.13ns)   --->   "%tmp_9_28 = icmp slt i16 %x_5_V_load_6, -16384" [lstm_hls_opt/src/rnn.cpp:76]   --->   Operation 796 'icmp' 'tmp_9_28' <Predicate = true> <Delay = 2.13> <Core = "Cmp">   --->   Core 25 'Cmp' <Latency = 0> <II = 1> <Delay = 1.98> <FuncUnit> <Opcode : 'icmp'> <InPorts = 2> <OutPorts = 1>
ST_18 : Operation 797 [1/1] (0.00ns)   --->   "%tmp_248 = call i12 @_ssdm_op_PartSelect.i12.i16.i32.i32(i16 %x_5_V_load_6, i32 4, i32 15)" [lstm_hls_opt/src/rnn.cpp:78]   --->   Operation 797 'partselect' 'tmp_248' <Predicate = true> <Delay = 0.00>
ST_18 : Operation 798 [1/1] (0.00ns)   --->   "%lhs_V_29_cast = sext i12 %tmp_248 to i13" [lstm_hls_opt/src/rnn.cpp:78]   --->   Operation 798 'sext' 'lhs_V_29_cast' <Predicate = true> <Delay = 0.00>
ST_18 : Operation 799 [1/1] (1.54ns)   --->   "%ret_V_29 = add i13 1024, %lhs_V_29_cast" [lstm_hls_opt/src/rnn.cpp:78]   --->   Operation 799 'add' 'ret_V_29' <Predicate = true> <Delay = 1.54> <Core = "AddSub">   --->   Core 14 'AddSub' <Latency = 0> <II = 1> <Delay = 1.30> <FuncUnit> <Opcode : 'add' 'sub'> <InPorts = 2> <OutPorts = 1>
ST_18 : Operation 800 [1/1] (0.00ns)   --->   "%p_shl_29 = call i24 @_ssdm_op_BitConcatenate.i24.i13.i11(i13 %ret_V_29, i11 0)" [lstm_hls_opt/src/rnn.cpp:78]   --->   Operation 800 'bitconcatenate' 'p_shl_29' <Predicate = true> <Delay = 0.00>
ST_18 : Operation 801 [1/1] (0.00ns)   --->   "%p_shl2_29 = call i16 @_ssdm_op_BitConcatenate.i16.i13.i3(i13 %ret_V_29, i3 0)" [lstm_hls_opt/src/rnn.cpp:78]   --->   Operation 801 'bitconcatenate' 'p_shl2_29' <Predicate = true> <Delay = 0.00>
ST_18 : Operation 802 [1/1] (0.00ns)   --->   "%p_shl2_29_cast = sext i16 %p_shl2_29 to i24" [lstm_hls_opt/src/rnn.cpp:78]   --->   Operation 802 'sext' 'p_shl2_29_cast' <Predicate = true> <Delay = 0.00>
ST_18 : Operation 803 [1/1] (1.68ns)   --->   "%r_V_4_28 = sub i24 %p_shl_29, %p_shl2_29_cast" [lstm_hls_opt/src/rnn.cpp:78]   --->   Operation 803 'sub' 'r_V_4_28' <Predicate = true> <Delay = 1.68> <Core = "AddSub">   --->   Core 14 'AddSub' <Latency = 0> <II = 1> <Delay = 1.30> <FuncUnit> <Opcode : 'add' 'sub'> <InPorts = 2> <OutPorts = 1>
ST_18 : Operation 804 [1/1] (0.00ns) (grouped into LUT with out node tmp_392)   --->   "%tmp_462 = call i1 @_ssdm_op_BitSelect.i1.i24.i32(i24 %r_V_4_28, i32 23)" [lstm_hls_opt/src/rnn.cpp:78]   --->   Operation 804 'bitselect' 'tmp_462' <Predicate = true> <Delay = 0.00>
ST_18 : Operation 805 [1/1] (0.00ns)   --->   "%tmp_463 = trunc i24 %r_V_4_28 to i14" [lstm_hls_opt/src/rnn.cpp:78]   --->   Operation 805 'trunc' 'tmp_463' <Predicate = true> <Delay = 0.00>
ST_18 : Operation 806 [1/1] (1.98ns)   --->   "%tmp_12_28 = icmp eq i14 %tmp_463, 0" [lstm_hls_opt/src/rnn.cpp:78]   --->   Operation 806 'icmp' 'tmp_12_28' <Predicate = true> <Delay = 1.98> <Core = "Cmp">   --->   Core 25 'Cmp' <Latency = 0> <II = 1> <Delay = 1.98> <FuncUnit> <Opcode : 'icmp'> <InPorts = 2> <OutPorts = 1>
ST_18 : Operation 807 [1/1] (0.00ns)   --->   "%tmp_389 = call i8 @_ssdm_op_PartSelect.i8.i24.i32.i32(i24 %r_V_4_28, i32 14, i32 21)" [lstm_hls_opt/src/rnn.cpp:78]   --->   Operation 807 'partselect' 'tmp_389' <Predicate = true> <Delay = 0.00>
ST_18 : Operation 808 [1/1] (1.30ns)   --->   "%tmp_390 = add i8 1, %tmp_389" [lstm_hls_opt/src/rnn.cpp:78]   --->   Operation 808 'add' 'tmp_390' <Predicate = true> <Delay = 1.30> <Core = "AddSub">   --->   Core 14 'AddSub' <Latency = 0> <II = 1> <Delay = 1.30> <FuncUnit> <Opcode : 'add' 'sub'> <InPorts = 2> <OutPorts = 1>
ST_18 : Operation 809 [1/1] (0.00ns) (grouped into LUT with out node tmp_392)   --->   "%tmp_391 = select i1 %tmp_12_28, i8 %tmp_389, i8 %tmp_390" [lstm_hls_opt/src/rnn.cpp:78]   --->   Operation 809 'select' 'tmp_391' <Predicate = true> <Delay = 0.00> <Core = "Sel">   --->   Core 26 'Sel' <Latency = 0> <II = 1> <Delay = 0.59> <FuncUnit> <Opcode : 'select'> <InPorts = 3> <OutPorts = 1>
ST_18 : Operation 810 [1/1] (0.44ns) (out node of the LUT)   --->   "%tmp_392 = select i1 %tmp_462, i8 %tmp_391, i8 %tmp_389" [lstm_hls_opt/src/rnn.cpp:78]   --->   Operation 810 'select' 'tmp_392' <Predicate = true> <Delay = 0.44> <Core = "Sel">   --->   Core 26 'Sel' <Latency = 0> <II = 1> <Delay = 0.59> <FuncUnit> <Opcode : 'select'> <InPorts = 3> <OutPorts = 1>
ST_18 : Operation 811 [2/2] (1.75ns)   --->   "%x_6_V_load_6 = load i16* %x_6_V_addr_6, align 2" [lstm_hls_opt/src/rnn.cpp:75]   --->   Operation 811 'load' 'x_6_V_load_6' <Predicate = true> <Delay = 1.75> <Core = "RAM">   --->   Core 37 'RAM' <Latency = 1> <II = 1> <Delay = 1.75> <Storage> <Opcode : 'load' 'store'> <Ports = 2> <Width = 16> <Depth = 16> <RAM>

State 19 <SV = 18> <Delay = 7.42>
ST_19 : Operation 812 [1/2] (2.77ns)   --->   "%Sigmoid_lut_V_load_14 = load i15* %Sigmoid_lut_V_addr_14, align 2" [lstm_hls_opt/src/rnn.cpp:79]   --->   Operation 812 'load' 'Sigmoid_lut_V_load_14' <Predicate = true> <Delay = 2.77> <Core = "ROM_1P_LUTRAM">   --->   Core 60 'ROM_1P_LUTRAM' <Latency = 1> <II = 1> <Delay = 2.77> <Storage> <Opcode : 'load'> <Ports = 1> <Width = 15> <Depth = 256> <ROM>
ST_19 : Operation 813 [1/1] (0.00ns) (grouped into LUT with out node storemerge1_14)   --->   "%tmp_17 = call i11 @_ssdm_op_PartSelect.i11.i15.i32.i32(i15 %Sigmoid_lut_V_load_14, i32 4, i32 14)" [lstm_hls_opt/src/rnn.cpp:79]   --->   Operation 813 'partselect' 'tmp_17' <Predicate = true> <Delay = 0.00>
ST_19 : Operation 814 [1/1] (0.00ns) (grouped into LUT with out node storemerge1_14)   --->   "%tmp_190 = zext i11 %tmp_17 to i12" [lstm_hls_opt/src/rnn.cpp:79]   --->   Operation 814 'zext' 'tmp_190' <Predicate = true> <Delay = 0.00>
ST_19 : Operation 815 [1/1] (0.00ns) (grouped into LUT with out node sel_tmp72)   --->   "%sel_tmp71 = xor i1 %tmp_14_80, true" [lstm_hls_opt/src/rnn.cpp:75]   --->   Operation 815 'xor' 'sel_tmp71' <Predicate = true> <Delay = 0.00> <Core = "LogicGate">   --->   Core 27 'LogicGate' <Latency = 0> <II = 1> <Delay = 0.80> <FuncUnit> <Opcode : 'and' 'or' 'xor'> <InPorts = 2> <OutPorts = 1>
ST_19 : Operation 816 [1/1] (0.80ns) (out node of the LUT)   --->   "%sel_tmp72 = and i1 %tmp_9_13, %sel_tmp71" [lstm_hls_opt/src/rnn.cpp:76]   --->   Operation 816 'and' 'sel_tmp72' <Predicate = true> <Delay = 0.80> <Core = "LogicGate">   --->   Core 27 'LogicGate' <Latency = 0> <II = 1> <Delay = 0.80> <FuncUnit> <Opcode : 'and' 'or' 'xor'> <InPorts = 2> <OutPorts = 1>
ST_19 : Operation 817 [1/1] (0.00ns) (grouped into LUT with out node storemerge1_14)   --->   "%sel_tmp70 = select i1 %sel_tmp72, i12 0, i12 -2048" [lstm_hls_opt/src/rnn.cpp:79]   --->   Operation 817 'select' 'sel_tmp70' <Predicate = true> <Delay = 0.00> <Core = "Sel">   --->   Core 26 'Sel' <Latency = 0> <II = 1> <Delay = 0.59> <FuncUnit> <Opcode : 'select'> <InPorts = 3> <OutPorts = 1>
ST_19 : Operation 818 [1/1] (0.00ns) (grouped into LUT with out node storemerge1_14)   --->   "%tmp_318 = or i1 %sel_tmp72, %tmp_14_80" [lstm_hls_opt/src/rnn.cpp:79]   --->   Operation 818 'or' 'tmp_318' <Predicate = true> <Delay = 0.00> <Core = "LogicGate">   --->   Core 27 'LogicGate' <Latency = 0> <II = 1> <Delay = 0.80> <FuncUnit> <Opcode : 'and' 'or' 'xor'> <InPorts = 2> <OutPorts = 1>
ST_19 : Operation 819 [1/1] (0.80ns) (out node of the LUT)   --->   "%storemerge1_14 = select i1 %tmp_318, i12 %sel_tmp70, i12 %tmp_190" [lstm_hls_opt/src/rnn.cpp:79]   --->   Operation 819 'select' 'storemerge1_14' <Predicate = true> <Delay = 0.80> <Core = "Sel">   --->   Core 26 'Sel' <Latency = 0> <II = 1> <Delay = 0.59> <FuncUnit> <Opcode : 'select'> <InPorts = 3> <OutPorts = 1>
ST_19 : Operation 820 [1/1] (0.00ns)   --->   "%storemerge1_14_cast = zext i12 %storemerge1_14 to i16" [lstm_hls_opt/src/rnn.cpp:79]   --->   Operation 820 'zext' 'storemerge1_14_cast' <Predicate = true> <Delay = 0.00>
ST_19 : Operation 821 [1/1] (1.75ns)   --->   "store i16 %storemerge1_14_cast, i16* %x_6_V_addr_4, align 2" [lstm_hls_opt/src/rnn.cpp:75]   --->   Operation 821 'store' <Predicate = true> <Delay = 1.75> <Core = "RAM">   --->   Core 37 'RAM' <Latency = 1> <II = 1> <Delay = 1.75> <Storage> <Opcode : 'load' 'store'> <Ports = 2> <Width = 16> <Depth = 16> <RAM>
ST_19 : Operation 822 [1/1] (0.00ns)   --->   "%tmp_13_14 = zext i8 %tmp_322 to i64" [lstm_hls_opt/src/rnn.cpp:79]   --->   Operation 822 'zext' 'tmp_13_14' <Predicate = true> <Delay = 0.00>
ST_19 : Operation 823 [1/1] (0.00ns)   --->   "%Sigmoid_lut_V_addr_15 = getelementptr [256 x i15]* @Sigmoid_lut_V, i64 0, i64 %tmp_13_14" [lstm_hls_opt/src/rnn.cpp:79]   --->   Operation 823 'getelementptr' 'Sigmoid_lut_V_addr_15' <Predicate = true> <Delay = 0.00>
ST_19 : Operation 824 [2/2] (2.77ns)   --->   "%Sigmoid_lut_V_load_15 = load i15* %Sigmoid_lut_V_addr_15, align 2" [lstm_hls_opt/src/rnn.cpp:79]   --->   Operation 824 'load' 'Sigmoid_lut_V_load_15' <Predicate = true> <Delay = 2.77> <Core = "ROM_1P_LUTRAM">   --->   Core 60 'ROM_1P_LUTRAM' <Latency = 1> <II = 1> <Delay = 2.77> <Storage> <Opcode : 'load'> <Ports = 1> <Width = 15> <Depth = 256> <ROM>
ST_19 : Operation 825 [1/2] (1.75ns)   --->   "%x_6_V_load_6 = load i16* %x_6_V_addr_6, align 2" [lstm_hls_opt/src/rnn.cpp:75]   --->   Operation 825 'load' 'x_6_V_load_6' <Predicate = true> <Delay = 1.75> <Core = "RAM">   --->   Core 37 'RAM' <Latency = 1> <II = 1> <Delay = 1.75> <Storage> <Opcode : 'load' 'store'> <Ports = 2> <Width = 16> <Depth = 16> <RAM>
ST_19 : Operation 826 [1/1] (2.13ns)   --->   "%tmp_30_96 = icmp sgt i16 %x_6_V_load_6, 16384" [lstm_hls_opt/src/rnn.cpp:75]   --->   Operation 826 'icmp' 'tmp_30_96' <Predicate = true> <Delay = 2.13> <Core = "Cmp">   --->   Core 25 'Cmp' <Latency = 0> <II = 1> <Delay = 1.98> <FuncUnit> <Opcode : 'icmp'> <InPorts = 2> <OutPorts = 1>
ST_19 : Operation 827 [1/1] (2.13ns)   --->   "%tmp_9_29 = icmp slt i16 %x_6_V_load_6, -16384" [lstm_hls_opt/src/rnn.cpp:76]   --->   Operation 827 'icmp' 'tmp_9_29' <Predicate = true> <Delay = 2.13> <Core = "Cmp">   --->   Core 25 'Cmp' <Latency = 0> <II = 1> <Delay = 1.98> <FuncUnit> <Opcode : 'icmp'> <InPorts = 2> <OutPorts = 1>
ST_19 : Operation 828 [1/1] (0.00ns)   --->   "%tmp_252 = call i12 @_ssdm_op_PartSelect.i12.i16.i32.i32(i16 %x_6_V_load_6, i32 4, i32 15)" [lstm_hls_opt/src/rnn.cpp:78]   --->   Operation 828 'partselect' 'tmp_252' <Predicate = true> <Delay = 0.00>
ST_19 : Operation 829 [1/1] (0.00ns)   --->   "%lhs_V_30_cast = sext i12 %tmp_252 to i13" [lstm_hls_opt/src/rnn.cpp:78]   --->   Operation 829 'sext' 'lhs_V_30_cast' <Predicate = true> <Delay = 0.00>
ST_19 : Operation 830 [1/1] (1.54ns)   --->   "%ret_V_30 = add i13 1024, %lhs_V_30_cast" [lstm_hls_opt/src/rnn.cpp:78]   --->   Operation 830 'add' 'ret_V_30' <Predicate = true> <Delay = 1.54> <Core = "AddSub">   --->   Core 14 'AddSub' <Latency = 0> <II = 1> <Delay = 1.30> <FuncUnit> <Opcode : 'add' 'sub'> <InPorts = 2> <OutPorts = 1>
ST_19 : Operation 831 [1/1] (0.00ns)   --->   "%p_shl_30 = call i24 @_ssdm_op_BitConcatenate.i24.i13.i11(i13 %ret_V_30, i11 0)" [lstm_hls_opt/src/rnn.cpp:78]   --->   Operation 831 'bitconcatenate' 'p_shl_30' <Predicate = true> <Delay = 0.00>
ST_19 : Operation 832 [1/1] (0.00ns)   --->   "%p_shl2_30 = call i16 @_ssdm_op_BitConcatenate.i16.i13.i3(i13 %ret_V_30, i3 0)" [lstm_hls_opt/src/rnn.cpp:78]   --->   Operation 832 'bitconcatenate' 'p_shl2_30' <Predicate = true> <Delay = 0.00>
ST_19 : Operation 833 [1/1] (0.00ns)   --->   "%p_shl2_30_cast = sext i16 %p_shl2_30 to i24" [lstm_hls_opt/src/rnn.cpp:78]   --->   Operation 833 'sext' 'p_shl2_30_cast' <Predicate = true> <Delay = 0.00>
ST_19 : Operation 834 [1/1] (1.68ns)   --->   "%r_V_4_29 = sub i24 %p_shl_30, %p_shl2_30_cast" [lstm_hls_opt/src/rnn.cpp:78]   --->   Operation 834 'sub' 'r_V_4_29' <Predicate = true> <Delay = 1.68> <Core = "AddSub">   --->   Core 14 'AddSub' <Latency = 0> <II = 1> <Delay = 1.30> <FuncUnit> <Opcode : 'add' 'sub'> <InPorts = 2> <OutPorts = 1>
ST_19 : Operation 835 [1/1] (0.00ns) (grouped into LUT with out node tmp_397)   --->   "%tmp_464 = call i1 @_ssdm_op_BitSelect.i1.i24.i32(i24 %r_V_4_29, i32 23)" [lstm_hls_opt/src/rnn.cpp:78]   --->   Operation 835 'bitselect' 'tmp_464' <Predicate = true> <Delay = 0.00>
ST_19 : Operation 836 [1/1] (0.00ns)   --->   "%tmp_465 = trunc i24 %r_V_4_29 to i14" [lstm_hls_opt/src/rnn.cpp:78]   --->   Operation 836 'trunc' 'tmp_465' <Predicate = true> <Delay = 0.00>
ST_19 : Operation 837 [1/1] (1.98ns)   --->   "%tmp_12_29 = icmp eq i14 %tmp_465, 0" [lstm_hls_opt/src/rnn.cpp:78]   --->   Operation 837 'icmp' 'tmp_12_29' <Predicate = true> <Delay = 1.98> <Core = "Cmp">   --->   Core 25 'Cmp' <Latency = 0> <II = 1> <Delay = 1.98> <FuncUnit> <Opcode : 'icmp'> <InPorts = 2> <OutPorts = 1>
ST_19 : Operation 838 [1/1] (0.00ns)   --->   "%tmp_394 = call i8 @_ssdm_op_PartSelect.i8.i24.i32.i32(i24 %r_V_4_29, i32 14, i32 21)" [lstm_hls_opt/src/rnn.cpp:78]   --->   Operation 838 'partselect' 'tmp_394' <Predicate = true> <Delay = 0.00>
ST_19 : Operation 839 [1/1] (1.30ns)   --->   "%tmp_395 = add i8 1, %tmp_394" [lstm_hls_opt/src/rnn.cpp:78]   --->   Operation 839 'add' 'tmp_395' <Predicate = true> <Delay = 1.30> <Core = "AddSub">   --->   Core 14 'AddSub' <Latency = 0> <II = 1> <Delay = 1.30> <FuncUnit> <Opcode : 'add' 'sub'> <InPorts = 2> <OutPorts = 1>
ST_19 : Operation 840 [1/1] (0.00ns) (grouped into LUT with out node tmp_397)   --->   "%tmp_396 = select i1 %tmp_12_29, i8 %tmp_394, i8 %tmp_395" [lstm_hls_opt/src/rnn.cpp:78]   --->   Operation 840 'select' 'tmp_396' <Predicate = true> <Delay = 0.00> <Core = "Sel">   --->   Core 26 'Sel' <Latency = 0> <II = 1> <Delay = 0.59> <FuncUnit> <Opcode : 'select'> <InPorts = 3> <OutPorts = 1>
ST_19 : Operation 841 [1/1] (0.44ns) (out node of the LUT)   --->   "%tmp_397 = select i1 %tmp_464, i8 %tmp_396, i8 %tmp_394" [lstm_hls_opt/src/rnn.cpp:78]   --->   Operation 841 'select' 'tmp_397' <Predicate = true> <Delay = 0.44> <Core = "Sel">   --->   Core 26 'Sel' <Latency = 0> <II = 1> <Delay = 0.59> <FuncUnit> <Opcode : 'select'> <InPorts = 3> <OutPorts = 1>
ST_19 : Operation 842 [2/2] (1.75ns)   --->   "%x_7_V_load_6 = load i16* %x_7_V_addr_6, align 2" [lstm_hls_opt/src/rnn.cpp:75]   --->   Operation 842 'load' 'x_7_V_load_6' <Predicate = true> <Delay = 1.75> <Core = "RAM">   --->   Core 37 'RAM' <Latency = 1> <II = 1> <Delay = 1.75> <Storage> <Opcode : 'load' 'store'> <Ports = 2> <Width = 16> <Depth = 16> <RAM>

State 20 <SV = 19> <Delay = 7.42>
ST_20 : Operation 843 [1/2] (2.77ns)   --->   "%Sigmoid_lut_V_load_15 = load i15* %Sigmoid_lut_V_addr_15, align 2" [lstm_hls_opt/src/rnn.cpp:79]   --->   Operation 843 'load' 'Sigmoid_lut_V_load_15' <Predicate = true> <Delay = 2.77> <Core = "ROM_1P_LUTRAM">   --->   Core 60 'ROM_1P_LUTRAM' <Latency = 1> <II = 1> <Delay = 2.77> <Storage> <Opcode : 'load'> <Ports = 1> <Width = 15> <Depth = 256> <ROM>
ST_20 : Operation 844 [1/1] (0.00ns) (grouped into LUT with out node storemerge1_15)   --->   "%tmp_18 = call i11 @_ssdm_op_PartSelect.i11.i15.i32.i32(i15 %Sigmoid_lut_V_load_15, i32 4, i32 14)" [lstm_hls_opt/src/rnn.cpp:79]   --->   Operation 844 'partselect' 'tmp_18' <Predicate = true> <Delay = 0.00>
ST_20 : Operation 845 [1/1] (0.00ns) (grouped into LUT with out node storemerge1_15)   --->   "%tmp_194 = zext i11 %tmp_18 to i12" [lstm_hls_opt/src/rnn.cpp:79]   --->   Operation 845 'zext' 'tmp_194' <Predicate = true> <Delay = 0.00>
ST_20 : Operation 846 [1/1] (0.00ns) (grouped into LUT with out node sel_tmp77)   --->   "%sel_tmp76 = xor i1 %tmp_15_81, true" [lstm_hls_opt/src/rnn.cpp:75]   --->   Operation 846 'xor' 'sel_tmp76' <Predicate = true> <Delay = 0.00> <Core = "LogicGate">   --->   Core 27 'LogicGate' <Latency = 0> <II = 1> <Delay = 0.80> <FuncUnit> <Opcode : 'and' 'or' 'xor'> <InPorts = 2> <OutPorts = 1>
ST_20 : Operation 847 [1/1] (0.80ns) (out node of the LUT)   --->   "%sel_tmp77 = and i1 %tmp_9_14, %sel_tmp76" [lstm_hls_opt/src/rnn.cpp:76]   --->   Operation 847 'and' 'sel_tmp77' <Predicate = true> <Delay = 0.80> <Core = "LogicGate">   --->   Core 27 'LogicGate' <Latency = 0> <II = 1> <Delay = 0.80> <FuncUnit> <Opcode : 'and' 'or' 'xor'> <InPorts = 2> <OutPorts = 1>
ST_20 : Operation 848 [1/1] (0.00ns) (grouped into LUT with out node storemerge1_15)   --->   "%sel_tmp75 = select i1 %sel_tmp77, i12 0, i12 -2048" [lstm_hls_opt/src/rnn.cpp:79]   --->   Operation 848 'select' 'sel_tmp75' <Predicate = true> <Delay = 0.00> <Core = "Sel">   --->   Core 26 'Sel' <Latency = 0> <II = 1> <Delay = 0.59> <FuncUnit> <Opcode : 'select'> <InPorts = 3> <OutPorts = 1>
ST_20 : Operation 849 [1/1] (0.00ns) (grouped into LUT with out node storemerge1_15)   --->   "%tmp_323 = or i1 %sel_tmp77, %tmp_15_81" [lstm_hls_opt/src/rnn.cpp:79]   --->   Operation 849 'or' 'tmp_323' <Predicate = true> <Delay = 0.00> <Core = "LogicGate">   --->   Core 27 'LogicGate' <Latency = 0> <II = 1> <Delay = 0.80> <FuncUnit> <Opcode : 'and' 'or' 'xor'> <InPorts = 2> <OutPorts = 1>
ST_20 : Operation 850 [1/1] (0.80ns) (out node of the LUT)   --->   "%storemerge1_15 = select i1 %tmp_323, i12 %sel_tmp75, i12 %tmp_194" [lstm_hls_opt/src/rnn.cpp:79]   --->   Operation 850 'select' 'storemerge1_15' <Predicate = true> <Delay = 0.80> <Core = "Sel">   --->   Core 26 'Sel' <Latency = 0> <II = 1> <Delay = 0.59> <FuncUnit> <Opcode : 'select'> <InPorts = 3> <OutPorts = 1>
ST_20 : Operation 851 [1/1] (0.00ns)   --->   "%storemerge1_15_cast = zext i12 %storemerge1_15 to i16" [lstm_hls_opt/src/rnn.cpp:79]   --->   Operation 851 'zext' 'storemerge1_15_cast' <Predicate = true> <Delay = 0.00>
ST_20 : Operation 852 [1/1] (1.75ns)   --->   "store i16 %storemerge1_15_cast, i16* %x_7_V_addr_4, align 2" [lstm_hls_opt/src/rnn.cpp:75]   --->   Operation 852 'store' <Predicate = true> <Delay = 1.75> <Core = "RAM">   --->   Core 37 'RAM' <Latency = 1> <II = 1> <Delay = 1.75> <Storage> <Opcode : 'load' 'store'> <Ports = 2> <Width = 16> <Depth = 16> <RAM>
ST_20 : Operation 853 [1/1] (0.00ns)   --->   "%tmp_13_15 = zext i8 %tmp_327 to i64" [lstm_hls_opt/src/rnn.cpp:79]   --->   Operation 853 'zext' 'tmp_13_15' <Predicate = true> <Delay = 0.00>
ST_20 : Operation 854 [1/1] (0.00ns)   --->   "%Sigmoid_lut_V_addr_16 = getelementptr [256 x i15]* @Sigmoid_lut_V, i64 0, i64 %tmp_13_15" [lstm_hls_opt/src/rnn.cpp:79]   --->   Operation 854 'getelementptr' 'Sigmoid_lut_V_addr_16' <Predicate = true> <Delay = 0.00>
ST_20 : Operation 855 [2/2] (2.77ns)   --->   "%Sigmoid_lut_V_load_16 = load i15* %Sigmoid_lut_V_addr_16, align 2" [lstm_hls_opt/src/rnn.cpp:79]   --->   Operation 855 'load' 'Sigmoid_lut_V_load_16' <Predicate = true> <Delay = 2.77> <Core = "ROM_1P_LUTRAM">   --->   Core 60 'ROM_1P_LUTRAM' <Latency = 1> <II = 1> <Delay = 2.77> <Storage> <Opcode : 'load'> <Ports = 1> <Width = 15> <Depth = 256> <ROM>
ST_20 : Operation 856 [1/2] (1.75ns)   --->   "%x_7_V_load_6 = load i16* %x_7_V_addr_6, align 2" [lstm_hls_opt/src/rnn.cpp:75]   --->   Operation 856 'load' 'x_7_V_load_6' <Predicate = true> <Delay = 1.75> <Core = "RAM">   --->   Core 37 'RAM' <Latency = 1> <II = 1> <Delay = 1.75> <Storage> <Opcode : 'load' 'store'> <Ports = 2> <Width = 16> <Depth = 16> <RAM>
ST_20 : Operation 857 [1/1] (2.13ns)   --->   "%tmp_s_97 = icmp sgt i16 %x_7_V_load_6, 16384" [lstm_hls_opt/src/rnn.cpp:75]   --->   Operation 857 'icmp' 'tmp_s_97' <Predicate = true> <Delay = 2.13> <Core = "Cmp">   --->   Core 25 'Cmp' <Latency = 0> <II = 1> <Delay = 1.98> <FuncUnit> <Opcode : 'icmp'> <InPorts = 2> <OutPorts = 1>
ST_20 : Operation 858 [1/1] (2.13ns)   --->   "%tmp_9_30 = icmp slt i16 %x_7_V_load_6, -16384" [lstm_hls_opt/src/rnn.cpp:76]   --->   Operation 858 'icmp' 'tmp_9_30' <Predicate = true> <Delay = 2.13> <Core = "Cmp">   --->   Core 25 'Cmp' <Latency = 0> <II = 1> <Delay = 1.98> <FuncUnit> <Opcode : 'icmp'> <InPorts = 2> <OutPorts = 1>
ST_20 : Operation 859 [1/1] (0.00ns)   --->   "%tmp_256 = call i12 @_ssdm_op_PartSelect.i12.i16.i32.i32(i16 %x_7_V_load_6, i32 4, i32 15)" [lstm_hls_opt/src/rnn.cpp:78]   --->   Operation 859 'partselect' 'tmp_256' <Predicate = true> <Delay = 0.00>
ST_20 : Operation 860 [1/1] (0.00ns)   --->   "%lhs_V_cast_98 = sext i12 %tmp_256 to i13" [lstm_hls_opt/src/rnn.cpp:78]   --->   Operation 860 'sext' 'lhs_V_cast_98' <Predicate = true> <Delay = 0.00>
ST_20 : Operation 861 [1/1] (1.54ns)   --->   "%ret_V_31 = add i13 1024, %lhs_V_cast_98" [lstm_hls_opt/src/rnn.cpp:78]   --->   Operation 861 'add' 'ret_V_31' <Predicate = true> <Delay = 1.54> <Core = "AddSub">   --->   Core 14 'AddSub' <Latency = 0> <II = 1> <Delay = 1.30> <FuncUnit> <Opcode : 'add' 'sub'> <InPorts = 2> <OutPorts = 1>
ST_20 : Operation 862 [1/1] (0.00ns)   --->   "%p_shl_s = call i24 @_ssdm_op_BitConcatenate.i24.i13.i11(i13 %ret_V_31, i11 0)" [lstm_hls_opt/src/rnn.cpp:78]   --->   Operation 862 'bitconcatenate' 'p_shl_s' <Predicate = true> <Delay = 0.00>
ST_20 : Operation 863 [1/1] (0.00ns)   --->   "%p_shl2_s = call i16 @_ssdm_op_BitConcatenate.i16.i13.i3(i13 %ret_V_31, i3 0)" [lstm_hls_opt/src/rnn.cpp:78]   --->   Operation 863 'bitconcatenate' 'p_shl2_s' <Predicate = true> <Delay = 0.00>
ST_20 : Operation 864 [1/1] (0.00ns)   --->   "%p_shl2_cast_99 = sext i16 %p_shl2_s to i24" [lstm_hls_opt/src/rnn.cpp:78]   --->   Operation 864 'sext' 'p_shl2_cast_99' <Predicate = true> <Delay = 0.00>
ST_20 : Operation 865 [1/1] (1.68ns)   --->   "%r_V_4_30 = sub i24 %p_shl_s, %p_shl2_cast_99" [lstm_hls_opt/src/rnn.cpp:78]   --->   Operation 865 'sub' 'r_V_4_30' <Predicate = true> <Delay = 1.68> <Core = "AddSub">   --->   Core 14 'AddSub' <Latency = 0> <II = 1> <Delay = 1.30> <FuncUnit> <Opcode : 'add' 'sub'> <InPorts = 2> <OutPorts = 1>
ST_20 : Operation 866 [1/1] (0.00ns) (grouped into LUT with out node tmp_402)   --->   "%tmp_466 = call i1 @_ssdm_op_BitSelect.i1.i24.i32(i24 %r_V_4_30, i32 23)" [lstm_hls_opt/src/rnn.cpp:78]   --->   Operation 866 'bitselect' 'tmp_466' <Predicate = true> <Delay = 0.00>
ST_20 : Operation 867 [1/1] (0.00ns)   --->   "%tmp_467 = trunc i24 %r_V_4_30 to i14" [lstm_hls_opt/src/rnn.cpp:78]   --->   Operation 867 'trunc' 'tmp_467' <Predicate = true> <Delay = 0.00>
ST_20 : Operation 868 [1/1] (1.98ns)   --->   "%tmp_12_30 = icmp eq i14 %tmp_467, 0" [lstm_hls_opt/src/rnn.cpp:78]   --->   Operation 868 'icmp' 'tmp_12_30' <Predicate = true> <Delay = 1.98> <Core = "Cmp">   --->   Core 25 'Cmp' <Latency = 0> <II = 1> <Delay = 1.98> <FuncUnit> <Opcode : 'icmp'> <InPorts = 2> <OutPorts = 1>
ST_20 : Operation 869 [1/1] (0.00ns)   --->   "%tmp_399 = call i8 @_ssdm_op_PartSelect.i8.i24.i32.i32(i24 %r_V_4_30, i32 14, i32 21)" [lstm_hls_opt/src/rnn.cpp:78]   --->   Operation 869 'partselect' 'tmp_399' <Predicate = true> <Delay = 0.00>
ST_20 : Operation 870 [1/1] (1.30ns)   --->   "%tmp_400 = add i8 1, %tmp_399" [lstm_hls_opt/src/rnn.cpp:78]   --->   Operation 870 'add' 'tmp_400' <Predicate = true> <Delay = 1.30> <Core = "AddSub">   --->   Core 14 'AddSub' <Latency = 0> <II = 1> <Delay = 1.30> <FuncUnit> <Opcode : 'add' 'sub'> <InPorts = 2> <OutPorts = 1>
ST_20 : Operation 871 [1/1] (0.00ns) (grouped into LUT with out node tmp_402)   --->   "%tmp_401 = select i1 %tmp_12_30, i8 %tmp_399, i8 %tmp_400" [lstm_hls_opt/src/rnn.cpp:78]   --->   Operation 871 'select' 'tmp_401' <Predicate = true> <Delay = 0.00> <Core = "Sel">   --->   Core 26 'Sel' <Latency = 0> <II = 1> <Delay = 0.59> <FuncUnit> <Opcode : 'select'> <InPorts = 3> <OutPorts = 1>
ST_20 : Operation 872 [1/1] (0.44ns) (out node of the LUT)   --->   "%tmp_402 = select i1 %tmp_466, i8 %tmp_401, i8 %tmp_399" [lstm_hls_opt/src/rnn.cpp:78]   --->   Operation 872 'select' 'tmp_402' <Predicate = true> <Delay = 0.44> <Core = "Sel">   --->   Core 26 'Sel' <Latency = 0> <II = 1> <Delay = 0.59> <FuncUnit> <Opcode : 'select'> <InPorts = 3> <OutPorts = 1>

State 21 <SV = 20> <Delay = 5.32>
ST_21 : Operation 873 [1/2] (2.77ns)   --->   "%Sigmoid_lut_V_load_16 = load i15* %Sigmoid_lut_V_addr_16, align 2" [lstm_hls_opt/src/rnn.cpp:79]   --->   Operation 873 'load' 'Sigmoid_lut_V_load_16' <Predicate = true> <Delay = 2.77> <Core = "ROM_1P_LUTRAM">   --->   Core 60 'ROM_1P_LUTRAM' <Latency = 1> <II = 1> <Delay = 2.77> <Storage> <Opcode : 'load'> <Ports = 1> <Width = 15> <Depth = 256> <ROM>
ST_21 : Operation 874 [1/1] (0.00ns) (grouped into LUT with out node storemerge1_16)   --->   "%tmp_19 = call i11 @_ssdm_op_PartSelect.i11.i15.i32.i32(i15 %Sigmoid_lut_V_load_16, i32 4, i32 14)" [lstm_hls_opt/src/rnn.cpp:79]   --->   Operation 874 'partselect' 'tmp_19' <Predicate = true> <Delay = 0.00>
ST_21 : Operation 875 [1/1] (0.00ns) (grouped into LUT with out node storemerge1_16)   --->   "%tmp_198 = zext i11 %tmp_19 to i12" [lstm_hls_opt/src/rnn.cpp:79]   --->   Operation 875 'zext' 'tmp_198' <Predicate = true> <Delay = 0.00>
ST_21 : Operation 876 [1/1] (0.00ns) (grouped into LUT with out node sel_tmp82)   --->   "%sel_tmp81 = xor i1 %tmp_16_82, true" [lstm_hls_opt/src/rnn.cpp:75]   --->   Operation 876 'xor' 'sel_tmp81' <Predicate = true> <Delay = 0.00> <Core = "LogicGate">   --->   Core 27 'LogicGate' <Latency = 0> <II = 1> <Delay = 0.80> <FuncUnit> <Opcode : 'and' 'or' 'xor'> <InPorts = 2> <OutPorts = 1>
ST_21 : Operation 877 [1/1] (0.80ns) (out node of the LUT)   --->   "%sel_tmp82 = and i1 %tmp_9_15, %sel_tmp81" [lstm_hls_opt/src/rnn.cpp:76]   --->   Operation 877 'and' 'sel_tmp82' <Predicate = true> <Delay = 0.80> <Core = "LogicGate">   --->   Core 27 'LogicGate' <Latency = 0> <II = 1> <Delay = 0.80> <FuncUnit> <Opcode : 'and' 'or' 'xor'> <InPorts = 2> <OutPorts = 1>
ST_21 : Operation 878 [1/1] (0.00ns) (grouped into LUT with out node storemerge1_16)   --->   "%sel_tmp80 = select i1 %sel_tmp82, i12 0, i12 -2048" [lstm_hls_opt/src/rnn.cpp:79]   --->   Operation 878 'select' 'sel_tmp80' <Predicate = true> <Delay = 0.00> <Core = "Sel">   --->   Core 26 'Sel' <Latency = 0> <II = 1> <Delay = 0.59> <FuncUnit> <Opcode : 'select'> <InPorts = 3> <OutPorts = 1>
ST_21 : Operation 879 [1/1] (0.00ns) (grouped into LUT with out node storemerge1_16)   --->   "%tmp_328 = or i1 %sel_tmp82, %tmp_16_82" [lstm_hls_opt/src/rnn.cpp:79]   --->   Operation 879 'or' 'tmp_328' <Predicate = true> <Delay = 0.00> <Core = "LogicGate">   --->   Core 27 'LogicGate' <Latency = 0> <II = 1> <Delay = 0.80> <FuncUnit> <Opcode : 'and' 'or' 'xor'> <InPorts = 2> <OutPorts = 1>
ST_21 : Operation 880 [1/1] (0.80ns) (out node of the LUT)   --->   "%storemerge1_16 = select i1 %tmp_328, i12 %sel_tmp80, i12 %tmp_198" [lstm_hls_opt/src/rnn.cpp:79]   --->   Operation 880 'select' 'storemerge1_16' <Predicate = true> <Delay = 0.80> <Core = "Sel">   --->   Core 26 'Sel' <Latency = 0> <II = 1> <Delay = 0.59> <FuncUnit> <Opcode : 'select'> <InPorts = 3> <OutPorts = 1>
ST_21 : Operation 881 [1/1] (0.00ns)   --->   "%storemerge1_16_cast = zext i12 %storemerge1_16 to i16" [lstm_hls_opt/src/rnn.cpp:79]   --->   Operation 881 'zext' 'storemerge1_16_cast' <Predicate = true> <Delay = 0.00>
ST_21 : Operation 882 [1/1] (1.75ns)   --->   "store i16 %storemerge1_16_cast, i16* %x_0_V_addr_5, align 2" [lstm_hls_opt/src/rnn.cpp:75]   --->   Operation 882 'store' <Predicate = true> <Delay = 1.75> <Core = "RAM">   --->   Core 37 'RAM' <Latency = 1> <II = 1> <Delay = 1.75> <Storage> <Opcode : 'load' 'store'> <Ports = 2> <Width = 16> <Depth = 16> <RAM>
ST_21 : Operation 883 [1/1] (0.00ns)   --->   "%tmp_13_16 = zext i8 %tmp_332 to i64" [lstm_hls_opt/src/rnn.cpp:79]   --->   Operation 883 'zext' 'tmp_13_16' <Predicate = true> <Delay = 0.00>
ST_21 : Operation 884 [1/1] (0.00ns)   --->   "%Sigmoid_lut_V_addr_17 = getelementptr [256 x i15]* @Sigmoid_lut_V, i64 0, i64 %tmp_13_16" [lstm_hls_opt/src/rnn.cpp:79]   --->   Operation 884 'getelementptr' 'Sigmoid_lut_V_addr_17' <Predicate = true> <Delay = 0.00>
ST_21 : Operation 885 [2/2] (2.77ns)   --->   "%Sigmoid_lut_V_load_17 = load i15* %Sigmoid_lut_V_addr_17, align 2" [lstm_hls_opt/src/rnn.cpp:79]   --->   Operation 885 'load' 'Sigmoid_lut_V_load_17' <Predicate = true> <Delay = 2.77> <Core = "ROM_1P_LUTRAM">   --->   Core 60 'ROM_1P_LUTRAM' <Latency = 1> <II = 1> <Delay = 2.77> <Storage> <Opcode : 'load'> <Ports = 1> <Width = 15> <Depth = 256> <ROM>

State 22 <SV = 21> <Delay = 5.32>
ST_22 : Operation 886 [1/2] (2.77ns)   --->   "%Sigmoid_lut_V_load_17 = load i15* %Sigmoid_lut_V_addr_17, align 2" [lstm_hls_opt/src/rnn.cpp:79]   --->   Operation 886 'load' 'Sigmoid_lut_V_load_17' <Predicate = true> <Delay = 2.77> <Core = "ROM_1P_LUTRAM">   --->   Core 60 'ROM_1P_LUTRAM' <Latency = 1> <II = 1> <Delay = 2.77> <Storage> <Opcode : 'load'> <Ports = 1> <Width = 15> <Depth = 256> <ROM>
ST_22 : Operation 887 [1/1] (0.00ns) (grouped into LUT with out node storemerge1_17)   --->   "%tmp_20 = call i11 @_ssdm_op_PartSelect.i11.i15.i32.i32(i15 %Sigmoid_lut_V_load_17, i32 4, i32 14)" [lstm_hls_opt/src/rnn.cpp:79]   --->   Operation 887 'partselect' 'tmp_20' <Predicate = true> <Delay = 0.00>
ST_22 : Operation 888 [1/1] (0.00ns) (grouped into LUT with out node storemerge1_17)   --->   "%tmp_202 = zext i11 %tmp_20 to i12" [lstm_hls_opt/src/rnn.cpp:79]   --->   Operation 888 'zext' 'tmp_202' <Predicate = true> <Delay = 0.00>
ST_22 : Operation 889 [1/1] (0.00ns) (grouped into LUT with out node sel_tmp87)   --->   "%sel_tmp86 = xor i1 %tmp_17_83, true" [lstm_hls_opt/src/rnn.cpp:75]   --->   Operation 889 'xor' 'sel_tmp86' <Predicate = true> <Delay = 0.00> <Core = "LogicGate">   --->   Core 27 'LogicGate' <Latency = 0> <II = 1> <Delay = 0.80> <FuncUnit> <Opcode : 'and' 'or' 'xor'> <InPorts = 2> <OutPorts = 1>
ST_22 : Operation 890 [1/1] (0.80ns) (out node of the LUT)   --->   "%sel_tmp87 = and i1 %tmp_9_16, %sel_tmp86" [lstm_hls_opt/src/rnn.cpp:76]   --->   Operation 890 'and' 'sel_tmp87' <Predicate = true> <Delay = 0.80> <Core = "LogicGate">   --->   Core 27 'LogicGate' <Latency = 0> <II = 1> <Delay = 0.80> <FuncUnit> <Opcode : 'and' 'or' 'xor'> <InPorts = 2> <OutPorts = 1>
ST_22 : Operation 891 [1/1] (0.00ns) (grouped into LUT with out node storemerge1_17)   --->   "%sel_tmp85 = select i1 %sel_tmp87, i12 0, i12 -2048" [lstm_hls_opt/src/rnn.cpp:79]   --->   Operation 891 'select' 'sel_tmp85' <Predicate = true> <Delay = 0.00> <Core = "Sel">   --->   Core 26 'Sel' <Latency = 0> <II = 1> <Delay = 0.59> <FuncUnit> <Opcode : 'select'> <InPorts = 3> <OutPorts = 1>
ST_22 : Operation 892 [1/1] (0.00ns) (grouped into LUT with out node storemerge1_17)   --->   "%tmp_333 = or i1 %sel_tmp87, %tmp_17_83" [lstm_hls_opt/src/rnn.cpp:79]   --->   Operation 892 'or' 'tmp_333' <Predicate = true> <Delay = 0.00> <Core = "LogicGate">   --->   Core 27 'LogicGate' <Latency = 0> <II = 1> <Delay = 0.80> <FuncUnit> <Opcode : 'and' 'or' 'xor'> <InPorts = 2> <OutPorts = 1>
ST_22 : Operation 893 [1/1] (0.80ns) (out node of the LUT)   --->   "%storemerge1_17 = select i1 %tmp_333, i12 %sel_tmp85, i12 %tmp_202" [lstm_hls_opt/src/rnn.cpp:79]   --->   Operation 893 'select' 'storemerge1_17' <Predicate = true> <Delay = 0.80> <Core = "Sel">   --->   Core 26 'Sel' <Latency = 0> <II = 1> <Delay = 0.59> <FuncUnit> <Opcode : 'select'> <InPorts = 3> <OutPorts = 1>
ST_22 : Operation 894 [1/1] (0.00ns)   --->   "%storemerge1_17_cast = zext i12 %storemerge1_17 to i16" [lstm_hls_opt/src/rnn.cpp:79]   --->   Operation 894 'zext' 'storemerge1_17_cast' <Predicate = true> <Delay = 0.00>
ST_22 : Operation 895 [1/1] (1.75ns)   --->   "store i16 %storemerge1_17_cast, i16* %x_1_V_addr_5, align 2" [lstm_hls_opt/src/rnn.cpp:75]   --->   Operation 895 'store' <Predicate = true> <Delay = 1.75> <Core = "RAM">   --->   Core 37 'RAM' <Latency = 1> <II = 1> <Delay = 1.75> <Storage> <Opcode : 'load' 'store'> <Ports = 2> <Width = 16> <Depth = 16> <RAM>
ST_22 : Operation 896 [1/1] (0.00ns)   --->   "%tmp_13_17 = zext i8 %tmp_337 to i64" [lstm_hls_opt/src/rnn.cpp:79]   --->   Operation 896 'zext' 'tmp_13_17' <Predicate = true> <Delay = 0.00>
ST_22 : Operation 897 [1/1] (0.00ns)   --->   "%Sigmoid_lut_V_addr_18 = getelementptr [256 x i15]* @Sigmoid_lut_V, i64 0, i64 %tmp_13_17" [lstm_hls_opt/src/rnn.cpp:79]   --->   Operation 897 'getelementptr' 'Sigmoid_lut_V_addr_18' <Predicate = true> <Delay = 0.00>
ST_22 : Operation 898 [2/2] (2.77ns)   --->   "%Sigmoid_lut_V_load_18 = load i15* %Sigmoid_lut_V_addr_18, align 2" [lstm_hls_opt/src/rnn.cpp:79]   --->   Operation 898 'load' 'Sigmoid_lut_V_load_18' <Predicate = true> <Delay = 2.77> <Core = "ROM_1P_LUTRAM">   --->   Core 60 'ROM_1P_LUTRAM' <Latency = 1> <II = 1> <Delay = 2.77> <Storage> <Opcode : 'load'> <Ports = 1> <Width = 15> <Depth = 256> <ROM>

State 23 <SV = 22> <Delay = 5.32>
ST_23 : Operation 899 [1/2] (2.77ns)   --->   "%Sigmoid_lut_V_load_18 = load i15* %Sigmoid_lut_V_addr_18, align 2" [lstm_hls_opt/src/rnn.cpp:79]   --->   Operation 899 'load' 'Sigmoid_lut_V_load_18' <Predicate = true> <Delay = 2.77> <Core = "ROM_1P_LUTRAM">   --->   Core 60 'ROM_1P_LUTRAM' <Latency = 1> <II = 1> <Delay = 2.77> <Storage> <Opcode : 'load'> <Ports = 1> <Width = 15> <Depth = 256> <ROM>
ST_23 : Operation 900 [1/1] (0.00ns) (grouped into LUT with out node storemerge1_18)   --->   "%tmp_21 = call i11 @_ssdm_op_PartSelect.i11.i15.i32.i32(i15 %Sigmoid_lut_V_load_18, i32 4, i32 14)" [lstm_hls_opt/src/rnn.cpp:79]   --->   Operation 900 'partselect' 'tmp_21' <Predicate = true> <Delay = 0.00>
ST_23 : Operation 901 [1/1] (0.00ns) (grouped into LUT with out node storemerge1_18)   --->   "%tmp_206 = zext i11 %tmp_21 to i12" [lstm_hls_opt/src/rnn.cpp:79]   --->   Operation 901 'zext' 'tmp_206' <Predicate = true> <Delay = 0.00>
ST_23 : Operation 902 [1/1] (0.00ns) (grouped into LUT with out node sel_tmp92)   --->   "%sel_tmp91 = xor i1 %tmp_18_84, true" [lstm_hls_opt/src/rnn.cpp:75]   --->   Operation 902 'xor' 'sel_tmp91' <Predicate = true> <Delay = 0.00> <Core = "LogicGate">   --->   Core 27 'LogicGate' <Latency = 0> <II = 1> <Delay = 0.80> <FuncUnit> <Opcode : 'and' 'or' 'xor'> <InPorts = 2> <OutPorts = 1>
ST_23 : Operation 903 [1/1] (0.80ns) (out node of the LUT)   --->   "%sel_tmp92 = and i1 %tmp_9_17, %sel_tmp91" [lstm_hls_opt/src/rnn.cpp:76]   --->   Operation 903 'and' 'sel_tmp92' <Predicate = true> <Delay = 0.80> <Core = "LogicGate">   --->   Core 27 'LogicGate' <Latency = 0> <II = 1> <Delay = 0.80> <FuncUnit> <Opcode : 'and' 'or' 'xor'> <InPorts = 2> <OutPorts = 1>
ST_23 : Operation 904 [1/1] (0.00ns) (grouped into LUT with out node storemerge1_18)   --->   "%sel_tmp90 = select i1 %sel_tmp92, i12 0, i12 -2048" [lstm_hls_opt/src/rnn.cpp:79]   --->   Operation 904 'select' 'sel_tmp90' <Predicate = true> <Delay = 0.00> <Core = "Sel">   --->   Core 26 'Sel' <Latency = 0> <II = 1> <Delay = 0.59> <FuncUnit> <Opcode : 'select'> <InPorts = 3> <OutPorts = 1>
ST_23 : Operation 905 [1/1] (0.00ns) (grouped into LUT with out node storemerge1_18)   --->   "%tmp_338 = or i1 %sel_tmp92, %tmp_18_84" [lstm_hls_opt/src/rnn.cpp:79]   --->   Operation 905 'or' 'tmp_338' <Predicate = true> <Delay = 0.00> <Core = "LogicGate">   --->   Core 27 'LogicGate' <Latency = 0> <II = 1> <Delay = 0.80> <FuncUnit> <Opcode : 'and' 'or' 'xor'> <InPorts = 2> <OutPorts = 1>
ST_23 : Operation 906 [1/1] (0.80ns) (out node of the LUT)   --->   "%storemerge1_18 = select i1 %tmp_338, i12 %sel_tmp90, i12 %tmp_206" [lstm_hls_opt/src/rnn.cpp:79]   --->   Operation 906 'select' 'storemerge1_18' <Predicate = true> <Delay = 0.80> <Core = "Sel">   --->   Core 26 'Sel' <Latency = 0> <II = 1> <Delay = 0.59> <FuncUnit> <Opcode : 'select'> <InPorts = 3> <OutPorts = 1>
ST_23 : Operation 907 [1/1] (0.00ns)   --->   "%storemerge1_18_cast = zext i12 %storemerge1_18 to i16" [lstm_hls_opt/src/rnn.cpp:79]   --->   Operation 907 'zext' 'storemerge1_18_cast' <Predicate = true> <Delay = 0.00>
ST_23 : Operation 908 [1/1] (1.75ns)   --->   "store i16 %storemerge1_18_cast, i16* %x_2_V_addr_5, align 2" [lstm_hls_opt/src/rnn.cpp:75]   --->   Operation 908 'store' <Predicate = true> <Delay = 1.75> <Core = "RAM">   --->   Core 37 'RAM' <Latency = 1> <II = 1> <Delay = 1.75> <Storage> <Opcode : 'load' 'store'> <Ports = 2> <Width = 16> <Depth = 16> <RAM>
ST_23 : Operation 909 [1/1] (0.00ns)   --->   "%tmp_13_18 = zext i8 %tmp_342 to i64" [lstm_hls_opt/src/rnn.cpp:79]   --->   Operation 909 'zext' 'tmp_13_18' <Predicate = true> <Delay = 0.00>
ST_23 : Operation 910 [1/1] (0.00ns)   --->   "%Sigmoid_lut_V_addr_19 = getelementptr [256 x i15]* @Sigmoid_lut_V, i64 0, i64 %tmp_13_18" [lstm_hls_opt/src/rnn.cpp:79]   --->   Operation 910 'getelementptr' 'Sigmoid_lut_V_addr_19' <Predicate = true> <Delay = 0.00>
ST_23 : Operation 911 [2/2] (2.77ns)   --->   "%Sigmoid_lut_V_load_19 = load i15* %Sigmoid_lut_V_addr_19, align 2" [lstm_hls_opt/src/rnn.cpp:79]   --->   Operation 911 'load' 'Sigmoid_lut_V_load_19' <Predicate = true> <Delay = 2.77> <Core = "ROM_1P_LUTRAM">   --->   Core 60 'ROM_1P_LUTRAM' <Latency = 1> <II = 1> <Delay = 2.77> <Storage> <Opcode : 'load'> <Ports = 1> <Width = 15> <Depth = 256> <ROM>

State 24 <SV = 23> <Delay = 5.32>
ST_24 : Operation 912 [1/2] (2.77ns)   --->   "%Sigmoid_lut_V_load_19 = load i15* %Sigmoid_lut_V_addr_19, align 2" [lstm_hls_opt/src/rnn.cpp:79]   --->   Operation 912 'load' 'Sigmoid_lut_V_load_19' <Predicate = true> <Delay = 2.77> <Core = "ROM_1P_LUTRAM">   --->   Core 60 'ROM_1P_LUTRAM' <Latency = 1> <II = 1> <Delay = 2.77> <Storage> <Opcode : 'load'> <Ports = 1> <Width = 15> <Depth = 256> <ROM>
ST_24 : Operation 913 [1/1] (0.00ns) (grouped into LUT with out node storemerge1_19)   --->   "%tmp_22 = call i11 @_ssdm_op_PartSelect.i11.i15.i32.i32(i15 %Sigmoid_lut_V_load_19, i32 4, i32 14)" [lstm_hls_opt/src/rnn.cpp:79]   --->   Operation 913 'partselect' 'tmp_22' <Predicate = true> <Delay = 0.00>
ST_24 : Operation 914 [1/1] (0.00ns) (grouped into LUT with out node storemerge1_19)   --->   "%tmp_210 = zext i11 %tmp_22 to i12" [lstm_hls_opt/src/rnn.cpp:79]   --->   Operation 914 'zext' 'tmp_210' <Predicate = true> <Delay = 0.00>
ST_24 : Operation 915 [1/1] (0.00ns) (grouped into LUT with out node sel_tmp97)   --->   "%sel_tmp96 = xor i1 %tmp_19_85, true" [lstm_hls_opt/src/rnn.cpp:75]   --->   Operation 915 'xor' 'sel_tmp96' <Predicate = true> <Delay = 0.00> <Core = "LogicGate">   --->   Core 27 'LogicGate' <Latency = 0> <II = 1> <Delay = 0.80> <FuncUnit> <Opcode : 'and' 'or' 'xor'> <InPorts = 2> <OutPorts = 1>
ST_24 : Operation 916 [1/1] (0.80ns) (out node of the LUT)   --->   "%sel_tmp97 = and i1 %tmp_9_18, %sel_tmp96" [lstm_hls_opt/src/rnn.cpp:76]   --->   Operation 916 'and' 'sel_tmp97' <Predicate = true> <Delay = 0.80> <Core = "LogicGate">   --->   Core 27 'LogicGate' <Latency = 0> <II = 1> <Delay = 0.80> <FuncUnit> <Opcode : 'and' 'or' 'xor'> <InPorts = 2> <OutPorts = 1>
ST_24 : Operation 917 [1/1] (0.00ns) (grouped into LUT with out node storemerge1_19)   --->   "%sel_tmp95 = select i1 %sel_tmp97, i12 0, i12 -2048" [lstm_hls_opt/src/rnn.cpp:79]   --->   Operation 917 'select' 'sel_tmp95' <Predicate = true> <Delay = 0.00> <Core = "Sel">   --->   Core 26 'Sel' <Latency = 0> <II = 1> <Delay = 0.59> <FuncUnit> <Opcode : 'select'> <InPorts = 3> <OutPorts = 1>
ST_24 : Operation 918 [1/1] (0.00ns) (grouped into LUT with out node storemerge1_19)   --->   "%tmp_343 = or i1 %sel_tmp97, %tmp_19_85" [lstm_hls_opt/src/rnn.cpp:79]   --->   Operation 918 'or' 'tmp_343' <Predicate = true> <Delay = 0.00> <Core = "LogicGate">   --->   Core 27 'LogicGate' <Latency = 0> <II = 1> <Delay = 0.80> <FuncUnit> <Opcode : 'and' 'or' 'xor'> <InPorts = 2> <OutPorts = 1>
ST_24 : Operation 919 [1/1] (0.80ns) (out node of the LUT)   --->   "%storemerge1_19 = select i1 %tmp_343, i12 %sel_tmp95, i12 %tmp_210" [lstm_hls_opt/src/rnn.cpp:79]   --->   Operation 919 'select' 'storemerge1_19' <Predicate = true> <Delay = 0.80> <Core = "Sel">   --->   Core 26 'Sel' <Latency = 0> <II = 1> <Delay = 0.59> <FuncUnit> <Opcode : 'select'> <InPorts = 3> <OutPorts = 1>
ST_24 : Operation 920 [1/1] (0.00ns)   --->   "%storemerge1_19_cast = zext i12 %storemerge1_19 to i16" [lstm_hls_opt/src/rnn.cpp:79]   --->   Operation 920 'zext' 'storemerge1_19_cast' <Predicate = true> <Delay = 0.00>
ST_24 : Operation 921 [1/1] (1.75ns)   --->   "store i16 %storemerge1_19_cast, i16* %x_3_V_addr_5, align 2" [lstm_hls_opt/src/rnn.cpp:75]   --->   Operation 921 'store' <Predicate = true> <Delay = 1.75> <Core = "RAM">   --->   Core 37 'RAM' <Latency = 1> <II = 1> <Delay = 1.75> <Storage> <Opcode : 'load' 'store'> <Ports = 2> <Width = 16> <Depth = 16> <RAM>
ST_24 : Operation 922 [1/1] (0.00ns)   --->   "%tmp_13_19 = zext i8 %tmp_347 to i64" [lstm_hls_opt/src/rnn.cpp:79]   --->   Operation 922 'zext' 'tmp_13_19' <Predicate = true> <Delay = 0.00>
ST_24 : Operation 923 [1/1] (0.00ns)   --->   "%Sigmoid_lut_V_addr_20 = getelementptr [256 x i15]* @Sigmoid_lut_V, i64 0, i64 %tmp_13_19" [lstm_hls_opt/src/rnn.cpp:79]   --->   Operation 923 'getelementptr' 'Sigmoid_lut_V_addr_20' <Predicate = true> <Delay = 0.00>
ST_24 : Operation 924 [2/2] (2.77ns)   --->   "%Sigmoid_lut_V_load_20 = load i15* %Sigmoid_lut_V_addr_20, align 2" [lstm_hls_opt/src/rnn.cpp:79]   --->   Operation 924 'load' 'Sigmoid_lut_V_load_20' <Predicate = true> <Delay = 2.77> <Core = "ROM_1P_LUTRAM">   --->   Core 60 'ROM_1P_LUTRAM' <Latency = 1> <II = 1> <Delay = 2.77> <Storage> <Opcode : 'load'> <Ports = 1> <Width = 15> <Depth = 256> <ROM>

State 25 <SV = 24> <Delay = 5.32>
ST_25 : Operation 925 [1/2] (2.77ns)   --->   "%Sigmoid_lut_V_load_20 = load i15* %Sigmoid_lut_V_addr_20, align 2" [lstm_hls_opt/src/rnn.cpp:79]   --->   Operation 925 'load' 'Sigmoid_lut_V_load_20' <Predicate = true> <Delay = 2.77> <Core = "ROM_1P_LUTRAM">   --->   Core 60 'ROM_1P_LUTRAM' <Latency = 1> <II = 1> <Delay = 2.77> <Storage> <Opcode : 'load'> <Ports = 1> <Width = 15> <Depth = 256> <ROM>
ST_25 : Operation 926 [1/1] (0.00ns) (grouped into LUT with out node storemerge1_20)   --->   "%tmp_23 = call i11 @_ssdm_op_PartSelect.i11.i15.i32.i32(i15 %Sigmoid_lut_V_load_20, i32 4, i32 14)" [lstm_hls_opt/src/rnn.cpp:79]   --->   Operation 926 'partselect' 'tmp_23' <Predicate = true> <Delay = 0.00>
ST_25 : Operation 927 [1/1] (0.00ns) (grouped into LUT with out node storemerge1_20)   --->   "%tmp_214 = zext i11 %tmp_23 to i12" [lstm_hls_opt/src/rnn.cpp:79]   --->   Operation 927 'zext' 'tmp_214' <Predicate = true> <Delay = 0.00>
ST_25 : Operation 928 [1/1] (0.00ns) (grouped into LUT with out node sel_tmp99)   --->   "%sel_tmp98 = xor i1 %tmp_20_86, true" [lstm_hls_opt/src/rnn.cpp:75]   --->   Operation 928 'xor' 'sel_tmp98' <Predicate = true> <Delay = 0.00> <Core = "LogicGate">   --->   Core 27 'LogicGate' <Latency = 0> <II = 1> <Delay = 0.80> <FuncUnit> <Opcode : 'and' 'or' 'xor'> <InPorts = 2> <OutPorts = 1>
ST_25 : Operation 929 [1/1] (0.80ns) (out node of the LUT)   --->   "%sel_tmp99 = and i1 %tmp_9_19, %sel_tmp98" [lstm_hls_opt/src/rnn.cpp:76]   --->   Operation 929 'and' 'sel_tmp99' <Predicate = true> <Delay = 0.80> <Core = "LogicGate">   --->   Core 27 'LogicGate' <Latency = 0> <II = 1> <Delay = 0.80> <FuncUnit> <Opcode : 'and' 'or' 'xor'> <InPorts = 2> <OutPorts = 1>
ST_25 : Operation 930 [1/1] (0.00ns) (grouped into LUT with out node storemerge1_20)   --->   "%sel_tmp100 = select i1 %sel_tmp99, i12 0, i12 -2048" [lstm_hls_opt/src/rnn.cpp:79]   --->   Operation 930 'select' 'sel_tmp100' <Predicate = true> <Delay = 0.00> <Core = "Sel">   --->   Core 26 'Sel' <Latency = 0> <II = 1> <Delay = 0.59> <FuncUnit> <Opcode : 'select'> <InPorts = 3> <OutPorts = 1>
ST_25 : Operation 931 [1/1] (0.00ns) (grouped into LUT with out node storemerge1_20)   --->   "%tmp_348 = or i1 %sel_tmp99, %tmp_20_86" [lstm_hls_opt/src/rnn.cpp:79]   --->   Operation 931 'or' 'tmp_348' <Predicate = true> <Delay = 0.00> <Core = "LogicGate">   --->   Core 27 'LogicGate' <Latency = 0> <II = 1> <Delay = 0.80> <FuncUnit> <Opcode : 'and' 'or' 'xor'> <InPorts = 2> <OutPorts = 1>
ST_25 : Operation 932 [1/1] (0.80ns) (out node of the LUT)   --->   "%storemerge1_20 = select i1 %tmp_348, i12 %sel_tmp100, i12 %tmp_214" [lstm_hls_opt/src/rnn.cpp:79]   --->   Operation 932 'select' 'storemerge1_20' <Predicate = true> <Delay = 0.80> <Core = "Sel">   --->   Core 26 'Sel' <Latency = 0> <II = 1> <Delay = 0.59> <FuncUnit> <Opcode : 'select'> <InPorts = 3> <OutPorts = 1>
ST_25 : Operation 933 [1/1] (0.00ns)   --->   "%storemerge1_20_cast = zext i12 %storemerge1_20 to i16" [lstm_hls_opt/src/rnn.cpp:79]   --->   Operation 933 'zext' 'storemerge1_20_cast' <Predicate = true> <Delay = 0.00>
ST_25 : Operation 934 [1/1] (1.75ns)   --->   "store i16 %storemerge1_20_cast, i16* %x_4_V_addr_5, align 2" [lstm_hls_opt/src/rnn.cpp:75]   --->   Operation 934 'store' <Predicate = true> <Delay = 1.75> <Core = "RAM">   --->   Core 37 'RAM' <Latency = 1> <II = 1> <Delay = 1.75> <Storage> <Opcode : 'load' 'store'> <Ports = 2> <Width = 16> <Depth = 16> <RAM>
ST_25 : Operation 935 [1/1] (0.00ns)   --->   "%tmp_13_20 = zext i8 %tmp_352 to i64" [lstm_hls_opt/src/rnn.cpp:79]   --->   Operation 935 'zext' 'tmp_13_20' <Predicate = true> <Delay = 0.00>
ST_25 : Operation 936 [1/1] (0.00ns)   --->   "%Sigmoid_lut_V_addr_21 = getelementptr [256 x i15]* @Sigmoid_lut_V, i64 0, i64 %tmp_13_20" [lstm_hls_opt/src/rnn.cpp:79]   --->   Operation 936 'getelementptr' 'Sigmoid_lut_V_addr_21' <Predicate = true> <Delay = 0.00>
ST_25 : Operation 937 [2/2] (2.77ns)   --->   "%Sigmoid_lut_V_load_21 = load i15* %Sigmoid_lut_V_addr_21, align 2" [lstm_hls_opt/src/rnn.cpp:79]   --->   Operation 937 'load' 'Sigmoid_lut_V_load_21' <Predicate = true> <Delay = 2.77> <Core = "ROM_1P_LUTRAM">   --->   Core 60 'ROM_1P_LUTRAM' <Latency = 1> <II = 1> <Delay = 2.77> <Storage> <Opcode : 'load'> <Ports = 1> <Width = 15> <Depth = 256> <ROM>

State 26 <SV = 25> <Delay = 5.32>
ST_26 : Operation 938 [1/2] (2.77ns)   --->   "%Sigmoid_lut_V_load_21 = load i15* %Sigmoid_lut_V_addr_21, align 2" [lstm_hls_opt/src/rnn.cpp:79]   --->   Operation 938 'load' 'Sigmoid_lut_V_load_21' <Predicate = true> <Delay = 2.77> <Core = "ROM_1P_LUTRAM">   --->   Core 60 'ROM_1P_LUTRAM' <Latency = 1> <II = 1> <Delay = 2.77> <Storage> <Opcode : 'load'> <Ports = 1> <Width = 15> <Depth = 256> <ROM>
ST_26 : Operation 939 [1/1] (0.00ns) (grouped into LUT with out node storemerge1_21)   --->   "%tmp_24 = call i11 @_ssdm_op_PartSelect.i11.i15.i32.i32(i15 %Sigmoid_lut_V_load_21, i32 4, i32 14)" [lstm_hls_opt/src/rnn.cpp:79]   --->   Operation 939 'partselect' 'tmp_24' <Predicate = true> <Delay = 0.00>
ST_26 : Operation 940 [1/1] (0.00ns) (grouped into LUT with out node storemerge1_21)   --->   "%tmp_218 = zext i11 %tmp_24 to i12" [lstm_hls_opt/src/rnn.cpp:79]   --->   Operation 940 'zext' 'tmp_218' <Predicate = true> <Delay = 0.00>
ST_26 : Operation 941 [1/1] (0.00ns) (grouped into LUT with out node sel_tmp102)   --->   "%sel_tmp101 = xor i1 %tmp_21_87, true" [lstm_hls_opt/src/rnn.cpp:75]   --->   Operation 941 'xor' 'sel_tmp101' <Predicate = true> <Delay = 0.00> <Core = "LogicGate">   --->   Core 27 'LogicGate' <Latency = 0> <II = 1> <Delay = 0.80> <FuncUnit> <Opcode : 'and' 'or' 'xor'> <InPorts = 2> <OutPorts = 1>
ST_26 : Operation 942 [1/1] (0.80ns) (out node of the LUT)   --->   "%sel_tmp102 = and i1 %tmp_9_20, %sel_tmp101" [lstm_hls_opt/src/rnn.cpp:76]   --->   Operation 942 'and' 'sel_tmp102' <Predicate = true> <Delay = 0.80> <Core = "LogicGate">   --->   Core 27 'LogicGate' <Latency = 0> <II = 1> <Delay = 0.80> <FuncUnit> <Opcode : 'and' 'or' 'xor'> <InPorts = 2> <OutPorts = 1>
ST_26 : Operation 943 [1/1] (0.00ns) (grouped into LUT with out node storemerge1_21)   --->   "%sel_tmp103 = select i1 %sel_tmp102, i12 0, i12 -2048" [lstm_hls_opt/src/rnn.cpp:79]   --->   Operation 943 'select' 'sel_tmp103' <Predicate = true> <Delay = 0.00> <Core = "Sel">   --->   Core 26 'Sel' <Latency = 0> <II = 1> <Delay = 0.59> <FuncUnit> <Opcode : 'select'> <InPorts = 3> <OutPorts = 1>
ST_26 : Operation 944 [1/1] (0.00ns) (grouped into LUT with out node storemerge1_21)   --->   "%tmp_353 = or i1 %sel_tmp102, %tmp_21_87" [lstm_hls_opt/src/rnn.cpp:79]   --->   Operation 944 'or' 'tmp_353' <Predicate = true> <Delay = 0.00> <Core = "LogicGate">   --->   Core 27 'LogicGate' <Latency = 0> <II = 1> <Delay = 0.80> <FuncUnit> <Opcode : 'and' 'or' 'xor'> <InPorts = 2> <OutPorts = 1>
ST_26 : Operation 945 [1/1] (0.80ns) (out node of the LUT)   --->   "%storemerge1_21 = select i1 %tmp_353, i12 %sel_tmp103, i12 %tmp_218" [lstm_hls_opt/src/rnn.cpp:79]   --->   Operation 945 'select' 'storemerge1_21' <Predicate = true> <Delay = 0.80> <Core = "Sel">   --->   Core 26 'Sel' <Latency = 0> <II = 1> <Delay = 0.59> <FuncUnit> <Opcode : 'select'> <InPorts = 3> <OutPorts = 1>
ST_26 : Operation 946 [1/1] (0.00ns)   --->   "%storemerge1_21_cast = zext i12 %storemerge1_21 to i16" [lstm_hls_opt/src/rnn.cpp:79]   --->   Operation 946 'zext' 'storemerge1_21_cast' <Predicate = true> <Delay = 0.00>
ST_26 : Operation 947 [1/1] (1.75ns)   --->   "store i16 %storemerge1_21_cast, i16* %x_5_V_addr_5, align 2" [lstm_hls_opt/src/rnn.cpp:75]   --->   Operation 947 'store' <Predicate = true> <Delay = 1.75> <Core = "RAM">   --->   Core 37 'RAM' <Latency = 1> <II = 1> <Delay = 1.75> <Storage> <Opcode : 'load' 'store'> <Ports = 2> <Width = 16> <Depth = 16> <RAM>
ST_26 : Operation 948 [1/1] (0.00ns)   --->   "%tmp_13_21 = zext i8 %tmp_357 to i64" [lstm_hls_opt/src/rnn.cpp:79]   --->   Operation 948 'zext' 'tmp_13_21' <Predicate = true> <Delay = 0.00>
ST_26 : Operation 949 [1/1] (0.00ns)   --->   "%Sigmoid_lut_V_addr_22 = getelementptr [256 x i15]* @Sigmoid_lut_V, i64 0, i64 %tmp_13_21" [lstm_hls_opt/src/rnn.cpp:79]   --->   Operation 949 'getelementptr' 'Sigmoid_lut_V_addr_22' <Predicate = true> <Delay = 0.00>
ST_26 : Operation 950 [2/2] (2.77ns)   --->   "%Sigmoid_lut_V_load_22 = load i15* %Sigmoid_lut_V_addr_22, align 2" [lstm_hls_opt/src/rnn.cpp:79]   --->   Operation 950 'load' 'Sigmoid_lut_V_load_22' <Predicate = true> <Delay = 2.77> <Core = "ROM_1P_LUTRAM">   --->   Core 60 'ROM_1P_LUTRAM' <Latency = 1> <II = 1> <Delay = 2.77> <Storage> <Opcode : 'load'> <Ports = 1> <Width = 15> <Depth = 256> <ROM>

State 27 <SV = 26> <Delay = 5.32>
ST_27 : Operation 951 [1/2] (2.77ns)   --->   "%Sigmoid_lut_V_load_22 = load i15* %Sigmoid_lut_V_addr_22, align 2" [lstm_hls_opt/src/rnn.cpp:79]   --->   Operation 951 'load' 'Sigmoid_lut_V_load_22' <Predicate = true> <Delay = 2.77> <Core = "ROM_1P_LUTRAM">   --->   Core 60 'ROM_1P_LUTRAM' <Latency = 1> <II = 1> <Delay = 2.77> <Storage> <Opcode : 'load'> <Ports = 1> <Width = 15> <Depth = 256> <ROM>
ST_27 : Operation 952 [1/1] (0.00ns) (grouped into LUT with out node storemerge1_22)   --->   "%tmp_25 = call i11 @_ssdm_op_PartSelect.i11.i15.i32.i32(i15 %Sigmoid_lut_V_load_22, i32 4, i32 14)" [lstm_hls_opt/src/rnn.cpp:79]   --->   Operation 952 'partselect' 'tmp_25' <Predicate = true> <Delay = 0.00>
ST_27 : Operation 953 [1/1] (0.00ns) (grouped into LUT with out node storemerge1_22)   --->   "%tmp_222 = zext i11 %tmp_25 to i12" [lstm_hls_opt/src/rnn.cpp:79]   --->   Operation 953 'zext' 'tmp_222' <Predicate = true> <Delay = 0.00>
ST_27 : Operation 954 [1/1] (0.00ns) (grouped into LUT with out node sel_tmp105)   --->   "%sel_tmp104 = xor i1 %tmp_22_88, true" [lstm_hls_opt/src/rnn.cpp:75]   --->   Operation 954 'xor' 'sel_tmp104' <Predicate = true> <Delay = 0.00> <Core = "LogicGate">   --->   Core 27 'LogicGate' <Latency = 0> <II = 1> <Delay = 0.80> <FuncUnit> <Opcode : 'and' 'or' 'xor'> <InPorts = 2> <OutPorts = 1>
ST_27 : Operation 955 [1/1] (0.80ns) (out node of the LUT)   --->   "%sel_tmp105 = and i1 %tmp_9_21, %sel_tmp104" [lstm_hls_opt/src/rnn.cpp:76]   --->   Operation 955 'and' 'sel_tmp105' <Predicate = true> <Delay = 0.80> <Core = "LogicGate">   --->   Core 27 'LogicGate' <Latency = 0> <II = 1> <Delay = 0.80> <FuncUnit> <Opcode : 'and' 'or' 'xor'> <InPorts = 2> <OutPorts = 1>
ST_27 : Operation 956 [1/1] (0.00ns) (grouped into LUT with out node storemerge1_22)   --->   "%sel_tmp106 = select i1 %sel_tmp105, i12 0, i12 -2048" [lstm_hls_opt/src/rnn.cpp:79]   --->   Operation 956 'select' 'sel_tmp106' <Predicate = true> <Delay = 0.00> <Core = "Sel">   --->   Core 26 'Sel' <Latency = 0> <II = 1> <Delay = 0.59> <FuncUnit> <Opcode : 'select'> <InPorts = 3> <OutPorts = 1>
ST_27 : Operation 957 [1/1] (0.00ns) (grouped into LUT with out node storemerge1_22)   --->   "%tmp_358 = or i1 %sel_tmp105, %tmp_22_88" [lstm_hls_opt/src/rnn.cpp:79]   --->   Operation 957 'or' 'tmp_358' <Predicate = true> <Delay = 0.00> <Core = "LogicGate">   --->   Core 27 'LogicGate' <Latency = 0> <II = 1> <Delay = 0.80> <FuncUnit> <Opcode : 'and' 'or' 'xor'> <InPorts = 2> <OutPorts = 1>
ST_27 : Operation 958 [1/1] (0.80ns) (out node of the LUT)   --->   "%storemerge1_22 = select i1 %tmp_358, i12 %sel_tmp106, i12 %tmp_222" [lstm_hls_opt/src/rnn.cpp:79]   --->   Operation 958 'select' 'storemerge1_22' <Predicate = true> <Delay = 0.80> <Core = "Sel">   --->   Core 26 'Sel' <Latency = 0> <II = 1> <Delay = 0.59> <FuncUnit> <Opcode : 'select'> <InPorts = 3> <OutPorts = 1>
ST_27 : Operation 959 [1/1] (0.00ns)   --->   "%storemerge1_22_cast = zext i12 %storemerge1_22 to i16" [lstm_hls_opt/src/rnn.cpp:79]   --->   Operation 959 'zext' 'storemerge1_22_cast' <Predicate = true> <Delay = 0.00>
ST_27 : Operation 960 [1/1] (1.75ns)   --->   "store i16 %storemerge1_22_cast, i16* %x_6_V_addr_5, align 2" [lstm_hls_opt/src/rnn.cpp:75]   --->   Operation 960 'store' <Predicate = true> <Delay = 1.75> <Core = "RAM">   --->   Core 37 'RAM' <Latency = 1> <II = 1> <Delay = 1.75> <Storage> <Opcode : 'load' 'store'> <Ports = 2> <Width = 16> <Depth = 16> <RAM>
ST_27 : Operation 961 [1/1] (0.00ns)   --->   "%tmp_13_22 = zext i8 %tmp_362 to i64" [lstm_hls_opt/src/rnn.cpp:79]   --->   Operation 961 'zext' 'tmp_13_22' <Predicate = true> <Delay = 0.00>
ST_27 : Operation 962 [1/1] (0.00ns)   --->   "%Sigmoid_lut_V_addr_23 = getelementptr [256 x i15]* @Sigmoid_lut_V, i64 0, i64 %tmp_13_22" [lstm_hls_opt/src/rnn.cpp:79]   --->   Operation 962 'getelementptr' 'Sigmoid_lut_V_addr_23' <Predicate = true> <Delay = 0.00>
ST_27 : Operation 963 [2/2] (2.77ns)   --->   "%Sigmoid_lut_V_load_23 = load i15* %Sigmoid_lut_V_addr_23, align 2" [lstm_hls_opt/src/rnn.cpp:79]   --->   Operation 963 'load' 'Sigmoid_lut_V_load_23' <Predicate = true> <Delay = 2.77> <Core = "ROM_1P_LUTRAM">   --->   Core 60 'ROM_1P_LUTRAM' <Latency = 1> <II = 1> <Delay = 2.77> <Storage> <Opcode : 'load'> <Ports = 1> <Width = 15> <Depth = 256> <ROM>

State 28 <SV = 27> <Delay = 5.32>
ST_28 : Operation 964 [1/2] (2.77ns)   --->   "%Sigmoid_lut_V_load_23 = load i15* %Sigmoid_lut_V_addr_23, align 2" [lstm_hls_opt/src/rnn.cpp:79]   --->   Operation 964 'load' 'Sigmoid_lut_V_load_23' <Predicate = true> <Delay = 2.77> <Core = "ROM_1P_LUTRAM">   --->   Core 60 'ROM_1P_LUTRAM' <Latency = 1> <II = 1> <Delay = 2.77> <Storage> <Opcode : 'load'> <Ports = 1> <Width = 15> <Depth = 256> <ROM>
ST_28 : Operation 965 [1/1] (0.00ns) (grouped into LUT with out node storemerge1_23)   --->   "%tmp_26 = call i11 @_ssdm_op_PartSelect.i11.i15.i32.i32(i15 %Sigmoid_lut_V_load_23, i32 4, i32 14)" [lstm_hls_opt/src/rnn.cpp:79]   --->   Operation 965 'partselect' 'tmp_26' <Predicate = true> <Delay = 0.00>
ST_28 : Operation 966 [1/1] (0.00ns) (grouped into LUT with out node storemerge1_23)   --->   "%tmp_226 = zext i11 %tmp_26 to i12" [lstm_hls_opt/src/rnn.cpp:79]   --->   Operation 966 'zext' 'tmp_226' <Predicate = true> <Delay = 0.00>
ST_28 : Operation 967 [1/1] (0.00ns) (grouped into LUT with out node sel_tmp108)   --->   "%sel_tmp107 = xor i1 %tmp_23_89, true" [lstm_hls_opt/src/rnn.cpp:75]   --->   Operation 967 'xor' 'sel_tmp107' <Predicate = true> <Delay = 0.00> <Core = "LogicGate">   --->   Core 27 'LogicGate' <Latency = 0> <II = 1> <Delay = 0.80> <FuncUnit> <Opcode : 'and' 'or' 'xor'> <InPorts = 2> <OutPorts = 1>
ST_28 : Operation 968 [1/1] (0.80ns) (out node of the LUT)   --->   "%sel_tmp108 = and i1 %tmp_9_22, %sel_tmp107" [lstm_hls_opt/src/rnn.cpp:76]   --->   Operation 968 'and' 'sel_tmp108' <Predicate = true> <Delay = 0.80> <Core = "LogicGate">   --->   Core 27 'LogicGate' <Latency = 0> <II = 1> <Delay = 0.80> <FuncUnit> <Opcode : 'and' 'or' 'xor'> <InPorts = 2> <OutPorts = 1>
ST_28 : Operation 969 [1/1] (0.00ns) (grouped into LUT with out node storemerge1_23)   --->   "%sel_tmp109 = select i1 %sel_tmp108, i12 0, i12 -2048" [lstm_hls_opt/src/rnn.cpp:79]   --->   Operation 969 'select' 'sel_tmp109' <Predicate = true> <Delay = 0.00> <Core = "Sel">   --->   Core 26 'Sel' <Latency = 0> <II = 1> <Delay = 0.59> <FuncUnit> <Opcode : 'select'> <InPorts = 3> <OutPorts = 1>
ST_28 : Operation 970 [1/1] (0.00ns) (grouped into LUT with out node storemerge1_23)   --->   "%tmp_363 = or i1 %sel_tmp108, %tmp_23_89" [lstm_hls_opt/src/rnn.cpp:79]   --->   Operation 970 'or' 'tmp_363' <Predicate = true> <Delay = 0.00> <Core = "LogicGate">   --->   Core 27 'LogicGate' <Latency = 0> <II = 1> <Delay = 0.80> <FuncUnit> <Opcode : 'and' 'or' 'xor'> <InPorts = 2> <OutPorts = 1>
ST_28 : Operation 971 [1/1] (0.80ns) (out node of the LUT)   --->   "%storemerge1_23 = select i1 %tmp_363, i12 %sel_tmp109, i12 %tmp_226" [lstm_hls_opt/src/rnn.cpp:79]   --->   Operation 971 'select' 'storemerge1_23' <Predicate = true> <Delay = 0.80> <Core = "Sel">   --->   Core 26 'Sel' <Latency = 0> <II = 1> <Delay = 0.59> <FuncUnit> <Opcode : 'select'> <InPorts = 3> <OutPorts = 1>
ST_28 : Operation 972 [1/1] (0.00ns)   --->   "%storemerge1_23_cast = zext i12 %storemerge1_23 to i16" [lstm_hls_opt/src/rnn.cpp:79]   --->   Operation 972 'zext' 'storemerge1_23_cast' <Predicate = true> <Delay = 0.00>
ST_28 : Operation 973 [1/1] (1.75ns)   --->   "store i16 %storemerge1_23_cast, i16* %x_7_V_addr_5, align 2" [lstm_hls_opt/src/rnn.cpp:75]   --->   Operation 973 'store' <Predicate = true> <Delay = 1.75> <Core = "RAM">   --->   Core 37 'RAM' <Latency = 1> <II = 1> <Delay = 1.75> <Storage> <Opcode : 'load' 'store'> <Ports = 2> <Width = 16> <Depth = 16> <RAM>
ST_28 : Operation 974 [1/1] (0.00ns)   --->   "%tmp_13_23 = zext i8 %tmp_367 to i64" [lstm_hls_opt/src/rnn.cpp:79]   --->   Operation 974 'zext' 'tmp_13_23' <Predicate = true> <Delay = 0.00>
ST_28 : Operation 975 [1/1] (0.00ns)   --->   "%Sigmoid_lut_V_addr_24 = getelementptr [256 x i15]* @Sigmoid_lut_V, i64 0, i64 %tmp_13_23" [lstm_hls_opt/src/rnn.cpp:79]   --->   Operation 975 'getelementptr' 'Sigmoid_lut_V_addr_24' <Predicate = true> <Delay = 0.00>
ST_28 : Operation 976 [2/2] (2.77ns)   --->   "%Sigmoid_lut_V_load_24 = load i15* %Sigmoid_lut_V_addr_24, align 2" [lstm_hls_opt/src/rnn.cpp:79]   --->   Operation 976 'load' 'Sigmoid_lut_V_load_24' <Predicate = true> <Delay = 2.77> <Core = "ROM_1P_LUTRAM">   --->   Core 60 'ROM_1P_LUTRAM' <Latency = 1> <II = 1> <Delay = 2.77> <Storage> <Opcode : 'load'> <Ports = 1> <Width = 15> <Depth = 256> <ROM>

State 29 <SV = 28> <Delay = 5.32>
ST_29 : Operation 977 [1/2] (2.77ns)   --->   "%Sigmoid_lut_V_load_24 = load i15* %Sigmoid_lut_V_addr_24, align 2" [lstm_hls_opt/src/rnn.cpp:79]   --->   Operation 977 'load' 'Sigmoid_lut_V_load_24' <Predicate = true> <Delay = 2.77> <Core = "ROM_1P_LUTRAM">   --->   Core 60 'ROM_1P_LUTRAM' <Latency = 1> <II = 1> <Delay = 2.77> <Storage> <Opcode : 'load'> <Ports = 1> <Width = 15> <Depth = 256> <ROM>
ST_29 : Operation 978 [1/1] (0.00ns) (grouped into LUT with out node storemerge1_24)   --->   "%tmp_27 = call i11 @_ssdm_op_PartSelect.i11.i15.i32.i32(i15 %Sigmoid_lut_V_load_24, i32 4, i32 14)" [lstm_hls_opt/src/rnn.cpp:79]   --->   Operation 978 'partselect' 'tmp_27' <Predicate = true> <Delay = 0.00>
ST_29 : Operation 979 [1/1] (0.00ns) (grouped into LUT with out node storemerge1_24)   --->   "%tmp_230 = zext i11 %tmp_27 to i12" [lstm_hls_opt/src/rnn.cpp:79]   --->   Operation 979 'zext' 'tmp_230' <Predicate = true> <Delay = 0.00>
ST_29 : Operation 980 [1/1] (0.00ns) (grouped into LUT with out node sel_tmp111)   --->   "%sel_tmp110 = xor i1 %tmp_24_90, true" [lstm_hls_opt/src/rnn.cpp:75]   --->   Operation 980 'xor' 'sel_tmp110' <Predicate = true> <Delay = 0.00> <Core = "LogicGate">   --->   Core 27 'LogicGate' <Latency = 0> <II = 1> <Delay = 0.80> <FuncUnit> <Opcode : 'and' 'or' 'xor'> <InPorts = 2> <OutPorts = 1>
ST_29 : Operation 981 [1/1] (0.80ns) (out node of the LUT)   --->   "%sel_tmp111 = and i1 %tmp_9_23, %sel_tmp110" [lstm_hls_opt/src/rnn.cpp:76]   --->   Operation 981 'and' 'sel_tmp111' <Predicate = true> <Delay = 0.80> <Core = "LogicGate">   --->   Core 27 'LogicGate' <Latency = 0> <II = 1> <Delay = 0.80> <FuncUnit> <Opcode : 'and' 'or' 'xor'> <InPorts = 2> <OutPorts = 1>
ST_29 : Operation 982 [1/1] (0.00ns) (grouped into LUT with out node storemerge1_24)   --->   "%sel_tmp112 = select i1 %sel_tmp111, i12 0, i12 -2048" [lstm_hls_opt/src/rnn.cpp:79]   --->   Operation 982 'select' 'sel_tmp112' <Predicate = true> <Delay = 0.00> <Core = "Sel">   --->   Core 26 'Sel' <Latency = 0> <II = 1> <Delay = 0.59> <FuncUnit> <Opcode : 'select'> <InPorts = 3> <OutPorts = 1>
ST_29 : Operation 983 [1/1] (0.00ns) (grouped into LUT with out node storemerge1_24)   --->   "%tmp_368 = or i1 %sel_tmp111, %tmp_24_90" [lstm_hls_opt/src/rnn.cpp:79]   --->   Operation 983 'or' 'tmp_368' <Predicate = true> <Delay = 0.00> <Core = "LogicGate">   --->   Core 27 'LogicGate' <Latency = 0> <II = 1> <Delay = 0.80> <FuncUnit> <Opcode : 'and' 'or' 'xor'> <InPorts = 2> <OutPorts = 1>
ST_29 : Operation 984 [1/1] (0.80ns) (out node of the LUT)   --->   "%storemerge1_24 = select i1 %tmp_368, i12 %sel_tmp112, i12 %tmp_230" [lstm_hls_opt/src/rnn.cpp:79]   --->   Operation 984 'select' 'storemerge1_24' <Predicate = true> <Delay = 0.80> <Core = "Sel">   --->   Core 26 'Sel' <Latency = 0> <II = 1> <Delay = 0.59> <FuncUnit> <Opcode : 'select'> <InPorts = 3> <OutPorts = 1>
ST_29 : Operation 985 [1/1] (0.00ns)   --->   "%storemerge1_24_cast = zext i12 %storemerge1_24 to i16" [lstm_hls_opt/src/rnn.cpp:79]   --->   Operation 985 'zext' 'storemerge1_24_cast' <Predicate = true> <Delay = 0.00>
ST_29 : Operation 986 [1/1] (1.75ns)   --->   "store i16 %storemerge1_24_cast, i16* %x_0_V_addr_6, align 2" [lstm_hls_opt/src/rnn.cpp:75]   --->   Operation 986 'store' <Predicate = true> <Delay = 1.75> <Core = "RAM">   --->   Core 37 'RAM' <Latency = 1> <II = 1> <Delay = 1.75> <Storage> <Opcode : 'load' 'store'> <Ports = 2> <Width = 16> <Depth = 16> <RAM>
ST_29 : Operation 987 [1/1] (0.00ns)   --->   "%tmp_13_24 = zext i8 %tmp_372 to i64" [lstm_hls_opt/src/rnn.cpp:79]   --->   Operation 987 'zext' 'tmp_13_24' <Predicate = true> <Delay = 0.00>
ST_29 : Operation 988 [1/1] (0.00ns)   --->   "%Sigmoid_lut_V_addr_25 = getelementptr [256 x i15]* @Sigmoid_lut_V, i64 0, i64 %tmp_13_24" [lstm_hls_opt/src/rnn.cpp:79]   --->   Operation 988 'getelementptr' 'Sigmoid_lut_V_addr_25' <Predicate = true> <Delay = 0.00>
ST_29 : Operation 989 [2/2] (2.77ns)   --->   "%Sigmoid_lut_V_load_25 = load i15* %Sigmoid_lut_V_addr_25, align 2" [lstm_hls_opt/src/rnn.cpp:79]   --->   Operation 989 'load' 'Sigmoid_lut_V_load_25' <Predicate = true> <Delay = 2.77> <Core = "ROM_1P_LUTRAM">   --->   Core 60 'ROM_1P_LUTRAM' <Latency = 1> <II = 1> <Delay = 2.77> <Storage> <Opcode : 'load'> <Ports = 1> <Width = 15> <Depth = 256> <ROM>

State 30 <SV = 29> <Delay = 5.32>
ST_30 : Operation 990 [1/2] (2.77ns)   --->   "%Sigmoid_lut_V_load_25 = load i15* %Sigmoid_lut_V_addr_25, align 2" [lstm_hls_opt/src/rnn.cpp:79]   --->   Operation 990 'load' 'Sigmoid_lut_V_load_25' <Predicate = true> <Delay = 2.77> <Core = "ROM_1P_LUTRAM">   --->   Core 60 'ROM_1P_LUTRAM' <Latency = 1> <II = 1> <Delay = 2.77> <Storage> <Opcode : 'load'> <Ports = 1> <Width = 15> <Depth = 256> <ROM>
ST_30 : Operation 991 [1/1] (0.00ns) (grouped into LUT with out node storemerge1_25)   --->   "%tmp_28 = call i11 @_ssdm_op_PartSelect.i11.i15.i32.i32(i15 %Sigmoid_lut_V_load_25, i32 4, i32 14)" [lstm_hls_opt/src/rnn.cpp:79]   --->   Operation 991 'partselect' 'tmp_28' <Predicate = true> <Delay = 0.00>
ST_30 : Operation 992 [1/1] (0.00ns) (grouped into LUT with out node storemerge1_25)   --->   "%tmp_234 = zext i11 %tmp_28 to i12" [lstm_hls_opt/src/rnn.cpp:79]   --->   Operation 992 'zext' 'tmp_234' <Predicate = true> <Delay = 0.00>
ST_30 : Operation 993 [1/1] (0.00ns) (grouped into LUT with out node sel_tmp114)   --->   "%sel_tmp113 = xor i1 %tmp_25_91, true" [lstm_hls_opt/src/rnn.cpp:75]   --->   Operation 993 'xor' 'sel_tmp113' <Predicate = true> <Delay = 0.00> <Core = "LogicGate">   --->   Core 27 'LogicGate' <Latency = 0> <II = 1> <Delay = 0.80> <FuncUnit> <Opcode : 'and' 'or' 'xor'> <InPorts = 2> <OutPorts = 1>
ST_30 : Operation 994 [1/1] (0.80ns) (out node of the LUT)   --->   "%sel_tmp114 = and i1 %tmp_9_24, %sel_tmp113" [lstm_hls_opt/src/rnn.cpp:76]   --->   Operation 994 'and' 'sel_tmp114' <Predicate = true> <Delay = 0.80> <Core = "LogicGate">   --->   Core 27 'LogicGate' <Latency = 0> <II = 1> <Delay = 0.80> <FuncUnit> <Opcode : 'and' 'or' 'xor'> <InPorts = 2> <OutPorts = 1>
ST_30 : Operation 995 [1/1] (0.00ns) (grouped into LUT with out node storemerge1_25)   --->   "%sel_tmp115 = select i1 %sel_tmp114, i12 0, i12 -2048" [lstm_hls_opt/src/rnn.cpp:79]   --->   Operation 995 'select' 'sel_tmp115' <Predicate = true> <Delay = 0.00> <Core = "Sel">   --->   Core 26 'Sel' <Latency = 0> <II = 1> <Delay = 0.59> <FuncUnit> <Opcode : 'select'> <InPorts = 3> <OutPorts = 1>
ST_30 : Operation 996 [1/1] (0.00ns) (grouped into LUT with out node storemerge1_25)   --->   "%tmp_373 = or i1 %sel_tmp114, %tmp_25_91" [lstm_hls_opt/src/rnn.cpp:79]   --->   Operation 996 'or' 'tmp_373' <Predicate = true> <Delay = 0.00> <Core = "LogicGate">   --->   Core 27 'LogicGate' <Latency = 0> <II = 1> <Delay = 0.80> <FuncUnit> <Opcode : 'and' 'or' 'xor'> <InPorts = 2> <OutPorts = 1>
ST_30 : Operation 997 [1/1] (0.80ns) (out node of the LUT)   --->   "%storemerge1_25 = select i1 %tmp_373, i12 %sel_tmp115, i12 %tmp_234" [lstm_hls_opt/src/rnn.cpp:79]   --->   Operation 997 'select' 'storemerge1_25' <Predicate = true> <Delay = 0.80> <Core = "Sel">   --->   Core 26 'Sel' <Latency = 0> <II = 1> <Delay = 0.59> <FuncUnit> <Opcode : 'select'> <InPorts = 3> <OutPorts = 1>
ST_30 : Operation 998 [1/1] (0.00ns)   --->   "%storemerge1_25_cast = zext i12 %storemerge1_25 to i16" [lstm_hls_opt/src/rnn.cpp:79]   --->   Operation 998 'zext' 'storemerge1_25_cast' <Predicate = true> <Delay = 0.00>
ST_30 : Operation 999 [1/1] (1.75ns)   --->   "store i16 %storemerge1_25_cast, i16* %x_1_V_addr_6, align 2" [lstm_hls_opt/src/rnn.cpp:75]   --->   Operation 999 'store' <Predicate = true> <Delay = 1.75> <Core = "RAM">   --->   Core 37 'RAM' <Latency = 1> <II = 1> <Delay = 1.75> <Storage> <Opcode : 'load' 'store'> <Ports = 2> <Width = 16> <Depth = 16> <RAM>
ST_30 : Operation 1000 [1/1] (0.00ns)   --->   "%tmp_13_25 = zext i8 %tmp_377 to i64" [lstm_hls_opt/src/rnn.cpp:79]   --->   Operation 1000 'zext' 'tmp_13_25' <Predicate = true> <Delay = 0.00>
ST_30 : Operation 1001 [1/1] (0.00ns)   --->   "%Sigmoid_lut_V_addr_26 = getelementptr [256 x i15]* @Sigmoid_lut_V, i64 0, i64 %tmp_13_25" [lstm_hls_opt/src/rnn.cpp:79]   --->   Operation 1001 'getelementptr' 'Sigmoid_lut_V_addr_26' <Predicate = true> <Delay = 0.00>
ST_30 : Operation 1002 [2/2] (2.77ns)   --->   "%Sigmoid_lut_V_load_26 = load i15* %Sigmoid_lut_V_addr_26, align 2" [lstm_hls_opt/src/rnn.cpp:79]   --->   Operation 1002 'load' 'Sigmoid_lut_V_load_26' <Predicate = true> <Delay = 2.77> <Core = "ROM_1P_LUTRAM">   --->   Core 60 'ROM_1P_LUTRAM' <Latency = 1> <II = 1> <Delay = 2.77> <Storage> <Opcode : 'load'> <Ports = 1> <Width = 15> <Depth = 256> <ROM>

State 31 <SV = 30> <Delay = 5.32>
ST_31 : Operation 1003 [1/2] (2.77ns)   --->   "%Sigmoid_lut_V_load_26 = load i15* %Sigmoid_lut_V_addr_26, align 2" [lstm_hls_opt/src/rnn.cpp:79]   --->   Operation 1003 'load' 'Sigmoid_lut_V_load_26' <Predicate = true> <Delay = 2.77> <Core = "ROM_1P_LUTRAM">   --->   Core 60 'ROM_1P_LUTRAM' <Latency = 1> <II = 1> <Delay = 2.77> <Storage> <Opcode : 'load'> <Ports = 1> <Width = 15> <Depth = 256> <ROM>
ST_31 : Operation 1004 [1/1] (0.00ns) (grouped into LUT with out node storemerge1_26)   --->   "%tmp_29 = call i11 @_ssdm_op_PartSelect.i11.i15.i32.i32(i15 %Sigmoid_lut_V_load_26, i32 4, i32 14)" [lstm_hls_opt/src/rnn.cpp:79]   --->   Operation 1004 'partselect' 'tmp_29' <Predicate = true> <Delay = 0.00>
ST_31 : Operation 1005 [1/1] (0.00ns) (grouped into LUT with out node storemerge1_26)   --->   "%tmp_238 = zext i11 %tmp_29 to i12" [lstm_hls_opt/src/rnn.cpp:79]   --->   Operation 1005 'zext' 'tmp_238' <Predicate = true> <Delay = 0.00>
ST_31 : Operation 1006 [1/1] (0.00ns) (grouped into LUT with out node sel_tmp117)   --->   "%sel_tmp116 = xor i1 %tmp_26_92, true" [lstm_hls_opt/src/rnn.cpp:75]   --->   Operation 1006 'xor' 'sel_tmp116' <Predicate = true> <Delay = 0.00> <Core = "LogicGate">   --->   Core 27 'LogicGate' <Latency = 0> <II = 1> <Delay = 0.80> <FuncUnit> <Opcode : 'and' 'or' 'xor'> <InPorts = 2> <OutPorts = 1>
ST_31 : Operation 1007 [1/1] (0.80ns) (out node of the LUT)   --->   "%sel_tmp117 = and i1 %tmp_9_25, %sel_tmp116" [lstm_hls_opt/src/rnn.cpp:76]   --->   Operation 1007 'and' 'sel_tmp117' <Predicate = true> <Delay = 0.80> <Core = "LogicGate">   --->   Core 27 'LogicGate' <Latency = 0> <II = 1> <Delay = 0.80> <FuncUnit> <Opcode : 'and' 'or' 'xor'> <InPorts = 2> <OutPorts = 1>
ST_31 : Operation 1008 [1/1] (0.00ns) (grouped into LUT with out node storemerge1_26)   --->   "%sel_tmp118 = select i1 %sel_tmp117, i12 0, i12 -2048" [lstm_hls_opt/src/rnn.cpp:79]   --->   Operation 1008 'select' 'sel_tmp118' <Predicate = true> <Delay = 0.00> <Core = "Sel">   --->   Core 26 'Sel' <Latency = 0> <II = 1> <Delay = 0.59> <FuncUnit> <Opcode : 'select'> <InPorts = 3> <OutPorts = 1>
ST_31 : Operation 1009 [1/1] (0.00ns) (grouped into LUT with out node storemerge1_26)   --->   "%tmp_378 = or i1 %sel_tmp117, %tmp_26_92" [lstm_hls_opt/src/rnn.cpp:79]   --->   Operation 1009 'or' 'tmp_378' <Predicate = true> <Delay = 0.00> <Core = "LogicGate">   --->   Core 27 'LogicGate' <Latency = 0> <II = 1> <Delay = 0.80> <FuncUnit> <Opcode : 'and' 'or' 'xor'> <InPorts = 2> <OutPorts = 1>
ST_31 : Operation 1010 [1/1] (0.80ns) (out node of the LUT)   --->   "%storemerge1_26 = select i1 %tmp_378, i12 %sel_tmp118, i12 %tmp_238" [lstm_hls_opt/src/rnn.cpp:79]   --->   Operation 1010 'select' 'storemerge1_26' <Predicate = true> <Delay = 0.80> <Core = "Sel">   --->   Core 26 'Sel' <Latency = 0> <II = 1> <Delay = 0.59> <FuncUnit> <Opcode : 'select'> <InPorts = 3> <OutPorts = 1>
ST_31 : Operation 1011 [1/1] (0.00ns)   --->   "%storemerge1_26_cast = zext i12 %storemerge1_26 to i16" [lstm_hls_opt/src/rnn.cpp:79]   --->   Operation 1011 'zext' 'storemerge1_26_cast' <Predicate = true> <Delay = 0.00>
ST_31 : Operation 1012 [1/1] (1.75ns)   --->   "store i16 %storemerge1_26_cast, i16* %x_2_V_addr_6, align 2" [lstm_hls_opt/src/rnn.cpp:75]   --->   Operation 1012 'store' <Predicate = true> <Delay = 1.75> <Core = "RAM">   --->   Core 37 'RAM' <Latency = 1> <II = 1> <Delay = 1.75> <Storage> <Opcode : 'load' 'store'> <Ports = 2> <Width = 16> <Depth = 16> <RAM>
ST_31 : Operation 1013 [1/1] (0.00ns)   --->   "%tmp_13_26 = zext i8 %tmp_382 to i64" [lstm_hls_opt/src/rnn.cpp:79]   --->   Operation 1013 'zext' 'tmp_13_26' <Predicate = true> <Delay = 0.00>
ST_31 : Operation 1014 [1/1] (0.00ns)   --->   "%Sigmoid_lut_V_addr_27 = getelementptr [256 x i15]* @Sigmoid_lut_V, i64 0, i64 %tmp_13_26" [lstm_hls_opt/src/rnn.cpp:79]   --->   Operation 1014 'getelementptr' 'Sigmoid_lut_V_addr_27' <Predicate = true> <Delay = 0.00>
ST_31 : Operation 1015 [2/2] (2.77ns)   --->   "%Sigmoid_lut_V_load_27 = load i15* %Sigmoid_lut_V_addr_27, align 2" [lstm_hls_opt/src/rnn.cpp:79]   --->   Operation 1015 'load' 'Sigmoid_lut_V_load_27' <Predicate = true> <Delay = 2.77> <Core = "ROM_1P_LUTRAM">   --->   Core 60 'ROM_1P_LUTRAM' <Latency = 1> <II = 1> <Delay = 2.77> <Storage> <Opcode : 'load'> <Ports = 1> <Width = 15> <Depth = 256> <ROM>

State 32 <SV = 31> <Delay = 5.32>
ST_32 : Operation 1016 [1/2] (2.77ns)   --->   "%Sigmoid_lut_V_load_27 = load i15* %Sigmoid_lut_V_addr_27, align 2" [lstm_hls_opt/src/rnn.cpp:79]   --->   Operation 1016 'load' 'Sigmoid_lut_V_load_27' <Predicate = true> <Delay = 2.77> <Core = "ROM_1P_LUTRAM">   --->   Core 60 'ROM_1P_LUTRAM' <Latency = 1> <II = 1> <Delay = 2.77> <Storage> <Opcode : 'load'> <Ports = 1> <Width = 15> <Depth = 256> <ROM>
ST_32 : Operation 1017 [1/1] (0.00ns) (grouped into LUT with out node storemerge1_27)   --->   "%tmp_30 = call i11 @_ssdm_op_PartSelect.i11.i15.i32.i32(i15 %Sigmoid_lut_V_load_27, i32 4, i32 14)" [lstm_hls_opt/src/rnn.cpp:79]   --->   Operation 1017 'partselect' 'tmp_30' <Predicate = true> <Delay = 0.00>
ST_32 : Operation 1018 [1/1] (0.00ns) (grouped into LUT with out node storemerge1_27)   --->   "%tmp_242 = zext i11 %tmp_30 to i12" [lstm_hls_opt/src/rnn.cpp:79]   --->   Operation 1018 'zext' 'tmp_242' <Predicate = true> <Delay = 0.00>
ST_32 : Operation 1019 [1/1] (0.00ns) (grouped into LUT with out node sel_tmp120)   --->   "%sel_tmp119 = xor i1 %tmp_27_93, true" [lstm_hls_opt/src/rnn.cpp:75]   --->   Operation 1019 'xor' 'sel_tmp119' <Predicate = true> <Delay = 0.00> <Core = "LogicGate">   --->   Core 27 'LogicGate' <Latency = 0> <II = 1> <Delay = 0.80> <FuncUnit> <Opcode : 'and' 'or' 'xor'> <InPorts = 2> <OutPorts = 1>
ST_32 : Operation 1020 [1/1] (0.80ns) (out node of the LUT)   --->   "%sel_tmp120 = and i1 %tmp_9_26, %sel_tmp119" [lstm_hls_opt/src/rnn.cpp:76]   --->   Operation 1020 'and' 'sel_tmp120' <Predicate = true> <Delay = 0.80> <Core = "LogicGate">   --->   Core 27 'LogicGate' <Latency = 0> <II = 1> <Delay = 0.80> <FuncUnit> <Opcode : 'and' 'or' 'xor'> <InPorts = 2> <OutPorts = 1>
ST_32 : Operation 1021 [1/1] (0.00ns) (grouped into LUT with out node storemerge1_27)   --->   "%sel_tmp121 = select i1 %sel_tmp120, i12 0, i12 -2048" [lstm_hls_opt/src/rnn.cpp:79]   --->   Operation 1021 'select' 'sel_tmp121' <Predicate = true> <Delay = 0.00> <Core = "Sel">   --->   Core 26 'Sel' <Latency = 0> <II = 1> <Delay = 0.59> <FuncUnit> <Opcode : 'select'> <InPorts = 3> <OutPorts = 1>
ST_32 : Operation 1022 [1/1] (0.00ns) (grouped into LUT with out node storemerge1_27)   --->   "%tmp_383 = or i1 %sel_tmp120, %tmp_27_93" [lstm_hls_opt/src/rnn.cpp:79]   --->   Operation 1022 'or' 'tmp_383' <Predicate = true> <Delay = 0.00> <Core = "LogicGate">   --->   Core 27 'LogicGate' <Latency = 0> <II = 1> <Delay = 0.80> <FuncUnit> <Opcode : 'and' 'or' 'xor'> <InPorts = 2> <OutPorts = 1>
ST_32 : Operation 1023 [1/1] (0.80ns) (out node of the LUT)   --->   "%storemerge1_27 = select i1 %tmp_383, i12 %sel_tmp121, i12 %tmp_242" [lstm_hls_opt/src/rnn.cpp:79]   --->   Operation 1023 'select' 'storemerge1_27' <Predicate = true> <Delay = 0.80> <Core = "Sel">   --->   Core 26 'Sel' <Latency = 0> <II = 1> <Delay = 0.59> <FuncUnit> <Opcode : 'select'> <InPorts = 3> <OutPorts = 1>
ST_32 : Operation 1024 [1/1] (0.00ns)   --->   "%storemerge1_27_cast = zext i12 %storemerge1_27 to i16" [lstm_hls_opt/src/rnn.cpp:79]   --->   Operation 1024 'zext' 'storemerge1_27_cast' <Predicate = true> <Delay = 0.00>
ST_32 : Operation 1025 [1/1] (1.75ns)   --->   "store i16 %storemerge1_27_cast, i16* %x_3_V_addr_6, align 2" [lstm_hls_opt/src/rnn.cpp:75]   --->   Operation 1025 'store' <Predicate = true> <Delay = 1.75> <Core = "RAM">   --->   Core 37 'RAM' <Latency = 1> <II = 1> <Delay = 1.75> <Storage> <Opcode : 'load' 'store'> <Ports = 2> <Width = 16> <Depth = 16> <RAM>
ST_32 : Operation 1026 [1/1] (0.00ns)   --->   "%tmp_13_27 = zext i8 %tmp_387 to i64" [lstm_hls_opt/src/rnn.cpp:79]   --->   Operation 1026 'zext' 'tmp_13_27' <Predicate = true> <Delay = 0.00>
ST_32 : Operation 1027 [1/1] (0.00ns)   --->   "%Sigmoid_lut_V_addr_28 = getelementptr [256 x i15]* @Sigmoid_lut_V, i64 0, i64 %tmp_13_27" [lstm_hls_opt/src/rnn.cpp:79]   --->   Operation 1027 'getelementptr' 'Sigmoid_lut_V_addr_28' <Predicate = true> <Delay = 0.00>
ST_32 : Operation 1028 [2/2] (2.77ns)   --->   "%Sigmoid_lut_V_load_28 = load i15* %Sigmoid_lut_V_addr_28, align 2" [lstm_hls_opt/src/rnn.cpp:79]   --->   Operation 1028 'load' 'Sigmoid_lut_V_load_28' <Predicate = true> <Delay = 2.77> <Core = "ROM_1P_LUTRAM">   --->   Core 60 'ROM_1P_LUTRAM' <Latency = 1> <II = 1> <Delay = 2.77> <Storage> <Opcode : 'load'> <Ports = 1> <Width = 15> <Depth = 256> <ROM>

State 33 <SV = 32> <Delay = 5.32>
ST_33 : Operation 1029 [1/2] (2.77ns)   --->   "%Sigmoid_lut_V_load_28 = load i15* %Sigmoid_lut_V_addr_28, align 2" [lstm_hls_opt/src/rnn.cpp:79]   --->   Operation 1029 'load' 'Sigmoid_lut_V_load_28' <Predicate = true> <Delay = 2.77> <Core = "ROM_1P_LUTRAM">   --->   Core 60 'ROM_1P_LUTRAM' <Latency = 1> <II = 1> <Delay = 2.77> <Storage> <Opcode : 'load'> <Ports = 1> <Width = 15> <Depth = 256> <ROM>
ST_33 : Operation 1030 [1/1] (0.00ns) (grouped into LUT with out node storemerge1_28)   --->   "%tmp_31 = call i11 @_ssdm_op_PartSelect.i11.i15.i32.i32(i15 %Sigmoid_lut_V_load_28, i32 4, i32 14)" [lstm_hls_opt/src/rnn.cpp:79]   --->   Operation 1030 'partselect' 'tmp_31' <Predicate = true> <Delay = 0.00>
ST_33 : Operation 1031 [1/1] (0.00ns) (grouped into LUT with out node storemerge1_28)   --->   "%tmp_246 = zext i11 %tmp_31 to i12" [lstm_hls_opt/src/rnn.cpp:79]   --->   Operation 1031 'zext' 'tmp_246' <Predicate = true> <Delay = 0.00>
ST_33 : Operation 1032 [1/1] (0.00ns) (grouped into LUT with out node sel_tmp123)   --->   "%sel_tmp122 = xor i1 %tmp_28_94, true" [lstm_hls_opt/src/rnn.cpp:75]   --->   Operation 1032 'xor' 'sel_tmp122' <Predicate = true> <Delay = 0.00> <Core = "LogicGate">   --->   Core 27 'LogicGate' <Latency = 0> <II = 1> <Delay = 0.80> <FuncUnit> <Opcode : 'and' 'or' 'xor'> <InPorts = 2> <OutPorts = 1>
ST_33 : Operation 1033 [1/1] (0.80ns) (out node of the LUT)   --->   "%sel_tmp123 = and i1 %tmp_9_27, %sel_tmp122" [lstm_hls_opt/src/rnn.cpp:76]   --->   Operation 1033 'and' 'sel_tmp123' <Predicate = true> <Delay = 0.80> <Core = "LogicGate">   --->   Core 27 'LogicGate' <Latency = 0> <II = 1> <Delay = 0.80> <FuncUnit> <Opcode : 'and' 'or' 'xor'> <InPorts = 2> <OutPorts = 1>
ST_33 : Operation 1034 [1/1] (0.00ns) (grouped into LUT with out node storemerge1_28)   --->   "%sel_tmp124 = select i1 %sel_tmp123, i12 0, i12 -2048" [lstm_hls_opt/src/rnn.cpp:79]   --->   Operation 1034 'select' 'sel_tmp124' <Predicate = true> <Delay = 0.00> <Core = "Sel">   --->   Core 26 'Sel' <Latency = 0> <II = 1> <Delay = 0.59> <FuncUnit> <Opcode : 'select'> <InPorts = 3> <OutPorts = 1>
ST_33 : Operation 1035 [1/1] (0.00ns) (grouped into LUT with out node storemerge1_28)   --->   "%tmp_388 = or i1 %sel_tmp123, %tmp_28_94" [lstm_hls_opt/src/rnn.cpp:79]   --->   Operation 1035 'or' 'tmp_388' <Predicate = true> <Delay = 0.00> <Core = "LogicGate">   --->   Core 27 'LogicGate' <Latency = 0> <II = 1> <Delay = 0.80> <FuncUnit> <Opcode : 'and' 'or' 'xor'> <InPorts = 2> <OutPorts = 1>
ST_33 : Operation 1036 [1/1] (0.80ns) (out node of the LUT)   --->   "%storemerge1_28 = select i1 %tmp_388, i12 %sel_tmp124, i12 %tmp_246" [lstm_hls_opt/src/rnn.cpp:79]   --->   Operation 1036 'select' 'storemerge1_28' <Predicate = true> <Delay = 0.80> <Core = "Sel">   --->   Core 26 'Sel' <Latency = 0> <II = 1> <Delay = 0.59> <FuncUnit> <Opcode : 'select'> <InPorts = 3> <OutPorts = 1>
ST_33 : Operation 1037 [1/1] (0.00ns)   --->   "%storemerge1_28_cast = zext i12 %storemerge1_28 to i16" [lstm_hls_opt/src/rnn.cpp:79]   --->   Operation 1037 'zext' 'storemerge1_28_cast' <Predicate = true> <Delay = 0.00>
ST_33 : Operation 1038 [1/1] (1.75ns)   --->   "store i16 %storemerge1_28_cast, i16* %x_4_V_addr_6, align 2" [lstm_hls_opt/src/rnn.cpp:75]   --->   Operation 1038 'store' <Predicate = true> <Delay = 1.75> <Core = "RAM">   --->   Core 37 'RAM' <Latency = 1> <II = 1> <Delay = 1.75> <Storage> <Opcode : 'load' 'store'> <Ports = 2> <Width = 16> <Depth = 16> <RAM>
ST_33 : Operation 1039 [1/1] (0.00ns)   --->   "%tmp_13_28 = zext i8 %tmp_392 to i64" [lstm_hls_opt/src/rnn.cpp:79]   --->   Operation 1039 'zext' 'tmp_13_28' <Predicate = true> <Delay = 0.00>
ST_33 : Operation 1040 [1/1] (0.00ns)   --->   "%Sigmoid_lut_V_addr_29 = getelementptr [256 x i15]* @Sigmoid_lut_V, i64 0, i64 %tmp_13_28" [lstm_hls_opt/src/rnn.cpp:79]   --->   Operation 1040 'getelementptr' 'Sigmoid_lut_V_addr_29' <Predicate = true> <Delay = 0.00>
ST_33 : Operation 1041 [2/2] (2.77ns)   --->   "%Sigmoid_lut_V_load_29 = load i15* %Sigmoid_lut_V_addr_29, align 2" [lstm_hls_opt/src/rnn.cpp:79]   --->   Operation 1041 'load' 'Sigmoid_lut_V_load_29' <Predicate = true> <Delay = 2.77> <Core = "ROM_1P_LUTRAM">   --->   Core 60 'ROM_1P_LUTRAM' <Latency = 1> <II = 1> <Delay = 2.77> <Storage> <Opcode : 'load'> <Ports = 1> <Width = 15> <Depth = 256> <ROM>

State 34 <SV = 33> <Delay = 5.32>
ST_34 : Operation 1042 [1/2] (2.77ns)   --->   "%Sigmoid_lut_V_load_29 = load i15* %Sigmoid_lut_V_addr_29, align 2" [lstm_hls_opt/src/rnn.cpp:79]   --->   Operation 1042 'load' 'Sigmoid_lut_V_load_29' <Predicate = true> <Delay = 2.77> <Core = "ROM_1P_LUTRAM">   --->   Core 60 'ROM_1P_LUTRAM' <Latency = 1> <II = 1> <Delay = 2.77> <Storage> <Opcode : 'load'> <Ports = 1> <Width = 15> <Depth = 256> <ROM>
ST_34 : Operation 1043 [1/1] (0.00ns) (grouped into LUT with out node storemerge1_29)   --->   "%tmp_32 = call i11 @_ssdm_op_PartSelect.i11.i15.i32.i32(i15 %Sigmoid_lut_V_load_29, i32 4, i32 14)" [lstm_hls_opt/src/rnn.cpp:79]   --->   Operation 1043 'partselect' 'tmp_32' <Predicate = true> <Delay = 0.00>
ST_34 : Operation 1044 [1/1] (0.00ns) (grouped into LUT with out node storemerge1_29)   --->   "%tmp_250 = zext i11 %tmp_32 to i12" [lstm_hls_opt/src/rnn.cpp:79]   --->   Operation 1044 'zext' 'tmp_250' <Predicate = true> <Delay = 0.00>
ST_34 : Operation 1045 [1/1] (0.00ns) (grouped into LUT with out node sel_tmp126)   --->   "%sel_tmp125 = xor i1 %tmp_29_95, true" [lstm_hls_opt/src/rnn.cpp:75]   --->   Operation 1045 'xor' 'sel_tmp125' <Predicate = true> <Delay = 0.00> <Core = "LogicGate">   --->   Core 27 'LogicGate' <Latency = 0> <II = 1> <Delay = 0.80> <FuncUnit> <Opcode : 'and' 'or' 'xor'> <InPorts = 2> <OutPorts = 1>
ST_34 : Operation 1046 [1/1] (0.80ns) (out node of the LUT)   --->   "%sel_tmp126 = and i1 %tmp_9_28, %sel_tmp125" [lstm_hls_opt/src/rnn.cpp:76]   --->   Operation 1046 'and' 'sel_tmp126' <Predicate = true> <Delay = 0.80> <Core = "LogicGate">   --->   Core 27 'LogicGate' <Latency = 0> <II = 1> <Delay = 0.80> <FuncUnit> <Opcode : 'and' 'or' 'xor'> <InPorts = 2> <OutPorts = 1>
ST_34 : Operation 1047 [1/1] (0.00ns) (grouped into LUT with out node storemerge1_29)   --->   "%sel_tmp127 = select i1 %sel_tmp126, i12 0, i12 -2048" [lstm_hls_opt/src/rnn.cpp:79]   --->   Operation 1047 'select' 'sel_tmp127' <Predicate = true> <Delay = 0.00> <Core = "Sel">   --->   Core 26 'Sel' <Latency = 0> <II = 1> <Delay = 0.59> <FuncUnit> <Opcode : 'select'> <InPorts = 3> <OutPorts = 1>
ST_34 : Operation 1048 [1/1] (0.00ns) (grouped into LUT with out node storemerge1_29)   --->   "%tmp_393 = or i1 %sel_tmp126, %tmp_29_95" [lstm_hls_opt/src/rnn.cpp:79]   --->   Operation 1048 'or' 'tmp_393' <Predicate = true> <Delay = 0.00> <Core = "LogicGate">   --->   Core 27 'LogicGate' <Latency = 0> <II = 1> <Delay = 0.80> <FuncUnit> <Opcode : 'and' 'or' 'xor'> <InPorts = 2> <OutPorts = 1>
ST_34 : Operation 1049 [1/1] (0.80ns) (out node of the LUT)   --->   "%storemerge1_29 = select i1 %tmp_393, i12 %sel_tmp127, i12 %tmp_250" [lstm_hls_opt/src/rnn.cpp:79]   --->   Operation 1049 'select' 'storemerge1_29' <Predicate = true> <Delay = 0.80> <Core = "Sel">   --->   Core 26 'Sel' <Latency = 0> <II = 1> <Delay = 0.59> <FuncUnit> <Opcode : 'select'> <InPorts = 3> <OutPorts = 1>
ST_34 : Operation 1050 [1/1] (0.00ns)   --->   "%storemerge1_29_cast = zext i12 %storemerge1_29 to i16" [lstm_hls_opt/src/rnn.cpp:79]   --->   Operation 1050 'zext' 'storemerge1_29_cast' <Predicate = true> <Delay = 0.00>
ST_34 : Operation 1051 [1/1] (1.75ns)   --->   "store i16 %storemerge1_29_cast, i16* %x_5_V_addr_6, align 2" [lstm_hls_opt/src/rnn.cpp:75]   --->   Operation 1051 'store' <Predicate = true> <Delay = 1.75> <Core = "RAM">   --->   Core 37 'RAM' <Latency = 1> <II = 1> <Delay = 1.75> <Storage> <Opcode : 'load' 'store'> <Ports = 2> <Width = 16> <Depth = 16> <RAM>
ST_34 : Operation 1052 [1/1] (0.00ns)   --->   "%tmp_13_29 = zext i8 %tmp_397 to i64" [lstm_hls_opt/src/rnn.cpp:79]   --->   Operation 1052 'zext' 'tmp_13_29' <Predicate = true> <Delay = 0.00>
ST_34 : Operation 1053 [1/1] (0.00ns)   --->   "%Sigmoid_lut_V_addr_30 = getelementptr [256 x i15]* @Sigmoid_lut_V, i64 0, i64 %tmp_13_29" [lstm_hls_opt/src/rnn.cpp:79]   --->   Operation 1053 'getelementptr' 'Sigmoid_lut_V_addr_30' <Predicate = true> <Delay = 0.00>
ST_34 : Operation 1054 [2/2] (2.77ns)   --->   "%Sigmoid_lut_V_load_30 = load i15* %Sigmoid_lut_V_addr_30, align 2" [lstm_hls_opt/src/rnn.cpp:79]   --->   Operation 1054 'load' 'Sigmoid_lut_V_load_30' <Predicate = true> <Delay = 2.77> <Core = "ROM_1P_LUTRAM">   --->   Core 60 'ROM_1P_LUTRAM' <Latency = 1> <II = 1> <Delay = 2.77> <Storage> <Opcode : 'load'> <Ports = 1> <Width = 15> <Depth = 256> <ROM>

State 35 <SV = 34> <Delay = 5.32>
ST_35 : Operation 1055 [1/2] (2.77ns)   --->   "%Sigmoid_lut_V_load_30 = load i15* %Sigmoid_lut_V_addr_30, align 2" [lstm_hls_opt/src/rnn.cpp:79]   --->   Operation 1055 'load' 'Sigmoid_lut_V_load_30' <Predicate = true> <Delay = 2.77> <Core = "ROM_1P_LUTRAM">   --->   Core 60 'ROM_1P_LUTRAM' <Latency = 1> <II = 1> <Delay = 2.77> <Storage> <Opcode : 'load'> <Ports = 1> <Width = 15> <Depth = 256> <ROM>
ST_35 : Operation 1056 [1/1] (0.00ns) (grouped into LUT with out node storemerge1_30)   --->   "%tmp_33 = call i11 @_ssdm_op_PartSelect.i11.i15.i32.i32(i15 %Sigmoid_lut_V_load_30, i32 4, i32 14)" [lstm_hls_opt/src/rnn.cpp:79]   --->   Operation 1056 'partselect' 'tmp_33' <Predicate = true> <Delay = 0.00>
ST_35 : Operation 1057 [1/1] (0.00ns) (grouped into LUT with out node storemerge1_30)   --->   "%tmp_254 = zext i11 %tmp_33 to i12" [lstm_hls_opt/src/rnn.cpp:79]   --->   Operation 1057 'zext' 'tmp_254' <Predicate = true> <Delay = 0.00>
ST_35 : Operation 1058 [1/1] (0.00ns) (grouped into LUT with out node sel_tmp129)   --->   "%sel_tmp128 = xor i1 %tmp_30_96, true" [lstm_hls_opt/src/rnn.cpp:75]   --->   Operation 1058 'xor' 'sel_tmp128' <Predicate = true> <Delay = 0.00> <Core = "LogicGate">   --->   Core 27 'LogicGate' <Latency = 0> <II = 1> <Delay = 0.80> <FuncUnit> <Opcode : 'and' 'or' 'xor'> <InPorts = 2> <OutPorts = 1>
ST_35 : Operation 1059 [1/1] (0.80ns) (out node of the LUT)   --->   "%sel_tmp129 = and i1 %tmp_9_29, %sel_tmp128" [lstm_hls_opt/src/rnn.cpp:76]   --->   Operation 1059 'and' 'sel_tmp129' <Predicate = true> <Delay = 0.80> <Core = "LogicGate">   --->   Core 27 'LogicGate' <Latency = 0> <II = 1> <Delay = 0.80> <FuncUnit> <Opcode : 'and' 'or' 'xor'> <InPorts = 2> <OutPorts = 1>
ST_35 : Operation 1060 [1/1] (0.00ns) (grouped into LUT with out node storemerge1_30)   --->   "%sel_tmp130 = select i1 %sel_tmp129, i12 0, i12 -2048" [lstm_hls_opt/src/rnn.cpp:79]   --->   Operation 1060 'select' 'sel_tmp130' <Predicate = true> <Delay = 0.00> <Core = "Sel">   --->   Core 26 'Sel' <Latency = 0> <II = 1> <Delay = 0.59> <FuncUnit> <Opcode : 'select'> <InPorts = 3> <OutPorts = 1>
ST_35 : Operation 1061 [1/1] (0.00ns) (grouped into LUT with out node storemerge1_30)   --->   "%tmp_398 = or i1 %sel_tmp129, %tmp_30_96" [lstm_hls_opt/src/rnn.cpp:79]   --->   Operation 1061 'or' 'tmp_398' <Predicate = true> <Delay = 0.00> <Core = "LogicGate">   --->   Core 27 'LogicGate' <Latency = 0> <II = 1> <Delay = 0.80> <FuncUnit> <Opcode : 'and' 'or' 'xor'> <InPorts = 2> <OutPorts = 1>
ST_35 : Operation 1062 [1/1] (0.80ns) (out node of the LUT)   --->   "%storemerge1_30 = select i1 %tmp_398, i12 %sel_tmp130, i12 %tmp_254" [lstm_hls_opt/src/rnn.cpp:79]   --->   Operation 1062 'select' 'storemerge1_30' <Predicate = true> <Delay = 0.80> <Core = "Sel">   --->   Core 26 'Sel' <Latency = 0> <II = 1> <Delay = 0.59> <FuncUnit> <Opcode : 'select'> <InPorts = 3> <OutPorts = 1>
ST_35 : Operation 1063 [1/1] (0.00ns)   --->   "%storemerge1_30_cast = zext i12 %storemerge1_30 to i16" [lstm_hls_opt/src/rnn.cpp:79]   --->   Operation 1063 'zext' 'storemerge1_30_cast' <Predicate = true> <Delay = 0.00>
ST_35 : Operation 1064 [1/1] (1.75ns)   --->   "store i16 %storemerge1_30_cast, i16* %x_6_V_addr_6, align 2" [lstm_hls_opt/src/rnn.cpp:75]   --->   Operation 1064 'store' <Predicate = true> <Delay = 1.75> <Core = "RAM">   --->   Core 37 'RAM' <Latency = 1> <II = 1> <Delay = 1.75> <Storage> <Opcode : 'load' 'store'> <Ports = 2> <Width = 16> <Depth = 16> <RAM>
ST_35 : Operation 1065 [1/1] (0.00ns)   --->   "%tmp_13_30 = zext i8 %tmp_402 to i64" [lstm_hls_opt/src/rnn.cpp:79]   --->   Operation 1065 'zext' 'tmp_13_30' <Predicate = true> <Delay = 0.00>
ST_35 : Operation 1066 [1/1] (0.00ns)   --->   "%Sigmoid_lut_V_addr_31 = getelementptr [256 x i15]* @Sigmoid_lut_V, i64 0, i64 %tmp_13_30" [lstm_hls_opt/src/rnn.cpp:79]   --->   Operation 1066 'getelementptr' 'Sigmoid_lut_V_addr_31' <Predicate = true> <Delay = 0.00>
ST_35 : Operation 1067 [2/2] (2.77ns)   --->   "%Sigmoid_lut_V_load_31 = load i15* %Sigmoid_lut_V_addr_31, align 2" [lstm_hls_opt/src/rnn.cpp:79]   --->   Operation 1067 'load' 'Sigmoid_lut_V_load_31' <Predicate = true> <Delay = 2.77> <Core = "ROM_1P_LUTRAM">   --->   Core 60 'ROM_1P_LUTRAM' <Latency = 1> <II = 1> <Delay = 2.77> <Storage> <Opcode : 'load'> <Ports = 1> <Width = 15> <Depth = 256> <ROM>

State 36 <SV = 35> <Delay = 5.32>
ST_36 : Operation 1068 [1/2] (2.77ns)   --->   "%Sigmoid_lut_V_load_31 = load i15* %Sigmoid_lut_V_addr_31, align 2" [lstm_hls_opt/src/rnn.cpp:79]   --->   Operation 1068 'load' 'Sigmoid_lut_V_load_31' <Predicate = true> <Delay = 2.77> <Core = "ROM_1P_LUTRAM">   --->   Core 60 'ROM_1P_LUTRAM' <Latency = 1> <II = 1> <Delay = 2.77> <Storage> <Opcode : 'load'> <Ports = 1> <Width = 15> <Depth = 256> <ROM>
ST_36 : Operation 1069 [1/1] (0.00ns) (grouped into LUT with out node storemerge1_s)   --->   "%tmp_34 = call i11 @_ssdm_op_PartSelect.i11.i15.i32.i32(i15 %Sigmoid_lut_V_load_31, i32 4, i32 14)" [lstm_hls_opt/src/rnn.cpp:79]   --->   Operation 1069 'partselect' 'tmp_34' <Predicate = true> <Delay = 0.00>
ST_36 : Operation 1070 [1/1] (0.00ns) (grouped into LUT with out node storemerge1_s)   --->   "%tmp_258 = zext i11 %tmp_34 to i12" [lstm_hls_opt/src/rnn.cpp:79]   --->   Operation 1070 'zext' 'tmp_258' <Predicate = true> <Delay = 0.00>
ST_36 : Operation 1071 [1/1] (0.00ns) (grouped into LUT with out node sel_tmp132)   --->   "%sel_tmp131 = xor i1 %tmp_s_97, true" [lstm_hls_opt/src/rnn.cpp:75]   --->   Operation 1071 'xor' 'sel_tmp131' <Predicate = true> <Delay = 0.00> <Core = "LogicGate">   --->   Core 27 'LogicGate' <Latency = 0> <II = 1> <Delay = 0.80> <FuncUnit> <Opcode : 'and' 'or' 'xor'> <InPorts = 2> <OutPorts = 1>
ST_36 : Operation 1072 [1/1] (0.80ns) (out node of the LUT)   --->   "%sel_tmp132 = and i1 %tmp_9_30, %sel_tmp131" [lstm_hls_opt/src/rnn.cpp:76]   --->   Operation 1072 'and' 'sel_tmp132' <Predicate = true> <Delay = 0.80> <Core = "LogicGate">   --->   Core 27 'LogicGate' <Latency = 0> <II = 1> <Delay = 0.80> <FuncUnit> <Opcode : 'and' 'or' 'xor'> <InPorts = 2> <OutPorts = 1>
ST_36 : Operation 1073 [1/1] (0.00ns) (grouped into LUT with out node storemerge1_s)   --->   "%sel_tmp133 = select i1 %sel_tmp132, i12 0, i12 -2048" [lstm_hls_opt/src/rnn.cpp:79]   --->   Operation 1073 'select' 'sel_tmp133' <Predicate = true> <Delay = 0.00> <Core = "Sel">   --->   Core 26 'Sel' <Latency = 0> <II = 1> <Delay = 0.59> <FuncUnit> <Opcode : 'select'> <InPorts = 3> <OutPorts = 1>
ST_36 : Operation 1074 [1/1] (0.00ns) (grouped into LUT with out node storemerge1_s)   --->   "%tmp_403 = or i1 %sel_tmp132, %tmp_s_97" [lstm_hls_opt/src/rnn.cpp:79]   --->   Operation 1074 'or' 'tmp_403' <Predicate = true> <Delay = 0.00> <Core = "LogicGate">   --->   Core 27 'LogicGate' <Latency = 0> <II = 1> <Delay = 0.80> <FuncUnit> <Opcode : 'and' 'or' 'xor'> <InPorts = 2> <OutPorts = 1>
ST_36 : Operation 1075 [1/1] (0.80ns) (out node of the LUT)   --->   "%storemerge1_s = select i1 %tmp_403, i12 %sel_tmp133, i12 %tmp_258" [lstm_hls_opt/src/rnn.cpp:79]   --->   Operation 1075 'select' 'storemerge1_s' <Predicate = true> <Delay = 0.80> <Core = "Sel">   --->   Core 26 'Sel' <Latency = 0> <II = 1> <Delay = 0.59> <FuncUnit> <Opcode : 'select'> <InPorts = 3> <OutPorts = 1>
ST_36 : Operation 1076 [1/1] (0.00ns)   --->   "%storemerge1_cast_100 = zext i12 %storemerge1_s to i16" [lstm_hls_opt/src/rnn.cpp:79]   --->   Operation 1076 'zext' 'storemerge1_cast_100' <Predicate = true> <Delay = 0.00>
ST_36 : Operation 1077 [1/1] (1.75ns)   --->   "store i16 %storemerge1_cast_100, i16* %x_7_V_addr_6, align 2" [lstm_hls_opt/src/rnn.cpp:75]   --->   Operation 1077 'store' <Predicate = true> <Delay = 1.75> <Core = "RAM">   --->   Core 37 'RAM' <Latency = 1> <II = 1> <Delay = 1.75> <Storage> <Opcode : 'load' 'store'> <Ports = 2> <Width = 16> <Depth = 16> <RAM>
ST_36 : Operation 1078 [1/1] (0.00ns)   --->   "br label %1" [lstm_hls_opt/src/rnn.cpp:73]   --->   Operation 1078 'br' <Predicate = true> <Delay = 0.00>


============================================================
+ Verbose Summary: Timing violations
============================================================
Target clock period: 10ns, clock uncertainty: 1.25ns.

 <State 1>: 0.466ns
The critical path consists of the following:
	multiplexor before 'phi' operation ('i', lstm_hls_opt/src/rnn.cpp:73) with incoming values : ('i_2_s', lstm_hls_opt/src/rnn.cpp:73) [13]  (0.466 ns)

 <State 2>: 1.75ns
The critical path consists of the following:
	'phi' operation ('i', lstm_hls_opt/src/rnn.cpp:73) with incoming values : ('i_2_s', lstm_hls_opt/src/rnn.cpp:73) [13]  (0 ns)
	'getelementptr' operation ('x_0_V_addr', lstm_hls_opt/src/rnn.cpp:75) [21]  (0 ns)
	'load' operation ('x_0_V_load', lstm_hls_opt/src/rnn.cpp:75) on array 'res_0_V' [22]  (1.75 ns)

 <State 3>: 7.43ns
The critical path consists of the following:
	'load' operation ('x_0_V_load', lstm_hls_opt/src/rnn.cpp:75) on array 'res_0_V' [22]  (1.75 ns)
	'add' operation ('ret_V', lstm_hls_opt/src/rnn.cpp:78) [27]  (1.55 ns)
	'sub' operation ('r_V_4', lstm_hls_opt/src/rnn.cpp:78) [31]  (1.69 ns)
	'icmp' operation ('tmp_12', lstm_hls_opt/src/rnn.cpp:78) [34]  (1.99 ns)
	'select' operation ('tmp_233', lstm_hls_opt/src/rnn.cpp:78) [37]  (0 ns)
	'select' operation ('tmp_235', lstm_hls_opt/src/rnn.cpp:78) [38]  (0.448 ns)

 <State 4>: 7.43ns
The critical path consists of the following:
	'load' operation ('x_1_V_load', lstm_hls_opt/src/rnn.cpp:75) on array 'res_1_V' [52]  (1.75 ns)
	'add' operation ('ret_V_1', lstm_hls_opt/src/rnn.cpp:78) [57]  (1.55 ns)
	'sub' operation ('r_V_4_1', lstm_hls_opt/src/rnn.cpp:78) [61]  (1.69 ns)
	'icmp' operation ('tmp_12_1', lstm_hls_opt/src/rnn.cpp:78) [64]  (1.99 ns)
	'select' operation ('tmp_243', lstm_hls_opt/src/rnn.cpp:78) [67]  (0 ns)
	'select' operation ('tmp_245', lstm_hls_opt/src/rnn.cpp:78) [68]  (0.448 ns)

 <State 5>: 7.43ns
The critical path consists of the following:
	'load' operation ('x_2_V_load', lstm_hls_opt/src/rnn.cpp:75) on array 'res_2_V' [82]  (1.75 ns)
	'add' operation ('ret_V_2', lstm_hls_opt/src/rnn.cpp:78) [87]  (1.55 ns)
	'sub' operation ('r_V_4_2', lstm_hls_opt/src/rnn.cpp:78) [91]  (1.69 ns)
	'icmp' operation ('tmp_12_2', lstm_hls_opt/src/rnn.cpp:78) [94]  (1.99 ns)
	'select' operation ('tmp_253', lstm_hls_opt/src/rnn.cpp:78) [97]  (0 ns)
	'select' operation ('tmp_255', lstm_hls_opt/src/rnn.cpp:78) [98]  (0.448 ns)

 <State 6>: 7.43ns
The critical path consists of the following:
	'load' operation ('x_3_V_load', lstm_hls_opt/src/rnn.cpp:75) on array 'res_3_V' [112]  (1.75 ns)
	'add' operation ('ret_V_3', lstm_hls_opt/src/rnn.cpp:78) [117]  (1.55 ns)
	'sub' operation ('r_V_4_3', lstm_hls_opt/src/rnn.cpp:78) [121]  (1.69 ns)
	'icmp' operation ('tmp_12_3', lstm_hls_opt/src/rnn.cpp:78) [124]  (1.99 ns)
	'select' operation ('tmp_261', lstm_hls_opt/src/rnn.cpp:78) [127]  (0 ns)
	'select' operation ('tmp_262', lstm_hls_opt/src/rnn.cpp:78) [128]  (0.448 ns)

 <State 7>: 7.43ns
The critical path consists of the following:
	'load' operation ('x_4_V_load', lstm_hls_opt/src/rnn.cpp:75) on array 'res_4_V' [142]  (1.75 ns)
	'add' operation ('ret_V_s', lstm_hls_opt/src/rnn.cpp:78) [147]  (1.55 ns)
	'sub' operation ('r_V_4_4', lstm_hls_opt/src/rnn.cpp:78) [151]  (1.69 ns)
	'icmp' operation ('tmp_12_4', lstm_hls_opt/src/rnn.cpp:78) [154]  (1.99 ns)
	'select' operation ('tmp_266', lstm_hls_opt/src/rnn.cpp:78) [157]  (0 ns)
	'select' operation ('tmp_267', lstm_hls_opt/src/rnn.cpp:78) [158]  (0.448 ns)

 <State 8>: 7.43ns
The critical path consists of the following:
	'load' operation ('x_5_V_load', lstm_hls_opt/src/rnn.cpp:75) on array 'res_5_V' [172]  (1.75 ns)
	'add' operation ('ret_V_5', lstm_hls_opt/src/rnn.cpp:78) [177]  (1.55 ns)
	'sub' operation ('r_V_4_5', lstm_hls_opt/src/rnn.cpp:78) [181]  (1.69 ns)
	'icmp' operation ('tmp_12_5', lstm_hls_opt/src/rnn.cpp:78) [184]  (1.99 ns)
	'select' operation ('tmp_271', lstm_hls_opt/src/rnn.cpp:78) [187]  (0 ns)
	'select' operation ('tmp_272', lstm_hls_opt/src/rnn.cpp:78) [188]  (0.448 ns)

 <State 9>: 7.43ns
The critical path consists of the following:
	'load' operation ('x_6_V_load', lstm_hls_opt/src/rnn.cpp:75) on array 'res_6_V' [202]  (1.75 ns)
	'add' operation ('ret_V_6', lstm_hls_opt/src/rnn.cpp:78) [207]  (1.55 ns)
	'sub' operation ('r_V_4_6', lstm_hls_opt/src/rnn.cpp:78) [211]  (1.69 ns)
	'icmp' operation ('tmp_12_6', lstm_hls_opt/src/rnn.cpp:78) [214]  (1.99 ns)
	'select' operation ('tmp_276', lstm_hls_opt/src/rnn.cpp:78) [217]  (0 ns)
	'select' operation ('tmp_277', lstm_hls_opt/src/rnn.cpp:78) [218]  (0.448 ns)

 <State 10>: 7.43ns
The critical path consists of the following:
	'load' operation ('x_7_V_load', lstm_hls_opt/src/rnn.cpp:75) on array 'res_7_V' [232]  (1.75 ns)
	'add' operation ('ret_V_7', lstm_hls_opt/src/rnn.cpp:78) [237]  (1.55 ns)
	'sub' operation ('r_V_4_7', lstm_hls_opt/src/rnn.cpp:78) [241]  (1.69 ns)
	'icmp' operation ('tmp_12_7', lstm_hls_opt/src/rnn.cpp:78) [244]  (1.99 ns)
	'select' operation ('tmp_281', lstm_hls_opt/src/rnn.cpp:78) [247]  (0 ns)
	'select' operation ('tmp_282', lstm_hls_opt/src/rnn.cpp:78) [248]  (0.448 ns)

 <State 11>: 7.43ns
The critical path consists of the following:
	'load' operation ('x_0_V_load_4', lstm_hls_opt/src/rnn.cpp:75) on array 'res_0_V' [264]  (1.75 ns)
	'add' operation ('ret_V_8', lstm_hls_opt/src/rnn.cpp:78) [269]  (1.55 ns)
	'sub' operation ('r_V_4_8', lstm_hls_opt/src/rnn.cpp:78) [273]  (1.69 ns)
	'icmp' operation ('tmp_12_8', lstm_hls_opt/src/rnn.cpp:78) [276]  (1.99 ns)
	'select' operation ('tmp_286', lstm_hls_opt/src/rnn.cpp:78) [279]  (0 ns)
	'select' operation ('tmp_287', lstm_hls_opt/src/rnn.cpp:78) [280]  (0.448 ns)

 <State 12>: 7.43ns
The critical path consists of the following:
	'load' operation ('x_1_V_load_4', lstm_hls_opt/src/rnn.cpp:75) on array 'res_1_V' [294]  (1.75 ns)
	'add' operation ('ret_V_9', lstm_hls_opt/src/rnn.cpp:78) [299]  (1.55 ns)
	'sub' operation ('r_V_4_9', lstm_hls_opt/src/rnn.cpp:78) [303]  (1.69 ns)
	'icmp' operation ('tmp_12_9', lstm_hls_opt/src/rnn.cpp:78) [306]  (1.99 ns)
	'select' operation ('tmp_291', lstm_hls_opt/src/rnn.cpp:78) [309]  (0 ns)
	'select' operation ('tmp_292', lstm_hls_opt/src/rnn.cpp:78) [310]  (0.448 ns)

 <State 13>: 7.43ns
The critical path consists of the following:
	'load' operation ('x_2_V_load_4', lstm_hls_opt/src/rnn.cpp:75) on array 'res_2_V' [324]  (1.75 ns)
	'add' operation ('ret_V_10', lstm_hls_opt/src/rnn.cpp:78) [329]  (1.55 ns)
	'sub' operation ('r_V_4_s', lstm_hls_opt/src/rnn.cpp:78) [333]  (1.69 ns)
	'icmp' operation ('tmp_12_s', lstm_hls_opt/src/rnn.cpp:78) [336]  (1.99 ns)
	'select' operation ('tmp_296', lstm_hls_opt/src/rnn.cpp:78) [339]  (0 ns)
	'select' operation ('tmp_297', lstm_hls_opt/src/rnn.cpp:78) [340]  (0.448 ns)

 <State 14>: 7.43ns
The critical path consists of the following:
	'load' operation ('x_3_V_load_4', lstm_hls_opt/src/rnn.cpp:75) on array 'res_3_V' [354]  (1.75 ns)
	'add' operation ('ret_V_11', lstm_hls_opt/src/rnn.cpp:78) [359]  (1.55 ns)
	'sub' operation ('r_V_4_10', lstm_hls_opt/src/rnn.cpp:78) [363]  (1.69 ns)
	'icmp' operation ('tmp_12_10', lstm_hls_opt/src/rnn.cpp:78) [366]  (1.99 ns)
	'select' operation ('tmp_301', lstm_hls_opt/src/rnn.cpp:78) [369]  (0 ns)
	'select' operation ('tmp_302', lstm_hls_opt/src/rnn.cpp:78) [370]  (0.448 ns)

 <State 15>: 7.43ns
The critical path consists of the following:
	'load' operation ('x_4_V_load_4', lstm_hls_opt/src/rnn.cpp:75) on array 'res_4_V' [384]  (1.75 ns)
	'add' operation ('ret_V_12', lstm_hls_opt/src/rnn.cpp:78) [389]  (1.55 ns)
	'sub' operation ('r_V_4_11', lstm_hls_opt/src/rnn.cpp:78) [393]  (1.69 ns)
	'icmp' operation ('tmp_12_11', lstm_hls_opt/src/rnn.cpp:78) [396]  (1.99 ns)
	'select' operation ('tmp_306', lstm_hls_opt/src/rnn.cpp:78) [399]  (0 ns)
	'select' operation ('tmp_307', lstm_hls_opt/src/rnn.cpp:78) [400]  (0.448 ns)

 <State 16>: 7.43ns
The critical path consists of the following:
	'load' operation ('x_5_V_load_4', lstm_hls_opt/src/rnn.cpp:75) on array 'res_5_V' [414]  (1.75 ns)
	'add' operation ('ret_V_13', lstm_hls_opt/src/rnn.cpp:78) [419]  (1.55 ns)
	'sub' operation ('r_V_4_12', lstm_hls_opt/src/rnn.cpp:78) [423]  (1.69 ns)
	'icmp' operation ('tmp_12_12', lstm_hls_opt/src/rnn.cpp:78) [426]  (1.99 ns)
	'select' operation ('tmp_311', lstm_hls_opt/src/rnn.cpp:78) [429]  (0 ns)
	'select' operation ('tmp_312', lstm_hls_opt/src/rnn.cpp:78) [430]  (0.448 ns)

 <State 17>: 7.43ns
The critical path consists of the following:
	'load' operation ('x_6_V_load_4', lstm_hls_opt/src/rnn.cpp:75) on array 'res_6_V' [444]  (1.75 ns)
	'add' operation ('ret_V_14', lstm_hls_opt/src/rnn.cpp:78) [449]  (1.55 ns)
	'sub' operation ('r_V_4_13', lstm_hls_opt/src/rnn.cpp:78) [453]  (1.69 ns)
	'icmp' operation ('tmp_12_13', lstm_hls_opt/src/rnn.cpp:78) [456]  (1.99 ns)
	'select' operation ('tmp_316', lstm_hls_opt/src/rnn.cpp:78) [459]  (0 ns)
	'select' operation ('tmp_317', lstm_hls_opt/src/rnn.cpp:78) [460]  (0.448 ns)

 <State 18>: 7.43ns
The critical path consists of the following:
	'load' operation ('x_7_V_load_4', lstm_hls_opt/src/rnn.cpp:75) on array 'res_7_V' [474]  (1.75 ns)
	'add' operation ('ret_V_15', lstm_hls_opt/src/rnn.cpp:78) [479]  (1.55 ns)
	'sub' operation ('r_V_4_14', lstm_hls_opt/src/rnn.cpp:78) [483]  (1.69 ns)
	'icmp' operation ('tmp_12_14', lstm_hls_opt/src/rnn.cpp:78) [486]  (1.99 ns)
	'select' operation ('tmp_321', lstm_hls_opt/src/rnn.cpp:78) [489]  (0 ns)
	'select' operation ('tmp_322', lstm_hls_opt/src/rnn.cpp:78) [490]  (0.448 ns)

 <State 19>: 7.43ns
The critical path consists of the following:
	'load' operation ('x_6_V_load_6', lstm_hls_opt/src/rnn.cpp:75) on array 'res_6_V' [928]  (1.75 ns)
	'add' operation ('ret_V_30', lstm_hls_opt/src/rnn.cpp:78) [933]  (1.55 ns)
	'sub' operation ('r_V_4_29', lstm_hls_opt/src/rnn.cpp:78) [937]  (1.69 ns)
	'icmp' operation ('tmp_12_29', lstm_hls_opt/src/rnn.cpp:78) [940]  (1.99 ns)
	'select' operation ('tmp_396', lstm_hls_opt/src/rnn.cpp:78) [943]  (0 ns)
	'select' operation ('tmp_397', lstm_hls_opt/src/rnn.cpp:78) [944]  (0.448 ns)

 <State 20>: 7.43ns
The critical path consists of the following:
	'load' operation ('x_7_V_load_6', lstm_hls_opt/src/rnn.cpp:75) on array 'res_7_V' [958]  (1.75 ns)
	'add' operation ('ret_V_31', lstm_hls_opt/src/rnn.cpp:78) [963]  (1.55 ns)
	'sub' operation ('r_V_4_30', lstm_hls_opt/src/rnn.cpp:78) [967]  (1.69 ns)
	'icmp' operation ('tmp_12_30', lstm_hls_opt/src/rnn.cpp:78) [970]  (1.99 ns)
	'select' operation ('tmp_401', lstm_hls_opt/src/rnn.cpp:78) [973]  (0 ns)
	'select' operation ('tmp_402', lstm_hls_opt/src/rnn.cpp:78) [974]  (0.448 ns)

 <State 21>: 5.33ns
The critical path consists of the following:
	'load' operation ('Sigmoid_lut_V_load_16', lstm_hls_opt/src/rnn.cpp:79) on array 'Sigmoid_lut_V' [525]  (2.77 ns)
	'select' operation ('storemerge1_16', lstm_hls_opt/src/rnn.cpp:79) [532]  (0.8 ns)
	'store' operation (lstm_hls_opt/src/rnn.cpp:75) of variable 'storemerge1_16_cast', lstm_hls_opt/src/rnn.cpp:79 on array 'res_0_V' [534]  (1.75 ns)

 <State 22>: 5.33ns
The critical path consists of the following:
	'load' operation ('Sigmoid_lut_V_load_17', lstm_hls_opt/src/rnn.cpp:79) on array 'Sigmoid_lut_V' [555]  (2.77 ns)
	'select' operation ('storemerge1_17', lstm_hls_opt/src/rnn.cpp:79) [562]  (0.8 ns)
	'store' operation (lstm_hls_opt/src/rnn.cpp:75) of variable 'storemerge1_17_cast', lstm_hls_opt/src/rnn.cpp:79 on array 'res_1_V' [564]  (1.75 ns)

 <State 23>: 5.33ns
The critical path consists of the following:
	'load' operation ('Sigmoid_lut_V_load_18', lstm_hls_opt/src/rnn.cpp:79) on array 'Sigmoid_lut_V' [585]  (2.77 ns)
	'select' operation ('storemerge1_18', lstm_hls_opt/src/rnn.cpp:79) [592]  (0.8 ns)
	'store' operation (lstm_hls_opt/src/rnn.cpp:75) of variable 'storemerge1_18_cast', lstm_hls_opt/src/rnn.cpp:79 on array 'res_2_V' [594]  (1.75 ns)

 <State 24>: 5.33ns
The critical path consists of the following:
	'load' operation ('Sigmoid_lut_V_load_19', lstm_hls_opt/src/rnn.cpp:79) on array 'Sigmoid_lut_V' [615]  (2.77 ns)
	'select' operation ('storemerge1_19', lstm_hls_opt/src/rnn.cpp:79) [622]  (0.8 ns)
	'store' operation (lstm_hls_opt/src/rnn.cpp:75) of variable 'storemerge1_19_cast', lstm_hls_opt/src/rnn.cpp:79 on array 'res_3_V' [624]  (1.75 ns)

 <State 25>: 5.33ns
The critical path consists of the following:
	'load' operation ('Sigmoid_lut_V_load_20', lstm_hls_opt/src/rnn.cpp:79) on array 'Sigmoid_lut_V' [645]  (2.77 ns)
	'select' operation ('storemerge1_20', lstm_hls_opt/src/rnn.cpp:79) [652]  (0.8 ns)
	'store' operation (lstm_hls_opt/src/rnn.cpp:75) of variable 'storemerge1_20_cast', lstm_hls_opt/src/rnn.cpp:79 on array 'res_4_V' [654]  (1.75 ns)

 <State 26>: 5.33ns
The critical path consists of the following:
	'load' operation ('Sigmoid_lut_V_load_21', lstm_hls_opt/src/rnn.cpp:79) on array 'Sigmoid_lut_V' [675]  (2.77 ns)
	'select' operation ('storemerge1_21', lstm_hls_opt/src/rnn.cpp:79) [682]  (0.8 ns)
	'store' operation (lstm_hls_opt/src/rnn.cpp:75) of variable 'storemerge1_21_cast', lstm_hls_opt/src/rnn.cpp:79 on array 'res_5_V' [684]  (1.75 ns)

 <State 27>: 5.33ns
The critical path consists of the following:
	'load' operation ('Sigmoid_lut_V_load_22', lstm_hls_opt/src/rnn.cpp:79) on array 'Sigmoid_lut_V' [705]  (2.77 ns)
	'select' operation ('storemerge1_22', lstm_hls_opt/src/rnn.cpp:79) [712]  (0.8 ns)
	'store' operation (lstm_hls_opt/src/rnn.cpp:75) of variable 'storemerge1_22_cast', lstm_hls_opt/src/rnn.cpp:79 on array 'res_6_V' [714]  (1.75 ns)

 <State 28>: 5.33ns
The critical path consists of the following:
	'load' operation ('Sigmoid_lut_V_load_23', lstm_hls_opt/src/rnn.cpp:79) on array 'Sigmoid_lut_V' [735]  (2.77 ns)
	'select' operation ('storemerge1_23', lstm_hls_opt/src/rnn.cpp:79) [742]  (0.8 ns)
	'store' operation (lstm_hls_opt/src/rnn.cpp:75) of variable 'storemerge1_23_cast', lstm_hls_opt/src/rnn.cpp:79 on array 'res_7_V' [744]  (1.75 ns)

 <State 29>: 5.33ns
The critical path consists of the following:
	'load' operation ('Sigmoid_lut_V_load_24', lstm_hls_opt/src/rnn.cpp:79) on array 'Sigmoid_lut_V' [767]  (2.77 ns)
	'select' operation ('storemerge1_24', lstm_hls_opt/src/rnn.cpp:79) [774]  (0.8 ns)
	'store' operation (lstm_hls_opt/src/rnn.cpp:75) of variable 'storemerge1_24_cast', lstm_hls_opt/src/rnn.cpp:79 on array 'res_0_V' [776]  (1.75 ns)

 <State 30>: 5.33ns
The critical path consists of the following:
	'load' operation ('Sigmoid_lut_V_load_25', lstm_hls_opt/src/rnn.cpp:79) on array 'Sigmoid_lut_V' [797]  (2.77 ns)
	'select' operation ('storemerge1_25', lstm_hls_opt/src/rnn.cpp:79) [804]  (0.8 ns)
	'store' operation (lstm_hls_opt/src/rnn.cpp:75) of variable 'storemerge1_25_cast', lstm_hls_opt/src/rnn.cpp:79 on array 'res_1_V' [806]  (1.75 ns)

 <State 31>: 5.33ns
The critical path consists of the following:
	'load' operation ('Sigmoid_lut_V_load_26', lstm_hls_opt/src/rnn.cpp:79) on array 'Sigmoid_lut_V' [827]  (2.77 ns)
	'select' operation ('storemerge1_26', lstm_hls_opt/src/rnn.cpp:79) [834]  (0.8 ns)
	'store' operation (lstm_hls_opt/src/rnn.cpp:75) of variable 'storemerge1_26_cast', lstm_hls_opt/src/rnn.cpp:79 on array 'res_2_V' [836]  (1.75 ns)

 <State 32>: 5.33ns
The critical path consists of the following:
	'load' operation ('Sigmoid_lut_V_load_27', lstm_hls_opt/src/rnn.cpp:79) on array 'Sigmoid_lut_V' [857]  (2.77 ns)
	'select' operation ('storemerge1_27', lstm_hls_opt/src/rnn.cpp:79) [864]  (0.8 ns)
	'store' operation (lstm_hls_opt/src/rnn.cpp:75) of variable 'storemerge1_27_cast', lstm_hls_opt/src/rnn.cpp:79 on array 'res_3_V' [866]  (1.75 ns)

 <State 33>: 5.33ns
The critical path consists of the following:
	'load' operation ('Sigmoid_lut_V_load_28', lstm_hls_opt/src/rnn.cpp:79) on array 'Sigmoid_lut_V' [887]  (2.77 ns)
	'select' operation ('storemerge1_28', lstm_hls_opt/src/rnn.cpp:79) [894]  (0.8 ns)
	'store' operation (lstm_hls_opt/src/rnn.cpp:75) of variable 'storemerge1_28_cast', lstm_hls_opt/src/rnn.cpp:79 on array 'res_4_V' [896]  (1.75 ns)

 <State 34>: 5.33ns
The critical path consists of the following:
	'load' operation ('Sigmoid_lut_V_load_29', lstm_hls_opt/src/rnn.cpp:79) on array 'Sigmoid_lut_V' [917]  (2.77 ns)
	'select' operation ('storemerge1_29', lstm_hls_opt/src/rnn.cpp:79) [924]  (0.8 ns)
	'store' operation (lstm_hls_opt/src/rnn.cpp:75) of variable 'storemerge1_29_cast', lstm_hls_opt/src/rnn.cpp:79 on array 'res_5_V' [926]  (1.75 ns)

 <State 35>: 5.33ns
The critical path consists of the following:
	'load' operation ('Sigmoid_lut_V_load_30', lstm_hls_opt/src/rnn.cpp:79) on array 'Sigmoid_lut_V' [947]  (2.77 ns)
	'select' operation ('storemerge1_30', lstm_hls_opt/src/rnn.cpp:79) [954]  (0.8 ns)
	'store' operation (lstm_hls_opt/src/rnn.cpp:75) of variable 'storemerge1_30_cast', lstm_hls_opt/src/rnn.cpp:79 on array 'res_6_V' [956]  (1.75 ns)

 <State 36>: 5.33ns
The critical path consists of the following:
	'load' operation ('Sigmoid_lut_V_load_31', lstm_hls_opt/src/rnn.cpp:79) on array 'Sigmoid_lut_V' [977]  (2.77 ns)
	'select' operation ('storemerge1_s', lstm_hls_opt/src/rnn.cpp:79) [984]  (0.8 ns)
	'store' operation (lstm_hls_opt/src/rnn.cpp:75) of variable 'storemerge1_cast_100', lstm_hls_opt/src/rnn.cpp:79 on array 'res_7_V' [986]  (1.75 ns)


============================================================
+ Verbose Summary: Binding
============================================================
N/A
* FSMD analyzer results:
  - Output states:
 - Input state : 
  - Chain level:
	State 1
	State 2
	State 3
	State 4
	State 5
	State 6
	State 7
	State 8
	State 9
	State 10
	State 11
	State 12
	State 13
	State 14
	State 15
	State 16
	State 17
	State 18
	State 19
	State 20
	State 21
	State 22
	State 23
	State 24
	State 25
	State 26
	State 27
	State 28
	State 29
	State 30
	State 31
	State 32
	State 33
	State 34
	State 35
	State 36


============================================================
+ Verbose Summary: Datapath Resource usage 
============================================================
N/A
