Copyright 1986-2018 Xilinx, Inc. All Rights Reserved.
-----------------------------------------------------------------------------------------------------------------------------------------------------------------------------------------------------------------------
| Tool Version : Vivado v.2018.3 (win64) Build 2405991 Thu Dec  6 23:38:27 MST 2018
| Date         : Sun Apr 20 03:00:02 2025
| Host         : jude running 64-bit major release  (build 9200)
| Command      : report_timing_summary -max_paths 10 -file design_1_wrapper_timing_summary_routed.rpt -pb design_1_wrapper_timing_summary_routed.pb -rpx design_1_wrapper_timing_summary_routed.rpx -warn_on_violation
| Design       : design_1_wrapper
| Device       : 7z020-clg400
| Speed File   : -2  PRODUCTION 1.11 2014-09-11
-----------------------------------------------------------------------------------------------------------------------------------------------------------------------------------------------------------------------

Timing Summary Report

------------------------------------------------------------------------------------------------
| Timer Settings
| --------------
------------------------------------------------------------------------------------------------

  Enable Multi Corner Analysis               :  Yes
  Enable Pessimism Removal                   :  Yes
  Pessimism Removal Resolution               :  Nearest Common Node
  Enable Input Delay Default Clock           :  No
  Enable Preset / Clear Arcs                 :  No
  Disable Flight Delays                      :  No
  Ignore I/O Paths                           :  No
  Timing Early Launch at Borrowing Latches   :  false

  Corner  Analyze    Analyze    
  Name    Max Paths  Min Paths  
  ------  ---------  ---------  
  Slow    Yes        Yes        
  Fast    Yes        Yes        



check_timing report

Table of Contents
-----------------
1. checking no_clock
2. checking constant_clock
3. checking pulse_width_clock
4. checking unconstrained_internal_endpoints
5. checking no_input_delay
6. checking no_output_delay
7. checking multiple_clock
8. checking generated_clocks
9. checking loops
10. checking partial_input_delay
11. checking partial_output_delay
12. checking latch_loops

1. checking no_clock
--------------------
 There are 0 register/latch pins with no clock.


2. checking constant_clock
--------------------------
 There are 0 register/latch pins with constant_clock.


3. checking pulse_width_clock
-----------------------------
 There are 0 register/latch pins which need pulse_width check


4. checking unconstrained_internal_endpoints
--------------------------------------------
 There are 0 pins that are not constrained for maximum delay.

 There are 0 pins that are not constrained for maximum delay due to constant clock.


5. checking no_input_delay
--------------------------
 There are 0 input ports with no input delay specified.

 There are 0 input ports with no input delay but user has a false path constraint.


6. checking no_output_delay
---------------------------
 There are 0 ports with no output delay specified.

 There are 0 ports with no output delay but user has a false path constraint

 There are 0 ports with no output delay but with a timing clock defined on it or propagating through it


7. checking multiple_clock
--------------------------
 There are 0 register/latch pins with multiple clocks.


8. checking generated_clocks
----------------------------
 There are 0 generated clocks that are not connected to a clock source.


9. checking loops
-----------------
 There are 0 combinational loops in the design.


10. checking partial_input_delay
--------------------------------
 There are 0 input ports with partial input delay specified.


11. checking partial_output_delay
---------------------------------
 There are 0 ports with partial output delay specified.


12. checking latch_loops
------------------------
 There are 0 combinational latch loops in the design through latch input



------------------------------------------------------------------------------------------------
| Design Timing Summary
| ---------------------
------------------------------------------------------------------------------------------------

    WNS(ns)      TNS(ns)  TNS Failing Endpoints  TNS Total Endpoints      WHS(ns)      THS(ns)  THS Failing Endpoints  THS Total Endpoints     WPWS(ns)     TPWS(ns)  TPWS Failing Endpoints  TPWS Total Endpoints  
    -------      -------  ---------------------  -------------------      -------      -------  ---------------------  -------------------     --------     --------  ----------------------  --------------------  
      2.257        0.000                      0                69729        0.036        0.000                      0                69729        8.870        0.000                       0                 20825  


All user specified timing constraints are met.


------------------------------------------------------------------------------------------------
| Clock Summary
| -------------
------------------------------------------------------------------------------------------------

Clock       Waveform(ns)       Period(ns)      Frequency(MHz)
-----       ------------       ----------      --------------
clk_fpga_0  {0.000 10.000}     20.000          50.000          


------------------------------------------------------------------------------------------------
| Intra Clock Table
| -----------------
------------------------------------------------------------------------------------------------

Clock             WNS(ns)      TNS(ns)  TNS Failing Endpoints  TNS Total Endpoints      WHS(ns)      THS(ns)  THS Failing Endpoints  THS Total Endpoints     WPWS(ns)     TPWS(ns)  TPWS Failing Endpoints  TPWS Total Endpoints  
-----             -------      -------  ---------------------  -------------------      -------      -------  ---------------------  -------------------     --------     --------  ----------------------  --------------------  
clk_fpga_0          2.257        0.000                      0                69729        0.036        0.000                      0                69729        8.870        0.000                       0                 20825  


------------------------------------------------------------------------------------------------
| Inter Clock Table
| -----------------
------------------------------------------------------------------------------------------------

From Clock    To Clock          WNS(ns)      TNS(ns)  TNS Failing Endpoints  TNS Total Endpoints      WHS(ns)      THS(ns)  THS Failing Endpoints  THS Total Endpoints  
----------    --------          -------      -------  ---------------------  -------------------      -------      -------  ---------------------  -------------------  


------------------------------------------------------------------------------------------------
| Other Path Groups Table
| -----------------------
------------------------------------------------------------------------------------------------

Path Group    From Clock    To Clock          WNS(ns)      TNS(ns)  TNS Failing Endpoints  TNS Total Endpoints      WHS(ns)      THS(ns)  THS Failing Endpoints  THS Total Endpoints  
----------    ----------    --------          -------      -------  ---------------------  -------------------      -------      -------  ---------------------  -------------------  


------------------------------------------------------------------------------------------------
| Timing Details
| --------------
------------------------------------------------------------------------------------------------


---------------------------------------------------------------------------------------------------
From Clock:  clk_fpga_0
  To Clock:  clk_fpga_0

Setup :            0  Failing Endpoints,  Worst Slack        2.257ns,  Total Violation        0.000ns
Hold  :            0  Failing Endpoints,  Worst Slack        0.036ns,  Total Violation        0.000ns
PW    :            0  Failing Endpoints,  Worst Slack        8.870ns,  Total Violation        0.000ns
---------------------------------------------------------------------------------------------------


Max Delay Paths
--------------------------------------------------------------------------------------
Slack (MET) :             2.257ns  (required time - arrival time)
  Source:                 design_1_i/BiLSTM_Top_0/inst/grp_lstm_infer_fu_267/grp_step_lstm_f_fu_3185/x_h_V_U/step_lstm_f_x_h_V_ram_U/ram_reg/CLKARDCLK
                            (rising edge-triggered cell RAMB18E1 clocked by clk_fpga_0  {rise@0.000ns fall@10.000ns period=20.000ns})
  Destination:            design_1_i/BiLSTM_Top_0/inst/grp_lstm_infer_fu_267/grp_step_lstm_f_fu_3185/BiLSTM_Top_mac_muRg6_U121/BiLSTM_Top_mac_muRg6_DSP48_0_U/p/A[16]
                            (rising edge-triggered cell DSP48E1 clocked by clk_fpga_0  {rise@0.000ns fall@10.000ns period=20.000ns})
  Path Group:             clk_fpga_0
  Path Type:              Setup (Max at Slow Process Corner)
  Requirement:            20.000ns  (clk_fpga_0 rise@20.000ns - clk_fpga_0 rise@0.000ns)
  Data Path Delay:        17.038ns  (logic 2.125ns (12.472%)  route 14.913ns (87.528%))
  Logic Levels:           0  
  Clock Path Skew:        -0.106ns (DCD - SCD + CPR)
    Destination Clock Delay (DCD):    2.441ns = ( 22.441 - 20.000 ) 
    Source Clock Delay      (SCD):    2.644ns
    Clock Pessimism Removal (CPR):    0.097ns
  Clock Uncertainty:      0.302ns  ((TSJ^2 + TIJ^2)^1/2 + DJ) / 2 + PE
    Total System Jitter     (TSJ):    0.071ns
    Total Input Jitter      (TIJ):    0.600ns
    Discrete Jitter          (DJ):    0.000ns
    Phase Error              (PE):    0.000ns

    Location             Delay type                Incr(ns)  Path(ns)    Netlist Resource(s)
  -------------------------------------------------------------------    -------------------
                         (clock clk_fpga_0 rise edge)
                                                      0.000     0.000 r  
    PS7_X0Y0             PS7                          0.000     0.000 r  design_1_i/processing_system7_0/inst/PS7_i/FCLKCLK[0]
                         net (fo=1, routed)           0.994     0.994    design_1_i/processing_system7_0/inst/FCLK_CLK_unbuffered[0]
    BUFGCTRL_X0Y16       BUFG (Prop_bufg_I_O)         0.085     1.079 r  design_1_i/processing_system7_0/inst/buffer_fclk_clk_0.FCLK_CLK_0_BUFG/O
                         net (fo=20843, routed)       1.565     2.644    design_1_i/BiLSTM_Top_0/inst/grp_lstm_infer_fu_267/grp_step_lstm_f_fu_3185/x_h_V_U/step_lstm_f_x_h_V_ram_U/ap_clk
    RAMB18_X5Y17         RAMB18E1                                     r  design_1_i/BiLSTM_Top_0/inst/grp_lstm_infer_fu_267/grp_step_lstm_f_fu_3185/x_h_V_U/step_lstm_f_x_h_V_ram_U/ram_reg/CLKARDCLK
  -------------------------------------------------------------------    -------------------
    RAMB18_X5Y17         RAMB18E1 (Prop_ramb18e1_CLKARDCLK_DOADO[15])
                                                      2.125     4.769 r  design_1_i/BiLSTM_Top_0/inst/grp_lstm_infer_fu_267/grp_step_lstm_f_fu_3185/x_h_V_U/step_lstm_f_x_h_V_ram_U/ram_reg/DOADO[15]
                         net (fo=1763, routed)       14.913    19.682    design_1_i/BiLSTM_Top_0/inst/grp_lstm_infer_fu_267/grp_step_lstm_f_fu_3185/BiLSTM_Top_mac_muRg6_U121/BiLSTM_Top_mac_muRg6_DSP48_0_U/DOADO[15]
    DSP48_X2Y50          DSP48E1                                      r  design_1_i/BiLSTM_Top_0/inst/grp_lstm_infer_fu_267/grp_step_lstm_f_fu_3185/BiLSTM_Top_mac_muRg6_U121/BiLSTM_Top_mac_muRg6_DSP48_0_U/p/A[16]
  -------------------------------------------------------------------    -------------------

                         (clock clk_fpga_0 rise edge)
                                                     20.000    20.000 r  
    PS7_X0Y0             PS7                          0.000    20.000 r  design_1_i/processing_system7_0/inst/PS7_i/FCLKCLK[0]
                         net (fo=1, routed)           0.905    20.906    design_1_i/processing_system7_0/inst/FCLK_CLK_unbuffered[0]
    BUFGCTRL_X0Y16       BUFG (Prop_bufg_I_O)         0.077    20.983 r  design_1_i/processing_system7_0/inst/buffer_fclk_clk_0.FCLK_CLK_0_BUFG/O
                         net (fo=20843, routed)       1.459    22.441    design_1_i/BiLSTM_Top_0/inst/grp_lstm_infer_fu_267/grp_step_lstm_f_fu_3185/BiLSTM_Top_mac_muRg6_U121/BiLSTM_Top_mac_muRg6_DSP48_0_U/ap_clk
    DSP48_X2Y50          DSP48E1                                      r  design_1_i/BiLSTM_Top_0/inst/grp_lstm_infer_fu_267/grp_step_lstm_f_fu_3185/BiLSTM_Top_mac_muRg6_U121/BiLSTM_Top_mac_muRg6_DSP48_0_U/p/CLK
                         clock pessimism              0.097    22.538    
                         clock uncertainty           -0.302    22.235    
    DSP48_X2Y50          DSP48E1 (Setup_dsp48e1_CLK_A[16])
                                                     -0.297    21.938    design_1_i/BiLSTM_Top_0/inst/grp_lstm_infer_fu_267/grp_step_lstm_f_fu_3185/BiLSTM_Top_mac_muRg6_U121/BiLSTM_Top_mac_muRg6_DSP48_0_U/p
  -------------------------------------------------------------------
                         required time                         21.938    
                         arrival time                         -19.682    
  -------------------------------------------------------------------
                         slack                                  2.257    

Slack (MET) :             2.257ns  (required time - arrival time)
  Source:                 design_1_i/BiLSTM_Top_0/inst/grp_lstm_infer_fu_267/grp_step_lstm_f_fu_3185/x_h_V_U/step_lstm_f_x_h_V_ram_U/ram_reg/CLKARDCLK
                            (rising edge-triggered cell RAMB18E1 clocked by clk_fpga_0  {rise@0.000ns fall@10.000ns period=20.000ns})
  Destination:            design_1_i/BiLSTM_Top_0/inst/grp_lstm_infer_fu_267/grp_step_lstm_f_fu_3185/BiLSTM_Top_mac_muRg6_U121/BiLSTM_Top_mac_muRg6_DSP48_0_U/p/A[17]
                            (rising edge-triggered cell DSP48E1 clocked by clk_fpga_0  {rise@0.000ns fall@10.000ns period=20.000ns})
  Path Group:             clk_fpga_0
  Path Type:              Setup (Max at Slow Process Corner)
  Requirement:            20.000ns  (clk_fpga_0 rise@20.000ns - clk_fpga_0 rise@0.000ns)
  Data Path Delay:        17.038ns  (logic 2.125ns (12.472%)  route 14.913ns (87.528%))
  Logic Levels:           0  
  Clock Path Skew:        -0.106ns (DCD - SCD + CPR)
    Destination Clock Delay (DCD):    2.441ns = ( 22.441 - 20.000 ) 
    Source Clock Delay      (SCD):    2.644ns
    Clock Pessimism Removal (CPR):    0.097ns
  Clock Uncertainty:      0.302ns  ((TSJ^2 + TIJ^2)^1/2 + DJ) / 2 + PE
    Total System Jitter     (TSJ):    0.071ns
    Total Input Jitter      (TIJ):    0.600ns
    Discrete Jitter          (DJ):    0.000ns
    Phase Error              (PE):    0.000ns

    Location             Delay type                Incr(ns)  Path(ns)    Netlist Resource(s)
  -------------------------------------------------------------------    -------------------
                         (clock clk_fpga_0 rise edge)
                                                      0.000     0.000 r  
    PS7_X0Y0             PS7                          0.000     0.000 r  design_1_i/processing_system7_0/inst/PS7_i/FCLKCLK[0]
                         net (fo=1, routed)           0.994     0.994    design_1_i/processing_system7_0/inst/FCLK_CLK_unbuffered[0]
    BUFGCTRL_X0Y16       BUFG (Prop_bufg_I_O)         0.085     1.079 r  design_1_i/processing_system7_0/inst/buffer_fclk_clk_0.FCLK_CLK_0_BUFG/O
                         net (fo=20843, routed)       1.565     2.644    design_1_i/BiLSTM_Top_0/inst/grp_lstm_infer_fu_267/grp_step_lstm_f_fu_3185/x_h_V_U/step_lstm_f_x_h_V_ram_U/ap_clk
    RAMB18_X5Y17         RAMB18E1                                     r  design_1_i/BiLSTM_Top_0/inst/grp_lstm_infer_fu_267/grp_step_lstm_f_fu_3185/x_h_V_U/step_lstm_f_x_h_V_ram_U/ram_reg/CLKARDCLK
  -------------------------------------------------------------------    -------------------
    RAMB18_X5Y17         RAMB18E1 (Prop_ramb18e1_CLKARDCLK_DOADO[15])
                                                      2.125     4.769 r  design_1_i/BiLSTM_Top_0/inst/grp_lstm_infer_fu_267/grp_step_lstm_f_fu_3185/x_h_V_U/step_lstm_f_x_h_V_ram_U/ram_reg/DOADO[15]
                         net (fo=1763, routed)       14.913    19.682    design_1_i/BiLSTM_Top_0/inst/grp_lstm_infer_fu_267/grp_step_lstm_f_fu_3185/BiLSTM_Top_mac_muRg6_U121/BiLSTM_Top_mac_muRg6_DSP48_0_U/DOADO[15]
    DSP48_X2Y50          DSP48E1                                      r  design_1_i/BiLSTM_Top_0/inst/grp_lstm_infer_fu_267/grp_step_lstm_f_fu_3185/BiLSTM_Top_mac_muRg6_U121/BiLSTM_Top_mac_muRg6_DSP48_0_U/p/A[17]
  -------------------------------------------------------------------    -------------------

                         (clock clk_fpga_0 rise edge)
                                                     20.000    20.000 r  
    PS7_X0Y0             PS7                          0.000    20.000 r  design_1_i/processing_system7_0/inst/PS7_i/FCLKCLK[0]
                         net (fo=1, routed)           0.905    20.906    design_1_i/processing_system7_0/inst/FCLK_CLK_unbuffered[0]
    BUFGCTRL_X0Y16       BUFG (Prop_bufg_I_O)         0.077    20.983 r  design_1_i/processing_system7_0/inst/buffer_fclk_clk_0.FCLK_CLK_0_BUFG/O
                         net (fo=20843, routed)       1.459    22.441    design_1_i/BiLSTM_Top_0/inst/grp_lstm_infer_fu_267/grp_step_lstm_f_fu_3185/BiLSTM_Top_mac_muRg6_U121/BiLSTM_Top_mac_muRg6_DSP48_0_U/ap_clk
    DSP48_X2Y50          DSP48E1                                      r  design_1_i/BiLSTM_Top_0/inst/grp_lstm_infer_fu_267/grp_step_lstm_f_fu_3185/BiLSTM_Top_mac_muRg6_U121/BiLSTM_Top_mac_muRg6_DSP48_0_U/p/CLK
                         clock pessimism              0.097    22.538    
                         clock uncertainty           -0.302    22.235    
    DSP48_X2Y50          DSP48E1 (Setup_dsp48e1_CLK_A[17])
                                                     -0.297    21.938    design_1_i/BiLSTM_Top_0/inst/grp_lstm_infer_fu_267/grp_step_lstm_f_fu_3185/BiLSTM_Top_mac_muRg6_U121/BiLSTM_Top_mac_muRg6_DSP48_0_U/p
  -------------------------------------------------------------------
                         required time                         21.938    
                         arrival time                         -19.682    
  -------------------------------------------------------------------
                         slack                                  2.257    

Slack (MET) :             2.257ns  (required time - arrival time)
  Source:                 design_1_i/BiLSTM_Top_0/inst/grp_lstm_infer_fu_267/grp_step_lstm_f_fu_3185/x_h_V_U/step_lstm_f_x_h_V_ram_U/ram_reg/CLKARDCLK
                            (rising edge-triggered cell RAMB18E1 clocked by clk_fpga_0  {rise@0.000ns fall@10.000ns period=20.000ns})
  Destination:            design_1_i/BiLSTM_Top_0/inst/grp_lstm_infer_fu_267/grp_step_lstm_f_fu_3185/BiLSTM_Top_mac_muRg6_U121/BiLSTM_Top_mac_muRg6_DSP48_0_U/p/A[18]
                            (rising edge-triggered cell DSP48E1 clocked by clk_fpga_0  {rise@0.000ns fall@10.000ns period=20.000ns})
  Path Group:             clk_fpga_0
  Path Type:              Setup (Max at Slow Process Corner)
  Requirement:            20.000ns  (clk_fpga_0 rise@20.000ns - clk_fpga_0 rise@0.000ns)
  Data Path Delay:        17.038ns  (logic 2.125ns (12.472%)  route 14.913ns (87.528%))
  Logic Levels:           0  
  Clock Path Skew:        -0.106ns (DCD - SCD + CPR)
    Destination Clock Delay (DCD):    2.441ns = ( 22.441 - 20.000 ) 
    Source Clock Delay      (SCD):    2.644ns
    Clock Pessimism Removal (CPR):    0.097ns
  Clock Uncertainty:      0.302ns  ((TSJ^2 + TIJ^2)^1/2 + DJ) / 2 + PE
    Total System Jitter     (TSJ):    0.071ns
    Total Input Jitter      (TIJ):    0.600ns
    Discrete Jitter          (DJ):    0.000ns
    Phase Error              (PE):    0.000ns

    Location             Delay type                Incr(ns)  Path(ns)    Netlist Resource(s)
  -------------------------------------------------------------------    -------------------
                         (clock clk_fpga_0 rise edge)
                                                      0.000     0.000 r  
    PS7_X0Y0             PS7                          0.000     0.000 r  design_1_i/processing_system7_0/inst/PS7_i/FCLKCLK[0]
                         net (fo=1, routed)           0.994     0.994    design_1_i/processing_system7_0/inst/FCLK_CLK_unbuffered[0]
    BUFGCTRL_X0Y16       BUFG (Prop_bufg_I_O)         0.085     1.079 r  design_1_i/processing_system7_0/inst/buffer_fclk_clk_0.FCLK_CLK_0_BUFG/O
                         net (fo=20843, routed)       1.565     2.644    design_1_i/BiLSTM_Top_0/inst/grp_lstm_infer_fu_267/grp_step_lstm_f_fu_3185/x_h_V_U/step_lstm_f_x_h_V_ram_U/ap_clk
    RAMB18_X5Y17         RAMB18E1                                     r  design_1_i/BiLSTM_Top_0/inst/grp_lstm_infer_fu_267/grp_step_lstm_f_fu_3185/x_h_V_U/step_lstm_f_x_h_V_ram_U/ram_reg/CLKARDCLK
  -------------------------------------------------------------------    -------------------
    RAMB18_X5Y17         RAMB18E1 (Prop_ramb18e1_CLKARDCLK_DOADO[15])
                                                      2.125     4.769 r  design_1_i/BiLSTM_Top_0/inst/grp_lstm_infer_fu_267/grp_step_lstm_f_fu_3185/x_h_V_U/step_lstm_f_x_h_V_ram_U/ram_reg/DOADO[15]
                         net (fo=1763, routed)       14.913    19.682    design_1_i/BiLSTM_Top_0/inst/grp_lstm_infer_fu_267/grp_step_lstm_f_fu_3185/BiLSTM_Top_mac_muRg6_U121/BiLSTM_Top_mac_muRg6_DSP48_0_U/DOADO[15]
    DSP48_X2Y50          DSP48E1                                      r  design_1_i/BiLSTM_Top_0/inst/grp_lstm_infer_fu_267/grp_step_lstm_f_fu_3185/BiLSTM_Top_mac_muRg6_U121/BiLSTM_Top_mac_muRg6_DSP48_0_U/p/A[18]
  -------------------------------------------------------------------    -------------------

                         (clock clk_fpga_0 rise edge)
                                                     20.000    20.000 r  
    PS7_X0Y0             PS7                          0.000    20.000 r  design_1_i/processing_system7_0/inst/PS7_i/FCLKCLK[0]
                         net (fo=1, routed)           0.905    20.906    design_1_i/processing_system7_0/inst/FCLK_CLK_unbuffered[0]
    BUFGCTRL_X0Y16       BUFG (Prop_bufg_I_O)         0.077    20.983 r  design_1_i/processing_system7_0/inst/buffer_fclk_clk_0.FCLK_CLK_0_BUFG/O
                         net (fo=20843, routed)       1.459    22.441    design_1_i/BiLSTM_Top_0/inst/grp_lstm_infer_fu_267/grp_step_lstm_f_fu_3185/BiLSTM_Top_mac_muRg6_U121/BiLSTM_Top_mac_muRg6_DSP48_0_U/ap_clk
    DSP48_X2Y50          DSP48E1                                      r  design_1_i/BiLSTM_Top_0/inst/grp_lstm_infer_fu_267/grp_step_lstm_f_fu_3185/BiLSTM_Top_mac_muRg6_U121/BiLSTM_Top_mac_muRg6_DSP48_0_U/p/CLK
                         clock pessimism              0.097    22.538    
                         clock uncertainty           -0.302    22.235    
    DSP48_X2Y50          DSP48E1 (Setup_dsp48e1_CLK_A[18])
                                                     -0.297    21.938    design_1_i/BiLSTM_Top_0/inst/grp_lstm_infer_fu_267/grp_step_lstm_f_fu_3185/BiLSTM_Top_mac_muRg6_U121/BiLSTM_Top_mac_muRg6_DSP48_0_U/p
  -------------------------------------------------------------------
                         required time                         21.938    
                         arrival time                         -19.682    
  -------------------------------------------------------------------
                         slack                                  2.257    

Slack (MET) :             2.257ns  (required time - arrival time)
  Source:                 design_1_i/BiLSTM_Top_0/inst/grp_lstm_infer_fu_267/grp_step_lstm_f_fu_3185/x_h_V_U/step_lstm_f_x_h_V_ram_U/ram_reg/CLKARDCLK
                            (rising edge-triggered cell RAMB18E1 clocked by clk_fpga_0  {rise@0.000ns fall@10.000ns period=20.000ns})
  Destination:            design_1_i/BiLSTM_Top_0/inst/grp_lstm_infer_fu_267/grp_step_lstm_f_fu_3185/BiLSTM_Top_mac_muRg6_U121/BiLSTM_Top_mac_muRg6_DSP48_0_U/p/A[19]
                            (rising edge-triggered cell DSP48E1 clocked by clk_fpga_0  {rise@0.000ns fall@10.000ns period=20.000ns})
  Path Group:             clk_fpga_0
  Path Type:              Setup (Max at Slow Process Corner)
  Requirement:            20.000ns  (clk_fpga_0 rise@20.000ns - clk_fpga_0 rise@0.000ns)
  Data Path Delay:        17.038ns  (logic 2.125ns (12.472%)  route 14.913ns (87.528%))
  Logic Levels:           0  
  Clock Path Skew:        -0.106ns (DCD - SCD + CPR)
    Destination Clock Delay (DCD):    2.441ns = ( 22.441 - 20.000 ) 
    Source Clock Delay      (SCD):    2.644ns
    Clock Pessimism Removal (CPR):    0.097ns
  Clock Uncertainty:      0.302ns  ((TSJ^2 + TIJ^2)^1/2 + DJ) / 2 + PE
    Total System Jitter     (TSJ):    0.071ns
    Total Input Jitter      (TIJ):    0.600ns
    Discrete Jitter          (DJ):    0.000ns
    Phase Error              (PE):    0.000ns

    Location             Delay type                Incr(ns)  Path(ns)    Netlist Resource(s)
  -------------------------------------------------------------------    -------------------
                         (clock clk_fpga_0 rise edge)
                                                      0.000     0.000 r  
    PS7_X0Y0             PS7                          0.000     0.000 r  design_1_i/processing_system7_0/inst/PS7_i/FCLKCLK[0]
                         net (fo=1, routed)           0.994     0.994    design_1_i/processing_system7_0/inst/FCLK_CLK_unbuffered[0]
    BUFGCTRL_X0Y16       BUFG (Prop_bufg_I_O)         0.085     1.079 r  design_1_i/processing_system7_0/inst/buffer_fclk_clk_0.FCLK_CLK_0_BUFG/O
                         net (fo=20843, routed)       1.565     2.644    design_1_i/BiLSTM_Top_0/inst/grp_lstm_infer_fu_267/grp_step_lstm_f_fu_3185/x_h_V_U/step_lstm_f_x_h_V_ram_U/ap_clk
    RAMB18_X5Y17         RAMB18E1                                     r  design_1_i/BiLSTM_Top_0/inst/grp_lstm_infer_fu_267/grp_step_lstm_f_fu_3185/x_h_V_U/step_lstm_f_x_h_V_ram_U/ram_reg/CLKARDCLK
  -------------------------------------------------------------------    -------------------
    RAMB18_X5Y17         RAMB18E1 (Prop_ramb18e1_CLKARDCLK_DOADO[15])
                                                      2.125     4.769 r  design_1_i/BiLSTM_Top_0/inst/grp_lstm_infer_fu_267/grp_step_lstm_f_fu_3185/x_h_V_U/step_lstm_f_x_h_V_ram_U/ram_reg/DOADO[15]
                         net (fo=1763, routed)       14.913    19.682    design_1_i/BiLSTM_Top_0/inst/grp_lstm_infer_fu_267/grp_step_lstm_f_fu_3185/BiLSTM_Top_mac_muRg6_U121/BiLSTM_Top_mac_muRg6_DSP48_0_U/DOADO[15]
    DSP48_X2Y50          DSP48E1                                      r  design_1_i/BiLSTM_Top_0/inst/grp_lstm_infer_fu_267/grp_step_lstm_f_fu_3185/BiLSTM_Top_mac_muRg6_U121/BiLSTM_Top_mac_muRg6_DSP48_0_U/p/A[19]
  -------------------------------------------------------------------    -------------------

                         (clock clk_fpga_0 rise edge)
                                                     20.000    20.000 r  
    PS7_X0Y0             PS7                          0.000    20.000 r  design_1_i/processing_system7_0/inst/PS7_i/FCLKCLK[0]
                         net (fo=1, routed)           0.905    20.906    design_1_i/processing_system7_0/inst/FCLK_CLK_unbuffered[0]
    BUFGCTRL_X0Y16       BUFG (Prop_bufg_I_O)         0.077    20.983 r  design_1_i/processing_system7_0/inst/buffer_fclk_clk_0.FCLK_CLK_0_BUFG/O
                         net (fo=20843, routed)       1.459    22.441    design_1_i/BiLSTM_Top_0/inst/grp_lstm_infer_fu_267/grp_step_lstm_f_fu_3185/BiLSTM_Top_mac_muRg6_U121/BiLSTM_Top_mac_muRg6_DSP48_0_U/ap_clk
    DSP48_X2Y50          DSP48E1                                      r  design_1_i/BiLSTM_Top_0/inst/grp_lstm_infer_fu_267/grp_step_lstm_f_fu_3185/BiLSTM_Top_mac_muRg6_U121/BiLSTM_Top_mac_muRg6_DSP48_0_U/p/CLK
                         clock pessimism              0.097    22.538    
                         clock uncertainty           -0.302    22.235    
    DSP48_X2Y50          DSP48E1 (Setup_dsp48e1_CLK_A[19])
                                                     -0.297    21.938    design_1_i/BiLSTM_Top_0/inst/grp_lstm_infer_fu_267/grp_step_lstm_f_fu_3185/BiLSTM_Top_mac_muRg6_U121/BiLSTM_Top_mac_muRg6_DSP48_0_U/p
  -------------------------------------------------------------------
                         required time                         21.938    
                         arrival time                         -19.682    
  -------------------------------------------------------------------
                         slack                                  2.257    

Slack (MET) :             2.411ns  (required time - arrival time)
  Source:                 design_1_i/BiLSTM_Top_0/inst/grp_lstm_infer_fu_267/grp_step_lstm_f_fu_3185/x_h_V_U/step_lstm_f_x_h_V_ram_U/ram_reg/CLKARDCLK
                            (rising edge-triggered cell RAMB18E1 clocked by clk_fpga_0  {rise@0.000ns fall@10.000ns period=20.000ns})
  Destination:            design_1_i/BiLSTM_Top_0/inst/grp_lstm_infer_fu_267/grp_step_lstm_f_fu_3185/BiLSTM_Top_mac_muRg6_U177/BiLSTM_Top_mac_muRg6_DSP48_0_U/p/A[16]
                            (rising edge-triggered cell DSP48E1 clocked by clk_fpga_0  {rise@0.000ns fall@10.000ns period=20.000ns})
  Path Group:             clk_fpga_0
  Path Type:              Setup (Max at Slow Process Corner)
  Requirement:            20.000ns  (clk_fpga_0 rise@20.000ns - clk_fpga_0 rise@0.000ns)
  Data Path Delay:        16.885ns  (logic 2.125ns (12.585%)  route 14.760ns (87.415%))
  Logic Levels:           0  
  Clock Path Skew:        -0.104ns (DCD - SCD + CPR)
    Destination Clock Delay (DCD):    2.443ns = ( 22.443 - 20.000 ) 
    Source Clock Delay      (SCD):    2.644ns
    Clock Pessimism Removal (CPR):    0.097ns
  Clock Uncertainty:      0.302ns  ((TSJ^2 + TIJ^2)^1/2 + DJ) / 2 + PE
    Total System Jitter     (TSJ):    0.071ns
    Total Input Jitter      (TIJ):    0.600ns
    Discrete Jitter          (DJ):    0.000ns
    Phase Error              (PE):    0.000ns

    Location             Delay type                Incr(ns)  Path(ns)    Netlist Resource(s)
  -------------------------------------------------------------------    -------------------
                         (clock clk_fpga_0 rise edge)
                                                      0.000     0.000 r  
    PS7_X0Y0             PS7                          0.000     0.000 r  design_1_i/processing_system7_0/inst/PS7_i/FCLKCLK[0]
                         net (fo=1, routed)           0.994     0.994    design_1_i/processing_system7_0/inst/FCLK_CLK_unbuffered[0]
    BUFGCTRL_X0Y16       BUFG (Prop_bufg_I_O)         0.085     1.079 r  design_1_i/processing_system7_0/inst/buffer_fclk_clk_0.FCLK_CLK_0_BUFG/O
                         net (fo=20843, routed)       1.565     2.644    design_1_i/BiLSTM_Top_0/inst/grp_lstm_infer_fu_267/grp_step_lstm_f_fu_3185/x_h_V_U/step_lstm_f_x_h_V_ram_U/ap_clk
    RAMB18_X5Y17         RAMB18E1                                     r  design_1_i/BiLSTM_Top_0/inst/grp_lstm_infer_fu_267/grp_step_lstm_f_fu_3185/x_h_V_U/step_lstm_f_x_h_V_ram_U/ram_reg/CLKARDCLK
  -------------------------------------------------------------------    -------------------
    RAMB18_X5Y17         RAMB18E1 (Prop_ramb18e1_CLKARDCLK_DOADO[15])
                                                      2.125     4.769 r  design_1_i/BiLSTM_Top_0/inst/grp_lstm_infer_fu_267/grp_step_lstm_f_fu_3185/x_h_V_U/step_lstm_f_x_h_V_ram_U/ram_reg/DOADO[15]
                         net (fo=1763, routed)       14.760    19.529    design_1_i/BiLSTM_Top_0/inst/grp_lstm_infer_fu_267/grp_step_lstm_f_fu_3185/BiLSTM_Top_mac_muRg6_U177/BiLSTM_Top_mac_muRg6_DSP48_0_U/p_1[15]
    DSP48_X2Y51          DSP48E1                                      r  design_1_i/BiLSTM_Top_0/inst/grp_lstm_infer_fu_267/grp_step_lstm_f_fu_3185/BiLSTM_Top_mac_muRg6_U177/BiLSTM_Top_mac_muRg6_DSP48_0_U/p/A[16]
  -------------------------------------------------------------------    -------------------

                         (clock clk_fpga_0 rise edge)
                                                     20.000    20.000 r  
    PS7_X0Y0             PS7                          0.000    20.000 r  design_1_i/processing_system7_0/inst/PS7_i/FCLKCLK[0]
                         net (fo=1, routed)           0.905    20.906    design_1_i/processing_system7_0/inst/FCLK_CLK_unbuffered[0]
    BUFGCTRL_X0Y16       BUFG (Prop_bufg_I_O)         0.077    20.983 r  design_1_i/processing_system7_0/inst/buffer_fclk_clk_0.FCLK_CLK_0_BUFG/O
                         net (fo=20843, routed)       1.461    22.443    design_1_i/BiLSTM_Top_0/inst/grp_lstm_infer_fu_267/grp_step_lstm_f_fu_3185/BiLSTM_Top_mac_muRg6_U177/BiLSTM_Top_mac_muRg6_DSP48_0_U/ap_clk
    DSP48_X2Y51          DSP48E1                                      r  design_1_i/BiLSTM_Top_0/inst/grp_lstm_infer_fu_267/grp_step_lstm_f_fu_3185/BiLSTM_Top_mac_muRg6_U177/BiLSTM_Top_mac_muRg6_DSP48_0_U/p/CLK
                         clock pessimism              0.097    22.540    
                         clock uncertainty           -0.302    22.237    
    DSP48_X2Y51          DSP48E1 (Setup_dsp48e1_CLK_A[16])
                                                     -0.297    21.940    design_1_i/BiLSTM_Top_0/inst/grp_lstm_infer_fu_267/grp_step_lstm_f_fu_3185/BiLSTM_Top_mac_muRg6_U177/BiLSTM_Top_mac_muRg6_DSP48_0_U/p
  -------------------------------------------------------------------
                         required time                         21.940    
                         arrival time                         -19.529    
  -------------------------------------------------------------------
                         slack                                  2.411    

Slack (MET) :             2.411ns  (required time - arrival time)
  Source:                 design_1_i/BiLSTM_Top_0/inst/grp_lstm_infer_fu_267/grp_step_lstm_f_fu_3185/x_h_V_U/step_lstm_f_x_h_V_ram_U/ram_reg/CLKARDCLK
                            (rising edge-triggered cell RAMB18E1 clocked by clk_fpga_0  {rise@0.000ns fall@10.000ns period=20.000ns})
  Destination:            design_1_i/BiLSTM_Top_0/inst/grp_lstm_infer_fu_267/grp_step_lstm_f_fu_3185/BiLSTM_Top_mac_muRg6_U177/BiLSTM_Top_mac_muRg6_DSP48_0_U/p/A[17]
                            (rising edge-triggered cell DSP48E1 clocked by clk_fpga_0  {rise@0.000ns fall@10.000ns period=20.000ns})
  Path Group:             clk_fpga_0
  Path Type:              Setup (Max at Slow Process Corner)
  Requirement:            20.000ns  (clk_fpga_0 rise@20.000ns - clk_fpga_0 rise@0.000ns)
  Data Path Delay:        16.885ns  (logic 2.125ns (12.585%)  route 14.760ns (87.415%))
  Logic Levels:           0  
  Clock Path Skew:        -0.104ns (DCD - SCD + CPR)
    Destination Clock Delay (DCD):    2.443ns = ( 22.443 - 20.000 ) 
    Source Clock Delay      (SCD):    2.644ns
    Clock Pessimism Removal (CPR):    0.097ns
  Clock Uncertainty:      0.302ns  ((TSJ^2 + TIJ^2)^1/2 + DJ) / 2 + PE
    Total System Jitter     (TSJ):    0.071ns
    Total Input Jitter      (TIJ):    0.600ns
    Discrete Jitter          (DJ):    0.000ns
    Phase Error              (PE):    0.000ns

    Location             Delay type                Incr(ns)  Path(ns)    Netlist Resource(s)
  -------------------------------------------------------------------    -------------------
                         (clock clk_fpga_0 rise edge)
                                                      0.000     0.000 r  
    PS7_X0Y0             PS7                          0.000     0.000 r  design_1_i/processing_system7_0/inst/PS7_i/FCLKCLK[0]
                         net (fo=1, routed)           0.994     0.994    design_1_i/processing_system7_0/inst/FCLK_CLK_unbuffered[0]
    BUFGCTRL_X0Y16       BUFG (Prop_bufg_I_O)         0.085     1.079 r  design_1_i/processing_system7_0/inst/buffer_fclk_clk_0.FCLK_CLK_0_BUFG/O
                         net (fo=20843, routed)       1.565     2.644    design_1_i/BiLSTM_Top_0/inst/grp_lstm_infer_fu_267/grp_step_lstm_f_fu_3185/x_h_V_U/step_lstm_f_x_h_V_ram_U/ap_clk
    RAMB18_X5Y17         RAMB18E1                                     r  design_1_i/BiLSTM_Top_0/inst/grp_lstm_infer_fu_267/grp_step_lstm_f_fu_3185/x_h_V_U/step_lstm_f_x_h_V_ram_U/ram_reg/CLKARDCLK
  -------------------------------------------------------------------    -------------------
    RAMB18_X5Y17         RAMB18E1 (Prop_ramb18e1_CLKARDCLK_DOADO[15])
                                                      2.125     4.769 r  design_1_i/BiLSTM_Top_0/inst/grp_lstm_infer_fu_267/grp_step_lstm_f_fu_3185/x_h_V_U/step_lstm_f_x_h_V_ram_U/ram_reg/DOADO[15]
                         net (fo=1763, routed)       14.760    19.529    design_1_i/BiLSTM_Top_0/inst/grp_lstm_infer_fu_267/grp_step_lstm_f_fu_3185/BiLSTM_Top_mac_muRg6_U177/BiLSTM_Top_mac_muRg6_DSP48_0_U/p_1[15]
    DSP48_X2Y51          DSP48E1                                      r  design_1_i/BiLSTM_Top_0/inst/grp_lstm_infer_fu_267/grp_step_lstm_f_fu_3185/BiLSTM_Top_mac_muRg6_U177/BiLSTM_Top_mac_muRg6_DSP48_0_U/p/A[17]
  -------------------------------------------------------------------    -------------------

                         (clock clk_fpga_0 rise edge)
                                                     20.000    20.000 r  
    PS7_X0Y0             PS7                          0.000    20.000 r  design_1_i/processing_system7_0/inst/PS7_i/FCLKCLK[0]
                         net (fo=1, routed)           0.905    20.906    design_1_i/processing_system7_0/inst/FCLK_CLK_unbuffered[0]
    BUFGCTRL_X0Y16       BUFG (Prop_bufg_I_O)         0.077    20.983 r  design_1_i/processing_system7_0/inst/buffer_fclk_clk_0.FCLK_CLK_0_BUFG/O
                         net (fo=20843, routed)       1.461    22.443    design_1_i/BiLSTM_Top_0/inst/grp_lstm_infer_fu_267/grp_step_lstm_f_fu_3185/BiLSTM_Top_mac_muRg6_U177/BiLSTM_Top_mac_muRg6_DSP48_0_U/ap_clk
    DSP48_X2Y51          DSP48E1                                      r  design_1_i/BiLSTM_Top_0/inst/grp_lstm_infer_fu_267/grp_step_lstm_f_fu_3185/BiLSTM_Top_mac_muRg6_U177/BiLSTM_Top_mac_muRg6_DSP48_0_U/p/CLK
                         clock pessimism              0.097    22.540    
                         clock uncertainty           -0.302    22.237    
    DSP48_X2Y51          DSP48E1 (Setup_dsp48e1_CLK_A[17])
                                                     -0.297    21.940    design_1_i/BiLSTM_Top_0/inst/grp_lstm_infer_fu_267/grp_step_lstm_f_fu_3185/BiLSTM_Top_mac_muRg6_U177/BiLSTM_Top_mac_muRg6_DSP48_0_U/p
  -------------------------------------------------------------------
                         required time                         21.940    
                         arrival time                         -19.529    
  -------------------------------------------------------------------
                         slack                                  2.411    

Slack (MET) :             2.411ns  (required time - arrival time)
  Source:                 design_1_i/BiLSTM_Top_0/inst/grp_lstm_infer_fu_267/grp_step_lstm_f_fu_3185/x_h_V_U/step_lstm_f_x_h_V_ram_U/ram_reg/CLKARDCLK
                            (rising edge-triggered cell RAMB18E1 clocked by clk_fpga_0  {rise@0.000ns fall@10.000ns period=20.000ns})
  Destination:            design_1_i/BiLSTM_Top_0/inst/grp_lstm_infer_fu_267/grp_step_lstm_f_fu_3185/BiLSTM_Top_mac_muRg6_U177/BiLSTM_Top_mac_muRg6_DSP48_0_U/p/A[18]
                            (rising edge-triggered cell DSP48E1 clocked by clk_fpga_0  {rise@0.000ns fall@10.000ns period=20.000ns})
  Path Group:             clk_fpga_0
  Path Type:              Setup (Max at Slow Process Corner)
  Requirement:            20.000ns  (clk_fpga_0 rise@20.000ns - clk_fpga_0 rise@0.000ns)
  Data Path Delay:        16.885ns  (logic 2.125ns (12.585%)  route 14.760ns (87.415%))
  Logic Levels:           0  
  Clock Path Skew:        -0.104ns (DCD - SCD + CPR)
    Destination Clock Delay (DCD):    2.443ns = ( 22.443 - 20.000 ) 
    Source Clock Delay      (SCD):    2.644ns
    Clock Pessimism Removal (CPR):    0.097ns
  Clock Uncertainty:      0.302ns  ((TSJ^2 + TIJ^2)^1/2 + DJ) / 2 + PE
    Total System Jitter     (TSJ):    0.071ns
    Total Input Jitter      (TIJ):    0.600ns
    Discrete Jitter          (DJ):    0.000ns
    Phase Error              (PE):    0.000ns

    Location             Delay type                Incr(ns)  Path(ns)    Netlist Resource(s)
  -------------------------------------------------------------------    -------------------
                         (clock clk_fpga_0 rise edge)
                                                      0.000     0.000 r  
    PS7_X0Y0             PS7                          0.000     0.000 r  design_1_i/processing_system7_0/inst/PS7_i/FCLKCLK[0]
                         net (fo=1, routed)           0.994     0.994    design_1_i/processing_system7_0/inst/FCLK_CLK_unbuffered[0]
    BUFGCTRL_X0Y16       BUFG (Prop_bufg_I_O)         0.085     1.079 r  design_1_i/processing_system7_0/inst/buffer_fclk_clk_0.FCLK_CLK_0_BUFG/O
                         net (fo=20843, routed)       1.565     2.644    design_1_i/BiLSTM_Top_0/inst/grp_lstm_infer_fu_267/grp_step_lstm_f_fu_3185/x_h_V_U/step_lstm_f_x_h_V_ram_U/ap_clk
    RAMB18_X5Y17         RAMB18E1                                     r  design_1_i/BiLSTM_Top_0/inst/grp_lstm_infer_fu_267/grp_step_lstm_f_fu_3185/x_h_V_U/step_lstm_f_x_h_V_ram_U/ram_reg/CLKARDCLK
  -------------------------------------------------------------------    -------------------
    RAMB18_X5Y17         RAMB18E1 (Prop_ramb18e1_CLKARDCLK_DOADO[15])
                                                      2.125     4.769 r  design_1_i/BiLSTM_Top_0/inst/grp_lstm_infer_fu_267/grp_step_lstm_f_fu_3185/x_h_V_U/step_lstm_f_x_h_V_ram_U/ram_reg/DOADO[15]
                         net (fo=1763, routed)       14.760    19.529    design_1_i/BiLSTM_Top_0/inst/grp_lstm_infer_fu_267/grp_step_lstm_f_fu_3185/BiLSTM_Top_mac_muRg6_U177/BiLSTM_Top_mac_muRg6_DSP48_0_U/p_1[15]
    DSP48_X2Y51          DSP48E1                                      r  design_1_i/BiLSTM_Top_0/inst/grp_lstm_infer_fu_267/grp_step_lstm_f_fu_3185/BiLSTM_Top_mac_muRg6_U177/BiLSTM_Top_mac_muRg6_DSP48_0_U/p/A[18]
  -------------------------------------------------------------------    -------------------

                         (clock clk_fpga_0 rise edge)
                                                     20.000    20.000 r  
    PS7_X0Y0             PS7                          0.000    20.000 r  design_1_i/processing_system7_0/inst/PS7_i/FCLKCLK[0]
                         net (fo=1, routed)           0.905    20.906    design_1_i/processing_system7_0/inst/FCLK_CLK_unbuffered[0]
    BUFGCTRL_X0Y16       BUFG (Prop_bufg_I_O)         0.077    20.983 r  design_1_i/processing_system7_0/inst/buffer_fclk_clk_0.FCLK_CLK_0_BUFG/O
                         net (fo=20843, routed)       1.461    22.443    design_1_i/BiLSTM_Top_0/inst/grp_lstm_infer_fu_267/grp_step_lstm_f_fu_3185/BiLSTM_Top_mac_muRg6_U177/BiLSTM_Top_mac_muRg6_DSP48_0_U/ap_clk
    DSP48_X2Y51          DSP48E1                                      r  design_1_i/BiLSTM_Top_0/inst/grp_lstm_infer_fu_267/grp_step_lstm_f_fu_3185/BiLSTM_Top_mac_muRg6_U177/BiLSTM_Top_mac_muRg6_DSP48_0_U/p/CLK
                         clock pessimism              0.097    22.540    
                         clock uncertainty           -0.302    22.237    
    DSP48_X2Y51          DSP48E1 (Setup_dsp48e1_CLK_A[18])
                                                     -0.297    21.940    design_1_i/BiLSTM_Top_0/inst/grp_lstm_infer_fu_267/grp_step_lstm_f_fu_3185/BiLSTM_Top_mac_muRg6_U177/BiLSTM_Top_mac_muRg6_DSP48_0_U/p
  -------------------------------------------------------------------
                         required time                         21.940    
                         arrival time                         -19.529    
  -------------------------------------------------------------------
                         slack                                  2.411    

Slack (MET) :             2.411ns  (required time - arrival time)
  Source:                 design_1_i/BiLSTM_Top_0/inst/grp_lstm_infer_fu_267/grp_step_lstm_f_fu_3185/x_h_V_U/step_lstm_f_x_h_V_ram_U/ram_reg/CLKARDCLK
                            (rising edge-triggered cell RAMB18E1 clocked by clk_fpga_0  {rise@0.000ns fall@10.000ns period=20.000ns})
  Destination:            design_1_i/BiLSTM_Top_0/inst/grp_lstm_infer_fu_267/grp_step_lstm_f_fu_3185/BiLSTM_Top_mac_muRg6_U177/BiLSTM_Top_mac_muRg6_DSP48_0_U/p/A[19]
                            (rising edge-triggered cell DSP48E1 clocked by clk_fpga_0  {rise@0.000ns fall@10.000ns period=20.000ns})
  Path Group:             clk_fpga_0
  Path Type:              Setup (Max at Slow Process Corner)
  Requirement:            20.000ns  (clk_fpga_0 rise@20.000ns - clk_fpga_0 rise@0.000ns)
  Data Path Delay:        16.885ns  (logic 2.125ns (12.585%)  route 14.760ns (87.415%))
  Logic Levels:           0  
  Clock Path Skew:        -0.104ns (DCD - SCD + CPR)
    Destination Clock Delay (DCD):    2.443ns = ( 22.443 - 20.000 ) 
    Source Clock Delay      (SCD):    2.644ns
    Clock Pessimism Removal (CPR):    0.097ns
  Clock Uncertainty:      0.302ns  ((TSJ^2 + TIJ^2)^1/2 + DJ) / 2 + PE
    Total System Jitter     (TSJ):    0.071ns
    Total Input Jitter      (TIJ):    0.600ns
    Discrete Jitter          (DJ):    0.000ns
    Phase Error              (PE):    0.000ns

    Location             Delay type                Incr(ns)  Path(ns)    Netlist Resource(s)
  -------------------------------------------------------------------    -------------------
                         (clock clk_fpga_0 rise edge)
                                                      0.000     0.000 r  
    PS7_X0Y0             PS7                          0.000     0.000 r  design_1_i/processing_system7_0/inst/PS7_i/FCLKCLK[0]
                         net (fo=1, routed)           0.994     0.994    design_1_i/processing_system7_0/inst/FCLK_CLK_unbuffered[0]
    BUFGCTRL_X0Y16       BUFG (Prop_bufg_I_O)         0.085     1.079 r  design_1_i/processing_system7_0/inst/buffer_fclk_clk_0.FCLK_CLK_0_BUFG/O
                         net (fo=20843, routed)       1.565     2.644    design_1_i/BiLSTM_Top_0/inst/grp_lstm_infer_fu_267/grp_step_lstm_f_fu_3185/x_h_V_U/step_lstm_f_x_h_V_ram_U/ap_clk
    RAMB18_X5Y17         RAMB18E1                                     r  design_1_i/BiLSTM_Top_0/inst/grp_lstm_infer_fu_267/grp_step_lstm_f_fu_3185/x_h_V_U/step_lstm_f_x_h_V_ram_U/ram_reg/CLKARDCLK
  -------------------------------------------------------------------    -------------------
    RAMB18_X5Y17         RAMB18E1 (Prop_ramb18e1_CLKARDCLK_DOADO[15])
                                                      2.125     4.769 r  design_1_i/BiLSTM_Top_0/inst/grp_lstm_infer_fu_267/grp_step_lstm_f_fu_3185/x_h_V_U/step_lstm_f_x_h_V_ram_U/ram_reg/DOADO[15]
                         net (fo=1763, routed)       14.760    19.529    design_1_i/BiLSTM_Top_0/inst/grp_lstm_infer_fu_267/grp_step_lstm_f_fu_3185/BiLSTM_Top_mac_muRg6_U177/BiLSTM_Top_mac_muRg6_DSP48_0_U/p_1[15]
    DSP48_X2Y51          DSP48E1                                      r  design_1_i/BiLSTM_Top_0/inst/grp_lstm_infer_fu_267/grp_step_lstm_f_fu_3185/BiLSTM_Top_mac_muRg6_U177/BiLSTM_Top_mac_muRg6_DSP48_0_U/p/A[19]
  -------------------------------------------------------------------    -------------------

                         (clock clk_fpga_0 rise edge)
                                                     20.000    20.000 r  
    PS7_X0Y0             PS7                          0.000    20.000 r  design_1_i/processing_system7_0/inst/PS7_i/FCLKCLK[0]
                         net (fo=1, routed)           0.905    20.906    design_1_i/processing_system7_0/inst/FCLK_CLK_unbuffered[0]
    BUFGCTRL_X0Y16       BUFG (Prop_bufg_I_O)         0.077    20.983 r  design_1_i/processing_system7_0/inst/buffer_fclk_clk_0.FCLK_CLK_0_BUFG/O
                         net (fo=20843, routed)       1.461    22.443    design_1_i/BiLSTM_Top_0/inst/grp_lstm_infer_fu_267/grp_step_lstm_f_fu_3185/BiLSTM_Top_mac_muRg6_U177/BiLSTM_Top_mac_muRg6_DSP48_0_U/ap_clk
    DSP48_X2Y51          DSP48E1                                      r  design_1_i/BiLSTM_Top_0/inst/grp_lstm_infer_fu_267/grp_step_lstm_f_fu_3185/BiLSTM_Top_mac_muRg6_U177/BiLSTM_Top_mac_muRg6_DSP48_0_U/p/CLK
                         clock pessimism              0.097    22.540    
                         clock uncertainty           -0.302    22.237    
    DSP48_X2Y51          DSP48E1 (Setup_dsp48e1_CLK_A[19])
                                                     -0.297    21.940    design_1_i/BiLSTM_Top_0/inst/grp_lstm_infer_fu_267/grp_step_lstm_f_fu_3185/BiLSTM_Top_mac_muRg6_U177/BiLSTM_Top_mac_muRg6_DSP48_0_U/p
  -------------------------------------------------------------------
                         required time                         21.940    
                         arrival time                         -19.529    
  -------------------------------------------------------------------
                         slack                                  2.411    

Slack (MET) :             2.416ns  (required time - arrival time)
  Source:                 design_1_i/BiLSTM_Top_0/inst/grp_lstm_infer_fu_267/grp_step_lstm_f_fu_3185/x_h_V_U/step_lstm_f_x_h_V_ram_U/ram_reg/CLKARDCLK
                            (rising edge-triggered cell RAMB18E1 clocked by clk_fpga_0  {rise@0.000ns fall@10.000ns period=20.000ns})
  Destination:            design_1_i/BiLSTM_Top_0/inst/grp_lstm_infer_fu_267/grp_step_lstm_f_fu_3185/BiLSTM_Top_mac_muRg6_U121/BiLSTM_Top_mac_muRg6_DSP48_0_U/p/A[15]
                            (rising edge-triggered cell DSP48E1 clocked by clk_fpga_0  {rise@0.000ns fall@10.000ns period=20.000ns})
  Path Group:             clk_fpga_0
  Path Type:              Setup (Max at Slow Process Corner)
  Requirement:            20.000ns  (clk_fpga_0 rise@20.000ns - clk_fpga_0 rise@0.000ns)
  Data Path Delay:        16.879ns  (logic 2.125ns (12.590%)  route 14.754ns (87.410%))
  Logic Levels:           0  
  Clock Path Skew:        -0.106ns (DCD - SCD + CPR)
    Destination Clock Delay (DCD):    2.441ns = ( 22.441 - 20.000 ) 
    Source Clock Delay      (SCD):    2.644ns
    Clock Pessimism Removal (CPR):    0.097ns
  Clock Uncertainty:      0.302ns  ((TSJ^2 + TIJ^2)^1/2 + DJ) / 2 + PE
    Total System Jitter     (TSJ):    0.071ns
    Total Input Jitter      (TIJ):    0.600ns
    Discrete Jitter          (DJ):    0.000ns
    Phase Error              (PE):    0.000ns

    Location             Delay type                Incr(ns)  Path(ns)    Netlist Resource(s)
  -------------------------------------------------------------------    -------------------
                         (clock clk_fpga_0 rise edge)
                                                      0.000     0.000 r  
    PS7_X0Y0             PS7                          0.000     0.000 r  design_1_i/processing_system7_0/inst/PS7_i/FCLKCLK[0]
                         net (fo=1, routed)           0.994     0.994    design_1_i/processing_system7_0/inst/FCLK_CLK_unbuffered[0]
    BUFGCTRL_X0Y16       BUFG (Prop_bufg_I_O)         0.085     1.079 r  design_1_i/processing_system7_0/inst/buffer_fclk_clk_0.FCLK_CLK_0_BUFG/O
                         net (fo=20843, routed)       1.565     2.644    design_1_i/BiLSTM_Top_0/inst/grp_lstm_infer_fu_267/grp_step_lstm_f_fu_3185/x_h_V_U/step_lstm_f_x_h_V_ram_U/ap_clk
    RAMB18_X5Y17         RAMB18E1                                     r  design_1_i/BiLSTM_Top_0/inst/grp_lstm_infer_fu_267/grp_step_lstm_f_fu_3185/x_h_V_U/step_lstm_f_x_h_V_ram_U/ram_reg/CLKARDCLK
  -------------------------------------------------------------------    -------------------
    RAMB18_X5Y17         RAMB18E1 (Prop_ramb18e1_CLKARDCLK_DOADO[15])
                                                      2.125     4.769 r  design_1_i/BiLSTM_Top_0/inst/grp_lstm_infer_fu_267/grp_step_lstm_f_fu_3185/x_h_V_U/step_lstm_f_x_h_V_ram_U/ram_reg/DOADO[15]
                         net (fo=1763, routed)       14.754    19.522    design_1_i/BiLSTM_Top_0/inst/grp_lstm_infer_fu_267/grp_step_lstm_f_fu_3185/BiLSTM_Top_mac_muRg6_U121/BiLSTM_Top_mac_muRg6_DSP48_0_U/DOADO[15]
    DSP48_X2Y50          DSP48E1                                      r  design_1_i/BiLSTM_Top_0/inst/grp_lstm_infer_fu_267/grp_step_lstm_f_fu_3185/BiLSTM_Top_mac_muRg6_U121/BiLSTM_Top_mac_muRg6_DSP48_0_U/p/A[15]
  -------------------------------------------------------------------    -------------------

                         (clock clk_fpga_0 rise edge)
                                                     20.000    20.000 r  
    PS7_X0Y0             PS7                          0.000    20.000 r  design_1_i/processing_system7_0/inst/PS7_i/FCLKCLK[0]
                         net (fo=1, routed)           0.905    20.906    design_1_i/processing_system7_0/inst/FCLK_CLK_unbuffered[0]
    BUFGCTRL_X0Y16       BUFG (Prop_bufg_I_O)         0.077    20.983 r  design_1_i/processing_system7_0/inst/buffer_fclk_clk_0.FCLK_CLK_0_BUFG/O
                         net (fo=20843, routed)       1.459    22.441    design_1_i/BiLSTM_Top_0/inst/grp_lstm_infer_fu_267/grp_step_lstm_f_fu_3185/BiLSTM_Top_mac_muRg6_U121/BiLSTM_Top_mac_muRg6_DSP48_0_U/ap_clk
    DSP48_X2Y50          DSP48E1                                      r  design_1_i/BiLSTM_Top_0/inst/grp_lstm_infer_fu_267/grp_step_lstm_f_fu_3185/BiLSTM_Top_mac_muRg6_U121/BiLSTM_Top_mac_muRg6_DSP48_0_U/p/CLK
                         clock pessimism              0.097    22.538    
                         clock uncertainty           -0.302    22.235    
    DSP48_X2Y50          DSP48E1 (Setup_dsp48e1_CLK_A[15])
                                                     -0.297    21.938    design_1_i/BiLSTM_Top_0/inst/grp_lstm_infer_fu_267/grp_step_lstm_f_fu_3185/BiLSTM_Top_mac_muRg6_U121/BiLSTM_Top_mac_muRg6_DSP48_0_U/p
  -------------------------------------------------------------------
                         required time                         21.938    
                         arrival time                         -19.522    
  -------------------------------------------------------------------
                         slack                                  2.416    

Slack (MET) :             2.533ns  (required time - arrival time)
  Source:                 design_1_i/BiLSTM_Top_0/inst/grp_lstm_infer_fu_267/grp_step_lstm_f_fu_3185/x_h_V_U/step_lstm_f_x_h_V_ram_U/ram_reg/CLKARDCLK
                            (rising edge-triggered cell RAMB18E1 clocked by clk_fpga_0  {rise@0.000ns fall@10.000ns period=20.000ns})
  Destination:            design_1_i/BiLSTM_Top_0/inst/grp_lstm_infer_fu_267/grp_step_lstm_f_fu_3185/BiLSTM_Top_mac_muRg6_U121/BiLSTM_Top_mac_muRg6_DSP48_0_U/p/A[28]
                            (rising edge-triggered cell DSP48E1 clocked by clk_fpga_0  {rise@0.000ns fall@10.000ns period=20.000ns})
  Path Group:             clk_fpga_0
  Path Type:              Setup (Max at Slow Process Corner)
  Requirement:            20.000ns  (clk_fpga_0 rise@20.000ns - clk_fpga_0 rise@0.000ns)
  Data Path Delay:        16.762ns  (logic 2.125ns (12.678%)  route 14.637ns (87.322%))
  Logic Levels:           0  
  Clock Path Skew:        -0.106ns (DCD - SCD + CPR)
    Destination Clock Delay (DCD):    2.441ns = ( 22.441 - 20.000 ) 
    Source Clock Delay      (SCD):    2.644ns
    Clock Pessimism Removal (CPR):    0.097ns
  Clock Uncertainty:      0.302ns  ((TSJ^2 + TIJ^2)^1/2 + DJ) / 2 + PE
    Total System Jitter     (TSJ):    0.071ns
    Total Input Jitter      (TIJ):    0.600ns
    Discrete Jitter          (DJ):    0.000ns
    Phase Error              (PE):    0.000ns

    Location             Delay type                Incr(ns)  Path(ns)    Netlist Resource(s)
  -------------------------------------------------------------------    -------------------
                         (clock clk_fpga_0 rise edge)
                                                      0.000     0.000 r  
    PS7_X0Y0             PS7                          0.000     0.000 r  design_1_i/processing_system7_0/inst/PS7_i/FCLKCLK[0]
                         net (fo=1, routed)           0.994     0.994    design_1_i/processing_system7_0/inst/FCLK_CLK_unbuffered[0]
    BUFGCTRL_X0Y16       BUFG (Prop_bufg_I_O)         0.085     1.079 r  design_1_i/processing_system7_0/inst/buffer_fclk_clk_0.FCLK_CLK_0_BUFG/O
                         net (fo=20843, routed)       1.565     2.644    design_1_i/BiLSTM_Top_0/inst/grp_lstm_infer_fu_267/grp_step_lstm_f_fu_3185/x_h_V_U/step_lstm_f_x_h_V_ram_U/ap_clk
    RAMB18_X5Y17         RAMB18E1                                     r  design_1_i/BiLSTM_Top_0/inst/grp_lstm_infer_fu_267/grp_step_lstm_f_fu_3185/x_h_V_U/step_lstm_f_x_h_V_ram_U/ram_reg/CLKARDCLK
  -------------------------------------------------------------------    -------------------
    RAMB18_X5Y17         RAMB18E1 (Prop_ramb18e1_CLKARDCLK_DOADO[15])
                                                      2.125     4.769 r  design_1_i/BiLSTM_Top_0/inst/grp_lstm_infer_fu_267/grp_step_lstm_f_fu_3185/x_h_V_U/step_lstm_f_x_h_V_ram_U/ram_reg/DOADO[15]
                         net (fo=1763, routed)       14.637    19.405    design_1_i/BiLSTM_Top_0/inst/grp_lstm_infer_fu_267/grp_step_lstm_f_fu_3185/BiLSTM_Top_mac_muRg6_U121/BiLSTM_Top_mac_muRg6_DSP48_0_U/DOADO[15]
    DSP48_X2Y50          DSP48E1                                      r  design_1_i/BiLSTM_Top_0/inst/grp_lstm_infer_fu_267/grp_step_lstm_f_fu_3185/BiLSTM_Top_mac_muRg6_U121/BiLSTM_Top_mac_muRg6_DSP48_0_U/p/A[28]
  -------------------------------------------------------------------    -------------------

                         (clock clk_fpga_0 rise edge)
                                                     20.000    20.000 r  
    PS7_X0Y0             PS7                          0.000    20.000 r  design_1_i/processing_system7_0/inst/PS7_i/FCLKCLK[0]
                         net (fo=1, routed)           0.905    20.906    design_1_i/processing_system7_0/inst/FCLK_CLK_unbuffered[0]
    BUFGCTRL_X0Y16       BUFG (Prop_bufg_I_O)         0.077    20.983 r  design_1_i/processing_system7_0/inst/buffer_fclk_clk_0.FCLK_CLK_0_BUFG/O
                         net (fo=20843, routed)       1.459    22.441    design_1_i/BiLSTM_Top_0/inst/grp_lstm_infer_fu_267/grp_step_lstm_f_fu_3185/BiLSTM_Top_mac_muRg6_U121/BiLSTM_Top_mac_muRg6_DSP48_0_U/ap_clk
    DSP48_X2Y50          DSP48E1                                      r  design_1_i/BiLSTM_Top_0/inst/grp_lstm_infer_fu_267/grp_step_lstm_f_fu_3185/BiLSTM_Top_mac_muRg6_U121/BiLSTM_Top_mac_muRg6_DSP48_0_U/p/CLK
                         clock pessimism              0.097    22.538    
                         clock uncertainty           -0.302    22.235    
    DSP48_X2Y50          DSP48E1 (Setup_dsp48e1_CLK_A[28])
                                                     -0.297    21.938    design_1_i/BiLSTM_Top_0/inst/grp_lstm_infer_fu_267/grp_step_lstm_f_fu_3185/BiLSTM_Top_mac_muRg6_U121/BiLSTM_Top_mac_muRg6_DSP48_0_U/p
  -------------------------------------------------------------------
                         required time                         21.938    
                         arrival time                         -19.405    
  -------------------------------------------------------------------
                         slack                                  2.533    





Min Delay Paths
--------------------------------------------------------------------------------------
Slack (MET) :             0.036ns  (arrival time - required time)
  Source:                 design_1_i/axi_smc/inst/m00_exit_pipeline/m00_exit/inst/r_reg/m_vector_i_reg[1069]/C
                            (rising edge-triggered cell FDRE clocked by clk_fpga_0  {rise@0.000ns fall@10.000ns period=20.000ns})
  Destination:            design_1_i/axi_smc/inst/m00_nodes/m00_r_node/inst/inst_mi_handler/gen_normal_area.inst_fifo_node_payld/gen_xpm_memory_fifo.inst_fifo/gen_mem_rep[0].inst_xpm_memory/xpm_memory_base_inst/gen_wr_a.gen_word_narrow.mem_reg_0_31_30_35/RAMA/I
                            (rising edge-triggered cell RAMD32 clocked by clk_fpga_0  {rise@0.000ns fall@10.000ns period=20.000ns})
  Path Group:             clk_fpga_0
  Path Type:              Hold (Min at Fast Process Corner)
  Requirement:            0.000ns  (clk_fpga_0 rise@0.000ns - clk_fpga_0 rise@0.000ns)
  Data Path Delay:        0.196ns  (logic 0.141ns (71.838%)  route 0.055ns (28.162%))
  Logic Levels:           0  
  Clock Path Skew:        0.013ns (DCD - SCD - CPR)
    Destination Clock Delay (DCD):    1.232ns
    Source Clock Delay      (SCD):    0.933ns
    Clock Pessimism Removal (CPR):    0.286ns

    Location             Delay type                Incr(ns)  Path(ns)    Netlist Resource(s)
  -------------------------------------------------------------------    -------------------
                         (clock clk_fpga_0 rise edge)
                                                      0.000     0.000 r  
    PS7_X0Y0             PS7                          0.000     0.000 r  design_1_i/processing_system7_0/inst/PS7_i/FCLKCLK[0]
                         net (fo=1, routed)           0.310     0.310    design_1_i/processing_system7_0/inst/FCLK_CLK_unbuffered[0]
    BUFGCTRL_X0Y16       BUFG (Prop_bufg_I_O)         0.026     0.336 r  design_1_i/processing_system7_0/inst/buffer_fclk_clk_0.FCLK_CLK_0_BUFG/O
                         net (fo=20843, routed)       0.597     0.933    design_1_i/axi_smc/inst/m00_exit_pipeline/m00_exit/inst/r_reg/aclk
    SLICE_X15Y48         FDRE                                         r  design_1_i/axi_smc/inst/m00_exit_pipeline/m00_exit/inst/r_reg/m_vector_i_reg[1069]/C
  -------------------------------------------------------------------    -------------------
    SLICE_X15Y48         FDRE (Prop_fdre_C_Q)         0.141     1.074 r  design_1_i/axi_smc/inst/m00_exit_pipeline/m00_exit/inst/r_reg/m_vector_i_reg[1069]/Q
                         net (fo=1, routed)           0.055     1.129    design_1_i/axi_smc/inst/m00_nodes/m00_r_node/inst/inst_mi_handler/gen_normal_area.inst_fifo_node_payld/gen_xpm_memory_fifo.inst_fifo/gen_mem_rep[0].inst_xpm_memory/xpm_memory_base_inst/gen_wr_a.gen_word_narrow.mem_reg_0_31_30_35/DIA0
    SLICE_X14Y48         RAMD32                                       r  design_1_i/axi_smc/inst/m00_nodes/m00_r_node/inst/inst_mi_handler/gen_normal_area.inst_fifo_node_payld/gen_xpm_memory_fifo.inst_fifo/gen_mem_rep[0].inst_xpm_memory/xpm_memory_base_inst/gen_wr_a.gen_word_narrow.mem_reg_0_31_30_35/RAMA/I
  -------------------------------------------------------------------    -------------------

                         (clock clk_fpga_0 rise edge)
                                                      0.000     0.000 r  
    PS7_X0Y0             PS7                          0.000     0.000 r  design_1_i/processing_system7_0/inst/PS7_i/FCLKCLK[0]
                         net (fo=1, routed)           0.337     0.337    design_1_i/processing_system7_0/inst/FCLK_CLK_unbuffered[0]
    BUFGCTRL_X0Y16       BUFG (Prop_bufg_I_O)         0.029     0.366 r  design_1_i/processing_system7_0/inst/buffer_fclk_clk_0.FCLK_CLK_0_BUFG/O
                         net (fo=20843, routed)       0.866     1.232    design_1_i/axi_smc/inst/m00_nodes/m00_r_node/inst/inst_mi_handler/gen_normal_area.inst_fifo_node_payld/gen_xpm_memory_fifo.inst_fifo/gen_mem_rep[0].inst_xpm_memory/xpm_memory_base_inst/gen_wr_a.gen_word_narrow.mem_reg_0_31_30_35/WCLK
    SLICE_X14Y48         RAMD32                                       r  design_1_i/axi_smc/inst/m00_nodes/m00_r_node/inst/inst_mi_handler/gen_normal_area.inst_fifo_node_payld/gen_xpm_memory_fifo.inst_fifo/gen_mem_rep[0].inst_xpm_memory/xpm_memory_base_inst/gen_wr_a.gen_word_narrow.mem_reg_0_31_30_35/RAMA/CLK
                         clock pessimism             -0.286     0.946    
    SLICE_X14Y48         RAMD32 (Hold_ramd32_CLK_I)
                                                      0.147     1.092    design_1_i/axi_smc/inst/m00_nodes/m00_r_node/inst/inst_mi_handler/gen_normal_area.inst_fifo_node_payld/gen_xpm_memory_fifo.inst_fifo/gen_mem_rep[0].inst_xpm_memory/xpm_memory_base_inst/gen_wr_a.gen_word_narrow.mem_reg_0_31_30_35/RAMA
  -------------------------------------------------------------------
                         required time                         -1.093    
                         arrival time                           1.129    
  -------------------------------------------------------------------
                         slack                                  0.036    

Slack (MET) :             0.036ns  (arrival time - required time)
  Source:                 design_1_i/axi_smc/inst/m00_exit_pipeline/m00_exit/inst/r_reg/m_vector_i_reg[1105]/C
                            (rising edge-triggered cell FDRE clocked by clk_fpga_0  {rise@0.000ns fall@10.000ns period=20.000ns})
  Destination:            design_1_i/axi_smc/inst/m00_nodes/m00_r_node/inst/inst_mi_handler/gen_normal_area.inst_fifo_node_payld/gen_xpm_memory_fifo.inst_fifo/gen_mem_rep[0].inst_xpm_memory/xpm_memory_base_inst/gen_wr_a.gen_word_narrow.mem_reg_0_31_66_71/RAMA/I
                            (rising edge-triggered cell RAMD32 clocked by clk_fpga_0  {rise@0.000ns fall@10.000ns period=20.000ns})
  Path Group:             clk_fpga_0
  Path Type:              Hold (Min at Fast Process Corner)
  Requirement:            0.000ns  (clk_fpga_0 rise@0.000ns - clk_fpga_0 rise@0.000ns)
  Data Path Delay:        0.196ns  (logic 0.141ns (71.838%)  route 0.055ns (28.162%))
  Logic Levels:           0  
  Clock Path Skew:        0.013ns (DCD - SCD - CPR)
    Destination Clock Delay (DCD):    1.231ns
    Source Clock Delay      (SCD):    0.932ns
    Clock Pessimism Removal (CPR):    0.286ns

    Location             Delay type                Incr(ns)  Path(ns)    Netlist Resource(s)
  -------------------------------------------------------------------    -------------------
                         (clock clk_fpga_0 rise edge)
                                                      0.000     0.000 r  
    PS7_X0Y0             PS7                          0.000     0.000 r  design_1_i/processing_system7_0/inst/PS7_i/FCLKCLK[0]
                         net (fo=1, routed)           0.310     0.310    design_1_i/processing_system7_0/inst/FCLK_CLK_unbuffered[0]
    BUFGCTRL_X0Y16       BUFG (Prop_bufg_I_O)         0.026     0.336 r  design_1_i/processing_system7_0/inst/buffer_fclk_clk_0.FCLK_CLK_0_BUFG/O
                         net (fo=20843, routed)       0.596     0.932    design_1_i/axi_smc/inst/m00_exit_pipeline/m00_exit/inst/r_reg/aclk
    SLICE_X13Y45         FDRE                                         r  design_1_i/axi_smc/inst/m00_exit_pipeline/m00_exit/inst/r_reg/m_vector_i_reg[1105]/C
  -------------------------------------------------------------------    -------------------
    SLICE_X13Y45         FDRE (Prop_fdre_C_Q)         0.141     1.072 r  design_1_i/axi_smc/inst/m00_exit_pipeline/m00_exit/inst/r_reg/m_vector_i_reg[1105]/Q
                         net (fo=1, routed)           0.055     1.128    design_1_i/axi_smc/inst/m00_nodes/m00_r_node/inst/inst_mi_handler/gen_normal_area.inst_fifo_node_payld/gen_xpm_memory_fifo.inst_fifo/gen_mem_rep[0].inst_xpm_memory/xpm_memory_base_inst/gen_wr_a.gen_word_narrow.mem_reg_0_31_66_71/DIA0
    SLICE_X12Y45         RAMD32                                       r  design_1_i/axi_smc/inst/m00_nodes/m00_r_node/inst/inst_mi_handler/gen_normal_area.inst_fifo_node_payld/gen_xpm_memory_fifo.inst_fifo/gen_mem_rep[0].inst_xpm_memory/xpm_memory_base_inst/gen_wr_a.gen_word_narrow.mem_reg_0_31_66_71/RAMA/I
  -------------------------------------------------------------------    -------------------

                         (clock clk_fpga_0 rise edge)
                                                      0.000     0.000 r  
    PS7_X0Y0             PS7                          0.000     0.000 r  design_1_i/processing_system7_0/inst/PS7_i/FCLKCLK[0]
                         net (fo=1, routed)           0.337     0.337    design_1_i/processing_system7_0/inst/FCLK_CLK_unbuffered[0]
    BUFGCTRL_X0Y16       BUFG (Prop_bufg_I_O)         0.029     0.366 r  design_1_i/processing_system7_0/inst/buffer_fclk_clk_0.FCLK_CLK_0_BUFG/O
                         net (fo=20843, routed)       0.865     1.231    design_1_i/axi_smc/inst/m00_nodes/m00_r_node/inst/inst_mi_handler/gen_normal_area.inst_fifo_node_payld/gen_xpm_memory_fifo.inst_fifo/gen_mem_rep[0].inst_xpm_memory/xpm_memory_base_inst/gen_wr_a.gen_word_narrow.mem_reg_0_31_66_71/WCLK
    SLICE_X12Y45         RAMD32                                       r  design_1_i/axi_smc/inst/m00_nodes/m00_r_node/inst/inst_mi_handler/gen_normal_area.inst_fifo_node_payld/gen_xpm_memory_fifo.inst_fifo/gen_mem_rep[0].inst_xpm_memory/xpm_memory_base_inst/gen_wr_a.gen_word_narrow.mem_reg_0_31_66_71/RAMA/CLK
                         clock pessimism             -0.286     0.944    
    SLICE_X12Y45         RAMD32 (Hold_ramd32_CLK_I)
                                                      0.147     1.091    design_1_i/axi_smc/inst/m00_nodes/m00_r_node/inst/inst_mi_handler/gen_normal_area.inst_fifo_node_payld/gen_xpm_memory_fifo.inst_fifo/gen_mem_rep[0].inst_xpm_memory/xpm_memory_base_inst/gen_wr_a.gen_word_narrow.mem_reg_0_31_66_71/RAMA
  -------------------------------------------------------------------
                         required time                         -1.092    
                         arrival time                           1.128    
  -------------------------------------------------------------------
                         slack                                  0.036    

Slack (MET) :             0.036ns  (arrival time - required time)
  Source:                 design_1_i/axi_smc/inst/s01_nodes/s01_w_node/inst/inst_mi_handler/gen_normal_area.gen_upsizer.inst_upsizer/gen_w_ch.accum_reg[bytes][2][userdata][1]/C
                            (rising edge-triggered cell FDRE clocked by clk_fpga_0  {rise@0.000ns fall@10.000ns period=20.000ns})
  Destination:            design_1_i/axi_smc/inst/s01_nodes/s01_w_node/inst/inst_mi_handler/gen_normal_area.inst_fifo_node_payld/gen_xpm_memory_fifo.inst_fifo/gen_mem_rep[0].inst_xpm_memory/xpm_memory_base_inst/gen_wr_a.gen_word_narrow.mem_reg_0_31_36_41/RAMA/I
                            (rising edge-triggered cell RAMD32 clocked by clk_fpga_0  {rise@0.000ns fall@10.000ns period=20.000ns})
  Path Group:             clk_fpga_0
  Path Type:              Hold (Min at Fast Process Corner)
  Requirement:            0.000ns  (clk_fpga_0 rise@0.000ns - clk_fpga_0 rise@0.000ns)
  Data Path Delay:        0.196ns  (logic 0.141ns (71.838%)  route 0.055ns (28.162%))
  Logic Levels:           0  
  Clock Path Skew:        0.013ns (DCD - SCD - CPR)
    Destination Clock Delay (DCD):    1.226ns
    Source Clock Delay      (SCD):    0.928ns
    Clock Pessimism Removal (CPR):    0.285ns

    Location             Delay type                Incr(ns)  Path(ns)    Netlist Resource(s)
  -------------------------------------------------------------------    -------------------
                         (clock clk_fpga_0 rise edge)
                                                      0.000     0.000 r  
    PS7_X0Y0             PS7                          0.000     0.000 r  design_1_i/processing_system7_0/inst/PS7_i/FCLKCLK[0]
                         net (fo=1, routed)           0.310     0.310    design_1_i/processing_system7_0/inst/FCLK_CLK_unbuffered[0]
    BUFGCTRL_X0Y16       BUFG (Prop_bufg_I_O)         0.026     0.336 r  design_1_i/processing_system7_0/inst/buffer_fclk_clk_0.FCLK_CLK_0_BUFG/O
                         net (fo=20843, routed)       0.592     0.928    design_1_i/axi_smc/inst/s01_nodes/s01_w_node/inst/inst_mi_handler/gen_normal_area.gen_upsizer.inst_upsizer/s_sc_aclk
    SLICE_X9Y35          FDRE                                         r  design_1_i/axi_smc/inst/s01_nodes/s01_w_node/inst/inst_mi_handler/gen_normal_area.gen_upsizer.inst_upsizer/gen_w_ch.accum_reg[bytes][2][userdata][1]/C
  -------------------------------------------------------------------    -------------------
    SLICE_X9Y35          FDRE (Prop_fdre_C_Q)         0.141     1.069 r  design_1_i/axi_smc/inst/s01_nodes/s01_w_node/inst/inst_mi_handler/gen_normal_area.gen_upsizer.inst_upsizer/gen_w_ch.accum_reg[bytes][2][userdata][1]/Q
                         net (fo=1, routed)           0.055     1.124    design_1_i/axi_smc/inst/s01_nodes/s01_w_node/inst/inst_mi_handler/gen_normal_area.inst_fifo_node_payld/gen_xpm_memory_fifo.inst_fifo/gen_mem_rep[0].inst_xpm_memory/xpm_memory_base_inst/gen_wr_a.gen_word_narrow.mem_reg_0_31_36_41/DIA0
    SLICE_X8Y35          RAMD32                                       r  design_1_i/axi_smc/inst/s01_nodes/s01_w_node/inst/inst_mi_handler/gen_normal_area.inst_fifo_node_payld/gen_xpm_memory_fifo.inst_fifo/gen_mem_rep[0].inst_xpm_memory/xpm_memory_base_inst/gen_wr_a.gen_word_narrow.mem_reg_0_31_36_41/RAMA/I
  -------------------------------------------------------------------    -------------------

                         (clock clk_fpga_0 rise edge)
                                                      0.000     0.000 r  
    PS7_X0Y0             PS7                          0.000     0.000 r  design_1_i/processing_system7_0/inst/PS7_i/FCLKCLK[0]
                         net (fo=1, routed)           0.337     0.337    design_1_i/processing_system7_0/inst/FCLK_CLK_unbuffered[0]
    BUFGCTRL_X0Y16       BUFG (Prop_bufg_I_O)         0.029     0.366 r  design_1_i/processing_system7_0/inst/buffer_fclk_clk_0.FCLK_CLK_0_BUFG/O
                         net (fo=20843, routed)       0.860     1.226    design_1_i/axi_smc/inst/s01_nodes/s01_w_node/inst/inst_mi_handler/gen_normal_area.inst_fifo_node_payld/gen_xpm_memory_fifo.inst_fifo/gen_mem_rep[0].inst_xpm_memory/xpm_memory_base_inst/gen_wr_a.gen_word_narrow.mem_reg_0_31_36_41/WCLK
    SLICE_X8Y35          RAMD32                                       r  design_1_i/axi_smc/inst/s01_nodes/s01_w_node/inst/inst_mi_handler/gen_normal_area.inst_fifo_node_payld/gen_xpm_memory_fifo.inst_fifo/gen_mem_rep[0].inst_xpm_memory/xpm_memory_base_inst/gen_wr_a.gen_word_narrow.mem_reg_0_31_36_41/RAMA/CLK
                         clock pessimism             -0.285     0.941    
    SLICE_X8Y35          RAMD32 (Hold_ramd32_CLK_I)
                                                      0.147     1.087    design_1_i/axi_smc/inst/s01_nodes/s01_w_node/inst/inst_mi_handler/gen_normal_area.inst_fifo_node_payld/gen_xpm_memory_fifo.inst_fifo/gen_mem_rep[0].inst_xpm_memory/xpm_memory_base_inst/gen_wr_a.gen_word_narrow.mem_reg_0_31_36_41/RAMA
  -------------------------------------------------------------------
                         required time                         -1.088    
                         arrival time                           1.124    
  -------------------------------------------------------------------
                         slack                                  0.036    

Slack (MET) :             0.036ns  (arrival time - required time)
  Source:                 design_1_i/axi_smc/inst/s01_nodes/s01_w_node/inst/inst_mi_handler/gen_normal_area.gen_upsizer.inst_upsizer/gen_w_ch.accum_reg[bytes][6][userdata][7]/C
                            (rising edge-triggered cell FDRE clocked by clk_fpga_0  {rise@0.000ns fall@10.000ns period=20.000ns})
  Destination:            design_1_i/axi_smc/inst/s01_nodes/s01_w_node/inst/inst_mi_handler/gen_normal_area.inst_fifo_node_payld/gen_xpm_memory_fifo.inst_fifo/gen_mem_rep[0].inst_xpm_memory/xpm_memory_base_inst/gen_wr_a.gen_word_narrow.mem_reg_0_31_78_83/RAMA/I
                            (rising edge-triggered cell RAMD32 clocked by clk_fpga_0  {rise@0.000ns fall@10.000ns period=20.000ns})
  Path Group:             clk_fpga_0
  Path Type:              Hold (Min at Fast Process Corner)
  Requirement:            0.000ns  (clk_fpga_0 rise@0.000ns - clk_fpga_0 rise@0.000ns)
  Data Path Delay:        0.196ns  (logic 0.141ns (71.838%)  route 0.055ns (28.162%))
  Logic Levels:           0  
  Clock Path Skew:        0.013ns (DCD - SCD - CPR)
    Destination Clock Delay (DCD):    1.225ns
    Source Clock Delay      (SCD):    0.928ns
    Clock Pessimism Removal (CPR):    0.284ns

    Location             Delay type                Incr(ns)  Path(ns)    Netlist Resource(s)
  -------------------------------------------------------------------    -------------------
                         (clock clk_fpga_0 rise edge)
                                                      0.000     0.000 r  
    PS7_X0Y0             PS7                          0.000     0.000 r  design_1_i/processing_system7_0/inst/PS7_i/FCLKCLK[0]
                         net (fo=1, routed)           0.310     0.310    design_1_i/processing_system7_0/inst/FCLK_CLK_unbuffered[0]
    BUFGCTRL_X0Y16       BUFG (Prop_bufg_I_O)         0.026     0.336 r  design_1_i/processing_system7_0/inst/buffer_fclk_clk_0.FCLK_CLK_0_BUFG/O
                         net (fo=20843, routed)       0.592     0.928    design_1_i/axi_smc/inst/s01_nodes/s01_w_node/inst/inst_mi_handler/gen_normal_area.gen_upsizer.inst_upsizer/s_sc_aclk
    SLICE_X9Y34          FDRE                                         r  design_1_i/axi_smc/inst/s01_nodes/s01_w_node/inst/inst_mi_handler/gen_normal_area.gen_upsizer.inst_upsizer/gen_w_ch.accum_reg[bytes][6][userdata][7]/C
  -------------------------------------------------------------------    -------------------
    SLICE_X9Y34          FDRE (Prop_fdre_C_Q)         0.141     1.069 r  design_1_i/axi_smc/inst/s01_nodes/s01_w_node/inst/inst_mi_handler/gen_normal_area.gen_upsizer.inst_upsizer/gen_w_ch.accum_reg[bytes][6][userdata][7]/Q
                         net (fo=1, routed)           0.055     1.124    design_1_i/axi_smc/inst/s01_nodes/s01_w_node/inst/inst_mi_handler/gen_normal_area.inst_fifo_node_payld/gen_xpm_memory_fifo.inst_fifo/gen_mem_rep[0].inst_xpm_memory/xpm_memory_base_inst/gen_wr_a.gen_word_narrow.mem_reg_0_31_78_83/DIA0
    SLICE_X8Y34          RAMD32                                       r  design_1_i/axi_smc/inst/s01_nodes/s01_w_node/inst/inst_mi_handler/gen_normal_area.inst_fifo_node_payld/gen_xpm_memory_fifo.inst_fifo/gen_mem_rep[0].inst_xpm_memory/xpm_memory_base_inst/gen_wr_a.gen_word_narrow.mem_reg_0_31_78_83/RAMA/I
  -------------------------------------------------------------------    -------------------

                         (clock clk_fpga_0 rise edge)
                                                      0.000     0.000 r  
    PS7_X0Y0             PS7                          0.000     0.000 r  design_1_i/processing_system7_0/inst/PS7_i/FCLKCLK[0]
                         net (fo=1, routed)           0.337     0.337    design_1_i/processing_system7_0/inst/FCLK_CLK_unbuffered[0]
    BUFGCTRL_X0Y16       BUFG (Prop_bufg_I_O)         0.029     0.366 r  design_1_i/processing_system7_0/inst/buffer_fclk_clk_0.FCLK_CLK_0_BUFG/O
                         net (fo=20843, routed)       0.859     1.225    design_1_i/axi_smc/inst/s01_nodes/s01_w_node/inst/inst_mi_handler/gen_normal_area.inst_fifo_node_payld/gen_xpm_memory_fifo.inst_fifo/gen_mem_rep[0].inst_xpm_memory/xpm_memory_base_inst/gen_wr_a.gen_word_narrow.mem_reg_0_31_78_83/WCLK
    SLICE_X8Y34          RAMD32                                       r  design_1_i/axi_smc/inst/s01_nodes/s01_w_node/inst/inst_mi_handler/gen_normal_area.inst_fifo_node_payld/gen_xpm_memory_fifo.inst_fifo/gen_mem_rep[0].inst_xpm_memory/xpm_memory_base_inst/gen_wr_a.gen_word_narrow.mem_reg_0_31_78_83/RAMA/CLK
                         clock pessimism             -0.284     0.941    
    SLICE_X8Y34          RAMD32 (Hold_ramd32_CLK_I)
                                                      0.147     1.088    design_1_i/axi_smc/inst/s01_nodes/s01_w_node/inst/inst_mi_handler/gen_normal_area.inst_fifo_node_payld/gen_xpm_memory_fifo.inst_fifo/gen_mem_rep[0].inst_xpm_memory/xpm_memory_base_inst/gen_wr_a.gen_word_narrow.mem_reg_0_31_78_83/RAMA
  -------------------------------------------------------------------
                         required time                         -1.088    
                         arrival time                           1.124    
  -------------------------------------------------------------------
                         slack                                  0.036    

Slack (MET) :             0.036ns  (arrival time - required time)
  Source:                 design_1_i/axi_smc/inst/switchboards/ar_switchboard/inst/gen_mi[0].inst_opipe_payld/gen_pipe[1].pipe_reg[1][6]/C
                            (rising edge-triggered cell FDRE clocked by clk_fpga_0  {rise@0.000ns fall@10.000ns period=20.000ns})
  Destination:            design_1_i/axi_smc/inst/m00_nodes/m00_ar_node/inst/inst_mi_handler/gen_normal_area.inst_fifo_node_payld/gen_xpm_memory_fifo.inst_fifo/gen_mem_rep[0].inst_xpm_memory/xpm_memory_base_inst/gen_wr_a.gen_word_narrow.mem_reg_0_31_6_11/RAMA/I
                            (rising edge-triggered cell RAMD32 clocked by clk_fpga_0  {rise@0.000ns fall@10.000ns period=20.000ns})
  Path Group:             clk_fpga_0
  Path Type:              Hold (Min at Fast Process Corner)
  Requirement:            0.000ns  (clk_fpga_0 rise@0.000ns - clk_fpga_0 rise@0.000ns)
  Data Path Delay:        0.196ns  (logic 0.141ns (71.838%)  route 0.055ns (28.162%))
  Logic Levels:           0  
  Clock Path Skew:        0.013ns (DCD - SCD - CPR)
    Destination Clock Delay (DCD):    1.222ns
    Source Clock Delay      (SCD):    0.924ns
    Clock Pessimism Removal (CPR):    0.286ns

    Location             Delay type                Incr(ns)  Path(ns)    Netlist Resource(s)
  -------------------------------------------------------------------    -------------------
                         (clock clk_fpga_0 rise edge)
                                                      0.000     0.000 r  
    PS7_X0Y0             PS7                          0.000     0.000 r  design_1_i/processing_system7_0/inst/PS7_i/FCLKCLK[0]
                         net (fo=1, routed)           0.310     0.310    design_1_i/processing_system7_0/inst/FCLK_CLK_unbuffered[0]
    BUFGCTRL_X0Y16       BUFG (Prop_bufg_I_O)         0.026     0.336 r  design_1_i/processing_system7_0/inst/buffer_fclk_clk_0.FCLK_CLK_0_BUFG/O
                         net (fo=20843, routed)       0.588     0.924    design_1_i/axi_smc/inst/switchboards/ar_switchboard/inst/gen_mi[0].inst_opipe_payld/aclk
    SLICE_X31Y39         FDRE                                         r  design_1_i/axi_smc/inst/switchboards/ar_switchboard/inst/gen_mi[0].inst_opipe_payld/gen_pipe[1].pipe_reg[1][6]/C
  -------------------------------------------------------------------    -------------------
    SLICE_X31Y39         FDRE (Prop_fdre_C_Q)         0.141     1.065 r  design_1_i/axi_smc/inst/switchboards/ar_switchboard/inst/gen_mi[0].inst_opipe_payld/gen_pipe[1].pipe_reg[1][6]/Q
                         net (fo=1, routed)           0.055     1.120    design_1_i/axi_smc/inst/m00_nodes/m00_ar_node/inst/inst_mi_handler/gen_normal_area.inst_fifo_node_payld/gen_xpm_memory_fifo.inst_fifo/gen_mem_rep[0].inst_xpm_memory/xpm_memory_base_inst/gen_wr_a.gen_word_narrow.mem_reg_0_31_6_11/DIA0
    SLICE_X30Y39         RAMD32                                       r  design_1_i/axi_smc/inst/m00_nodes/m00_ar_node/inst/inst_mi_handler/gen_normal_area.inst_fifo_node_payld/gen_xpm_memory_fifo.inst_fifo/gen_mem_rep[0].inst_xpm_memory/xpm_memory_base_inst/gen_wr_a.gen_word_narrow.mem_reg_0_31_6_11/RAMA/I
  -------------------------------------------------------------------    -------------------

                         (clock clk_fpga_0 rise edge)
                                                      0.000     0.000 r  
    PS7_X0Y0             PS7                          0.000     0.000 r  design_1_i/processing_system7_0/inst/PS7_i/FCLKCLK[0]
                         net (fo=1, routed)           0.337     0.337    design_1_i/processing_system7_0/inst/FCLK_CLK_unbuffered[0]
    BUFGCTRL_X0Y16       BUFG (Prop_bufg_I_O)         0.029     0.366 r  design_1_i/processing_system7_0/inst/buffer_fclk_clk_0.FCLK_CLK_0_BUFG/O
                         net (fo=20843, routed)       0.856     1.222    design_1_i/axi_smc/inst/m00_nodes/m00_ar_node/inst/inst_mi_handler/gen_normal_area.inst_fifo_node_payld/gen_xpm_memory_fifo.inst_fifo/gen_mem_rep[0].inst_xpm_memory/xpm_memory_base_inst/gen_wr_a.gen_word_narrow.mem_reg_0_31_6_11/WCLK
    SLICE_X30Y39         RAMD32                                       r  design_1_i/axi_smc/inst/m00_nodes/m00_ar_node/inst/inst_mi_handler/gen_normal_area.inst_fifo_node_payld/gen_xpm_memory_fifo.inst_fifo/gen_mem_rep[0].inst_xpm_memory/xpm_memory_base_inst/gen_wr_a.gen_word_narrow.mem_reg_0_31_6_11/RAMA/CLK
                         clock pessimism             -0.286     0.937    
    SLICE_X30Y39         RAMD32 (Hold_ramd32_CLK_I)
                                                      0.147     1.084    design_1_i/axi_smc/inst/m00_nodes/m00_ar_node/inst/inst_mi_handler/gen_normal_area.inst_fifo_node_payld/gen_xpm_memory_fifo.inst_fifo/gen_mem_rep[0].inst_xpm_memory/xpm_memory_base_inst/gen_wr_a.gen_word_narrow.mem_reg_0_31_6_11/RAMA
  -------------------------------------------------------------------
                         required time                         -1.083    
                         arrival time                           1.120    
  -------------------------------------------------------------------
                         slack                                  0.036    

Slack (MET) :             0.036ns  (arrival time - required time)
  Source:                 design_1_i/axi_smc/inst/s01_nodes/s01_w_node/inst/inst_mi_handler/gen_normal_area.gen_upsizer.inst_upsizer/gen_w_ch.accum_reg[bytes][5][userdata][4]/C
                            (rising edge-triggered cell FDRE clocked by clk_fpga_0  {rise@0.000ns fall@10.000ns period=20.000ns})
  Destination:            design_1_i/axi_smc/inst/s01_nodes/s01_w_node/inst/inst_mi_handler/gen_normal_area.inst_fifo_node_payld/gen_xpm_memory_fifo.inst_fifo/gen_mem_rep[0].inst_xpm_memory/xpm_memory_base_inst/gen_wr_a.gen_word_narrow.mem_reg_0_31_66_71/RAMA/I
                            (rising edge-triggered cell RAMD32 clocked by clk_fpga_0  {rise@0.000ns fall@10.000ns period=20.000ns})
  Path Group:             clk_fpga_0
  Path Type:              Hold (Min at Fast Process Corner)
  Requirement:            0.000ns  (clk_fpga_0 rise@0.000ns - clk_fpga_0 rise@0.000ns)
  Data Path Delay:        0.196ns  (logic 0.141ns (71.838%)  route 0.055ns (28.162%))
  Logic Levels:           0  
  Clock Path Skew:        0.013ns (DCD - SCD - CPR)
    Destination Clock Delay (DCD):    1.255ns
    Source Clock Delay      (SCD):    0.957ns
    Clock Pessimism Removal (CPR):    0.285ns

    Location             Delay type                Incr(ns)  Path(ns)    Netlist Resource(s)
  -------------------------------------------------------------------    -------------------
                         (clock clk_fpga_0 rise edge)
                                                      0.000     0.000 r  
    PS7_X0Y0             PS7                          0.000     0.000 r  design_1_i/processing_system7_0/inst/PS7_i/FCLKCLK[0]
                         net (fo=1, routed)           0.310     0.310    design_1_i/processing_system7_0/inst/FCLK_CLK_unbuffered[0]
    BUFGCTRL_X0Y16       BUFG (Prop_bufg_I_O)         0.026     0.336 r  design_1_i/processing_system7_0/inst/buffer_fclk_clk_0.FCLK_CLK_0_BUFG/O
                         net (fo=20843, routed)       0.621     0.957    design_1_i/axi_smc/inst/s01_nodes/s01_w_node/inst/inst_mi_handler/gen_normal_area.gen_upsizer.inst_upsizer/s_sc_aclk
    SLICE_X7Y36          FDRE                                         r  design_1_i/axi_smc/inst/s01_nodes/s01_w_node/inst/inst_mi_handler/gen_normal_area.gen_upsizer.inst_upsizer/gen_w_ch.accum_reg[bytes][5][userdata][4]/C
  -------------------------------------------------------------------    -------------------
    SLICE_X7Y36          FDRE (Prop_fdre_C_Q)         0.141     1.098 r  design_1_i/axi_smc/inst/s01_nodes/s01_w_node/inst/inst_mi_handler/gen_normal_area.gen_upsizer.inst_upsizer/gen_w_ch.accum_reg[bytes][5][userdata][4]/Q
                         net (fo=1, routed)           0.055     1.153    design_1_i/axi_smc/inst/s01_nodes/s01_w_node/inst/inst_mi_handler/gen_normal_area.inst_fifo_node_payld/gen_xpm_memory_fifo.inst_fifo/gen_mem_rep[0].inst_xpm_memory/xpm_memory_base_inst/gen_wr_a.gen_word_narrow.mem_reg_0_31_66_71/DIA0
    SLICE_X6Y36          RAMD32                                       r  design_1_i/axi_smc/inst/s01_nodes/s01_w_node/inst/inst_mi_handler/gen_normal_area.inst_fifo_node_payld/gen_xpm_memory_fifo.inst_fifo/gen_mem_rep[0].inst_xpm_memory/xpm_memory_base_inst/gen_wr_a.gen_word_narrow.mem_reg_0_31_66_71/RAMA/I
  -------------------------------------------------------------------    -------------------

                         (clock clk_fpga_0 rise edge)
                                                      0.000     0.000 r  
    PS7_X0Y0             PS7                          0.000     0.000 r  design_1_i/processing_system7_0/inst/PS7_i/FCLKCLK[0]
                         net (fo=1, routed)           0.337     0.337    design_1_i/processing_system7_0/inst/FCLK_CLK_unbuffered[0]
    BUFGCTRL_X0Y16       BUFG (Prop_bufg_I_O)         0.029     0.366 r  design_1_i/processing_system7_0/inst/buffer_fclk_clk_0.FCLK_CLK_0_BUFG/O
                         net (fo=20843, routed)       0.889     1.255    design_1_i/axi_smc/inst/s01_nodes/s01_w_node/inst/inst_mi_handler/gen_normal_area.inst_fifo_node_payld/gen_xpm_memory_fifo.inst_fifo/gen_mem_rep[0].inst_xpm_memory/xpm_memory_base_inst/gen_wr_a.gen_word_narrow.mem_reg_0_31_66_71/WCLK
    SLICE_X6Y36          RAMD32                                       r  design_1_i/axi_smc/inst/s01_nodes/s01_w_node/inst/inst_mi_handler/gen_normal_area.inst_fifo_node_payld/gen_xpm_memory_fifo.inst_fifo/gen_mem_rep[0].inst_xpm_memory/xpm_memory_base_inst/gen_wr_a.gen_word_narrow.mem_reg_0_31_66_71/RAMA/CLK
                         clock pessimism             -0.285     0.970    
    SLICE_X6Y36          RAMD32 (Hold_ramd32_CLK_I)
                                                      0.147     1.117    design_1_i/axi_smc/inst/s01_nodes/s01_w_node/inst/inst_mi_handler/gen_normal_area.inst_fifo_node_payld/gen_xpm_memory_fifo.inst_fifo/gen_mem_rep[0].inst_xpm_memory/xpm_memory_base_inst/gen_wr_a.gen_word_narrow.mem_reg_0_31_66_71/RAMA
  -------------------------------------------------------------------
                         required time                         -1.117    
                         arrival time                           1.153    
  -------------------------------------------------------------------
                         slack                                  0.036    

Slack (MET) :             0.056ns  (arrival time - required time)
  Source:                 design_1_i/axi_dma_0/U0/I_PRMRY_DATAMOVER/GEN_S2MM_FULL.I_S2MM_FULL_WRAPPER/GEN_INCLUDE_IBTTCC.I_S2MM_MSTR_IBTTCC/sig_realign_btt_reg_reg[8]/C
                            (rising edge-triggered cell FDRE clocked by clk_fpga_0  {rise@0.000ns fall@10.000ns period=20.000ns})
  Destination:            design_1_i/axi_dma_0/U0/I_PRMRY_DATAMOVER/GEN_S2MM_FULL.I_S2MM_FULL_WRAPPER/GEN_INCLUDE_REALIGNER.I_S2MM_REALIGNER/I_DRE_CNTL_FIFO/USE_SRL_FIFO.I_SYNC_FIFO/I_SRL_FIFO_RBU_F/DYNSHREG_F_I/INFERRED_GEN.data_reg[3][10]_srl4/D
                            (rising edge-triggered cell SRL16E clocked by clk_fpga_0  {rise@0.000ns fall@10.000ns period=20.000ns})
  Path Group:             clk_fpga_0
  Path Type:              Hold (Min at Fast Process Corner)
  Requirement:            0.000ns  (clk_fpga_0 rise@0.000ns - clk_fpga_0 rise@0.000ns)
  Data Path Delay:        0.255ns  (logic 0.141ns (55.352%)  route 0.114ns (44.648%))
  Logic Levels:           0  
  Clock Path Skew:        0.016ns (DCD - SCD - CPR)
    Destination Clock Delay (DCD):    1.223ns
    Source Clock Delay      (SCD):    0.924ns
    Clock Pessimism Removal (CPR):    0.283ns

    Location             Delay type                Incr(ns)  Path(ns)    Netlist Resource(s)
  -------------------------------------------------------------------    -------------------
                         (clock clk_fpga_0 rise edge)
                                                      0.000     0.000 r  
    PS7_X0Y0             PS7                          0.000     0.000 r  design_1_i/processing_system7_0/inst/PS7_i/FCLKCLK[0]
                         net (fo=1, routed)           0.310     0.310    design_1_i/processing_system7_0/inst/FCLK_CLK_unbuffered[0]
    BUFGCTRL_X0Y16       BUFG (Prop_bufg_I_O)         0.026     0.336 r  design_1_i/processing_system7_0/inst/buffer_fclk_clk_0.FCLK_CLK_0_BUFG/O
                         net (fo=20843, routed)       0.588     0.924    design_1_i/axi_dma_0/U0/I_PRMRY_DATAMOVER/GEN_S2MM_FULL.I_S2MM_FULL_WRAPPER/GEN_INCLUDE_IBTTCC.I_S2MM_MSTR_IBTTCC/m_axi_s2mm_aclk
    SLICE_X13Y19         FDRE                                         r  design_1_i/axi_dma_0/U0/I_PRMRY_DATAMOVER/GEN_S2MM_FULL.I_S2MM_FULL_WRAPPER/GEN_INCLUDE_IBTTCC.I_S2MM_MSTR_IBTTCC/sig_realign_btt_reg_reg[8]/C
  -------------------------------------------------------------------    -------------------
    SLICE_X13Y19         FDRE (Prop_fdre_C_Q)         0.141     1.065 r  design_1_i/axi_dma_0/U0/I_PRMRY_DATAMOVER/GEN_S2MM_FULL.I_S2MM_FULL_WRAPPER/GEN_INCLUDE_IBTTCC.I_S2MM_MSTR_IBTTCC/sig_realign_btt_reg_reg[8]/Q
                         net (fo=1, routed)           0.114     1.178    design_1_i/axi_dma_0/U0/I_PRMRY_DATAMOVER/GEN_S2MM_FULL.I_S2MM_FULL_WRAPPER/GEN_INCLUDE_REALIGNER.I_S2MM_REALIGNER/I_DRE_CNTL_FIFO/USE_SRL_FIFO.I_SYNC_FIFO/I_SRL_FIFO_RBU_F/DYNSHREG_F_I/in[8]
    SLICE_X12Y17         SRL16E                                       r  design_1_i/axi_dma_0/U0/I_PRMRY_DATAMOVER/GEN_S2MM_FULL.I_S2MM_FULL_WRAPPER/GEN_INCLUDE_REALIGNER.I_S2MM_REALIGNER/I_DRE_CNTL_FIFO/USE_SRL_FIFO.I_SYNC_FIFO/I_SRL_FIFO_RBU_F/DYNSHREG_F_I/INFERRED_GEN.data_reg[3][10]_srl4/D
  -------------------------------------------------------------------    -------------------

                         (clock clk_fpga_0 rise edge)
                                                      0.000     0.000 r  
    PS7_X0Y0             PS7                          0.000     0.000 r  design_1_i/processing_system7_0/inst/PS7_i/FCLKCLK[0]
                         net (fo=1, routed)           0.337     0.337    design_1_i/processing_system7_0/inst/FCLK_CLK_unbuffered[0]
    BUFGCTRL_X0Y16       BUFG (Prop_bufg_I_O)         0.029     0.366 r  design_1_i/processing_system7_0/inst/buffer_fclk_clk_0.FCLK_CLK_0_BUFG/O
                         net (fo=20843, routed)       0.857     1.223    design_1_i/axi_dma_0/U0/I_PRMRY_DATAMOVER/GEN_S2MM_FULL.I_S2MM_FULL_WRAPPER/GEN_INCLUDE_REALIGNER.I_S2MM_REALIGNER/I_DRE_CNTL_FIFO/USE_SRL_FIFO.I_SYNC_FIFO/I_SRL_FIFO_RBU_F/DYNSHREG_F_I/m_axi_s2mm_aclk
    SLICE_X12Y17         SRL16E                                       r  design_1_i/axi_dma_0/U0/I_PRMRY_DATAMOVER/GEN_S2MM_FULL.I_S2MM_FULL_WRAPPER/GEN_INCLUDE_REALIGNER.I_S2MM_REALIGNER/I_DRE_CNTL_FIFO/USE_SRL_FIFO.I_SYNC_FIFO/I_SRL_FIFO_RBU_F/DYNSHREG_F_I/INFERRED_GEN.data_reg[3][10]_srl4/CLK
                         clock pessimism             -0.283     0.940    
    SLICE_X12Y17         SRL16E (Hold_srl16e_CLK_D)
                                                      0.183     1.123    design_1_i/axi_dma_0/U0/I_PRMRY_DATAMOVER/GEN_S2MM_FULL.I_S2MM_FULL_WRAPPER/GEN_INCLUDE_REALIGNER.I_S2MM_REALIGNER/I_DRE_CNTL_FIFO/USE_SRL_FIFO.I_SYNC_FIFO/I_SRL_FIFO_RBU_F/DYNSHREG_F_I/INFERRED_GEN.data_reg[3][10]_srl4
  -------------------------------------------------------------------
                         required time                         -1.123    
                         arrival time                           1.178    
  -------------------------------------------------------------------
                         slack                                  0.056    

Slack (MET) :             0.067ns  (arrival time - required time)
  Source:                 design_1_i/BiLSTM_Top_0/inst/grp_lstm_infer_fu_267/h_f_2_V_U/lstm_infer_h_f_0_V_ram_U/q0_reg[7]/C
                            (rising edge-triggered cell FDRE clocked by clk_fpga_0  {rise@0.000ns fall@10.000ns period=20.000ns})
  Destination:            design_1_i/BiLSTM_Top_0/inst/grp_lstm_infer_fu_267/h_cat_2_V_U/lstm_infer_h_cat_bOq_ram_U/ram_reg/DIADI[7]
                            (rising edge-triggered cell RAMB18E1 clocked by clk_fpga_0  {rise@0.000ns fall@10.000ns period=20.000ns})
  Path Group:             clk_fpga_0
  Path Type:              Hold (Min at Fast Process Corner)
  Requirement:            0.000ns  (clk_fpga_0 rise@0.000ns - clk_fpga_0 rise@0.000ns)
  Data Path Delay:        0.276ns  (logic 0.164ns (59.464%)  route 0.112ns (40.536%))
  Logic Levels:           0  
  Clock Path Skew:        0.054ns (DCD - SCD - CPR)
    Destination Clock Delay (DCD):    1.284ns
    Source Clock Delay      (SCD):    0.945ns
    Clock Pessimism Removal (CPR):    0.285ns

    Location             Delay type                Incr(ns)  Path(ns)    Netlist Resource(s)
  -------------------------------------------------------------------    -------------------
                         (clock clk_fpga_0 rise edge)
                                                      0.000     0.000 r  
    PS7_X0Y0             PS7                          0.000     0.000 r  design_1_i/processing_system7_0/inst/PS7_i/FCLKCLK[0]
                         net (fo=1, routed)           0.310     0.310    design_1_i/processing_system7_0/inst/FCLK_CLK_unbuffered[0]
    BUFGCTRL_X0Y16       BUFG (Prop_bufg_I_O)         0.026     0.336 r  design_1_i/processing_system7_0/inst/buffer_fclk_clk_0.FCLK_CLK_0_BUFG/O
                         net (fo=20843, routed)       0.609     0.945    design_1_i/BiLSTM_Top_0/inst/grp_lstm_infer_fu_267/h_f_2_V_U/lstm_infer_h_f_0_V_ram_U/ap_clk
    SLICE_X104Y51        FDRE                                         r  design_1_i/BiLSTM_Top_0/inst/grp_lstm_infer_fu_267/h_f_2_V_U/lstm_infer_h_f_0_V_ram_U/q0_reg[7]/C
  -------------------------------------------------------------------    -------------------
    SLICE_X104Y51        FDRE (Prop_fdre_C_Q)         0.164     1.109 r  design_1_i/BiLSTM_Top_0/inst/grp_lstm_infer_fu_267/h_f_2_V_U/lstm_infer_h_f_0_V_ram_U/q0_reg[7]/Q
                         net (fo=3, routed)           0.112     1.220    design_1_i/BiLSTM_Top_0/inst/grp_lstm_infer_fu_267/h_cat_2_V_U/lstm_infer_h_cat_bOq_ram_U/ram_reg_2[7]
    RAMB18_X5Y20         RAMB18E1                                     r  design_1_i/BiLSTM_Top_0/inst/grp_lstm_infer_fu_267/h_cat_2_V_U/lstm_infer_h_cat_bOq_ram_U/ram_reg/DIADI[7]
  -------------------------------------------------------------------    -------------------

                         (clock clk_fpga_0 rise edge)
                                                      0.000     0.000 r  
    PS7_X0Y0             PS7                          0.000     0.000 r  design_1_i/processing_system7_0/inst/PS7_i/FCLKCLK[0]
                         net (fo=1, routed)           0.337     0.337    design_1_i/processing_system7_0/inst/FCLK_CLK_unbuffered[0]
    BUFGCTRL_X0Y16       BUFG (Prop_bufg_I_O)         0.029     0.366 r  design_1_i/processing_system7_0/inst/buffer_fclk_clk_0.FCLK_CLK_0_BUFG/O
                         net (fo=20843, routed)       0.918     1.284    design_1_i/BiLSTM_Top_0/inst/grp_lstm_infer_fu_267/h_cat_2_V_U/lstm_infer_h_cat_bOq_ram_U/ap_clk
    RAMB18_X5Y20         RAMB18E1                                     r  design_1_i/BiLSTM_Top_0/inst/grp_lstm_infer_fu_267/h_cat_2_V_U/lstm_infer_h_cat_bOq_ram_U/ram_reg/CLKARDCLK
                         clock pessimism             -0.285     0.998    
    RAMB18_X5Y20         RAMB18E1 (Hold_ramb18e1_CLKARDCLK_DIADI[7])
                                                      0.155     1.153    design_1_i/BiLSTM_Top_0/inst/grp_lstm_infer_fu_267/h_cat_2_V_U/lstm_infer_h_cat_bOq_ram_U/ram_reg
  -------------------------------------------------------------------
                         required time                         -1.153    
                         arrival time                           1.220    
  -------------------------------------------------------------------
                         slack                                  0.067    

Slack (MET) :             0.069ns  (arrival time - required time)
  Source:                 design_1_i/BiLSTM_Top_0/inst/grp_lstm_infer_fu_267/h_f_3_V_U/lstm_infer_h_f_0_V_ram_U/q0_reg[10]/C
                            (rising edge-triggered cell FDRE clocked by clk_fpga_0  {rise@0.000ns fall@10.000ns period=20.000ns})
  Destination:            design_1_i/BiLSTM_Top_0/inst/grp_lstm_infer_fu_267/h_cat_3_V_U/lstm_infer_h_cat_bOq_ram_U/ram_reg/DIADI[10]
                            (rising edge-triggered cell RAMB18E1 clocked by clk_fpga_0  {rise@0.000ns fall@10.000ns period=20.000ns})
  Path Group:             clk_fpga_0
  Path Type:              Hold (Min at Fast Process Corner)
  Requirement:            0.000ns  (clk_fpga_0 rise@0.000ns - clk_fpga_0 rise@0.000ns)
  Data Path Delay:        0.278ns  (logic 0.164ns (58.938%)  route 0.114ns (41.062%))
  Logic Levels:           0  
  Clock Path Skew:        0.055ns (DCD - SCD - CPR)
    Destination Clock Delay (DCD):    1.284ns
    Source Clock Delay      (SCD):    0.944ns
    Clock Pessimism Removal (CPR):    0.285ns

    Location             Delay type                Incr(ns)  Path(ns)    Netlist Resource(s)
  -------------------------------------------------------------------    -------------------
                         (clock clk_fpga_0 rise edge)
                                                      0.000     0.000 r  
    PS7_X0Y0             PS7                          0.000     0.000 r  design_1_i/processing_system7_0/inst/PS7_i/FCLKCLK[0]
                         net (fo=1, routed)           0.310     0.310    design_1_i/processing_system7_0/inst/FCLK_CLK_unbuffered[0]
    BUFGCTRL_X0Y16       BUFG (Prop_bufg_I_O)         0.026     0.336 r  design_1_i/processing_system7_0/inst/buffer_fclk_clk_0.FCLK_CLK_0_BUFG/O
                         net (fo=20843, routed)       0.608     0.944    design_1_i/BiLSTM_Top_0/inst/grp_lstm_infer_fu_267/h_f_3_V_U/lstm_infer_h_f_0_V_ram_U/ap_clk
    SLICE_X104Y53        FDRE                                         r  design_1_i/BiLSTM_Top_0/inst/grp_lstm_infer_fu_267/h_f_3_V_U/lstm_infer_h_f_0_V_ram_U/q0_reg[10]/C
  -------------------------------------------------------------------    -------------------
    SLICE_X104Y53        FDRE (Prop_fdre_C_Q)         0.164     1.108 r  design_1_i/BiLSTM_Top_0/inst/grp_lstm_infer_fu_267/h_f_3_V_U/lstm_infer_h_f_0_V_ram_U/q0_reg[10]/Q
                         net (fo=3, routed)           0.114     1.222    design_1_i/BiLSTM_Top_0/inst/grp_lstm_infer_fu_267/h_cat_3_V_U/lstm_infer_h_cat_bOq_ram_U/ram_reg_2[10]
    RAMB18_X5Y21         RAMB18E1                                     r  design_1_i/BiLSTM_Top_0/inst/grp_lstm_infer_fu_267/h_cat_3_V_U/lstm_infer_h_cat_bOq_ram_U/ram_reg/DIADI[10]
  -------------------------------------------------------------------    -------------------

                         (clock clk_fpga_0 rise edge)
                                                      0.000     0.000 r  
    PS7_X0Y0             PS7                          0.000     0.000 r  design_1_i/processing_system7_0/inst/PS7_i/FCLKCLK[0]
                         net (fo=1, routed)           0.337     0.337    design_1_i/processing_system7_0/inst/FCLK_CLK_unbuffered[0]
    BUFGCTRL_X0Y16       BUFG (Prop_bufg_I_O)         0.029     0.366 r  design_1_i/processing_system7_0/inst/buffer_fclk_clk_0.FCLK_CLK_0_BUFG/O
                         net (fo=20843, routed)       0.918     1.284    design_1_i/BiLSTM_Top_0/inst/grp_lstm_infer_fu_267/h_cat_3_V_U/lstm_infer_h_cat_bOq_ram_U/ap_clk
    RAMB18_X5Y21         RAMB18E1                                     r  design_1_i/BiLSTM_Top_0/inst/grp_lstm_infer_fu_267/h_cat_3_V_U/lstm_infer_h_cat_bOq_ram_U/ram_reg/CLKARDCLK
                         clock pessimism             -0.285     0.998    
    RAMB18_X5Y21         RAMB18E1 (Hold_ramb18e1_CLKARDCLK_DIADI[10])
                                                      0.155     1.153    design_1_i/BiLSTM_Top_0/inst/grp_lstm_infer_fu_267/h_cat_3_V_U/lstm_infer_h_cat_bOq_ram_U/ram_reg
  -------------------------------------------------------------------
                         required time                         -1.153    
                         arrival time                           1.222    
  -------------------------------------------------------------------
                         slack                                  0.069    

Slack (MET) :             0.071ns  (arrival time - required time)
  Source:                 design_1_i/axi_smc/inst/switchboards/r_switchboard/inst/gen_mi[0].inst_opipe_payld/gen_pipe[1].pipe_reg[1][78]/C
                            (rising edge-triggered cell FDRE clocked by clk_fpga_0  {rise@0.000ns fall@10.000ns period=20.000ns})
  Destination:            design_1_i/axi_smc/inst/s00_nodes/s00_r_node/inst/inst_mi_handler/gen_normal_area.inst_fifo_node_payld/gen_xpm_memory_fifo.inst_fifo/gen_mem_rep[0].inst_xpm_memory/xpm_memory_base_inst/gen_wr_a.gen_word_narrow.mem_reg_0_31_78_83/RAMA/I
                            (rising edge-triggered cell RAMD32 clocked by clk_fpga_0  {rise@0.000ns fall@10.000ns period=20.000ns})
  Path Group:             clk_fpga_0
  Path Type:              Hold (Min at Fast Process Corner)
  Requirement:            0.000ns  (clk_fpga_0 rise@0.000ns - clk_fpga_0 rise@0.000ns)
  Data Path Delay:        0.254ns  (logic 0.141ns (55.507%)  route 0.113ns (44.493%))
  Logic Levels:           0  
  Clock Path Skew:        0.036ns (DCD - SCD - CPR)
    Destination Clock Delay (DCD):    1.230ns
    Source Clock Delay      (SCD):    0.931ns
    Clock Pessimism Removal (CPR):    0.263ns

    Location             Delay type                Incr(ns)  Path(ns)    Netlist Resource(s)
  -------------------------------------------------------------------    -------------------
                         (clock clk_fpga_0 rise edge)
                                                      0.000     0.000 r  
    PS7_X0Y0             PS7                          0.000     0.000 r  design_1_i/processing_system7_0/inst/PS7_i/FCLKCLK[0]
                         net (fo=1, routed)           0.310     0.310    design_1_i/processing_system7_0/inst/FCLK_CLK_unbuffered[0]
    BUFGCTRL_X0Y16       BUFG (Prop_bufg_I_O)         0.026     0.336 r  design_1_i/processing_system7_0/inst/buffer_fclk_clk_0.FCLK_CLK_0_BUFG/O
                         net (fo=20843, routed)       0.595     0.931    design_1_i/axi_smc/inst/switchboards/r_switchboard/inst/gen_mi[0].inst_opipe_payld/aclk
    SLICE_X15Y40         FDRE                                         r  design_1_i/axi_smc/inst/switchboards/r_switchboard/inst/gen_mi[0].inst_opipe_payld/gen_pipe[1].pipe_reg[1][78]/C
  -------------------------------------------------------------------    -------------------
    SLICE_X15Y40         FDRE (Prop_fdre_C_Q)         0.141     1.072 r  design_1_i/axi_smc/inst/switchboards/r_switchboard/inst/gen_mi[0].inst_opipe_payld/gen_pipe[1].pipe_reg[1][78]/Q
                         net (fo=1, routed)           0.113     1.185    design_1_i/axi_smc/inst/s00_nodes/s00_r_node/inst/inst_mi_handler/gen_normal_area.inst_fifo_node_payld/gen_xpm_memory_fifo.inst_fifo/gen_mem_rep[0].inst_xpm_memory/xpm_memory_base_inst/gen_wr_a.gen_word_narrow.mem_reg_0_31_78_83/DIA0
    SLICE_X16Y40         RAMD32                                       r  design_1_i/axi_smc/inst/s00_nodes/s00_r_node/inst/inst_mi_handler/gen_normal_area.inst_fifo_node_payld/gen_xpm_memory_fifo.inst_fifo/gen_mem_rep[0].inst_xpm_memory/xpm_memory_base_inst/gen_wr_a.gen_word_narrow.mem_reg_0_31_78_83/RAMA/I
  -------------------------------------------------------------------    -------------------

                         (clock clk_fpga_0 rise edge)
                                                      0.000     0.000 r  
    PS7_X0Y0             PS7                          0.000     0.000 r  design_1_i/processing_system7_0/inst/PS7_i/FCLKCLK[0]
                         net (fo=1, routed)           0.337     0.337    design_1_i/processing_system7_0/inst/FCLK_CLK_unbuffered[0]
    BUFGCTRL_X0Y16       BUFG (Prop_bufg_I_O)         0.029     0.366 r  design_1_i/processing_system7_0/inst/buffer_fclk_clk_0.FCLK_CLK_0_BUFG/O
                         net (fo=20843, routed)       0.864     1.230    design_1_i/axi_smc/inst/s00_nodes/s00_r_node/inst/inst_mi_handler/gen_normal_area.inst_fifo_node_payld/gen_xpm_memory_fifo.inst_fifo/gen_mem_rep[0].inst_xpm_memory/xpm_memory_base_inst/gen_wr_a.gen_word_narrow.mem_reg_0_31_78_83/WCLK
    SLICE_X16Y40         RAMD32                                       r  design_1_i/axi_smc/inst/s00_nodes/s00_r_node/inst/inst_mi_handler/gen_normal_area.inst_fifo_node_payld/gen_xpm_memory_fifo.inst_fifo/gen_mem_rep[0].inst_xpm_memory/xpm_memory_base_inst/gen_wr_a.gen_word_narrow.mem_reg_0_31_78_83/RAMA/CLK
                         clock pessimism             -0.263     0.967    
    SLICE_X16Y40         RAMD32 (Hold_ramd32_CLK_I)
                                                      0.147     1.113    design_1_i/axi_smc/inst/s00_nodes/s00_r_node/inst/inst_mi_handler/gen_normal_area.inst_fifo_node_payld/gen_xpm_memory_fifo.inst_fifo/gen_mem_rep[0].inst_xpm_memory/xpm_memory_base_inst/gen_wr_a.gen_word_narrow.mem_reg_0_31_78_83/RAMA
  -------------------------------------------------------------------
                         required time                         -1.113    
                         arrival time                           1.185    
  -------------------------------------------------------------------
                         slack                                  0.071    





Pulse Width Checks
--------------------------------------------------------------------------------------
Clock Name:         clk_fpga_0
Waveform(ns):       { 0.000 10.000 }
Period(ns):         20.000
Sources:            { design_1_i/processing_system7_0/inst/PS7_i/FCLKCLK[0] }

Check Type        Corner  Lib Pin      Reference Pin  Required(ns)  Actual(ns)  Slack(ns)  Location       Pin
Min Period        n/a     DSP48E1/CLK  n/a            3.272         20.000      16.728     DSP48_X3Y53    design_1_i/BiLSTM_Top_0/inst/grp_lstm_infer_fu_267/BiLSTM_Top_mac_muRg6_U584/BiLSTM_Top_mac_muRg6_DSP48_0_U/p/CLK
Min Period        n/a     DSP48E1/CLK  n/a            3.272         20.000      16.728     DSP48_X2Y21    design_1_i/BiLSTM_Top_0/inst/grp_lstm_infer_fu_267/BiLSTM_Top_mac_muRg6_U599/BiLSTM_Top_mac_muRg6_DSP48_0_U/p/CLK
Min Period        n/a     DSP48E1/CLK  n/a            3.272         20.000      16.728     DSP48_X4Y48    design_1_i/BiLSTM_Top_0/inst/grp_lstm_infer_fu_267/grp_step_lstm_b_fu_3280/BiLSTM_Top_mac_muRg6_U341/BiLSTM_Top_mac_muRg6_DSP48_0_U/p/CLK
Min Period        n/a     DSP48E1/CLK  n/a            3.272         20.000      16.728     DSP48_X0Y5     design_1_i/BiLSTM_Top_0/inst/grp_lstm_infer_fu_267/grp_step_lstm_f_fu_3185/BiLSTM_Top_mac_muRg6_U136/BiLSTM_Top_mac_muRg6_DSP48_0_U/p/CLK
Min Period        n/a     DSP48E1/CLK  n/a            3.272         20.000      16.728     DSP48_X4Y34    design_1_i/BiLSTM_Top_0/inst/grp_lstm_infer_fu_267/grp_step_lstm_f_fu_3185/BiLSTM_Top_mac_muRg6_U181/BiLSTM_Top_mac_muRg6_DSP48_0_U/p/CLK
Min Period        n/a     DSP48E1/CLK  n/a            3.272         20.000      16.728     DSP48_X0Y2     design_1_i/BiLSTM_Top_0/inst/grp_lstm_infer_fu_267/grp_step_lstm_f_fu_3185/BiLSTM_Top_mac_muRg6_U196/BiLSTM_Top_mac_muRg6_DSP48_0_U/p/CLK
Min Period        n/a     DSP48E1/CLK  n/a            3.272         20.000      16.728     DSP48_X4Y14    design_1_i/BiLSTM_Top_0/inst/grp_lstm_infer_fu_267/grp_step_lstm_f_fu_3185/BiLSTM_Top_mac_muRg6_U211/BiLSTM_Top_mac_muRg6_DSP48_0_U/p/CLK
Min Period        n/a     DSP48E1/CLK  n/a            3.272         20.000      16.728     DSP48_X2Y54    design_1_i/BiLSTM_Top_0/inst/grp_lstm_infer_fu_267/BiLSTM_Top_mac_muRg6_U569/BiLSTM_Top_mac_muRg6_DSP48_0_U/p/CLK
Min Period        n/a     DSP48E1/CLK  n/a            3.272         20.000      16.728     DSP48_X2Y3     design_1_i/BiLSTM_Top_0/inst/grp_lstm_infer_fu_267/grp_step_lstm_f_fu_3185/BiLSTM_Top_mac_muRg6_U106/BiLSTM_Top_mac_muRg6_DSP48_0_U/p/CLK
Min Period        n/a     DSP48E1/CLK  n/a            3.272         20.000      16.728     DSP48_X4Y17    design_1_i/BiLSTM_Top_0/inst/grp_lstm_infer_fu_267/grp_step_lstm_f_fu_3185/BiLSTM_Top_mac_muRg6_U151/BiLSTM_Top_mac_muRg6_DSP48_0_U/p/CLK
Low Pulse Width   Fast    RAMS32/CLK   n/a            1.130         10.000      8.870      SLICE_X104Y73  design_1_i/BiLSTM_Top_0/inst/grp_lstm_infer_fu_267/h_b_1_V_U/lstm_infer_h_f_0_V_ram_U/ram_reg_0_15_13_13/SP/CLK
Low Pulse Width   Fast    RAMS32/CLK   n/a            1.130         10.000      8.870      SLICE_X104Y73  design_1_i/BiLSTM_Top_0/inst/grp_lstm_infer_fu_267/h_b_1_V_U/lstm_infer_h_f_0_V_ram_U/ram_reg_0_15_14_14/SP/CLK
Low Pulse Width   Fast    RAMS32/CLK   n/a            1.130         10.000      8.870      SLICE_X104Y73  design_1_i/BiLSTM_Top_0/inst/grp_lstm_infer_fu_267/h_b_1_V_U/lstm_infer_h_f_0_V_ram_U/ram_reg_0_15_15_15/SP/CLK
Low Pulse Width   Fast    RAMS32/CLK   n/a            1.130         10.000      8.870      SLICE_X104Y73  design_1_i/BiLSTM_Top_0/inst/grp_lstm_infer_fu_267/h_b_1_V_U/lstm_infer_h_f_0_V_ram_U/ram_reg_0_15_1_1/SP/CLK
Low Pulse Width   Slow    RAMS32/CLK   n/a            1.130         10.000      8.870      SLICE_X104Y67  design_1_i/BiLSTM_Top_0/inst/grp_lstm_infer_fu_267/h_b_3_V_U/lstm_infer_h_f_0_V_ram_U/ram_reg_0_15_0_0/SP/CLK
Low Pulse Width   Slow    RAMS32/CLK   n/a            1.130         10.000      8.870      SLICE_X104Y67  design_1_i/BiLSTM_Top_0/inst/grp_lstm_infer_fu_267/h_b_3_V_U/lstm_infer_h_f_0_V_ram_U/ram_reg_0_15_10_10/SP/CLK
Low Pulse Width   Slow    RAMS32/CLK   n/a            1.130         10.000      8.870      SLICE_X104Y67  design_1_i/BiLSTM_Top_0/inst/grp_lstm_infer_fu_267/h_b_3_V_U/lstm_infer_h_f_0_V_ram_U/ram_reg_0_15_11_11/SP/CLK
Low Pulse Width   Slow    RAMS32/CLK   n/a            1.130         10.000      8.870      SLICE_X104Y67  design_1_i/BiLSTM_Top_0/inst/grp_lstm_infer_fu_267/h_b_3_V_U/lstm_infer_h_f_0_V_ram_U/ram_reg_0_15_12_12/SP/CLK
Low Pulse Width   Slow    RAMS32/CLK   n/a            1.130         10.000      8.870      SLICE_X104Y69  design_1_i/BiLSTM_Top_0/inst/grp_lstm_infer_fu_267/h_b_3_V_U/lstm_infer_h_f_0_V_ram_U/ram_reg_0_15_2_2/SP/CLK
Low Pulse Width   Slow    RAMS32/CLK   n/a            1.130         10.000      8.870      SLICE_X104Y69  design_1_i/BiLSTM_Top_0/inst/grp_lstm_infer_fu_267/h_b_3_V_U/lstm_infer_h_f_0_V_ram_U/ram_reg_0_15_3_3/SP/CLK
High Pulse Width  Slow    RAMS32/CLK   n/a            1.130         10.000      8.870      SLICE_X100Y57  design_1_i/BiLSTM_Top_0/inst/grp_lstm_infer_fu_267/h_b_0_V_U/lstm_infer_h_f_0_V_ram_U/ram_reg_0_15_0_0/SP/CLK
High Pulse Width  Fast    RAMS32/CLK   n/a            1.130         10.000      8.870      SLICE_X100Y57  design_1_i/BiLSTM_Top_0/inst/grp_lstm_infer_fu_267/h_b_0_V_U/lstm_infer_h_f_0_V_ram_U/ram_reg_0_15_0_0/SP/CLK
High Pulse Width  Slow    RAMS32/CLK   n/a            1.130         10.000      8.870      SLICE_X100Y57  design_1_i/BiLSTM_Top_0/inst/grp_lstm_infer_fu_267/h_b_0_V_U/lstm_infer_h_f_0_V_ram_U/ram_reg_0_15_10_10/SP/CLK
High Pulse Width  Fast    RAMS32/CLK   n/a            1.130         10.000      8.870      SLICE_X100Y57  design_1_i/BiLSTM_Top_0/inst/grp_lstm_infer_fu_267/h_b_0_V_U/lstm_infer_h_f_0_V_ram_U/ram_reg_0_15_10_10/SP/CLK
High Pulse Width  Slow    RAMS32/CLK   n/a            1.130         10.000      8.870      SLICE_X100Y57  design_1_i/BiLSTM_Top_0/inst/grp_lstm_infer_fu_267/h_b_0_V_U/lstm_infer_h_f_0_V_ram_U/ram_reg_0_15_11_11/SP/CLK
High Pulse Width  Fast    RAMS32/CLK   n/a            1.130         10.000      8.870      SLICE_X100Y57  design_1_i/BiLSTM_Top_0/inst/grp_lstm_infer_fu_267/h_b_0_V_U/lstm_infer_h_f_0_V_ram_U/ram_reg_0_15_11_11/SP/CLK
High Pulse Width  Slow    RAMS32/CLK   n/a            1.130         10.000      8.870      SLICE_X100Y57  design_1_i/BiLSTM_Top_0/inst/grp_lstm_infer_fu_267/h_b_0_V_U/lstm_infer_h_f_0_V_ram_U/ram_reg_0_15_12_12/SP/CLK
High Pulse Width  Fast    RAMS32/CLK   n/a            1.130         10.000      8.870      SLICE_X100Y57  design_1_i/BiLSTM_Top_0/inst/grp_lstm_infer_fu_267/h_b_0_V_U/lstm_infer_h_f_0_V_ram_U/ram_reg_0_15_12_12/SP/CLK
High Pulse Width  Fast    RAMS32/CLK   n/a            1.130         10.000      8.870      SLICE_X100Y59  design_1_i/BiLSTM_Top_0/inst/grp_lstm_infer_fu_267/h_b_0_V_U/lstm_infer_h_f_0_V_ram_U/ram_reg_0_15_13_13/SP/CLK
High Pulse Width  Fast    RAMS32/CLK   n/a            1.130         10.000      8.870      SLICE_X100Y59  design_1_i/BiLSTM_Top_0/inst/grp_lstm_infer_fu_267/h_b_0_V_U/lstm_infer_h_f_0_V_ram_U/ram_reg_0_15_14_14/SP/CLK



