

================================================================
== Vivado HLS Report for 'sigmoid'
================================================================
* Date:           Sun Apr 27 23:37:14 2025

* Version:        2018.3 (Build 2405991 on Thu Dec 06 23:56:15 MST 2018)
* Project:        lstm_hls_fixed8
* Solution:       solution1
* Product family: zynq
* Target device:  xc7z020clg400-2


================================================================
== Performance Estimates
================================================================
+ Timing (ns): 
    * Summary: 
    +--------+-------+----------+------------+
    |  Clock | Target| Estimated| Uncertainty|
    +--------+-------+----------+------------+
    |ap_clk  |  10.00|     8.719|        1.25|
    +--------+-------+----------+------------+

+ Latency (clock cycles): 
    * Summary: 
    +-----+-----+-----+-----+---------+
    |  Latency  |  Interval | Pipeline|
    | min | max | min | max |   Type  |
    +-----+-----+-----+-----+---------+
    |  159|  159|  159|  159|   none  |
    +-----+-----+-----+-----+---------+

    + Detail: 
        * Instance: 
        N/A

        * Loop: 
        +----------+-----+-----+----------+-----------+-----------+------+----------+
        |          |  Latency  | Iteration|  Initiation Interval  | Trip |          |
        | Loop Name| min | max |  Latency |  achieved |   target  | Count| Pipelined|
        +----------+-----+-----+----------+-----------+-----------+------+----------+
        |- Loop 1  |  157|  157|        31|          1|          1|   128|    yes   |
        +----------+-----+-----+----------+-----------+-----------+------+----------+



================================================================
== Utilization Estimates
================================================================
* Summary: 
+-----------------+---------+-------+--------+-------+
|       Name      | BRAM_18K| DSP48E|   FF   |  LUT  |
+-----------------+---------+-------+--------+-------+
|DSP              |        -|      -|       -|      -|
|Expression       |        -|      -|      40|   1182|
|FIFO             |        -|      -|       -|      -|
|Instance         |        -|      9|    1214|   2444|
|Memory           |        -|      -|       -|      -|
|Multiplexer      |        -|      -|       -|     12|
|Register         |        0|      -|     570|     64|
+-----------------+---------+-------+--------+-------+
|Total            |        0|      9|    1824|   3702|
+-----------------+---------+-------+--------+-------+
|Available        |      280|    220|  106400|  53200|
+-----------------+---------+-------+--------+-------+
|Utilization (%)  |        0|      4|       1|      6|
+-----------------+---------+-------+--------+-------+

+ Detail: 
    * Instance: 
    +---------------------------+----------------------+---------+-------+-----+-----+
    |          Instance         |        Module        | BRAM_18K| DSP48E|  FF | LUT |
    +---------------------------+----------------------+---------+-------+-----+-----+
    |LSTM_Top_fadd_32ncud_U161  |LSTM_Top_fadd_32ncud  |        0|      2|  227|  404|
    |LSTM_Top_fdiv_32ndEe_U162  |LSTM_Top_fdiv_32ndEe  |        0|      0|  563|  991|
    |LSTM_Top_fexp_32nfYi_U164  |LSTM_Top_fexp_32nfYi  |        0|      7|  324|  906|
    |LSTM_Top_fpext_32eOg_U163  |LSTM_Top_fpext_32eOg  |        0|      0|  100|  143|
    +---------------------------+----------------------+---------+-------+-----+-----+
    |Total                      |                      |        0|      9| 1214| 2444|
    +---------------------------+----------------------+---------+-------+-----+-----+

    * DSP48: 
    N/A

    * Memory: 
    N/A

    * FIFO: 
    N/A

    * Expression: 
    +------------------------------+----------+-------+----+-----+------------+------------+
    |         Variable Name        | Operation| DSP48E| FF | LUT | Bitwidth P0| Bitwidth P1|
    +------------------------------+----------+-------+----+-----+------------+------------+
    |i_2_fu_172_p2                 |     +    |      0|   0|    8|           8|           1|
    |lsb_index_fu_250_p2           |     +    |      0|   0|   32|           6|          32|
    |m_1_fu_394_p2                 |     +    |      0|   0|   32|          32|          32|
    |p_Repl2_13_trunc_fu_434_p2    |     +    |      0|   0|    8|           8|           8|
    |tmp_59_fu_323_p2              |     +    |      0|   0|   16|           6|          16|
    |tmp_64_fu_362_p2              |     +    |      0|   0|   32|           6|          32|
    |tmp_75_fu_551_p2              |     +    |      0|   0|   12|           5|          12|
    |F2_fu_516_p2                  |     -    |      0|   0|   12|          11|          12|
    |man_V_3_fu_533_p2             |     -    |      0|   0|   54|           1|          54|
    |tmp_57_fu_241_p2              |     -    |      0|   0|   32|           5|          32|
    |tmp_66_fu_368_p2              |     -    |      0|   0|   32|           5|          32|
    |tmp_68_fu_429_p2              |     -    |      0|   0|    8|           3|           8|
    |tmp_76_fu_556_p2              |     -    |      0|   0|   12|           4|          12|
    |tmp_99_fu_276_p2              |     -    |      0|   0|    7|           4|           5|
    |tmp_V_fu_197_p2               |     -    |      0|   0|   16|           1|          16|
    |a_fu_303_p2                   |    and   |      0|   0|    1|           1|           1|
    |p_Result_28_fu_292_p2         |    and   |      0|   0|   16|          16|          16|
    |sel_tmp2_fu_656_p2            |    and   |      0|   0|    1|           1|           1|
    |sel_tmp5_fu_709_p2            |    and   |      0|   0|    1|           1|           1|
    |sel_tmp7_fu_673_p2            |    and   |      0|   0|    1|           1|           1|
    |sel_tmp9_fu_685_p2            |    and   |      0|   0|    1|           1|           1|
    |sel_tmp_fu_691_p2             |    and   |      0|   0|    1|           1|           1|
    |tmp_60_fu_336_p2              |    and   |      0|   0|    1|           1|           1|
    |tmp_80_fu_608_p2              |   ashr   |      0|   0|  162|          54|          54|
    |l_fu_229_p3                   |   cttz   |      0|  40|   36|          32|           0|
    |exitcond_fu_166_p2            |   icmp   |      0|   0|    5|           8|           9|
    |icmp3_fu_598_p2               |   icmp   |      0|   0|    4|           8|           1|
    |icmp_fu_266_p2                |   icmp   |      0|   0|   12|          31|           1|
    |tmp_58_fu_297_p2              |   icmp   |      0|   0|    7|          16|           1|
    |tmp_63_fu_356_p2              |   icmp   |      0|   0|   12|          32|           1|
    |tmp_73_fu_510_p2              |   icmp   |      0|   0|   23|          63|           1|
    |tmp_74_fu_546_p2              |   icmp   |      0|   0|    5|          12|           4|
    |tmp_77_fu_573_p2              |   icmp   |      0|   0|    5|          12|           4|
    |tmp_78_fu_582_p2              |   icmp   |      0|   0|    5|          12|           6|
    |tmp_s_fu_183_p2               |   icmp   |      0|   0|    7|          16|           1|
    |tmp_104_fu_286_p2             |   lshr   |      0|   0|   35|           2|          16|
    |tmp_65_fu_377_p2              |   lshr   |      0|   0|   85|          32|          32|
    |or_cond5_fu_737_p2            |    or    |      0|   0|    1|           1|           1|
    |or_cond6_fu_751_p2            |    or    |      0|   0|    1|           1|           1|
    |or_cond_fu_723_p2             |    or    |      0|   0|    1|           1|           1|
    |sel_tmp21_demorgan_fu_697_p2  |    or    |      0|   0|    1|           1|           1|
    |sel_tmp6_demorgan_fu_662_p2   |    or    |      0|   0|    1|           1|           1|
    |tmp_61_fu_342_p2              |    or    |      0|   0|    1|           1|           1|
    |m_9_fu_387_p3                 |  select  |      0|   0|   32|           1|          32|
    |man_V_4_fu_539_p3             |  select  |      0|   0|   54|           1|          54|
    |newSel7_fu_729_p3             |  select  |      0|   0|   16|           1|          16|
    |newSel8_fu_743_p3             |  select  |      0|   0|   16|           1|          16|
    |newSel9_fu_757_p3             |  select  |      0|   0|   16|           1|          16|
    |newSel_fu_715_p3              |  select  |      0|   0|   16|           1|          16|
    |sh_amt_fu_561_p3              |  select  |      0|   0|   12|           1|          12|
    |tmp_165_cast_cast_fu_421_p3   |  select  |      0|   0|    7|           1|           7|
    |tmp_81_fu_629_p3              |  select  |      0|   0|    2|           1|           2|
    |tmp_V_12_fu_203_p3            |  select  |      0|   0|   16|           1|          16|
    |x_assign_fu_469_p3            |  select  |      0|   0|   33|           1|          33|
    |tmp_67_fu_382_p2              |    shl   |      0|   0|   85|          32|          32|
    |tmp_83_fu_641_p2              |    shl   |      0|   0|   85|          32|          32|
    |ap_enable_pp0                 |    xor   |      0|   0|    2|           1|           2|
    |ap_enable_reg_pp0_iter1       |    xor   |      0|   0|    2|           2|           1|
    |p_Result_71_op_fu_459_p2      |    xor   |      0|   0|   33|          32|          33|
    |rev_fu_317_p2                 |    xor   |      0|   0|    2|           1|           2|
    |sel_tmp1_fu_651_p2            |    xor   |      0|   0|    2|           1|           2|
    |sel_tmp4_fu_703_p2            |    xor   |      0|   0|    2|           1|           2|
    |sel_tmp6_fu_667_p2            |    xor   |      0|   0|    2|           1|           2|
    |sel_tmp8_fu_679_p2            |    xor   |      0|   0|    2|           1|           2|
    +------------------------------+----------+-------+----+-----+------------+------------+
    |Total                         |          |      0|  40| 1182|         579|         794|
    +------------------------------+----------+-------+----+-----+------------+------------+

    * Multiplexer: 
    +--------------------------+----+-----------+-----+-----------+
    |           Name           | LUT| Input Size| Bits| Total Bits|
    +--------------------------+----+-----------+-----+-----------+
    |ap_NS_fsm                 |   3|          4|    1|          4|
    |ap_enable_reg_pp0_iter1   |   3|          2|    1|          2|
    |ap_enable_reg_pp0_iter30  |   3|          2|    1|          2|
    |i_reg_137                 |   3|          2|    8|         16|
    +--------------------------+----+-----------+-----+-----------+
    |Total                     |  12|         10|   11|         24|
    +--------------------------+----+-----------+-----+-----------+

    * Register: 
    +-----------------------------------+----+----+-----+-----------+
    |                Name               | FF | LUT| Bits| Const Bits|
    +-----------------------------------+----+----+-----+-----------+
    |F2_reg_864                         |  12|   0|   12|          0|
    |ap_CS_fsm                          |   3|   0|    3|          0|
    |ap_enable_reg_pp0_iter0            |   1|   0|    1|          0|
    |ap_enable_reg_pp0_iter1            |   1|   0|    1|          0|
    |ap_enable_reg_pp0_iter10           |   1|   0|    1|          0|
    |ap_enable_reg_pp0_iter11           |   1|   0|    1|          0|
    |ap_enable_reg_pp0_iter12           |   1|   0|    1|          0|
    |ap_enable_reg_pp0_iter13           |   1|   0|    1|          0|
    |ap_enable_reg_pp0_iter14           |   1|   0|    1|          0|
    |ap_enable_reg_pp0_iter15           |   1|   0|    1|          0|
    |ap_enable_reg_pp0_iter16           |   1|   0|    1|          0|
    |ap_enable_reg_pp0_iter17           |   1|   0|    1|          0|
    |ap_enable_reg_pp0_iter18           |   1|   0|    1|          0|
    |ap_enable_reg_pp0_iter19           |   1|   0|    1|          0|
    |ap_enable_reg_pp0_iter2            |   1|   0|    1|          0|
    |ap_enable_reg_pp0_iter20           |   1|   0|    1|          0|
    |ap_enable_reg_pp0_iter21           |   1|   0|    1|          0|
    |ap_enable_reg_pp0_iter22           |   1|   0|    1|          0|
    |ap_enable_reg_pp0_iter23           |   1|   0|    1|          0|
    |ap_enable_reg_pp0_iter24           |   1|   0|    1|          0|
    |ap_enable_reg_pp0_iter25           |   1|   0|    1|          0|
    |ap_enable_reg_pp0_iter26           |   1|   0|    1|          0|
    |ap_enable_reg_pp0_iter27           |   1|   0|    1|          0|
    |ap_enable_reg_pp0_iter28           |   1|   0|    1|          0|
    |ap_enable_reg_pp0_iter29           |   1|   0|    1|          0|
    |ap_enable_reg_pp0_iter3            |   1|   0|    1|          0|
    |ap_enable_reg_pp0_iter30           |   1|   0|    1|          0|
    |ap_enable_reg_pp0_iter4            |   1|   0|    1|          0|
    |ap_enable_reg_pp0_iter5            |   1|   0|    1|          0|
    |ap_enable_reg_pp0_iter6            |   1|   0|    1|          0|
    |ap_enable_reg_pp0_iter7            |   1|   0|    1|          0|
    |ap_enable_reg_pp0_iter8            |   1|   0|    1|          0|
    |ap_enable_reg_pp0_iter9            |   1|   0|    1|          0|
    |exitcond_reg_765                   |   1|   0|    1|          0|
    |i_reg_137                          |   8|   0|    8|          0|
    |l_reg_797                          |  32|   0|   32|          0|
    |newSel9_reg_872                    |  16|   0|   16|          0|
    |p_Result_33_reg_785                |   1|   0|    1|          0|
    |p_Result_33_reg_785_pp0_iter2_reg  |   1|   0|    1|          0|
    |p_Result_36_reg_848                |   1|   0|    1|          0|
    |tmp_108_reg_802                    |   8|   0|    8|          0|
    |tmp_108_reg_802_pp0_iter2_reg      |   8|   0|    8|          0|
    |tmp_111_reg_853                    |  52|   0|   52|          0|
    |tmp_62_reg_807                     |   1|   0|   32|         31|
    |tmp_63_reg_812                     |   1|   0|    1|          0|
    |tmp_64_reg_817                     |  32|   0|   32|          0|
    |tmp_66_reg_822                     |  32|   0|   32|          0|
    |tmp_70_reg_837                     |  32|   0|   32|          0|
    |tmp_73_reg_858                     |   1|   0|    1|          0|
    |tmp_V_12_reg_790                   |  16|   0|   16|          0|
    |tmp_V_12_reg_790_pp0_iter2_reg     |  16|   0|   16|          0|
    |tmp_i_i_reg_832                    |  32|   0|   32|          0|
    |tmp_s_reg_780                      |   1|   0|    1|          0|
    |tmp_s_reg_780_pp0_iter2_reg        |   1|   0|    1|          0|
    |v_assign_reg_842                   |  32|   0|   32|          0|
    |v_assign_reg_842_pp0_iter28_reg    |  32|   0|   32|          0|
    |x_V_addr_reg_774                   |   7|   0|    7|          0|
    |x_assign_reg_827                   |  32|   0|   32|          0|
    |exitcond_reg_765                   |  64|  32|    1|          0|
    |x_V_addr_reg_774                   |  64|  32|    7|          0|
    +-----------------------------------+----+----+-----+-----------+
    |Total                              | 570|  64|  481|         31|
    +-----------------------------------+----+----+-----+-----------+



================================================================
== Interface
================================================================
* Summary: 
+----------------+-----+-----+------------+--------------+--------------+
|    RTL Ports   | Dir | Bits|  Protocol  | Source Object|    C Type    |
+----------------+-----+-----+------------+--------------+--------------+
|ap_clk          |  in |    1| ap_ctrl_hs |    sigmoid   | return value |
|ap_rst          |  in |    1| ap_ctrl_hs |    sigmoid   | return value |
|ap_start        |  in |    1| ap_ctrl_hs |    sigmoid   | return value |
|ap_done         | out |    1| ap_ctrl_hs |    sigmoid   | return value |
|ap_idle         | out |    1| ap_ctrl_hs |    sigmoid   | return value |
|ap_ready        | out |    1| ap_ctrl_hs |    sigmoid   | return value |
|res_V_address0  | out |    7|  ap_memory |     res_V    |     array    |
|res_V_ce0       | out |    1|  ap_memory |     res_V    |     array    |
|res_V_q0        |  in |   16|  ap_memory |     res_V    |     array    |
|res_V_address1  | out |    7|  ap_memory |     res_V    |     array    |
|res_V_ce1       | out |    1|  ap_memory |     res_V    |     array    |
|res_V_we1       | out |    1|  ap_memory |     res_V    |     array    |
|res_V_d1        | out |   16|  ap_memory |     res_V    |     array    |
+----------------+-----+-----+------------+--------------+--------------+

============================================================
+ Verbose Summary: Synthesis Manager
============================================================
InlineROM: 1
ExposeGlobal: 0
============================================================
+ Verbose Summary: CDFG Model
============================================================
IsTopModel: 0
ResetActiveHigh: 1
IsCombinational: 2
IsDatapathOnly: 2
HasWiredReturn: 1
HasMFsm: 0
HasVarLatency: 1
IsPipeline: 0
IsRtlPipelined: 0
IsInstanceOverlapped: 0
IsDontTouch: 0
HasImplIP: 0
IsGatedGlobalClock: 0

+ Individual pipeline summary: 
  * Pipeline-0: initiation interval (II) = 1, depth = 31


============================================================
+ Verbose Summary: Schedule
============================================================
* Number of FSM states : 33
* Pipeline : 1
  Pipeline-0 : II = 1, D = 31, States = { 2 3 4 5 6 7 8 9 10 11 12 13 14 15 16 17 18 19 20 21 22 23 24 25 26 27 28 29 30 31 32 }
* Dataflow Pipeline: 0

* FSM state transitions: 
1 --> 
	2  / true
2 --> 
	33  / (exitcond)
	3  / (!exitcond)
3 --> 
	4  / true
4 --> 
	5  / true
5 --> 
	6  / true
6 --> 
	7  / true
7 --> 
	8  / true
8 --> 
	9  / true
9 --> 
	10  / true
10 --> 
	11  / true
11 --> 
	12  / true
12 --> 
	13  / true
13 --> 
	14  / true
14 --> 
	15  / true
15 --> 
	16  / true
16 --> 
	17  / true
17 --> 
	18  / true
18 --> 
	19  / true
19 --> 
	20  / true
20 --> 
	21  / true
21 --> 
	22  / true
22 --> 
	23  / true
23 --> 
	24  / true
24 --> 
	25  / true
25 --> 
	26  / true
26 --> 
	27  / true
27 --> 
	28  / true
28 --> 
	29  / true
29 --> 
	30  / true
30 --> 
	31  / true
31 --> 
	32  / true
32 --> 
	2  / true
33 --> 

* FSM state operations: 

State 1 <SV = 0> <Delay = 0.46>
ST_1 : Operation 34 [1/1] (0.46ns)   --->   "br label %1" [lstm_hls_fixed8/src/rnn.cpp:73]   --->   Operation 34 'br' <Predicate = true> <Delay = 0.46>

State 2 <SV = 1> <Delay = 2.77>
ST_2 : Operation 35 [1/1] (0.00ns)   --->   "%i = phi i8 [ 0, %0 ], [ %i_2, %_ifconv ]"   --->   Operation 35 'phi' 'i' <Predicate = true> <Delay = 0.00>
ST_2 : Operation 36 [1/1] (1.31ns)   --->   "%exitcond = icmp eq i8 %i, -128" [lstm_hls_fixed8/src/rnn.cpp:73]   --->   Operation 36 'icmp' 'exitcond' <Predicate = true> <Delay = 1.31> <Core = "Cmp">   --->   Core 25 'Cmp' <Latency = 0> <II = 1> <Delay = 2.13> <FuncUnit> <Opcode : 'icmp'> <InPorts = 2> <OutPorts = 1>
ST_2 : Operation 37 [1/1] (0.00ns)   --->   "%empty = call i32 (...)* @_ssdm_op_SpecLoopTripCount(i64 128, i64 128, i64 128)"   --->   Operation 37 'speclooptripcount' 'empty' <Predicate = true> <Delay = 0.00>
ST_2 : Operation 38 [1/1] (1.30ns)   --->   "%i_2 = add i8 %i, 1" [lstm_hls_fixed8/src/rnn.cpp:73]   --->   Operation 38 'add' 'i_2' <Predicate = true> <Delay = 1.30> <Core = "AddSub">   --->   Core 14 'AddSub' <Latency = 0> <II = 1> <Delay = 1.54> <FuncUnit> <Opcode : 'add' 'sub'> <InPorts = 2> <OutPorts = 1>
ST_2 : Operation 39 [1/1] (0.00ns)   --->   "br i1 %exitcond, label %2, label %_ifconv" [lstm_hls_fixed8/src/rnn.cpp:73]   --->   Operation 39 'br' <Predicate = true> <Delay = 0.00>
ST_2 : Operation 40 [1/1] (0.00ns)   --->   "%tmp = zext i8 %i to i64" [lstm_hls_fixed8/src/rnn.cpp:75]   --->   Operation 40 'zext' 'tmp' <Predicate = (!exitcond)> <Delay = 0.00>
ST_2 : Operation 41 [1/1] (0.00ns)   --->   "%x_V_addr = getelementptr [128 x i16]* %res_V, i64 0, i64 %tmp" [lstm_hls_fixed8/src/rnn.cpp:75]   --->   Operation 41 'getelementptr' 'x_V_addr' <Predicate = (!exitcond)> <Delay = 0.00>
ST_2 : Operation 42 [2/2] (2.77ns)   --->   "%tmp_V_11 = load i16* %x_V_addr, align 2" [lstm_hls_fixed8/src/rnn.cpp:75]   --->   Operation 42 'load' 'tmp_V_11' <Predicate = (!exitcond)> <Delay = 2.77> <Core = "RAM">   --->   Core 37 'RAM' <Latency = 1> <II = 1> <Delay = 2.77> <Storage> <Opcode : 'load' 'store'> <Ports = 2> <Width = 8> <Depth = 19968> <RAM>

State 3 <SV = 2> <Delay = 7.74>
ST_3 : Operation 43 [1/2] (2.77ns)   --->   "%tmp_V_11 = load i16* %x_V_addr, align 2" [lstm_hls_fixed8/src/rnn.cpp:75]   --->   Operation 43 'load' 'tmp_V_11' <Predicate = (!exitcond)> <Delay = 2.77> <Core = "RAM">   --->   Core 37 'RAM' <Latency = 1> <II = 1> <Delay = 2.77> <Storage> <Opcode : 'load' 'store'> <Ports = 2> <Width = 8> <Depth = 19968> <RAM>
ST_3 : Operation 44 [1/1] (2.13ns)   --->   "%tmp_s = icmp eq i16 %tmp_V_11, 0" [lstm_hls_fixed8/src/rnn.cpp:75]   --->   Operation 44 'icmp' 'tmp_s' <Predicate = (!exitcond)> <Delay = 2.13> <Core = "Cmp">   --->   Core 25 'Cmp' <Latency = 0> <II = 1> <Delay = 2.13> <FuncUnit> <Opcode : 'icmp'> <InPorts = 2> <OutPorts = 1>
ST_3 : Operation 45 [1/1] (0.00ns)   --->   "%p_Result_33 = call i1 @_ssdm_op_BitSelect.i1.i16.i32(i16 %tmp_V_11, i32 15)" [lstm_hls_fixed8/src/rnn.cpp:75]   --->   Operation 45 'bitselect' 'p_Result_33' <Predicate = (!exitcond)> <Delay = 0.00>
ST_3 : Operation 46 [1/1] (1.54ns)   --->   "%tmp_V = sub i16 0, %tmp_V_11" [lstm_hls_fixed8/src/rnn.cpp:75]   --->   Operation 46 'sub' 'tmp_V' <Predicate = (!exitcond)> <Delay = 1.54> <Core = "AddSub">   --->   Core 14 'AddSub' <Latency = 0> <II = 1> <Delay = 1.54> <FuncUnit> <Opcode : 'add' 'sub'> <InPorts = 2> <OutPorts = 1>
ST_3 : Operation 47 [1/1] (0.62ns)   --->   "%tmp_V_12 = select i1 %p_Result_33, i16 %tmp_V, i16 %tmp_V_11" [lstm_hls_fixed8/src/rnn.cpp:75]   --->   Operation 47 'select' 'tmp_V_12' <Predicate = (!exitcond)> <Delay = 0.62> <Core = "Sel">   --->   Core 26 'Sel' <Latency = 0> <II = 1> <Delay = 0.77> <FuncUnit> <Opcode : 'select'> <InPorts = 3> <OutPorts = 1>
ST_3 : Operation 48 [1/1] (0.00ns)   --->   "%p_Result_s = call i16 @llvm.part.select.i16(i16 %tmp_V_12, i32 15, i32 0) nounwind" [lstm_hls_fixed8/src/rnn.cpp:75]   --->   Operation 48 'partselect' 'p_Result_s' <Predicate = (!exitcond)> <Delay = 0.00>
ST_3 : Operation 49 [1/1] (0.00ns)   --->   "%p_Result_34 = call i32 @_ssdm_op_BitConcatenate.i32.i16.i16(i16 -1, i16 %p_Result_s)" [lstm_hls_fixed8/src/rnn.cpp:75]   --->   Operation 49 'bitconcatenate' 'p_Result_34' <Predicate = (!exitcond)> <Delay = 0.00>
ST_3 : Operation 50 [1/1] (2.79ns)   --->   "%l = call i32 @llvm.cttz.i32(i32 %p_Result_34, i1 true) nounwind" [lstm_hls_fixed8/src/rnn.cpp:75]   --->   Operation 50 'cttz' 'l' <Predicate = (!exitcond)> <Delay = 2.79> <Core = "CTTZ">   --->   Core 64 'CTTZ' <Latency = 0> <II = 1> <Delay = 2.79> <FuncUnit> <Opcode : 'cttz'> <InPorts = 1> <OutPorts = 1>
ST_3 : Operation 51 [1/1] (0.00ns)   --->   "%tmp_108 = trunc i32 %l to i8" [lstm_hls_fixed8/src/rnn.cpp:75]   --->   Operation 51 'trunc' 'tmp_108' <Predicate = (!exitcond)> <Delay = 0.00>

State 4 <SV = 3> <Delay = 6.55>
ST_4 : Operation 52 [1/1] (1.89ns)   --->   "%tmp_57 = sub nsw i32 16, %l" [lstm_hls_fixed8/src/rnn.cpp:75]   --->   Operation 52 'sub' 'tmp_57' <Predicate = (!exitcond & !tmp_s)> <Delay = 1.89> <Core = "AddSub">   --->   Core 14 'AddSub' <Latency = 0> <II = 1> <Delay = 1.54> <FuncUnit> <Opcode : 'add' 'sub'> <InPorts = 2> <OutPorts = 1>
ST_4 : Operation 53 [1/1] (0.00ns)   --->   "%tmp_93 = trunc i32 %tmp_57 to i16" [lstm_hls_fixed8/src/rnn.cpp:75]   --->   Operation 53 'trunc' 'tmp_93' <Predicate = (!exitcond & !tmp_s)> <Delay = 0.00>
ST_4 : Operation 54 [1/1] (1.89ns)   --->   "%lsb_index = add nsw i32 -24, %tmp_57" [lstm_hls_fixed8/src/rnn.cpp:75]   --->   Operation 54 'add' 'lsb_index' <Predicate = (!exitcond & !tmp_s)> <Delay = 1.89> <Core = "AddSub">   --->   Core 14 'AddSub' <Latency = 0> <II = 1> <Delay = 1.54> <FuncUnit> <Opcode : 'add' 'sub'> <InPorts = 2> <OutPorts = 1>
ST_4 : Operation 55 [1/1] (0.00ns)   --->   "%tmp_95 = call i31 @_ssdm_op_PartSelect.i31.i32.i32.i32(i32 %lsb_index, i32 1, i32 31)" [lstm_hls_fixed8/src/rnn.cpp:75]   --->   Operation 55 'partselect' 'tmp_95' <Predicate = (!exitcond & !tmp_s)> <Delay = 0.00>
ST_4 : Operation 56 [1/1] (1.96ns)   --->   "%icmp = icmp sgt i31 %tmp_95, 0" [lstm_hls_fixed8/src/rnn.cpp:75]   --->   Operation 56 'icmp' 'icmp' <Predicate = (!exitcond & !tmp_s)> <Delay = 1.96> <Core = "Cmp">   --->   Core 25 'Cmp' <Latency = 0> <II = 1> <Delay = 2.13> <FuncUnit> <Opcode : 'icmp'> <InPorts = 2> <OutPorts = 1>
ST_4 : Operation 57 [1/1] (0.00ns)   --->   "%tmp_98 = trunc i32 %tmp_57 to i5" [lstm_hls_fixed8/src/rnn.cpp:75]   --->   Operation 57 'trunc' 'tmp_98' <Predicate = (!exitcond & !tmp_s)> <Delay = 0.00>
ST_4 : Operation 58 [1/1] (1.02ns)   --->   "%tmp_99 = sub i5 9, %tmp_98" [lstm_hls_fixed8/src/rnn.cpp:75]   --->   Operation 58 'sub' 'tmp_99' <Predicate = (!exitcond & !tmp_s)> <Delay = 1.02> <Core = "AddSub">   --->   Core 14 'AddSub' <Latency = 0> <II = 1> <Delay = 1.54> <FuncUnit> <Opcode : 'add' 'sub'> <InPorts = 2> <OutPorts = 1>
ST_4 : Operation 59 [1/1] (0.00ns) (grouped into LUT with out node tmp_58)   --->   "%tmp_103 = zext i5 %tmp_99 to i16" [lstm_hls_fixed8/src/rnn.cpp:75]   --->   Operation 59 'zext' 'tmp_103' <Predicate = (!exitcond & !tmp_s)> <Delay = 0.00>
ST_4 : Operation 60 [1/1] (0.00ns) (grouped into LUT with out node tmp_58)   --->   "%tmp_104 = lshr i16 -1, %tmp_103" [lstm_hls_fixed8/src/rnn.cpp:75]   --->   Operation 60 'lshr' 'tmp_104' <Predicate = (!exitcond & !tmp_s)> <Delay = 0.00> <Core = "Shift">   --->   Core 28 'Shift' <Latency = 0> <II = 1> <Delay = 2.93> <FuncUnit> <Opcode : 'shl' 'lshr' 'ashr'> <InPorts = 2> <OutPorts = 1>
ST_4 : Operation 61 [1/1] (0.00ns) (grouped into LUT with out node tmp_58)   --->   "%p_Result_28 = and i16 %tmp_V_12, %tmp_104" [lstm_hls_fixed8/src/rnn.cpp:75]   --->   Operation 61 'and' 'p_Result_28' <Predicate = (!exitcond & !tmp_s)> <Delay = 0.00> <Core = "LogicGate">   --->   Core 27 'LogicGate' <Latency = 0> <II = 1> <Delay = 0.80> <FuncUnit> <Opcode : 'and' 'or' 'xor'> <InPorts = 2> <OutPorts = 1>
ST_4 : Operation 62 [1/1] (2.18ns) (out node of the LUT)   --->   "%tmp_58 = icmp ne i16 %p_Result_28, 0" [lstm_hls_fixed8/src/rnn.cpp:75]   --->   Operation 62 'icmp' 'tmp_58' <Predicate = (!exitcond & !tmp_s)> <Delay = 2.18> <Core = "Cmp">   --->   Core 25 'Cmp' <Latency = 0> <II = 1> <Delay = 2.13> <FuncUnit> <Opcode : 'icmp'> <InPorts = 2> <OutPorts = 1>
ST_4 : Operation 63 [1/1] (0.00ns) (grouped into LUT with out node tmp_62)   --->   "%a = and i1 %icmp, %tmp_58" [lstm_hls_fixed8/src/rnn.cpp:75]   --->   Operation 63 'and' 'a' <Predicate = (!exitcond & !tmp_s)> <Delay = 0.00> <Core = "LogicGate">   --->   Core 27 'LogicGate' <Latency = 0> <II = 1> <Delay = 0.80> <FuncUnit> <Opcode : 'and' 'or' 'xor'> <InPorts = 2> <OutPorts = 1>
ST_4 : Operation 64 [1/1] (0.00ns) (grouped into LUT with out node tmp_62)   --->   "%tmp_106 = call i1 @_ssdm_op_BitSelect.i1.i32.i32(i32 %lsb_index, i32 31)" [lstm_hls_fixed8/src/rnn.cpp:75]   --->   Operation 64 'bitselect' 'tmp_106' <Predicate = (!exitcond & !tmp_s)> <Delay = 0.00>
ST_4 : Operation 65 [1/1] (0.00ns) (grouped into LUT with out node tmp_62)   --->   "%rev = xor i1 %tmp_106, true" [lstm_hls_fixed8/src/rnn.cpp:75]   --->   Operation 65 'xor' 'rev' <Predicate = (!exitcond & !tmp_s)> <Delay = 0.00> <Core = "LogicGate">   --->   Core 27 'LogicGate' <Latency = 0> <II = 1> <Delay = 0.80> <FuncUnit> <Opcode : 'and' 'or' 'xor'> <InPorts = 2> <OutPorts = 1>
ST_4 : Operation 66 [1/1] (1.54ns)   --->   "%tmp_59 = add i16 -24, %tmp_93" [lstm_hls_fixed8/src/rnn.cpp:75]   --->   Operation 66 'add' 'tmp_59' <Predicate = (!exitcond & !tmp_s)> <Delay = 1.54> <Core = "AddSub">   --->   Core 14 'AddSub' <Latency = 0> <II = 1> <Delay = 1.54> <FuncUnit> <Opcode : 'add' 'sub'> <InPorts = 2> <OutPorts = 1>
ST_4 : Operation 67 [1/1] (0.00ns) (grouped into LUT with out node tmp_62)   --->   "%p_Result_29 = call i1 @_ssdm_op_BitSelect.i1.i16.i16(i16 %tmp_V_12, i16 %tmp_59)" [lstm_hls_fixed8/src/rnn.cpp:75]   --->   Operation 67 'bitselect' 'p_Result_29' <Predicate = (!exitcond & !tmp_s)> <Delay = 0.00>
ST_4 : Operation 68 [1/1] (0.00ns) (grouped into LUT with out node tmp_62)   --->   "%tmp_60 = and i1 %p_Result_29, %rev" [lstm_hls_fixed8/src/rnn.cpp:75]   --->   Operation 68 'and' 'tmp_60' <Predicate = (!exitcond & !tmp_s)> <Delay = 0.00> <Core = "LogicGate">   --->   Core 27 'LogicGate' <Latency = 0> <II = 1> <Delay = 0.80> <FuncUnit> <Opcode : 'and' 'or' 'xor'> <InPorts = 2> <OutPorts = 1>
ST_4 : Operation 69 [1/1] (0.00ns) (grouped into LUT with out node tmp_62)   --->   "%tmp_61 = or i1 %tmp_60, %a" [lstm_hls_fixed8/src/rnn.cpp:75]   --->   Operation 69 'or' 'tmp_61' <Predicate = (!exitcond & !tmp_s)> <Delay = 0.00> <Core = "LogicGate">   --->   Core 27 'LogicGate' <Latency = 0> <II = 1> <Delay = 0.80> <FuncUnit> <Opcode : 'and' 'or' 'xor'> <InPorts = 2> <OutPorts = 1>
ST_4 : Operation 70 [1/1] (0.80ns) (out node of the LUT)   --->   "%tmp_62 = call i32 @_ssdm_op_BitConcatenate.i32.i31.i1(i31 0, i1 %tmp_61)" [lstm_hls_fixed8/src/rnn.cpp:75]   --->   Operation 70 'bitconcatenate' 'tmp_62' <Predicate = (!exitcond & !tmp_s)> <Delay = 0.80>
ST_4 : Operation 71 [1/1] (1.96ns)   --->   "%tmp_63 = icmp sgt i32 %lsb_index, 0" [lstm_hls_fixed8/src/rnn.cpp:75]   --->   Operation 71 'icmp' 'tmp_63' <Predicate = (!exitcond & !tmp_s)> <Delay = 1.96> <Core = "Cmp">   --->   Core 25 'Cmp' <Latency = 0> <II = 1> <Delay = 2.13> <FuncUnit> <Opcode : 'icmp'> <InPorts = 2> <OutPorts = 1>
ST_4 : Operation 72 [1/1] (1.89ns)   --->   "%tmp_64 = add nsw i32 -25, %tmp_57" [lstm_hls_fixed8/src/rnn.cpp:75]   --->   Operation 72 'add' 'tmp_64' <Predicate = (!exitcond & !tmp_s)> <Delay = 1.89> <Core = "AddSub">   --->   Core 14 'AddSub' <Latency = 0> <II = 1> <Delay = 1.54> <FuncUnit> <Opcode : 'add' 'sub'> <InPorts = 2> <OutPorts = 1>
ST_4 : Operation 73 [1/1] (1.89ns)   --->   "%tmp_66 = sub i32 25, %tmp_57" [lstm_hls_fixed8/src/rnn.cpp:75]   --->   Operation 73 'sub' 'tmp_66' <Predicate = (!exitcond & !tmp_s)> <Delay = 1.89> <Core = "AddSub">   --->   Core 14 'AddSub' <Latency = 0> <II = 1> <Delay = 1.54> <FuncUnit> <Opcode : 'add' 'sub'> <InPorts = 2> <OutPorts = 1>

State 5 <SV = 4> <Delay = 7.15>
ST_5 : Operation 74 [1/1] (0.00ns)   --->   "%m = zext i16 %tmp_V_12 to i32" [lstm_hls_fixed8/src/rnn.cpp:75]   --->   Operation 74 'zext' 'm' <Predicate = (!exitcond & !tmp_s)> <Delay = 0.00>
ST_5 : Operation 75 [1/1] (0.00ns) (grouped into LUT with out node m_1)   --->   "%tmp_65 = lshr i32 %m, %tmp_64" [lstm_hls_fixed8/src/rnn.cpp:75]   --->   Operation 75 'lshr' 'tmp_65' <Predicate = (!exitcond & tmp_63 & !tmp_s)> <Delay = 0.00> <Core = "Shift">   --->   Core 28 'Shift' <Latency = 0> <II = 1> <Delay = 2.93> <FuncUnit> <Opcode : 'shl' 'lshr' 'ashr'> <InPorts = 2> <OutPorts = 1>
ST_5 : Operation 76 [1/1] (0.00ns) (grouped into LUT with out node m_1)   --->   "%tmp_67 = shl i32 %m, %tmp_66" [lstm_hls_fixed8/src/rnn.cpp:75]   --->   Operation 76 'shl' 'tmp_67' <Predicate = (!exitcond & !tmp_63 & !tmp_s)> <Delay = 0.00> <Core = "Shift">   --->   Core 28 'Shift' <Latency = 0> <II = 1> <Delay = 2.93> <FuncUnit> <Opcode : 'shl' 'lshr' 'ashr'> <InPorts = 2> <OutPorts = 1>
ST_5 : Operation 77 [1/1] (0.00ns) (grouped into LUT with out node m_1)   --->   "%m_9 = select i1 %tmp_63, i32 %tmp_65, i32 %tmp_67" [lstm_hls_fixed8/src/rnn.cpp:75]   --->   Operation 77 'select' 'm_9' <Predicate = (!exitcond & !tmp_s)> <Delay = 0.00> <Core = "Sel">   --->   Core 26 'Sel' <Latency = 0> <II = 1> <Delay = 0.77> <FuncUnit> <Opcode : 'select'> <InPorts = 3> <OutPorts = 1>
ST_5 : Operation 78 [1/1] (2.93ns) (out node of the LUT)   --->   "%m_1 = add i32 %tmp_62, %m_9" [lstm_hls_fixed8/src/rnn.cpp:75]   --->   Operation 78 'add' 'm_1' <Predicate = (!exitcond & !tmp_s)> <Delay = 2.93> <Core = "AddSub">   --->   Core 14 'AddSub' <Latency = 0> <II = 1> <Delay = 1.54> <FuncUnit> <Opcode : 'add' 'sub'> <InPorts = 2> <OutPorts = 1>
ST_5 : Operation 79 [1/1] (0.00ns) (grouped into LUT with out node x_assign)   --->   "%m_s = call i31 @_ssdm_op_PartSelect.i31.i32.i32.i32(i32 %m_1, i32 1, i32 31)" [lstm_hls_fixed8/src/rnn.cpp:75]   --->   Operation 79 'partselect' 'm_s' <Predicate = (!exitcond & !tmp_s)> <Delay = 0.00>
ST_5 : Operation 80 [1/1] (0.00ns) (grouped into LUT with out node x_assign)   --->   "%m_12 = zext i31 %m_s to i32" [lstm_hls_fixed8/src/rnn.cpp:75]   --->   Operation 80 'zext' 'm_12' <Predicate = (!exitcond & !tmp_s)> <Delay = 0.00>
ST_5 : Operation 81 [1/1] (0.00ns)   --->   "%tmp_107 = call i1 @_ssdm_op_BitSelect.i1.i32.i32(i32 %m_1, i32 25)" [lstm_hls_fixed8/src/rnn.cpp:75]   --->   Operation 81 'bitselect' 'tmp_107' <Predicate = (!exitcond & !tmp_s)> <Delay = 0.00>
ST_5 : Operation 82 [1/1] (0.44ns)   --->   "%tmp_165_cast_cast = select i1 %tmp_107, i8 127, i8 126" [lstm_hls_fixed8/src/rnn.cpp:75]   --->   Operation 82 'select' 'tmp_165_cast_cast' <Predicate = (!exitcond & !tmp_s)> <Delay = 0.44> <Core = "Sel">   --->   Core 26 'Sel' <Latency = 0> <II = 1> <Delay = 0.77> <FuncUnit> <Opcode : 'select'> <InPorts = 3> <OutPorts = 1>
ST_5 : Operation 83 [1/1] (0.00ns) (grouped into TernaryAdder)   --->   "%tmp_68 = sub i8 5, %tmp_108" [lstm_hls_fixed8/src/rnn.cpp:75]   --->   Operation 83 'sub' 'tmp_68' <Predicate = (!exitcond & !tmp_s)> <Delay = 0.00> <Core = "TAddSub">   --->   Core 84 'TAddSub' <Latency = 0> <II = 1> <Delay = 1.48> <IPBlock> <Opcode : 'add' 'sub'> <InPorts = 3> <OutPorts = 1> <Sync> <CReg>
ST_5 : Operation 84 [1/1] (2.96ns) (root node of TernaryAdder)   --->   "%p_Repl2_13_trunc = add i8 %tmp_68, %tmp_165_cast_cast" [lstm_hls_fixed8/src/rnn.cpp:75]   --->   Operation 84 'add' 'p_Repl2_13_trunc' <Predicate = (!exitcond & !tmp_s)> <Delay = 2.96> <Core = "TAddSub">   --->   Core 84 'TAddSub' <Latency = 0> <II = 1> <Delay = 1.48> <IPBlock> <Opcode : 'add' 'sub'> <InPorts = 3> <OutPorts = 1> <Sync> <CReg>
ST_5 : Operation 85 [1/1] (0.00ns) (grouped into LUT with out node x_assign)   --->   "%tmp_69 = call i9 @_ssdm_op_BitConcatenate.i9.i1.i8(i1 %p_Result_33, i8 %p_Repl2_13_trunc)" [lstm_hls_fixed8/src/rnn.cpp:75]   --->   Operation 85 'bitconcatenate' 'tmp_69' <Predicate = (!exitcond & !tmp_s)> <Delay = 0.00>
ST_5 : Operation 86 [1/1] (0.00ns) (grouped into LUT with out node x_assign)   --->   "%p_Result_35 = call i32 @_ssdm_op_PartSet.i32.i32.i9.i32.i32(i32 %m_12, i9 %tmp_69, i32 23, i32 31)" [lstm_hls_fixed8/src/rnn.cpp:75]   --->   Operation 86 'partset' 'p_Result_35' <Predicate = (!exitcond & !tmp_s)> <Delay = 0.00>
ST_5 : Operation 87 [1/1] (0.00ns) (grouped into LUT with out node x_assign)   --->   "%p_Result_71_op = xor i32 %p_Result_35, -2147483648" [lstm_hls_fixed8/src/rnn.cpp:75]   --->   Operation 87 'xor' 'p_Result_71_op' <Predicate = (!exitcond & !tmp_s)> <Delay = 0.00> <Core = "LogicGate">   --->   Core 27 'LogicGate' <Latency = 0> <II = 1> <Delay = 0.80> <FuncUnit> <Opcode : 'and' 'or' 'xor'> <InPorts = 2> <OutPorts = 1>
ST_5 : Operation 88 [1/1] (0.00ns) (grouped into LUT with out node x_assign)   --->   "%tmp_23 = bitcast i32 %p_Result_71_op to float" [lstm_hls_fixed8/src/rnn.cpp:75]   --->   Operation 88 'bitcast' 'tmp_23' <Predicate = (!exitcond & !tmp_s)> <Delay = 0.00>
ST_5 : Operation 89 [1/1] (0.80ns) (out node of the LUT)   --->   "%x_assign = select i1 %tmp_s, float -0.000000e+00, float %tmp_23" [lstm_hls_fixed8/src/rnn.cpp:75]   --->   Operation 89 'select' 'x_assign' <Predicate = (!exitcond)> <Delay = 0.80> <Core = "Sel">   --->   Core 26 'Sel' <Latency = 0> <II = 1> <Delay = 0.77> <FuncUnit> <Opcode : 'select'> <InPorts = 3> <OutPorts = 1>

State 6 <SV = 5> <Delay = 7.12>
ST_6 : Operation 90 [8/8] (7.12ns)   --->   "%tmp_i_i = call float @llvm.exp.f32(float %x_assign) nounwind" [r:/builds/2018.3/continuous/2018_12_06_2405991/src/products/hls/hls_lib/hlsmath/src/common/hls_exp_float.cpp:15->r:/builds/2018.3/continuous/2018_12_06_2405991/src/products/hls/hls_lib/hlsmath/src/c++/expfloat.cpp:15->lstm_hls_fixed8/src/rnn.cpp:75]   --->   Operation 90 'fexp' 'tmp_i_i' <Predicate = (!exitcond)> <Delay = 7.12> <Core = "FExp">   --->   Core 126 'FExp' <Latency = 7> <II = 1> <Delay = 7.12> <FuncUnit> <Opcode : 'fexp'> <InPorts = 1> <OutPorts = 1>

State 7 <SV = 6> <Delay = 7.12>
ST_7 : Operation 91 [7/8] (7.12ns)   --->   "%tmp_i_i = call float @llvm.exp.f32(float %x_assign) nounwind" [r:/builds/2018.3/continuous/2018_12_06_2405991/src/products/hls/hls_lib/hlsmath/src/common/hls_exp_float.cpp:15->r:/builds/2018.3/continuous/2018_12_06_2405991/src/products/hls/hls_lib/hlsmath/src/c++/expfloat.cpp:15->lstm_hls_fixed8/src/rnn.cpp:75]   --->   Operation 91 'fexp' 'tmp_i_i' <Predicate = (!exitcond)> <Delay = 7.12> <Core = "FExp">   --->   Core 126 'FExp' <Latency = 7> <II = 1> <Delay = 7.12> <FuncUnit> <Opcode : 'fexp'> <InPorts = 1> <OutPorts = 1>

State 8 <SV = 7> <Delay = 7.12>
ST_8 : Operation 92 [6/8] (7.12ns)   --->   "%tmp_i_i = call float @llvm.exp.f32(float %x_assign) nounwind" [r:/builds/2018.3/continuous/2018_12_06_2405991/src/products/hls/hls_lib/hlsmath/src/common/hls_exp_float.cpp:15->r:/builds/2018.3/continuous/2018_12_06_2405991/src/products/hls/hls_lib/hlsmath/src/c++/expfloat.cpp:15->lstm_hls_fixed8/src/rnn.cpp:75]   --->   Operation 92 'fexp' 'tmp_i_i' <Predicate = (!exitcond)> <Delay = 7.12> <Core = "FExp">   --->   Core 126 'FExp' <Latency = 7> <II = 1> <Delay = 7.12> <FuncUnit> <Opcode : 'fexp'> <InPorts = 1> <OutPorts = 1>

State 9 <SV = 8> <Delay = 7.12>
ST_9 : Operation 93 [5/8] (7.12ns)   --->   "%tmp_i_i = call float @llvm.exp.f32(float %x_assign) nounwind" [r:/builds/2018.3/continuous/2018_12_06_2405991/src/products/hls/hls_lib/hlsmath/src/common/hls_exp_float.cpp:15->r:/builds/2018.3/continuous/2018_12_06_2405991/src/products/hls/hls_lib/hlsmath/src/c++/expfloat.cpp:15->lstm_hls_fixed8/src/rnn.cpp:75]   --->   Operation 93 'fexp' 'tmp_i_i' <Predicate = (!exitcond)> <Delay = 7.12> <Core = "FExp">   --->   Core 126 'FExp' <Latency = 7> <II = 1> <Delay = 7.12> <FuncUnit> <Opcode : 'fexp'> <InPorts = 1> <OutPorts = 1>

State 10 <SV = 9> <Delay = 7.12>
ST_10 : Operation 94 [4/8] (7.12ns)   --->   "%tmp_i_i = call float @llvm.exp.f32(float %x_assign) nounwind" [r:/builds/2018.3/continuous/2018_12_06_2405991/src/products/hls/hls_lib/hlsmath/src/common/hls_exp_float.cpp:15->r:/builds/2018.3/continuous/2018_12_06_2405991/src/products/hls/hls_lib/hlsmath/src/c++/expfloat.cpp:15->lstm_hls_fixed8/src/rnn.cpp:75]   --->   Operation 94 'fexp' 'tmp_i_i' <Predicate = (!exitcond)> <Delay = 7.12> <Core = "FExp">   --->   Core 126 'FExp' <Latency = 7> <II = 1> <Delay = 7.12> <FuncUnit> <Opcode : 'fexp'> <InPorts = 1> <OutPorts = 1>

State 11 <SV = 10> <Delay = 7.12>
ST_11 : Operation 95 [3/8] (7.12ns)   --->   "%tmp_i_i = call float @llvm.exp.f32(float %x_assign) nounwind" [r:/builds/2018.3/continuous/2018_12_06_2405991/src/products/hls/hls_lib/hlsmath/src/common/hls_exp_float.cpp:15->r:/builds/2018.3/continuous/2018_12_06_2405991/src/products/hls/hls_lib/hlsmath/src/c++/expfloat.cpp:15->lstm_hls_fixed8/src/rnn.cpp:75]   --->   Operation 95 'fexp' 'tmp_i_i' <Predicate = (!exitcond)> <Delay = 7.12> <Core = "FExp">   --->   Core 126 'FExp' <Latency = 7> <II = 1> <Delay = 7.12> <FuncUnit> <Opcode : 'fexp'> <InPorts = 1> <OutPorts = 1>

State 12 <SV = 11> <Delay = 7.12>
ST_12 : Operation 96 [2/8] (7.12ns)   --->   "%tmp_i_i = call float @llvm.exp.f32(float %x_assign) nounwind" [r:/builds/2018.3/continuous/2018_12_06_2405991/src/products/hls/hls_lib/hlsmath/src/common/hls_exp_float.cpp:15->r:/builds/2018.3/continuous/2018_12_06_2405991/src/products/hls/hls_lib/hlsmath/src/c++/expfloat.cpp:15->lstm_hls_fixed8/src/rnn.cpp:75]   --->   Operation 96 'fexp' 'tmp_i_i' <Predicate = (!exitcond)> <Delay = 7.12> <Core = "FExp">   --->   Core 126 'FExp' <Latency = 7> <II = 1> <Delay = 7.12> <FuncUnit> <Opcode : 'fexp'> <InPorts = 1> <OutPorts = 1>

State 13 <SV = 12> <Delay = 7.12>
ST_13 : Operation 97 [1/8] (7.12ns)   --->   "%tmp_i_i = call float @llvm.exp.f32(float %x_assign) nounwind" [r:/builds/2018.3/continuous/2018_12_06_2405991/src/products/hls/hls_lib/hlsmath/src/common/hls_exp_float.cpp:15->r:/builds/2018.3/continuous/2018_12_06_2405991/src/products/hls/hls_lib/hlsmath/src/c++/expfloat.cpp:15->lstm_hls_fixed8/src/rnn.cpp:75]   --->   Operation 97 'fexp' 'tmp_i_i' <Predicate = (!exitcond)> <Delay = 7.12> <Core = "FExp">   --->   Core 126 'FExp' <Latency = 7> <II = 1> <Delay = 7.12> <FuncUnit> <Opcode : 'fexp'> <InPorts = 1> <OutPorts = 1>

State 14 <SV = 13> <Delay = 8.58>
ST_14 : Operation 98 [4/4] (8.58ns)   --->   "%tmp_70 = fadd float %tmp_i_i, 1.000000e+00" [lstm_hls_fixed8/src/rnn.cpp:75]   --->   Operation 98 'fadd' 'tmp_70' <Predicate = (!exitcond)> <Delay = 8.58> <Core = "FAddSub">   --->   Core 104 'FAddSub' <Latency = 3> <II = 1> <Delay = 8.58> <FuncUnit> <Opcode : 'fadd' 'fsub'> <InPorts = 2> <OutPorts = 1>

State 15 <SV = 14> <Delay = 8.58>
ST_15 : Operation 99 [3/4] (8.58ns)   --->   "%tmp_70 = fadd float %tmp_i_i, 1.000000e+00" [lstm_hls_fixed8/src/rnn.cpp:75]   --->   Operation 99 'fadd' 'tmp_70' <Predicate = (!exitcond)> <Delay = 8.58> <Core = "FAddSub">   --->   Core 104 'FAddSub' <Latency = 3> <II = 1> <Delay = 8.58> <FuncUnit> <Opcode : 'fadd' 'fsub'> <InPorts = 2> <OutPorts = 1>

State 16 <SV = 15> <Delay = 8.58>
ST_16 : Operation 100 [2/4] (8.58ns)   --->   "%tmp_70 = fadd float %tmp_i_i, 1.000000e+00" [lstm_hls_fixed8/src/rnn.cpp:75]   --->   Operation 100 'fadd' 'tmp_70' <Predicate = (!exitcond)> <Delay = 8.58> <Core = "FAddSub">   --->   Core 104 'FAddSub' <Latency = 3> <II = 1> <Delay = 8.58> <FuncUnit> <Opcode : 'fadd' 'fsub'> <InPorts = 2> <OutPorts = 1>

State 17 <SV = 16> <Delay = 8.58>
ST_17 : Operation 101 [1/4] (8.58ns)   --->   "%tmp_70 = fadd float %tmp_i_i, 1.000000e+00" [lstm_hls_fixed8/src/rnn.cpp:75]   --->   Operation 101 'fadd' 'tmp_70' <Predicate = (!exitcond)> <Delay = 8.58> <Core = "FAddSub">   --->   Core 104 'FAddSub' <Latency = 3> <II = 1> <Delay = 8.58> <FuncUnit> <Opcode : 'fadd' 'fsub'> <InPorts = 2> <OutPorts = 1>

State 18 <SV = 17> <Delay = 7.19>
ST_18 : Operation 102 [12/12] (7.19ns)   --->   "%v_assign = fdiv float 1.000000e+00, %tmp_70" [lstm_hls_fixed8/src/rnn.cpp:75]   --->   Operation 102 'fdiv' 'v_assign' <Predicate = (!exitcond)> <Delay = 7.19> <Core = "FDiv">   --->   Core 106 'FDiv' <Latency = 11> <II = 1> <Delay = 7.19> <FuncUnit> <Opcode : 'fdiv' 'frem'> <InPorts = 2> <OutPorts = 1>

State 19 <SV = 18> <Delay = 7.19>
ST_19 : Operation 103 [11/12] (7.19ns)   --->   "%v_assign = fdiv float 1.000000e+00, %tmp_70" [lstm_hls_fixed8/src/rnn.cpp:75]   --->   Operation 103 'fdiv' 'v_assign' <Predicate = (!exitcond)> <Delay = 7.19> <Core = "FDiv">   --->   Core 106 'FDiv' <Latency = 11> <II = 1> <Delay = 7.19> <FuncUnit> <Opcode : 'fdiv' 'frem'> <InPorts = 2> <OutPorts = 1>

State 20 <SV = 19> <Delay = 7.19>
ST_20 : Operation 104 [10/12] (7.19ns)   --->   "%v_assign = fdiv float 1.000000e+00, %tmp_70" [lstm_hls_fixed8/src/rnn.cpp:75]   --->   Operation 104 'fdiv' 'v_assign' <Predicate = (!exitcond)> <Delay = 7.19> <Core = "FDiv">   --->   Core 106 'FDiv' <Latency = 11> <II = 1> <Delay = 7.19> <FuncUnit> <Opcode : 'fdiv' 'frem'> <InPorts = 2> <OutPorts = 1>

State 21 <SV = 20> <Delay = 7.19>
ST_21 : Operation 105 [9/12] (7.19ns)   --->   "%v_assign = fdiv float 1.000000e+00, %tmp_70" [lstm_hls_fixed8/src/rnn.cpp:75]   --->   Operation 105 'fdiv' 'v_assign' <Predicate = (!exitcond)> <Delay = 7.19> <Core = "FDiv">   --->   Core 106 'FDiv' <Latency = 11> <II = 1> <Delay = 7.19> <FuncUnit> <Opcode : 'fdiv' 'frem'> <InPorts = 2> <OutPorts = 1>

State 22 <SV = 21> <Delay = 7.19>
ST_22 : Operation 106 [8/12] (7.19ns)   --->   "%v_assign = fdiv float 1.000000e+00, %tmp_70" [lstm_hls_fixed8/src/rnn.cpp:75]   --->   Operation 106 'fdiv' 'v_assign' <Predicate = (!exitcond)> <Delay = 7.19> <Core = "FDiv">   --->   Core 106 'FDiv' <Latency = 11> <II = 1> <Delay = 7.19> <FuncUnit> <Opcode : 'fdiv' 'frem'> <InPorts = 2> <OutPorts = 1>

State 23 <SV = 22> <Delay = 7.19>
ST_23 : Operation 107 [7/12] (7.19ns)   --->   "%v_assign = fdiv float 1.000000e+00, %tmp_70" [lstm_hls_fixed8/src/rnn.cpp:75]   --->   Operation 107 'fdiv' 'v_assign' <Predicate = (!exitcond)> <Delay = 7.19> <Core = "FDiv">   --->   Core 106 'FDiv' <Latency = 11> <II = 1> <Delay = 7.19> <FuncUnit> <Opcode : 'fdiv' 'frem'> <InPorts = 2> <OutPorts = 1>

State 24 <SV = 23> <Delay = 7.19>
ST_24 : Operation 108 [6/12] (7.19ns)   --->   "%v_assign = fdiv float 1.000000e+00, %tmp_70" [lstm_hls_fixed8/src/rnn.cpp:75]   --->   Operation 108 'fdiv' 'v_assign' <Predicate = (!exitcond)> <Delay = 7.19> <Core = "FDiv">   --->   Core 106 'FDiv' <Latency = 11> <II = 1> <Delay = 7.19> <FuncUnit> <Opcode : 'fdiv' 'frem'> <InPorts = 2> <OutPorts = 1>

State 25 <SV = 24> <Delay = 7.19>
ST_25 : Operation 109 [5/12] (7.19ns)   --->   "%v_assign = fdiv float 1.000000e+00, %tmp_70" [lstm_hls_fixed8/src/rnn.cpp:75]   --->   Operation 109 'fdiv' 'v_assign' <Predicate = (!exitcond)> <Delay = 7.19> <Core = "FDiv">   --->   Core 106 'FDiv' <Latency = 11> <II = 1> <Delay = 7.19> <FuncUnit> <Opcode : 'fdiv' 'frem'> <InPorts = 2> <OutPorts = 1>

State 26 <SV = 25> <Delay = 7.19>
ST_26 : Operation 110 [4/12] (7.19ns)   --->   "%v_assign = fdiv float 1.000000e+00, %tmp_70" [lstm_hls_fixed8/src/rnn.cpp:75]   --->   Operation 110 'fdiv' 'v_assign' <Predicate = (!exitcond)> <Delay = 7.19> <Core = "FDiv">   --->   Core 106 'FDiv' <Latency = 11> <II = 1> <Delay = 7.19> <FuncUnit> <Opcode : 'fdiv' 'frem'> <InPorts = 2> <OutPorts = 1>

State 27 <SV = 26> <Delay = 7.19>
ST_27 : Operation 111 [3/12] (7.19ns)   --->   "%v_assign = fdiv float 1.000000e+00, %tmp_70" [lstm_hls_fixed8/src/rnn.cpp:75]   --->   Operation 111 'fdiv' 'v_assign' <Predicate = (!exitcond)> <Delay = 7.19> <Core = "FDiv">   --->   Core 106 'FDiv' <Latency = 11> <II = 1> <Delay = 7.19> <FuncUnit> <Opcode : 'fdiv' 'frem'> <InPorts = 2> <OutPorts = 1>

State 28 <SV = 27> <Delay = 7.19>
ST_28 : Operation 112 [2/12] (7.19ns)   --->   "%v_assign = fdiv float 1.000000e+00, %tmp_70" [lstm_hls_fixed8/src/rnn.cpp:75]   --->   Operation 112 'fdiv' 'v_assign' <Predicate = (!exitcond)> <Delay = 7.19> <Core = "FDiv">   --->   Core 106 'FDiv' <Latency = 11> <II = 1> <Delay = 7.19> <FuncUnit> <Opcode : 'fdiv' 'frem'> <InPorts = 2> <OutPorts = 1>

State 29 <SV = 28> <Delay = 7.19>
ST_29 : Operation 113 [1/12] (7.19ns)   --->   "%v_assign = fdiv float 1.000000e+00, %tmp_70" [lstm_hls_fixed8/src/rnn.cpp:75]   --->   Operation 113 'fdiv' 'v_assign' <Predicate = (!exitcond)> <Delay = 7.19> <Core = "FDiv">   --->   Core 106 'FDiv' <Latency = 11> <II = 1> <Delay = 7.19> <FuncUnit> <Opcode : 'fdiv' 'frem'> <InPorts = 2> <OutPorts = 1>

State 30 <SV = 29> <Delay = 6.21>
ST_30 : Operation 114 [1/1] (3.94ns)   --->   "%d_assign = fpext float %v_assign to double" [lstm_hls_fixed8/src/rnn.cpp:75]   --->   Operation 114 'fpext' 'd_assign' <Predicate = (!exitcond)> <Delay = 3.94> <Core = "Float2Double">   --->   Core 113 'Float2Double' <Latency = 0> <II = 1> <Delay = 3.94> <FuncUnit> <Opcode : 'fpext'> <InPorts = 1> <OutPorts = 1>
ST_30 : Operation 115 [1/1] (0.00ns)   --->   "%ireg_V = bitcast double %d_assign to i64" [lstm_hls_fixed8/src/rnn.cpp:75]   --->   Operation 115 'bitcast' 'ireg_V' <Predicate = (!exitcond)> <Delay = 0.00>
ST_30 : Operation 116 [1/1] (0.00ns)   --->   "%tmp_109 = trunc i64 %ireg_V to i63" [lstm_hls_fixed8/src/rnn.cpp:75]   --->   Operation 116 'trunc' 'tmp_109' <Predicate = (!exitcond)> <Delay = 0.00>
ST_30 : Operation 117 [1/1] (0.00ns)   --->   "%p_Result_36 = call i1 @_ssdm_op_BitSelect.i1.i64.i32(i64 %ireg_V, i32 63)" [lstm_hls_fixed8/src/rnn.cpp:75]   --->   Operation 117 'bitselect' 'p_Result_36' <Predicate = (!exitcond)> <Delay = 0.00>
ST_30 : Operation 118 [1/1] (0.00ns)   --->   "%exp_tmp_V = call i11 @_ssdm_op_PartSelect.i11.i64.i32.i32(i64 %ireg_V, i32 52, i32 62)" [lstm_hls_fixed8/src/rnn.cpp:75]   --->   Operation 118 'partselect' 'exp_tmp_V' <Predicate = (!exitcond)> <Delay = 0.00>
ST_30 : Operation 119 [1/1] (0.00ns)   --->   "%tmp_71 = zext i11 %exp_tmp_V to i12" [lstm_hls_fixed8/src/rnn.cpp:75]   --->   Operation 119 'zext' 'tmp_71' <Predicate = (!exitcond)> <Delay = 0.00>
ST_30 : Operation 120 [1/1] (0.00ns)   --->   "%tmp_111 = trunc i64 %ireg_V to i52" [lstm_hls_fixed8/src/rnn.cpp:75]   --->   Operation 120 'trunc' 'tmp_111' <Predicate = (!exitcond)> <Delay = 0.00>
ST_30 : Operation 121 [1/1] (2.26ns)   --->   "%tmp_73 = icmp eq i63 %tmp_109, 0" [lstm_hls_fixed8/src/rnn.cpp:75]   --->   Operation 121 'icmp' 'tmp_73' <Predicate = (!exitcond)> <Delay = 2.26> <Core = "Cmp">   --->   Core 25 'Cmp' <Latency = 0> <II = 1> <Delay = 2.13> <FuncUnit> <Opcode : 'icmp'> <InPorts = 2> <OutPorts = 1>
ST_30 : Operation 122 [1/1] (1.54ns)   --->   "%F2 = sub i12 1075, %tmp_71" [lstm_hls_fixed8/src/rnn.cpp:75]   --->   Operation 122 'sub' 'F2' <Predicate = (!exitcond)> <Delay = 1.54> <Core = "AddSub">   --->   Core 14 'AddSub' <Latency = 0> <II = 1> <Delay = 1.54> <FuncUnit> <Opcode : 'add' 'sub'> <InPorts = 2> <OutPorts = 1>

State 31 <SV = 30> <Delay = 8.71>
ST_31 : Operation 123 [1/1] (0.00ns)   --->   "%tmp_72 = call i53 @_ssdm_op_BitConcatenate.i53.i1.i52(i1 true, i52 %tmp_111)" [lstm_hls_fixed8/src/rnn.cpp:75]   --->   Operation 123 'bitconcatenate' 'tmp_72' <Predicate = (!exitcond)> <Delay = 0.00>
ST_31 : Operation 124 [1/1] (0.00ns)   --->   "%p_Result_37 = zext i53 %tmp_72 to i54" [lstm_hls_fixed8/src/rnn.cpp:75]   --->   Operation 124 'zext' 'p_Result_37' <Predicate = (!exitcond)> <Delay = 0.00>
ST_31 : Operation 125 [1/1] (2.41ns)   --->   "%man_V_3 = sub i54 0, %p_Result_37" [lstm_hls_fixed8/src/rnn.cpp:75]   --->   Operation 125 'sub' 'man_V_3' <Predicate = (!exitcond & p_Result_36)> <Delay = 2.41> <Core = "AddSub">   --->   Core 14 'AddSub' <Latency = 0> <II = 1> <Delay = 1.54> <FuncUnit> <Opcode : 'add' 'sub'> <InPorts = 2> <OutPorts = 1>
ST_31 : Operation 126 [1/1] (0.86ns)   --->   "%man_V_4 = select i1 %p_Result_36, i54 %man_V_3, i54 %p_Result_37" [lstm_hls_fixed8/src/rnn.cpp:75]   --->   Operation 126 'select' 'man_V_4' <Predicate = (!exitcond)> <Delay = 0.86> <Core = "Sel">   --->   Core 26 'Sel' <Latency = 0> <II = 1> <Delay = 0.77> <FuncUnit> <Opcode : 'select'> <InPorts = 3> <OutPorts = 1>
ST_31 : Operation 127 [1/1] (1.82ns)   --->   "%tmp_74 = icmp sgt i12 %F2, 11" [lstm_hls_fixed8/src/rnn.cpp:75]   --->   Operation 127 'icmp' 'tmp_74' <Predicate = (!exitcond)> <Delay = 1.82> <Core = "Cmp">   --->   Core 25 'Cmp' <Latency = 0> <II = 1> <Delay = 2.13> <FuncUnit> <Opcode : 'icmp'> <InPorts = 2> <OutPorts = 1>
ST_31 : Operation 128 [1/1] (1.54ns)   --->   "%tmp_75 = add i12 -11, %F2" [lstm_hls_fixed8/src/rnn.cpp:75]   --->   Operation 128 'add' 'tmp_75' <Predicate = (!exitcond)> <Delay = 1.54> <Core = "AddSub">   --->   Core 14 'AddSub' <Latency = 0> <II = 1> <Delay = 1.54> <FuncUnit> <Opcode : 'add' 'sub'> <InPorts = 2> <OutPorts = 1>
ST_31 : Operation 129 [1/1] (1.54ns)   --->   "%tmp_76 = sub i12 11, %F2" [lstm_hls_fixed8/src/rnn.cpp:75]   --->   Operation 129 'sub' 'tmp_76' <Predicate = (!exitcond)> <Delay = 1.54> <Core = "AddSub">   --->   Core 14 'AddSub' <Latency = 0> <II = 1> <Delay = 1.54> <FuncUnit> <Opcode : 'add' 'sub'> <InPorts = 2> <OutPorts = 1>
ST_31 : Operation 130 [1/1] (0.59ns)   --->   "%sh_amt = select i1 %tmp_74, i12 %tmp_75, i12 %tmp_76" [lstm_hls_fixed8/src/rnn.cpp:75]   --->   Operation 130 'select' 'sh_amt' <Predicate = (!exitcond)> <Delay = 0.59> <Core = "Sel">   --->   Core 26 'Sel' <Latency = 0> <II = 1> <Delay = 0.77> <FuncUnit> <Opcode : 'select'> <InPorts = 3> <OutPorts = 1>
ST_31 : Operation 131 [1/1] (0.00ns)   --->   "%sh_amt_cast = sext i12 %sh_amt to i32" [lstm_hls_fixed8/src/rnn.cpp:75]   --->   Operation 131 'sext' 'sh_amt_cast' <Predicate = (!exitcond)> <Delay = 0.00>
ST_31 : Operation 132 [1/1] (1.82ns)   --->   "%tmp_77 = icmp eq i12 %F2, 11" [lstm_hls_fixed8/src/rnn.cpp:75]   --->   Operation 132 'icmp' 'tmp_77' <Predicate = (!exitcond)> <Delay = 1.82> <Core = "Cmp">   --->   Core 25 'Cmp' <Latency = 0> <II = 1> <Delay = 2.13> <FuncUnit> <Opcode : 'icmp'> <InPorts = 2> <OutPorts = 1>
ST_31 : Operation 133 [1/1] (0.00ns)   --->   "%tmp_112 = trunc i54 %man_V_4 to i16" [lstm_hls_fixed8/src/rnn.cpp:75]   --->   Operation 133 'trunc' 'tmp_112' <Predicate = (!exitcond)> <Delay = 0.00>
ST_31 : Operation 134 [1/1] (1.82ns)   --->   "%tmp_78 = icmp ult i12 %sh_amt, 54" [lstm_hls_fixed8/src/rnn.cpp:75]   --->   Operation 134 'icmp' 'tmp_78' <Predicate = (!exitcond)> <Delay = 1.82> <Core = "Cmp">   --->   Core 25 'Cmp' <Latency = 0> <II = 1> <Delay = 2.13> <FuncUnit> <Opcode : 'icmp'> <InPorts = 2> <OutPorts = 1>
ST_31 : Operation 135 [1/1] (0.00ns)   --->   "%tmp_113 = call i8 @_ssdm_op_PartSelect.i8.i12.i32.i32(i12 %sh_amt, i32 4, i32 11)" [lstm_hls_fixed8/src/rnn.cpp:75]   --->   Operation 135 'partselect' 'tmp_113' <Predicate = (!exitcond)> <Delay = 0.00>
ST_31 : Operation 136 [1/1] (1.31ns)   --->   "%icmp3 = icmp eq i8 %tmp_113, 0" [lstm_hls_fixed8/src/rnn.cpp:75]   --->   Operation 136 'icmp' 'icmp3' <Predicate = (!exitcond)> <Delay = 1.31> <Core = "Cmp">   --->   Core 25 'Cmp' <Latency = 0> <II = 1> <Delay = 2.13> <FuncUnit> <Opcode : 'icmp'> <InPorts = 2> <OutPorts = 1>
ST_31 : Operation 137 [1/1] (0.00ns) (grouped into LUT with out node newSel)   --->   "%tmp_79 = zext i32 %sh_amt_cast to i54" [lstm_hls_fixed8/src/rnn.cpp:75]   --->   Operation 137 'zext' 'tmp_79' <Predicate = (!exitcond)> <Delay = 0.00>
ST_31 : Operation 138 [1/1] (0.00ns) (grouped into LUT with out node newSel)   --->   "%tmp_80 = ashr i54 %man_V_4, %tmp_79" [lstm_hls_fixed8/src/rnn.cpp:75]   --->   Operation 138 'ashr' 'tmp_80' <Predicate = (!exitcond)> <Delay = 0.00> <Core = "Shift">   --->   Core 28 'Shift' <Latency = 0> <II = 1> <Delay = 2.93> <FuncUnit> <Opcode : 'shl' 'lshr' 'ashr'> <InPorts = 2> <OutPorts = 1>
ST_31 : Operation 139 [1/1] (0.00ns) (grouped into LUT with out node newSel)   --->   "%tmp_114 = trunc i54 %tmp_80 to i16" [lstm_hls_fixed8/src/rnn.cpp:75]   --->   Operation 139 'trunc' 'tmp_114' <Predicate = (!exitcond)> <Delay = 0.00>
ST_31 : Operation 140 [1/1] (0.00ns) (grouped into LUT with out node newSel7)   --->   "%ireg_V_to_int = bitcast float %v_assign to i32" [lstm_hls_fixed8/src/rnn.cpp:75]   --->   Operation 140 'bitcast' 'ireg_V_to_int' <Predicate = (!exitcond)> <Delay = 0.00>
ST_31 : Operation 141 [1/1] (0.00ns) (grouped into LUT with out node newSel7)   --->   "%tmp_115 = call i1 @_ssdm_op_BitSelect.i1.i32.i32(i32 %ireg_V_to_int, i32 31)" [lstm_hls_fixed8/src/rnn.cpp:75]   --->   Operation 141 'bitselect' 'tmp_115' <Predicate = (!exitcond)> <Delay = 0.00>
ST_31 : Operation 142 [1/1] (0.00ns) (grouped into LUT with out node newSel7)   --->   "%tmp_81 = select i1 %tmp_115, i16 -1, i16 0" [lstm_hls_fixed8/src/rnn.cpp:75]   --->   Operation 142 'select' 'tmp_81' <Predicate = (!exitcond)> <Delay = 0.00> <Core = "Sel">   --->   Core 26 'Sel' <Latency = 0> <II = 1> <Delay = 0.77> <FuncUnit> <Opcode : 'select'> <InPorts = 3> <OutPorts = 1>
ST_31 : Operation 143 [1/1] (0.00ns) (grouped into LUT with out node newSel)   --->   "%tmp_82 = sext i16 %tmp_112 to i32" [lstm_hls_fixed8/src/rnn.cpp:75]   --->   Operation 143 'sext' 'tmp_82' <Predicate = (!exitcond)> <Delay = 0.00>
ST_31 : Operation 144 [1/1] (0.00ns) (grouped into LUT with out node newSel)   --->   "%tmp_83 = shl i32 %tmp_82, %sh_amt_cast" [lstm_hls_fixed8/src/rnn.cpp:75]   --->   Operation 144 'shl' 'tmp_83' <Predicate = (!exitcond)> <Delay = 0.00> <Core = "Shift">   --->   Core 28 'Shift' <Latency = 0> <II = 1> <Delay = 2.93> <FuncUnit> <Opcode : 'shl' 'lshr' 'ashr'> <InPorts = 2> <OutPorts = 1>
ST_31 : Operation 145 [1/1] (0.00ns) (grouped into LUT with out node newSel)   --->   "%tmp_116 = trunc i32 %tmp_83 to i16" [lstm_hls_fixed8/src/rnn.cpp:75]   --->   Operation 145 'trunc' 'tmp_116' <Predicate = (!exitcond)> <Delay = 0.00>
ST_31 : Operation 146 [1/1] (0.00ns) (grouped into LUT with out node or_cond6)   --->   "%sel_tmp1 = xor i1 %tmp_73, true" [lstm_hls_fixed8/src/rnn.cpp:75]   --->   Operation 146 'xor' 'sel_tmp1' <Predicate = (!exitcond)> <Delay = 0.00> <Core = "LogicGate">   --->   Core 27 'LogicGate' <Latency = 0> <II = 1> <Delay = 0.80> <FuncUnit> <Opcode : 'and' 'or' 'xor'> <InPorts = 2> <OutPorts = 1>
ST_31 : Operation 147 [1/1] (0.00ns) (grouped into LUT with out node or_cond6)   --->   "%sel_tmp2 = and i1 %tmp_77, %sel_tmp1" [lstm_hls_fixed8/src/rnn.cpp:75]   --->   Operation 147 'and' 'sel_tmp2' <Predicate = (!exitcond)> <Delay = 0.00> <Core = "LogicGate">   --->   Core 27 'LogicGate' <Latency = 0> <II = 1> <Delay = 0.80> <FuncUnit> <Opcode : 'and' 'or' 'xor'> <InPorts = 2> <OutPorts = 1>
ST_31 : Operation 148 [1/1] (0.80ns)   --->   "%sel_tmp6_demorgan = or i1 %tmp_73, %tmp_77" [lstm_hls_fixed8/src/rnn.cpp:75]   --->   Operation 148 'or' 'sel_tmp6_demorgan' <Predicate = (!exitcond)> <Delay = 0.80> <Core = "LogicGate">   --->   Core 27 'LogicGate' <Latency = 0> <II = 1> <Delay = 0.80> <FuncUnit> <Opcode : 'and' 'or' 'xor'> <InPorts = 2> <OutPorts = 1>
ST_31 : Operation 149 [1/1] (0.00ns) (grouped into LUT with out node sel_tmp7)   --->   "%sel_tmp6 = xor i1 %sel_tmp6_demorgan, true" [lstm_hls_fixed8/src/rnn.cpp:75]   --->   Operation 149 'xor' 'sel_tmp6' <Predicate = (!exitcond)> <Delay = 0.00> <Core = "LogicGate">   --->   Core 27 'LogicGate' <Latency = 0> <II = 1> <Delay = 0.80> <FuncUnit> <Opcode : 'and' 'or' 'xor'> <InPorts = 2> <OutPorts = 1>
ST_31 : Operation 150 [1/1] (0.80ns) (out node of the LUT)   --->   "%sel_tmp7 = and i1 %tmp_74, %sel_tmp6" [lstm_hls_fixed8/src/rnn.cpp:75]   --->   Operation 150 'and' 'sel_tmp7' <Predicate = (!exitcond)> <Delay = 0.80> <Core = "LogicGate">   --->   Core 27 'LogicGate' <Latency = 0> <II = 1> <Delay = 0.80> <FuncUnit> <Opcode : 'and' 'or' 'xor'> <InPorts = 2> <OutPorts = 1>
ST_31 : Operation 151 [1/1] (0.00ns) (grouped into LUT with out node sel_tmp9)   --->   "%sel_tmp8 = xor i1 %tmp_78, true" [lstm_hls_fixed8/src/rnn.cpp:75]   --->   Operation 151 'xor' 'sel_tmp8' <Predicate = (!exitcond)> <Delay = 0.00> <Core = "LogicGate">   --->   Core 27 'LogicGate' <Latency = 0> <II = 1> <Delay = 0.80> <FuncUnit> <Opcode : 'and' 'or' 'xor'> <InPorts = 2> <OutPorts = 1>
ST_31 : Operation 152 [1/1] (0.80ns) (out node of the LUT)   --->   "%sel_tmp9 = and i1 %sel_tmp7, %sel_tmp8" [lstm_hls_fixed8/src/rnn.cpp:75]   --->   Operation 152 'and' 'sel_tmp9' <Predicate = (!exitcond)> <Delay = 0.80> <Core = "LogicGate">   --->   Core 27 'LogicGate' <Latency = 0> <II = 1> <Delay = 0.80> <FuncUnit> <Opcode : 'and' 'or' 'xor'> <InPorts = 2> <OutPorts = 1>
ST_31 : Operation 153 [1/1] (0.00ns) (grouped into LUT with out node or_cond)   --->   "%sel_tmp = and i1 %sel_tmp7, %tmp_78" [lstm_hls_fixed8/src/rnn.cpp:75]   --->   Operation 153 'and' 'sel_tmp' <Predicate = (!exitcond)> <Delay = 0.00> <Core = "LogicGate">   --->   Core 27 'LogicGate' <Latency = 0> <II = 1> <Delay = 0.80> <FuncUnit> <Opcode : 'and' 'or' 'xor'> <InPorts = 2> <OutPorts = 1>
ST_31 : Operation 154 [1/1] (0.00ns) (grouped into LUT with out node sel_tmp5)   --->   "%sel_tmp21_demorgan = or i1 %sel_tmp6_demorgan, %tmp_74" [lstm_hls_fixed8/src/rnn.cpp:75]   --->   Operation 154 'or' 'sel_tmp21_demorgan' <Predicate = (!exitcond)> <Delay = 0.00> <Core = "LogicGate">   --->   Core 27 'LogicGate' <Latency = 0> <II = 1> <Delay = 0.80> <FuncUnit> <Opcode : 'and' 'or' 'xor'> <InPorts = 2> <OutPorts = 1>
ST_31 : Operation 155 [1/1] (0.00ns) (grouped into LUT with out node sel_tmp5)   --->   "%sel_tmp4 = xor i1 %sel_tmp21_demorgan, true" [lstm_hls_fixed8/src/rnn.cpp:75]   --->   Operation 155 'xor' 'sel_tmp4' <Predicate = (!exitcond)> <Delay = 0.00> <Core = "LogicGate">   --->   Core 27 'LogicGate' <Latency = 0> <II = 1> <Delay = 0.80> <FuncUnit> <Opcode : 'and' 'or' 'xor'> <InPorts = 2> <OutPorts = 1>
ST_31 : Operation 156 [1/1] (0.80ns) (out node of the LUT)   --->   "%sel_tmp5 = and i1 %icmp3, %sel_tmp4" [lstm_hls_fixed8/src/rnn.cpp:75]   --->   Operation 156 'and' 'sel_tmp5' <Predicate = (!exitcond)> <Delay = 0.80> <Core = "LogicGate">   --->   Core 27 'LogicGate' <Latency = 0> <II = 1> <Delay = 0.80> <FuncUnit> <Opcode : 'and' 'or' 'xor'> <InPorts = 2> <OutPorts = 1>
ST_31 : Operation 157 [1/1] (3.56ns) (out node of the LUT)   --->   "%newSel = select i1 %sel_tmp5, i16 %tmp_116, i16 %tmp_114" [lstm_hls_fixed8/src/rnn.cpp:75]   --->   Operation 157 'select' 'newSel' <Predicate = (!exitcond)> <Delay = 3.56> <Core = "Sel">   --->   Core 26 'Sel' <Latency = 0> <II = 1> <Delay = 0.77> <FuncUnit> <Opcode : 'select'> <InPorts = 3> <OutPorts = 1>
ST_31 : Operation 158 [1/1] (0.80ns) (out node of the LUT)   --->   "%or_cond = or i1 %sel_tmp5, %sel_tmp" [lstm_hls_fixed8/src/rnn.cpp:75]   --->   Operation 158 'or' 'or_cond' <Predicate = (!exitcond)> <Delay = 0.80> <Core = "LogicGate">   --->   Core 27 'LogicGate' <Latency = 0> <II = 1> <Delay = 0.80> <FuncUnit> <Opcode : 'and' 'or' 'xor'> <InPorts = 2> <OutPorts = 1>
ST_31 : Operation 159 [1/1] (0.81ns) (out node of the LUT)   --->   "%newSel7 = select i1 %sel_tmp9, i16 %tmp_81, i16 %tmp_112" [lstm_hls_fixed8/src/rnn.cpp:75]   --->   Operation 159 'select' 'newSel7' <Predicate = (!exitcond)> <Delay = 0.81> <Core = "Sel">   --->   Core 26 'Sel' <Latency = 0> <II = 1> <Delay = 0.77> <FuncUnit> <Opcode : 'select'> <InPorts = 3> <OutPorts = 1>
ST_31 : Operation 160 [1/1] (0.00ns) (grouped into LUT with out node or_cond6)   --->   "%or_cond5 = or i1 %sel_tmp9, %sel_tmp2" [lstm_hls_fixed8/src/rnn.cpp:75]   --->   Operation 160 'or' 'or_cond5' <Predicate = (!exitcond)> <Delay = 0.00> <Core = "LogicGate">   --->   Core 27 'LogicGate' <Latency = 0> <II = 1> <Delay = 0.80> <FuncUnit> <Opcode : 'and' 'or' 'xor'> <InPorts = 2> <OutPorts = 1>
ST_31 : Operation 161 [1/1] (0.00ns) (grouped into LUT with out node newSel9)   --->   "%newSel8 = select i1 %or_cond, i16 %newSel, i16 %newSel7" [lstm_hls_fixed8/src/rnn.cpp:75]   --->   Operation 161 'select' 'newSel8' <Predicate = (!exitcond)> <Delay = 0.00> <Core = "Sel">   --->   Core 26 'Sel' <Latency = 0> <II = 1> <Delay = 0.77> <FuncUnit> <Opcode : 'select'> <InPorts = 3> <OutPorts = 1>
ST_31 : Operation 162 [1/1] (0.80ns) (out node of the LUT)   --->   "%or_cond6 = or i1 %or_cond, %or_cond5" [lstm_hls_fixed8/src/rnn.cpp:75]   --->   Operation 162 'or' 'or_cond6' <Predicate = (!exitcond)> <Delay = 0.80> <Core = "LogicGate">   --->   Core 27 'LogicGate' <Latency = 0> <II = 1> <Delay = 0.80> <FuncUnit> <Opcode : 'and' 'or' 'xor'> <InPorts = 2> <OutPorts = 1>
ST_31 : Operation 163 [1/1] (0.62ns) (out node of the LUT)   --->   "%newSel9 = select i1 %or_cond6, i16 %newSel8, i16 0" [lstm_hls_fixed8/src/rnn.cpp:75]   --->   Operation 163 'select' 'newSel9' <Predicate = (!exitcond)> <Delay = 0.62> <Core = "Sel">   --->   Core 26 'Sel' <Latency = 0> <II = 1> <Delay = 0.77> <FuncUnit> <Opcode : 'select'> <InPorts = 3> <OutPorts = 1>

State 32 <SV = 31> <Delay = 2.77>
ST_32 : Operation 164 [1/1] (0.00ns)   --->   "%tmp_56 = call i32 (...)* @_ssdm_op_SpecRegionBegin([12 x i8]* @p_str22)" [lstm_hls_fixed8/src/rnn.cpp:73]   --->   Operation 164 'specregionbegin' 'tmp_56' <Predicate = (!exitcond)> <Delay = 0.00>
ST_32 : Operation 165 [1/1] (0.00ns)   --->   "call void (...)* @_ssdm_op_SpecPipeline(i32 -1, i32 1, i32 1, i32 0, [1 x i8]* @p_str11) nounwind" [lstm_hls_fixed8/src/rnn.cpp:74]   --->   Operation 165 'specpipeline' <Predicate = (!exitcond)> <Delay = 0.00>
ST_32 : Operation 166 [1/1] (2.77ns)   --->   "store i16 %newSel9, i16* %x_V_addr, align 2" [lstm_hls_fixed8/src/rnn.cpp:75]   --->   Operation 166 'store' <Predicate = (!exitcond)> <Delay = 2.77> <Core = "RAM">   --->   Core 37 'RAM' <Latency = 1> <II = 1> <Delay = 2.77> <Storage> <Opcode : 'load' 'store'> <Ports = 2> <Width = 8> <Depth = 19968> <RAM>
ST_32 : Operation 167 [1/1] (0.00ns)   --->   "%empty_19 = call i32 (...)* @_ssdm_op_SpecRegionEnd([12 x i8]* @p_str22, i32 %tmp_56)" [lstm_hls_fixed8/src/rnn.cpp:76]   --->   Operation 167 'specregionend' 'empty_19' <Predicate = (!exitcond)> <Delay = 0.00>
ST_32 : Operation 168 [1/1] (0.00ns)   --->   "br label %1" [lstm_hls_fixed8/src/rnn.cpp:73]   --->   Operation 168 'br' <Predicate = (!exitcond)> <Delay = 0.00>

State 33 <SV = 2> <Delay = 0.00>
ST_33 : Operation 169 [1/1] (0.00ns)   --->   "ret void" [lstm_hls_fixed8/src/rnn.cpp:77]   --->   Operation 169 'ret' <Predicate = true> <Delay = 0.00>


============================================================
+ Verbose Summary: Binding
============================================================
STG Binding: 
---------------- STG Properties BEGIN ----------------
- Is combinational: 0
- Is one-state seq: 0
- Is datapath-only: 0
- Is pipelined: 0
- Is top level: 0
Port [ Return ] is wired: 1; IO mode=ap_ctrl_hs:ce=0
Port [ res_V]:  wired=1; compound=1; hidden=0; nouse=0; global=0; static=0; extern=0; dir=2; type=1; pingpong=0; private_global=0; MemPort=[10]; IO mode=ap_memory:ce=0
---------------- STG Properties END ------------------

---------------- Datapath Model BEGIN ----------------

<LifeTime>
<method=bitvector/>
StgValue_34        (br               ) [ 0111111111111111111111111111111110]
i                  (phi              ) [ 0010000000000000000000000000000000]
exitcond           (icmp             ) [ 0011111111111111111111111111111110]
empty              (speclooptripcount) [ 0000000000000000000000000000000000]
i_2                (add              ) [ 0111111111111111111111111111111110]
StgValue_39        (br               ) [ 0000000000000000000000000000000000]
tmp                (zext             ) [ 0000000000000000000000000000000000]
x_V_addr           (getelementptr    ) [ 0011111111111111111111111111111110]
tmp_V_11           (load             ) [ 0000000000000000000000000000000000]
tmp_s              (icmp             ) [ 0010110000000000000000000000000000]
p_Result_33        (bitselect        ) [ 0010110000000000000000000000000000]
tmp_V              (sub              ) [ 0000000000000000000000000000000000]
tmp_V_12           (select           ) [ 0010110000000000000000000000000000]
p_Result_s         (partselect       ) [ 0000000000000000000000000000000000]
p_Result_34        (bitconcatenate   ) [ 0000000000000000000000000000000000]
l                  (cttz             ) [ 0010100000000000000000000000000000]
tmp_108            (trunc            ) [ 0010110000000000000000000000000000]
tmp_57             (sub              ) [ 0000000000000000000000000000000000]
tmp_93             (trunc            ) [ 0000000000000000000000000000000000]
lsb_index          (add              ) [ 0000000000000000000000000000000000]
tmp_95             (partselect       ) [ 0000000000000000000000000000000000]
icmp               (icmp             ) [ 0000000000000000000000000000000000]
tmp_98             (trunc            ) [ 0000000000000000000000000000000000]
tmp_99             (sub              ) [ 0000000000000000000000000000000000]
tmp_103            (zext             ) [ 0000000000000000000000000000000000]
tmp_104            (lshr             ) [ 0000000000000000000000000000000000]
p_Result_28        (and              ) [ 0000000000000000000000000000000000]
tmp_58             (icmp             ) [ 0000000000000000000000000000000000]
a                  (and              ) [ 0000000000000000000000000000000000]
tmp_106            (bitselect        ) [ 0000000000000000000000000000000000]
rev                (xor              ) [ 0000000000000000000000000000000000]
tmp_59             (add              ) [ 0000000000000000000000000000000000]
p_Result_29        (bitselect        ) [ 0000000000000000000000000000000000]
tmp_60             (and              ) [ 0000000000000000000000000000000000]
tmp_61             (or               ) [ 0000000000000000000000000000000000]
tmp_62             (bitconcatenate   ) [ 0010010000000000000000000000000000]
tmp_63             (icmp             ) [ 0010010000000000000000000000000000]
tmp_64             (add              ) [ 0010010000000000000000000000000000]
tmp_66             (sub              ) [ 0010010000000000000000000000000000]
m                  (zext             ) [ 0000000000000000000000000000000000]
tmp_65             (lshr             ) [ 0000000000000000000000000000000000]
tmp_67             (shl              ) [ 0000000000000000000000000000000000]
m_9                (select           ) [ 0000000000000000000000000000000000]
m_1                (add              ) [ 0000000000000000000000000000000000]
m_s                (partselect       ) [ 0000000000000000000000000000000000]
m_12               (zext             ) [ 0000000000000000000000000000000000]
tmp_107            (bitselect        ) [ 0000000000000000000000000000000000]
tmp_165_cast_cast  (select           ) [ 0000000000000000000000000000000000]
tmp_68             (sub              ) [ 0000000000000000000000000000000000]
p_Repl2_13_trunc   (add              ) [ 0000000000000000000000000000000000]
tmp_69             (bitconcatenate   ) [ 0000000000000000000000000000000000]
p_Result_35        (partset          ) [ 0000000000000000000000000000000000]
p_Result_71_op     (xor              ) [ 0000000000000000000000000000000000]
tmp_23             (bitcast          ) [ 0000000000000000000000000000000000]
x_assign           (select           ) [ 0010001111111100000000000000000000]
tmp_i_i            (fexp             ) [ 0010000000000011110000000000000000]
tmp_70             (fadd             ) [ 0010000000000000001111111111110000]
v_assign           (fdiv             ) [ 0010000000000000000000000000001100]
d_assign           (fpext            ) [ 0000000000000000000000000000000000]
ireg_V             (bitcast          ) [ 0000000000000000000000000000000000]
tmp_109            (trunc            ) [ 0000000000000000000000000000000000]
p_Result_36        (bitselect        ) [ 0010000000000000000000000000000100]
exp_tmp_V          (partselect       ) [ 0000000000000000000000000000000000]
tmp_71             (zext             ) [ 0000000000000000000000000000000000]
tmp_111            (trunc            ) [ 0010000000000000000000000000000100]
tmp_73             (icmp             ) [ 0010000000000000000000000000000100]
F2                 (sub              ) [ 0010000000000000000000000000000100]
tmp_72             (bitconcatenate   ) [ 0000000000000000000000000000000000]
p_Result_37        (zext             ) [ 0000000000000000000000000000000000]
man_V_3            (sub              ) [ 0000000000000000000000000000000000]
man_V_4            (select           ) [ 0000000000000000000000000000000000]
tmp_74             (icmp             ) [ 0000000000000000000000000000000000]
tmp_75             (add              ) [ 0000000000000000000000000000000000]
tmp_76             (sub              ) [ 0000000000000000000000000000000000]
sh_amt             (select           ) [ 0000000000000000000000000000000000]
sh_amt_cast        (sext             ) [ 0000000000000000000000000000000000]
tmp_77             (icmp             ) [ 0000000000000000000000000000000000]
tmp_112            (trunc            ) [ 0000000000000000000000000000000000]
tmp_78             (icmp             ) [ 0000000000000000000000000000000000]
tmp_113            (partselect       ) [ 0000000000000000000000000000000000]
icmp3              (icmp             ) [ 0000000000000000000000000000000000]
tmp_79             (zext             ) [ 0000000000000000000000000000000000]
tmp_80             (ashr             ) [ 0000000000000000000000000000000000]
tmp_114            (trunc            ) [ 0000000000000000000000000000000000]
ireg_V_to_int      (bitcast          ) [ 0000000000000000000000000000000000]
tmp_115            (bitselect        ) [ 0000000000000000000000000000000000]
tmp_81             (select           ) [ 0000000000000000000000000000000000]
tmp_82             (sext             ) [ 0000000000000000000000000000000000]
tmp_83             (shl              ) [ 0000000000000000000000000000000000]
tmp_116            (trunc            ) [ 0000000000000000000000000000000000]
sel_tmp1           (xor              ) [ 0000000000000000000000000000000000]
sel_tmp2           (and              ) [ 0000000000000000000000000000000000]
sel_tmp6_demorgan  (or               ) [ 0000000000000000000000000000000000]
sel_tmp6           (xor              ) [ 0000000000000000000000000000000000]
sel_tmp7           (and              ) [ 0000000000000000000000000000000000]
sel_tmp8           (xor              ) [ 0000000000000000000000000000000000]
sel_tmp9           (and              ) [ 0000000000000000000000000000000000]
sel_tmp            (and              ) [ 0000000000000000000000000000000000]
sel_tmp21_demorgan (or               ) [ 0000000000000000000000000000000000]
sel_tmp4           (xor              ) [ 0000000000000000000000000000000000]
sel_tmp5           (and              ) [ 0000000000000000000000000000000000]
newSel             (select           ) [ 0000000000000000000000000000000000]
or_cond            (or               ) [ 0000000000000000000000000000000000]
newSel7            (select           ) [ 0000000000000000000000000000000000]
or_cond5           (or               ) [ 0000000000000000000000000000000000]
newSel8            (select           ) [ 0000000000000000000000000000000000]
or_cond6           (or               ) [ 0000000000000000000000000000000000]
newSel9            (select           ) [ 0010000000000000000000000000000010]
tmp_56             (specregionbegin  ) [ 0000000000000000000000000000000000]
StgValue_165       (specpipeline     ) [ 0000000000000000000000000000000000]
StgValue_166       (store            ) [ 0000000000000000000000000000000000]
empty_19           (specregionend    ) [ 0000000000000000000000000000000000]
StgValue_168       (br               ) [ 0111111111111111111111111111111110]
StgValue_169       (ret              ) [ 0000000000000000000000000000000000]
</LifeTime>

<model>

<comp_list>
<comp id="0" class="1000" name="res_V">
<pin_list>
<pin id="1" dir="1" index="0" bw="1" slack="0"/>
</pin_list>
<bind>
<StgValue><ssdm name="res_V"/><MemPortTyVec>1 0 </MemPortTyVec>
</StgValue>
</bind>
</comp>

<comp id="2" class="1001" name="const_2">
<pin_list>
<pin id="3" dir="1" index="0" bw="1" slack="0"/>
</pin_list>
<bind>
<StgValue><ssdm name=""/></StgValue>
</bind>
</comp>

<comp id="4" class="1001" name="const_4">
<pin_list>
<pin id="5" dir="1" index="0" bw="1" slack="0"/>
</pin_list>
<bind>
<StgValue><ssdm name=""/></StgValue>
</bind>
</comp>

<comp id="6" class="1001" name="const_6">
<pin_list>
<pin id="7" dir="1" index="0" bw="1" slack="2147483647"/>
</pin_list>
<bind>
<StgValue><ssdm name="_ssdm_op_SpecLoopTripCount"/></StgValue>
</bind>
</comp>

<comp id="8" class="1001" name="const_8">
<pin_list>
<pin id="9" dir="1" index="0" bw="1" slack="2147483647"/>
</pin_list>
<bind>
<StgValue><ssdm name=""/></StgValue>
</bind>
</comp>

<comp id="10" class="1001" name="const_10">
<pin_list>
<pin id="11" dir="1" index="0" bw="1" slack="0"/>
</pin_list>
<bind>
<StgValue><ssdm name=""/></StgValue>
</bind>
</comp>

<comp id="12" class="1001" name="const_12">
<pin_list>
<pin id="13" dir="1" index="0" bw="1" slack="0"/>
</pin_list>
<bind>
<StgValue><ssdm name=""/></StgValue>
</bind>
</comp>

<comp id="14" class="1001" name="const_14">
<pin_list>
<pin id="15" dir="1" index="0" bw="1" slack="0"/>
</pin_list>
<bind>
<StgValue><ssdm name=""/></StgValue>
</bind>
</comp>

<comp id="16" class="1001" name="const_16">
<pin_list>
<pin id="17" dir="1" index="0" bw="1" slack="0"/>
</pin_list>
<bind>
<StgValue><ssdm name="_ssdm_op_BitSelect.i1.i16.i32"/></StgValue>
</bind>
</comp>

<comp id="18" class="1001" name="const_18">
<pin_list>
<pin id="19" dir="1" index="0" bw="1" slack="0"/>
</pin_list>
<bind>
<StgValue><ssdm name=""/></StgValue>
</bind>
</comp>

<comp id="20" class="1001" name="const_20">
<pin_list>
<pin id="21" dir="1" index="0" bw="1" slack="0"/>
</pin_list>
<bind>
<StgValue><ssdm name="llvm.part.select.i16"/></StgValue>
</bind>
</comp>

<comp id="22" class="1001" name="const_22">
<pin_list>
<pin id="23" dir="1" index="0" bw="1" slack="0"/>
</pin_list>
<bind>
<StgValue><ssdm name=""/></StgValue>
</bind>
</comp>

<comp id="24" class="1001" name="const_24">
<pin_list>
<pin id="25" dir="1" index="0" bw="1" slack="0"/>
</pin_list>
<bind>
<StgValue><ssdm name="_ssdm_op_BitConcatenate.i32.i16.i16"/></StgValue>
</bind>
</comp>

<comp id="26" class="1001" name="const_26">
<pin_list>
<pin id="27" dir="1" index="0" bw="1" slack="0"/>
</pin_list>
<bind>
<StgValue><ssdm name=""/></StgValue>
</bind>
</comp>

<comp id="28" class="1001" name="const_28">
<pin_list>
<pin id="29" dir="1" index="0" bw="1" slack="0"/>
</pin_list>
<bind>
<StgValue><ssdm name="llvm.cttz.i32"/></StgValue>
</bind>
</comp>

<comp id="30" class="1001" name="const_30">
<pin_list>
<pin id="31" dir="1" index="0" bw="1" slack="0"/>
</pin_list>
<bind>
<StgValue><ssdm name=""/></StgValue>
</bind>
</comp>

<comp id="32" class="1001" name="const_32">
<pin_list>
<pin id="33" dir="1" index="0" bw="1" slack="0"/>
</pin_list>
<bind>
<StgValue><ssdm name=""/></StgValue>
</bind>
</comp>

<comp id="34" class="1001" name="const_34">
<pin_list>
<pin id="35" dir="1" index="0" bw="1" slack="0"/>
</pin_list>
<bind>
<StgValue><ssdm name=""/></StgValue>
</bind>
</comp>

<comp id="36" class="1001" name="const_36">
<pin_list>
<pin id="37" dir="1" index="0" bw="1" slack="0"/>
</pin_list>
<bind>
<StgValue><ssdm name="_ssdm_op_PartSelect.i31.i32.i32.i32"/></StgValue>
</bind>
</comp>

<comp id="38" class="1001" name="const_38">
<pin_list>
<pin id="39" dir="1" index="0" bw="1" slack="0"/>
</pin_list>
<bind>
<StgValue><ssdm name=""/></StgValue>
</bind>
</comp>

<comp id="40" class="1001" name="const_40">
<pin_list>
<pin id="41" dir="1" index="0" bw="1" slack="0"/>
</pin_list>
<bind>
<StgValue><ssdm name=""/></StgValue>
</bind>
</comp>

<comp id="42" class="1001" name="const_42">
<pin_list>
<pin id="43" dir="1" index="0" bw="1" slack="0"/>
</pin_list>
<bind>
<StgValue><ssdm name=""/></StgValue>
</bind>
</comp>

<comp id="44" class="1001" name="const_44">
<pin_list>
<pin id="45" dir="1" index="0" bw="1" slack="0"/>
</pin_list>
<bind>
<StgValue><ssdm name=""/></StgValue>
</bind>
</comp>

<comp id="46" class="1001" name="const_46">
<pin_list>
<pin id="47" dir="1" index="0" bw="1" slack="0"/>
</pin_list>
<bind>
<StgValue><ssdm name="_ssdm_op_BitSelect.i1.i32.i32"/></StgValue>
</bind>
</comp>

<comp id="48" class="1001" name="const_48">
<pin_list>
<pin id="49" dir="1" index="0" bw="1" slack="0"/>
</pin_list>
<bind>
<StgValue><ssdm name=""/></StgValue>
</bind>
</comp>

<comp id="50" class="1001" name="const_50">
<pin_list>
<pin id="51" dir="1" index="0" bw="1" slack="0"/>
</pin_list>
<bind>
<StgValue><ssdm name="_ssdm_op_BitSelect.i1.i16.i16"/></StgValue>
</bind>
</comp>

<comp id="52" class="1001" name="const_52">
<pin_list>
<pin id="53" dir="1" index="0" bw="1" slack="0"/>
</pin_list>
<bind>
<StgValue><ssdm name="_ssdm_op_BitConcatenate.i32.i31.i1"/></StgValue>
</bind>
</comp>

<comp id="54" class="1001" name="const_54">
<pin_list>
<pin id="55" dir="1" index="0" bw="1" slack="0"/>
</pin_list>
<bind>
<StgValue><ssdm name=""/></StgValue>
</bind>
</comp>

<comp id="56" class="1001" name="const_56">
<pin_list>
<pin id="57" dir="1" index="0" bw="1" slack="0"/>
</pin_list>
<bind>
<StgValue><ssdm name=""/></StgValue>
</bind>
</comp>

<comp id="58" class="1001" name="const_58">
<pin_list>
<pin id="59" dir="1" index="0" bw="1" slack="0"/>
</pin_list>
<bind>
<StgValue><ssdm name=""/></StgValue>
</bind>
</comp>

<comp id="60" class="1001" name="const_60">
<pin_list>
<pin id="61" dir="1" index="0" bw="1" slack="0"/>
</pin_list>
<bind>
<StgValue><ssdm name=""/></StgValue>
</bind>
</comp>

<comp id="62" class="1001" name="const_62">
<pin_list>
<pin id="63" dir="1" index="0" bw="1" slack="0"/>
</pin_list>
<bind>
<StgValue><ssdm name=""/></StgValue>
</bind>
</comp>

<comp id="64" class="1001" name="const_64">
<pin_list>
<pin id="65" dir="1" index="0" bw="1" slack="0"/>
</pin_list>
<bind>
<StgValue><ssdm name="_ssdm_op_BitConcatenate.i9.i1.i8"/></StgValue>
</bind>
</comp>

<comp id="66" class="1001" name="const_66">
<pin_list>
<pin id="67" dir="1" index="0" bw="1" slack="0"/>
</pin_list>
<bind>
<StgValue><ssdm name="_ssdm_op_PartSet.i32.i32.i9.i32.i32"/></StgValue>
</bind>
</comp>

<comp id="68" class="1001" name="const_68">
<pin_list>
<pin id="69" dir="1" index="0" bw="1" slack="0"/>
</pin_list>
<bind>
<StgValue><ssdm name=""/></StgValue>
</bind>
</comp>

<comp id="70" class="1001" name="const_70">
<pin_list>
<pin id="71" dir="1" index="0" bw="1" slack="0"/>
</pin_list>
<bind>
<StgValue><ssdm name=""/></StgValue>
</bind>
</comp>

<comp id="72" class="1001" name="const_72">
<pin_list>
<pin id="73" dir="1" index="0" bw="1" slack="0"/>
</pin_list>
<bind>
<StgValue><ssdm name=""/></StgValue>
</bind>
</comp>

<comp id="74" class="1001" name="const_74">
<pin_list>
<pin id="75" dir="1" index="0" bw="1" slack="0"/>
</pin_list>
<bind>
<StgValue><ssdm name="llvm.exp.f32"/></StgValue>
</bind>
</comp>

<comp id="76" class="1001" name="const_76">
<pin_list>
<pin id="77" dir="1" index="0" bw="1" slack="0"/>
</pin_list>
<bind>
<StgValue><ssdm name=""/></StgValue>
</bind>
</comp>

<comp id="78" class="1001" name="const_78">
<pin_list>
<pin id="79" dir="1" index="0" bw="1" slack="0"/>
</pin_list>
<bind>
<StgValue><ssdm name="_ssdm_op_BitSelect.i1.i64.i32"/></StgValue>
</bind>
</comp>

<comp id="80" class="1001" name="const_80">
<pin_list>
<pin id="81" dir="1" index="0" bw="1" slack="0"/>
</pin_list>
<bind>
<StgValue><ssdm name=""/></StgValue>
</bind>
</comp>

<comp id="82" class="1001" name="const_82">
<pin_list>
<pin id="83" dir="1" index="0" bw="1" slack="0"/>
</pin_list>
<bind>
<StgValue><ssdm name="_ssdm_op_PartSelect.i11.i64.i32.i32"/></StgValue>
</bind>
</comp>

<comp id="84" class="1001" name="const_84">
<pin_list>
<pin id="85" dir="1" index="0" bw="1" slack="0"/>
</pin_list>
<bind>
<StgValue><ssdm name=""/></StgValue>
</bind>
</comp>

<comp id="86" class="1001" name="const_86">
<pin_list>
<pin id="87" dir="1" index="0" bw="1" slack="0"/>
</pin_list>
<bind>
<StgValue><ssdm name=""/></StgValue>
</bind>
</comp>

<comp id="88" class="1001" name="const_88">
<pin_list>
<pin id="89" dir="1" index="0" bw="1" slack="0"/>
</pin_list>
<bind>
<StgValue><ssdm name=""/></StgValue>
</bind>
</comp>

<comp id="90" class="1001" name="const_90">
<pin_list>
<pin id="91" dir="1" index="0" bw="1" slack="0"/>
</pin_list>
<bind>
<StgValue><ssdm name=""/></StgValue>
</bind>
</comp>

<comp id="92" class="1001" name="const_92">
<pin_list>
<pin id="93" dir="1" index="0" bw="1" slack="0"/>
</pin_list>
<bind>
<StgValue><ssdm name="_ssdm_op_BitConcatenate.i53.i1.i52"/></StgValue>
</bind>
</comp>

<comp id="94" class="1001" name="const_94">
<pin_list>
<pin id="95" dir="1" index="0" bw="1" slack="0"/>
</pin_list>
<bind>
<StgValue><ssdm name=""/></StgValue>
</bind>
</comp>

<comp id="96" class="1001" name="const_96">
<pin_list>
<pin id="97" dir="1" index="0" bw="1" slack="0"/>
</pin_list>
<bind>
<StgValue><ssdm name=""/></StgValue>
</bind>
</comp>

<comp id="98" class="1001" name="const_98">
<pin_list>
<pin id="99" dir="1" index="0" bw="1" slack="0"/>
</pin_list>
<bind>
<StgValue><ssdm name=""/></StgValue>
</bind>
</comp>

<comp id="100" class="1001" name="const_100">
<pin_list>
<pin id="101" dir="1" index="0" bw="1" slack="0"/>
</pin_list>
<bind>
<StgValue><ssdm name=""/></StgValue>
</bind>
</comp>

<comp id="102" class="1001" name="const_102">
<pin_list>
<pin id="103" dir="1" index="0" bw="1" slack="0"/>
</pin_list>
<bind>
<StgValue><ssdm name="_ssdm_op_PartSelect.i8.i12.i32.i32"/></StgValue>
</bind>
</comp>

<comp id="104" class="1001" name="const_104">
<pin_list>
<pin id="105" dir="1" index="0" bw="1" slack="0"/>
</pin_list>
<bind>
<StgValue><ssdm name=""/></StgValue>
</bind>
</comp>

<comp id="106" class="1001" name="const_106">
<pin_list>
<pin id="107" dir="1" index="0" bw="1" slack="0"/>
</pin_list>
<bind>
<StgValue><ssdm name=""/></StgValue>
</bind>
</comp>

<comp id="108" class="1001" name="const_108">
<pin_list>
<pin id="109" dir="1" index="0" bw="1" slack="2147483647"/>
</pin_list>
<bind>
<StgValue><ssdm name="_ssdm_op_SpecRegionBegin"/></StgValue>
</bind>
</comp>

<comp id="110" class="1001" name="const_110">
<pin_list>
<pin id="111" dir="1" index="0" bw="1" slack="2147483647"/>
</pin_list>
<bind>
<StgValue><ssdm name="p_str22"/></StgValue>
</bind>
</comp>

<comp id="112" class="1001" name="const_112">
<pin_list>
<pin id="113" dir="1" index="0" bw="1" slack="2147483647"/>
</pin_list>
<bind>
<StgValue><ssdm name="_ssdm_op_SpecPipeline"/></StgValue>
</bind>
</comp>

<comp id="114" class="1001" name="const_114">
<pin_list>
<pin id="115" dir="1" index="0" bw="1" slack="2147483647"/>
</pin_list>
<bind>
<StgValue><ssdm name=""/></StgValue>
</bind>
</comp>

<comp id="116" class="1001" name="const_116">
<pin_list>
<pin id="117" dir="1" index="0" bw="1" slack="2147483647"/>
</pin_list>
<bind>
<StgValue><ssdm name="p_str11"/></StgValue>
</bind>
</comp>

<comp id="118" class="1001" name="const_118">
<pin_list>
<pin id="119" dir="1" index="0" bw="1" slack="2147483647"/>
</pin_list>
<bind>
<StgValue><ssdm name="_ssdm_op_SpecRegionEnd"/></StgValue>
</bind>
</comp>

<comp id="120" class="1004" name="x_V_addr_gep_fu_120">
<pin_list>
<pin id="121" dir="0" index="0" bw="16" slack="0"/>
<pin id="122" dir="0" index="1" bw="1" slack="0"/>
<pin id="123" dir="0" index="2" bw="8" slack="0"/>
<pin id="124" dir="1" index="3" bw="7" slack="0"/>
</pin_list>
<bind>
<opcode="getelementptr(29) " fcode="getelementptr"/>
<opset="x_V_addr/2 "/>
</bind>
</comp>

<comp id="127" class="1004" name="grp_access_fu_127">
<pin_list>
<pin id="128" dir="0" index="0" bw="7" slack="0"/>
<pin id="129" dir="0" index="1" bw="16" slack="2147483647"/>
<pin id="130" dir="0" index="2" bw="0" slack="30"/>
<pin id="133" dir="0" index="4" bw="7" slack="1"/>
<pin id="134" dir="0" index="5" bw="16" slack="2147483647"/>
<pin id="135" dir="0" index="6" bw="0" slack="2147483647"/>
<pin id="131" dir="1" index="3" bw="16" slack="0"/>
<pin id="136" dir="1" index="7" bw="16" slack="2147483647"/>
</pin_list>
<bind>
<opcode="load(27) store(28) " fcode="store"/>
<opset="tmp_V_11/2 StgValue_166/32 "/>
</bind>
</comp>

<comp id="137" class="1005" name="i_reg_137">
<pin_list>
<pin id="138" dir="0" index="0" bw="8" slack="1"/>
<pin id="139" dir="1" index="1" bw="8" slack="1"/>
</pin_list>
<bind>
<opset="i (phireg) "/>
</bind>
</comp>

<comp id="141" class="1004" name="i_phi_fu_141">
<pin_list>
<pin id="142" dir="0" index="0" bw="1" slack="1"/>
<pin id="143" dir="0" index="1" bw="0" slack="2147483647"/>
<pin id="144" dir="0" index="2" bw="8" slack="0"/>
<pin id="145" dir="0" index="3" bw="0" slack="2147483647"/>
<pin id="146" dir="1" index="4" bw="8" slack="0"/>
</pin_list>
<bind>
<opcode="phi(47) " fcode="phi"/>
<opset="i/2 "/>
</bind>
</comp>

<comp id="148" class="1004" name="grp_fu_148">
<pin_list>
<pin id="149" dir="0" index="0" bw="32" slack="1"/>
<pin id="150" dir="0" index="1" bw="32" slack="0"/>
<pin id="151" dir="1" index="2" bw="32" slack="1"/>
</pin_list>
<bind>
<opcode="fadd(9) " fcode="fadd"/>
<opset="tmp_70/14 "/>
</bind>
</comp>

<comp id="153" class="1004" name="grp_fu_153">
<pin_list>
<pin id="154" dir="0" index="0" bw="32" slack="0"/>
<pin id="155" dir="0" index="1" bw="32" slack="1"/>
<pin id="156" dir="1" index="2" bw="32" slack="1"/>
</pin_list>
<bind>
<opcode="fdiv(16) " fcode="fdiv"/>
<opset="v_assign/18 "/>
</bind>
</comp>

<comp id="158" class="1004" name="d_assign_fu_158">
<pin_list>
<pin id="159" dir="0" index="0" bw="32" slack="1"/>
<pin id="160" dir="1" index="1" bw="64" slack="0"/>
</pin_list>
<bind>
<opcode="fpext(41) " fcode="fpext"/>
<opset="d_assign/30 "/>
</bind>
</comp>

<comp id="161" class="1004" name="grp_fu_161">
<pin_list>
<pin id="162" dir="0" index="0" bw="32" slack="0"/>
<pin id="163" dir="0" index="1" bw="32" slack="1"/>
<pin id="164" dir="1" index="2" bw="32" slack="1"/>
</pin_list>
<bind>
<opcode="fexp(507) " fcode="fexp"/>
<opset="tmp_i_i/6 "/>
</bind>
</comp>

<comp id="166" class="1004" name="exitcond_fu_166">
<pin_list>
<pin id="167" dir="0" index="0" bw="8" slack="0"/>
<pin id="168" dir="0" index="1" bw="8" slack="0"/>
<pin id="169" dir="1" index="2" bw="1" slack="1"/>
</pin_list>
<bind>
<opcode="icmp(45) " fcode="icmp"/>
<opset="exitcond/2 "/>
</bind>
</comp>

<comp id="172" class="1004" name="i_2_fu_172">
<pin_list>
<pin id="173" dir="0" index="0" bw="8" slack="0"/>
<pin id="174" dir="0" index="1" bw="1" slack="0"/>
<pin id="175" dir="1" index="2" bw="8" slack="0"/>
</pin_list>
<bind>
<opcode="add(8) " fcode="add"/>
<opset="i_2/2 "/>
</bind>
</comp>

<comp id="178" class="1004" name="tmp_fu_178">
<pin_list>
<pin id="179" dir="0" index="0" bw="8" slack="0"/>
<pin id="180" dir="1" index="1" bw="64" slack="0"/>
</pin_list>
<bind>
<opcode="zext(34) " fcode="zext"/>
<opset="tmp/2 "/>
</bind>
</comp>

<comp id="183" class="1004" name="tmp_s_fu_183">
<pin_list>
<pin id="184" dir="0" index="0" bw="16" slack="0"/>
<pin id="185" dir="0" index="1" bw="16" slack="0"/>
<pin id="186" dir="1" index="2" bw="1" slack="1"/>
</pin_list>
<bind>
<opcode="icmp(45) " fcode="icmp"/>
<opset="tmp_s/3 "/>
</bind>
</comp>

<comp id="189" class="1004" name="p_Result_33_fu_189">
<pin_list>
<pin id="190" dir="0" index="0" bw="1" slack="0"/>
<pin id="191" dir="0" index="1" bw="16" slack="0"/>
<pin id="192" dir="0" index="2" bw="5" slack="0"/>
<pin id="193" dir="1" index="3" bw="1" slack="0"/>
</pin_list>
<bind>
<opcode="bitselect(1000) " fcode="bitselect"/>
<opset="p_Result_33/3 "/>
</bind>
</comp>

<comp id="197" class="1004" name="tmp_V_fu_197">
<pin_list>
<pin id="198" dir="0" index="0" bw="1" slack="0"/>
<pin id="199" dir="0" index="1" bw="16" slack="0"/>
<pin id="200" dir="1" index="2" bw="16" slack="0"/>
</pin_list>
<bind>
<opcode="sub(10) " fcode="sub"/>
<opset="tmp_V/3 "/>
</bind>
</comp>

<comp id="203" class="1004" name="tmp_V_12_fu_203">
<pin_list>
<pin id="204" dir="0" index="0" bw="1" slack="0"/>
<pin id="205" dir="0" index="1" bw="16" slack="0"/>
<pin id="206" dir="0" index="2" bw="16" slack="0"/>
<pin id="207" dir="1" index="3" bw="16" slack="0"/>
</pin_list>
<bind>
<opcode="select(49) " fcode="select"/>
<opset="tmp_V_12/3 "/>
</bind>
</comp>

<comp id="211" class="1004" name="p_Result_s_fu_211">
<pin_list>
<pin id="212" dir="0" index="0" bw="16" slack="0"/>
<pin id="213" dir="0" index="1" bw="16" slack="0"/>
<pin id="214" dir="0" index="2" bw="5" slack="0"/>
<pin id="215" dir="0" index="3" bw="1" slack="0"/>
<pin id="216" dir="1" index="4" bw="16" slack="0"/>
</pin_list>
<bind>
<opcode="partselect(1002) " fcode="partselect"/>
<opset="p_Result_s/3 "/>
</bind>
</comp>

<comp id="221" class="1004" name="p_Result_34_fu_221">
<pin_list>
<pin id="222" dir="0" index="0" bw="32" slack="0"/>
<pin id="223" dir="0" index="1" bw="1" slack="0"/>
<pin id="224" dir="0" index="2" bw="16" slack="0"/>
<pin id="225" dir="1" index="3" bw="32" slack="0"/>
</pin_list>
<bind>
<opcode="bitconcatenate(1004) " fcode="bitconcatenate"/>
<opset="p_Result_34/3 "/>
</bind>
</comp>

<comp id="229" class="1004" name="l_fu_229">
<pin_list>
<pin id="230" dir="0" index="0" bw="32" slack="0"/>
<pin id="231" dir="0" index="1" bw="32" slack="0"/>
<pin id="232" dir="0" index="2" bw="1" slack="0"/>
<pin id="233" dir="1" index="3" bw="32" slack="0"/>
</pin_list>
<bind>
<opcode="cttz(524) " fcode="cttz"/>
<opset="l/3 "/>
</bind>
</comp>

<comp id="237" class="1004" name="tmp_108_fu_237">
<pin_list>
<pin id="238" dir="0" index="0" bw="32" slack="0"/>
<pin id="239" dir="1" index="1" bw="8" slack="2"/>
</pin_list>
<bind>
<opcode="trunc(33) " fcode="trunc"/>
<opset="tmp_108/3 "/>
</bind>
</comp>

<comp id="241" class="1004" name="tmp_57_fu_241">
<pin_list>
<pin id="242" dir="0" index="0" bw="6" slack="0"/>
<pin id="243" dir="0" index="1" bw="32" slack="1"/>
<pin id="244" dir="1" index="2" bw="32" slack="0"/>
</pin_list>
<bind>
<opcode="sub(10) " fcode="sub"/>
<opset="tmp_57/4 "/>
</bind>
</comp>

<comp id="246" class="1004" name="tmp_93_fu_246">
<pin_list>
<pin id="247" dir="0" index="0" bw="32" slack="0"/>
<pin id="248" dir="1" index="1" bw="16" slack="0"/>
</pin_list>
<bind>
<opcode="trunc(33) " fcode="trunc"/>
<opset="tmp_93/4 "/>
</bind>
</comp>

<comp id="250" class="1004" name="lsb_index_fu_250">
<pin_list>
<pin id="251" dir="0" index="0" bw="6" slack="0"/>
<pin id="252" dir="0" index="1" bw="32" slack="0"/>
<pin id="253" dir="1" index="2" bw="32" slack="0"/>
</pin_list>
<bind>
<opcode="add(8) " fcode="add"/>
<opset="lsb_index/4 "/>
</bind>
</comp>

<comp id="256" class="1004" name="tmp_95_fu_256">
<pin_list>
<pin id="257" dir="0" index="0" bw="31" slack="0"/>
<pin id="258" dir="0" index="1" bw="32" slack="0"/>
<pin id="259" dir="0" index="2" bw="1" slack="0"/>
<pin id="260" dir="0" index="3" bw="6" slack="0"/>
<pin id="261" dir="1" index="4" bw="31" slack="0"/>
</pin_list>
<bind>
<opcode="partselect(1002) " fcode="partselect"/>
<opset="tmp_95/4 "/>
</bind>
</comp>

<comp id="266" class="1004" name="icmp_fu_266">
<pin_list>
<pin id="267" dir="0" index="0" bw="31" slack="0"/>
<pin id="268" dir="0" index="1" bw="31" slack="0"/>
<pin id="269" dir="1" index="2" bw="1" slack="0"/>
</pin_list>
<bind>
<opcode="icmp(45) " fcode="icmp"/>
<opset="icmp/4 "/>
</bind>
</comp>

<comp id="272" class="1004" name="tmp_98_fu_272">
<pin_list>
<pin id="273" dir="0" index="0" bw="32" slack="0"/>
<pin id="274" dir="1" index="1" bw="5" slack="0"/>
</pin_list>
<bind>
<opcode="trunc(33) " fcode="trunc"/>
<opset="tmp_98/4 "/>
</bind>
</comp>

<comp id="276" class="1004" name="tmp_99_fu_276">
<pin_list>
<pin id="277" dir="0" index="0" bw="5" slack="0"/>
<pin id="278" dir="0" index="1" bw="5" slack="0"/>
<pin id="279" dir="1" index="2" bw="5" slack="0"/>
</pin_list>
<bind>
<opcode="sub(10) " fcode="sub"/>
<opset="tmp_99/4 "/>
</bind>
</comp>

<comp id="282" class="1004" name="tmp_103_fu_282">
<pin_list>
<pin id="283" dir="0" index="0" bw="5" slack="0"/>
<pin id="284" dir="1" index="1" bw="16" slack="0"/>
</pin_list>
<bind>
<opcode="zext(34) " fcode="zext"/>
<opset="tmp_103/4 "/>
</bind>
</comp>

<comp id="286" class="1004" name="tmp_104_fu_286">
<pin_list>
<pin id="287" dir="0" index="0" bw="1" slack="0"/>
<pin id="288" dir="0" index="1" bw="5" slack="0"/>
<pin id="289" dir="1" index="2" bw="16" slack="0"/>
</pin_list>
<bind>
<opcode="lshr(21) " fcode="lshr"/>
<opset="tmp_104/4 "/>
</bind>
</comp>

<comp id="292" class="1004" name="p_Result_28_fu_292">
<pin_list>
<pin id="293" dir="0" index="0" bw="16" slack="1"/>
<pin id="294" dir="0" index="1" bw="16" slack="0"/>
<pin id="295" dir="1" index="2" bw="16" slack="0"/>
</pin_list>
<bind>
<opcode="and(23) " fcode="and"/>
<opset="p_Result_28/4 "/>
</bind>
</comp>

<comp id="297" class="1004" name="tmp_58_fu_297">
<pin_list>
<pin id="298" dir="0" index="0" bw="16" slack="0"/>
<pin id="299" dir="0" index="1" bw="16" slack="0"/>
<pin id="300" dir="1" index="2" bw="1" slack="0"/>
</pin_list>
<bind>
<opcode="icmp(45) " fcode="icmp"/>
<opset="tmp_58/4 "/>
</bind>
</comp>

<comp id="303" class="1004" name="a_fu_303">
<pin_list>
<pin id="304" dir="0" index="0" bw="1" slack="0"/>
<pin id="305" dir="0" index="1" bw="1" slack="0"/>
<pin id="306" dir="1" index="2" bw="1" slack="0"/>
</pin_list>
<bind>
<opcode="and(23) " fcode="and"/>
<opset="a/4 "/>
</bind>
</comp>

<comp id="309" class="1004" name="tmp_106_fu_309">
<pin_list>
<pin id="310" dir="0" index="0" bw="1" slack="0"/>
<pin id="311" dir="0" index="1" bw="32" slack="0"/>
<pin id="312" dir="0" index="2" bw="6" slack="0"/>
<pin id="313" dir="1" index="3" bw="1" slack="0"/>
</pin_list>
<bind>
<opcode="bitselect(1000) " fcode="bitselect"/>
<opset="tmp_106/4 "/>
</bind>
</comp>

<comp id="317" class="1004" name="rev_fu_317">
<pin_list>
<pin id="318" dir="0" index="0" bw="1" slack="0"/>
<pin id="319" dir="0" index="1" bw="1" slack="0"/>
<pin id="320" dir="1" index="2" bw="1" slack="0"/>
</pin_list>
<bind>
<opcode="xor(25) " fcode="xor"/>
<opset="rev/4 "/>
</bind>
</comp>

<comp id="323" class="1004" name="tmp_59_fu_323">
<pin_list>
<pin id="324" dir="0" index="0" bw="6" slack="0"/>
<pin id="325" dir="0" index="1" bw="16" slack="0"/>
<pin id="326" dir="1" index="2" bw="16" slack="0"/>
</pin_list>
<bind>
<opcode="add(8) " fcode="add"/>
<opset="tmp_59/4 "/>
</bind>
</comp>

<comp id="329" class="1004" name="p_Result_29_fu_329">
<pin_list>
<pin id="330" dir="0" index="0" bw="1" slack="0"/>
<pin id="331" dir="0" index="1" bw="16" slack="1"/>
<pin id="332" dir="0" index="2" bw="16" slack="0"/>
<pin id="333" dir="1" index="3" bw="1" slack="0"/>
</pin_list>
<bind>
<opcode="bitselect(1000) " fcode="bitselect"/>
<opset="p_Result_29/4 "/>
</bind>
</comp>

<comp id="336" class="1004" name="tmp_60_fu_336">
<pin_list>
<pin id="337" dir="0" index="0" bw="1" slack="0"/>
<pin id="338" dir="0" index="1" bw="1" slack="0"/>
<pin id="339" dir="1" index="2" bw="1" slack="0"/>
</pin_list>
<bind>
<opcode="and(23) " fcode="and"/>
<opset="tmp_60/4 "/>
</bind>
</comp>

<comp id="342" class="1004" name="tmp_61_fu_342">
<pin_list>
<pin id="343" dir="0" index="0" bw="1" slack="0"/>
<pin id="344" dir="0" index="1" bw="1" slack="0"/>
<pin id="345" dir="1" index="2" bw="1" slack="0"/>
</pin_list>
<bind>
<opcode="or(24) " fcode="or"/>
<opset="tmp_61/4 "/>
</bind>
</comp>

<comp id="348" class="1004" name="tmp_62_fu_348">
<pin_list>
<pin id="349" dir="0" index="0" bw="32" slack="0"/>
<pin id="350" dir="0" index="1" bw="1" slack="0"/>
<pin id="351" dir="0" index="2" bw="1" slack="0"/>
<pin id="352" dir="1" index="3" bw="32" slack="1"/>
</pin_list>
<bind>
<opcode="bitconcatenate(1004) " fcode="bitconcatenate"/>
<opset="tmp_62/4 "/>
</bind>
</comp>

<comp id="356" class="1004" name="tmp_63_fu_356">
<pin_list>
<pin id="357" dir="0" index="0" bw="32" slack="0"/>
<pin id="358" dir="0" index="1" bw="32" slack="0"/>
<pin id="359" dir="1" index="2" bw="1" slack="1"/>
</pin_list>
<bind>
<opcode="icmp(45) " fcode="icmp"/>
<opset="tmp_63/4 "/>
</bind>
</comp>

<comp id="362" class="1004" name="tmp_64_fu_362">
<pin_list>
<pin id="363" dir="0" index="0" bw="6" slack="0"/>
<pin id="364" dir="0" index="1" bw="32" slack="0"/>
<pin id="365" dir="1" index="2" bw="32" slack="1"/>
</pin_list>
<bind>
<opcode="add(8) " fcode="add"/>
<opset="tmp_64/4 "/>
</bind>
</comp>

<comp id="368" class="1004" name="tmp_66_fu_368">
<pin_list>
<pin id="369" dir="0" index="0" bw="6" slack="0"/>
<pin id="370" dir="0" index="1" bw="32" slack="0"/>
<pin id="371" dir="1" index="2" bw="32" slack="1"/>
</pin_list>
<bind>
<opcode="sub(10) " fcode="sub"/>
<opset="tmp_66/4 "/>
</bind>
</comp>

<comp id="374" class="1004" name="m_fu_374">
<pin_list>
<pin id="375" dir="0" index="0" bw="16" slack="2"/>
<pin id="376" dir="1" index="1" bw="32" slack="0"/>
</pin_list>
<bind>
<opcode="zext(34) " fcode="zext"/>
<opset="m/5 "/>
</bind>
</comp>

<comp id="377" class="1004" name="tmp_65_fu_377">
<pin_list>
<pin id="378" dir="0" index="0" bw="16" slack="0"/>
<pin id="379" dir="0" index="1" bw="32" slack="1"/>
<pin id="380" dir="1" index="2" bw="32" slack="0"/>
</pin_list>
<bind>
<opcode="lshr(21) " fcode="lshr"/>
<opset="tmp_65/5 "/>
</bind>
</comp>

<comp id="382" class="1004" name="tmp_67_fu_382">
<pin_list>
<pin id="383" dir="0" index="0" bw="16" slack="0"/>
<pin id="384" dir="0" index="1" bw="32" slack="1"/>
<pin id="385" dir="1" index="2" bw="32" slack="0"/>
</pin_list>
<bind>
<opcode="shl(20) " fcode="shl"/>
<opset="tmp_67/5 "/>
</bind>
</comp>

<comp id="387" class="1004" name="m_9_fu_387">
<pin_list>
<pin id="388" dir="0" index="0" bw="1" slack="1"/>
<pin id="389" dir="0" index="1" bw="32" slack="0"/>
<pin id="390" dir="0" index="2" bw="32" slack="0"/>
<pin id="391" dir="1" index="3" bw="32" slack="0"/>
</pin_list>
<bind>
<opcode="select(49) " fcode="select"/>
<opset="m_9/5 "/>
</bind>
</comp>

<comp id="394" class="1004" name="m_1_fu_394">
<pin_list>
<pin id="395" dir="0" index="0" bw="32" slack="1"/>
<pin id="396" dir="0" index="1" bw="32" slack="0"/>
<pin id="397" dir="1" index="2" bw="32" slack="0"/>
</pin_list>
<bind>
<opcode="add(8) " fcode="add"/>
<opset="m_1/5 "/>
</bind>
</comp>

<comp id="399" class="1004" name="m_s_fu_399">
<pin_list>
<pin id="400" dir="0" index="0" bw="31" slack="0"/>
<pin id="401" dir="0" index="1" bw="32" slack="0"/>
<pin id="402" dir="0" index="2" bw="1" slack="0"/>
<pin id="403" dir="0" index="3" bw="6" slack="0"/>
<pin id="404" dir="1" index="4" bw="31" slack="0"/>
</pin_list>
<bind>
<opcode="partselect(1002) " fcode="partselect"/>
<opset="m_s/5 "/>
</bind>
</comp>

<comp id="409" class="1004" name="m_12_fu_409">
<pin_list>
<pin id="410" dir="0" index="0" bw="31" slack="0"/>
<pin id="411" dir="1" index="1" bw="32" slack="0"/>
</pin_list>
<bind>
<opcode="zext(34) " fcode="zext"/>
<opset="m_12/5 "/>
</bind>
</comp>

<comp id="413" class="1004" name="tmp_107_fu_413">
<pin_list>
<pin id="414" dir="0" index="0" bw="1" slack="0"/>
<pin id="415" dir="0" index="1" bw="32" slack="0"/>
<pin id="416" dir="0" index="2" bw="6" slack="0"/>
<pin id="417" dir="1" index="3" bw="1" slack="0"/>
</pin_list>
<bind>
<opcode="bitselect(1000) " fcode="bitselect"/>
<opset="tmp_107/5 "/>
</bind>
</comp>

<comp id="421" class="1004" name="tmp_165_cast_cast_fu_421">
<pin_list>
<pin id="422" dir="0" index="0" bw="1" slack="0"/>
<pin id="423" dir="0" index="1" bw="8" slack="0"/>
<pin id="424" dir="0" index="2" bw="8" slack="0"/>
<pin id="425" dir="1" index="3" bw="8" slack="0"/>
</pin_list>
<bind>
<opcode="select(49) " fcode="select"/>
<opset="tmp_165_cast_cast/5 "/>
</bind>
</comp>

<comp id="429" class="1004" name="tmp_68_fu_429">
<pin_list>
<pin id="430" dir="0" index="0" bw="4" slack="0"/>
<pin id="431" dir="0" index="1" bw="8" slack="2"/>
<pin id="432" dir="1" index="2" bw="8" slack="0"/>
</pin_list>
<bind>
<opcode="sub(10) " fcode="sub"/>
<opset="tmp_68/5 "/>
</bind>
</comp>

<comp id="434" class="1004" name="p_Repl2_13_trunc_fu_434">
<pin_list>
<pin id="435" dir="0" index="0" bw="8" slack="0"/>
<pin id="436" dir="0" index="1" bw="8" slack="0"/>
<pin id="437" dir="1" index="2" bw="8" slack="0"/>
</pin_list>
<bind>
<opcode="add(8) " fcode="add"/>
<opset="p_Repl2_13_trunc/5 "/>
</bind>
</comp>

<comp id="440" class="1004" name="tmp_69_fu_440">
<pin_list>
<pin id="441" dir="0" index="0" bw="9" slack="0"/>
<pin id="442" dir="0" index="1" bw="1" slack="2"/>
<pin id="443" dir="0" index="2" bw="8" slack="0"/>
<pin id="444" dir="1" index="3" bw="9" slack="0"/>
</pin_list>
<bind>
<opcode="bitconcatenate(1004) " fcode="bitconcatenate"/>
<opset="tmp_69/5 "/>
</bind>
</comp>

<comp id="447" class="1004" name="p_Result_35_fu_447">
<pin_list>
<pin id="448" dir="0" index="0" bw="32" slack="0"/>
<pin id="449" dir="0" index="1" bw="31" slack="0"/>
<pin id="450" dir="0" index="2" bw="9" slack="0"/>
<pin id="451" dir="0" index="3" bw="6" slack="0"/>
<pin id="452" dir="0" index="4" bw="6" slack="0"/>
<pin id="453" dir="1" index="5" bw="32" slack="0"/>
</pin_list>
<bind>
<opcode="partset(1003) " fcode="partset"/>
<opset="p_Result_35/5 "/>
</bind>
</comp>

<comp id="459" class="1004" name="p_Result_71_op_fu_459">
<pin_list>
<pin id="460" dir="0" index="0" bw="32" slack="0"/>
<pin id="461" dir="0" index="1" bw="32" slack="0"/>
<pin id="462" dir="1" index="2" bw="32" slack="0"/>
</pin_list>
<bind>
<opcode="xor(25) " fcode="xor"/>
<opset="p_Result_71_op/5 "/>
</bind>
</comp>

<comp id="465" class="1004" name="tmp_23_fu_465">
<pin_list>
<pin id="466" dir="0" index="0" bw="32" slack="0"/>
<pin id="467" dir="1" index="1" bw="32" slack="0"/>
</pin_list>
<bind>
<opcode="bitcast(44) " fcode="bitcast"/>
<opset="tmp_23/5 "/>
</bind>
</comp>

<comp id="469" class="1004" name="x_assign_fu_469">
<pin_list>
<pin id="470" dir="0" index="0" bw="1" slack="2"/>
<pin id="471" dir="0" index="1" bw="32" slack="0"/>
<pin id="472" dir="0" index="2" bw="32" slack="0"/>
<pin id="473" dir="1" index="3" bw="32" slack="1"/>
</pin_list>
<bind>
<opcode="select(49) " fcode="select"/>
<opset="x_assign/5 "/>
</bind>
</comp>

<comp id="476" class="1004" name="ireg_V_fu_476">
<pin_list>
<pin id="477" dir="0" index="0" bw="64" slack="0"/>
<pin id="478" dir="1" index="1" bw="64" slack="0"/>
</pin_list>
<bind>
<opcode="bitcast(44) " fcode="bitcast"/>
<opset="ireg_V/30 "/>
</bind>
</comp>

<comp id="480" class="1004" name="tmp_109_fu_480">
<pin_list>
<pin id="481" dir="0" index="0" bw="64" slack="0"/>
<pin id="482" dir="1" index="1" bw="63" slack="0"/>
</pin_list>
<bind>
<opcode="trunc(33) " fcode="trunc"/>
<opset="tmp_109/30 "/>
</bind>
</comp>

<comp id="484" class="1004" name="p_Result_36_fu_484">
<pin_list>
<pin id="485" dir="0" index="0" bw="1" slack="0"/>
<pin id="486" dir="0" index="1" bw="64" slack="0"/>
<pin id="487" dir="0" index="2" bw="7" slack="0"/>
<pin id="488" dir="1" index="3" bw="1" slack="1"/>
</pin_list>
<bind>
<opcode="bitselect(1000) " fcode="bitselect"/>
<opset="p_Result_36/30 "/>
</bind>
</comp>

<comp id="492" class="1004" name="exp_tmp_V_fu_492">
<pin_list>
<pin id="493" dir="0" index="0" bw="11" slack="0"/>
<pin id="494" dir="0" index="1" bw="64" slack="0"/>
<pin id="495" dir="0" index="2" bw="7" slack="0"/>
<pin id="496" dir="0" index="3" bw="7" slack="0"/>
<pin id="497" dir="1" index="4" bw="11" slack="0"/>
</pin_list>
<bind>
<opcode="partselect(1002) " fcode="partselect"/>
<opset="exp_tmp_V/30 "/>
</bind>
</comp>

<comp id="502" class="1004" name="tmp_71_fu_502">
<pin_list>
<pin id="503" dir="0" index="0" bw="11" slack="0"/>
<pin id="504" dir="1" index="1" bw="12" slack="0"/>
</pin_list>
<bind>
<opcode="zext(34) " fcode="zext"/>
<opset="tmp_71/30 "/>
</bind>
</comp>

<comp id="506" class="1004" name="tmp_111_fu_506">
<pin_list>
<pin id="507" dir="0" index="0" bw="64" slack="0"/>
<pin id="508" dir="1" index="1" bw="52" slack="1"/>
</pin_list>
<bind>
<opcode="trunc(33) " fcode="trunc"/>
<opset="tmp_111/30 "/>
</bind>
</comp>

<comp id="510" class="1004" name="tmp_73_fu_510">
<pin_list>
<pin id="511" dir="0" index="0" bw="63" slack="0"/>
<pin id="512" dir="0" index="1" bw="63" slack="0"/>
<pin id="513" dir="1" index="2" bw="1" slack="1"/>
</pin_list>
<bind>
<opcode="icmp(45) " fcode="icmp"/>
<opset="tmp_73/30 "/>
</bind>
</comp>

<comp id="516" class="1004" name="F2_fu_516">
<pin_list>
<pin id="517" dir="0" index="0" bw="12" slack="0"/>
<pin id="518" dir="0" index="1" bw="11" slack="0"/>
<pin id="519" dir="1" index="2" bw="12" slack="1"/>
</pin_list>
<bind>
<opcode="sub(10) " fcode="sub"/>
<opset="F2/30 "/>
</bind>
</comp>

<comp id="522" class="1004" name="tmp_72_fu_522">
<pin_list>
<pin id="523" dir="0" index="0" bw="53" slack="0"/>
<pin id="524" dir="0" index="1" bw="1" slack="0"/>
<pin id="525" dir="0" index="2" bw="52" slack="1"/>
<pin id="526" dir="1" index="3" bw="53" slack="0"/>
</pin_list>
<bind>
<opcode="bitconcatenate(1004) " fcode="bitconcatenate"/>
<opset="tmp_72/31 "/>
</bind>
</comp>

<comp id="529" class="1004" name="p_Result_37_fu_529">
<pin_list>
<pin id="530" dir="0" index="0" bw="53" slack="0"/>
<pin id="531" dir="1" index="1" bw="54" slack="0"/>
</pin_list>
<bind>
<opcode="zext(34) " fcode="zext"/>
<opset="p_Result_37/31 "/>
</bind>
</comp>

<comp id="533" class="1004" name="man_V_3_fu_533">
<pin_list>
<pin id="534" dir="0" index="0" bw="1" slack="0"/>
<pin id="535" dir="0" index="1" bw="53" slack="0"/>
<pin id="536" dir="1" index="2" bw="54" slack="0"/>
</pin_list>
<bind>
<opcode="sub(10) " fcode="sub"/>
<opset="man_V_3/31 "/>
</bind>
</comp>

<comp id="539" class="1004" name="man_V_4_fu_539">
<pin_list>
<pin id="540" dir="0" index="0" bw="1" slack="1"/>
<pin id="541" dir="0" index="1" bw="54" slack="0"/>
<pin id="542" dir="0" index="2" bw="54" slack="0"/>
<pin id="543" dir="1" index="3" bw="54" slack="0"/>
</pin_list>
<bind>
<opcode="select(49) " fcode="select"/>
<opset="man_V_4/31 "/>
</bind>
</comp>

<comp id="546" class="1004" name="tmp_74_fu_546">
<pin_list>
<pin id="547" dir="0" index="0" bw="12" slack="1"/>
<pin id="548" dir="0" index="1" bw="12" slack="0"/>
<pin id="549" dir="1" index="2" bw="1" slack="0"/>
</pin_list>
<bind>
<opcode="icmp(45) " fcode="icmp"/>
<opset="tmp_74/31 "/>
</bind>
</comp>

<comp id="551" class="1004" name="tmp_75_fu_551">
<pin_list>
<pin id="552" dir="0" index="0" bw="5" slack="0"/>
<pin id="553" dir="0" index="1" bw="12" slack="1"/>
<pin id="554" dir="1" index="2" bw="12" slack="0"/>
</pin_list>
<bind>
<opcode="add(8) " fcode="add"/>
<opset="tmp_75/31 "/>
</bind>
</comp>

<comp id="556" class="1004" name="tmp_76_fu_556">
<pin_list>
<pin id="557" dir="0" index="0" bw="5" slack="0"/>
<pin id="558" dir="0" index="1" bw="12" slack="1"/>
<pin id="559" dir="1" index="2" bw="12" slack="0"/>
</pin_list>
<bind>
<opcode="sub(10) " fcode="sub"/>
<opset="tmp_76/31 "/>
</bind>
</comp>

<comp id="561" class="1004" name="sh_amt_fu_561">
<pin_list>
<pin id="562" dir="0" index="0" bw="1" slack="0"/>
<pin id="563" dir="0" index="1" bw="12" slack="0"/>
<pin id="564" dir="0" index="2" bw="12" slack="0"/>
<pin id="565" dir="1" index="3" bw="12" slack="0"/>
</pin_list>
<bind>
<opcode="select(49) " fcode="select"/>
<opset="sh_amt/31 "/>
</bind>
</comp>

<comp id="569" class="1004" name="sh_amt_cast_fu_569">
<pin_list>
<pin id="570" dir="0" index="0" bw="12" slack="0"/>
<pin id="571" dir="1" index="1" bw="32" slack="0"/>
</pin_list>
<bind>
<opcode="sext(35) " fcode="sext"/>
<opset="sh_amt_cast/31 "/>
</bind>
</comp>

<comp id="573" class="1004" name="tmp_77_fu_573">
<pin_list>
<pin id="574" dir="0" index="0" bw="12" slack="1"/>
<pin id="575" dir="0" index="1" bw="12" slack="0"/>
<pin id="576" dir="1" index="2" bw="1" slack="0"/>
</pin_list>
<bind>
<opcode="icmp(45) " fcode="icmp"/>
<opset="tmp_77/31 "/>
</bind>
</comp>

<comp id="578" class="1004" name="tmp_112_fu_578">
<pin_list>
<pin id="579" dir="0" index="0" bw="54" slack="0"/>
<pin id="580" dir="1" index="1" bw="16" slack="0"/>
</pin_list>
<bind>
<opcode="trunc(33) " fcode="trunc"/>
<opset="tmp_112/31 "/>
</bind>
</comp>

<comp id="582" class="1004" name="tmp_78_fu_582">
<pin_list>
<pin id="583" dir="0" index="0" bw="12" slack="0"/>
<pin id="584" dir="0" index="1" bw="12" slack="0"/>
<pin id="585" dir="1" index="2" bw="1" slack="0"/>
</pin_list>
<bind>
<opcode="icmp(45) " fcode="icmp"/>
<opset="tmp_78/31 "/>
</bind>
</comp>

<comp id="588" class="1004" name="tmp_113_fu_588">
<pin_list>
<pin id="589" dir="0" index="0" bw="8" slack="0"/>
<pin id="590" dir="0" index="1" bw="12" slack="0"/>
<pin id="591" dir="0" index="2" bw="4" slack="0"/>
<pin id="592" dir="0" index="3" bw="5" slack="0"/>
<pin id="593" dir="1" index="4" bw="8" slack="0"/>
</pin_list>
<bind>
<opcode="partselect(1002) " fcode="partselect"/>
<opset="tmp_113/31 "/>
</bind>
</comp>

<comp id="598" class="1004" name="icmp3_fu_598">
<pin_list>
<pin id="599" dir="0" index="0" bw="8" slack="0"/>
<pin id="600" dir="0" index="1" bw="8" slack="0"/>
<pin id="601" dir="1" index="2" bw="1" slack="0"/>
</pin_list>
<bind>
<opcode="icmp(45) " fcode="icmp"/>
<opset="icmp3/31 "/>
</bind>
</comp>

<comp id="604" class="1004" name="tmp_79_fu_604">
<pin_list>
<pin id="605" dir="0" index="0" bw="12" slack="0"/>
<pin id="606" dir="1" index="1" bw="54" slack="0"/>
</pin_list>
<bind>
<opcode="zext(34) " fcode="zext"/>
<opset="tmp_79/31 "/>
</bind>
</comp>

<comp id="608" class="1004" name="tmp_80_fu_608">
<pin_list>
<pin id="609" dir="0" index="0" bw="54" slack="0"/>
<pin id="610" dir="0" index="1" bw="32" slack="0"/>
<pin id="611" dir="1" index="2" bw="54" slack="0"/>
</pin_list>
<bind>
<opcode="ashr(22) " fcode="ashr"/>
<opset="tmp_80/31 "/>
</bind>
</comp>

<comp id="614" class="1004" name="tmp_114_fu_614">
<pin_list>
<pin id="615" dir="0" index="0" bw="54" slack="0"/>
<pin id="616" dir="1" index="1" bw="16" slack="0"/>
</pin_list>
<bind>
<opcode="trunc(33) " fcode="trunc"/>
<opset="tmp_114/31 "/>
</bind>
</comp>

<comp id="618" class="1004" name="ireg_V_to_int_fu_618">
<pin_list>
<pin id="619" dir="0" index="0" bw="32" slack="2"/>
<pin id="620" dir="1" index="1" bw="32" slack="0"/>
</pin_list>
<bind>
<opcode="bitcast(44) " fcode="bitcast"/>
<opset="ireg_V_to_int/31 "/>
</bind>
</comp>

<comp id="621" class="1004" name="tmp_115_fu_621">
<pin_list>
<pin id="622" dir="0" index="0" bw="1" slack="0"/>
<pin id="623" dir="0" index="1" bw="32" slack="0"/>
<pin id="624" dir="0" index="2" bw="6" slack="0"/>
<pin id="625" dir="1" index="3" bw="1" slack="0"/>
</pin_list>
<bind>
<opcode="bitselect(1000) " fcode="bitselect"/>
<opset="tmp_115/31 "/>
</bind>
</comp>

<comp id="629" class="1004" name="tmp_81_fu_629">
<pin_list>
<pin id="630" dir="0" index="0" bw="1" slack="0"/>
<pin id="631" dir="0" index="1" bw="16" slack="0"/>
<pin id="632" dir="0" index="2" bw="16" slack="0"/>
<pin id="633" dir="1" index="3" bw="16" slack="0"/>
</pin_list>
<bind>
<opcode="select(49) " fcode="select"/>
<opset="tmp_81/31 "/>
</bind>
</comp>

<comp id="637" class="1004" name="tmp_82_fu_637">
<pin_list>
<pin id="638" dir="0" index="0" bw="16" slack="0"/>
<pin id="639" dir="1" index="1" bw="32" slack="0"/>
</pin_list>
<bind>
<opcode="sext(35) " fcode="sext"/>
<opset="tmp_82/31 "/>
</bind>
</comp>

<comp id="641" class="1004" name="tmp_83_fu_641">
<pin_list>
<pin id="642" dir="0" index="0" bw="16" slack="0"/>
<pin id="643" dir="0" index="1" bw="12" slack="0"/>
<pin id="644" dir="1" index="2" bw="32" slack="0"/>
</pin_list>
<bind>
<opcode="shl(20) " fcode="shl"/>
<opset="tmp_83/31 "/>
</bind>
</comp>

<comp id="647" class="1004" name="tmp_116_fu_647">
<pin_list>
<pin id="648" dir="0" index="0" bw="32" slack="0"/>
<pin id="649" dir="1" index="1" bw="16" slack="0"/>
</pin_list>
<bind>
<opcode="trunc(33) " fcode="trunc"/>
<opset="tmp_116/31 "/>
</bind>
</comp>

<comp id="651" class="1004" name="sel_tmp1_fu_651">
<pin_list>
<pin id="652" dir="0" index="0" bw="1" slack="1"/>
<pin id="653" dir="0" index="1" bw="1" slack="0"/>
<pin id="654" dir="1" index="2" bw="1" slack="0"/>
</pin_list>
<bind>
<opcode="xor(25) " fcode="xor"/>
<opset="sel_tmp1/31 "/>
</bind>
</comp>

<comp id="656" class="1004" name="sel_tmp2_fu_656">
<pin_list>
<pin id="657" dir="0" index="0" bw="1" slack="0"/>
<pin id="658" dir="0" index="1" bw="1" slack="0"/>
<pin id="659" dir="1" index="2" bw="1" slack="0"/>
</pin_list>
<bind>
<opcode="and(23) " fcode="and"/>
<opset="sel_tmp2/31 "/>
</bind>
</comp>

<comp id="662" class="1004" name="sel_tmp6_demorgan_fu_662">
<pin_list>
<pin id="663" dir="0" index="0" bw="1" slack="1"/>
<pin id="664" dir="0" index="1" bw="1" slack="0"/>
<pin id="665" dir="1" index="2" bw="1" slack="0"/>
</pin_list>
<bind>
<opcode="or(24) " fcode="or"/>
<opset="sel_tmp6_demorgan/31 "/>
</bind>
</comp>

<comp id="667" class="1004" name="sel_tmp6_fu_667">
<pin_list>
<pin id="668" dir="0" index="0" bw="1" slack="0"/>
<pin id="669" dir="0" index="1" bw="1" slack="0"/>
<pin id="670" dir="1" index="2" bw="1" slack="0"/>
</pin_list>
<bind>
<opcode="xor(25) " fcode="xor"/>
<opset="sel_tmp6/31 "/>
</bind>
</comp>

<comp id="673" class="1004" name="sel_tmp7_fu_673">
<pin_list>
<pin id="674" dir="0" index="0" bw="1" slack="0"/>
<pin id="675" dir="0" index="1" bw="1" slack="0"/>
<pin id="676" dir="1" index="2" bw="1" slack="0"/>
</pin_list>
<bind>
<opcode="and(23) " fcode="and"/>
<opset="sel_tmp7/31 "/>
</bind>
</comp>

<comp id="679" class="1004" name="sel_tmp8_fu_679">
<pin_list>
<pin id="680" dir="0" index="0" bw="1" slack="0"/>
<pin id="681" dir="0" index="1" bw="1" slack="0"/>
<pin id="682" dir="1" index="2" bw="1" slack="0"/>
</pin_list>
<bind>
<opcode="xor(25) " fcode="xor"/>
<opset="sel_tmp8/31 "/>
</bind>
</comp>

<comp id="685" class="1004" name="sel_tmp9_fu_685">
<pin_list>
<pin id="686" dir="0" index="0" bw="1" slack="0"/>
<pin id="687" dir="0" index="1" bw="1" slack="0"/>
<pin id="688" dir="1" index="2" bw="1" slack="0"/>
</pin_list>
<bind>
<opcode="and(23) " fcode="and"/>
<opset="sel_tmp9/31 "/>
</bind>
</comp>

<comp id="691" class="1004" name="sel_tmp_fu_691">
<pin_list>
<pin id="692" dir="0" index="0" bw="1" slack="0"/>
<pin id="693" dir="0" index="1" bw="1" slack="0"/>
<pin id="694" dir="1" index="2" bw="1" slack="0"/>
</pin_list>
<bind>
<opcode="and(23) " fcode="and"/>
<opset="sel_tmp/31 "/>
</bind>
</comp>

<comp id="697" class="1004" name="sel_tmp21_demorgan_fu_697">
<pin_list>
<pin id="698" dir="0" index="0" bw="1" slack="0"/>
<pin id="699" dir="0" index="1" bw="1" slack="0"/>
<pin id="700" dir="1" index="2" bw="1" slack="0"/>
</pin_list>
<bind>
<opcode="or(24) " fcode="or"/>
<opset="sel_tmp21_demorgan/31 "/>
</bind>
</comp>

<comp id="703" class="1004" name="sel_tmp4_fu_703">
<pin_list>
<pin id="704" dir="0" index="0" bw="1" slack="0"/>
<pin id="705" dir="0" index="1" bw="1" slack="0"/>
<pin id="706" dir="1" index="2" bw="1" slack="0"/>
</pin_list>
<bind>
<opcode="xor(25) " fcode="xor"/>
<opset="sel_tmp4/31 "/>
</bind>
</comp>

<comp id="709" class="1004" name="sel_tmp5_fu_709">
<pin_list>
<pin id="710" dir="0" index="0" bw="1" slack="0"/>
<pin id="711" dir="0" index="1" bw="1" slack="0"/>
<pin id="712" dir="1" index="2" bw="1" slack="0"/>
</pin_list>
<bind>
<opcode="and(23) " fcode="and"/>
<opset="sel_tmp5/31 "/>
</bind>
</comp>

<comp id="715" class="1004" name="newSel_fu_715">
<pin_list>
<pin id="716" dir="0" index="0" bw="1" slack="0"/>
<pin id="717" dir="0" index="1" bw="16" slack="0"/>
<pin id="718" dir="0" index="2" bw="16" slack="0"/>
<pin id="719" dir="1" index="3" bw="16" slack="0"/>
</pin_list>
<bind>
<opcode="select(49) " fcode="select"/>
<opset="newSel/31 "/>
</bind>
</comp>

<comp id="723" class="1004" name="or_cond_fu_723">
<pin_list>
<pin id="724" dir="0" index="0" bw="1" slack="0"/>
<pin id="725" dir="0" index="1" bw="1" slack="0"/>
<pin id="726" dir="1" index="2" bw="1" slack="0"/>
</pin_list>
<bind>
<opcode="or(24) " fcode="or"/>
<opset="or_cond/31 "/>
</bind>
</comp>

<comp id="729" class="1004" name="newSel7_fu_729">
<pin_list>
<pin id="730" dir="0" index="0" bw="1" slack="0"/>
<pin id="731" dir="0" index="1" bw="16" slack="0"/>
<pin id="732" dir="0" index="2" bw="16" slack="0"/>
<pin id="733" dir="1" index="3" bw="16" slack="0"/>
</pin_list>
<bind>
<opcode="select(49) " fcode="select"/>
<opset="newSel7/31 "/>
</bind>
</comp>

<comp id="737" class="1004" name="or_cond5_fu_737">
<pin_list>
<pin id="738" dir="0" index="0" bw="1" slack="0"/>
<pin id="739" dir="0" index="1" bw="1" slack="0"/>
<pin id="740" dir="1" index="2" bw="1" slack="0"/>
</pin_list>
<bind>
<opcode="or(24) " fcode="or"/>
<opset="or_cond5/31 "/>
</bind>
</comp>

<comp id="743" class="1004" name="newSel8_fu_743">
<pin_list>
<pin id="744" dir="0" index="0" bw="1" slack="0"/>
<pin id="745" dir="0" index="1" bw="16" slack="0"/>
<pin id="746" dir="0" index="2" bw="16" slack="0"/>
<pin id="747" dir="1" index="3" bw="16" slack="0"/>
</pin_list>
<bind>
<opcode="select(49) " fcode="select"/>
<opset="newSel8/31 "/>
</bind>
</comp>

<comp id="751" class="1004" name="or_cond6_fu_751">
<pin_list>
<pin id="752" dir="0" index="0" bw="1" slack="0"/>
<pin id="753" dir="0" index="1" bw="1" slack="0"/>
<pin id="754" dir="1" index="2" bw="1" slack="0"/>
</pin_list>
<bind>
<opcode="or(24) " fcode="or"/>
<opset="or_cond6/31 "/>
</bind>
</comp>

<comp id="757" class="1004" name="newSel9_fu_757">
<pin_list>
<pin id="758" dir="0" index="0" bw="1" slack="0"/>
<pin id="759" dir="0" index="1" bw="16" slack="0"/>
<pin id="760" dir="0" index="2" bw="16" slack="0"/>
<pin id="761" dir="1" index="3" bw="16" slack="1"/>
</pin_list>
<bind>
<opcode="select(49) " fcode="select"/>
<opset="newSel9/31 "/>
</bind>
</comp>

<comp id="765" class="1005" name="exitcond_reg_765">
<pin_list>
<pin id="766" dir="0" index="0" bw="1" slack="1"/>
<pin id="767" dir="1" index="1" bw="1" slack="2147483647"/>
</pin_list>
<bind>
<opset="exitcond "/>
</bind>
</comp>

<comp id="769" class="1005" name="i_2_reg_769">
<pin_list>
<pin id="770" dir="0" index="0" bw="8" slack="0"/>
<pin id="771" dir="1" index="1" bw="8" slack="0"/>
</pin_list>
<bind>
<opset="i_2 "/>
</bind>
</comp>

<comp id="774" class="1005" name="x_V_addr_reg_774">
<pin_list>
<pin id="775" dir="0" index="0" bw="7" slack="1"/>
<pin id="776" dir="1" index="1" bw="7" slack="1"/>
</pin_list>
<bind>
<opset="x_V_addr "/>
</bind>
</comp>

<comp id="780" class="1005" name="tmp_s_reg_780">
<pin_list>
<pin id="781" dir="0" index="0" bw="1" slack="1"/>
<pin id="782" dir="1" index="1" bw="1" slack="2"/>
</pin_list>
<bind>
<opset="tmp_s "/>
</bind>
</comp>

<comp id="785" class="1005" name="p_Result_33_reg_785">
<pin_list>
<pin id="786" dir="0" index="0" bw="1" slack="2"/>
<pin id="787" dir="1" index="1" bw="1" slack="2"/>
</pin_list>
<bind>
<opset="p_Result_33 "/>
</bind>
</comp>

<comp id="790" class="1005" name="tmp_V_12_reg_790">
<pin_list>
<pin id="791" dir="0" index="0" bw="16" slack="1"/>
<pin id="792" dir="1" index="1" bw="16" slack="1"/>
</pin_list>
<bind>
<opset="tmp_V_12 "/>
</bind>
</comp>

<comp id="797" class="1005" name="l_reg_797">
<pin_list>
<pin id="798" dir="0" index="0" bw="32" slack="1"/>
<pin id="799" dir="1" index="1" bw="32" slack="1"/>
</pin_list>
<bind>
<opset="l "/>
</bind>
</comp>

<comp id="802" class="1005" name="tmp_108_reg_802">
<pin_list>
<pin id="803" dir="0" index="0" bw="8" slack="2"/>
<pin id="804" dir="1" index="1" bw="8" slack="2"/>
</pin_list>
<bind>
<opset="tmp_108 "/>
</bind>
</comp>

<comp id="807" class="1005" name="tmp_62_reg_807">
<pin_list>
<pin id="808" dir="0" index="0" bw="32" slack="1"/>
<pin id="809" dir="1" index="1" bw="32" slack="1"/>
</pin_list>
<bind>
<opset="tmp_62 "/>
</bind>
</comp>

<comp id="812" class="1005" name="tmp_63_reg_812">
<pin_list>
<pin id="813" dir="0" index="0" bw="1" slack="1"/>
<pin id="814" dir="1" index="1" bw="1" slack="1"/>
</pin_list>
<bind>
<opset="tmp_63 "/>
</bind>
</comp>

<comp id="817" class="1005" name="tmp_64_reg_817">
<pin_list>
<pin id="818" dir="0" index="0" bw="32" slack="1"/>
<pin id="819" dir="1" index="1" bw="32" slack="1"/>
</pin_list>
<bind>
<opset="tmp_64 "/>
</bind>
</comp>

<comp id="822" class="1005" name="tmp_66_reg_822">
<pin_list>
<pin id="823" dir="0" index="0" bw="32" slack="1"/>
<pin id="824" dir="1" index="1" bw="32" slack="1"/>
</pin_list>
<bind>
<opset="tmp_66 "/>
</bind>
</comp>

<comp id="827" class="1005" name="x_assign_reg_827">
<pin_list>
<pin id="828" dir="0" index="0" bw="32" slack="1"/>
<pin id="829" dir="1" index="1" bw="32" slack="1"/>
</pin_list>
<bind>
<opset="x_assign "/>
</bind>
</comp>

<comp id="832" class="1005" name="tmp_i_i_reg_832">
<pin_list>
<pin id="833" dir="0" index="0" bw="32" slack="1"/>
<pin id="834" dir="1" index="1" bw="32" slack="1"/>
</pin_list>
<bind>
<opset="tmp_i_i "/>
</bind>
</comp>

<comp id="837" class="1005" name="tmp_70_reg_837">
<pin_list>
<pin id="838" dir="0" index="0" bw="32" slack="1"/>
<pin id="839" dir="1" index="1" bw="32" slack="1"/>
</pin_list>
<bind>
<opset="tmp_70 "/>
</bind>
</comp>

<comp id="842" class="1005" name="v_assign_reg_842">
<pin_list>
<pin id="843" dir="0" index="0" bw="32" slack="1"/>
<pin id="844" dir="1" index="1" bw="32" slack="1"/>
</pin_list>
<bind>
<opset="v_assign "/>
</bind>
</comp>

<comp id="848" class="1005" name="p_Result_36_reg_848">
<pin_list>
<pin id="849" dir="0" index="0" bw="1" slack="1"/>
<pin id="850" dir="1" index="1" bw="1" slack="1"/>
</pin_list>
<bind>
<opset="p_Result_36 "/>
</bind>
</comp>

<comp id="853" class="1005" name="tmp_111_reg_853">
<pin_list>
<pin id="854" dir="0" index="0" bw="52" slack="1"/>
<pin id="855" dir="1" index="1" bw="52" slack="1"/>
</pin_list>
<bind>
<opset="tmp_111 "/>
</bind>
</comp>

<comp id="858" class="1005" name="tmp_73_reg_858">
<pin_list>
<pin id="859" dir="0" index="0" bw="1" slack="1"/>
<pin id="860" dir="1" index="1" bw="1" slack="1"/>
</pin_list>
<bind>
<opset="tmp_73 "/>
</bind>
</comp>

<comp id="864" class="1005" name="F2_reg_864">
<pin_list>
<pin id="865" dir="0" index="0" bw="12" slack="1"/>
<pin id="866" dir="1" index="1" bw="12" slack="1"/>
</pin_list>
<bind>
<opset="F2 "/>
</bind>
</comp>

<comp id="872" class="1005" name="newSel9_reg_872">
<pin_list>
<pin id="873" dir="0" index="0" bw="16" slack="1"/>
<pin id="874" dir="1" index="1" bw="16" slack="1"/>
</pin_list>
<bind>
<opset="newSel9 "/>
</bind>
</comp>

</comp_list>

<net_list>
<net id="125"><net_src comp="0" pin="0"/><net_sink comp="120" pin=0"/></net>

<net id="126"><net_src comp="12" pin="0"/><net_sink comp="120" pin=1"/></net>

<net id="132"><net_src comp="120" pin="3"/><net_sink comp="127" pin=0"/></net>

<net id="140"><net_src comp="2" pin="0"/><net_sink comp="137" pin=0"/></net>

<net id="147"><net_src comp="137" pin="1"/><net_sink comp="141" pin=0"/></net>

<net id="152"><net_src comp="76" pin="0"/><net_sink comp="148" pin=1"/></net>

<net id="157"><net_src comp="76" pin="0"/><net_sink comp="153" pin=0"/></net>

<net id="165"><net_src comp="74" pin="0"/><net_sink comp="161" pin=0"/></net>

<net id="170"><net_src comp="141" pin="4"/><net_sink comp="166" pin=0"/></net>

<net id="171"><net_src comp="4" pin="0"/><net_sink comp="166" pin=1"/></net>

<net id="176"><net_src comp="141" pin="4"/><net_sink comp="172" pin=0"/></net>

<net id="177"><net_src comp="10" pin="0"/><net_sink comp="172" pin=1"/></net>

<net id="181"><net_src comp="141" pin="4"/><net_sink comp="178" pin=0"/></net>

<net id="182"><net_src comp="178" pin="1"/><net_sink comp="120" pin=2"/></net>

<net id="187"><net_src comp="127" pin="3"/><net_sink comp="183" pin=0"/></net>

<net id="188"><net_src comp="14" pin="0"/><net_sink comp="183" pin=1"/></net>

<net id="194"><net_src comp="16" pin="0"/><net_sink comp="189" pin=0"/></net>

<net id="195"><net_src comp="127" pin="3"/><net_sink comp="189" pin=1"/></net>

<net id="196"><net_src comp="18" pin="0"/><net_sink comp="189" pin=2"/></net>

<net id="201"><net_src comp="14" pin="0"/><net_sink comp="197" pin=0"/></net>

<net id="202"><net_src comp="127" pin="3"/><net_sink comp="197" pin=1"/></net>

<net id="208"><net_src comp="189" pin="3"/><net_sink comp="203" pin=0"/></net>

<net id="209"><net_src comp="197" pin="2"/><net_sink comp="203" pin=1"/></net>

<net id="210"><net_src comp="127" pin="3"/><net_sink comp="203" pin=2"/></net>

<net id="217"><net_src comp="20" pin="0"/><net_sink comp="211" pin=0"/></net>

<net id="218"><net_src comp="203" pin="3"/><net_sink comp="211" pin=1"/></net>

<net id="219"><net_src comp="18" pin="0"/><net_sink comp="211" pin=2"/></net>

<net id="220"><net_src comp="22" pin="0"/><net_sink comp="211" pin=3"/></net>

<net id="226"><net_src comp="24" pin="0"/><net_sink comp="221" pin=0"/></net>

<net id="227"><net_src comp="26" pin="0"/><net_sink comp="221" pin=1"/></net>

<net id="228"><net_src comp="211" pin="4"/><net_sink comp="221" pin=2"/></net>

<net id="234"><net_src comp="28" pin="0"/><net_sink comp="229" pin=0"/></net>

<net id="235"><net_src comp="221" pin="3"/><net_sink comp="229" pin=1"/></net>

<net id="236"><net_src comp="30" pin="0"/><net_sink comp="229" pin=2"/></net>

<net id="240"><net_src comp="229" pin="3"/><net_sink comp="237" pin=0"/></net>

<net id="245"><net_src comp="32" pin="0"/><net_sink comp="241" pin=0"/></net>

<net id="249"><net_src comp="241" pin="2"/><net_sink comp="246" pin=0"/></net>

<net id="254"><net_src comp="34" pin="0"/><net_sink comp="250" pin=0"/></net>

<net id="255"><net_src comp="241" pin="2"/><net_sink comp="250" pin=1"/></net>

<net id="262"><net_src comp="36" pin="0"/><net_sink comp="256" pin=0"/></net>

<net id="263"><net_src comp="250" pin="2"/><net_sink comp="256" pin=1"/></net>

<net id="264"><net_src comp="38" pin="0"/><net_sink comp="256" pin=2"/></net>

<net id="265"><net_src comp="40" pin="0"/><net_sink comp="256" pin=3"/></net>

<net id="270"><net_src comp="256" pin="4"/><net_sink comp="266" pin=0"/></net>

<net id="271"><net_src comp="42" pin="0"/><net_sink comp="266" pin=1"/></net>

<net id="275"><net_src comp="241" pin="2"/><net_sink comp="272" pin=0"/></net>

<net id="280"><net_src comp="44" pin="0"/><net_sink comp="276" pin=0"/></net>

<net id="281"><net_src comp="272" pin="1"/><net_sink comp="276" pin=1"/></net>

<net id="285"><net_src comp="276" pin="2"/><net_sink comp="282" pin=0"/></net>

<net id="290"><net_src comp="26" pin="0"/><net_sink comp="286" pin=0"/></net>

<net id="291"><net_src comp="282" pin="1"/><net_sink comp="286" pin=1"/></net>

<net id="296"><net_src comp="286" pin="2"/><net_sink comp="292" pin=1"/></net>

<net id="301"><net_src comp="292" pin="2"/><net_sink comp="297" pin=0"/></net>

<net id="302"><net_src comp="14" pin="0"/><net_sink comp="297" pin=1"/></net>

<net id="307"><net_src comp="266" pin="2"/><net_sink comp="303" pin=0"/></net>

<net id="308"><net_src comp="297" pin="2"/><net_sink comp="303" pin=1"/></net>

<net id="314"><net_src comp="46" pin="0"/><net_sink comp="309" pin=0"/></net>

<net id="315"><net_src comp="250" pin="2"/><net_sink comp="309" pin=1"/></net>

<net id="316"><net_src comp="40" pin="0"/><net_sink comp="309" pin=2"/></net>

<net id="321"><net_src comp="309" pin="3"/><net_sink comp="317" pin=0"/></net>

<net id="322"><net_src comp="30" pin="0"/><net_sink comp="317" pin=1"/></net>

<net id="327"><net_src comp="48" pin="0"/><net_sink comp="323" pin=0"/></net>

<net id="328"><net_src comp="246" pin="1"/><net_sink comp="323" pin=1"/></net>

<net id="334"><net_src comp="50" pin="0"/><net_sink comp="329" pin=0"/></net>

<net id="335"><net_src comp="323" pin="2"/><net_sink comp="329" pin=2"/></net>

<net id="340"><net_src comp="329" pin="3"/><net_sink comp="336" pin=0"/></net>

<net id="341"><net_src comp="317" pin="2"/><net_sink comp="336" pin=1"/></net>

<net id="346"><net_src comp="336" pin="2"/><net_sink comp="342" pin=0"/></net>

<net id="347"><net_src comp="303" pin="2"/><net_sink comp="342" pin=1"/></net>

<net id="353"><net_src comp="52" pin="0"/><net_sink comp="348" pin=0"/></net>

<net id="354"><net_src comp="42" pin="0"/><net_sink comp="348" pin=1"/></net>

<net id="355"><net_src comp="342" pin="2"/><net_sink comp="348" pin=2"/></net>

<net id="360"><net_src comp="250" pin="2"/><net_sink comp="356" pin=0"/></net>

<net id="361"><net_src comp="22" pin="0"/><net_sink comp="356" pin=1"/></net>

<net id="366"><net_src comp="54" pin="0"/><net_sink comp="362" pin=0"/></net>

<net id="367"><net_src comp="241" pin="2"/><net_sink comp="362" pin=1"/></net>

<net id="372"><net_src comp="56" pin="0"/><net_sink comp="368" pin=0"/></net>

<net id="373"><net_src comp="241" pin="2"/><net_sink comp="368" pin=1"/></net>

<net id="381"><net_src comp="374" pin="1"/><net_sink comp="377" pin=0"/></net>

<net id="386"><net_src comp="374" pin="1"/><net_sink comp="382" pin=0"/></net>

<net id="392"><net_src comp="377" pin="2"/><net_sink comp="387" pin=1"/></net>

<net id="393"><net_src comp="382" pin="2"/><net_sink comp="387" pin=2"/></net>

<net id="398"><net_src comp="387" pin="3"/><net_sink comp="394" pin=1"/></net>

<net id="405"><net_src comp="36" pin="0"/><net_sink comp="399" pin=0"/></net>

<net id="406"><net_src comp="394" pin="2"/><net_sink comp="399" pin=1"/></net>

<net id="407"><net_src comp="38" pin="0"/><net_sink comp="399" pin=2"/></net>

<net id="408"><net_src comp="40" pin="0"/><net_sink comp="399" pin=3"/></net>

<net id="412"><net_src comp="399" pin="4"/><net_sink comp="409" pin=0"/></net>

<net id="418"><net_src comp="46" pin="0"/><net_sink comp="413" pin=0"/></net>

<net id="419"><net_src comp="394" pin="2"/><net_sink comp="413" pin=1"/></net>

<net id="420"><net_src comp="56" pin="0"/><net_sink comp="413" pin=2"/></net>

<net id="426"><net_src comp="413" pin="3"/><net_sink comp="421" pin=0"/></net>

<net id="427"><net_src comp="58" pin="0"/><net_sink comp="421" pin=1"/></net>

<net id="428"><net_src comp="60" pin="0"/><net_sink comp="421" pin=2"/></net>

<net id="433"><net_src comp="62" pin="0"/><net_sink comp="429" pin=0"/></net>

<net id="438"><net_src comp="429" pin="2"/><net_sink comp="434" pin=0"/></net>

<net id="439"><net_src comp="421" pin="3"/><net_sink comp="434" pin=1"/></net>

<net id="445"><net_src comp="64" pin="0"/><net_sink comp="440" pin=0"/></net>

<net id="446"><net_src comp="434" pin="2"/><net_sink comp="440" pin=2"/></net>

<net id="454"><net_src comp="66" pin="0"/><net_sink comp="447" pin=0"/></net>

<net id="455"><net_src comp="409" pin="1"/><net_sink comp="447" pin=1"/></net>

<net id="456"><net_src comp="440" pin="3"/><net_sink comp="447" pin=2"/></net>

<net id="457"><net_src comp="68" pin="0"/><net_sink comp="447" pin=3"/></net>

<net id="458"><net_src comp="40" pin="0"/><net_sink comp="447" pin=4"/></net>

<net id="463"><net_src comp="447" pin="5"/><net_sink comp="459" pin=0"/></net>

<net id="464"><net_src comp="70" pin="0"/><net_sink comp="459" pin=1"/></net>

<net id="468"><net_src comp="459" pin="2"/><net_sink comp="465" pin=0"/></net>

<net id="474"><net_src comp="72" pin="0"/><net_sink comp="469" pin=1"/></net>

<net id="475"><net_src comp="465" pin="1"/><net_sink comp="469" pin=2"/></net>

<net id="479"><net_src comp="158" pin="1"/><net_sink comp="476" pin=0"/></net>

<net id="483"><net_src comp="476" pin="1"/><net_sink comp="480" pin=0"/></net>

<net id="489"><net_src comp="78" pin="0"/><net_sink comp="484" pin=0"/></net>

<net id="490"><net_src comp="476" pin="1"/><net_sink comp="484" pin=1"/></net>

<net id="491"><net_src comp="80" pin="0"/><net_sink comp="484" pin=2"/></net>

<net id="498"><net_src comp="82" pin="0"/><net_sink comp="492" pin=0"/></net>

<net id="499"><net_src comp="476" pin="1"/><net_sink comp="492" pin=1"/></net>

<net id="500"><net_src comp="84" pin="0"/><net_sink comp="492" pin=2"/></net>

<net id="501"><net_src comp="86" pin="0"/><net_sink comp="492" pin=3"/></net>

<net id="505"><net_src comp="492" pin="4"/><net_sink comp="502" pin=0"/></net>

<net id="509"><net_src comp="476" pin="1"/><net_sink comp="506" pin=0"/></net>

<net id="514"><net_src comp="480" pin="1"/><net_sink comp="510" pin=0"/></net>

<net id="515"><net_src comp="88" pin="0"/><net_sink comp="510" pin=1"/></net>

<net id="520"><net_src comp="90" pin="0"/><net_sink comp="516" pin=0"/></net>

<net id="521"><net_src comp="502" pin="1"/><net_sink comp="516" pin=1"/></net>

<net id="527"><net_src comp="92" pin="0"/><net_sink comp="522" pin=0"/></net>

<net id="528"><net_src comp="30" pin="0"/><net_sink comp="522" pin=1"/></net>

<net id="532"><net_src comp="522" pin="3"/><net_sink comp="529" pin=0"/></net>

<net id="537"><net_src comp="94" pin="0"/><net_sink comp="533" pin=0"/></net>

<net id="538"><net_src comp="529" pin="1"/><net_sink comp="533" pin=1"/></net>

<net id="544"><net_src comp="533" pin="2"/><net_sink comp="539" pin=1"/></net>

<net id="545"><net_src comp="529" pin="1"/><net_sink comp="539" pin=2"/></net>

<net id="550"><net_src comp="96" pin="0"/><net_sink comp="546" pin=1"/></net>

<net id="555"><net_src comp="98" pin="0"/><net_sink comp="551" pin=0"/></net>

<net id="560"><net_src comp="96" pin="0"/><net_sink comp="556" pin=0"/></net>

<net id="566"><net_src comp="546" pin="2"/><net_sink comp="561" pin=0"/></net>

<net id="567"><net_src comp="551" pin="2"/><net_sink comp="561" pin=1"/></net>

<net id="568"><net_src comp="556" pin="2"/><net_sink comp="561" pin=2"/></net>

<net id="572"><net_src comp="561" pin="3"/><net_sink comp="569" pin=0"/></net>

<net id="577"><net_src comp="96" pin="0"/><net_sink comp="573" pin=1"/></net>

<net id="581"><net_src comp="539" pin="3"/><net_sink comp="578" pin=0"/></net>

<net id="586"><net_src comp="561" pin="3"/><net_sink comp="582" pin=0"/></net>

<net id="587"><net_src comp="100" pin="0"/><net_sink comp="582" pin=1"/></net>

<net id="594"><net_src comp="102" pin="0"/><net_sink comp="588" pin=0"/></net>

<net id="595"><net_src comp="561" pin="3"/><net_sink comp="588" pin=1"/></net>

<net id="596"><net_src comp="104" pin="0"/><net_sink comp="588" pin=2"/></net>

<net id="597"><net_src comp="106" pin="0"/><net_sink comp="588" pin=3"/></net>

<net id="602"><net_src comp="588" pin="4"/><net_sink comp="598" pin=0"/></net>

<net id="603"><net_src comp="2" pin="0"/><net_sink comp="598" pin=1"/></net>

<net id="607"><net_src comp="569" pin="1"/><net_sink comp="604" pin=0"/></net>

<net id="612"><net_src comp="539" pin="3"/><net_sink comp="608" pin=0"/></net>

<net id="613"><net_src comp="604" pin="1"/><net_sink comp="608" pin=1"/></net>

<net id="617"><net_src comp="608" pin="2"/><net_sink comp="614" pin=0"/></net>

<net id="626"><net_src comp="46" pin="0"/><net_sink comp="621" pin=0"/></net>

<net id="627"><net_src comp="618" pin="1"/><net_sink comp="621" pin=1"/></net>

<net id="628"><net_src comp="40" pin="0"/><net_sink comp="621" pin=2"/></net>

<net id="634"><net_src comp="621" pin="3"/><net_sink comp="629" pin=0"/></net>

<net id="635"><net_src comp="26" pin="0"/><net_sink comp="629" pin=1"/></net>

<net id="636"><net_src comp="14" pin="0"/><net_sink comp="629" pin=2"/></net>

<net id="640"><net_src comp="578" pin="1"/><net_sink comp="637" pin=0"/></net>

<net id="645"><net_src comp="637" pin="1"/><net_sink comp="641" pin=0"/></net>

<net id="646"><net_src comp="569" pin="1"/><net_sink comp="641" pin=1"/></net>

<net id="650"><net_src comp="641" pin="2"/><net_sink comp="647" pin=0"/></net>

<net id="655"><net_src comp="30" pin="0"/><net_sink comp="651" pin=1"/></net>

<net id="660"><net_src comp="573" pin="2"/><net_sink comp="656" pin=0"/></net>

<net id="661"><net_src comp="651" pin="2"/><net_sink comp="656" pin=1"/></net>

<net id="666"><net_src comp="573" pin="2"/><net_sink comp="662" pin=1"/></net>

<net id="671"><net_src comp="662" pin="2"/><net_sink comp="667" pin=0"/></net>

<net id="672"><net_src comp="30" pin="0"/><net_sink comp="667" pin=1"/></net>

<net id="677"><net_src comp="546" pin="2"/><net_sink comp="673" pin=0"/></net>

<net id="678"><net_src comp="667" pin="2"/><net_sink comp="673" pin=1"/></net>

<net id="683"><net_src comp="582" pin="2"/><net_sink comp="679" pin=0"/></net>

<net id="684"><net_src comp="30" pin="0"/><net_sink comp="679" pin=1"/></net>

<net id="689"><net_src comp="673" pin="2"/><net_sink comp="685" pin=0"/></net>

<net id="690"><net_src comp="679" pin="2"/><net_sink comp="685" pin=1"/></net>

<net id="695"><net_src comp="673" pin="2"/><net_sink comp="691" pin=0"/></net>

<net id="696"><net_src comp="582" pin="2"/><net_sink comp="691" pin=1"/></net>

<net id="701"><net_src comp="662" pin="2"/><net_sink comp="697" pin=0"/></net>

<net id="702"><net_src comp="546" pin="2"/><net_sink comp="697" pin=1"/></net>

<net id="707"><net_src comp="697" pin="2"/><net_sink comp="703" pin=0"/></net>

<net id="708"><net_src comp="30" pin="0"/><net_sink comp="703" pin=1"/></net>

<net id="713"><net_src comp="598" pin="2"/><net_sink comp="709" pin=0"/></net>

<net id="714"><net_src comp="703" pin="2"/><net_sink comp="709" pin=1"/></net>

<net id="720"><net_src comp="709" pin="2"/><net_sink comp="715" pin=0"/></net>

<net id="721"><net_src comp="647" pin="1"/><net_sink comp="715" pin=1"/></net>

<net id="722"><net_src comp="614" pin="1"/><net_sink comp="715" pin=2"/></net>

<net id="727"><net_src comp="709" pin="2"/><net_sink comp="723" pin=0"/></net>

<net id="728"><net_src comp="691" pin="2"/><net_sink comp="723" pin=1"/></net>

<net id="734"><net_src comp="685" pin="2"/><net_sink comp="729" pin=0"/></net>

<net id="735"><net_src comp="629" pin="3"/><net_sink comp="729" pin=1"/></net>

<net id="736"><net_src comp="578" pin="1"/><net_sink comp="729" pin=2"/></net>

<net id="741"><net_src comp="685" pin="2"/><net_sink comp="737" pin=0"/></net>

<net id="742"><net_src comp="656" pin="2"/><net_sink comp="737" pin=1"/></net>

<net id="748"><net_src comp="723" pin="2"/><net_sink comp="743" pin=0"/></net>

<net id="749"><net_src comp="715" pin="3"/><net_sink comp="743" pin=1"/></net>

<net id="750"><net_src comp="729" pin="3"/><net_sink comp="743" pin=2"/></net>

<net id="755"><net_src comp="723" pin="2"/><net_sink comp="751" pin=0"/></net>

<net id="756"><net_src comp="737" pin="2"/><net_sink comp="751" pin=1"/></net>

<net id="762"><net_src comp="751" pin="2"/><net_sink comp="757" pin=0"/></net>

<net id="763"><net_src comp="743" pin="3"/><net_sink comp="757" pin=1"/></net>

<net id="764"><net_src comp="14" pin="0"/><net_sink comp="757" pin=2"/></net>

<net id="768"><net_src comp="166" pin="2"/><net_sink comp="765" pin=0"/></net>

<net id="772"><net_src comp="172" pin="2"/><net_sink comp="769" pin=0"/></net>

<net id="773"><net_src comp="769" pin="1"/><net_sink comp="141" pin=2"/></net>

<net id="777"><net_src comp="120" pin="3"/><net_sink comp="774" pin=0"/></net>

<net id="778"><net_src comp="774" pin="1"/><net_sink comp="127" pin=0"/></net>

<net id="779"><net_src comp="774" pin="1"/><net_sink comp="127" pin=2"/></net>

<net id="783"><net_src comp="183" pin="2"/><net_sink comp="780" pin=0"/></net>

<net id="784"><net_src comp="780" pin="1"/><net_sink comp="469" pin=0"/></net>

<net id="788"><net_src comp="189" pin="3"/><net_sink comp="785" pin=0"/></net>

<net id="789"><net_src comp="785" pin="1"/><net_sink comp="440" pin=1"/></net>

<net id="793"><net_src comp="203" pin="3"/><net_sink comp="790" pin=0"/></net>

<net id="794"><net_src comp="790" pin="1"/><net_sink comp="292" pin=0"/></net>

<net id="795"><net_src comp="790" pin="1"/><net_sink comp="329" pin=1"/></net>

<net id="796"><net_src comp="790" pin="1"/><net_sink comp="374" pin=0"/></net>

<net id="800"><net_src comp="229" pin="3"/><net_sink comp="797" pin=0"/></net>

<net id="801"><net_src comp="797" pin="1"/><net_sink comp="241" pin=1"/></net>

<net id="805"><net_src comp="237" pin="1"/><net_sink comp="802" pin=0"/></net>

<net id="806"><net_src comp="802" pin="1"/><net_sink comp="429" pin=1"/></net>

<net id="810"><net_src comp="348" pin="3"/><net_sink comp="807" pin=0"/></net>

<net id="811"><net_src comp="807" pin="1"/><net_sink comp="394" pin=0"/></net>

<net id="815"><net_src comp="356" pin="2"/><net_sink comp="812" pin=0"/></net>

<net id="816"><net_src comp="812" pin="1"/><net_sink comp="387" pin=0"/></net>

<net id="820"><net_src comp="362" pin="2"/><net_sink comp="817" pin=0"/></net>

<net id="821"><net_src comp="817" pin="1"/><net_sink comp="377" pin=1"/></net>

<net id="825"><net_src comp="368" pin="2"/><net_sink comp="822" pin=0"/></net>

<net id="826"><net_src comp="822" pin="1"/><net_sink comp="382" pin=1"/></net>

<net id="830"><net_src comp="469" pin="3"/><net_sink comp="827" pin=0"/></net>

<net id="831"><net_src comp="827" pin="1"/><net_sink comp="161" pin=1"/></net>

<net id="835"><net_src comp="161" pin="2"/><net_sink comp="832" pin=0"/></net>

<net id="836"><net_src comp="832" pin="1"/><net_sink comp="148" pin=0"/></net>

<net id="840"><net_src comp="148" pin="2"/><net_sink comp="837" pin=0"/></net>

<net id="841"><net_src comp="837" pin="1"/><net_sink comp="153" pin=1"/></net>

<net id="845"><net_src comp="153" pin="2"/><net_sink comp="842" pin=0"/></net>

<net id="846"><net_src comp="842" pin="1"/><net_sink comp="158" pin=0"/></net>

<net id="847"><net_src comp="842" pin="1"/><net_sink comp="618" pin=0"/></net>

<net id="851"><net_src comp="484" pin="3"/><net_sink comp="848" pin=0"/></net>

<net id="852"><net_src comp="848" pin="1"/><net_sink comp="539" pin=0"/></net>

<net id="856"><net_src comp="506" pin="1"/><net_sink comp="853" pin=0"/></net>

<net id="857"><net_src comp="853" pin="1"/><net_sink comp="522" pin=2"/></net>

<net id="861"><net_src comp="510" pin="2"/><net_sink comp="858" pin=0"/></net>

<net id="862"><net_src comp="858" pin="1"/><net_sink comp="651" pin=0"/></net>

<net id="863"><net_src comp="858" pin="1"/><net_sink comp="662" pin=0"/></net>

<net id="867"><net_src comp="516" pin="2"/><net_sink comp="864" pin=0"/></net>

<net id="868"><net_src comp="864" pin="1"/><net_sink comp="546" pin=0"/></net>

<net id="869"><net_src comp="864" pin="1"/><net_sink comp="551" pin=1"/></net>

<net id="870"><net_src comp="864" pin="1"/><net_sink comp="556" pin=1"/></net>

<net id="871"><net_src comp="864" pin="1"/><net_sink comp="573" pin=0"/></net>

<net id="875"><net_src comp="757" pin="3"/><net_sink comp="872" pin=0"/></net>

<net id="876"><net_src comp="872" pin="1"/><net_sink comp="127" pin=4"/></net>

</net_list>

</model> 
---------------- Datapath Model END ------------------

* FSMD analyzer results:
  - Output states:
	Port: res_V | {32 }
 - Input state : 
	Port: sigmoid : res_V | {2 3 }
  - Chain level:
	State 1
	State 2
		exitcond : 1
		i_2 : 1
		StgValue_39 : 2
		tmp : 1
		x_V_addr : 2
		tmp_V_11 : 3
	State 3
		tmp_s : 1
		p_Result_33 : 1
		tmp_V : 1
		tmp_V_12 : 2
		p_Result_s : 3
		p_Result_34 : 4
		l : 5
		tmp_108 : 6
	State 4
		tmp_93 : 1
		lsb_index : 1
		tmp_95 : 2
		icmp : 3
		tmp_98 : 1
		tmp_99 : 2
		tmp_103 : 3
		tmp_104 : 4
		p_Result_28 : 5
		tmp_58 : 5
		a : 6
		tmp_106 : 2
		rev : 3
		tmp_59 : 2
		p_Result_29 : 3
		tmp_60 : 3
		tmp_61 : 6
		tmp_62 : 6
		tmp_63 : 2
		tmp_64 : 1
		tmp_66 : 1
	State 5
		tmp_65 : 1
		tmp_67 : 1
		m_9 : 2
		m_1 : 3
		m_s : 4
		m_12 : 5
		tmp_107 : 4
		tmp_165_cast_cast : 5
		p_Repl2_13_trunc : 6
		tmp_69 : 7
		p_Result_35 : 8
		p_Result_71_op : 9
		tmp_23 : 9
		x_assign : 10
	State 6
	State 7
	State 8
	State 9
	State 10
	State 11
	State 12
	State 13
	State 14
	State 15
	State 16
	State 17
	State 18
	State 19
	State 20
	State 21
	State 22
	State 23
	State 24
	State 25
	State 26
	State 27
	State 28
	State 29
	State 30
		ireg_V : 1
		tmp_109 : 2
		p_Result_36 : 2
		exp_tmp_V : 2
		tmp_71 : 3
		tmp_111 : 2
		tmp_73 : 3
		F2 : 4
	State 31
		p_Result_37 : 1
		man_V_3 : 2
		man_V_4 : 3
		sh_amt : 1
		sh_amt_cast : 2
		tmp_112 : 4
		tmp_78 : 2
		tmp_113 : 2
		icmp3 : 3
		tmp_79 : 3
		tmp_80 : 4
		tmp_114 : 5
		tmp_115 : 1
		tmp_81 : 2
		tmp_82 : 5
		tmp_83 : 6
		tmp_116 : 7
		sel_tmp6_demorgan : 1
		sel_tmp6 : 1
		sel_tmp7 : 1
		sel_tmp8 : 3
		sel_tmp9 : 1
		sel_tmp : 1
		sel_tmp21_demorgan : 1
		sel_tmp4 : 1
		sel_tmp5 : 1
		newSel : 8
		or_cond : 1
		newSel7 : 1
		or_cond5 : 1
		newSel8 : 9
		or_cond6 : 1
		newSel9 : 10
	State 32
		empty_19 : 1
	State 33


============================================================
+ Verbose Summary: Datapath Resource usage 
============================================================

* Functional unit list:
|----------|---------------------------|---------|---------|---------|
| Operation|      Functional Unit      |  DSP48E |    FF   |   LUT   |
|----------|---------------------------|---------|---------|---------|
|   fdiv   |         grp_fu_153        |    0    |   563   |   991   |
|----------|---------------------------|---------|---------|---------|
|   fexp   |         grp_fu_161        |    7    |   324   |   906   |
|----------|---------------------------|---------|---------|---------|
|   fadd   |         grp_fu_148        |    2    |   227   |   404   |
|----------|---------------------------|---------|---------|---------|
|   fpext  |      d_assign_fu_158      |    0    |   100   |   143   |
|----------|---------------------------|---------|---------|---------|
|          |      tmp_V_12_fu_203      |    0    |    0    |    16   |
|          |         m_9_fu_387        |    0    |    0    |    32   |
|          |  tmp_165_cast_cast_fu_421 |    0    |    0    |    8    |
|          |      x_assign_fu_469      |    0    |    0    |    32   |
|          |       man_V_4_fu_539      |    0    |    0    |    54   |
|  select  |       sh_amt_fu_561       |    0    |    0    |    12   |
|          |       tmp_81_fu_629       |    0    |    0    |    16   |
|          |       newSel_fu_715       |    0    |    0    |    16   |
|          |       newSel7_fu_729      |    0    |    0    |    16   |
|          |       newSel8_fu_743      |    0    |    0    |    16   |
|          |       newSel9_fu_757      |    0    |    0    |    16   |
|----------|---------------------------|---------|---------|---------|
|          |        tmp_V_fu_197       |    0    |    0    |    16   |
|          |       tmp_57_fu_241       |    0    |    0    |    32   |
|          |       tmp_99_fu_276       |    0    |    0    |    7    |
|    sub   |       tmp_66_fu_368       |    0    |    0    |    32   |
|          |       tmp_68_fu_429       |    0    |    0    |    8    |
|          |         F2_fu_516         |    0    |    0    |    12   |
|          |       man_V_3_fu_533      |    0    |    0    |    53   |
|          |       tmp_76_fu_556       |    0    |    0    |    12   |
|----------|---------------------------|---------|---------|---------|
|   ashr   |       tmp_80_fu_608       |    0    |    0    |   162   |
|----------|---------------------------|---------|---------|---------|
|          |         i_2_fu_172        |    0    |    0    |    8    |
|          |      lsb_index_fu_250     |    0    |    0    |    32   |
|          |       tmp_59_fu_323       |    0    |    0    |    16   |
|    add   |       tmp_64_fu_362       |    0    |    0    |    32   |
|          |         m_1_fu_394        |    0    |    0    |    32   |
|          |  p_Repl2_13_trunc_fu_434  |    0    |    0    |    8    |
|          |       tmp_75_fu_551       |    0    |    0    |    12   |
|----------|---------------------------|---------|---------|---------|
|    shl   |       tmp_67_fu_382       |    0    |    0    |    85   |
|          |       tmp_83_fu_641       |    0    |    0    |    35   |
|----------|---------------------------|---------|---------|---------|
|   lshr   |       tmp_104_fu_286      |    0    |    0    |    12   |
|          |       tmp_65_fu_377       |    0    |    0    |    85   |
|----------|---------------------------|---------|---------|---------|
|          |      exitcond_fu_166      |    0    |    0    |    4    |
|          |        tmp_s_fu_183       |    0    |    0    |    7    |
|          |        icmp_fu_266        |    0    |    0    |    12   |
|          |       tmp_58_fu_297       |    0    |    0    |    7    |
|   icmp   |       tmp_63_fu_356       |    0    |    0    |    12   |
|          |       tmp_73_fu_510       |    0    |    0    |    23   |
|          |       tmp_74_fu_546       |    0    |    0    |    5    |
|          |       tmp_77_fu_573       |    0    |    0    |    5    |
|          |       tmp_78_fu_582       |    0    |    0    |    5    |
|          |        icmp3_fu_598       |    0    |    0    |    4    |
|----------|---------------------------|---------|---------|---------|
|   cttz   |          l_fu_229         |    0    |    40   |    36   |
|----------|---------------------------|---------|---------|---------|
|          |         rev_fu_317        |    0    |    0    |    1    |
|          |   p_Result_71_op_fu_459   |    0    |    0    |    32   |
|    xor   |      sel_tmp1_fu_651      |    0    |    0    |    1    |
|          |      sel_tmp6_fu_667      |    0    |    0    |    1    |
|          |      sel_tmp8_fu_679      |    0    |    0    |    1    |
|          |      sel_tmp4_fu_703      |    0    |    0    |    1    |
|----------|---------------------------|---------|---------|---------|
|          |     p_Result_28_fu_292    |    0    |    0    |    16   |
|          |          a_fu_303         |    0    |    0    |    1    |
|          |       tmp_60_fu_336       |    0    |    0    |    1    |
|    and   |      sel_tmp2_fu_656      |    0    |    0    |    1    |
|          |      sel_tmp7_fu_673      |    0    |    0    |    1    |
|          |      sel_tmp9_fu_685      |    0    |    0    |    1    |
|          |       sel_tmp_fu_691      |    0    |    0    |    1    |
|          |      sel_tmp5_fu_709      |    0    |    0    |    1    |
|----------|---------------------------|---------|---------|---------|
|          |       tmp_61_fu_342       |    0    |    0    |    1    |
|          |  sel_tmp6_demorgan_fu_662 |    0    |    0    |    1    |
|    or    | sel_tmp21_demorgan_fu_697 |    0    |    0    |    1    |
|          |       or_cond_fu_723      |    0    |    0    |    1    |
|          |      or_cond5_fu_737      |    0    |    0    |    1    |
|          |      or_cond6_fu_751      |    0    |    0    |    1    |
|----------|---------------------------|---------|---------|---------|
|          |         tmp_fu_178        |    0    |    0    |    0    |
|          |       tmp_103_fu_282      |    0    |    0    |    0    |
|          |          m_fu_374         |    0    |    0    |    0    |
|   zext   |        m_12_fu_409        |    0    |    0    |    0    |
|          |       tmp_71_fu_502       |    0    |    0    |    0    |
|          |     p_Result_37_fu_529    |    0    |    0    |    0    |
|          |       tmp_79_fu_604       |    0    |    0    |    0    |
|----------|---------------------------|---------|---------|---------|
|          |     p_Result_33_fu_189    |    0    |    0    |    0    |
|          |       tmp_106_fu_309      |    0    |    0    |    0    |
| bitselect|     p_Result_29_fu_329    |    0    |    0    |    0    |
|          |       tmp_107_fu_413      |    0    |    0    |    0    |
|          |     p_Result_36_fu_484    |    0    |    0    |    0    |
|          |       tmp_115_fu_621      |    0    |    0    |    0    |
|----------|---------------------------|---------|---------|---------|
|          |     p_Result_s_fu_211     |    0    |    0    |    0    |
|          |       tmp_95_fu_256       |    0    |    0    |    0    |
|partselect|         m_s_fu_399        |    0    |    0    |    0    |
|          |      exp_tmp_V_fu_492     |    0    |    0    |    0    |
|          |       tmp_113_fu_588      |    0    |    0    |    0    |
|----------|---------------------------|---------|---------|---------|
|          |     p_Result_34_fu_221    |    0    |    0    |    0    |
|bitconcatenate|       tmp_62_fu_348       |    0    |    0    |    0    |
|          |       tmp_69_fu_440       |    0    |    0    |    0    |
|          |       tmp_72_fu_522       |    0    |    0    |    0    |
|----------|---------------------------|---------|---------|---------|
|          |       tmp_108_fu_237      |    0    |    0    |    0    |
|          |       tmp_93_fu_246       |    0    |    0    |    0    |
|          |       tmp_98_fu_272       |    0    |    0    |    0    |
|   trunc  |       tmp_109_fu_480      |    0    |    0    |    0    |
|          |       tmp_111_fu_506      |    0    |    0    |    0    |
|          |       tmp_112_fu_578      |    0    |    0    |    0    |
|          |       tmp_114_fu_614      |    0    |    0    |    0    |
|          |       tmp_116_fu_647      |    0    |    0    |    0    |
|----------|---------------------------|---------|---------|---------|
|  partset |     p_Result_35_fu_447    |    0    |    0    |    0    |
|----------|---------------------------|---------|---------|---------|
|   sext   |     sh_amt_cast_fu_569    |    0    |    0    |    0    |
|          |       tmp_82_fu_637       |    0    |    0    |    0    |
|----------|---------------------------|---------|---------|---------|
|   Total  |                           |    9    |   1254  |   3555  |
|----------|---------------------------|---------|---------|---------|

Memories:
N/A

* Register list:
+-------------------+--------+
|                   |   FF   |
+-------------------+--------+
|     F2_reg_864    |   12   |
|  exitcond_reg_765 |    1   |
|    i_2_reg_769    |    8   |
|     i_reg_137     |    8   |
|     l_reg_797     |   32   |
|  newSel9_reg_872  |   16   |
|p_Result_33_reg_785|    1   |
|p_Result_36_reg_848|    1   |
|  tmp_108_reg_802  |    8   |
|  tmp_111_reg_853  |   52   |
|   tmp_62_reg_807  |   32   |
|   tmp_63_reg_812  |    1   |
|   tmp_64_reg_817  |   32   |
|   tmp_66_reg_822  |   32   |
|   tmp_70_reg_837  |   32   |
|   tmp_73_reg_858  |    1   |
|  tmp_V_12_reg_790 |   16   |
|  tmp_i_i_reg_832  |   32   |
|   tmp_s_reg_780   |    1   |
|  v_assign_reg_842 |   32   |
|  x_V_addr_reg_774 |    7   |
|  x_assign_reg_827 |   32   |
+-------------------+--------+
|       Total       |   389  |
+-------------------+--------+

* Multiplexer (MUX) list: 
|-------------------|------|------|------|--------||---------||---------|
|        Comp       |  Pin | Size |  BW  | S x BW ||  Delay  ||   LUT   |
|-------------------|------|------|------|--------||---------||---------|
| grp_access_fu_127 |  p0  |   2  |   7  |   14   ||    3    |
|-------------------|------|------|------|--------||---------||---------|
|       Total       |      |      |      |   14   ||  0.466  ||    3    |
|-------------------|------|------|------|--------||---------||---------|



* Summary:
+-----------+--------+--------+--------+--------+
|           | DSP48E |  Delay |   FF   |   LUT  |
+-----------+--------+--------+--------+--------+
|  Function |    9   |    -   |  1254  |  3555  |
|   Memory  |    -   |    -   |    -   |    -   |
|Multiplexer|    -   |    0   |    -   |    3   |
|  Register |    -   |    -   |   389  |    -   |
+-----------+--------+--------+--------+--------+
|   Total   |    9   |    0   |  1643  |  3558  |
+-----------+--------+--------+--------+--------+
