INFO-FLOW: Workspace D:/Xilinx/Project/LSTM/lstm_hls/dynamic_quant/dyn_quant/solution1 opened at Fri Apr 04 09:00:46 +0800 2025
Execute     config_clock -quiet -name default -period 10 -default=false 
INFO: [SYN 201-201] Setting up clock 'default' with a period of 10ns.
Execute     open_platform DefaultPlatform 
Execute     import_lib D:/Xilinx/Vivado/2018.3/common/technology/xilinx/zynq/zynq 
Execute       source D:/Xilinx/Vivado/2018.3/common/technology/xilinx/common/xilinx.lib 
Execute         source D:/Xilinx/Vivado/2018.3/common/technology/xilinx/interface/xilinx_interface.lib 
Execute           source D:/Xilinx/Vivado/2018.3/common/technology/xilinx/interface/plb46.lib 
Execute           source D:/Xilinx/Vivado/2018.3/common/technology/xilinx/interface/fsl.lib 
Execute           source D:/Xilinx/Vivado/2018.3/common/technology/xilinx/interface/axi4.lib 
Execute           source D:/Xilinx/Vivado/2018.3/common/technology/xilinx/interface/maxi.lib 
Execute           source D:/Xilinx/Vivado/2018.3/common/technology/xilinx/interface/saxilite.lib 
Execute         source D:/Xilinx/Vivado/2018.3/common/technology/xilinx/common/dsp48.lib 
Execute         source D:/Xilinx/Vivado/2018.3/common/technology/xilinx/ip/dds_compiler.lib 
Execute         source D:/Xilinx/Vivado/2018.3/common/technology/xilinx/ip/xfft.lib 
Execute         source D:/Xilinx/Vivado/2018.3/common/technology/xilinx/ip/xfir.lib 
Execute       source D:/Xilinx/Vivado/2018.3/common/technology/xilinx/common/xilinx_old.lib 
Execute       source D:/Xilinx/Vivado/2018.3/common/technology/xilinx/common/xilinx_vivado.lib 
Execute       source D:/Xilinx/Vivado/2018.3/common/technology/xilinx/common/xilinx.hlp 
Execute         source D:/Xilinx/Vivado/2018.3/common/technology/xilinx/common/target_info.tcl 
Execute         source D:/Xilinx/Vivado/2018.3/common/technology/xilinx/interface/xilinx_interface.hlp 
Execute           source D:/Xilinx/Vivado/2018.3/common/technology/xilinx/interface/maxi.hlp 
Execute           source D:/Xilinx/Vivado/2018.3/common/technology/xilinx/interface/saxilite.hlp 
Execute         source D:/Xilinx/Vivado/2018.3/common/technology/xilinx/common/dsp48.hlp 
Execute       source D:/Xilinx/Vivado/2018.3/common/technology/xilinx/zynq/dsp48e1.hlp 
Execute       get_default_platform 
Execute       config_chip_info -quiet -resource  {SLICE 13300}  {LUT 53200}     {FF 106400} {DSP48E 220}   {BRAM 280}  
Execute       config_chip_info -quiet -speed medium 
Execute       source D:/Xilinx/Vivado/2018.3/common/technology/xilinx/common/xilinx.hlp 
Execute         source D:/Xilinx/Vivado/2018.3/common/technology/xilinx/common/target_info.tcl 
Execute         source D:/Xilinx/Vivado/2018.3/common/technology/xilinx/interface/xilinx_interface.hlp 
Execute           source D:/Xilinx/Vivado/2018.3/common/technology/xilinx/interface/maxi.hlp 
Execute           source D:/Xilinx/Vivado/2018.3/common/technology/xilinx/interface/saxilite.hlp 
Execute         source D:/Xilinx/Vivado/2018.3/common/technology/xilinx/common/dsp48.hlp 
Command     import_lib done; 0.129 sec.
Execute     source D:/Xilinx/Vivado/2018.3/common/technology/xilinx/zynq/zynq.gen 
Execute       source D:/Xilinx/Vivado/2018.3/common/technology/xilinx/common/virtex.gen 
Execute         source D:/Xilinx/Vivado/2018.3/common/technology/xilinx/common/xilinx.gen 
Execute           source D:/Xilinx/Vivado/2018.3/common/technology/xilinx/interface/plb46.gen 
Execute           source D:/Xilinx/Vivado/2018.3/common/technology/xilinx/interface/fsl.gen 
Execute           source D:/Xilinx/Vivado/2018.3/common/technology/xilinx/interface/axi4.gen 
Execute           source D:/Xilinx/Vivado/2018.3/common/technology/xilinx/interface/nativeAXI4.gen 
Execute             source D:/Xilinx/Vivado/2018.3/common/technology/xilinx/interface/saxilite.gen 
Execute             source D:/Xilinx/Vivado/2018.3/common/technology/xilinx/interface/maxi.gen 
Execute           source D:/Xilinx/Vivado/2018.3/common/technology/xilinx/scripts/xilinxcoregen.gen 
Execute           source D:/Xilinx/Vivado/2018.3/common/technology/xilinx/interface/XilEDKCoreGen.gen 
Execute           source D:/Xilinx/Vivado/2018.3/common/technology/xilinx/ip/dds_compiler.gen 
Execute           source D:/Xilinx/Vivado/2018.3/common/technology/xilinx/ip/util.gen 
Execute           source D:/Xilinx/Vivado/2018.3/common/technology/xilinx/ip/xfft.gen 
Execute           source D:/Xilinx/Vivado/2018.3/common/technology/xilinx/ip/xfir.gen 
Command         ap_source done; 0.174 sec.
Execute         source D:/Xilinx/Vivado/2018.3/common/technology/xilinx/common/dsp48.gen 
Command       ap_source done; 0.189 sec.
Command     ap_source done; 0.194 sec.
Execute     open_platform DefaultPlatform 
Execute     import_lib D:/Xilinx/Vivado/2018.3/common/technology/xilinx/zynq/zynq_fpv6 
Execute       source D:/Xilinx/Vivado/2018.3/common/technology/xilinx/common/xilinx_fpv7.lib 
Execute         source D:/Xilinx/Vivado/2018.3/common/technology/xilinx/common/xilinx_hp.lib 
Execute       source D:/Xilinx/Vivado/2018.3/common/technology/xilinx/common/xilinx_fpv.hlp 
Execute         source D:/Xilinx/Vivado/2018.3/common/technology/xilinx/common/xilinx.hlp 
Execute           source D:/Xilinx/Vivado/2018.3/common/technology/xilinx/common/target_info.tcl 
Execute           source D:/Xilinx/Vivado/2018.3/common/technology/xilinx/interface/xilinx_interface.hlp 
Execute             source D:/Xilinx/Vivado/2018.3/common/technology/xilinx/interface/maxi.hlp 
Execute             source D:/Xilinx/Vivado/2018.3/common/technology/xilinx/interface/saxilite.hlp 
Execute           source D:/Xilinx/Vivado/2018.3/common/technology/xilinx/common/dsp48.hlp 
Execute       source D:/Xilinx/Vivado/2018.3/common/technology/xilinx/zynq/zynq_hp.hlp 
Execute     source D:/Xilinx/Vivado/2018.3/common/technology/xilinx/zynq/zynq_fpv6.gen 
Execute       source D:/Xilinx/Vivado/2018.3/common/technology/xilinx/common/xilinx_fpv6.gen 
Execute     set_part xc7z020clg400-2 
Execute       add_library xilinx/zynq/zynq:xc7z020:clg400:-2 
Execute         get_default_platform 
Execute         license_isbetapart xc7z020 
Command         license_isbetapart done; error code: 1; 
Execute         get_default_platform 
Execute         config_chip_info -quiet -resource  {SLICE 13300}  {LUT 53200}     {FF 106400} {DSP48E 220}   {BRAM 280}  
Execute         config_chip_info -quiet -speed medium 
Execute       add_library xilinx/zynq/zynq_fpv6 
Execute         get_default_platform 
INFO: [HLS 200-10] Setting target device to 'xc7z020clg400-2'
Execute       get_default_platform 
Execute     get_default_platform 
Execute     config_chip_info -quiet -resource  {SLICE 13300}  {LUT 53200}     {FF 106400} {DSP48E 220}   {BRAM 280}  
Execute     config_chip_info -quiet -speed medium 
Command   open_solution done; 0.488 sec.
Execute   csim_design -quiet 
INFO: [SIM 211-2] *************** CSIM start ***************
INFO: [SIM 211-4] CSIM will launch GCC as the compiler.
Execute     is_encrypted D:/Xilinx/Project/LSTM/lstm_hls/dynamic_quant/dyn_quant/src/main.cpp 
Execute     is_xip D:/Xilinx/Project/LSTM/lstm_hls/dynamic_quant/dyn_quant/src/main.cpp 
Execute     is_encrypted D:/Xilinx/Project/LSTM/lstm_hls/dynamic_quant/dyn_quant/src/dynamic_quant.h 
Execute     is_xip D:/Xilinx/Project/LSTM/lstm_hls/dynamic_quant/dyn_quant/src/dynamic_quant.h 
Execute     is_encrypted D:/Xilinx/Project/LSTM/lstm_hls/dynamic_quant/dyn_quant/src/lstm_top.cpp 
Execute     is_xip D:/Xilinx/Project/LSTM/lstm_hls/dynamic_quant/dyn_quant/src/lstm_top.cpp 
Execute     is_encrypted D:/Xilinx/Project/LSTM/lstm_hls/dynamic_quant/dyn_quant/src/lstm_unit.cpp 
Execute     is_xip D:/Xilinx/Project/LSTM/lstm_hls/dynamic_quant/dyn_quant/src/lstm_unit.cpp 
Execute     is_encrypted D:/Xilinx/Project/LSTM/lstm_hls/dynamic_quant/dyn_quant/src/lstm_unit.h 
Execute     is_xip D:/Xilinx/Project/LSTM/lstm_hls/dynamic_quant/dyn_quant/src/lstm_unit.h 
Execute     get_default_platform 
ERROR: [SIM 211-100] 'csim_design' failed: compilation error(s).
INFO: [SIM 211-3] *************** CSIM finish ***************
Command   csim_design done; error code: 2; 4.733 sec.
Command ap_source done; error code: 1; 5.244 sec.
Execute cleanup_all 
INFO-FLOW: Workspace D:/Xilinx/Project/LSTM/lstm_hls/dynamic_quant/dyn_quant/solution1 opened at Fri Apr 04 09:02:01 +0800 2025
Execute     config_clock -quiet -name default -period 10 -default=false 
INFO: [SYN 201-201] Setting up clock 'default' with a period of 10ns.
Execute     open_platform DefaultPlatform 
Execute     import_lib D:/Xilinx/Vivado/2018.3/common/technology/xilinx/zynq/zynq 
Execute       source D:/Xilinx/Vivado/2018.3/common/technology/xilinx/common/xilinx.lib 
Execute         source D:/Xilinx/Vivado/2018.3/common/technology/xilinx/interface/xilinx_interface.lib 
Execute           source D:/Xilinx/Vivado/2018.3/common/technology/xilinx/interface/plb46.lib 
Execute           source D:/Xilinx/Vivado/2018.3/common/technology/xilinx/interface/fsl.lib 
Execute           source D:/Xilinx/Vivado/2018.3/common/technology/xilinx/interface/axi4.lib 
Execute           source D:/Xilinx/Vivado/2018.3/common/technology/xilinx/interface/maxi.lib 
Execute           source D:/Xilinx/Vivado/2018.3/common/technology/xilinx/interface/saxilite.lib 
Execute         source D:/Xilinx/Vivado/2018.3/common/technology/xilinx/common/dsp48.lib 
Execute         source D:/Xilinx/Vivado/2018.3/common/technology/xilinx/ip/dds_compiler.lib 
Execute         source D:/Xilinx/Vivado/2018.3/common/technology/xilinx/ip/xfft.lib 
Execute         source D:/Xilinx/Vivado/2018.3/common/technology/xilinx/ip/xfir.lib 
Execute       source D:/Xilinx/Vivado/2018.3/common/technology/xilinx/common/xilinx_old.lib 
Execute       source D:/Xilinx/Vivado/2018.3/common/technology/xilinx/common/xilinx_vivado.lib 
Execute       source D:/Xilinx/Vivado/2018.3/common/technology/xilinx/common/xilinx.hlp 
Execute         source D:/Xilinx/Vivado/2018.3/common/technology/xilinx/common/target_info.tcl 
Execute         source D:/Xilinx/Vivado/2018.3/common/technology/xilinx/interface/xilinx_interface.hlp 
Execute           source D:/Xilinx/Vivado/2018.3/common/technology/xilinx/interface/maxi.hlp 
Execute           source D:/Xilinx/Vivado/2018.3/common/technology/xilinx/interface/saxilite.hlp 
Execute         source D:/Xilinx/Vivado/2018.3/common/technology/xilinx/common/dsp48.hlp 
Execute       source D:/Xilinx/Vivado/2018.3/common/technology/xilinx/zynq/dsp48e1.hlp 
Execute       get_default_platform 
Execute       config_chip_info -quiet -resource  {SLICE 13300}  {LUT 53200}     {FF 106400} {DSP48E 220}   {BRAM 280}  
Execute       config_chip_info -quiet -speed medium 
Execute       source D:/Xilinx/Vivado/2018.3/common/technology/xilinx/common/xilinx.hlp 
Execute         source D:/Xilinx/Vivado/2018.3/common/technology/xilinx/common/target_info.tcl 
Execute         source D:/Xilinx/Vivado/2018.3/common/technology/xilinx/interface/xilinx_interface.hlp 
Execute           source D:/Xilinx/Vivado/2018.3/common/technology/xilinx/interface/maxi.hlp 
Execute           source D:/Xilinx/Vivado/2018.3/common/technology/xilinx/interface/saxilite.hlp 
Execute         source D:/Xilinx/Vivado/2018.3/common/technology/xilinx/common/dsp48.hlp 
Execute     source D:/Xilinx/Vivado/2018.3/common/technology/xilinx/zynq/zynq.gen 
Execute       source D:/Xilinx/Vivado/2018.3/common/technology/xilinx/common/virtex.gen 
Execute         source D:/Xilinx/Vivado/2018.3/common/technology/xilinx/common/xilinx.gen 
Execute           source D:/Xilinx/Vivado/2018.3/common/technology/xilinx/interface/plb46.gen 
Execute           source D:/Xilinx/Vivado/2018.3/common/technology/xilinx/interface/fsl.gen 
Execute           source D:/Xilinx/Vivado/2018.3/common/technology/xilinx/interface/axi4.gen 
Execute           source D:/Xilinx/Vivado/2018.3/common/technology/xilinx/interface/nativeAXI4.gen 
Execute             source D:/Xilinx/Vivado/2018.3/common/technology/xilinx/interface/saxilite.gen 
Execute             source D:/Xilinx/Vivado/2018.3/common/technology/xilinx/interface/maxi.gen 
Execute           source D:/Xilinx/Vivado/2018.3/common/technology/xilinx/scripts/xilinxcoregen.gen 
Execute           source D:/Xilinx/Vivado/2018.3/common/technology/xilinx/interface/XilEDKCoreGen.gen 
Execute           source D:/Xilinx/Vivado/2018.3/common/technology/xilinx/ip/dds_compiler.gen 
Execute           source D:/Xilinx/Vivado/2018.3/common/technology/xilinx/ip/util.gen 
Execute           source D:/Xilinx/Vivado/2018.3/common/technology/xilinx/ip/xfft.gen 
Execute           source D:/Xilinx/Vivado/2018.3/common/technology/xilinx/ip/xfir.gen 
Execute         source D:/Xilinx/Vivado/2018.3/common/technology/xilinx/common/dsp48.gen 
Execute     open_platform DefaultPlatform 
Execute     import_lib D:/Xilinx/Vivado/2018.3/common/technology/xilinx/zynq/zynq_fpv6 
Execute       source D:/Xilinx/Vivado/2018.3/common/technology/xilinx/common/xilinx_fpv7.lib 
Execute         source D:/Xilinx/Vivado/2018.3/common/technology/xilinx/common/xilinx_hp.lib 
Execute       source D:/Xilinx/Vivado/2018.3/common/technology/xilinx/common/xilinx_fpv.hlp 
Execute         source D:/Xilinx/Vivado/2018.3/common/technology/xilinx/common/xilinx.hlp 
Execute           source D:/Xilinx/Vivado/2018.3/common/technology/xilinx/common/target_info.tcl 
Execute           source D:/Xilinx/Vivado/2018.3/common/technology/xilinx/interface/xilinx_interface.hlp 
Execute             source D:/Xilinx/Vivado/2018.3/common/technology/xilinx/interface/maxi.hlp 
Execute             source D:/Xilinx/Vivado/2018.3/common/technology/xilinx/interface/saxilite.hlp 
Execute           source D:/Xilinx/Vivado/2018.3/common/technology/xilinx/common/dsp48.hlp 
Execute       source D:/Xilinx/Vivado/2018.3/common/technology/xilinx/zynq/zynq_hp.hlp 
Execute     source D:/Xilinx/Vivado/2018.3/common/technology/xilinx/zynq/zynq_fpv6.gen 
Execute       source D:/Xilinx/Vivado/2018.3/common/technology/xilinx/common/xilinx_fpv6.gen 
Execute     set_part xc7z020clg400-2 
Execute       add_library xilinx/zynq/zynq:xc7z020:clg400:-2 
Execute         get_default_platform 
Execute         license_isbetapart xc7z020 
Command         license_isbetapart done; error code: 1; 
Execute         get_default_platform 
Execute         config_chip_info -quiet -resource  {SLICE 13300}  {LUT 53200}     {FF 106400} {DSP48E 220}   {BRAM 280}  
Execute         config_chip_info -quiet -speed medium 
Execute       add_library xilinx/zynq/zynq_fpv6 
Execute         get_default_platform 
INFO: [HLS 200-10] Setting target device to 'xc7z020clg400-2'
Execute       get_default_platform 
Execute     get_default_platform 
Execute     config_chip_info -quiet -resource  {SLICE 13300}  {LUT 53200}     {FF 106400} {DSP48E 220}   {BRAM 280}  
Execute     config_chip_info -quiet -speed medium 
Command   open_solution done; 0.153 sec.
Execute   csim_design -quiet 
INFO: [SIM 211-2] *************** CSIM start ***************
INFO: [SIM 211-4] CSIM will launch GCC as the compiler.
Execute     source csim/.lst_opt.tcl 
Execute     is_encrypted D:/Xilinx/Project/LSTM/lstm_hls/dynamic_quant/dyn_quant/src/main.cpp 
Execute     is_xip D:/Xilinx/Project/LSTM/lstm_hls/dynamic_quant/dyn_quant/src/main.cpp 
Execute     is_encrypted D:/Xilinx/Project/LSTM/lstm_hls/dynamic_quant/dyn_quant/src/dynamic_quant.h 
Execute     is_xip D:/Xilinx/Project/LSTM/lstm_hls/dynamic_quant/dyn_quant/src/dynamic_quant.h 
Execute     is_encrypted D:/Xilinx/Project/LSTM/lstm_hls/dynamic_quant/dyn_quant/src/lstm_top.cpp 
Execute     is_xip D:/Xilinx/Project/LSTM/lstm_hls/dynamic_quant/dyn_quant/src/lstm_top.cpp 
Execute     is_encrypted D:/Xilinx/Project/LSTM/lstm_hls/dynamic_quant/dyn_quant/src/lstm_unit.cpp 
Execute     is_xip D:/Xilinx/Project/LSTM/lstm_hls/dynamic_quant/dyn_quant/src/lstm_unit.cpp 
Execute     is_encrypted D:/Xilinx/Project/LSTM/lstm_hls/dynamic_quant/dyn_quant/src/lstm_unit.h 
Execute     is_xip D:/Xilinx/Project/LSTM/lstm_hls/dynamic_quant/dyn_quant/src/lstm_unit.h 
Execute     get_default_platform 
ERROR: [SIM 211-100] 'csim_design' failed: compilation error(s).
INFO: [SIM 211-3] *************** CSIM finish ***************
Command   csim_design done; error code: 2; 2.071 sec.
Command ap_source done; error code: 1; 2.228 sec.
Execute cleanup_all 
INFO-FLOW: Workspace D:/Xilinx/Project/LSTM/lstm_hls/dynamic_quant/dyn_quant/solution1 opened at Fri Apr 04 09:02:59 +0800 2025
Execute     config_clock -quiet -name default -period 10 -default=false 
INFO: [SYN 201-201] Setting up clock 'default' with a period of 10ns.
Execute     open_platform DefaultPlatform 
Execute     import_lib D:/Xilinx/Vivado/2018.3/common/technology/xilinx/zynq/zynq 
Execute       source D:/Xilinx/Vivado/2018.3/common/technology/xilinx/common/xilinx.lib 
Execute         source D:/Xilinx/Vivado/2018.3/common/technology/xilinx/interface/xilinx_interface.lib 
Execute           source D:/Xilinx/Vivado/2018.3/common/technology/xilinx/interface/plb46.lib 
Execute           source D:/Xilinx/Vivado/2018.3/common/technology/xilinx/interface/fsl.lib 
Execute           source D:/Xilinx/Vivado/2018.3/common/technology/xilinx/interface/axi4.lib 
Execute           source D:/Xilinx/Vivado/2018.3/common/technology/xilinx/interface/maxi.lib 
Execute           source D:/Xilinx/Vivado/2018.3/common/technology/xilinx/interface/saxilite.lib 
Execute         source D:/Xilinx/Vivado/2018.3/common/technology/xilinx/common/dsp48.lib 
Execute         source D:/Xilinx/Vivado/2018.3/common/technology/xilinx/ip/dds_compiler.lib 
Execute         source D:/Xilinx/Vivado/2018.3/common/technology/xilinx/ip/xfft.lib 
Execute         source D:/Xilinx/Vivado/2018.3/common/technology/xilinx/ip/xfir.lib 
Execute       source D:/Xilinx/Vivado/2018.3/common/technology/xilinx/common/xilinx_old.lib 
Execute       source D:/Xilinx/Vivado/2018.3/common/technology/xilinx/common/xilinx_vivado.lib 
Execute       source D:/Xilinx/Vivado/2018.3/common/technology/xilinx/common/xilinx.hlp 
Execute         source D:/Xilinx/Vivado/2018.3/common/technology/xilinx/common/target_info.tcl 
Execute         source D:/Xilinx/Vivado/2018.3/common/technology/xilinx/interface/xilinx_interface.hlp 
Execute           source D:/Xilinx/Vivado/2018.3/common/technology/xilinx/interface/maxi.hlp 
Execute           source D:/Xilinx/Vivado/2018.3/common/technology/xilinx/interface/saxilite.hlp 
Execute         source D:/Xilinx/Vivado/2018.3/common/technology/xilinx/common/dsp48.hlp 
Execute       source D:/Xilinx/Vivado/2018.3/common/technology/xilinx/zynq/dsp48e1.hlp 
Execute       get_default_platform 
Execute       config_chip_info -quiet -resource  {SLICE 13300}  {LUT 53200}     {FF 106400} {DSP48E 220}   {BRAM 280}  
Execute       config_chip_info -quiet -speed medium 
Execute       source D:/Xilinx/Vivado/2018.3/common/technology/xilinx/common/xilinx.hlp 
Execute         source D:/Xilinx/Vivado/2018.3/common/technology/xilinx/common/target_info.tcl 
Execute         source D:/Xilinx/Vivado/2018.3/common/technology/xilinx/interface/xilinx_interface.hlp 
Execute           source D:/Xilinx/Vivado/2018.3/common/technology/xilinx/interface/maxi.hlp 
Execute           source D:/Xilinx/Vivado/2018.3/common/technology/xilinx/interface/saxilite.hlp 
Execute         source D:/Xilinx/Vivado/2018.3/common/technology/xilinx/common/dsp48.hlp 
Execute     source D:/Xilinx/Vivado/2018.3/common/technology/xilinx/zynq/zynq.gen 
Execute       source D:/Xilinx/Vivado/2018.3/common/technology/xilinx/common/virtex.gen 
Execute         source D:/Xilinx/Vivado/2018.3/common/technology/xilinx/common/xilinx.gen 
Execute           source D:/Xilinx/Vivado/2018.3/common/technology/xilinx/interface/plb46.gen 
Execute           source D:/Xilinx/Vivado/2018.3/common/technology/xilinx/interface/fsl.gen 
Execute           source D:/Xilinx/Vivado/2018.3/common/technology/xilinx/interface/axi4.gen 
Execute           source D:/Xilinx/Vivado/2018.3/common/technology/xilinx/interface/nativeAXI4.gen 
Execute             source D:/Xilinx/Vivado/2018.3/common/technology/xilinx/interface/saxilite.gen 
Execute             source D:/Xilinx/Vivado/2018.3/common/technology/xilinx/interface/maxi.gen 
Execute           source D:/Xilinx/Vivado/2018.3/common/technology/xilinx/scripts/xilinxcoregen.gen 
Execute           source D:/Xilinx/Vivado/2018.3/common/technology/xilinx/interface/XilEDKCoreGen.gen 
Execute           source D:/Xilinx/Vivado/2018.3/common/technology/xilinx/ip/dds_compiler.gen 
Execute           source D:/Xilinx/Vivado/2018.3/common/technology/xilinx/ip/util.gen 
Execute           source D:/Xilinx/Vivado/2018.3/common/technology/xilinx/ip/xfft.gen 
Execute           source D:/Xilinx/Vivado/2018.3/common/technology/xilinx/ip/xfir.gen 
Execute         source D:/Xilinx/Vivado/2018.3/common/technology/xilinx/common/dsp48.gen 
Execute     open_platform DefaultPlatform 
Execute     import_lib D:/Xilinx/Vivado/2018.3/common/technology/xilinx/zynq/zynq_fpv6 
Execute       source D:/Xilinx/Vivado/2018.3/common/technology/xilinx/common/xilinx_fpv7.lib 
Execute         source D:/Xilinx/Vivado/2018.3/common/technology/xilinx/common/xilinx_hp.lib 
Execute       source D:/Xilinx/Vivado/2018.3/common/technology/xilinx/common/xilinx_fpv.hlp 
Execute         source D:/Xilinx/Vivado/2018.3/common/technology/xilinx/common/xilinx.hlp 
Execute           source D:/Xilinx/Vivado/2018.3/common/technology/xilinx/common/target_info.tcl 
Execute           source D:/Xilinx/Vivado/2018.3/common/technology/xilinx/interface/xilinx_interface.hlp 
Execute             source D:/Xilinx/Vivado/2018.3/common/technology/xilinx/interface/maxi.hlp 
Execute             source D:/Xilinx/Vivado/2018.3/common/technology/xilinx/interface/saxilite.hlp 
Execute           source D:/Xilinx/Vivado/2018.3/common/technology/xilinx/common/dsp48.hlp 
Execute       source D:/Xilinx/Vivado/2018.3/common/technology/xilinx/zynq/zynq_hp.hlp 
Execute     source D:/Xilinx/Vivado/2018.3/common/technology/xilinx/zynq/zynq_fpv6.gen 
Execute       source D:/Xilinx/Vivado/2018.3/common/technology/xilinx/common/xilinx_fpv6.gen 
Execute     set_part xc7z020clg400-2 
Execute       add_library xilinx/zynq/zynq:xc7z020:clg400:-2 
Execute         get_default_platform 
Execute         license_isbetapart xc7z020 
Command         license_isbetapart done; error code: 1; 
Execute         get_default_platform 
Execute         config_chip_info -quiet -resource  {SLICE 13300}  {LUT 53200}     {FF 106400} {DSP48E 220}   {BRAM 280}  
Execute         config_chip_info -quiet -speed medium 
Execute       add_library xilinx/zynq/zynq_fpv6 
Execute         get_default_platform 
INFO: [HLS 200-10] Setting target device to 'xc7z020clg400-2'
Execute       get_default_platform 
Execute     get_default_platform 
Execute     config_chip_info -quiet -resource  {SLICE 13300}  {LUT 53200}     {FF 106400} {DSP48E 220}   {BRAM 280}  
Execute     config_chip_info -quiet -speed medium 
Command   open_solution done; 0.152 sec.
Execute   csim_design -quiet 
INFO: [SIM 211-2] *************** CSIM start ***************
INFO: [SIM 211-4] CSIM will launch GCC as the compiler.
Execute     source csim/.lst_opt.tcl 
Execute     is_encrypted D:/Xilinx/Project/LSTM/lstm_hls/dynamic_quant/dyn_quant/src/main.cpp 
Execute     is_xip D:/Xilinx/Project/LSTM/lstm_hls/dynamic_quant/dyn_quant/src/main.cpp 
Execute     is_encrypted D:/Xilinx/Project/LSTM/lstm_hls/dynamic_quant/dyn_quant/src/dynamic_quant.h 
Execute     is_xip D:/Xilinx/Project/LSTM/lstm_hls/dynamic_quant/dyn_quant/src/dynamic_quant.h 
Execute     is_encrypted D:/Xilinx/Project/LSTM/lstm_hls/dynamic_quant/dyn_quant/src/lstm_top.cpp 
Execute     is_xip D:/Xilinx/Project/LSTM/lstm_hls/dynamic_quant/dyn_quant/src/lstm_top.cpp 
Execute     is_encrypted D:/Xilinx/Project/LSTM/lstm_hls/dynamic_quant/dyn_quant/src/lstm_unit.cpp 
Execute     is_xip D:/Xilinx/Project/LSTM/lstm_hls/dynamic_quant/dyn_quant/src/lstm_unit.cpp 
Execute     is_encrypted D:/Xilinx/Project/LSTM/lstm_hls/dynamic_quant/dyn_quant/src/lstm_unit.h 
Execute     is_xip D:/Xilinx/Project/LSTM/lstm_hls/dynamic_quant/dyn_quant/src/lstm_unit.h 
Execute     get_default_platform 
ERROR: [SIM 211-100] 'csim_design' failed: compilation error(s).
INFO: [SIM 211-3] *************** CSIM finish ***************
Command   csim_design done; error code: 2; 5.375 sec.
Command ap_source done; error code: 1; 5.534 sec.
Execute cleanup_all 
INFO-FLOW: Workspace D:/Xilinx/Project/LSTM/lstm_hls/dynamic_quant/dyn_quant/solution1 opened at Fri Apr 04 09:25:04 +0800 2025
Execute     config_clock -quiet -name default -period 10 -default=false 
INFO: [SYN 201-201] Setting up clock 'default' with a period of 10ns.
Execute     open_platform DefaultPlatform 
Execute     import_lib D:/Xilinx/Vivado/2018.3/common/technology/xilinx/zynq/zynq 
Execute       source D:/Xilinx/Vivado/2018.3/common/technology/xilinx/common/xilinx.lib 
Execute         source D:/Xilinx/Vivado/2018.3/common/technology/xilinx/interface/xilinx_interface.lib 
Execute           source D:/Xilinx/Vivado/2018.3/common/technology/xilinx/interface/plb46.lib 
Execute           source D:/Xilinx/Vivado/2018.3/common/technology/xilinx/interface/fsl.lib 
Execute           source D:/Xilinx/Vivado/2018.3/common/technology/xilinx/interface/axi4.lib 
Execute           source D:/Xilinx/Vivado/2018.3/common/technology/xilinx/interface/maxi.lib 
Execute           source D:/Xilinx/Vivado/2018.3/common/technology/xilinx/interface/saxilite.lib 
Execute         source D:/Xilinx/Vivado/2018.3/common/technology/xilinx/common/dsp48.lib 
Execute         source D:/Xilinx/Vivado/2018.3/common/technology/xilinx/ip/dds_compiler.lib 
Execute         source D:/Xilinx/Vivado/2018.3/common/technology/xilinx/ip/xfft.lib 
Execute         source D:/Xilinx/Vivado/2018.3/common/technology/xilinx/ip/xfir.lib 
Execute       source D:/Xilinx/Vivado/2018.3/common/technology/xilinx/common/xilinx_old.lib 
Execute       source D:/Xilinx/Vivado/2018.3/common/technology/xilinx/common/xilinx_vivado.lib 
Execute       source D:/Xilinx/Vivado/2018.3/common/technology/xilinx/common/xilinx.hlp 
Execute         source D:/Xilinx/Vivado/2018.3/common/technology/xilinx/common/target_info.tcl 
Execute         source D:/Xilinx/Vivado/2018.3/common/technology/xilinx/interface/xilinx_interface.hlp 
Execute           source D:/Xilinx/Vivado/2018.3/common/technology/xilinx/interface/maxi.hlp 
Execute           source D:/Xilinx/Vivado/2018.3/common/technology/xilinx/interface/saxilite.hlp 
Execute         source D:/Xilinx/Vivado/2018.3/common/technology/xilinx/common/dsp48.hlp 
Execute       source D:/Xilinx/Vivado/2018.3/common/technology/xilinx/zynq/dsp48e1.hlp 
Execute       get_default_platform 
Execute       config_chip_info -quiet -resource  {SLICE 13300}  {LUT 53200}     {FF 106400} {DSP48E 220}   {BRAM 280}  
Execute       config_chip_info -quiet -speed medium 
Execute       source D:/Xilinx/Vivado/2018.3/common/technology/xilinx/common/xilinx.hlp 
Execute         source D:/Xilinx/Vivado/2018.3/common/technology/xilinx/common/target_info.tcl 
Execute         source D:/Xilinx/Vivado/2018.3/common/technology/xilinx/interface/xilinx_interface.hlp 
Execute           source D:/Xilinx/Vivado/2018.3/common/technology/xilinx/interface/maxi.hlp 
Execute           source D:/Xilinx/Vivado/2018.3/common/technology/xilinx/interface/saxilite.hlp 
Execute         source D:/Xilinx/Vivado/2018.3/common/technology/xilinx/common/dsp48.hlp 
Execute     source D:/Xilinx/Vivado/2018.3/common/technology/xilinx/zynq/zynq.gen 
Execute       source D:/Xilinx/Vivado/2018.3/common/technology/xilinx/common/virtex.gen 
Execute         source D:/Xilinx/Vivado/2018.3/common/technology/xilinx/common/xilinx.gen 
Execute           source D:/Xilinx/Vivado/2018.3/common/technology/xilinx/interface/plb46.gen 
Execute           source D:/Xilinx/Vivado/2018.3/common/technology/xilinx/interface/fsl.gen 
Execute           source D:/Xilinx/Vivado/2018.3/common/technology/xilinx/interface/axi4.gen 
Execute           source D:/Xilinx/Vivado/2018.3/common/technology/xilinx/interface/nativeAXI4.gen 
Execute             source D:/Xilinx/Vivado/2018.3/common/technology/xilinx/interface/saxilite.gen 
Execute             source D:/Xilinx/Vivado/2018.3/common/technology/xilinx/interface/maxi.gen 
Execute           source D:/Xilinx/Vivado/2018.3/common/technology/xilinx/scripts/xilinxcoregen.gen 
Execute           source D:/Xilinx/Vivado/2018.3/common/technology/xilinx/interface/XilEDKCoreGen.gen 
Execute           source D:/Xilinx/Vivado/2018.3/common/technology/xilinx/ip/dds_compiler.gen 
Execute           source D:/Xilinx/Vivado/2018.3/common/technology/xilinx/ip/util.gen 
Execute           source D:/Xilinx/Vivado/2018.3/common/technology/xilinx/ip/xfft.gen 
Execute           source D:/Xilinx/Vivado/2018.3/common/technology/xilinx/ip/xfir.gen 
Execute         source D:/Xilinx/Vivado/2018.3/common/technology/xilinx/common/dsp48.gen 
Execute     open_platform DefaultPlatform 
Execute     import_lib D:/Xilinx/Vivado/2018.3/common/technology/xilinx/zynq/zynq_fpv6 
Execute       source D:/Xilinx/Vivado/2018.3/common/technology/xilinx/common/xilinx_fpv7.lib 
Execute         source D:/Xilinx/Vivado/2018.3/common/technology/xilinx/common/xilinx_hp.lib 
Execute       source D:/Xilinx/Vivado/2018.3/common/technology/xilinx/common/xilinx_fpv.hlp 
Execute         source D:/Xilinx/Vivado/2018.3/common/technology/xilinx/common/xilinx.hlp 
Execute           source D:/Xilinx/Vivado/2018.3/common/technology/xilinx/common/target_info.tcl 
Execute           source D:/Xilinx/Vivado/2018.3/common/technology/xilinx/interface/xilinx_interface.hlp 
Execute             source D:/Xilinx/Vivado/2018.3/common/technology/xilinx/interface/maxi.hlp 
Execute             source D:/Xilinx/Vivado/2018.3/common/technology/xilinx/interface/saxilite.hlp 
Execute           source D:/Xilinx/Vivado/2018.3/common/technology/xilinx/common/dsp48.hlp 
Execute       source D:/Xilinx/Vivado/2018.3/common/technology/xilinx/zynq/zynq_hp.hlp 
Execute     source D:/Xilinx/Vivado/2018.3/common/technology/xilinx/zynq/zynq_fpv6.gen 
Execute       source D:/Xilinx/Vivado/2018.3/common/technology/xilinx/common/xilinx_fpv6.gen 
Execute     set_part xc7z020clg400-2 
Execute       add_library xilinx/zynq/zynq:xc7z020:clg400:-2 
Execute         get_default_platform 
Execute         license_isbetapart xc7z020 
Command         license_isbetapart done; error code: 1; 
Execute         get_default_platform 
Execute         config_chip_info -quiet -resource  {SLICE 13300}  {LUT 53200}     {FF 106400} {DSP48E 220}   {BRAM 280}  
Execute         config_chip_info -quiet -speed medium 
Execute       add_library xilinx/zynq/zynq_fpv6 
Execute         get_default_platform 
INFO: [HLS 200-10] Setting target device to 'xc7z020clg400-2'
Execute       get_default_platform 
Execute     get_default_platform 
Execute     config_chip_info -quiet -resource  {SLICE 13300}  {LUT 53200}     {FF 106400} {DSP48E 220}   {BRAM 280}  
Execute     config_chip_info -quiet -speed medium 
Command   open_solution done; 0.152 sec.
Execute   csim_design -quiet 
INFO: [SIM 211-2] *************** CSIM start ***************
INFO: [SIM 211-4] CSIM will launch GCC as the compiler.
Execute     source csim/.lst_opt.tcl 
Execute     is_encrypted D:/Xilinx/Project/LSTM/lstm_hls/dynamic_quant/dyn_quant/src/main.cpp 
Execute     is_xip D:/Xilinx/Project/LSTM/lstm_hls/dynamic_quant/dyn_quant/src/main.cpp 
Execute     is_encrypted D:/Xilinx/Project/LSTM/lstm_hls/dynamic_quant/dyn_quant/src/dynamic_quant.cpp 
Execute     is_xip D:/Xilinx/Project/LSTM/lstm_hls/dynamic_quant/dyn_quant/src/dynamic_quant.cpp 
Execute     is_encrypted D:/Xilinx/Project/LSTM/lstm_hls/dynamic_quant/dyn_quant/src/dynamic_quant.h 
Execute     is_xip D:/Xilinx/Project/LSTM/lstm_hls/dynamic_quant/dyn_quant/src/dynamic_quant.h 
Execute     is_encrypted D:/Xilinx/Project/LSTM/lstm_hls/dynamic_quant/dyn_quant/src/lstm_top.cpp 
Execute     is_xip D:/Xilinx/Project/LSTM/lstm_hls/dynamic_quant/dyn_quant/src/lstm_top.cpp 
Execute     is_encrypted D:/Xilinx/Project/LSTM/lstm_hls/dynamic_quant/dyn_quant/src/lstm_unit.cpp 
Execute     is_xip D:/Xilinx/Project/LSTM/lstm_hls/dynamic_quant/dyn_quant/src/lstm_unit.cpp 
Execute     is_encrypted D:/Xilinx/Project/LSTM/lstm_hls/dynamic_quant/dyn_quant/src/lstm_unit.h 
Execute     is_xip D:/Xilinx/Project/LSTM/lstm_hls/dynamic_quant/dyn_quant/src/lstm_unit.h 
Execute     get_default_platform 
ERROR: [SIM 211-100] 'csim_design' failed: compilation error(s).
INFO: [SIM 211-3] *************** CSIM finish ***************
Command   csim_design done; error code: 2; 11.325 sec.
Command ap_source done; error code: 1; 11.496 sec.
Execute cleanup_all 
INFO-FLOW: Workspace D:/Xilinx/Project/LSTM/lstm_hls/dynamic_quant/dyn_quant/solution1 opened at Fri Apr 04 09:34:50 +0800 2025
Execute     config_clock -quiet -name default -period 10 -default=false 
INFO: [SYN 201-201] Setting up clock 'default' with a period of 10ns.
Execute     open_platform DefaultPlatform 
Execute     import_lib D:/Xilinx/Vivado/2018.3/common/technology/xilinx/zynq/zynq 
Execute       source D:/Xilinx/Vivado/2018.3/common/technology/xilinx/common/xilinx.lib 
Execute         source D:/Xilinx/Vivado/2018.3/common/technology/xilinx/interface/xilinx_interface.lib 
Execute           source D:/Xilinx/Vivado/2018.3/common/technology/xilinx/interface/plb46.lib 
Execute           source D:/Xilinx/Vivado/2018.3/common/technology/xilinx/interface/fsl.lib 
Execute           source D:/Xilinx/Vivado/2018.3/common/technology/xilinx/interface/axi4.lib 
Execute           source D:/Xilinx/Vivado/2018.3/common/technology/xilinx/interface/maxi.lib 
Execute           source D:/Xilinx/Vivado/2018.3/common/technology/xilinx/interface/saxilite.lib 
Execute         source D:/Xilinx/Vivado/2018.3/common/technology/xilinx/common/dsp48.lib 
Execute         source D:/Xilinx/Vivado/2018.3/common/technology/xilinx/ip/dds_compiler.lib 
Execute         source D:/Xilinx/Vivado/2018.3/common/technology/xilinx/ip/xfft.lib 
Execute         source D:/Xilinx/Vivado/2018.3/common/technology/xilinx/ip/xfir.lib 
Execute       source D:/Xilinx/Vivado/2018.3/common/technology/xilinx/common/xilinx_old.lib 
Execute       source D:/Xilinx/Vivado/2018.3/common/technology/xilinx/common/xilinx_vivado.lib 
Execute       source D:/Xilinx/Vivado/2018.3/common/technology/xilinx/common/xilinx.hlp 
Execute         source D:/Xilinx/Vivado/2018.3/common/technology/xilinx/common/target_info.tcl 
Execute         source D:/Xilinx/Vivado/2018.3/common/technology/xilinx/interface/xilinx_interface.hlp 
Execute           source D:/Xilinx/Vivado/2018.3/common/technology/xilinx/interface/maxi.hlp 
Execute           source D:/Xilinx/Vivado/2018.3/common/technology/xilinx/interface/saxilite.hlp 
Execute         source D:/Xilinx/Vivado/2018.3/common/technology/xilinx/common/dsp48.hlp 
Execute       source D:/Xilinx/Vivado/2018.3/common/technology/xilinx/zynq/dsp48e1.hlp 
Execute       get_default_platform 
Execute       config_chip_info -quiet -resource  {SLICE 13300}  {LUT 53200}     {FF 106400} {DSP48E 220}   {BRAM 280}  
Execute       config_chip_info -quiet -speed medium 
Execute       source D:/Xilinx/Vivado/2018.3/common/technology/xilinx/common/xilinx.hlp 
Execute         source D:/Xilinx/Vivado/2018.3/common/technology/xilinx/common/target_info.tcl 
Execute         source D:/Xilinx/Vivado/2018.3/common/technology/xilinx/interface/xilinx_interface.hlp 
Execute           source D:/Xilinx/Vivado/2018.3/common/technology/xilinx/interface/maxi.hlp 
Execute           source D:/Xilinx/Vivado/2018.3/common/technology/xilinx/interface/saxilite.hlp 
Execute         source D:/Xilinx/Vivado/2018.3/common/technology/xilinx/common/dsp48.hlp 
Execute     source D:/Xilinx/Vivado/2018.3/common/technology/xilinx/zynq/zynq.gen 
Execute       source D:/Xilinx/Vivado/2018.3/common/technology/xilinx/common/virtex.gen 
Execute         source D:/Xilinx/Vivado/2018.3/common/technology/xilinx/common/xilinx.gen 
Execute           source D:/Xilinx/Vivado/2018.3/common/technology/xilinx/interface/plb46.gen 
Execute           source D:/Xilinx/Vivado/2018.3/common/technology/xilinx/interface/fsl.gen 
Execute           source D:/Xilinx/Vivado/2018.3/common/technology/xilinx/interface/axi4.gen 
Execute           source D:/Xilinx/Vivado/2018.3/common/technology/xilinx/interface/nativeAXI4.gen 
Execute             source D:/Xilinx/Vivado/2018.3/common/technology/xilinx/interface/saxilite.gen 
Execute             source D:/Xilinx/Vivado/2018.3/common/technology/xilinx/interface/maxi.gen 
Execute           source D:/Xilinx/Vivado/2018.3/common/technology/xilinx/scripts/xilinxcoregen.gen 
Execute           source D:/Xilinx/Vivado/2018.3/common/technology/xilinx/interface/XilEDKCoreGen.gen 
Execute           source D:/Xilinx/Vivado/2018.3/common/technology/xilinx/ip/dds_compiler.gen 
Execute           source D:/Xilinx/Vivado/2018.3/common/technology/xilinx/ip/util.gen 
Execute           source D:/Xilinx/Vivado/2018.3/common/technology/xilinx/ip/xfft.gen 
Execute           source D:/Xilinx/Vivado/2018.3/common/technology/xilinx/ip/xfir.gen 
Execute         source D:/Xilinx/Vivado/2018.3/common/technology/xilinx/common/dsp48.gen 
Execute     open_platform DefaultPlatform 
Execute     import_lib D:/Xilinx/Vivado/2018.3/common/technology/xilinx/zynq/zynq_fpv6 
Execute       source D:/Xilinx/Vivado/2018.3/common/technology/xilinx/common/xilinx_fpv7.lib 
Execute         source D:/Xilinx/Vivado/2018.3/common/technology/xilinx/common/xilinx_hp.lib 
Execute       source D:/Xilinx/Vivado/2018.3/common/technology/xilinx/common/xilinx_fpv.hlp 
Execute         source D:/Xilinx/Vivado/2018.3/common/technology/xilinx/common/xilinx.hlp 
Execute           source D:/Xilinx/Vivado/2018.3/common/technology/xilinx/common/target_info.tcl 
Execute           source D:/Xilinx/Vivado/2018.3/common/technology/xilinx/interface/xilinx_interface.hlp 
Execute             source D:/Xilinx/Vivado/2018.3/common/technology/xilinx/interface/maxi.hlp 
Execute             source D:/Xilinx/Vivado/2018.3/common/technology/xilinx/interface/saxilite.hlp 
Execute           source D:/Xilinx/Vivado/2018.3/common/technology/xilinx/common/dsp48.hlp 
Execute       source D:/Xilinx/Vivado/2018.3/common/technology/xilinx/zynq/zynq_hp.hlp 
Execute     source D:/Xilinx/Vivado/2018.3/common/technology/xilinx/zynq/zynq_fpv6.gen 
Execute       source D:/Xilinx/Vivado/2018.3/common/technology/xilinx/common/xilinx_fpv6.gen 
Execute     set_part xc7z020clg400-2 
Execute       add_library xilinx/zynq/zynq:xc7z020:clg400:-2 
Execute         get_default_platform 
Execute         license_isbetapart xc7z020 
Command         license_isbetapart done; error code: 1; 
Execute         get_default_platform 
Execute         config_chip_info -quiet -resource  {SLICE 13300}  {LUT 53200}     {FF 106400} {DSP48E 220}   {BRAM 280}  
Execute         config_chip_info -quiet -speed medium 
Execute       add_library xilinx/zynq/zynq_fpv6 
Execute         get_default_platform 
INFO: [HLS 200-10] Setting target device to 'xc7z020clg400-2'
Execute       get_default_platform 
Execute     get_default_platform 
Execute     config_chip_info -quiet -resource  {SLICE 13300}  {LUT 53200}     {FF 106400} {DSP48E 220}   {BRAM 280}  
Execute     config_chip_info -quiet -speed medium 
Command   open_solution done; 0.149 sec.
Execute   csim_design -quiet 
INFO: [SIM 211-2] *************** CSIM start ***************
INFO: [SIM 211-4] CSIM will launch GCC as the compiler.
Execute     source csim/.lst_opt.tcl 
Execute     is_encrypted D:/Xilinx/Project/LSTM/lstm_hls/dynamic_quant/dyn_quant/src/main.cpp 
Execute     is_xip D:/Xilinx/Project/LSTM/lstm_hls/dynamic_quant/dyn_quant/src/main.cpp 
Execute     is_encrypted D:/Xilinx/Project/LSTM/lstm_hls/dynamic_quant/dyn_quant/src/dynamic_quant.cpp 
Execute     is_xip D:/Xilinx/Project/LSTM/lstm_hls/dynamic_quant/dyn_quant/src/dynamic_quant.cpp 
Execute     is_encrypted D:/Xilinx/Project/LSTM/lstm_hls/dynamic_quant/dyn_quant/src/dynamic_quant.h 
Execute     is_xip D:/Xilinx/Project/LSTM/lstm_hls/dynamic_quant/dyn_quant/src/dynamic_quant.h 
Execute     is_encrypted D:/Xilinx/Project/LSTM/lstm_hls/dynamic_quant/dyn_quant/src/lstm_top.cpp 
Execute     is_xip D:/Xilinx/Project/LSTM/lstm_hls/dynamic_quant/dyn_quant/src/lstm_top.cpp 
Execute     is_encrypted D:/Xilinx/Project/LSTM/lstm_hls/dynamic_quant/dyn_quant/src/lstm_unit.cpp 
Execute     is_xip D:/Xilinx/Project/LSTM/lstm_hls/dynamic_quant/dyn_quant/src/lstm_unit.cpp 
Execute     is_encrypted D:/Xilinx/Project/LSTM/lstm_hls/dynamic_quant/dyn_quant/src/lstm_unit.h 
Execute     is_xip D:/Xilinx/Project/LSTM/lstm_hls/dynamic_quant/dyn_quant/src/lstm_unit.h 
Execute     get_default_platform 
Execute     source run_sim.tcl 
Command     ap_source done; 0.936 sec.
INFO: [SIM 211-1] CSim done with 0 errors.
INFO: [SIM 211-3] *************** CSIM finish ***************
Command   csim_design done; 4.481 sec.
Command ap_source done; 4.634 sec.
Execute cleanup_all 
INFO-FLOW: Workspace D:/Xilinx/Project/LSTM/lstm_hls/dynamic_quant/dyn_quant/solution1 opened at Fri Apr 04 09:42:52 +0800 2025
Execute     config_clock -quiet -name default -period 10 -default=false 
INFO: [SYN 201-201] Setting up clock 'default' with a period of 10ns.
Execute     open_platform DefaultPlatform 
Execute     import_lib D:/Xilinx/Vivado/2018.3/common/technology/xilinx/zynq/zynq 
Execute       source D:/Xilinx/Vivado/2018.3/common/technology/xilinx/common/xilinx.lib 
Execute         source D:/Xilinx/Vivado/2018.3/common/technology/xilinx/interface/xilinx_interface.lib 
Execute           source D:/Xilinx/Vivado/2018.3/common/technology/xilinx/interface/plb46.lib 
Execute           source D:/Xilinx/Vivado/2018.3/common/technology/xilinx/interface/fsl.lib 
Execute           source D:/Xilinx/Vivado/2018.3/common/technology/xilinx/interface/axi4.lib 
Execute           source D:/Xilinx/Vivado/2018.3/common/technology/xilinx/interface/maxi.lib 
Execute           source D:/Xilinx/Vivado/2018.3/common/technology/xilinx/interface/saxilite.lib 
Execute         source D:/Xilinx/Vivado/2018.3/common/technology/xilinx/common/dsp48.lib 
Execute         source D:/Xilinx/Vivado/2018.3/common/technology/xilinx/ip/dds_compiler.lib 
Execute         source D:/Xilinx/Vivado/2018.3/common/technology/xilinx/ip/xfft.lib 
Execute         source D:/Xilinx/Vivado/2018.3/common/technology/xilinx/ip/xfir.lib 
Execute       source D:/Xilinx/Vivado/2018.3/common/technology/xilinx/common/xilinx_old.lib 
Execute       source D:/Xilinx/Vivado/2018.3/common/technology/xilinx/common/xilinx_vivado.lib 
Execute       source D:/Xilinx/Vivado/2018.3/common/technology/xilinx/common/xilinx.hlp 
Execute         source D:/Xilinx/Vivado/2018.3/common/technology/xilinx/common/target_info.tcl 
Execute         source D:/Xilinx/Vivado/2018.3/common/technology/xilinx/interface/xilinx_interface.hlp 
Execute           source D:/Xilinx/Vivado/2018.3/common/technology/xilinx/interface/maxi.hlp 
Execute           source D:/Xilinx/Vivado/2018.3/common/technology/xilinx/interface/saxilite.hlp 
Execute         source D:/Xilinx/Vivado/2018.3/common/technology/xilinx/common/dsp48.hlp 
Execute       source D:/Xilinx/Vivado/2018.3/common/technology/xilinx/zynq/dsp48e1.hlp 
Execute       get_default_platform 
Execute       config_chip_info -quiet -resource  {SLICE 13300}  {LUT 53200}     {FF 106400} {DSP48E 220}   {BRAM 280}  
Execute       config_chip_info -quiet -speed medium 
Execute       source D:/Xilinx/Vivado/2018.3/common/technology/xilinx/common/xilinx.hlp 
Execute         source D:/Xilinx/Vivado/2018.3/common/technology/xilinx/common/target_info.tcl 
Execute         source D:/Xilinx/Vivado/2018.3/common/technology/xilinx/interface/xilinx_interface.hlp 
Execute           source D:/Xilinx/Vivado/2018.3/common/technology/xilinx/interface/maxi.hlp 
Execute           source D:/Xilinx/Vivado/2018.3/common/technology/xilinx/interface/saxilite.hlp 
Execute         source D:/Xilinx/Vivado/2018.3/common/technology/xilinx/common/dsp48.hlp 
Execute     source D:/Xilinx/Vivado/2018.3/common/technology/xilinx/zynq/zynq.gen 
Execute       source D:/Xilinx/Vivado/2018.3/common/technology/xilinx/common/virtex.gen 
Execute         source D:/Xilinx/Vivado/2018.3/common/technology/xilinx/common/xilinx.gen 
Execute           source D:/Xilinx/Vivado/2018.3/common/technology/xilinx/interface/plb46.gen 
Execute           source D:/Xilinx/Vivado/2018.3/common/technology/xilinx/interface/fsl.gen 
Execute           source D:/Xilinx/Vivado/2018.3/common/technology/xilinx/interface/axi4.gen 
Execute           source D:/Xilinx/Vivado/2018.3/common/technology/xilinx/interface/nativeAXI4.gen 
Execute             source D:/Xilinx/Vivado/2018.3/common/technology/xilinx/interface/saxilite.gen 
Execute             source D:/Xilinx/Vivado/2018.3/common/technology/xilinx/interface/maxi.gen 
Execute           source D:/Xilinx/Vivado/2018.3/common/technology/xilinx/scripts/xilinxcoregen.gen 
Execute           source D:/Xilinx/Vivado/2018.3/common/technology/xilinx/interface/XilEDKCoreGen.gen 
Execute           source D:/Xilinx/Vivado/2018.3/common/technology/xilinx/ip/dds_compiler.gen 
Execute           source D:/Xilinx/Vivado/2018.3/common/technology/xilinx/ip/util.gen 
Execute           source D:/Xilinx/Vivado/2018.3/common/technology/xilinx/ip/xfft.gen 
Execute           source D:/Xilinx/Vivado/2018.3/common/technology/xilinx/ip/xfir.gen 
Execute         source D:/Xilinx/Vivado/2018.3/common/technology/xilinx/common/dsp48.gen 
Execute     open_platform DefaultPlatform 
Execute     import_lib D:/Xilinx/Vivado/2018.3/common/technology/xilinx/zynq/zynq_fpv6 
Execute       source D:/Xilinx/Vivado/2018.3/common/technology/xilinx/common/xilinx_fpv7.lib 
Execute         source D:/Xilinx/Vivado/2018.3/common/technology/xilinx/common/xilinx_hp.lib 
Execute       source D:/Xilinx/Vivado/2018.3/common/technology/xilinx/common/xilinx_fpv.hlp 
Execute         source D:/Xilinx/Vivado/2018.3/common/technology/xilinx/common/xilinx.hlp 
Execute           source D:/Xilinx/Vivado/2018.3/common/technology/xilinx/common/target_info.tcl 
Execute           source D:/Xilinx/Vivado/2018.3/common/technology/xilinx/interface/xilinx_interface.hlp 
Execute             source D:/Xilinx/Vivado/2018.3/common/technology/xilinx/interface/maxi.hlp 
Execute             source D:/Xilinx/Vivado/2018.3/common/technology/xilinx/interface/saxilite.hlp 
Execute           source D:/Xilinx/Vivado/2018.3/common/technology/xilinx/common/dsp48.hlp 
Execute       source D:/Xilinx/Vivado/2018.3/common/technology/xilinx/zynq/zynq_hp.hlp 
Execute     source D:/Xilinx/Vivado/2018.3/common/technology/xilinx/zynq/zynq_fpv6.gen 
Execute       source D:/Xilinx/Vivado/2018.3/common/technology/xilinx/common/xilinx_fpv6.gen 
Execute     set_part xc7z020clg400-2 
Execute       add_library xilinx/zynq/zynq:xc7z020:clg400:-2 
Execute         get_default_platform 
Execute         license_isbetapart xc7z020 
Command         license_isbetapart done; error code: 1; 
Execute         get_default_platform 
Execute         config_chip_info -quiet -resource  {SLICE 13300}  {LUT 53200}     {FF 106400} {DSP48E 220}   {BRAM 280}  
Execute         config_chip_info -quiet -speed medium 
Execute       add_library xilinx/zynq/zynq_fpv6 
Execute         get_default_platform 
INFO: [HLS 200-10] Setting target device to 'xc7z020clg400-2'
Execute       get_default_platform 
Execute     get_default_platform 
Execute     config_chip_info -quiet -resource  {SLICE 13300}  {LUT 53200}     {FF 106400} {DSP48E 220}   {BRAM 280}  
Execute     config_chip_info -quiet -speed medium 
Command   open_solution done; 0.153 sec.
Execute   csim_design -quiet 
INFO: [SIM 211-2] *************** CSIM start ***************
INFO: [SIM 211-4] CSIM will launch GCC as the compiler.
Execute     source csim/.lst_opt.tcl 
Execute     is_encrypted D:/Xilinx/Project/LSTM/lstm_hls/dynamic_quant/dyn_quant/src/main.cpp 
Execute     is_xip D:/Xilinx/Project/LSTM/lstm_hls/dynamic_quant/dyn_quant/src/main.cpp 
Execute     is_encrypted D:/Xilinx/Project/LSTM/lstm_hls/dynamic_quant/dyn_quant/src/dynamic_quant.cpp 
Execute     is_xip D:/Xilinx/Project/LSTM/lstm_hls/dynamic_quant/dyn_quant/src/dynamic_quant.cpp 
Execute     is_encrypted D:/Xilinx/Project/LSTM/lstm_hls/dynamic_quant/dyn_quant/src/dynamic_quant.h 
Execute     is_xip D:/Xilinx/Project/LSTM/lstm_hls/dynamic_quant/dyn_quant/src/dynamic_quant.h 
Execute     is_encrypted D:/Xilinx/Project/LSTM/lstm_hls/dynamic_quant/dyn_quant/src/lstm_top.cpp 
Execute     is_xip D:/Xilinx/Project/LSTM/lstm_hls/dynamic_quant/dyn_quant/src/lstm_top.cpp 
Execute     is_encrypted D:/Xilinx/Project/LSTM/lstm_hls/dynamic_quant/dyn_quant/src/lstm_unit.cpp 
Execute     is_xip D:/Xilinx/Project/LSTM/lstm_hls/dynamic_quant/dyn_quant/src/lstm_unit.cpp 
Execute     is_encrypted D:/Xilinx/Project/LSTM/lstm_hls/dynamic_quant/dyn_quant/src/lstm_unit.h 
Execute     is_xip D:/Xilinx/Project/LSTM/lstm_hls/dynamic_quant/dyn_quant/src/lstm_unit.h 
Execute     get_default_platform 
Execute     source run_sim.tcl 
Command     ap_source done; 0.986 sec.
INFO: [SIM 211-1] CSim done with 0 errors.
INFO: [SIM 211-3] *************** CSIM finish ***************
Command   csim_design done; 3.735 sec.
Command ap_source done; 3.893 sec.
Execute cleanup_all 
INFO-FLOW: Workspace D:/Xilinx/Project/LSTM/lstm_hls/dynamic_quant/dyn_quant/solution1 opened at Fri Apr 04 10:53:21 +0800 2025
Execute     config_clock -quiet -name default -period 10 -default=false 
INFO: [SYN 201-201] Setting up clock 'default' with a period of 10ns.
Execute     open_platform DefaultPlatform 
Execute     import_lib D:/Xilinx/Vivado/2018.3/common/technology/xilinx/zynq/zynq 
Execute       source D:/Xilinx/Vivado/2018.3/common/technology/xilinx/common/xilinx.lib 
Execute         source D:/Xilinx/Vivado/2018.3/common/technology/xilinx/interface/xilinx_interface.lib 
Execute           source D:/Xilinx/Vivado/2018.3/common/technology/xilinx/interface/plb46.lib 
Execute           source D:/Xilinx/Vivado/2018.3/common/technology/xilinx/interface/fsl.lib 
Execute           source D:/Xilinx/Vivado/2018.3/common/technology/xilinx/interface/axi4.lib 
Execute           source D:/Xilinx/Vivado/2018.3/common/technology/xilinx/interface/maxi.lib 
Execute           source D:/Xilinx/Vivado/2018.3/common/technology/xilinx/interface/saxilite.lib 
Execute         source D:/Xilinx/Vivado/2018.3/common/technology/xilinx/common/dsp48.lib 
Execute         source D:/Xilinx/Vivado/2018.3/common/technology/xilinx/ip/dds_compiler.lib 
Execute         source D:/Xilinx/Vivado/2018.3/common/technology/xilinx/ip/xfft.lib 
Execute         source D:/Xilinx/Vivado/2018.3/common/technology/xilinx/ip/xfir.lib 
Execute       source D:/Xilinx/Vivado/2018.3/common/technology/xilinx/common/xilinx_old.lib 
Execute       source D:/Xilinx/Vivado/2018.3/common/technology/xilinx/common/xilinx_vivado.lib 
Execute       source D:/Xilinx/Vivado/2018.3/common/technology/xilinx/common/xilinx.hlp 
Execute         source D:/Xilinx/Vivado/2018.3/common/technology/xilinx/common/target_info.tcl 
Execute         source D:/Xilinx/Vivado/2018.3/common/technology/xilinx/interface/xilinx_interface.hlp 
Execute           source D:/Xilinx/Vivado/2018.3/common/technology/xilinx/interface/maxi.hlp 
Execute           source D:/Xilinx/Vivado/2018.3/common/technology/xilinx/interface/saxilite.hlp 
Execute         source D:/Xilinx/Vivado/2018.3/common/technology/xilinx/common/dsp48.hlp 
Execute       source D:/Xilinx/Vivado/2018.3/common/technology/xilinx/zynq/dsp48e1.hlp 
Execute       get_default_platform 
Execute       config_chip_info -quiet -resource  {SLICE 13300}  {LUT 53200}     {FF 106400} {DSP48E 220}   {BRAM 280}  
Execute       config_chip_info -quiet -speed medium 
Execute       source D:/Xilinx/Vivado/2018.3/common/technology/xilinx/common/xilinx.hlp 
Execute         source D:/Xilinx/Vivado/2018.3/common/technology/xilinx/common/target_info.tcl 
Execute         source D:/Xilinx/Vivado/2018.3/common/technology/xilinx/interface/xilinx_interface.hlp 
Execute           source D:/Xilinx/Vivado/2018.3/common/technology/xilinx/interface/maxi.hlp 
Execute           source D:/Xilinx/Vivado/2018.3/common/technology/xilinx/interface/saxilite.hlp 
Execute         source D:/Xilinx/Vivado/2018.3/common/technology/xilinx/common/dsp48.hlp 
Execute     source D:/Xilinx/Vivado/2018.3/common/technology/xilinx/zynq/zynq.gen 
Execute       source D:/Xilinx/Vivado/2018.3/common/technology/xilinx/common/virtex.gen 
Execute         source D:/Xilinx/Vivado/2018.3/common/technology/xilinx/common/xilinx.gen 
Execute           source D:/Xilinx/Vivado/2018.3/common/technology/xilinx/interface/plb46.gen 
Execute           source D:/Xilinx/Vivado/2018.3/common/technology/xilinx/interface/fsl.gen 
Execute           source D:/Xilinx/Vivado/2018.3/common/technology/xilinx/interface/axi4.gen 
Execute           source D:/Xilinx/Vivado/2018.3/common/technology/xilinx/interface/nativeAXI4.gen 
Execute             source D:/Xilinx/Vivado/2018.3/common/technology/xilinx/interface/saxilite.gen 
Execute             source D:/Xilinx/Vivado/2018.3/common/technology/xilinx/interface/maxi.gen 
Execute           source D:/Xilinx/Vivado/2018.3/common/technology/xilinx/scripts/xilinxcoregen.gen 
Execute           source D:/Xilinx/Vivado/2018.3/common/technology/xilinx/interface/XilEDKCoreGen.gen 
Execute           source D:/Xilinx/Vivado/2018.3/common/technology/xilinx/ip/dds_compiler.gen 
Execute           source D:/Xilinx/Vivado/2018.3/common/technology/xilinx/ip/util.gen 
Execute           source D:/Xilinx/Vivado/2018.3/common/technology/xilinx/ip/xfft.gen 
Execute           source D:/Xilinx/Vivado/2018.3/common/technology/xilinx/ip/xfir.gen 
Execute         source D:/Xilinx/Vivado/2018.3/common/technology/xilinx/common/dsp48.gen 
Execute     open_platform DefaultPlatform 
Execute     import_lib D:/Xilinx/Vivado/2018.3/common/technology/xilinx/zynq/zynq_fpv6 
Execute       source D:/Xilinx/Vivado/2018.3/common/technology/xilinx/common/xilinx_fpv7.lib 
Execute         source D:/Xilinx/Vivado/2018.3/common/technology/xilinx/common/xilinx_hp.lib 
Execute       source D:/Xilinx/Vivado/2018.3/common/technology/xilinx/common/xilinx_fpv.hlp 
Execute         source D:/Xilinx/Vivado/2018.3/common/technology/xilinx/common/xilinx.hlp 
Execute           source D:/Xilinx/Vivado/2018.3/common/technology/xilinx/common/target_info.tcl 
Execute           source D:/Xilinx/Vivado/2018.3/common/technology/xilinx/interface/xilinx_interface.hlp 
Execute             source D:/Xilinx/Vivado/2018.3/common/technology/xilinx/interface/maxi.hlp 
Execute             source D:/Xilinx/Vivado/2018.3/common/technology/xilinx/interface/saxilite.hlp 
Execute           source D:/Xilinx/Vivado/2018.3/common/technology/xilinx/common/dsp48.hlp 
Execute       source D:/Xilinx/Vivado/2018.3/common/technology/xilinx/zynq/zynq_hp.hlp 
Execute     source D:/Xilinx/Vivado/2018.3/common/technology/xilinx/zynq/zynq_fpv6.gen 
Execute       source D:/Xilinx/Vivado/2018.3/common/technology/xilinx/common/xilinx_fpv6.gen 
Execute     set_part xc7z020clg400-2 
Execute       add_library xilinx/zynq/zynq:xc7z020:clg400:-2 
Execute         get_default_platform 
Execute         license_isbetapart xc7z020 
Command         license_isbetapart done; error code: 1; 
Execute         get_default_platform 
Execute         config_chip_info -quiet -resource  {SLICE 13300}  {LUT 53200}     {FF 106400} {DSP48E 220}   {BRAM 280}  
Execute         config_chip_info -quiet -speed medium 
Execute       add_library xilinx/zynq/zynq_fpv6 
Execute         get_default_platform 
INFO: [HLS 200-10] Setting target device to 'xc7z020clg400-2'
Execute       get_default_platform 
Execute     get_default_platform 
Execute     config_chip_info -quiet -resource  {SLICE 13300}  {LUT 53200}     {FF 106400} {DSP48E 220}   {BRAM 280}  
Execute     config_chip_info -quiet -speed medium 
Command   open_solution done; 0.149 sec.
Execute   csim_design -quiet 
INFO: [SIM 211-2] *************** CSIM start ***************
INFO: [SIM 211-4] CSIM will launch GCC as the compiler.
Execute     source csim/.lst_opt.tcl 
Execute     is_encrypted D:/Xilinx/Project/LSTM/lstm_hls/dynamic_quant/dyn_quant/src/main.cpp 
Execute     is_xip D:/Xilinx/Project/LSTM/lstm_hls/dynamic_quant/dyn_quant/src/main.cpp 
Execute     is_encrypted D:/Xilinx/Project/LSTM/lstm_hls/dynamic_quant/dyn_quant/src/test_mixed_precision_lstm.cpp 
Execute     is_xip D:/Xilinx/Project/LSTM/lstm_hls/dynamic_quant/dyn_quant/src/test_mixed_precision_lstm.cpp 
Execute     is_encrypted D:/Xilinx/Project/LSTM/lstm_hls/dynamic_quant/dyn_quant/src/dynamic_quant.cpp 
Execute     is_xip D:/Xilinx/Project/LSTM/lstm_hls/dynamic_quant/dyn_quant/src/dynamic_quant.cpp 
Execute     is_encrypted D:/Xilinx/Project/LSTM/lstm_hls/dynamic_quant/dyn_quant/src/dynamic_quant.h 
Execute     is_xip D:/Xilinx/Project/LSTM/lstm_hls/dynamic_quant/dyn_quant/src/dynamic_quant.h 
Execute     is_encrypted D:/Xilinx/Project/LSTM/lstm_hls/dynamic_quant/dyn_quant/src/lstm_top.cpp 
Execute     is_xip D:/Xilinx/Project/LSTM/lstm_hls/dynamic_quant/dyn_quant/src/lstm_top.cpp 
Execute     is_encrypted D:/Xilinx/Project/LSTM/lstm_hls/dynamic_quant/dyn_quant/src/lstm_unit.cpp 
Execute     is_xip D:/Xilinx/Project/LSTM/lstm_hls/dynamic_quant/dyn_quant/src/lstm_unit.cpp 
Execute     is_encrypted D:/Xilinx/Project/LSTM/lstm_hls/dynamic_quant/dyn_quant/src/lstm_unit.h 
Execute     is_xip D:/Xilinx/Project/LSTM/lstm_hls/dynamic_quant/dyn_quant/src/lstm_unit.h 
Execute     is_encrypted D:/Xilinx/Project/LSTM/lstm_hls/dynamic_quant/dyn_quant/src/mixed_precision_lstm.cpp 
Execute     is_xip D:/Xilinx/Project/LSTM/lstm_hls/dynamic_quant/dyn_quant/src/mixed_precision_lstm.cpp 
Execute     is_encrypted D:/Xilinx/Project/LSTM/lstm_hls/dynamic_quant/dyn_quant/src/mixed_precision_lstm.h 
Execute     is_xip D:/Xilinx/Project/LSTM/lstm_hls/dynamic_quant/dyn_quant/src/mixed_precision_lstm.h 
Execute     get_default_platform 
ERROR: [SIM 211-100] 'csim_design' failed: compilation error(s).
INFO: [SIM 211-3] *************** CSIM finish ***************
Command   csim_design done; error code: 2; 11.308 sec.
Command ap_source done; error code: 1; 11.474 sec.
Execute cleanup_all 
INFO-FLOW: Workspace D:/Xilinx/Project/LSTM/lstm_hls/dynamic_quant/dyn_quant/solution1 opened at Fri Apr 04 10:55:18 +0800 2025
Execute     config_clock -quiet -name default -period 10 -default=false 
INFO: [SYN 201-201] Setting up clock 'default' with a period of 10ns.
Execute     open_platform DefaultPlatform 
Execute     import_lib D:/Xilinx/Vivado/2018.3/common/technology/xilinx/zynq/zynq 
Execute       source D:/Xilinx/Vivado/2018.3/common/technology/xilinx/common/xilinx.lib 
Execute         source D:/Xilinx/Vivado/2018.3/common/technology/xilinx/interface/xilinx_interface.lib 
Execute           source D:/Xilinx/Vivado/2018.3/common/technology/xilinx/interface/plb46.lib 
Execute           source D:/Xilinx/Vivado/2018.3/common/technology/xilinx/interface/fsl.lib 
Execute           source D:/Xilinx/Vivado/2018.3/common/technology/xilinx/interface/axi4.lib 
Execute           source D:/Xilinx/Vivado/2018.3/common/technology/xilinx/interface/maxi.lib 
Execute           source D:/Xilinx/Vivado/2018.3/common/technology/xilinx/interface/saxilite.lib 
Execute         source D:/Xilinx/Vivado/2018.3/common/technology/xilinx/common/dsp48.lib 
Execute         source D:/Xilinx/Vivado/2018.3/common/technology/xilinx/ip/dds_compiler.lib 
Execute         source D:/Xilinx/Vivado/2018.3/common/technology/xilinx/ip/xfft.lib 
Execute         source D:/Xilinx/Vivado/2018.3/common/technology/xilinx/ip/xfir.lib 
Execute       source D:/Xilinx/Vivado/2018.3/common/technology/xilinx/common/xilinx_old.lib 
Execute       source D:/Xilinx/Vivado/2018.3/common/technology/xilinx/common/xilinx_vivado.lib 
Execute       source D:/Xilinx/Vivado/2018.3/common/technology/xilinx/common/xilinx.hlp 
Execute         source D:/Xilinx/Vivado/2018.3/common/technology/xilinx/common/target_info.tcl 
Execute         source D:/Xilinx/Vivado/2018.3/common/technology/xilinx/interface/xilinx_interface.hlp 
Execute           source D:/Xilinx/Vivado/2018.3/common/technology/xilinx/interface/maxi.hlp 
Execute           source D:/Xilinx/Vivado/2018.3/common/technology/xilinx/interface/saxilite.hlp 
Execute         source D:/Xilinx/Vivado/2018.3/common/technology/xilinx/common/dsp48.hlp 
Execute       source D:/Xilinx/Vivado/2018.3/common/technology/xilinx/zynq/dsp48e1.hlp 
Execute       get_default_platform 
Execute       config_chip_info -quiet -resource  {SLICE 13300}  {LUT 53200}     {FF 106400} {DSP48E 220}   {BRAM 280}  
Execute       config_chip_info -quiet -speed medium 
Execute       source D:/Xilinx/Vivado/2018.3/common/technology/xilinx/common/xilinx.hlp 
Execute         source D:/Xilinx/Vivado/2018.3/common/technology/xilinx/common/target_info.tcl 
Execute         source D:/Xilinx/Vivado/2018.3/common/technology/xilinx/interface/xilinx_interface.hlp 
Execute           source D:/Xilinx/Vivado/2018.3/common/technology/xilinx/interface/maxi.hlp 
Execute           source D:/Xilinx/Vivado/2018.3/common/technology/xilinx/interface/saxilite.hlp 
Execute         source D:/Xilinx/Vivado/2018.3/common/technology/xilinx/common/dsp48.hlp 
Execute     source D:/Xilinx/Vivado/2018.3/common/technology/xilinx/zynq/zynq.gen 
Execute       source D:/Xilinx/Vivado/2018.3/common/technology/xilinx/common/virtex.gen 
Execute         source D:/Xilinx/Vivado/2018.3/common/technology/xilinx/common/xilinx.gen 
Execute           source D:/Xilinx/Vivado/2018.3/common/technology/xilinx/interface/plb46.gen 
Execute           source D:/Xilinx/Vivado/2018.3/common/technology/xilinx/interface/fsl.gen 
Execute           source D:/Xilinx/Vivado/2018.3/common/technology/xilinx/interface/axi4.gen 
Execute           source D:/Xilinx/Vivado/2018.3/common/technology/xilinx/interface/nativeAXI4.gen 
Execute             source D:/Xilinx/Vivado/2018.3/common/technology/xilinx/interface/saxilite.gen 
Execute             source D:/Xilinx/Vivado/2018.3/common/technology/xilinx/interface/maxi.gen 
Execute           source D:/Xilinx/Vivado/2018.3/common/technology/xilinx/scripts/xilinxcoregen.gen 
Execute           source D:/Xilinx/Vivado/2018.3/common/technology/xilinx/interface/XilEDKCoreGen.gen 
Execute           source D:/Xilinx/Vivado/2018.3/common/technology/xilinx/ip/dds_compiler.gen 
Execute           source D:/Xilinx/Vivado/2018.3/common/technology/xilinx/ip/util.gen 
Execute           source D:/Xilinx/Vivado/2018.3/common/technology/xilinx/ip/xfft.gen 
Execute           source D:/Xilinx/Vivado/2018.3/common/technology/xilinx/ip/xfir.gen 
Execute         source D:/Xilinx/Vivado/2018.3/common/technology/xilinx/common/dsp48.gen 
Execute     open_platform DefaultPlatform 
Execute     import_lib D:/Xilinx/Vivado/2018.3/common/technology/xilinx/zynq/zynq_fpv6 
Execute       source D:/Xilinx/Vivado/2018.3/common/technology/xilinx/common/xilinx_fpv7.lib 
Execute         source D:/Xilinx/Vivado/2018.3/common/technology/xilinx/common/xilinx_hp.lib 
Execute       source D:/Xilinx/Vivado/2018.3/common/technology/xilinx/common/xilinx_fpv.hlp 
Execute         source D:/Xilinx/Vivado/2018.3/common/technology/xilinx/common/xilinx.hlp 
Execute           source D:/Xilinx/Vivado/2018.3/common/technology/xilinx/common/target_info.tcl 
Execute           source D:/Xilinx/Vivado/2018.3/common/technology/xilinx/interface/xilinx_interface.hlp 
Execute             source D:/Xilinx/Vivado/2018.3/common/technology/xilinx/interface/maxi.hlp 
Execute             source D:/Xilinx/Vivado/2018.3/common/technology/xilinx/interface/saxilite.hlp 
Execute           source D:/Xilinx/Vivado/2018.3/common/technology/xilinx/common/dsp48.hlp 
Execute       source D:/Xilinx/Vivado/2018.3/common/technology/xilinx/zynq/zynq_hp.hlp 
Execute     source D:/Xilinx/Vivado/2018.3/common/technology/xilinx/zynq/zynq_fpv6.gen 
Execute       source D:/Xilinx/Vivado/2018.3/common/technology/xilinx/common/xilinx_fpv6.gen 
Execute     set_part xc7z020clg400-2 
Execute       add_library xilinx/zynq/zynq:xc7z020:clg400:-2 
Execute         get_default_platform 
Execute         license_isbetapart xc7z020 
Command         license_isbetapart done; error code: 1; 
Execute         get_default_platform 
Execute         config_chip_info -quiet -resource  {SLICE 13300}  {LUT 53200}     {FF 106400} {DSP48E 220}   {BRAM 280}  
Execute         config_chip_info -quiet -speed medium 
Execute       add_library xilinx/zynq/zynq_fpv6 
Execute         get_default_platform 
INFO: [HLS 200-10] Setting target device to 'xc7z020clg400-2'
Execute       get_default_platform 
Execute     get_default_platform 
Execute     config_chip_info -quiet -resource  {SLICE 13300}  {LUT 53200}     {FF 106400} {DSP48E 220}   {BRAM 280}  
Execute     config_chip_info -quiet -speed medium 
Command   open_solution done; 0.151 sec.
Execute   csim_design -quiet 
INFO: [SIM 211-2] *************** CSIM start ***************
INFO: [SIM 211-4] CSIM will launch GCC as the compiler.
Execute     source csim/.lst_opt.tcl 
Execute     is_encrypted D:/Xilinx/Project/LSTM/lstm_hls/dynamic_quant/dyn_quant/src/main.cpp 
Execute     is_xip D:/Xilinx/Project/LSTM/lstm_hls/dynamic_quant/dyn_quant/src/main.cpp 
Execute     is_encrypted D:/Xilinx/Project/LSTM/lstm_hls/dynamic_quant/dyn_quant/src/test_mixed_precision_lstm.cpp 
Execute     is_xip D:/Xilinx/Project/LSTM/lstm_hls/dynamic_quant/dyn_quant/src/test_mixed_precision_lstm.cpp 
Execute     is_encrypted D:/Xilinx/Project/LSTM/lstm_hls/dynamic_quant/dyn_quant/src/mixed_precision_lstm.cpp 
Execute     is_xip D:/Xilinx/Project/LSTM/lstm_hls/dynamic_quant/dyn_quant/src/mixed_precision_lstm.cpp 
Execute     is_encrypted D:/Xilinx/Project/LSTM/lstm_hls/dynamic_quant/dyn_quant/src/mixed_precision_lstm.h 
Execute     is_xip D:/Xilinx/Project/LSTM/lstm_hls/dynamic_quant/dyn_quant/src/mixed_precision_lstm.h 
Execute     get_default_platform 
Execute     source run_sim.tcl 
Command     ap_source done; 1.034 sec.
INFO: [SIM 211-1] CSim done with 0 errors.
INFO: [SIM 211-3] *************** CSIM finish ***************
Command   csim_design done; 2.765 sec.
Command ap_source done; 2.93 sec.
Execute cleanup_all 
INFO-FLOW: Workspace D:/Xilinx/Project/LSTM/lstm_hls/dynamic_quant/dyn_quant/solution1 opened at Fri Apr 04 11:19:47 +0800 2025
Execute     config_clock -quiet -name default -period 10 -default=false 
INFO: [SYN 201-201] Setting up clock 'default' with a period of 10ns.
Execute     open_platform DefaultPlatform 
Execute     import_lib D:/Xilinx/Vivado/2018.3/common/technology/xilinx/zynq/zynq 
Execute       source D:/Xilinx/Vivado/2018.3/common/technology/xilinx/common/xilinx.lib 
Execute         source D:/Xilinx/Vivado/2018.3/common/technology/xilinx/interface/xilinx_interface.lib 
Execute           source D:/Xilinx/Vivado/2018.3/common/technology/xilinx/interface/plb46.lib 
Execute           source D:/Xilinx/Vivado/2018.3/common/technology/xilinx/interface/fsl.lib 
Execute           source D:/Xilinx/Vivado/2018.3/common/technology/xilinx/interface/axi4.lib 
Execute           source D:/Xilinx/Vivado/2018.3/common/technology/xilinx/interface/maxi.lib 
Execute           source D:/Xilinx/Vivado/2018.3/common/technology/xilinx/interface/saxilite.lib 
Execute         source D:/Xilinx/Vivado/2018.3/common/technology/xilinx/common/dsp48.lib 
Execute         source D:/Xilinx/Vivado/2018.3/common/technology/xilinx/ip/dds_compiler.lib 
Execute         source D:/Xilinx/Vivado/2018.3/common/technology/xilinx/ip/xfft.lib 
Execute         source D:/Xilinx/Vivado/2018.3/common/technology/xilinx/ip/xfir.lib 
Execute       source D:/Xilinx/Vivado/2018.3/common/technology/xilinx/common/xilinx_old.lib 
Execute       source D:/Xilinx/Vivado/2018.3/common/technology/xilinx/common/xilinx_vivado.lib 
Execute       source D:/Xilinx/Vivado/2018.3/common/technology/xilinx/common/xilinx.hlp 
Execute         source D:/Xilinx/Vivado/2018.3/common/technology/xilinx/common/target_info.tcl 
Execute         source D:/Xilinx/Vivado/2018.3/common/technology/xilinx/interface/xilinx_interface.hlp 
Execute           source D:/Xilinx/Vivado/2018.3/common/technology/xilinx/interface/maxi.hlp 
Execute           source D:/Xilinx/Vivado/2018.3/common/technology/xilinx/interface/saxilite.hlp 
Execute         source D:/Xilinx/Vivado/2018.3/common/technology/xilinx/common/dsp48.hlp 
Execute       source D:/Xilinx/Vivado/2018.3/common/technology/xilinx/zynq/dsp48e1.hlp 
Execute       get_default_platform 
Execute       config_chip_info -quiet -resource  {SLICE 13300}  {LUT 53200}     {FF 106400} {DSP48E 220}   {BRAM 280}  
Execute       config_chip_info -quiet -speed medium 
Execute       source D:/Xilinx/Vivado/2018.3/common/technology/xilinx/common/xilinx.hlp 
Execute         source D:/Xilinx/Vivado/2018.3/common/technology/xilinx/common/target_info.tcl 
Execute         source D:/Xilinx/Vivado/2018.3/common/technology/xilinx/interface/xilinx_interface.hlp 
Execute           source D:/Xilinx/Vivado/2018.3/common/technology/xilinx/interface/maxi.hlp 
Execute           source D:/Xilinx/Vivado/2018.3/common/technology/xilinx/interface/saxilite.hlp 
Execute         source D:/Xilinx/Vivado/2018.3/common/technology/xilinx/common/dsp48.hlp 
Execute     source D:/Xilinx/Vivado/2018.3/common/technology/xilinx/zynq/zynq.gen 
Execute       source D:/Xilinx/Vivado/2018.3/common/technology/xilinx/common/virtex.gen 
Execute         source D:/Xilinx/Vivado/2018.3/common/technology/xilinx/common/xilinx.gen 
Execute           source D:/Xilinx/Vivado/2018.3/common/technology/xilinx/interface/plb46.gen 
Execute           source D:/Xilinx/Vivado/2018.3/common/technology/xilinx/interface/fsl.gen 
Execute           source D:/Xilinx/Vivado/2018.3/common/technology/xilinx/interface/axi4.gen 
Execute           source D:/Xilinx/Vivado/2018.3/common/technology/xilinx/interface/nativeAXI4.gen 
Execute             source D:/Xilinx/Vivado/2018.3/common/technology/xilinx/interface/saxilite.gen 
Execute             source D:/Xilinx/Vivado/2018.3/common/technology/xilinx/interface/maxi.gen 
Execute           source D:/Xilinx/Vivado/2018.3/common/technology/xilinx/scripts/xilinxcoregen.gen 
Execute           source D:/Xilinx/Vivado/2018.3/common/technology/xilinx/interface/XilEDKCoreGen.gen 
Execute           source D:/Xilinx/Vivado/2018.3/common/technology/xilinx/ip/dds_compiler.gen 
Execute           source D:/Xilinx/Vivado/2018.3/common/technology/xilinx/ip/util.gen 
Execute           source D:/Xilinx/Vivado/2018.3/common/technology/xilinx/ip/xfft.gen 
Execute           source D:/Xilinx/Vivado/2018.3/common/technology/xilinx/ip/xfir.gen 
Execute         source D:/Xilinx/Vivado/2018.3/common/technology/xilinx/common/dsp48.gen 
Execute     open_platform DefaultPlatform 
Execute     import_lib D:/Xilinx/Vivado/2018.3/common/technology/xilinx/zynq/zynq_fpv6 
Execute       source D:/Xilinx/Vivado/2018.3/common/technology/xilinx/common/xilinx_fpv7.lib 
Execute         source D:/Xilinx/Vivado/2018.3/common/technology/xilinx/common/xilinx_hp.lib 
Execute       source D:/Xilinx/Vivado/2018.3/common/technology/xilinx/common/xilinx_fpv.hlp 
Execute         source D:/Xilinx/Vivado/2018.3/common/technology/xilinx/common/xilinx.hlp 
Execute           source D:/Xilinx/Vivado/2018.3/common/technology/xilinx/common/target_info.tcl 
Execute           source D:/Xilinx/Vivado/2018.3/common/technology/xilinx/interface/xilinx_interface.hlp 
Execute             source D:/Xilinx/Vivado/2018.3/common/technology/xilinx/interface/maxi.hlp 
Execute             source D:/Xilinx/Vivado/2018.3/common/technology/xilinx/interface/saxilite.hlp 
Execute           source D:/Xilinx/Vivado/2018.3/common/technology/xilinx/common/dsp48.hlp 
Execute       source D:/Xilinx/Vivado/2018.3/common/technology/xilinx/zynq/zynq_hp.hlp 
Execute     source D:/Xilinx/Vivado/2018.3/common/technology/xilinx/zynq/zynq_fpv6.gen 
Execute       source D:/Xilinx/Vivado/2018.3/common/technology/xilinx/common/xilinx_fpv6.gen 
Execute     set_part xc7z020clg400-2 
Execute       add_library xilinx/zynq/zynq:xc7z020:clg400:-2 
Execute         get_default_platform 
Execute         license_isbetapart xc7z020 
Command         license_isbetapart done; error code: 1; 
Execute         get_default_platform 
Execute         config_chip_info -quiet -resource  {SLICE 13300}  {LUT 53200}     {FF 106400} {DSP48E 220}   {BRAM 280}  
Execute         config_chip_info -quiet -speed medium 
Execute       add_library xilinx/zynq/zynq_fpv6 
Execute         get_default_platform 
INFO: [HLS 200-10] Setting target device to 'xc7z020clg400-2'
Execute       get_default_platform 
Execute     get_default_platform 
Execute     config_chip_info -quiet -resource  {SLICE 13300}  {LUT 53200}     {FF 106400} {DSP48E 220}   {BRAM 280}  
Execute     config_chip_info -quiet -speed medium 
Command   open_solution done; 0.157 sec.
Execute   csim_design -quiet 
INFO: [SIM 211-2] *************** CSIM start ***************
INFO: [SIM 211-4] CSIM will launch GCC as the compiler.
Execute     source csim/.lst_opt.tcl 
Execute     is_encrypted D:/Xilinx/Project/LSTM/lstm_hls/dynamic_quant/dyn_quant/src/main.cpp 
Execute     is_xip D:/Xilinx/Project/LSTM/lstm_hls/dynamic_quant/dyn_quant/src/main.cpp 
Execute     is_encrypted D:/Xilinx/Project/LSTM/lstm_hls/dynamic_quant/dyn_quant/src/test_mixed_precision_lstm.cpp 
Execute     is_xip D:/Xilinx/Project/LSTM/lstm_hls/dynamic_quant/dyn_quant/src/test_mixed_precision_lstm.cpp 
Execute     is_encrypted D:/Xilinx/Project/LSTM/lstm_hls/dynamic_quant/dyn_quant/src/mixed_precision_lstm.cpp 
Execute     is_xip D:/Xilinx/Project/LSTM/lstm_hls/dynamic_quant/dyn_quant/src/mixed_precision_lstm.cpp 
Execute     is_encrypted D:/Xilinx/Project/LSTM/lstm_hls/dynamic_quant/dyn_quant/src/mixed_precision_lstm.h 
Execute     is_xip D:/Xilinx/Project/LSTM/lstm_hls/dynamic_quant/dyn_quant/src/mixed_precision_lstm.h 
Execute     is_encrypted D:/Xilinx/Project/LSTM/lstm_hls/dynamic_quant/dyn_quant/src/weight.h 
Execute     is_xip D:/Xilinx/Project/LSTM/lstm_hls/dynamic_quant/dyn_quant/src/weight.h 
Execute     get_default_platform 
Execute     source run_sim.tcl 
Command     ap_source done; 1.09 sec.
INFO: [SIM 211-1] CSim done with 0 errors.
INFO: [SIM 211-3] *************** CSIM finish ***************
Command   csim_design done; 7.637 sec.
Command ap_source done; 7.812 sec.
Execute cleanup_all 
INFO-FLOW: Workspace D:/Xilinx/Project/LSTM/lstm_hls/dynamic_quant/dyn_quant/solution1 opened at Fri Apr 04 14:21:52 +0800 2025
Execute     config_clock -quiet -name default -period 10 -default=false 
INFO: [SYN 201-201] Setting up clock 'default' with a period of 10ns.
Execute     open_platform DefaultPlatform 
Execute     import_lib D:/Xilinx/Vivado/2018.3/common/technology/xilinx/zynq/zynq 
Execute       source D:/Xilinx/Vivado/2018.3/common/technology/xilinx/common/xilinx.lib 
Execute         source D:/Xilinx/Vivado/2018.3/common/technology/xilinx/interface/xilinx_interface.lib 
Execute           source D:/Xilinx/Vivado/2018.3/common/technology/xilinx/interface/plb46.lib 
Execute           source D:/Xilinx/Vivado/2018.3/common/technology/xilinx/interface/fsl.lib 
Execute           source D:/Xilinx/Vivado/2018.3/common/technology/xilinx/interface/axi4.lib 
Execute           source D:/Xilinx/Vivado/2018.3/common/technology/xilinx/interface/maxi.lib 
Execute           source D:/Xilinx/Vivado/2018.3/common/technology/xilinx/interface/saxilite.lib 
Execute         source D:/Xilinx/Vivado/2018.3/common/technology/xilinx/common/dsp48.lib 
Execute         source D:/Xilinx/Vivado/2018.3/common/technology/xilinx/ip/dds_compiler.lib 
Execute         source D:/Xilinx/Vivado/2018.3/common/technology/xilinx/ip/xfft.lib 
Execute         source D:/Xilinx/Vivado/2018.3/common/technology/xilinx/ip/xfir.lib 
Execute       source D:/Xilinx/Vivado/2018.3/common/technology/xilinx/common/xilinx_old.lib 
Execute       source D:/Xilinx/Vivado/2018.3/common/technology/xilinx/common/xilinx_vivado.lib 
Execute       source D:/Xilinx/Vivado/2018.3/common/technology/xilinx/common/xilinx.hlp 
Execute         source D:/Xilinx/Vivado/2018.3/common/technology/xilinx/common/target_info.tcl 
Execute         source D:/Xilinx/Vivado/2018.3/common/technology/xilinx/interface/xilinx_interface.hlp 
Execute           source D:/Xilinx/Vivado/2018.3/common/technology/xilinx/interface/maxi.hlp 
Execute           source D:/Xilinx/Vivado/2018.3/common/technology/xilinx/interface/saxilite.hlp 
Execute         source D:/Xilinx/Vivado/2018.3/common/technology/xilinx/common/dsp48.hlp 
Execute       source D:/Xilinx/Vivado/2018.3/common/technology/xilinx/zynq/dsp48e1.hlp 
Execute       get_default_platform 
Execute       config_chip_info -quiet -resource  {SLICE 13300}  {LUT 53200}     {FF 106400} {DSP48E 220}   {BRAM 280}  
Execute       config_chip_info -quiet -speed medium 
Execute       source D:/Xilinx/Vivado/2018.3/common/technology/xilinx/common/xilinx.hlp 
Execute         source D:/Xilinx/Vivado/2018.3/common/technology/xilinx/common/target_info.tcl 
Execute         source D:/Xilinx/Vivado/2018.3/common/technology/xilinx/interface/xilinx_interface.hlp 
Execute           source D:/Xilinx/Vivado/2018.3/common/technology/xilinx/interface/maxi.hlp 
Execute           source D:/Xilinx/Vivado/2018.3/common/technology/xilinx/interface/saxilite.hlp 
Execute         source D:/Xilinx/Vivado/2018.3/common/technology/xilinx/common/dsp48.hlp 
Command     import_lib done; 0.109 sec.
Execute     source D:/Xilinx/Vivado/2018.3/common/technology/xilinx/zynq/zynq.gen 
Execute       source D:/Xilinx/Vivado/2018.3/common/technology/xilinx/common/virtex.gen 
Execute         source D:/Xilinx/Vivado/2018.3/common/technology/xilinx/common/xilinx.gen 
Execute           source D:/Xilinx/Vivado/2018.3/common/technology/xilinx/interface/plb46.gen 
Execute           source D:/Xilinx/Vivado/2018.3/common/technology/xilinx/interface/fsl.gen 
Execute           source D:/Xilinx/Vivado/2018.3/common/technology/xilinx/interface/axi4.gen 
Execute           source D:/Xilinx/Vivado/2018.3/common/technology/xilinx/interface/nativeAXI4.gen 
Execute             source D:/Xilinx/Vivado/2018.3/common/technology/xilinx/interface/saxilite.gen 
Execute             source D:/Xilinx/Vivado/2018.3/common/technology/xilinx/interface/maxi.gen 
Execute           source D:/Xilinx/Vivado/2018.3/common/technology/xilinx/scripts/xilinxcoregen.gen 
Execute           source D:/Xilinx/Vivado/2018.3/common/technology/xilinx/interface/XilEDKCoreGen.gen 
Execute           source D:/Xilinx/Vivado/2018.3/common/technology/xilinx/ip/dds_compiler.gen 
Execute           source D:/Xilinx/Vivado/2018.3/common/technology/xilinx/ip/util.gen 
Execute           source D:/Xilinx/Vivado/2018.3/common/technology/xilinx/ip/xfft.gen 
Execute           source D:/Xilinx/Vivado/2018.3/common/technology/xilinx/ip/xfir.gen 
Command         ap_source done; 0.161 sec.
Execute         source D:/Xilinx/Vivado/2018.3/common/technology/xilinx/common/dsp48.gen 
Command       ap_source done; 0.175 sec.
Command     ap_source done; 0.18 sec.
Execute     open_platform DefaultPlatform 
Execute     import_lib D:/Xilinx/Vivado/2018.3/common/technology/xilinx/zynq/zynq_fpv6 
Execute       source D:/Xilinx/Vivado/2018.3/common/technology/xilinx/common/xilinx_fpv7.lib 
Execute         source D:/Xilinx/Vivado/2018.3/common/technology/xilinx/common/xilinx_hp.lib 
Execute       source D:/Xilinx/Vivado/2018.3/common/technology/xilinx/common/xilinx_fpv.hlp 
Execute         source D:/Xilinx/Vivado/2018.3/common/technology/xilinx/common/xilinx.hlp 
Execute           source D:/Xilinx/Vivado/2018.3/common/technology/xilinx/common/target_info.tcl 
Execute           source D:/Xilinx/Vivado/2018.3/common/technology/xilinx/interface/xilinx_interface.hlp 
Execute             source D:/Xilinx/Vivado/2018.3/common/technology/xilinx/interface/maxi.hlp 
Execute             source D:/Xilinx/Vivado/2018.3/common/technology/xilinx/interface/saxilite.hlp 
Execute           source D:/Xilinx/Vivado/2018.3/common/technology/xilinx/common/dsp48.hlp 
Execute       source D:/Xilinx/Vivado/2018.3/common/technology/xilinx/zynq/zynq_hp.hlp 
Execute     source D:/Xilinx/Vivado/2018.3/common/technology/xilinx/zynq/zynq_fpv6.gen 
Execute       source D:/Xilinx/Vivado/2018.3/common/technology/xilinx/common/xilinx_fpv6.gen 
Execute     set_part xc7z020clg400-2 
Execute       add_library xilinx/zynq/zynq:xc7z020:clg400:-2 
Execute         get_default_platform 
Execute         license_isbetapart xc7z020 
Command         license_isbetapart done; error code: 1; 
Execute         get_default_platform 
Execute         config_chip_info -quiet -resource  {SLICE 13300}  {LUT 53200}     {FF 106400} {DSP48E 220}   {BRAM 280}  
Execute         config_chip_info -quiet -speed medium 
Execute       add_library xilinx/zynq/zynq_fpv6 
Execute         get_default_platform 
INFO: [HLS 200-10] Setting target device to 'xc7z020clg400-2'
Execute       get_default_platform 
Execute     get_default_platform 
Execute     config_chip_info -quiet -resource  {SLICE 13300}  {LUT 53200}     {FF 106400} {DSP48E 220}   {BRAM 280}  
Execute     config_chip_info -quiet -speed medium 
Command   open_solution done; 0.466 sec.
Execute   csim_design -quiet 
INFO: [SIM 211-2] *************** CSIM start ***************
INFO: [SIM 211-4] CSIM will launch GCC as the compiler.
Execute     source csim/.lst_opt.tcl 
Execute     is_encrypted D:/Xilinx/Project/LSTM/lstm_hls/dynamic_quant/dyn_quant/src/main.cpp 
Execute     is_xip D:/Xilinx/Project/LSTM/lstm_hls/dynamic_quant/dyn_quant/src/main.cpp 
Execute     is_encrypted D:/Xilinx/Project/LSTM/lstm_hls/dynamic_quant/dyn_quant/src/test_mixed_precision_lstm.cpp 
Execute     is_xip D:/Xilinx/Project/LSTM/lstm_hls/dynamic_quant/dyn_quant/src/test_mixed_precision_lstm.cpp 
Execute     is_encrypted D:/Xilinx/Project/LSTM/lstm_hls/dynamic_quant/dyn_quant/src/mixed_precision_lstm.cpp 
Execute     is_xip D:/Xilinx/Project/LSTM/lstm_hls/dynamic_quant/dyn_quant/src/mixed_precision_lstm.cpp 
Execute     is_encrypted D:/Xilinx/Project/LSTM/lstm_hls/dynamic_quant/dyn_quant/src/mixed_precision_lstm.h 
Execute     is_xip D:/Xilinx/Project/LSTM/lstm_hls/dynamic_quant/dyn_quant/src/mixed_precision_lstm.h 
Execute     is_encrypted D:/Xilinx/Project/LSTM/lstm_hls/dynamic_quant/dyn_quant/src/weight.h 
Execute     is_xip D:/Xilinx/Project/LSTM/lstm_hls/dynamic_quant/dyn_quant/src/weight.h 
Execute     get_default_platform 
ERROR: [SIM 211-100] 'csim_design' failed: compilation error(s).
INFO: [SIM 211-3] *************** CSIM finish ***************
Command   csim_design done; error code: 2; 13.018 sec.
Command ap_source done; error code: 1; 13.503 sec.
Execute cleanup_all 
INFO-FLOW: Workspace D:/Xilinx/Project/LSTM/lstm_hls/dynamic_quant/dyn_quant/solution1 opened at Fri Apr 04 14:33:28 +0800 2025
Execute     config_clock -quiet -name default -period 10 -default=false 
INFO: [SYN 201-201] Setting up clock 'default' with a period of 10ns.
Execute     open_platform DefaultPlatform 
Execute     import_lib D:/Xilinx/Vivado/2018.3/common/technology/xilinx/zynq/zynq 
Execute       source D:/Xilinx/Vivado/2018.3/common/technology/xilinx/common/xilinx.lib 
Execute         source D:/Xilinx/Vivado/2018.3/common/technology/xilinx/interface/xilinx_interface.lib 
Execute           source D:/Xilinx/Vivado/2018.3/common/technology/xilinx/interface/plb46.lib 
Execute           source D:/Xilinx/Vivado/2018.3/common/technology/xilinx/interface/fsl.lib 
Execute           source D:/Xilinx/Vivado/2018.3/common/technology/xilinx/interface/axi4.lib 
Execute           source D:/Xilinx/Vivado/2018.3/common/technology/xilinx/interface/maxi.lib 
Execute           source D:/Xilinx/Vivado/2018.3/common/technology/xilinx/interface/saxilite.lib 
Execute         source D:/Xilinx/Vivado/2018.3/common/technology/xilinx/common/dsp48.lib 
Execute         source D:/Xilinx/Vivado/2018.3/common/technology/xilinx/ip/dds_compiler.lib 
Execute         source D:/Xilinx/Vivado/2018.3/common/technology/xilinx/ip/xfft.lib 
Execute         source D:/Xilinx/Vivado/2018.3/common/technology/xilinx/ip/xfir.lib 
Execute       source D:/Xilinx/Vivado/2018.3/common/technology/xilinx/common/xilinx_old.lib 
Execute       source D:/Xilinx/Vivado/2018.3/common/technology/xilinx/common/xilinx_vivado.lib 
Execute       source D:/Xilinx/Vivado/2018.3/common/technology/xilinx/common/xilinx.hlp 
Execute         source D:/Xilinx/Vivado/2018.3/common/technology/xilinx/common/target_info.tcl 
Execute         source D:/Xilinx/Vivado/2018.3/common/technology/xilinx/interface/xilinx_interface.hlp 
Execute           source D:/Xilinx/Vivado/2018.3/common/technology/xilinx/interface/maxi.hlp 
Execute           source D:/Xilinx/Vivado/2018.3/common/technology/xilinx/interface/saxilite.hlp 
Execute         source D:/Xilinx/Vivado/2018.3/common/technology/xilinx/common/dsp48.hlp 
Execute       source D:/Xilinx/Vivado/2018.3/common/technology/xilinx/zynq/dsp48e1.hlp 
Execute       get_default_platform 
Execute       config_chip_info -quiet -resource  {SLICE 13300}  {LUT 53200}     {FF 106400} {DSP48E 220}   {BRAM 280}  
Execute       config_chip_info -quiet -speed medium 
Execute       source D:/Xilinx/Vivado/2018.3/common/technology/xilinx/common/xilinx.hlp 
Execute         source D:/Xilinx/Vivado/2018.3/common/technology/xilinx/common/target_info.tcl 
Execute         source D:/Xilinx/Vivado/2018.3/common/technology/xilinx/interface/xilinx_interface.hlp 
Execute           source D:/Xilinx/Vivado/2018.3/common/technology/xilinx/interface/maxi.hlp 
Execute           source D:/Xilinx/Vivado/2018.3/common/technology/xilinx/interface/saxilite.hlp 
Execute         source D:/Xilinx/Vivado/2018.3/common/technology/xilinx/common/dsp48.hlp 
Execute     source D:/Xilinx/Vivado/2018.3/common/technology/xilinx/zynq/zynq.gen 
Execute       source D:/Xilinx/Vivado/2018.3/common/technology/xilinx/common/virtex.gen 
Execute         source D:/Xilinx/Vivado/2018.3/common/technology/xilinx/common/xilinx.gen 
Execute           source D:/Xilinx/Vivado/2018.3/common/technology/xilinx/interface/plb46.gen 
Execute           source D:/Xilinx/Vivado/2018.3/common/technology/xilinx/interface/fsl.gen 
Execute           source D:/Xilinx/Vivado/2018.3/common/technology/xilinx/interface/axi4.gen 
Execute           source D:/Xilinx/Vivado/2018.3/common/technology/xilinx/interface/nativeAXI4.gen 
Execute             source D:/Xilinx/Vivado/2018.3/common/technology/xilinx/interface/saxilite.gen 
Execute             source D:/Xilinx/Vivado/2018.3/common/technology/xilinx/interface/maxi.gen 
Execute           source D:/Xilinx/Vivado/2018.3/common/technology/xilinx/scripts/xilinxcoregen.gen 
Execute           source D:/Xilinx/Vivado/2018.3/common/technology/xilinx/interface/XilEDKCoreGen.gen 
Execute           source D:/Xilinx/Vivado/2018.3/common/technology/xilinx/ip/dds_compiler.gen 
Execute           source D:/Xilinx/Vivado/2018.3/common/technology/xilinx/ip/util.gen 
Execute           source D:/Xilinx/Vivado/2018.3/common/technology/xilinx/ip/xfft.gen 
Execute           source D:/Xilinx/Vivado/2018.3/common/technology/xilinx/ip/xfir.gen 
Execute         source D:/Xilinx/Vivado/2018.3/common/technology/xilinx/common/dsp48.gen 
Execute     open_platform DefaultPlatform 
Execute     import_lib D:/Xilinx/Vivado/2018.3/common/technology/xilinx/zynq/zynq_fpv6 
Execute       source D:/Xilinx/Vivado/2018.3/common/technology/xilinx/common/xilinx_fpv7.lib 
Execute         source D:/Xilinx/Vivado/2018.3/common/technology/xilinx/common/xilinx_hp.lib 
Execute       source D:/Xilinx/Vivado/2018.3/common/technology/xilinx/common/xilinx_fpv.hlp 
Execute         source D:/Xilinx/Vivado/2018.3/common/technology/xilinx/common/xilinx.hlp 
Execute           source D:/Xilinx/Vivado/2018.3/common/technology/xilinx/common/target_info.tcl 
Execute           source D:/Xilinx/Vivado/2018.3/common/technology/xilinx/interface/xilinx_interface.hlp 
Execute             source D:/Xilinx/Vivado/2018.3/common/technology/xilinx/interface/maxi.hlp 
Execute             source D:/Xilinx/Vivado/2018.3/common/technology/xilinx/interface/saxilite.hlp 
Execute           source D:/Xilinx/Vivado/2018.3/common/technology/xilinx/common/dsp48.hlp 
Execute       source D:/Xilinx/Vivado/2018.3/common/technology/xilinx/zynq/zynq_hp.hlp 
Execute     source D:/Xilinx/Vivado/2018.3/common/technology/xilinx/zynq/zynq_fpv6.gen 
Execute       source D:/Xilinx/Vivado/2018.3/common/technology/xilinx/common/xilinx_fpv6.gen 
Execute     set_part xc7z020clg400-2 
Execute       add_library xilinx/zynq/zynq:xc7z020:clg400:-2 
Execute         get_default_platform 
Execute         license_isbetapart xc7z020 
Command         license_isbetapart done; error code: 1; 
Execute         get_default_platform 
Execute         config_chip_info -quiet -resource  {SLICE 13300}  {LUT 53200}     {FF 106400} {DSP48E 220}   {BRAM 280}  
Execute         config_chip_info -quiet -speed medium 
Execute       add_library xilinx/zynq/zynq_fpv6 
Execute         get_default_platform 
INFO: [HLS 200-10] Setting target device to 'xc7z020clg400-2'
Execute       get_default_platform 
Execute     get_default_platform 
Execute     config_chip_info -quiet -resource  {SLICE 13300}  {LUT 53200}     {FF 106400} {DSP48E 220}   {BRAM 280}  
Execute     config_chip_info -quiet -speed medium 
Command   open_solution done; 0.152 sec.
Execute   csim_design -quiet 
INFO: [SIM 211-2] *************** CSIM start ***************
INFO: [SIM 211-4] CSIM will launch GCC as the compiler.
Execute     source csim/.lst_opt.tcl 
Execute     is_encrypted D:/Xilinx/Project/LSTM/lstm_hls/dynamic_quant/dyn_quant/src/main.cpp 
Execute     is_xip D:/Xilinx/Project/LSTM/lstm_hls/dynamic_quant/dyn_quant/src/main.cpp 
Execute     is_encrypted D:/Xilinx/Project/LSTM/lstm_hls/dynamic_quant/dyn_quant/src/test_mixed_precision_lstm.cpp 
Execute     is_xip D:/Xilinx/Project/LSTM/lstm_hls/dynamic_quant/dyn_quant/src/test_mixed_precision_lstm.cpp 
Execute     is_encrypted D:/Xilinx/Project/LSTM/lstm_hls/dynamic_quant/dyn_quant/src/mixed_precision_lstm.cpp 
Execute     is_xip D:/Xilinx/Project/LSTM/lstm_hls/dynamic_quant/dyn_quant/src/mixed_precision_lstm.cpp 
Execute     is_encrypted D:/Xilinx/Project/LSTM/lstm_hls/dynamic_quant/dyn_quant/src/mixed_precision_lstm.h 
Execute     is_xip D:/Xilinx/Project/LSTM/lstm_hls/dynamic_quant/dyn_quant/src/mixed_precision_lstm.h 
Execute     is_encrypted D:/Xilinx/Project/LSTM/lstm_hls/dynamic_quant/dyn_quant/src/weight.h 
Execute     is_xip D:/Xilinx/Project/LSTM/lstm_hls/dynamic_quant/dyn_quant/src/weight.h 
Execute     get_default_platform 
ERROR: [SIM 211-100] 'csim_design' failed: compilation error(s).
INFO: [SIM 211-3] *************** CSIM finish ***************
Command   csim_design done; error code: 2; 9.683 sec.
Command ap_source done; error code: 1; 9.842 sec.
Execute cleanup_all 
INFO-FLOW: Workspace D:/Xilinx/Project/LSTM/lstm_hls/dynamic_quant/dyn_quant/solution1 opened at Fri Apr 04 14:42:14 +0800 2025
Execute     config_clock -quiet -name default -period 10 -default=false 
INFO: [SYN 201-201] Setting up clock 'default' with a period of 10ns.
Execute     open_platform DefaultPlatform 
Execute     import_lib D:/Xilinx/Vivado/2018.3/common/technology/xilinx/zynq/zynq 
Execute       source D:/Xilinx/Vivado/2018.3/common/technology/xilinx/common/xilinx.lib 
Execute         source D:/Xilinx/Vivado/2018.3/common/technology/xilinx/interface/xilinx_interface.lib 
Execute           source D:/Xilinx/Vivado/2018.3/common/technology/xilinx/interface/plb46.lib 
Execute           source D:/Xilinx/Vivado/2018.3/common/technology/xilinx/interface/fsl.lib 
Execute           source D:/Xilinx/Vivado/2018.3/common/technology/xilinx/interface/axi4.lib 
Execute           source D:/Xilinx/Vivado/2018.3/common/technology/xilinx/interface/maxi.lib 
Execute           source D:/Xilinx/Vivado/2018.3/common/technology/xilinx/interface/saxilite.lib 
Execute         source D:/Xilinx/Vivado/2018.3/common/technology/xilinx/common/dsp48.lib 
Execute         source D:/Xilinx/Vivado/2018.3/common/technology/xilinx/ip/dds_compiler.lib 
Execute         source D:/Xilinx/Vivado/2018.3/common/technology/xilinx/ip/xfft.lib 
Execute         source D:/Xilinx/Vivado/2018.3/common/technology/xilinx/ip/xfir.lib 
Execute       source D:/Xilinx/Vivado/2018.3/common/technology/xilinx/common/xilinx_old.lib 
Execute       source D:/Xilinx/Vivado/2018.3/common/technology/xilinx/common/xilinx_vivado.lib 
Execute       source D:/Xilinx/Vivado/2018.3/common/technology/xilinx/common/xilinx.hlp 
Execute         source D:/Xilinx/Vivado/2018.3/common/technology/xilinx/common/target_info.tcl 
Execute         source D:/Xilinx/Vivado/2018.3/common/technology/xilinx/interface/xilinx_interface.hlp 
Execute           source D:/Xilinx/Vivado/2018.3/common/technology/xilinx/interface/maxi.hlp 
Execute           source D:/Xilinx/Vivado/2018.3/common/technology/xilinx/interface/saxilite.hlp 
Execute         source D:/Xilinx/Vivado/2018.3/common/technology/xilinx/common/dsp48.hlp 
Execute       source D:/Xilinx/Vivado/2018.3/common/technology/xilinx/zynq/dsp48e1.hlp 
Execute       get_default_platform 
Execute       config_chip_info -quiet -resource  {SLICE 13300}  {LUT 53200}     {FF 106400} {DSP48E 220}   {BRAM 280}  
Execute       config_chip_info -quiet -speed medium 
Execute       source D:/Xilinx/Vivado/2018.3/common/technology/xilinx/common/xilinx.hlp 
Execute         source D:/Xilinx/Vivado/2018.3/common/technology/xilinx/common/target_info.tcl 
Execute         source D:/Xilinx/Vivado/2018.3/common/technology/xilinx/interface/xilinx_interface.hlp 
Execute           source D:/Xilinx/Vivado/2018.3/common/technology/xilinx/interface/maxi.hlp 
Execute           source D:/Xilinx/Vivado/2018.3/common/technology/xilinx/interface/saxilite.hlp 
Execute         source D:/Xilinx/Vivado/2018.3/common/technology/xilinx/common/dsp48.hlp 
Execute     source D:/Xilinx/Vivado/2018.3/common/technology/xilinx/zynq/zynq.gen 
Execute       source D:/Xilinx/Vivado/2018.3/common/technology/xilinx/common/virtex.gen 
Execute         source D:/Xilinx/Vivado/2018.3/common/technology/xilinx/common/xilinx.gen 
Execute           source D:/Xilinx/Vivado/2018.3/common/technology/xilinx/interface/plb46.gen 
Execute           source D:/Xilinx/Vivado/2018.3/common/technology/xilinx/interface/fsl.gen 
Execute           source D:/Xilinx/Vivado/2018.3/common/technology/xilinx/interface/axi4.gen 
Execute           source D:/Xilinx/Vivado/2018.3/common/technology/xilinx/interface/nativeAXI4.gen 
Execute             source D:/Xilinx/Vivado/2018.3/common/technology/xilinx/interface/saxilite.gen 
Execute             source D:/Xilinx/Vivado/2018.3/common/technology/xilinx/interface/maxi.gen 
Execute           source D:/Xilinx/Vivado/2018.3/common/technology/xilinx/scripts/xilinxcoregen.gen 
Execute           source D:/Xilinx/Vivado/2018.3/common/technology/xilinx/interface/XilEDKCoreGen.gen 
Execute           source D:/Xilinx/Vivado/2018.3/common/technology/xilinx/ip/dds_compiler.gen 
Execute           source D:/Xilinx/Vivado/2018.3/common/technology/xilinx/ip/util.gen 
Execute           source D:/Xilinx/Vivado/2018.3/common/technology/xilinx/ip/xfft.gen 
Execute           source D:/Xilinx/Vivado/2018.3/common/technology/xilinx/ip/xfir.gen 
Execute         source D:/Xilinx/Vivado/2018.3/common/technology/xilinx/common/dsp48.gen 
Execute     open_platform DefaultPlatform 
Execute     import_lib D:/Xilinx/Vivado/2018.3/common/technology/xilinx/zynq/zynq_fpv6 
Execute       source D:/Xilinx/Vivado/2018.3/common/technology/xilinx/common/xilinx_fpv7.lib 
Execute         source D:/Xilinx/Vivado/2018.3/common/technology/xilinx/common/xilinx_hp.lib 
Execute       source D:/Xilinx/Vivado/2018.3/common/technology/xilinx/common/xilinx_fpv.hlp 
Execute         source D:/Xilinx/Vivado/2018.3/common/technology/xilinx/common/xilinx.hlp 
Execute           source D:/Xilinx/Vivado/2018.3/common/technology/xilinx/common/target_info.tcl 
Execute           source D:/Xilinx/Vivado/2018.3/common/technology/xilinx/interface/xilinx_interface.hlp 
Execute             source D:/Xilinx/Vivado/2018.3/common/technology/xilinx/interface/maxi.hlp 
Execute             source D:/Xilinx/Vivado/2018.3/common/technology/xilinx/interface/saxilite.hlp 
Execute           source D:/Xilinx/Vivado/2018.3/common/technology/xilinx/common/dsp48.hlp 
Execute       source D:/Xilinx/Vivado/2018.3/common/technology/xilinx/zynq/zynq_hp.hlp 
Execute     source D:/Xilinx/Vivado/2018.3/common/technology/xilinx/zynq/zynq_fpv6.gen 
Execute       source D:/Xilinx/Vivado/2018.3/common/technology/xilinx/common/xilinx_fpv6.gen 
Execute     set_part xc7z020clg400-2 
Execute       add_library xilinx/zynq/zynq:xc7z020:clg400:-2 
Execute         get_default_platform 
Execute         license_isbetapart xc7z020 
Command         license_isbetapart done; error code: 1; 
Execute         get_default_platform 
Execute         config_chip_info -quiet -resource  {SLICE 13300}  {LUT 53200}     {FF 106400} {DSP48E 220}   {BRAM 280}  
Execute         config_chip_info -quiet -speed medium 
Execute       add_library xilinx/zynq/zynq_fpv6 
Execute         get_default_platform 
INFO: [HLS 200-10] Setting target device to 'xc7z020clg400-2'
Execute       get_default_platform 
Execute     get_default_platform 
Execute     config_chip_info -quiet -resource  {SLICE 13300}  {LUT 53200}     {FF 106400} {DSP48E 220}   {BRAM 280}  
Execute     config_chip_info -quiet -speed medium 
Command   open_solution done; 0.155 sec.
Execute   csim_design -quiet 
INFO: [SIM 211-2] *************** CSIM start ***************
INFO: [SIM 211-4] CSIM will launch GCC as the compiler.
Execute     source csim/.lst_opt.tcl 
Execute     is_encrypted D:/Xilinx/Project/LSTM/lstm_hls/dynamic_quant/dyn_quant/src/main.cpp 
Execute     is_xip D:/Xilinx/Project/LSTM/lstm_hls/dynamic_quant/dyn_quant/src/main.cpp 
Execute     is_encrypted D:/Xilinx/Project/LSTM/lstm_hls/dynamic_quant/dyn_quant/src/test_mixed_precision_lstm.cpp 
Execute     is_xip D:/Xilinx/Project/LSTM/lstm_hls/dynamic_quant/dyn_quant/src/test_mixed_precision_lstm.cpp 
Execute     is_encrypted D:/Xilinx/Project/LSTM/lstm_hls/dynamic_quant/dyn_quant/src/mixed_precision_lstm.cpp 
Execute     is_xip D:/Xilinx/Project/LSTM/lstm_hls/dynamic_quant/dyn_quant/src/mixed_precision_lstm.cpp 
Execute     is_encrypted D:/Xilinx/Project/LSTM/lstm_hls/dynamic_quant/dyn_quant/src/mixed_precision_lstm.h 
Execute     is_xip D:/Xilinx/Project/LSTM/lstm_hls/dynamic_quant/dyn_quant/src/mixed_precision_lstm.h 
Execute     is_encrypted D:/Xilinx/Project/LSTM/lstm_hls/dynamic_quant/dyn_quant/src/weight.h 
Execute     is_xip D:/Xilinx/Project/LSTM/lstm_hls/dynamic_quant/dyn_quant/src/weight.h 
Execute     get_default_platform 
Execute     source run_sim.tcl 
Command     ap_source done; 1.143 sec.
INFO: [SIM 211-1] CSim done with 0 errors.
INFO: [SIM 211-3] *************** CSIM finish ***************
Command   csim_design done; 11.054 sec.
Command ap_source done; 11.215 sec.
Execute cleanup_all 
INFO-FLOW: Workspace D:/Xilinx/Project/LSTM/lstm_hls/dynamic_quant/dyn_quant/solution1 opened at Fri Apr 04 16:36:58 +0800 2025
Execute     config_clock -quiet -name default -period 10 -default=false 
INFO: [SYN 201-201] Setting up clock 'default' with a period of 10ns.
Execute     open_platform DefaultPlatform 
Execute     import_lib D:/Xilinx/Vivado/2018.3/common/technology/xilinx/zynq/zynq 
Execute       source D:/Xilinx/Vivado/2018.3/common/technology/xilinx/common/xilinx.lib 
Execute         source D:/Xilinx/Vivado/2018.3/common/technology/xilinx/interface/xilinx_interface.lib 
Execute           source D:/Xilinx/Vivado/2018.3/common/technology/xilinx/interface/plb46.lib 
Execute           source D:/Xilinx/Vivado/2018.3/common/technology/xilinx/interface/fsl.lib 
Execute           source D:/Xilinx/Vivado/2018.3/common/technology/xilinx/interface/axi4.lib 
Execute           source D:/Xilinx/Vivado/2018.3/common/technology/xilinx/interface/maxi.lib 
Execute           source D:/Xilinx/Vivado/2018.3/common/technology/xilinx/interface/saxilite.lib 
Execute         source D:/Xilinx/Vivado/2018.3/common/technology/xilinx/common/dsp48.lib 
Execute         source D:/Xilinx/Vivado/2018.3/common/technology/xilinx/ip/dds_compiler.lib 
Execute         source D:/Xilinx/Vivado/2018.3/common/technology/xilinx/ip/xfft.lib 
Execute         source D:/Xilinx/Vivado/2018.3/common/technology/xilinx/ip/xfir.lib 
Execute       source D:/Xilinx/Vivado/2018.3/common/technology/xilinx/common/xilinx_old.lib 
Execute       source D:/Xilinx/Vivado/2018.3/common/technology/xilinx/common/xilinx_vivado.lib 
Execute       source D:/Xilinx/Vivado/2018.3/common/technology/xilinx/common/xilinx.hlp 
Execute         source D:/Xilinx/Vivado/2018.3/common/technology/xilinx/common/target_info.tcl 
Execute         source D:/Xilinx/Vivado/2018.3/common/technology/xilinx/interface/xilinx_interface.hlp 
Execute           source D:/Xilinx/Vivado/2018.3/common/technology/xilinx/interface/maxi.hlp 
Execute           source D:/Xilinx/Vivado/2018.3/common/technology/xilinx/interface/saxilite.hlp 
Execute         source D:/Xilinx/Vivado/2018.3/common/technology/xilinx/common/dsp48.hlp 
Execute       source D:/Xilinx/Vivado/2018.3/common/technology/xilinx/zynq/dsp48e1.hlp 
Execute       get_default_platform 
Execute       config_chip_info -quiet -resource  {SLICE 13300}  {LUT 53200}     {FF 106400} {DSP48E 220}   {BRAM 280}  
Execute       config_chip_info -quiet -speed medium 
Execute       source D:/Xilinx/Vivado/2018.3/common/technology/xilinx/common/xilinx.hlp 
Execute         source D:/Xilinx/Vivado/2018.3/common/technology/xilinx/common/target_info.tcl 
Execute         source D:/Xilinx/Vivado/2018.3/common/technology/xilinx/interface/xilinx_interface.hlp 
Execute           source D:/Xilinx/Vivado/2018.3/common/technology/xilinx/interface/maxi.hlp 
Execute           source D:/Xilinx/Vivado/2018.3/common/technology/xilinx/interface/saxilite.hlp 
Execute         source D:/Xilinx/Vivado/2018.3/common/technology/xilinx/common/dsp48.hlp 
Execute     source D:/Xilinx/Vivado/2018.3/common/technology/xilinx/zynq/zynq.gen 
Execute       source D:/Xilinx/Vivado/2018.3/common/technology/xilinx/common/virtex.gen 
Execute         source D:/Xilinx/Vivado/2018.3/common/technology/xilinx/common/xilinx.gen 
Execute           source D:/Xilinx/Vivado/2018.3/common/technology/xilinx/interface/plb46.gen 
Execute           source D:/Xilinx/Vivado/2018.3/common/technology/xilinx/interface/fsl.gen 
Execute           source D:/Xilinx/Vivado/2018.3/common/technology/xilinx/interface/axi4.gen 
Execute           source D:/Xilinx/Vivado/2018.3/common/technology/xilinx/interface/nativeAXI4.gen 
Execute             source D:/Xilinx/Vivado/2018.3/common/technology/xilinx/interface/saxilite.gen 
Execute             source D:/Xilinx/Vivado/2018.3/common/technology/xilinx/interface/maxi.gen 
Execute           source D:/Xilinx/Vivado/2018.3/common/technology/xilinx/scripts/xilinxcoregen.gen 
Execute           source D:/Xilinx/Vivado/2018.3/common/technology/xilinx/interface/XilEDKCoreGen.gen 
Execute           source D:/Xilinx/Vivado/2018.3/common/technology/xilinx/ip/dds_compiler.gen 
Execute           source D:/Xilinx/Vivado/2018.3/common/technology/xilinx/ip/util.gen 
Execute           source D:/Xilinx/Vivado/2018.3/common/technology/xilinx/ip/xfft.gen 
Execute           source D:/Xilinx/Vivado/2018.3/common/technology/xilinx/ip/xfir.gen 
Execute         source D:/Xilinx/Vivado/2018.3/common/technology/xilinx/common/dsp48.gen 
Execute     open_platform DefaultPlatform 
Execute     import_lib D:/Xilinx/Vivado/2018.3/common/technology/xilinx/zynq/zynq_fpv6 
Execute       source D:/Xilinx/Vivado/2018.3/common/technology/xilinx/common/xilinx_fpv7.lib 
Execute         source D:/Xilinx/Vivado/2018.3/common/technology/xilinx/common/xilinx_hp.lib 
Execute       source D:/Xilinx/Vivado/2018.3/common/technology/xilinx/common/xilinx_fpv.hlp 
Execute         source D:/Xilinx/Vivado/2018.3/common/technology/xilinx/common/xilinx.hlp 
Execute           source D:/Xilinx/Vivado/2018.3/common/technology/xilinx/common/target_info.tcl 
Execute           source D:/Xilinx/Vivado/2018.3/common/technology/xilinx/interface/xilinx_interface.hlp 
Execute             source D:/Xilinx/Vivado/2018.3/common/technology/xilinx/interface/maxi.hlp 
Execute             source D:/Xilinx/Vivado/2018.3/common/technology/xilinx/interface/saxilite.hlp 
Execute           source D:/Xilinx/Vivado/2018.3/common/technology/xilinx/common/dsp48.hlp 
Execute       source D:/Xilinx/Vivado/2018.3/common/technology/xilinx/zynq/zynq_hp.hlp 
Execute     source D:/Xilinx/Vivado/2018.3/common/technology/xilinx/zynq/zynq_fpv6.gen 
Execute       source D:/Xilinx/Vivado/2018.3/common/technology/xilinx/common/xilinx_fpv6.gen 
Execute     set_part xc7z020clg400-2 
Execute       add_library xilinx/zynq/zynq:xc7z020:clg400:-2 
Execute         get_default_platform 
Execute         license_isbetapart xc7z020 
Command         license_isbetapart done; error code: 1; 
Execute         get_default_platform 
Execute         config_chip_info -quiet -resource  {SLICE 13300}  {LUT 53200}     {FF 106400} {DSP48E 220}   {BRAM 280}  
Execute         config_chip_info -quiet -speed medium 
Execute       add_library xilinx/zynq/zynq_fpv6 
Execute         get_default_platform 
INFO: [HLS 200-10] Setting target device to 'xc7z020clg400-2'
Execute       get_default_platform 
Execute     get_default_platform 
Execute     config_chip_info -quiet -resource  {SLICE 13300}  {LUT 53200}     {FF 106400} {DSP48E 220}   {BRAM 280}  
Execute     config_chip_info -quiet -speed medium 
Command   open_solution done; 0.152 sec.
Execute   csim_design -quiet 
INFO: [SIM 211-2] *************** CSIM start ***************
INFO: [SIM 211-4] CSIM will launch GCC as the compiler.
Execute     source csim/.lst_opt.tcl 
Execute     is_encrypted D:/Xilinx/Project/LSTM/lstm_hls/dynamic_quant/dyn_quant/src/main.cpp 
Execute     is_xip D:/Xilinx/Project/LSTM/lstm_hls/dynamic_quant/dyn_quant/src/main.cpp 
Execute     is_encrypted D:/Xilinx/Project/LSTM/lstm_hls/dynamic_quant/dyn_quant/src/test_mixed_precision_lstm.cpp 
Execute     is_xip D:/Xilinx/Project/LSTM/lstm_hls/dynamic_quant/dyn_quant/src/test_mixed_precision_lstm.cpp 
Execute     is_encrypted D:/Xilinx/Project/LSTM/lstm_hls/dynamic_quant/dyn_quant/src/fixed_lstm.cpp 
Execute     is_xip D:/Xilinx/Project/LSTM/lstm_hls/dynamic_quant/dyn_quant/src/fixed_lstm.cpp 
Execute     is_encrypted D:/Xilinx/Project/LSTM/lstm_hls/dynamic_quant/dyn_quant/src/fixed_lstm.h 
Execute     is_xip D:/Xilinx/Project/LSTM/lstm_hls/dynamic_quant/dyn_quant/src/fixed_lstm.h 
Execute     is_encrypted D:/Xilinx/Project/LSTM/lstm_hls/dynamic_quant/dyn_quant/src/infer_fixed.cpp 
Execute     is_xip D:/Xilinx/Project/LSTM/lstm_hls/dynamic_quant/dyn_quant/src/infer_fixed.cpp 
Execute     is_encrypted D:/Xilinx/Project/LSTM/lstm_hls/dynamic_quant/dyn_quant/src/utils.h 
Execute     is_xip D:/Xilinx/Project/LSTM/lstm_hls/dynamic_quant/dyn_quant/src/utils.h 
Execute     is_encrypted D:/Xilinx/Project/LSTM/lstm_hls/dynamic_quant/dyn_quant/src/weight.cpp 
Execute     is_xip D:/Xilinx/Project/LSTM/lstm_hls/dynamic_quant/dyn_quant/src/weight.cpp 
Execute     get_default_platform 
ERROR: [SIM 211-100] 'csim_design' failed: compilation error(s).
INFO: [SIM 211-3] *************** CSIM finish ***************
Command   csim_design done; error code: 2; 8.882 sec.
Command ap_source done; error code: 1; 9.057 sec.
Execute cleanup_all 
INFO-FLOW: Workspace D:/Xilinx/Project/LSTM/lstm_hls/dynamic_quant/dyn_quant/solution1 opened at Fri Apr 04 16:38:20 +0800 2025
Execute     config_clock -quiet -name default -period 10 -default=false 
INFO: [SYN 201-201] Setting up clock 'default' with a period of 10ns.
Execute     open_platform DefaultPlatform 
Execute     import_lib D:/Xilinx/Vivado/2018.3/common/technology/xilinx/zynq/zynq 
Execute       source D:/Xilinx/Vivado/2018.3/common/technology/xilinx/common/xilinx.lib 
Execute         source D:/Xilinx/Vivado/2018.3/common/technology/xilinx/interface/xilinx_interface.lib 
Execute           source D:/Xilinx/Vivado/2018.3/common/technology/xilinx/interface/plb46.lib 
Execute           source D:/Xilinx/Vivado/2018.3/common/technology/xilinx/interface/fsl.lib 
Execute           source D:/Xilinx/Vivado/2018.3/common/technology/xilinx/interface/axi4.lib 
Execute           source D:/Xilinx/Vivado/2018.3/common/technology/xilinx/interface/maxi.lib 
Execute           source D:/Xilinx/Vivado/2018.3/common/technology/xilinx/interface/saxilite.lib 
Execute         source D:/Xilinx/Vivado/2018.3/common/technology/xilinx/common/dsp48.lib 
Execute         source D:/Xilinx/Vivado/2018.3/common/technology/xilinx/ip/dds_compiler.lib 
Execute         source D:/Xilinx/Vivado/2018.3/common/technology/xilinx/ip/xfft.lib 
Execute         source D:/Xilinx/Vivado/2018.3/common/technology/xilinx/ip/xfir.lib 
Execute       source D:/Xilinx/Vivado/2018.3/common/technology/xilinx/common/xilinx_old.lib 
Execute       source D:/Xilinx/Vivado/2018.3/common/technology/xilinx/common/xilinx_vivado.lib 
Execute       source D:/Xilinx/Vivado/2018.3/common/technology/xilinx/common/xilinx.hlp 
Execute         source D:/Xilinx/Vivado/2018.3/common/technology/xilinx/common/target_info.tcl 
Execute         source D:/Xilinx/Vivado/2018.3/common/technology/xilinx/interface/xilinx_interface.hlp 
Execute           source D:/Xilinx/Vivado/2018.3/common/technology/xilinx/interface/maxi.hlp 
Execute           source D:/Xilinx/Vivado/2018.3/common/technology/xilinx/interface/saxilite.hlp 
Execute         source D:/Xilinx/Vivado/2018.3/common/technology/xilinx/common/dsp48.hlp 
Execute       source D:/Xilinx/Vivado/2018.3/common/technology/xilinx/zynq/dsp48e1.hlp 
Execute       get_default_platform 
Execute       config_chip_info -quiet -resource  {SLICE 13300}  {LUT 53200}     {FF 106400} {DSP48E 220}   {BRAM 280}  
Execute       config_chip_info -quiet -speed medium 
Execute       source D:/Xilinx/Vivado/2018.3/common/technology/xilinx/common/xilinx.hlp 
Execute         source D:/Xilinx/Vivado/2018.3/common/technology/xilinx/common/target_info.tcl 
Execute         source D:/Xilinx/Vivado/2018.3/common/technology/xilinx/interface/xilinx_interface.hlp 
Execute           source D:/Xilinx/Vivado/2018.3/common/technology/xilinx/interface/maxi.hlp 
Execute           source D:/Xilinx/Vivado/2018.3/common/technology/xilinx/interface/saxilite.hlp 
Execute         source D:/Xilinx/Vivado/2018.3/common/technology/xilinx/common/dsp48.hlp 
Execute     source D:/Xilinx/Vivado/2018.3/common/technology/xilinx/zynq/zynq.gen 
Execute       source D:/Xilinx/Vivado/2018.3/common/technology/xilinx/common/virtex.gen 
Execute         source D:/Xilinx/Vivado/2018.3/common/technology/xilinx/common/xilinx.gen 
Execute           source D:/Xilinx/Vivado/2018.3/common/technology/xilinx/interface/plb46.gen 
Execute           source D:/Xilinx/Vivado/2018.3/common/technology/xilinx/interface/fsl.gen 
Execute           source D:/Xilinx/Vivado/2018.3/common/technology/xilinx/interface/axi4.gen 
Execute           source D:/Xilinx/Vivado/2018.3/common/technology/xilinx/interface/nativeAXI4.gen 
Execute             source D:/Xilinx/Vivado/2018.3/common/technology/xilinx/interface/saxilite.gen 
Execute             source D:/Xilinx/Vivado/2018.3/common/technology/xilinx/interface/maxi.gen 
Execute           source D:/Xilinx/Vivado/2018.3/common/technology/xilinx/scripts/xilinxcoregen.gen 
Execute           source D:/Xilinx/Vivado/2018.3/common/technology/xilinx/interface/XilEDKCoreGen.gen 
Execute           source D:/Xilinx/Vivado/2018.3/common/technology/xilinx/ip/dds_compiler.gen 
Execute           source D:/Xilinx/Vivado/2018.3/common/technology/xilinx/ip/util.gen 
Execute           source D:/Xilinx/Vivado/2018.3/common/technology/xilinx/ip/xfft.gen 
Execute           source D:/Xilinx/Vivado/2018.3/common/technology/xilinx/ip/xfir.gen 
Execute         source D:/Xilinx/Vivado/2018.3/common/technology/xilinx/common/dsp48.gen 
Execute     open_platform DefaultPlatform 
Execute     import_lib D:/Xilinx/Vivado/2018.3/common/technology/xilinx/zynq/zynq_fpv6 
Execute       source D:/Xilinx/Vivado/2018.3/common/technology/xilinx/common/xilinx_fpv7.lib 
Execute         source D:/Xilinx/Vivado/2018.3/common/technology/xilinx/common/xilinx_hp.lib 
Execute       source D:/Xilinx/Vivado/2018.3/common/technology/xilinx/common/xilinx_fpv.hlp 
Execute         source D:/Xilinx/Vivado/2018.3/common/technology/xilinx/common/xilinx.hlp 
Execute           source D:/Xilinx/Vivado/2018.3/common/technology/xilinx/common/target_info.tcl 
Execute           source D:/Xilinx/Vivado/2018.3/common/technology/xilinx/interface/xilinx_interface.hlp 
Execute             source D:/Xilinx/Vivado/2018.3/common/technology/xilinx/interface/maxi.hlp 
Execute             source D:/Xilinx/Vivado/2018.3/common/technology/xilinx/interface/saxilite.hlp 
Execute           source D:/Xilinx/Vivado/2018.3/common/technology/xilinx/common/dsp48.hlp 
Execute       source D:/Xilinx/Vivado/2018.3/common/technology/xilinx/zynq/zynq_hp.hlp 
Execute     source D:/Xilinx/Vivado/2018.3/common/technology/xilinx/zynq/zynq_fpv6.gen 
Execute       source D:/Xilinx/Vivado/2018.3/common/technology/xilinx/common/xilinx_fpv6.gen 
Execute     set_part xc7z020clg400-2 
Execute       add_library xilinx/zynq/zynq:xc7z020:clg400:-2 
Execute         get_default_platform 
Execute         license_isbetapart xc7z020 
Command         license_isbetapart done; error code: 1; 
Execute         get_default_platform 
Execute         config_chip_info -quiet -resource  {SLICE 13300}  {LUT 53200}     {FF 106400} {DSP48E 220}   {BRAM 280}  
Execute         config_chip_info -quiet -speed medium 
Execute       add_library xilinx/zynq/zynq_fpv6 
Execute         get_default_platform 
INFO: [HLS 200-10] Setting target device to 'xc7z020clg400-2'
Execute       get_default_platform 
Execute     get_default_platform 
Execute     config_chip_info -quiet -resource  {SLICE 13300}  {LUT 53200}     {FF 106400} {DSP48E 220}   {BRAM 280}  
Execute     config_chip_info -quiet -speed medium 
Command   open_solution done; 0.149 sec.
Execute   csim_design -quiet 
INFO: [SIM 211-2] *************** CSIM start ***************
INFO: [SIM 211-4] CSIM will launch GCC as the compiler.
Execute     source csim/.lst_opt.tcl 
Execute     is_encrypted D:/Xilinx/Project/LSTM/lstm_hls/dynamic_quant/dyn_quant/src/main.cpp 
Execute     is_xip D:/Xilinx/Project/LSTM/lstm_hls/dynamic_quant/dyn_quant/src/main.cpp 
Execute     is_encrypted D:/Xilinx/Project/LSTM/lstm_hls/dynamic_quant/dyn_quant/src/test_mixed_precision_lstm.cpp 
Execute     is_xip D:/Xilinx/Project/LSTM/lstm_hls/dynamic_quant/dyn_quant/src/test_mixed_precision_lstm.cpp 
Execute     is_encrypted D:/Xilinx/Project/LSTM/lstm_hls/dynamic_quant/dyn_quant/src/fixed_lstm.cpp 
Execute     is_xip D:/Xilinx/Project/LSTM/lstm_hls/dynamic_quant/dyn_quant/src/fixed_lstm.cpp 
Execute     is_encrypted D:/Xilinx/Project/LSTM/lstm_hls/dynamic_quant/dyn_quant/src/fixed_lstm.h 
Execute     is_xip D:/Xilinx/Project/LSTM/lstm_hls/dynamic_quant/dyn_quant/src/fixed_lstm.h 
Execute     is_encrypted D:/Xilinx/Project/LSTM/lstm_hls/dynamic_quant/dyn_quant/src/infer_fixed.cpp 
Execute     is_xip D:/Xilinx/Project/LSTM/lstm_hls/dynamic_quant/dyn_quant/src/infer_fixed.cpp 
Execute     is_encrypted D:/Xilinx/Project/LSTM/lstm_hls/dynamic_quant/dyn_quant/src/utils.h 
Execute     is_xip D:/Xilinx/Project/LSTM/lstm_hls/dynamic_quant/dyn_quant/src/utils.h 
Execute     is_encrypted D:/Xilinx/Project/LSTM/lstm_hls/dynamic_quant/dyn_quant/src/weight.cpp 
Execute     is_xip D:/Xilinx/Project/LSTM/lstm_hls/dynamic_quant/dyn_quant/src/weight.cpp 
Execute     get_default_platform 
ERROR: [SIM 211-100] 'csim_design' failed: compilation error(s).
INFO: [SIM 211-3] *************** CSIM finish ***************
Command   csim_design done; error code: 2; 16.498 sec.
Command ap_source done; error code: 1; 16.651 sec.
Execute cleanup_all 
INFO-FLOW: Workspace D:/Xilinx/Project/LSTM/lstm_hls/dynamic_quant/dyn_quant/solution1 opened at Fri Apr 04 16:40:52 +0800 2025
Execute     config_clock -quiet -name default -period 10 -default=false 
INFO: [SYN 201-201] Setting up clock 'default' with a period of 10ns.
Execute     open_platform DefaultPlatform 
Execute     import_lib D:/Xilinx/Vivado/2018.3/common/technology/xilinx/zynq/zynq 
Execute       source D:/Xilinx/Vivado/2018.3/common/technology/xilinx/common/xilinx.lib 
Execute         source D:/Xilinx/Vivado/2018.3/common/technology/xilinx/interface/xilinx_interface.lib 
Execute           source D:/Xilinx/Vivado/2018.3/common/technology/xilinx/interface/plb46.lib 
Execute           source D:/Xilinx/Vivado/2018.3/common/technology/xilinx/interface/fsl.lib 
Execute           source D:/Xilinx/Vivado/2018.3/common/technology/xilinx/interface/axi4.lib 
Execute           source D:/Xilinx/Vivado/2018.3/common/technology/xilinx/interface/maxi.lib 
Execute           source D:/Xilinx/Vivado/2018.3/common/technology/xilinx/interface/saxilite.lib 
Execute         source D:/Xilinx/Vivado/2018.3/common/technology/xilinx/common/dsp48.lib 
Execute         source D:/Xilinx/Vivado/2018.3/common/technology/xilinx/ip/dds_compiler.lib 
Execute         source D:/Xilinx/Vivado/2018.3/common/technology/xilinx/ip/xfft.lib 
Execute         source D:/Xilinx/Vivado/2018.3/common/technology/xilinx/ip/xfir.lib 
Execute       source D:/Xilinx/Vivado/2018.3/common/technology/xilinx/common/xilinx_old.lib 
Execute       source D:/Xilinx/Vivado/2018.3/common/technology/xilinx/common/xilinx_vivado.lib 
Execute       source D:/Xilinx/Vivado/2018.3/common/technology/xilinx/common/xilinx.hlp 
Execute         source D:/Xilinx/Vivado/2018.3/common/technology/xilinx/common/target_info.tcl 
Execute         source D:/Xilinx/Vivado/2018.3/common/technology/xilinx/interface/xilinx_interface.hlp 
Execute           source D:/Xilinx/Vivado/2018.3/common/technology/xilinx/interface/maxi.hlp 
Execute           source D:/Xilinx/Vivado/2018.3/common/technology/xilinx/interface/saxilite.hlp 
Execute         source D:/Xilinx/Vivado/2018.3/common/technology/xilinx/common/dsp48.hlp 
Execute       source D:/Xilinx/Vivado/2018.3/common/technology/xilinx/zynq/dsp48e1.hlp 
Execute       get_default_platform 
Execute       config_chip_info -quiet -resource  {SLICE 13300}  {LUT 53200}     {FF 106400} {DSP48E 220}   {BRAM 280}  
Execute       config_chip_info -quiet -speed medium 
Execute       source D:/Xilinx/Vivado/2018.3/common/technology/xilinx/common/xilinx.hlp 
Execute         source D:/Xilinx/Vivado/2018.3/common/technology/xilinx/common/target_info.tcl 
Execute         source D:/Xilinx/Vivado/2018.3/common/technology/xilinx/interface/xilinx_interface.hlp 
Execute           source D:/Xilinx/Vivado/2018.3/common/technology/xilinx/interface/maxi.hlp 
Execute           source D:/Xilinx/Vivado/2018.3/common/technology/xilinx/interface/saxilite.hlp 
Execute         source D:/Xilinx/Vivado/2018.3/common/technology/xilinx/common/dsp48.hlp 
Execute     source D:/Xilinx/Vivado/2018.3/common/technology/xilinx/zynq/zynq.gen 
Execute       source D:/Xilinx/Vivado/2018.3/common/technology/xilinx/common/virtex.gen 
Execute         source D:/Xilinx/Vivado/2018.3/common/technology/xilinx/common/xilinx.gen 
Execute           source D:/Xilinx/Vivado/2018.3/common/technology/xilinx/interface/plb46.gen 
Execute           source D:/Xilinx/Vivado/2018.3/common/technology/xilinx/interface/fsl.gen 
Execute           source D:/Xilinx/Vivado/2018.3/common/technology/xilinx/interface/axi4.gen 
Execute           source D:/Xilinx/Vivado/2018.3/common/technology/xilinx/interface/nativeAXI4.gen 
Execute             source D:/Xilinx/Vivado/2018.3/common/technology/xilinx/interface/saxilite.gen 
Execute             source D:/Xilinx/Vivado/2018.3/common/technology/xilinx/interface/maxi.gen 
Execute           source D:/Xilinx/Vivado/2018.3/common/technology/xilinx/scripts/xilinxcoregen.gen 
Execute           source D:/Xilinx/Vivado/2018.3/common/technology/xilinx/interface/XilEDKCoreGen.gen 
Execute           source D:/Xilinx/Vivado/2018.3/common/technology/xilinx/ip/dds_compiler.gen 
Execute           source D:/Xilinx/Vivado/2018.3/common/technology/xilinx/ip/util.gen 
Execute           source D:/Xilinx/Vivado/2018.3/common/technology/xilinx/ip/xfft.gen 
Execute           source D:/Xilinx/Vivado/2018.3/common/technology/xilinx/ip/xfir.gen 
Execute         source D:/Xilinx/Vivado/2018.3/common/technology/xilinx/common/dsp48.gen 
Execute     open_platform DefaultPlatform 
Execute     import_lib D:/Xilinx/Vivado/2018.3/common/technology/xilinx/zynq/zynq_fpv6 
Execute       source D:/Xilinx/Vivado/2018.3/common/technology/xilinx/common/xilinx_fpv7.lib 
Execute         source D:/Xilinx/Vivado/2018.3/common/technology/xilinx/common/xilinx_hp.lib 
Execute       source D:/Xilinx/Vivado/2018.3/common/technology/xilinx/common/xilinx_fpv.hlp 
Execute         source D:/Xilinx/Vivado/2018.3/common/technology/xilinx/common/xilinx.hlp 
Execute           source D:/Xilinx/Vivado/2018.3/common/technology/xilinx/common/target_info.tcl 
Execute           source D:/Xilinx/Vivado/2018.3/common/technology/xilinx/interface/xilinx_interface.hlp 
Execute             source D:/Xilinx/Vivado/2018.3/common/technology/xilinx/interface/maxi.hlp 
Execute             source D:/Xilinx/Vivado/2018.3/common/technology/xilinx/interface/saxilite.hlp 
Execute           source D:/Xilinx/Vivado/2018.3/common/technology/xilinx/common/dsp48.hlp 
Execute       source D:/Xilinx/Vivado/2018.3/common/technology/xilinx/zynq/zynq_hp.hlp 
Execute     source D:/Xilinx/Vivado/2018.3/common/technology/xilinx/zynq/zynq_fpv6.gen 
Execute       source D:/Xilinx/Vivado/2018.3/common/technology/xilinx/common/xilinx_fpv6.gen 
Execute     set_part xc7z020clg400-2 
Execute       add_library xilinx/zynq/zynq:xc7z020:clg400:-2 
Execute         get_default_platform 
Execute         license_isbetapart xc7z020 
Command         license_isbetapart done; error code: 1; 
Execute         get_default_platform 
Execute         config_chip_info -quiet -resource  {SLICE 13300}  {LUT 53200}     {FF 106400} {DSP48E 220}   {BRAM 280}  
Execute         config_chip_info -quiet -speed medium 
Execute       add_library xilinx/zynq/zynq_fpv6 
Execute         get_default_platform 
INFO: [HLS 200-10] Setting target device to 'xc7z020clg400-2'
Execute       get_default_platform 
Execute     get_default_platform 
Execute     config_chip_info -quiet -resource  {SLICE 13300}  {LUT 53200}     {FF 106400} {DSP48E 220}   {BRAM 280}  
Execute     config_chip_info -quiet -speed medium 
Command   open_solution done; 0.153 sec.
Execute   csim_design -quiet 
INFO: [SIM 211-2] *************** CSIM start ***************
INFO: [SIM 211-4] CSIM will launch GCC as the compiler.
Execute     source csim/.lst_opt.tcl 
Execute     is_encrypted D:/Xilinx/Project/LSTM/lstm_hls/dynamic_quant/dyn_quant/src/main.cpp 
Execute     is_xip D:/Xilinx/Project/LSTM/lstm_hls/dynamic_quant/dyn_quant/src/main.cpp 
Execute     is_encrypted D:/Xilinx/Project/LSTM/lstm_hls/dynamic_quant/dyn_quant/src/test_mixed_precision_lstm.cpp 
Execute     is_xip D:/Xilinx/Project/LSTM/lstm_hls/dynamic_quant/dyn_quant/src/test_mixed_precision_lstm.cpp 
Execute     is_encrypted D:/Xilinx/Project/LSTM/lstm_hls/dynamic_quant/dyn_quant/src/fixed_lstm.cpp 
Execute     is_xip D:/Xilinx/Project/LSTM/lstm_hls/dynamic_quant/dyn_quant/src/fixed_lstm.cpp 
Execute     is_encrypted D:/Xilinx/Project/LSTM/lstm_hls/dynamic_quant/dyn_quant/src/fixed_lstm.h 
Execute     is_xip D:/Xilinx/Project/LSTM/lstm_hls/dynamic_quant/dyn_quant/src/fixed_lstm.h 
Execute     is_encrypted D:/Xilinx/Project/LSTM/lstm_hls/dynamic_quant/dyn_quant/src/infer_fixed.cpp 
Execute     is_xip D:/Xilinx/Project/LSTM/lstm_hls/dynamic_quant/dyn_quant/src/infer_fixed.cpp 
Execute     is_encrypted D:/Xilinx/Project/LSTM/lstm_hls/dynamic_quant/dyn_quant/src/utils.h 
Execute     is_xip D:/Xilinx/Project/LSTM/lstm_hls/dynamic_quant/dyn_quant/src/utils.h 
Execute     is_encrypted D:/Xilinx/Project/LSTM/lstm_hls/dynamic_quant/dyn_quant/src/weight.cpp 
Execute     is_xip D:/Xilinx/Project/LSTM/lstm_hls/dynamic_quant/dyn_quant/src/weight.cpp 
Execute     get_default_platform 
ERROR: [SIM 211-100] 'csim_design' failed: compilation error(s).
INFO: [SIM 211-3] *************** CSIM finish ***************
Command   csim_design done; error code: 2; 5.235 sec.
Command ap_source done; error code: 1; 5.393 sec.
Execute cleanup_all 
INFO-FLOW: Workspace D:/Xilinx/Project/LSTM/lstm_hls/dynamic_quant/dyn_quant/solution1 opened at Fri Apr 04 18:15:05 +0800 2025
Execute     config_clock -quiet -name default -period 10 -default=false 
INFO: [SYN 201-201] Setting up clock 'default' with a period of 10ns.
Execute     open_platform DefaultPlatform 
Execute     import_lib D:/Xilinx/Vivado/2018.3/common/technology/xilinx/zynq/zynq 
Execute       source D:/Xilinx/Vivado/2018.3/common/technology/xilinx/common/xilinx.lib 
Execute         source D:/Xilinx/Vivado/2018.3/common/technology/xilinx/interface/xilinx_interface.lib 
Execute           source D:/Xilinx/Vivado/2018.3/common/technology/xilinx/interface/plb46.lib 
Execute           source D:/Xilinx/Vivado/2018.3/common/technology/xilinx/interface/fsl.lib 
Execute           source D:/Xilinx/Vivado/2018.3/common/technology/xilinx/interface/axi4.lib 
Execute           source D:/Xilinx/Vivado/2018.3/common/technology/xilinx/interface/maxi.lib 
Execute           source D:/Xilinx/Vivado/2018.3/common/technology/xilinx/interface/saxilite.lib 
Execute         source D:/Xilinx/Vivado/2018.3/common/technology/xilinx/common/dsp48.lib 
Execute         source D:/Xilinx/Vivado/2018.3/common/technology/xilinx/ip/dds_compiler.lib 
Execute         source D:/Xilinx/Vivado/2018.3/common/technology/xilinx/ip/xfft.lib 
Execute         source D:/Xilinx/Vivado/2018.3/common/technology/xilinx/ip/xfir.lib 
Execute       source D:/Xilinx/Vivado/2018.3/common/technology/xilinx/common/xilinx_old.lib 
Execute       source D:/Xilinx/Vivado/2018.3/common/technology/xilinx/common/xilinx_vivado.lib 
Execute       source D:/Xilinx/Vivado/2018.3/common/technology/xilinx/common/xilinx.hlp 
Execute         source D:/Xilinx/Vivado/2018.3/common/technology/xilinx/common/target_info.tcl 
Execute         source D:/Xilinx/Vivado/2018.3/common/technology/xilinx/interface/xilinx_interface.hlp 
Execute           source D:/Xilinx/Vivado/2018.3/common/technology/xilinx/interface/maxi.hlp 
Execute           source D:/Xilinx/Vivado/2018.3/common/technology/xilinx/interface/saxilite.hlp 
Execute         source D:/Xilinx/Vivado/2018.3/common/technology/xilinx/common/dsp48.hlp 
Execute       source D:/Xilinx/Vivado/2018.3/common/technology/xilinx/zynq/dsp48e1.hlp 
Execute       get_default_platform 
Execute       config_chip_info -quiet -resource  {SLICE 13300}  {LUT 53200}     {FF 106400} {DSP48E 220}   {BRAM 280}  
Execute       config_chip_info -quiet -speed medium 
Execute       source D:/Xilinx/Vivado/2018.3/common/technology/xilinx/common/xilinx.hlp 
Execute         source D:/Xilinx/Vivado/2018.3/common/technology/xilinx/common/target_info.tcl 
Execute         source D:/Xilinx/Vivado/2018.3/common/technology/xilinx/interface/xilinx_interface.hlp 
Execute           source D:/Xilinx/Vivado/2018.3/common/technology/xilinx/interface/maxi.hlp 
Execute           source D:/Xilinx/Vivado/2018.3/common/technology/xilinx/interface/saxilite.hlp 
Execute         source D:/Xilinx/Vivado/2018.3/common/technology/xilinx/common/dsp48.hlp 
Execute     source D:/Xilinx/Vivado/2018.3/common/technology/xilinx/zynq/zynq.gen 
Execute       source D:/Xilinx/Vivado/2018.3/common/technology/xilinx/common/virtex.gen 
Execute         source D:/Xilinx/Vivado/2018.3/common/technology/xilinx/common/xilinx.gen 
Execute           source D:/Xilinx/Vivado/2018.3/common/technology/xilinx/interface/plb46.gen 
Execute           source D:/Xilinx/Vivado/2018.3/common/technology/xilinx/interface/fsl.gen 
Execute           source D:/Xilinx/Vivado/2018.3/common/technology/xilinx/interface/axi4.gen 
Execute           source D:/Xilinx/Vivado/2018.3/common/technology/xilinx/interface/nativeAXI4.gen 
Execute             source D:/Xilinx/Vivado/2018.3/common/technology/xilinx/interface/saxilite.gen 
Execute             source D:/Xilinx/Vivado/2018.3/common/technology/xilinx/interface/maxi.gen 
Execute           source D:/Xilinx/Vivado/2018.3/common/technology/xilinx/scripts/xilinxcoregen.gen 
Execute           source D:/Xilinx/Vivado/2018.3/common/technology/xilinx/interface/XilEDKCoreGen.gen 
Execute           source D:/Xilinx/Vivado/2018.3/common/technology/xilinx/ip/dds_compiler.gen 
Execute           source D:/Xilinx/Vivado/2018.3/common/technology/xilinx/ip/util.gen 
Execute           source D:/Xilinx/Vivado/2018.3/common/technology/xilinx/ip/xfft.gen 
Execute           source D:/Xilinx/Vivado/2018.3/common/technology/xilinx/ip/xfir.gen 
Execute         source D:/Xilinx/Vivado/2018.3/common/technology/xilinx/common/dsp48.gen 
Execute     open_platform DefaultPlatform 
Execute     import_lib D:/Xilinx/Vivado/2018.3/common/technology/xilinx/zynq/zynq_fpv6 
Execute       source D:/Xilinx/Vivado/2018.3/common/technology/xilinx/common/xilinx_fpv7.lib 
Execute         source D:/Xilinx/Vivado/2018.3/common/technology/xilinx/common/xilinx_hp.lib 
Execute       source D:/Xilinx/Vivado/2018.3/common/technology/xilinx/common/xilinx_fpv.hlp 
Execute         source D:/Xilinx/Vivado/2018.3/common/technology/xilinx/common/xilinx.hlp 
Execute           source D:/Xilinx/Vivado/2018.3/common/technology/xilinx/common/target_info.tcl 
Execute           source D:/Xilinx/Vivado/2018.3/common/technology/xilinx/interface/xilinx_interface.hlp 
Execute             source D:/Xilinx/Vivado/2018.3/common/technology/xilinx/interface/maxi.hlp 
Execute             source D:/Xilinx/Vivado/2018.3/common/technology/xilinx/interface/saxilite.hlp 
Execute           source D:/Xilinx/Vivado/2018.3/common/technology/xilinx/common/dsp48.hlp 
Execute       source D:/Xilinx/Vivado/2018.3/common/technology/xilinx/zynq/zynq_hp.hlp 
Execute     source D:/Xilinx/Vivado/2018.3/common/technology/xilinx/zynq/zynq_fpv6.gen 
Execute       source D:/Xilinx/Vivado/2018.3/common/technology/xilinx/common/xilinx_fpv6.gen 
Execute     set_part xc7z020clg400-2 
Execute       add_library xilinx/zynq/zynq:xc7z020:clg400:-2 
Execute         get_default_platform 
Execute         license_isbetapart xc7z020 
Command         license_isbetapart done; error code: 1; 
Execute         get_default_platform 
Execute         config_chip_info -quiet -resource  {SLICE 13300}  {LUT 53200}     {FF 106400} {DSP48E 220}   {BRAM 280}  
Execute         config_chip_info -quiet -speed medium 
Execute       add_library xilinx/zynq/zynq_fpv6 
Execute         get_default_platform 
INFO: [HLS 200-10] Setting target device to 'xc7z020clg400-2'
Execute       get_default_platform 
Execute     get_default_platform 
Execute     config_chip_info -quiet -resource  {SLICE 13300}  {LUT 53200}     {FF 106400} {DSP48E 220}   {BRAM 280}  
Execute     config_chip_info -quiet -speed medium 
Command   open_solution done; 0.176 sec.
Execute   csim_design -quiet 
INFO: [SIM 211-2] *************** CSIM start ***************
INFO: [SIM 211-4] CSIM will launch GCC as the compiler.
Execute     source csim/.lst_opt.tcl 
Execute     is_encrypted D:/Xilinx/Project/LSTM/lstm_hls/dynamic_quant/dyn_quant/src/main.cpp 
Execute     is_xip D:/Xilinx/Project/LSTM/lstm_hls/dynamic_quant/dyn_quant/src/main.cpp 
Execute     is_encrypted D:/Xilinx/Project/LSTM/lstm_hls/dynamic_quant/dyn_quant/src/test_mixed_precision_lstm.cpp 
Execute     is_xip D:/Xilinx/Project/LSTM/lstm_hls/dynamic_quant/dyn_quant/src/test_mixed_precision_lstm.cpp 
Execute     is_encrypted D:/Xilinx/Project/LSTM/lstm_hls/dynamic_quant/dyn_quant/src/fixed_lstm.cpp 
Execute     is_xip D:/Xilinx/Project/LSTM/lstm_hls/dynamic_quant/dyn_quant/src/fixed_lstm.cpp 
Execute     is_encrypted D:/Xilinx/Project/LSTM/lstm_hls/dynamic_quant/dyn_quant/src/fixed_lstm.h 
Execute     is_xip D:/Xilinx/Project/LSTM/lstm_hls/dynamic_quant/dyn_quant/src/fixed_lstm.h 
Execute     is_encrypted D:/Xilinx/Project/LSTM/lstm_hls/dynamic_quant/dyn_quant/src/infer_fixed.cpp 
Execute     is_xip D:/Xilinx/Project/LSTM/lstm_hls/dynamic_quant/dyn_quant/src/infer_fixed.cpp 
Execute     is_encrypted D:/Xilinx/Project/LSTM/lstm_hls/dynamic_quant/dyn_quant/src/utils.h 
Execute     is_xip D:/Xilinx/Project/LSTM/lstm_hls/dynamic_quant/dyn_quant/src/utils.h 
Execute     is_encrypted D:/Xilinx/Project/LSTM/lstm_hls/dynamic_quant/dyn_quant/src/weight.cpp 
Execute     is_xip D:/Xilinx/Project/LSTM/lstm_hls/dynamic_quant/dyn_quant/src/weight.cpp 
Execute     get_default_platform 
ERROR: [SIM 211-100] 'csim_design' failed: compilation error(s).
INFO: [SIM 211-3] *************** CSIM finish ***************
Command   csim_design done; error code: 2; 11.084 sec.
Command ap_source done; error code: 1; 11.265 sec.
Execute cleanup_all 
INFO-FLOW: Workspace D:/Xilinx/Project/LSTM/lstm_hls/dynamic_quant/dyn_quant/solution1 opened at Fri Apr 04 18:15:48 +0800 2025
Execute     config_clock -quiet -name default -period 10 -default=false 
INFO: [SYN 201-201] Setting up clock 'default' with a period of 10ns.
Execute     open_platform DefaultPlatform 
Execute     import_lib D:/Xilinx/Vivado/2018.3/common/technology/xilinx/zynq/zynq 
Execute       source D:/Xilinx/Vivado/2018.3/common/technology/xilinx/common/xilinx.lib 
Execute         source D:/Xilinx/Vivado/2018.3/common/technology/xilinx/interface/xilinx_interface.lib 
Execute           source D:/Xilinx/Vivado/2018.3/common/technology/xilinx/interface/plb46.lib 
Execute           source D:/Xilinx/Vivado/2018.3/common/technology/xilinx/interface/fsl.lib 
Execute           source D:/Xilinx/Vivado/2018.3/common/technology/xilinx/interface/axi4.lib 
Execute           source D:/Xilinx/Vivado/2018.3/common/technology/xilinx/interface/maxi.lib 
Execute           source D:/Xilinx/Vivado/2018.3/common/technology/xilinx/interface/saxilite.lib 
Execute         source D:/Xilinx/Vivado/2018.3/common/technology/xilinx/common/dsp48.lib 
Execute         source D:/Xilinx/Vivado/2018.3/common/technology/xilinx/ip/dds_compiler.lib 
Execute         source D:/Xilinx/Vivado/2018.3/common/technology/xilinx/ip/xfft.lib 
Execute         source D:/Xilinx/Vivado/2018.3/common/technology/xilinx/ip/xfir.lib 
Execute       source D:/Xilinx/Vivado/2018.3/common/technology/xilinx/common/xilinx_old.lib 
Execute       source D:/Xilinx/Vivado/2018.3/common/technology/xilinx/common/xilinx_vivado.lib 
Execute       source D:/Xilinx/Vivado/2018.3/common/technology/xilinx/common/xilinx.hlp 
Execute         source D:/Xilinx/Vivado/2018.3/common/technology/xilinx/common/target_info.tcl 
Execute         source D:/Xilinx/Vivado/2018.3/common/technology/xilinx/interface/xilinx_interface.hlp 
Execute           source D:/Xilinx/Vivado/2018.3/common/technology/xilinx/interface/maxi.hlp 
Execute           source D:/Xilinx/Vivado/2018.3/common/technology/xilinx/interface/saxilite.hlp 
Execute         source D:/Xilinx/Vivado/2018.3/common/technology/xilinx/common/dsp48.hlp 
Execute       source D:/Xilinx/Vivado/2018.3/common/technology/xilinx/zynq/dsp48e1.hlp 
Execute       get_default_platform 
Execute       config_chip_info -quiet -resource  {SLICE 13300}  {LUT 53200}     {FF 106400} {DSP48E 220}   {BRAM 280}  
Execute       config_chip_info -quiet -speed medium 
Execute       source D:/Xilinx/Vivado/2018.3/common/technology/xilinx/common/xilinx.hlp 
Execute         source D:/Xilinx/Vivado/2018.3/common/technology/xilinx/common/target_info.tcl 
Execute         source D:/Xilinx/Vivado/2018.3/common/technology/xilinx/interface/xilinx_interface.hlp 
Execute           source D:/Xilinx/Vivado/2018.3/common/technology/xilinx/interface/maxi.hlp 
Execute           source D:/Xilinx/Vivado/2018.3/common/technology/xilinx/interface/saxilite.hlp 
Execute         source D:/Xilinx/Vivado/2018.3/common/technology/xilinx/common/dsp48.hlp 
Execute     source D:/Xilinx/Vivado/2018.3/common/technology/xilinx/zynq/zynq.gen 
Execute       source D:/Xilinx/Vivado/2018.3/common/technology/xilinx/common/virtex.gen 
Execute         source D:/Xilinx/Vivado/2018.3/common/technology/xilinx/common/xilinx.gen 
Execute           source D:/Xilinx/Vivado/2018.3/common/technology/xilinx/interface/plb46.gen 
Execute           source D:/Xilinx/Vivado/2018.3/common/technology/xilinx/interface/fsl.gen 
Execute           source D:/Xilinx/Vivado/2018.3/common/technology/xilinx/interface/axi4.gen 
Execute           source D:/Xilinx/Vivado/2018.3/common/technology/xilinx/interface/nativeAXI4.gen 
Execute             source D:/Xilinx/Vivado/2018.3/common/technology/xilinx/interface/saxilite.gen 
Execute             source D:/Xilinx/Vivado/2018.3/common/technology/xilinx/interface/maxi.gen 
Execute           source D:/Xilinx/Vivado/2018.3/common/technology/xilinx/scripts/xilinxcoregen.gen 
Execute           source D:/Xilinx/Vivado/2018.3/common/technology/xilinx/interface/XilEDKCoreGen.gen 
Execute           source D:/Xilinx/Vivado/2018.3/common/technology/xilinx/ip/dds_compiler.gen 
Execute           source D:/Xilinx/Vivado/2018.3/common/technology/xilinx/ip/util.gen 
Execute           source D:/Xilinx/Vivado/2018.3/common/technology/xilinx/ip/xfft.gen 
Execute           source D:/Xilinx/Vivado/2018.3/common/technology/xilinx/ip/xfir.gen 
Execute         source D:/Xilinx/Vivado/2018.3/common/technology/xilinx/common/dsp48.gen 
Execute     open_platform DefaultPlatform 
Execute     import_lib D:/Xilinx/Vivado/2018.3/common/technology/xilinx/zynq/zynq_fpv6 
Execute       source D:/Xilinx/Vivado/2018.3/common/technology/xilinx/common/xilinx_fpv7.lib 
Execute         source D:/Xilinx/Vivado/2018.3/common/technology/xilinx/common/xilinx_hp.lib 
Execute       source D:/Xilinx/Vivado/2018.3/common/technology/xilinx/common/xilinx_fpv.hlp 
Execute         source D:/Xilinx/Vivado/2018.3/common/technology/xilinx/common/xilinx.hlp 
Execute           source D:/Xilinx/Vivado/2018.3/common/technology/xilinx/common/target_info.tcl 
Execute           source D:/Xilinx/Vivado/2018.3/common/technology/xilinx/interface/xilinx_interface.hlp 
Execute             source D:/Xilinx/Vivado/2018.3/common/technology/xilinx/interface/maxi.hlp 
Execute             source D:/Xilinx/Vivado/2018.3/common/technology/xilinx/interface/saxilite.hlp 
Execute           source D:/Xilinx/Vivado/2018.3/common/technology/xilinx/common/dsp48.hlp 
Execute       source D:/Xilinx/Vivado/2018.3/common/technology/xilinx/zynq/zynq_hp.hlp 
Execute     source D:/Xilinx/Vivado/2018.3/common/technology/xilinx/zynq/zynq_fpv6.gen 
Execute       source D:/Xilinx/Vivado/2018.3/common/technology/xilinx/common/xilinx_fpv6.gen 
Execute     set_part xc7z020clg400-2 
Execute       add_library xilinx/zynq/zynq:xc7z020:clg400:-2 
Execute         get_default_platform 
Execute         license_isbetapart xc7z020 
Command         license_isbetapart done; error code: 1; 
Execute         get_default_platform 
Execute         config_chip_info -quiet -resource  {SLICE 13300}  {LUT 53200}     {FF 106400} {DSP48E 220}   {BRAM 280}  
Execute         config_chip_info -quiet -speed medium 
Execute       add_library xilinx/zynq/zynq_fpv6 
Execute         get_default_platform 
INFO: [HLS 200-10] Setting target device to 'xc7z020clg400-2'
Execute       get_default_platform 
Execute     get_default_platform 
Execute     config_chip_info -quiet -resource  {SLICE 13300}  {LUT 53200}     {FF 106400} {DSP48E 220}   {BRAM 280}  
Execute     config_chip_info -quiet -speed medium 
Command   open_solution done; 0.153 sec.
Execute   csim_design -quiet 
INFO: [SIM 211-2] *************** CSIM start ***************
INFO: [SIM 211-4] CSIM will launch GCC as the compiler.
Execute     source csim/.lst_opt.tcl 
Execute     is_encrypted D:/Xilinx/Project/LSTM/lstm_hls/dynamic_quant/dyn_quant/src/main.cpp 
Execute     is_xip D:/Xilinx/Project/LSTM/lstm_hls/dynamic_quant/dyn_quant/src/main.cpp 
Execute     is_encrypted D:/Xilinx/Project/LSTM/lstm_hls/dynamic_quant/dyn_quant/src/test_mixed_precision_lstm.cpp 
Execute     is_xip D:/Xilinx/Project/LSTM/lstm_hls/dynamic_quant/dyn_quant/src/test_mixed_precision_lstm.cpp 
Execute     is_encrypted D:/Xilinx/Project/LSTM/lstm_hls/dynamic_quant/dyn_quant/src/fixed_lstm.cpp 
Execute     is_xip D:/Xilinx/Project/LSTM/lstm_hls/dynamic_quant/dyn_quant/src/fixed_lstm.cpp 
Execute     is_encrypted D:/Xilinx/Project/LSTM/lstm_hls/dynamic_quant/dyn_quant/src/fixed_lstm.h 
Execute     is_xip D:/Xilinx/Project/LSTM/lstm_hls/dynamic_quant/dyn_quant/src/fixed_lstm.h 
Execute     is_encrypted D:/Xilinx/Project/LSTM/lstm_hls/dynamic_quant/dyn_quant/src/infer_fixed.cpp 
Execute     is_xip D:/Xilinx/Project/LSTM/lstm_hls/dynamic_quant/dyn_quant/src/infer_fixed.cpp 
Execute     is_encrypted D:/Xilinx/Project/LSTM/lstm_hls/dynamic_quant/dyn_quant/src/utils.h 
Execute     is_xip D:/Xilinx/Project/LSTM/lstm_hls/dynamic_quant/dyn_quant/src/utils.h 
Execute     is_encrypted D:/Xilinx/Project/LSTM/lstm_hls/dynamic_quant/dyn_quant/src/weight.cpp 
Execute     is_xip D:/Xilinx/Project/LSTM/lstm_hls/dynamic_quant/dyn_quant/src/weight.cpp 
Execute     get_default_platform 
Execute     source run_sim.tcl 
Command     ap_source done; 0.87 sec.
INFO: [SIM 211-1] CSim done with 0 errors.
INFO: [SIM 211-3] *************** CSIM finish ***************
Command   csim_design done; 18.95 sec.
Command ap_source done; 19.108 sec.
Execute cleanup_all 
INFO-FLOW: Workspace D:/Xilinx/Project/LSTM/lstm_hls/dynamic_quant/dyn_quant/solution1 opened at Fri Apr 04 18:17:06 +0800 2025
Execute     config_clock -quiet -name default -period 10 -default=false 
INFO: [SYN 201-201] Setting up clock 'default' with a period of 10ns.
Execute     open_platform DefaultPlatform 
Execute     import_lib D:/Xilinx/Vivado/2018.3/common/technology/xilinx/zynq/zynq 
Execute       source D:/Xilinx/Vivado/2018.3/common/technology/xilinx/common/xilinx.lib 
Execute         source D:/Xilinx/Vivado/2018.3/common/technology/xilinx/interface/xilinx_interface.lib 
Execute           source D:/Xilinx/Vivado/2018.3/common/technology/xilinx/interface/plb46.lib 
Execute           source D:/Xilinx/Vivado/2018.3/common/technology/xilinx/interface/fsl.lib 
Execute           source D:/Xilinx/Vivado/2018.3/common/technology/xilinx/interface/axi4.lib 
Execute           source D:/Xilinx/Vivado/2018.3/common/technology/xilinx/interface/maxi.lib 
Execute           source D:/Xilinx/Vivado/2018.3/common/technology/xilinx/interface/saxilite.lib 
Execute         source D:/Xilinx/Vivado/2018.3/common/technology/xilinx/common/dsp48.lib 
Execute         source D:/Xilinx/Vivado/2018.3/common/technology/xilinx/ip/dds_compiler.lib 
Execute         source D:/Xilinx/Vivado/2018.3/common/technology/xilinx/ip/xfft.lib 
Execute         source D:/Xilinx/Vivado/2018.3/common/technology/xilinx/ip/xfir.lib 
Execute       source D:/Xilinx/Vivado/2018.3/common/technology/xilinx/common/xilinx_old.lib 
Execute       source D:/Xilinx/Vivado/2018.3/common/technology/xilinx/common/xilinx_vivado.lib 
Execute       source D:/Xilinx/Vivado/2018.3/common/technology/xilinx/common/xilinx.hlp 
Execute         source D:/Xilinx/Vivado/2018.3/common/technology/xilinx/common/target_info.tcl 
Execute         source D:/Xilinx/Vivado/2018.3/common/technology/xilinx/interface/xilinx_interface.hlp 
Execute           source D:/Xilinx/Vivado/2018.3/common/technology/xilinx/interface/maxi.hlp 
Execute           source D:/Xilinx/Vivado/2018.3/common/technology/xilinx/interface/saxilite.hlp 
Execute         source D:/Xilinx/Vivado/2018.3/common/technology/xilinx/common/dsp48.hlp 
Execute       source D:/Xilinx/Vivado/2018.3/common/technology/xilinx/zynq/dsp48e1.hlp 
Execute       get_default_platform 
Execute       config_chip_info -quiet -resource  {SLICE 13300}  {LUT 53200}     {FF 106400} {DSP48E 220}   {BRAM 280}  
Execute       config_chip_info -quiet -speed medium 
Execute       source D:/Xilinx/Vivado/2018.3/common/technology/xilinx/common/xilinx.hlp 
Execute         source D:/Xilinx/Vivado/2018.3/common/technology/xilinx/common/target_info.tcl 
Execute         source D:/Xilinx/Vivado/2018.3/common/technology/xilinx/interface/xilinx_interface.hlp 
Execute           source D:/Xilinx/Vivado/2018.3/common/technology/xilinx/interface/maxi.hlp 
Execute           source D:/Xilinx/Vivado/2018.3/common/technology/xilinx/interface/saxilite.hlp 
Execute         source D:/Xilinx/Vivado/2018.3/common/technology/xilinx/common/dsp48.hlp 
Execute     source D:/Xilinx/Vivado/2018.3/common/technology/xilinx/zynq/zynq.gen 
Execute       source D:/Xilinx/Vivado/2018.3/common/technology/xilinx/common/virtex.gen 
Execute         source D:/Xilinx/Vivado/2018.3/common/technology/xilinx/common/xilinx.gen 
Execute           source D:/Xilinx/Vivado/2018.3/common/technology/xilinx/interface/plb46.gen 
Execute           source D:/Xilinx/Vivado/2018.3/common/technology/xilinx/interface/fsl.gen 
Execute           source D:/Xilinx/Vivado/2018.3/common/technology/xilinx/interface/axi4.gen 
Execute           source D:/Xilinx/Vivado/2018.3/common/technology/xilinx/interface/nativeAXI4.gen 
Execute             source D:/Xilinx/Vivado/2018.3/common/technology/xilinx/interface/saxilite.gen 
Execute             source D:/Xilinx/Vivado/2018.3/common/technology/xilinx/interface/maxi.gen 
Execute           source D:/Xilinx/Vivado/2018.3/common/technology/xilinx/scripts/xilinxcoregen.gen 
Execute           source D:/Xilinx/Vivado/2018.3/common/technology/xilinx/interface/XilEDKCoreGen.gen 
Execute           source D:/Xilinx/Vivado/2018.3/common/technology/xilinx/ip/dds_compiler.gen 
Execute           source D:/Xilinx/Vivado/2018.3/common/technology/xilinx/ip/util.gen 
Execute           source D:/Xilinx/Vivado/2018.3/common/technology/xilinx/ip/xfft.gen 
Execute           source D:/Xilinx/Vivado/2018.3/common/technology/xilinx/ip/xfir.gen 
Execute         source D:/Xilinx/Vivado/2018.3/common/technology/xilinx/common/dsp48.gen 
Execute     open_platform DefaultPlatform 
Execute     import_lib D:/Xilinx/Vivado/2018.3/common/technology/xilinx/zynq/zynq_fpv6 
Execute       source D:/Xilinx/Vivado/2018.3/common/technology/xilinx/common/xilinx_fpv7.lib 
Execute         source D:/Xilinx/Vivado/2018.3/common/technology/xilinx/common/xilinx_hp.lib 
Execute       source D:/Xilinx/Vivado/2018.3/common/technology/xilinx/common/xilinx_fpv.hlp 
Execute         source D:/Xilinx/Vivado/2018.3/common/technology/xilinx/common/xilinx.hlp 
Execute           source D:/Xilinx/Vivado/2018.3/common/technology/xilinx/common/target_info.tcl 
Execute           source D:/Xilinx/Vivado/2018.3/common/technology/xilinx/interface/xilinx_interface.hlp 
Execute             source D:/Xilinx/Vivado/2018.3/common/technology/xilinx/interface/maxi.hlp 
Execute             source D:/Xilinx/Vivado/2018.3/common/technology/xilinx/interface/saxilite.hlp 
Execute           source D:/Xilinx/Vivado/2018.3/common/technology/xilinx/common/dsp48.hlp 
Execute       source D:/Xilinx/Vivado/2018.3/common/technology/xilinx/zynq/zynq_hp.hlp 
Execute     source D:/Xilinx/Vivado/2018.3/common/technology/xilinx/zynq/zynq_fpv6.gen 
Execute       source D:/Xilinx/Vivado/2018.3/common/technology/xilinx/common/xilinx_fpv6.gen 
Execute     set_part xc7z020clg400-2 
Execute       add_library xilinx/zynq/zynq:xc7z020:clg400:-2 
Execute         get_default_platform 
Execute         license_isbetapart xc7z020 
Command         license_isbetapart done; error code: 1; 
Execute         get_default_platform 
Execute         config_chip_info -quiet -resource  {SLICE 13300}  {LUT 53200}     {FF 106400} {DSP48E 220}   {BRAM 280}  
Execute         config_chip_info -quiet -speed medium 
Execute       add_library xilinx/zynq/zynq_fpv6 
Execute         get_default_platform 
INFO: [HLS 200-10] Setting target device to 'xc7z020clg400-2'
Execute       get_default_platform 
Execute     get_default_platform 
Execute     config_chip_info -quiet -resource  {SLICE 13300}  {LUT 53200}     {FF 106400} {DSP48E 220}   {BRAM 280}  
Execute     config_chip_info -quiet -speed medium 
Command   open_solution done; 0.163 sec.
Execute   csim_design -quiet 
INFO: [SIM 211-2] *************** CSIM start ***************
INFO: [SIM 211-4] CSIM will launch GCC as the compiler.
Execute     source csim/.lst_opt.tcl 
Execute     is_encrypted D:/Xilinx/Project/LSTM/lstm_hls/dynamic_quant/dyn_quant/src/main.cpp 
Execute     is_xip D:/Xilinx/Project/LSTM/lstm_hls/dynamic_quant/dyn_quant/src/main.cpp 
Execute     is_encrypted D:/Xilinx/Project/LSTM/lstm_hls/dynamic_quant/dyn_quant/src/test_mixed_precision_lstm.cpp 
Execute     is_xip D:/Xilinx/Project/LSTM/lstm_hls/dynamic_quant/dyn_quant/src/test_mixed_precision_lstm.cpp 
Execute     is_encrypted D:/Xilinx/Project/LSTM/lstm_hls/dynamic_quant/dyn_quant/src/fixed_lstm.cpp 
Execute     is_xip D:/Xilinx/Project/LSTM/lstm_hls/dynamic_quant/dyn_quant/src/fixed_lstm.cpp 
Execute     is_encrypted D:/Xilinx/Project/LSTM/lstm_hls/dynamic_quant/dyn_quant/src/fixed_lstm.h 
Execute     is_xip D:/Xilinx/Project/LSTM/lstm_hls/dynamic_quant/dyn_quant/src/fixed_lstm.h 
Execute     is_encrypted D:/Xilinx/Project/LSTM/lstm_hls/dynamic_quant/dyn_quant/src/infer_fixed.cpp 
Execute     is_xip D:/Xilinx/Project/LSTM/lstm_hls/dynamic_quant/dyn_quant/src/infer_fixed.cpp 
Execute     is_encrypted D:/Xilinx/Project/LSTM/lstm_hls/dynamic_quant/dyn_quant/src/utils.h 
Execute     is_xip D:/Xilinx/Project/LSTM/lstm_hls/dynamic_quant/dyn_quant/src/utils.h 
Execute     is_encrypted D:/Xilinx/Project/LSTM/lstm_hls/dynamic_quant/dyn_quant/src/weight.cpp 
Execute     is_xip D:/Xilinx/Project/LSTM/lstm_hls/dynamic_quant/dyn_quant/src/weight.cpp 
Execute     get_default_platform 
Execute     source run_sim.tcl 
Command     ap_source done; 0.861 sec.
INFO: [SIM 211-1] CSim done with 0 errors.
INFO: [SIM 211-3] *************** CSIM finish ***************
Command   csim_design done; 6.43 sec.
Command ap_source done; 6.598 sec.
Execute cleanup_all 
INFO-FLOW: Workspace D:/Xilinx/Project/LSTM/lstm_hls/dynamic_quant/dyn_quant/solution1 opened at Fri Apr 04 18:23:57 +0800 2025
Execute     config_clock -quiet -name default -period 10 -default=false 
INFO: [SYN 201-201] Setting up clock 'default' with a period of 10ns.
Execute     open_platform DefaultPlatform 
Execute     import_lib D:/Xilinx/Vivado/2018.3/common/technology/xilinx/zynq/zynq 
Execute       source D:/Xilinx/Vivado/2018.3/common/technology/xilinx/common/xilinx.lib 
Execute         source D:/Xilinx/Vivado/2018.3/common/technology/xilinx/interface/xilinx_interface.lib 
Execute           source D:/Xilinx/Vivado/2018.3/common/technology/xilinx/interface/plb46.lib 
Execute           source D:/Xilinx/Vivado/2018.3/common/technology/xilinx/interface/fsl.lib 
Execute           source D:/Xilinx/Vivado/2018.3/common/technology/xilinx/interface/axi4.lib 
Execute           source D:/Xilinx/Vivado/2018.3/common/technology/xilinx/interface/maxi.lib 
Execute           source D:/Xilinx/Vivado/2018.3/common/technology/xilinx/interface/saxilite.lib 
Execute         source D:/Xilinx/Vivado/2018.3/common/technology/xilinx/common/dsp48.lib 
Execute         source D:/Xilinx/Vivado/2018.3/common/technology/xilinx/ip/dds_compiler.lib 
Execute         source D:/Xilinx/Vivado/2018.3/common/technology/xilinx/ip/xfft.lib 
Execute         source D:/Xilinx/Vivado/2018.3/common/technology/xilinx/ip/xfir.lib 
Execute       source D:/Xilinx/Vivado/2018.3/common/technology/xilinx/common/xilinx_old.lib 
Execute       source D:/Xilinx/Vivado/2018.3/common/technology/xilinx/common/xilinx_vivado.lib 
Execute       source D:/Xilinx/Vivado/2018.3/common/technology/xilinx/common/xilinx.hlp 
Execute         source D:/Xilinx/Vivado/2018.3/common/technology/xilinx/common/target_info.tcl 
Execute         source D:/Xilinx/Vivado/2018.3/common/technology/xilinx/interface/xilinx_interface.hlp 
Execute           source D:/Xilinx/Vivado/2018.3/common/technology/xilinx/interface/maxi.hlp 
Execute           source D:/Xilinx/Vivado/2018.3/common/technology/xilinx/interface/saxilite.hlp 
Execute         source D:/Xilinx/Vivado/2018.3/common/technology/xilinx/common/dsp48.hlp 
Execute       source D:/Xilinx/Vivado/2018.3/common/technology/xilinx/zynq/dsp48e1.hlp 
Execute       get_default_platform 
Execute       config_chip_info -quiet -resource  {SLICE 13300}  {LUT 53200}     {FF 106400} {DSP48E 220}   {BRAM 280}  
Execute       config_chip_info -quiet -speed medium 
Execute       source D:/Xilinx/Vivado/2018.3/common/technology/xilinx/common/xilinx.hlp 
Execute         source D:/Xilinx/Vivado/2018.3/common/technology/xilinx/common/target_info.tcl 
Execute         source D:/Xilinx/Vivado/2018.3/common/technology/xilinx/interface/xilinx_interface.hlp 
Execute           source D:/Xilinx/Vivado/2018.3/common/technology/xilinx/interface/maxi.hlp 
Execute           source D:/Xilinx/Vivado/2018.3/common/technology/xilinx/interface/saxilite.hlp 
Execute         source D:/Xilinx/Vivado/2018.3/common/technology/xilinx/common/dsp48.hlp 
Execute     source D:/Xilinx/Vivado/2018.3/common/technology/xilinx/zynq/zynq.gen 
Execute       source D:/Xilinx/Vivado/2018.3/common/technology/xilinx/common/virtex.gen 
Execute         source D:/Xilinx/Vivado/2018.3/common/technology/xilinx/common/xilinx.gen 
Execute           source D:/Xilinx/Vivado/2018.3/common/technology/xilinx/interface/plb46.gen 
Execute           source D:/Xilinx/Vivado/2018.3/common/technology/xilinx/interface/fsl.gen 
Execute           source D:/Xilinx/Vivado/2018.3/common/technology/xilinx/interface/axi4.gen 
Execute           source D:/Xilinx/Vivado/2018.3/common/technology/xilinx/interface/nativeAXI4.gen 
Execute             source D:/Xilinx/Vivado/2018.3/common/technology/xilinx/interface/saxilite.gen 
Execute             source D:/Xilinx/Vivado/2018.3/common/technology/xilinx/interface/maxi.gen 
Execute           source D:/Xilinx/Vivado/2018.3/common/technology/xilinx/scripts/xilinxcoregen.gen 
Execute           source D:/Xilinx/Vivado/2018.3/common/technology/xilinx/interface/XilEDKCoreGen.gen 
Execute           source D:/Xilinx/Vivado/2018.3/common/technology/xilinx/ip/dds_compiler.gen 
Execute           source D:/Xilinx/Vivado/2018.3/common/technology/xilinx/ip/util.gen 
Execute           source D:/Xilinx/Vivado/2018.3/common/technology/xilinx/ip/xfft.gen 
Execute           source D:/Xilinx/Vivado/2018.3/common/technology/xilinx/ip/xfir.gen 
Execute         source D:/Xilinx/Vivado/2018.3/common/technology/xilinx/common/dsp48.gen 
Execute     open_platform DefaultPlatform 
Execute     import_lib D:/Xilinx/Vivado/2018.3/common/technology/xilinx/zynq/zynq_fpv6 
Execute       source D:/Xilinx/Vivado/2018.3/common/technology/xilinx/common/xilinx_fpv7.lib 
Execute         source D:/Xilinx/Vivado/2018.3/common/technology/xilinx/common/xilinx_hp.lib 
Execute       source D:/Xilinx/Vivado/2018.3/common/technology/xilinx/common/xilinx_fpv.hlp 
Execute         source D:/Xilinx/Vivado/2018.3/common/technology/xilinx/common/xilinx.hlp 
Execute           source D:/Xilinx/Vivado/2018.3/common/technology/xilinx/common/target_info.tcl 
Execute           source D:/Xilinx/Vivado/2018.3/common/technology/xilinx/interface/xilinx_interface.hlp 
Execute             source D:/Xilinx/Vivado/2018.3/common/technology/xilinx/interface/maxi.hlp 
Execute             source D:/Xilinx/Vivado/2018.3/common/technology/xilinx/interface/saxilite.hlp 
Execute           source D:/Xilinx/Vivado/2018.3/common/technology/xilinx/common/dsp48.hlp 
Execute       source D:/Xilinx/Vivado/2018.3/common/technology/xilinx/zynq/zynq_hp.hlp 
Execute     source D:/Xilinx/Vivado/2018.3/common/technology/xilinx/zynq/zynq_fpv6.gen 
Execute       source D:/Xilinx/Vivado/2018.3/common/technology/xilinx/common/xilinx_fpv6.gen 
Execute     set_part xc7z020clg400-2 
Execute       add_library xilinx/zynq/zynq:xc7z020:clg400:-2 
Execute         get_default_platform 
Execute         license_isbetapart xc7z020 
Command         license_isbetapart done; error code: 1; 
Execute         get_default_platform 
Execute         config_chip_info -quiet -resource  {SLICE 13300}  {LUT 53200}     {FF 106400} {DSP48E 220}   {BRAM 280}  
Execute         config_chip_info -quiet -speed medium 
Execute       add_library xilinx/zynq/zynq_fpv6 
Execute         get_default_platform 
INFO: [HLS 200-10] Setting target device to 'xc7z020clg400-2'
Execute       get_default_platform 
Execute     get_default_platform 
Execute     config_chip_info -quiet -resource  {SLICE 13300}  {LUT 53200}     {FF 106400} {DSP48E 220}   {BRAM 280}  
Execute     config_chip_info -quiet -speed medium 
Command   open_solution done; 0.158 sec.
Execute   csim_design -quiet 
INFO: [SIM 211-2] *************** CSIM start ***************
INFO: [SIM 211-4] CSIM will launch GCC as the compiler.
Execute     source csim/.lst_opt.tcl 
Execute     is_encrypted D:/Xilinx/Project/LSTM/lstm_hls/dynamic_quant/dyn_quant/src/main.cpp 
Execute     is_xip D:/Xilinx/Project/LSTM/lstm_hls/dynamic_quant/dyn_quant/src/main.cpp 
Execute     is_encrypted D:/Xilinx/Project/LSTM/lstm_hls/dynamic_quant/dyn_quant/src/test_mixed_precision_lstm.cpp 
Execute     is_xip D:/Xilinx/Project/LSTM/lstm_hls/dynamic_quant/dyn_quant/src/test_mixed_precision_lstm.cpp 
Execute     is_encrypted D:/Xilinx/Project/LSTM/lstm_hls/dynamic_quant/dyn_quant/src/fixed_lstm.cpp 
Execute     is_xip D:/Xilinx/Project/LSTM/lstm_hls/dynamic_quant/dyn_quant/src/fixed_lstm.cpp 
Execute     is_encrypted D:/Xilinx/Project/LSTM/lstm_hls/dynamic_quant/dyn_quant/src/fixed_lstm.h 
Execute     is_xip D:/Xilinx/Project/LSTM/lstm_hls/dynamic_quant/dyn_quant/src/fixed_lstm.h 
Execute     is_encrypted D:/Xilinx/Project/LSTM/lstm_hls/dynamic_quant/dyn_quant/src/infer_fixed.cpp 
Execute     is_xip D:/Xilinx/Project/LSTM/lstm_hls/dynamic_quant/dyn_quant/src/infer_fixed.cpp 
Execute     is_encrypted D:/Xilinx/Project/LSTM/lstm_hls/dynamic_quant/dyn_quant/src/utils.h 
Execute     is_xip D:/Xilinx/Project/LSTM/lstm_hls/dynamic_quant/dyn_quant/src/utils.h 
Execute     is_encrypted D:/Xilinx/Project/LSTM/lstm_hls/dynamic_quant/dyn_quant/src/weight.cpp 
Execute     is_xip D:/Xilinx/Project/LSTM/lstm_hls/dynamic_quant/dyn_quant/src/weight.cpp 
Execute     get_default_platform 
Execute     source run_sim.tcl 
Command     ap_source done; 1.382 sec.
INFO: [SIM 211-1] CSim done with 0 errors.
INFO: [SIM 211-3] *************** CSIM finish ***************
Command   csim_design done; 11.372 sec.
Command ap_source done; 11.535 sec.
Execute cleanup_all 
INFO-FLOW: Workspace D:/Xilinx/Project/LSTM/lstm_hls/dynamic_quant/dyn_quant/solution1 opened at Fri Apr 04 18:28:56 +0800 2025
Execute     config_clock -quiet -name default -period 10 -default=false 
INFO: [SYN 201-201] Setting up clock 'default' with a period of 10ns.
Execute     open_platform DefaultPlatform 
Execute     import_lib D:/Xilinx/Vivado/2018.3/common/technology/xilinx/zynq/zynq 
Execute       source D:/Xilinx/Vivado/2018.3/common/technology/xilinx/common/xilinx.lib 
Execute         source D:/Xilinx/Vivado/2018.3/common/technology/xilinx/interface/xilinx_interface.lib 
Execute           source D:/Xilinx/Vivado/2018.3/common/technology/xilinx/interface/plb46.lib 
Execute           source D:/Xilinx/Vivado/2018.3/common/technology/xilinx/interface/fsl.lib 
Execute           source D:/Xilinx/Vivado/2018.3/common/technology/xilinx/interface/axi4.lib 
Execute           source D:/Xilinx/Vivado/2018.3/common/technology/xilinx/interface/maxi.lib 
Execute           source D:/Xilinx/Vivado/2018.3/common/technology/xilinx/interface/saxilite.lib 
Execute         source D:/Xilinx/Vivado/2018.3/common/technology/xilinx/common/dsp48.lib 
Execute         source D:/Xilinx/Vivado/2018.3/common/technology/xilinx/ip/dds_compiler.lib 
Execute         source D:/Xilinx/Vivado/2018.3/common/technology/xilinx/ip/xfft.lib 
Execute         source D:/Xilinx/Vivado/2018.3/common/technology/xilinx/ip/xfir.lib 
Execute       source D:/Xilinx/Vivado/2018.3/common/technology/xilinx/common/xilinx_old.lib 
Execute       source D:/Xilinx/Vivado/2018.3/common/technology/xilinx/common/xilinx_vivado.lib 
Execute       source D:/Xilinx/Vivado/2018.3/common/technology/xilinx/common/xilinx.hlp 
Execute         source D:/Xilinx/Vivado/2018.3/common/technology/xilinx/common/target_info.tcl 
Execute         source D:/Xilinx/Vivado/2018.3/common/technology/xilinx/interface/xilinx_interface.hlp 
Execute           source D:/Xilinx/Vivado/2018.3/common/technology/xilinx/interface/maxi.hlp 
Execute           source D:/Xilinx/Vivado/2018.3/common/technology/xilinx/interface/saxilite.hlp 
Execute         source D:/Xilinx/Vivado/2018.3/common/technology/xilinx/common/dsp48.hlp 
Execute       source D:/Xilinx/Vivado/2018.3/common/technology/xilinx/zynq/dsp48e1.hlp 
Execute       get_default_platform 
Execute       config_chip_info -quiet -resource  {SLICE 13300}  {LUT 53200}     {FF 106400} {DSP48E 220}   {BRAM 280}  
Execute       config_chip_info -quiet -speed medium 
Execute       source D:/Xilinx/Vivado/2018.3/common/technology/xilinx/common/xilinx.hlp 
Execute         source D:/Xilinx/Vivado/2018.3/common/technology/xilinx/common/target_info.tcl 
Execute         source D:/Xilinx/Vivado/2018.3/common/technology/xilinx/interface/xilinx_interface.hlp 
Execute           source D:/Xilinx/Vivado/2018.3/common/technology/xilinx/interface/maxi.hlp 
Execute           source D:/Xilinx/Vivado/2018.3/common/technology/xilinx/interface/saxilite.hlp 
Execute         source D:/Xilinx/Vivado/2018.3/common/technology/xilinx/common/dsp48.hlp 
Execute     source D:/Xilinx/Vivado/2018.3/common/technology/xilinx/zynq/zynq.gen 
Execute       source D:/Xilinx/Vivado/2018.3/common/technology/xilinx/common/virtex.gen 
Execute         source D:/Xilinx/Vivado/2018.3/common/technology/xilinx/common/xilinx.gen 
Execute           source D:/Xilinx/Vivado/2018.3/common/technology/xilinx/interface/plb46.gen 
Execute           source D:/Xilinx/Vivado/2018.3/common/technology/xilinx/interface/fsl.gen 
Execute           source D:/Xilinx/Vivado/2018.3/common/technology/xilinx/interface/axi4.gen 
Execute           source D:/Xilinx/Vivado/2018.3/common/technology/xilinx/interface/nativeAXI4.gen 
Execute             source D:/Xilinx/Vivado/2018.3/common/technology/xilinx/interface/saxilite.gen 
Execute             source D:/Xilinx/Vivado/2018.3/common/technology/xilinx/interface/maxi.gen 
Execute           source D:/Xilinx/Vivado/2018.3/common/technology/xilinx/scripts/xilinxcoregen.gen 
Execute           source D:/Xilinx/Vivado/2018.3/common/technology/xilinx/interface/XilEDKCoreGen.gen 
Execute           source D:/Xilinx/Vivado/2018.3/common/technology/xilinx/ip/dds_compiler.gen 
Execute           source D:/Xilinx/Vivado/2018.3/common/technology/xilinx/ip/util.gen 
Execute           source D:/Xilinx/Vivado/2018.3/common/technology/xilinx/ip/xfft.gen 
Execute           source D:/Xilinx/Vivado/2018.3/common/technology/xilinx/ip/xfir.gen 
Execute         source D:/Xilinx/Vivado/2018.3/common/technology/xilinx/common/dsp48.gen 
Execute     open_platform DefaultPlatform 
Execute     import_lib D:/Xilinx/Vivado/2018.3/common/technology/xilinx/zynq/zynq_fpv6 
Execute       source D:/Xilinx/Vivado/2018.3/common/technology/xilinx/common/xilinx_fpv7.lib 
Execute         source D:/Xilinx/Vivado/2018.3/common/technology/xilinx/common/xilinx_hp.lib 
Execute       source D:/Xilinx/Vivado/2018.3/common/technology/xilinx/common/xilinx_fpv.hlp 
Execute         source D:/Xilinx/Vivado/2018.3/common/technology/xilinx/common/xilinx.hlp 
Execute           source D:/Xilinx/Vivado/2018.3/common/technology/xilinx/common/target_info.tcl 
Execute           source D:/Xilinx/Vivado/2018.3/common/technology/xilinx/interface/xilinx_interface.hlp 
Execute             source D:/Xilinx/Vivado/2018.3/common/technology/xilinx/interface/maxi.hlp 
Execute             source D:/Xilinx/Vivado/2018.3/common/technology/xilinx/interface/saxilite.hlp 
Execute           source D:/Xilinx/Vivado/2018.3/common/technology/xilinx/common/dsp48.hlp 
Execute       source D:/Xilinx/Vivado/2018.3/common/technology/xilinx/zynq/zynq_hp.hlp 
Execute     source D:/Xilinx/Vivado/2018.3/common/technology/xilinx/zynq/zynq_fpv6.gen 
Execute       source D:/Xilinx/Vivado/2018.3/common/technology/xilinx/common/xilinx_fpv6.gen 
Execute     set_part xc7z020clg400-2 
Execute       add_library xilinx/zynq/zynq:xc7z020:clg400:-2 
Execute         get_default_platform 
Execute         license_isbetapart xc7z020 
Command         license_isbetapart done; error code: 1; 
Execute         get_default_platform 
Execute         config_chip_info -quiet -resource  {SLICE 13300}  {LUT 53200}     {FF 106400} {DSP48E 220}   {BRAM 280}  
Execute         config_chip_info -quiet -speed medium 
Execute       add_library xilinx/zynq/zynq_fpv6 
Execute         get_default_platform 
INFO: [HLS 200-10] Setting target device to 'xc7z020clg400-2'
Execute       get_default_platform 
Execute     get_default_platform 
Execute     config_chip_info -quiet -resource  {SLICE 13300}  {LUT 53200}     {FF 106400} {DSP48E 220}   {BRAM 280}  
Execute     config_chip_info -quiet -speed medium 
Command   open_solution done; 0.153 sec.
Execute   csim_design -quiet 
INFO: [SIM 211-2] *************** CSIM start ***************
INFO: [SIM 211-4] CSIM will launch GCC as the compiler.
Execute     source csim/.lst_opt.tcl 
Execute     is_encrypted D:/Xilinx/Project/LSTM/lstm_hls/dynamic_quant/dyn_quant/src/main.cpp 
Execute     is_xip D:/Xilinx/Project/LSTM/lstm_hls/dynamic_quant/dyn_quant/src/main.cpp 
Execute     is_encrypted D:/Xilinx/Project/LSTM/lstm_hls/dynamic_quant/dyn_quant/src/test_mixed_precision_lstm.cpp 
Execute     is_xip D:/Xilinx/Project/LSTM/lstm_hls/dynamic_quant/dyn_quant/src/test_mixed_precision_lstm.cpp 
Execute     is_encrypted D:/Xilinx/Project/LSTM/lstm_hls/dynamic_quant/dyn_quant/src/fixed_lstm.cpp 
Execute     is_xip D:/Xilinx/Project/LSTM/lstm_hls/dynamic_quant/dyn_quant/src/fixed_lstm.cpp 
Execute     is_encrypted D:/Xilinx/Project/LSTM/lstm_hls/dynamic_quant/dyn_quant/src/fixed_lstm.h 
Execute     is_xip D:/Xilinx/Project/LSTM/lstm_hls/dynamic_quant/dyn_quant/src/fixed_lstm.h 
Execute     is_encrypted D:/Xilinx/Project/LSTM/lstm_hls/dynamic_quant/dyn_quant/src/infer_fixed.cpp 
Execute     is_xip D:/Xilinx/Project/LSTM/lstm_hls/dynamic_quant/dyn_quant/src/infer_fixed.cpp 
Execute     is_encrypted D:/Xilinx/Project/LSTM/lstm_hls/dynamic_quant/dyn_quant/src/utils.h 
Execute     is_xip D:/Xilinx/Project/LSTM/lstm_hls/dynamic_quant/dyn_quant/src/utils.h 
Execute     is_encrypted D:/Xilinx/Project/LSTM/lstm_hls/dynamic_quant/dyn_quant/src/weight.cpp 
Execute     is_xip D:/Xilinx/Project/LSTM/lstm_hls/dynamic_quant/dyn_quant/src/weight.cpp 
Execute     get_default_platform 
Execute     source run_sim.tcl 
Command     ap_source done; 1.126 sec.
INFO: [SIM 211-1] CSim done with 0 errors.
INFO: [SIM 211-3] *************** CSIM finish ***************
Command   csim_design done; 8.056 sec.
Command ap_source done; 8.213 sec.
Execute cleanup_all 
INFO-FLOW: Workspace D:/Xilinx/Project/LSTM/lstm_hls/dynamic_quant/dyn_quant/solution1 opened at Fri Apr 04 18:38:01 +0800 2025
Execute     config_clock -quiet -name default -period 10 -default=false 
INFO: [SYN 201-201] Setting up clock 'default' with a period of 10ns.
Execute     open_platform DefaultPlatform 
Execute     import_lib D:/Xilinx/Vivado/2018.3/common/technology/xilinx/zynq/zynq 
Execute       source D:/Xilinx/Vivado/2018.3/common/technology/xilinx/common/xilinx.lib 
Execute         source D:/Xilinx/Vivado/2018.3/common/technology/xilinx/interface/xilinx_interface.lib 
Execute           source D:/Xilinx/Vivado/2018.3/common/technology/xilinx/interface/plb46.lib 
Execute           source D:/Xilinx/Vivado/2018.3/common/technology/xilinx/interface/fsl.lib 
Execute           source D:/Xilinx/Vivado/2018.3/common/technology/xilinx/interface/axi4.lib 
Execute           source D:/Xilinx/Vivado/2018.3/common/technology/xilinx/interface/maxi.lib 
Execute           source D:/Xilinx/Vivado/2018.3/common/technology/xilinx/interface/saxilite.lib 
Execute         source D:/Xilinx/Vivado/2018.3/common/technology/xilinx/common/dsp48.lib 
Execute         source D:/Xilinx/Vivado/2018.3/common/technology/xilinx/ip/dds_compiler.lib 
Execute         source D:/Xilinx/Vivado/2018.3/common/technology/xilinx/ip/xfft.lib 
Execute         source D:/Xilinx/Vivado/2018.3/common/technology/xilinx/ip/xfir.lib 
Execute       source D:/Xilinx/Vivado/2018.3/common/technology/xilinx/common/xilinx_old.lib 
Execute       source D:/Xilinx/Vivado/2018.3/common/technology/xilinx/common/xilinx_vivado.lib 
Execute       source D:/Xilinx/Vivado/2018.3/common/technology/xilinx/common/xilinx.hlp 
Execute         source D:/Xilinx/Vivado/2018.3/common/technology/xilinx/common/target_info.tcl 
Execute         source D:/Xilinx/Vivado/2018.3/common/technology/xilinx/interface/xilinx_interface.hlp 
Execute           source D:/Xilinx/Vivado/2018.3/common/technology/xilinx/interface/maxi.hlp 
Execute           source D:/Xilinx/Vivado/2018.3/common/technology/xilinx/interface/saxilite.hlp 
Execute         source D:/Xilinx/Vivado/2018.3/common/technology/xilinx/common/dsp48.hlp 
Execute       source D:/Xilinx/Vivado/2018.3/common/technology/xilinx/zynq/dsp48e1.hlp 
Execute       get_default_platform 
Execute       config_chip_info -quiet -resource  {SLICE 13300}  {LUT 53200}     {FF 106400} {DSP48E 220}   {BRAM 280}  
Execute       config_chip_info -quiet -speed medium 
Execute       source D:/Xilinx/Vivado/2018.3/common/technology/xilinx/common/xilinx.hlp 
Execute         source D:/Xilinx/Vivado/2018.3/common/technology/xilinx/common/target_info.tcl 
Execute         source D:/Xilinx/Vivado/2018.3/common/technology/xilinx/interface/xilinx_interface.hlp 
Execute           source D:/Xilinx/Vivado/2018.3/common/technology/xilinx/interface/maxi.hlp 
Execute           source D:/Xilinx/Vivado/2018.3/common/technology/xilinx/interface/saxilite.hlp 
Execute         source D:/Xilinx/Vivado/2018.3/common/technology/xilinx/common/dsp48.hlp 
Execute     source D:/Xilinx/Vivado/2018.3/common/technology/xilinx/zynq/zynq.gen 
Execute       source D:/Xilinx/Vivado/2018.3/common/technology/xilinx/common/virtex.gen 
Execute         source D:/Xilinx/Vivado/2018.3/common/technology/xilinx/common/xilinx.gen 
Execute           source D:/Xilinx/Vivado/2018.3/common/technology/xilinx/interface/plb46.gen 
Execute           source D:/Xilinx/Vivado/2018.3/common/technology/xilinx/interface/fsl.gen 
Execute           source D:/Xilinx/Vivado/2018.3/common/technology/xilinx/interface/axi4.gen 
Execute           source D:/Xilinx/Vivado/2018.3/common/technology/xilinx/interface/nativeAXI4.gen 
Execute             source D:/Xilinx/Vivado/2018.3/common/technology/xilinx/interface/saxilite.gen 
Execute             source D:/Xilinx/Vivado/2018.3/common/technology/xilinx/interface/maxi.gen 
Execute           source D:/Xilinx/Vivado/2018.3/common/technology/xilinx/scripts/xilinxcoregen.gen 
Execute           source D:/Xilinx/Vivado/2018.3/common/technology/xilinx/interface/XilEDKCoreGen.gen 
Execute           source D:/Xilinx/Vivado/2018.3/common/technology/xilinx/ip/dds_compiler.gen 
Execute           source D:/Xilinx/Vivado/2018.3/common/technology/xilinx/ip/util.gen 
Execute           source D:/Xilinx/Vivado/2018.3/common/technology/xilinx/ip/xfft.gen 
Execute           source D:/Xilinx/Vivado/2018.3/common/technology/xilinx/ip/xfir.gen 
Command         ap_source done; 0.11 sec.
Execute         source D:/Xilinx/Vivado/2018.3/common/technology/xilinx/common/dsp48.gen 
Command       ap_source done; 0.113 sec.
Command     ap_source done; 0.113 sec.
Execute     open_platform DefaultPlatform 
Execute     import_lib D:/Xilinx/Vivado/2018.3/common/technology/xilinx/zynq/zynq_fpv6 
Execute       source D:/Xilinx/Vivado/2018.3/common/technology/xilinx/common/xilinx_fpv7.lib 
Execute         source D:/Xilinx/Vivado/2018.3/common/technology/xilinx/common/xilinx_hp.lib 
Execute       source D:/Xilinx/Vivado/2018.3/common/technology/xilinx/common/xilinx_fpv.hlp 
Execute         source D:/Xilinx/Vivado/2018.3/common/technology/xilinx/common/xilinx.hlp 
Execute           source D:/Xilinx/Vivado/2018.3/common/technology/xilinx/common/target_info.tcl 
Execute           source D:/Xilinx/Vivado/2018.3/common/technology/xilinx/interface/xilinx_interface.hlp 
Execute             source D:/Xilinx/Vivado/2018.3/common/technology/xilinx/interface/maxi.hlp 
Execute             source D:/Xilinx/Vivado/2018.3/common/technology/xilinx/interface/saxilite.hlp 
Execute           source D:/Xilinx/Vivado/2018.3/common/technology/xilinx/common/dsp48.hlp 
Execute       source D:/Xilinx/Vivado/2018.3/common/technology/xilinx/zynq/zynq_hp.hlp 
Execute     source D:/Xilinx/Vivado/2018.3/common/technology/xilinx/zynq/zynq_fpv6.gen 
Execute       source D:/Xilinx/Vivado/2018.3/common/technology/xilinx/common/xilinx_fpv6.gen 
Execute     set_part xc7z020clg400-2 
Execute       add_library xilinx/zynq/zynq:xc7z020:clg400:-2 
Execute         get_default_platform 
Execute         license_isbetapart xc7z020 
Command         license_isbetapart done; error code: 1; 
Execute         get_default_platform 
Execute         config_chip_info -quiet -resource  {SLICE 13300}  {LUT 53200}     {FF 106400} {DSP48E 220}   {BRAM 280}  
Execute         config_chip_info -quiet -speed medium 
Execute       add_library xilinx/zynq/zynq_fpv6 
Execute         get_default_platform 
INFO: [HLS 200-10] Setting target device to 'xc7z020clg400-2'
Execute       get_default_platform 
Execute     get_default_platform 
Execute     config_chip_info -quiet -resource  {SLICE 13300}  {LUT 53200}     {FF 106400} {DSP48E 220}   {BRAM 280}  
Execute     config_chip_info -quiet -speed medium 
Command   open_solution done; 0.194 sec.
Execute   csim_design -quiet 
INFO: [SIM 211-2] *************** CSIM start ***************
INFO: [SIM 211-4] CSIM will launch GCC as the compiler.
Execute     source csim/.lst_opt.tcl 
Execute     is_encrypted D:/Xilinx/Project/LSTM/lstm_hls/dynamic_quant/dyn_quant/src/main.cpp 
Execute     is_xip D:/Xilinx/Project/LSTM/lstm_hls/dynamic_quant/dyn_quant/src/main.cpp 
Execute     is_encrypted D:/Xilinx/Project/LSTM/lstm_hls/dynamic_quant/dyn_quant/src/test_mixed_precision_lstm.cpp 
Execute     is_xip D:/Xilinx/Project/LSTM/lstm_hls/dynamic_quant/dyn_quant/src/test_mixed_precision_lstm.cpp 
Execute     is_encrypted D:/Xilinx/Project/LSTM/lstm_hls/dynamic_quant/dyn_quant/src/fixed_lstm.cpp 
Execute     is_xip D:/Xilinx/Project/LSTM/lstm_hls/dynamic_quant/dyn_quant/src/fixed_lstm.cpp 
Execute     is_encrypted D:/Xilinx/Project/LSTM/lstm_hls/dynamic_quant/dyn_quant/src/fixed_lstm.h 
Execute     is_xip D:/Xilinx/Project/LSTM/lstm_hls/dynamic_quant/dyn_quant/src/fixed_lstm.h 
Execute     is_encrypted D:/Xilinx/Project/LSTM/lstm_hls/dynamic_quant/dyn_quant/src/infer_fixed.cpp 
Execute     is_xip D:/Xilinx/Project/LSTM/lstm_hls/dynamic_quant/dyn_quant/src/infer_fixed.cpp 
Execute     is_encrypted D:/Xilinx/Project/LSTM/lstm_hls/dynamic_quant/dyn_quant/src/utils.h 
Execute     is_xip D:/Xilinx/Project/LSTM/lstm_hls/dynamic_quant/dyn_quant/src/utils.h 
Execute     is_encrypted D:/Xilinx/Project/LSTM/lstm_hls/dynamic_quant/dyn_quant/src/weight.cpp 
Execute     is_xip D:/Xilinx/Project/LSTM/lstm_hls/dynamic_quant/dyn_quant/src/weight.cpp 
Execute     get_default_platform 
Execute     source run_sim.tcl 
Command     ap_source done; 0.936 sec.
INFO: [SIM 211-1] CSim done with 0 errors.
INFO: [SIM 211-3] *************** CSIM finish ***************
Command   csim_design done; 7.659 sec.
Command ap_source done; 7.858 sec.
Execute cleanup_all 
INFO-FLOW: Workspace D:/Xilinx/Project/LSTM/lstm_hls/dynamic_quant/dyn_quant/solution1 opened at Fri Apr 04 18:40:38 +0800 2025
Execute     config_clock -quiet -name default -period 10 -default=false 
INFO: [SYN 201-201] Setting up clock 'default' with a period of 10ns.
Execute     open_platform DefaultPlatform 
Execute     import_lib D:/Xilinx/Vivado/2018.3/common/technology/xilinx/zynq/zynq 
Execute       source D:/Xilinx/Vivado/2018.3/common/technology/xilinx/common/xilinx.lib 
Execute         source D:/Xilinx/Vivado/2018.3/common/technology/xilinx/interface/xilinx_interface.lib 
Execute           source D:/Xilinx/Vivado/2018.3/common/technology/xilinx/interface/plb46.lib 
Execute           source D:/Xilinx/Vivado/2018.3/common/technology/xilinx/interface/fsl.lib 
Execute           source D:/Xilinx/Vivado/2018.3/common/technology/xilinx/interface/axi4.lib 
Execute           source D:/Xilinx/Vivado/2018.3/common/technology/xilinx/interface/maxi.lib 
Execute           source D:/Xilinx/Vivado/2018.3/common/technology/xilinx/interface/saxilite.lib 
Execute         source D:/Xilinx/Vivado/2018.3/common/technology/xilinx/common/dsp48.lib 
Execute         source D:/Xilinx/Vivado/2018.3/common/technology/xilinx/ip/dds_compiler.lib 
Execute         source D:/Xilinx/Vivado/2018.3/common/technology/xilinx/ip/xfft.lib 
Execute         source D:/Xilinx/Vivado/2018.3/common/technology/xilinx/ip/xfir.lib 
Execute       source D:/Xilinx/Vivado/2018.3/common/technology/xilinx/common/xilinx_old.lib 
Execute       source D:/Xilinx/Vivado/2018.3/common/technology/xilinx/common/xilinx_vivado.lib 
Execute       source D:/Xilinx/Vivado/2018.3/common/technology/xilinx/common/xilinx.hlp 
Execute         source D:/Xilinx/Vivado/2018.3/common/technology/xilinx/common/target_info.tcl 
Execute         source D:/Xilinx/Vivado/2018.3/common/technology/xilinx/interface/xilinx_interface.hlp 
Execute           source D:/Xilinx/Vivado/2018.3/common/technology/xilinx/interface/maxi.hlp 
Execute           source D:/Xilinx/Vivado/2018.3/common/technology/xilinx/interface/saxilite.hlp 
Execute         source D:/Xilinx/Vivado/2018.3/common/technology/xilinx/common/dsp48.hlp 
Execute       source D:/Xilinx/Vivado/2018.3/common/technology/xilinx/zynq/dsp48e1.hlp 
Execute       get_default_platform 
Execute       config_chip_info -quiet -resource  {SLICE 13300}  {LUT 53200}     {FF 106400} {DSP48E 220}   {BRAM 280}  
Execute       config_chip_info -quiet -speed medium 
Execute       source D:/Xilinx/Vivado/2018.3/common/technology/xilinx/common/xilinx.hlp 
Execute         source D:/Xilinx/Vivado/2018.3/common/technology/xilinx/common/target_info.tcl 
Execute         source D:/Xilinx/Vivado/2018.3/common/technology/xilinx/interface/xilinx_interface.hlp 
Execute           source D:/Xilinx/Vivado/2018.3/common/technology/xilinx/interface/maxi.hlp 
Execute           source D:/Xilinx/Vivado/2018.3/common/technology/xilinx/interface/saxilite.hlp 
Execute         source D:/Xilinx/Vivado/2018.3/common/technology/xilinx/common/dsp48.hlp 
Execute     source D:/Xilinx/Vivado/2018.3/common/technology/xilinx/zynq/zynq.gen 
Execute       source D:/Xilinx/Vivado/2018.3/common/technology/xilinx/common/virtex.gen 
Execute         source D:/Xilinx/Vivado/2018.3/common/technology/xilinx/common/xilinx.gen 
Execute           source D:/Xilinx/Vivado/2018.3/common/technology/xilinx/interface/plb46.gen 
Execute           source D:/Xilinx/Vivado/2018.3/common/technology/xilinx/interface/fsl.gen 
Execute           source D:/Xilinx/Vivado/2018.3/common/technology/xilinx/interface/axi4.gen 
Execute           source D:/Xilinx/Vivado/2018.3/common/technology/xilinx/interface/nativeAXI4.gen 
Execute             source D:/Xilinx/Vivado/2018.3/common/technology/xilinx/interface/saxilite.gen 
Execute             source D:/Xilinx/Vivado/2018.3/common/technology/xilinx/interface/maxi.gen 
Execute           source D:/Xilinx/Vivado/2018.3/common/technology/xilinx/scripts/xilinxcoregen.gen 
Execute           source D:/Xilinx/Vivado/2018.3/common/technology/xilinx/interface/XilEDKCoreGen.gen 
Execute           source D:/Xilinx/Vivado/2018.3/common/technology/xilinx/ip/dds_compiler.gen 
Execute           source D:/Xilinx/Vivado/2018.3/common/technology/xilinx/ip/util.gen 
Execute           source D:/Xilinx/Vivado/2018.3/common/technology/xilinx/ip/xfft.gen 
Execute           source D:/Xilinx/Vivado/2018.3/common/technology/xilinx/ip/xfir.gen 
Execute         source D:/Xilinx/Vivado/2018.3/common/technology/xilinx/common/dsp48.gen 
Execute     open_platform DefaultPlatform 
Execute     import_lib D:/Xilinx/Vivado/2018.3/common/technology/xilinx/zynq/zynq_fpv6 
Execute       source D:/Xilinx/Vivado/2018.3/common/technology/xilinx/common/xilinx_fpv7.lib 
Execute         source D:/Xilinx/Vivado/2018.3/common/technology/xilinx/common/xilinx_hp.lib 
Execute       source D:/Xilinx/Vivado/2018.3/common/technology/xilinx/common/xilinx_fpv.hlp 
Execute         source D:/Xilinx/Vivado/2018.3/common/technology/xilinx/common/xilinx.hlp 
Execute           source D:/Xilinx/Vivado/2018.3/common/technology/xilinx/common/target_info.tcl 
Execute           source D:/Xilinx/Vivado/2018.3/common/technology/xilinx/interface/xilinx_interface.hlp 
Execute             source D:/Xilinx/Vivado/2018.3/common/technology/xilinx/interface/maxi.hlp 
Execute             source D:/Xilinx/Vivado/2018.3/common/technology/xilinx/interface/saxilite.hlp 
Execute           source D:/Xilinx/Vivado/2018.3/common/technology/xilinx/common/dsp48.hlp 
Execute       source D:/Xilinx/Vivado/2018.3/common/technology/xilinx/zynq/zynq_hp.hlp 
Execute     source D:/Xilinx/Vivado/2018.3/common/technology/xilinx/zynq/zynq_fpv6.gen 
Execute       source D:/Xilinx/Vivado/2018.3/common/technology/xilinx/common/xilinx_fpv6.gen 
Execute     set_part xc7z020clg400-2 
Execute       add_library xilinx/zynq/zynq:xc7z020:clg400:-2 
Execute         get_default_platform 
Execute         license_isbetapart xc7z020 
Command         license_isbetapart done; error code: 1; 
Execute         get_default_platform 
Execute         config_chip_info -quiet -resource  {SLICE 13300}  {LUT 53200}     {FF 106400} {DSP48E 220}   {BRAM 280}  
Execute         config_chip_info -quiet -speed medium 
Execute       add_library xilinx/zynq/zynq_fpv6 
Execute         get_default_platform 
INFO: [HLS 200-10] Setting target device to 'xc7z020clg400-2'
Execute       get_default_platform 
Execute     get_default_platform 
Execute     config_chip_info -quiet -resource  {SLICE 13300}  {LUT 53200}     {FF 106400} {DSP48E 220}   {BRAM 280}  
Execute     config_chip_info -quiet -speed medium 
Command   open_solution done; 0.159 sec.
Execute   csim_design -quiet 
INFO: [SIM 211-2] *************** CSIM start ***************
INFO: [SIM 211-4] CSIM will launch GCC as the compiler.
Execute     source csim/.lst_opt.tcl 
Execute     is_encrypted D:/Xilinx/Project/LSTM/lstm_hls/dynamic_quant/dyn_quant/src/main.cpp 
Execute     is_xip D:/Xilinx/Project/LSTM/lstm_hls/dynamic_quant/dyn_quant/src/main.cpp 
Execute     is_encrypted D:/Xilinx/Project/LSTM/lstm_hls/dynamic_quant/dyn_quant/src/test_mixed_precision_lstm.cpp 
Execute     is_xip D:/Xilinx/Project/LSTM/lstm_hls/dynamic_quant/dyn_quant/src/test_mixed_precision_lstm.cpp 
Execute     is_encrypted D:/Xilinx/Project/LSTM/lstm_hls/dynamic_quant/dyn_quant/src/fixed_lstm.cpp 
Execute     is_xip D:/Xilinx/Project/LSTM/lstm_hls/dynamic_quant/dyn_quant/src/fixed_lstm.cpp 
Execute     is_encrypted D:/Xilinx/Project/LSTM/lstm_hls/dynamic_quant/dyn_quant/src/fixed_lstm.h 
Execute     is_xip D:/Xilinx/Project/LSTM/lstm_hls/dynamic_quant/dyn_quant/src/fixed_lstm.h 
Execute     is_encrypted D:/Xilinx/Project/LSTM/lstm_hls/dynamic_quant/dyn_quant/src/infer_fixed.cpp 
Execute     is_xip D:/Xilinx/Project/LSTM/lstm_hls/dynamic_quant/dyn_quant/src/infer_fixed.cpp 
Execute     is_encrypted D:/Xilinx/Project/LSTM/lstm_hls/dynamic_quant/dyn_quant/src/utils.h 
Execute     is_xip D:/Xilinx/Project/LSTM/lstm_hls/dynamic_quant/dyn_quant/src/utils.h 
Execute     is_encrypted D:/Xilinx/Project/LSTM/lstm_hls/dynamic_quant/dyn_quant/src/weight.cpp 
Execute     is_xip D:/Xilinx/Project/LSTM/lstm_hls/dynamic_quant/dyn_quant/src/weight.cpp 
Execute     get_default_platform 
ERROR: [SIM 211-100] 'csim_design' failed: compilation error(s).
INFO: [SIM 211-3] *************** CSIM finish ***************
Command   csim_design done; error code: 2; 8.129 sec.
Command ap_source done; error code: 1; 8.292 sec.
Execute cleanup_all 
INFO-FLOW: Workspace D:/Xilinx/Project/LSTM/lstm_hls/dynamic_quant/dyn_quant/solution1 opened at Fri Apr 04 18:41:46 +0800 2025
Execute     config_clock -quiet -name default -period 10 -default=false 
INFO: [SYN 201-201] Setting up clock 'default' with a period of 10ns.
Execute     open_platform DefaultPlatform 
Execute     import_lib D:/Xilinx/Vivado/2018.3/common/technology/xilinx/zynq/zynq 
Execute       source D:/Xilinx/Vivado/2018.3/common/technology/xilinx/common/xilinx.lib 
Execute         source D:/Xilinx/Vivado/2018.3/common/technology/xilinx/interface/xilinx_interface.lib 
Execute           source D:/Xilinx/Vivado/2018.3/common/technology/xilinx/interface/plb46.lib 
Execute           source D:/Xilinx/Vivado/2018.3/common/technology/xilinx/interface/fsl.lib 
Execute           source D:/Xilinx/Vivado/2018.3/common/technology/xilinx/interface/axi4.lib 
Execute           source D:/Xilinx/Vivado/2018.3/common/technology/xilinx/interface/maxi.lib 
Execute           source D:/Xilinx/Vivado/2018.3/common/technology/xilinx/interface/saxilite.lib 
Execute         source D:/Xilinx/Vivado/2018.3/common/technology/xilinx/common/dsp48.lib 
Execute         source D:/Xilinx/Vivado/2018.3/common/technology/xilinx/ip/dds_compiler.lib 
Execute         source D:/Xilinx/Vivado/2018.3/common/technology/xilinx/ip/xfft.lib 
Execute         source D:/Xilinx/Vivado/2018.3/common/technology/xilinx/ip/xfir.lib 
Execute       source D:/Xilinx/Vivado/2018.3/common/technology/xilinx/common/xilinx_old.lib 
Execute       source D:/Xilinx/Vivado/2018.3/common/technology/xilinx/common/xilinx_vivado.lib 
Execute       source D:/Xilinx/Vivado/2018.3/common/technology/xilinx/common/xilinx.hlp 
Execute         source D:/Xilinx/Vivado/2018.3/common/technology/xilinx/common/target_info.tcl 
Execute         source D:/Xilinx/Vivado/2018.3/common/technology/xilinx/interface/xilinx_interface.hlp 
Execute           source D:/Xilinx/Vivado/2018.3/common/technology/xilinx/interface/maxi.hlp 
Execute           source D:/Xilinx/Vivado/2018.3/common/technology/xilinx/interface/saxilite.hlp 
Execute         source D:/Xilinx/Vivado/2018.3/common/technology/xilinx/common/dsp48.hlp 
Execute       source D:/Xilinx/Vivado/2018.3/common/technology/xilinx/zynq/dsp48e1.hlp 
Execute       get_default_platform 
Execute       config_chip_info -quiet -resource  {SLICE 13300}  {LUT 53200}     {FF 106400} {DSP48E 220}   {BRAM 280}  
Execute       config_chip_info -quiet -speed medium 
Execute       source D:/Xilinx/Vivado/2018.3/common/technology/xilinx/common/xilinx.hlp 
Execute         source D:/Xilinx/Vivado/2018.3/common/technology/xilinx/common/target_info.tcl 
Execute         source D:/Xilinx/Vivado/2018.3/common/technology/xilinx/interface/xilinx_interface.hlp 
Execute           source D:/Xilinx/Vivado/2018.3/common/technology/xilinx/interface/maxi.hlp 
Execute           source D:/Xilinx/Vivado/2018.3/common/technology/xilinx/interface/saxilite.hlp 
Execute         source D:/Xilinx/Vivado/2018.3/common/technology/xilinx/common/dsp48.hlp 
Execute     source D:/Xilinx/Vivado/2018.3/common/technology/xilinx/zynq/zynq.gen 
Execute       source D:/Xilinx/Vivado/2018.3/common/technology/xilinx/common/virtex.gen 
Execute         source D:/Xilinx/Vivado/2018.3/common/technology/xilinx/common/xilinx.gen 
Execute           source D:/Xilinx/Vivado/2018.3/common/technology/xilinx/interface/plb46.gen 
Execute           source D:/Xilinx/Vivado/2018.3/common/technology/xilinx/interface/fsl.gen 
Execute           source D:/Xilinx/Vivado/2018.3/common/technology/xilinx/interface/axi4.gen 
Execute           source D:/Xilinx/Vivado/2018.3/common/technology/xilinx/interface/nativeAXI4.gen 
Execute             source D:/Xilinx/Vivado/2018.3/common/technology/xilinx/interface/saxilite.gen 
Execute             source D:/Xilinx/Vivado/2018.3/common/technology/xilinx/interface/maxi.gen 
Execute           source D:/Xilinx/Vivado/2018.3/common/technology/xilinx/scripts/xilinxcoregen.gen 
Execute           source D:/Xilinx/Vivado/2018.3/common/technology/xilinx/interface/XilEDKCoreGen.gen 
Execute           source D:/Xilinx/Vivado/2018.3/common/technology/xilinx/ip/dds_compiler.gen 
Execute           source D:/Xilinx/Vivado/2018.3/common/technology/xilinx/ip/util.gen 
Execute           source D:/Xilinx/Vivado/2018.3/common/technology/xilinx/ip/xfft.gen 
Execute           source D:/Xilinx/Vivado/2018.3/common/technology/xilinx/ip/xfir.gen 
Execute         source D:/Xilinx/Vivado/2018.3/common/technology/xilinx/common/dsp48.gen 
Execute     open_platform DefaultPlatform 
Execute     import_lib D:/Xilinx/Vivado/2018.3/common/technology/xilinx/zynq/zynq_fpv6 
Execute       source D:/Xilinx/Vivado/2018.3/common/technology/xilinx/common/xilinx_fpv7.lib 
Execute         source D:/Xilinx/Vivado/2018.3/common/technology/xilinx/common/xilinx_hp.lib 
Execute       source D:/Xilinx/Vivado/2018.3/common/technology/xilinx/common/xilinx_fpv.hlp 
Execute         source D:/Xilinx/Vivado/2018.3/common/technology/xilinx/common/xilinx.hlp 
Execute           source D:/Xilinx/Vivado/2018.3/common/technology/xilinx/common/target_info.tcl 
Execute           source D:/Xilinx/Vivado/2018.3/common/technology/xilinx/interface/xilinx_interface.hlp 
Execute             source D:/Xilinx/Vivado/2018.3/common/technology/xilinx/interface/maxi.hlp 
Execute             source D:/Xilinx/Vivado/2018.3/common/technology/xilinx/interface/saxilite.hlp 
Execute           source D:/Xilinx/Vivado/2018.3/common/technology/xilinx/common/dsp48.hlp 
Execute       source D:/Xilinx/Vivado/2018.3/common/technology/xilinx/zynq/zynq_hp.hlp 
Execute     source D:/Xilinx/Vivado/2018.3/common/technology/xilinx/zynq/zynq_fpv6.gen 
Execute       source D:/Xilinx/Vivado/2018.3/common/technology/xilinx/common/xilinx_fpv6.gen 
Execute     set_part xc7z020clg400-2 
Execute       add_library xilinx/zynq/zynq:xc7z020:clg400:-2 
Execute         get_default_platform 
Execute         license_isbetapart xc7z020 
Command         license_isbetapart done; error code: 1; 
Execute         get_default_platform 
Execute         config_chip_info -quiet -resource  {SLICE 13300}  {LUT 53200}     {FF 106400} {DSP48E 220}   {BRAM 280}  
Execute         config_chip_info -quiet -speed medium 
Execute       add_library xilinx/zynq/zynq_fpv6 
Execute         get_default_platform 
INFO: [HLS 200-10] Setting target device to 'xc7z020clg400-2'
Execute       get_default_platform 
Execute     get_default_platform 
Execute     config_chip_info -quiet -resource  {SLICE 13300}  {LUT 53200}     {FF 106400} {DSP48E 220}   {BRAM 280}  
Execute     config_chip_info -quiet -speed medium 
Command   open_solution done; 0.183 sec.
Execute   csim_design -quiet 
INFO: [SIM 211-2] *************** CSIM start ***************
INFO: [SIM 211-4] CSIM will launch GCC as the compiler.
Execute     source csim/.lst_opt.tcl 
Execute     is_encrypted D:/Xilinx/Project/LSTM/lstm_hls/dynamic_quant/dyn_quant/src/main.cpp 
Execute     is_xip D:/Xilinx/Project/LSTM/lstm_hls/dynamic_quant/dyn_quant/src/main.cpp 
Execute     is_encrypted D:/Xilinx/Project/LSTM/lstm_hls/dynamic_quant/dyn_quant/src/test_mixed_precision_lstm.cpp 
Execute     is_xip D:/Xilinx/Project/LSTM/lstm_hls/dynamic_quant/dyn_quant/src/test_mixed_precision_lstm.cpp 
Execute     is_encrypted D:/Xilinx/Project/LSTM/lstm_hls/dynamic_quant/dyn_quant/src/fixed_lstm.cpp 
Execute     is_xip D:/Xilinx/Project/LSTM/lstm_hls/dynamic_quant/dyn_quant/src/fixed_lstm.cpp 
Execute     is_encrypted D:/Xilinx/Project/LSTM/lstm_hls/dynamic_quant/dyn_quant/src/fixed_lstm.h 
Execute     is_xip D:/Xilinx/Project/LSTM/lstm_hls/dynamic_quant/dyn_quant/src/fixed_lstm.h 
Execute     is_encrypted D:/Xilinx/Project/LSTM/lstm_hls/dynamic_quant/dyn_quant/src/infer_fixed.cpp 
Execute     is_xip D:/Xilinx/Project/LSTM/lstm_hls/dynamic_quant/dyn_quant/src/infer_fixed.cpp 
Execute     is_encrypted D:/Xilinx/Project/LSTM/lstm_hls/dynamic_quant/dyn_quant/src/utils.h 
Execute     is_xip D:/Xilinx/Project/LSTM/lstm_hls/dynamic_quant/dyn_quant/src/utils.h 
Execute     is_encrypted D:/Xilinx/Project/LSTM/lstm_hls/dynamic_quant/dyn_quant/src/weight.cpp 
Execute     is_xip D:/Xilinx/Project/LSTM/lstm_hls/dynamic_quant/dyn_quant/src/weight.cpp 
Execute     get_default_platform 
Execute     source run_sim.tcl 
Command     ap_source done; 1.098 sec.
INFO: [SIM 211-1] CSim done with 0 errors.
INFO: [SIM 211-3] *************** CSIM finish ***************
Command   csim_design done; 7.813 sec.
Command ap_source done; 8.001 sec.
Execute cleanup_all 
INFO-FLOW: Workspace D:/Xilinx/Project/LSTM/lstm_hls/dynamic_quant/dyn_quant/solution1 opened at Fri Apr 04 18:45:47 +0800 2025
Execute     config_clock -quiet -name default -period 10 -default=false 
INFO: [SYN 201-201] Setting up clock 'default' with a period of 10ns.
Execute     open_platform DefaultPlatform 
Execute     import_lib D:/Xilinx/Vivado/2018.3/common/technology/xilinx/zynq/zynq 
Execute       source D:/Xilinx/Vivado/2018.3/common/technology/xilinx/common/xilinx.lib 
Execute         source D:/Xilinx/Vivado/2018.3/common/technology/xilinx/interface/xilinx_interface.lib 
Execute           source D:/Xilinx/Vivado/2018.3/common/technology/xilinx/interface/plb46.lib 
Execute           source D:/Xilinx/Vivado/2018.3/common/technology/xilinx/interface/fsl.lib 
Execute           source D:/Xilinx/Vivado/2018.3/common/technology/xilinx/interface/axi4.lib 
Execute           source D:/Xilinx/Vivado/2018.3/common/technology/xilinx/interface/maxi.lib 
Execute           source D:/Xilinx/Vivado/2018.3/common/technology/xilinx/interface/saxilite.lib 
Execute         source D:/Xilinx/Vivado/2018.3/common/technology/xilinx/common/dsp48.lib 
Execute         source D:/Xilinx/Vivado/2018.3/common/technology/xilinx/ip/dds_compiler.lib 
Execute         source D:/Xilinx/Vivado/2018.3/common/technology/xilinx/ip/xfft.lib 
Execute         source D:/Xilinx/Vivado/2018.3/common/technology/xilinx/ip/xfir.lib 
Execute       source D:/Xilinx/Vivado/2018.3/common/technology/xilinx/common/xilinx_old.lib 
Execute       source D:/Xilinx/Vivado/2018.3/common/technology/xilinx/common/xilinx_vivado.lib 
Execute       source D:/Xilinx/Vivado/2018.3/common/technology/xilinx/common/xilinx.hlp 
Execute         source D:/Xilinx/Vivado/2018.3/common/technology/xilinx/common/target_info.tcl 
Execute         source D:/Xilinx/Vivado/2018.3/common/technology/xilinx/interface/xilinx_interface.hlp 
Execute           source D:/Xilinx/Vivado/2018.3/common/technology/xilinx/interface/maxi.hlp 
Execute           source D:/Xilinx/Vivado/2018.3/common/technology/xilinx/interface/saxilite.hlp 
Execute         source D:/Xilinx/Vivado/2018.3/common/technology/xilinx/common/dsp48.hlp 
Execute       source D:/Xilinx/Vivado/2018.3/common/technology/xilinx/zynq/dsp48e1.hlp 
Execute       get_default_platform 
Execute       config_chip_info -quiet -resource  {SLICE 13300}  {LUT 53200}     {FF 106400} {DSP48E 220}   {BRAM 280}  
Execute       config_chip_info -quiet -speed medium 
Execute       source D:/Xilinx/Vivado/2018.3/common/technology/xilinx/common/xilinx.hlp 
Execute         source D:/Xilinx/Vivado/2018.3/common/technology/xilinx/common/target_info.tcl 
Execute         source D:/Xilinx/Vivado/2018.3/common/technology/xilinx/interface/xilinx_interface.hlp 
Execute           source D:/Xilinx/Vivado/2018.3/common/technology/xilinx/interface/maxi.hlp 
Execute           source D:/Xilinx/Vivado/2018.3/common/technology/xilinx/interface/saxilite.hlp 
Execute         source D:/Xilinx/Vivado/2018.3/common/technology/xilinx/common/dsp48.hlp 
Execute     source D:/Xilinx/Vivado/2018.3/common/technology/xilinx/zynq/zynq.gen 
Execute       source D:/Xilinx/Vivado/2018.3/common/technology/xilinx/common/virtex.gen 
Execute         source D:/Xilinx/Vivado/2018.3/common/technology/xilinx/common/xilinx.gen 
Execute           source D:/Xilinx/Vivado/2018.3/common/technology/xilinx/interface/plb46.gen 
Execute           source D:/Xilinx/Vivado/2018.3/common/technology/xilinx/interface/fsl.gen 
Execute           source D:/Xilinx/Vivado/2018.3/common/technology/xilinx/interface/axi4.gen 
Execute           source D:/Xilinx/Vivado/2018.3/common/technology/xilinx/interface/nativeAXI4.gen 
Execute             source D:/Xilinx/Vivado/2018.3/common/technology/xilinx/interface/saxilite.gen 
Execute             source D:/Xilinx/Vivado/2018.3/common/technology/xilinx/interface/maxi.gen 
Execute           source D:/Xilinx/Vivado/2018.3/common/technology/xilinx/scripts/xilinxcoregen.gen 
Execute           source D:/Xilinx/Vivado/2018.3/common/technology/xilinx/interface/XilEDKCoreGen.gen 
Execute           source D:/Xilinx/Vivado/2018.3/common/technology/xilinx/ip/dds_compiler.gen 
Execute           source D:/Xilinx/Vivado/2018.3/common/technology/xilinx/ip/util.gen 
Execute           source D:/Xilinx/Vivado/2018.3/common/technology/xilinx/ip/xfft.gen 
Execute           source D:/Xilinx/Vivado/2018.3/common/technology/xilinx/ip/xfir.gen 
Execute         source D:/Xilinx/Vivado/2018.3/common/technology/xilinx/common/dsp48.gen 
Execute     open_platform DefaultPlatform 
Execute     import_lib D:/Xilinx/Vivado/2018.3/common/technology/xilinx/zynq/zynq_fpv6 
Execute       source D:/Xilinx/Vivado/2018.3/common/technology/xilinx/common/xilinx_fpv7.lib 
Execute         source D:/Xilinx/Vivado/2018.3/common/technology/xilinx/common/xilinx_hp.lib 
Execute       source D:/Xilinx/Vivado/2018.3/common/technology/xilinx/common/xilinx_fpv.hlp 
Execute         source D:/Xilinx/Vivado/2018.3/common/technology/xilinx/common/xilinx.hlp 
Execute           source D:/Xilinx/Vivado/2018.3/common/technology/xilinx/common/target_info.tcl 
Execute           source D:/Xilinx/Vivado/2018.3/common/technology/xilinx/interface/xilinx_interface.hlp 
Execute             source D:/Xilinx/Vivado/2018.3/common/technology/xilinx/interface/maxi.hlp 
Execute             source D:/Xilinx/Vivado/2018.3/common/technology/xilinx/interface/saxilite.hlp 
Execute           source D:/Xilinx/Vivado/2018.3/common/technology/xilinx/common/dsp48.hlp 
Execute       source D:/Xilinx/Vivado/2018.3/common/technology/xilinx/zynq/zynq_hp.hlp 
Execute     source D:/Xilinx/Vivado/2018.3/common/technology/xilinx/zynq/zynq_fpv6.gen 
Execute       source D:/Xilinx/Vivado/2018.3/common/technology/xilinx/common/xilinx_fpv6.gen 
Execute     set_part xc7z020clg400-2 
Execute       add_library xilinx/zynq/zynq:xc7z020:clg400:-2 
Execute         get_default_platform 
Execute         license_isbetapart xc7z020 
Command         license_isbetapart done; error code: 1; 
Execute         get_default_platform 
Execute         config_chip_info -quiet -resource  {SLICE 13300}  {LUT 53200}     {FF 106400} {DSP48E 220}   {BRAM 280}  
Execute         config_chip_info -quiet -speed medium 
Execute       add_library xilinx/zynq/zynq_fpv6 
Execute         get_default_platform 
INFO: [HLS 200-10] Setting target device to 'xc7z020clg400-2'
Execute       get_default_platform 
Execute     get_default_platform 
Execute     config_chip_info -quiet -resource  {SLICE 13300}  {LUT 53200}     {FF 106400} {DSP48E 220}   {BRAM 280}  
Execute     config_chip_info -quiet -speed medium 
Command   open_solution done; 0.148 sec.
Execute   csim_design -quiet 
INFO: [SIM 211-2] *************** CSIM start ***************
INFO: [SIM 211-4] CSIM will launch GCC as the compiler.
Execute     source csim/.lst_opt.tcl 
Execute     is_encrypted D:/Xilinx/Project/LSTM/lstm_hls/dynamic_quant/dyn_quant/src/main.cpp 
Execute     is_xip D:/Xilinx/Project/LSTM/lstm_hls/dynamic_quant/dyn_quant/src/main.cpp 
Execute     is_encrypted D:/Xilinx/Project/LSTM/lstm_hls/dynamic_quant/dyn_quant/src/test_mixed_precision_lstm.cpp 
Execute     is_xip D:/Xilinx/Project/LSTM/lstm_hls/dynamic_quant/dyn_quant/src/test_mixed_precision_lstm.cpp 
Execute     is_encrypted D:/Xilinx/Project/LSTM/lstm_hls/dynamic_quant/dyn_quant/src/fixed_lstm.cpp 
Execute     is_xip D:/Xilinx/Project/LSTM/lstm_hls/dynamic_quant/dyn_quant/src/fixed_lstm.cpp 
Execute     is_encrypted D:/Xilinx/Project/LSTM/lstm_hls/dynamic_quant/dyn_quant/src/fixed_lstm.h 
Execute     is_xip D:/Xilinx/Project/LSTM/lstm_hls/dynamic_quant/dyn_quant/src/fixed_lstm.h 
Execute     is_encrypted D:/Xilinx/Project/LSTM/lstm_hls/dynamic_quant/dyn_quant/src/infer_fixed.cpp 
Execute     is_xip D:/Xilinx/Project/LSTM/lstm_hls/dynamic_quant/dyn_quant/src/infer_fixed.cpp 
Execute     is_encrypted D:/Xilinx/Project/LSTM/lstm_hls/dynamic_quant/dyn_quant/src/utils.h 
Execute     is_xip D:/Xilinx/Project/LSTM/lstm_hls/dynamic_quant/dyn_quant/src/utils.h 
Execute     is_encrypted D:/Xilinx/Project/LSTM/lstm_hls/dynamic_quant/dyn_quant/src/weight.cpp 
Execute     is_xip D:/Xilinx/Project/LSTM/lstm_hls/dynamic_quant/dyn_quant/src/weight.cpp 
Execute     get_default_platform 
Execute     source run_sim.tcl 
Command     ap_source done; 1.048 sec.
INFO: [SIM 211-1] CSim done with 0 errors.
INFO: [SIM 211-3] *************** CSIM finish ***************
Command   csim_design done; 8.089 sec.
Command ap_source done; 8.242 sec.
Execute cleanup_all 
INFO-FLOW: Workspace D:/Xilinx/Project/LSTM/lstm_hls/dynamic_quant/dyn_quant/solution1 opened at Fri Apr 04 18:48:18 +0800 2025
Execute     config_clock -quiet -name default -period 10 -default=false 
INFO: [SYN 201-201] Setting up clock 'default' with a period of 10ns.
Execute     open_platform DefaultPlatform 
Execute     import_lib D:/Xilinx/Vivado/2018.3/common/technology/xilinx/zynq/zynq 
Execute       source D:/Xilinx/Vivado/2018.3/common/technology/xilinx/common/xilinx.lib 
Execute         source D:/Xilinx/Vivado/2018.3/common/technology/xilinx/interface/xilinx_interface.lib 
Execute           source D:/Xilinx/Vivado/2018.3/common/technology/xilinx/interface/plb46.lib 
Execute           source D:/Xilinx/Vivado/2018.3/common/technology/xilinx/interface/fsl.lib 
Execute           source D:/Xilinx/Vivado/2018.3/common/technology/xilinx/interface/axi4.lib 
Execute           source D:/Xilinx/Vivado/2018.3/common/technology/xilinx/interface/maxi.lib 
Execute           source D:/Xilinx/Vivado/2018.3/common/technology/xilinx/interface/saxilite.lib 
Execute         source D:/Xilinx/Vivado/2018.3/common/technology/xilinx/common/dsp48.lib 
Execute         source D:/Xilinx/Vivado/2018.3/common/technology/xilinx/ip/dds_compiler.lib 
Execute         source D:/Xilinx/Vivado/2018.3/common/technology/xilinx/ip/xfft.lib 
Execute         source D:/Xilinx/Vivado/2018.3/common/technology/xilinx/ip/xfir.lib 
Execute       source D:/Xilinx/Vivado/2018.3/common/technology/xilinx/common/xilinx_old.lib 
Execute       source D:/Xilinx/Vivado/2018.3/common/technology/xilinx/common/xilinx_vivado.lib 
Execute       source D:/Xilinx/Vivado/2018.3/common/technology/xilinx/common/xilinx.hlp 
Execute         source D:/Xilinx/Vivado/2018.3/common/technology/xilinx/common/target_info.tcl 
Execute         source D:/Xilinx/Vivado/2018.3/common/technology/xilinx/interface/xilinx_interface.hlp 
Execute           source D:/Xilinx/Vivado/2018.3/common/technology/xilinx/interface/maxi.hlp 
Execute           source D:/Xilinx/Vivado/2018.3/common/technology/xilinx/interface/saxilite.hlp 
Execute         source D:/Xilinx/Vivado/2018.3/common/technology/xilinx/common/dsp48.hlp 
Execute       source D:/Xilinx/Vivado/2018.3/common/technology/xilinx/zynq/dsp48e1.hlp 
Execute       get_default_platform 
Execute       config_chip_info -quiet -resource  {SLICE 13300}  {LUT 53200}     {FF 106400} {DSP48E 220}   {BRAM 280}  
Execute       config_chip_info -quiet -speed medium 
Execute       source D:/Xilinx/Vivado/2018.3/common/technology/xilinx/common/xilinx.hlp 
Execute         source D:/Xilinx/Vivado/2018.3/common/technology/xilinx/common/target_info.tcl 
Execute         source D:/Xilinx/Vivado/2018.3/common/technology/xilinx/interface/xilinx_interface.hlp 
Execute           source D:/Xilinx/Vivado/2018.3/common/technology/xilinx/interface/maxi.hlp 
Execute           source D:/Xilinx/Vivado/2018.3/common/technology/xilinx/interface/saxilite.hlp 
Execute         source D:/Xilinx/Vivado/2018.3/common/technology/xilinx/common/dsp48.hlp 
Execute     source D:/Xilinx/Vivado/2018.3/common/technology/xilinx/zynq/zynq.gen 
Execute       source D:/Xilinx/Vivado/2018.3/common/technology/xilinx/common/virtex.gen 
Execute         source D:/Xilinx/Vivado/2018.3/common/technology/xilinx/common/xilinx.gen 
Execute           source D:/Xilinx/Vivado/2018.3/common/technology/xilinx/interface/plb46.gen 
Execute           source D:/Xilinx/Vivado/2018.3/common/technology/xilinx/interface/fsl.gen 
Execute           source D:/Xilinx/Vivado/2018.3/common/technology/xilinx/interface/axi4.gen 
Execute           source D:/Xilinx/Vivado/2018.3/common/technology/xilinx/interface/nativeAXI4.gen 
Execute             source D:/Xilinx/Vivado/2018.3/common/technology/xilinx/interface/saxilite.gen 
Execute             source D:/Xilinx/Vivado/2018.3/common/technology/xilinx/interface/maxi.gen 
Execute           source D:/Xilinx/Vivado/2018.3/common/technology/xilinx/scripts/xilinxcoregen.gen 
Execute           source D:/Xilinx/Vivado/2018.3/common/technology/xilinx/interface/XilEDKCoreGen.gen 
Execute           source D:/Xilinx/Vivado/2018.3/common/technology/xilinx/ip/dds_compiler.gen 
Execute           source D:/Xilinx/Vivado/2018.3/common/technology/xilinx/ip/util.gen 
Execute           source D:/Xilinx/Vivado/2018.3/common/technology/xilinx/ip/xfft.gen 
Execute           source D:/Xilinx/Vivado/2018.3/common/technology/xilinx/ip/xfir.gen 
Execute         source D:/Xilinx/Vivado/2018.3/common/technology/xilinx/common/dsp48.gen 
Execute     open_platform DefaultPlatform 
Execute     import_lib D:/Xilinx/Vivado/2018.3/common/technology/xilinx/zynq/zynq_fpv6 
Execute       source D:/Xilinx/Vivado/2018.3/common/technology/xilinx/common/xilinx_fpv7.lib 
Execute         source D:/Xilinx/Vivado/2018.3/common/technology/xilinx/common/xilinx_hp.lib 
Execute       source D:/Xilinx/Vivado/2018.3/common/technology/xilinx/common/xilinx_fpv.hlp 
Execute         source D:/Xilinx/Vivado/2018.3/common/technology/xilinx/common/xilinx.hlp 
Execute           source D:/Xilinx/Vivado/2018.3/common/technology/xilinx/common/target_info.tcl 
Execute           source D:/Xilinx/Vivado/2018.3/common/technology/xilinx/interface/xilinx_interface.hlp 
Execute             source D:/Xilinx/Vivado/2018.3/common/technology/xilinx/interface/maxi.hlp 
Execute             source D:/Xilinx/Vivado/2018.3/common/technology/xilinx/interface/saxilite.hlp 
Execute           source D:/Xilinx/Vivado/2018.3/common/technology/xilinx/common/dsp48.hlp 
Execute       source D:/Xilinx/Vivado/2018.3/common/technology/xilinx/zynq/zynq_hp.hlp 
Execute     source D:/Xilinx/Vivado/2018.3/common/technology/xilinx/zynq/zynq_fpv6.gen 
Execute       source D:/Xilinx/Vivado/2018.3/common/technology/xilinx/common/xilinx_fpv6.gen 
Execute     set_part xc7z020clg400-2 
Execute       add_library xilinx/zynq/zynq:xc7z020:clg400:-2 
Execute         get_default_platform 
Execute         license_isbetapart xc7z020 
Command         license_isbetapart done; error code: 1; 
Execute         get_default_platform 
Execute         config_chip_info -quiet -resource  {SLICE 13300}  {LUT 53200}     {FF 106400} {DSP48E 220}   {BRAM 280}  
Execute         config_chip_info -quiet -speed medium 
Execute       add_library xilinx/zynq/zynq_fpv6 
Execute         get_default_platform 
INFO: [HLS 200-10] Setting target device to 'xc7z020clg400-2'
Execute       get_default_platform 
Execute     get_default_platform 
Execute     config_chip_info -quiet -resource  {SLICE 13300}  {LUT 53200}     {FF 106400} {DSP48E 220}   {BRAM 280}  
Execute     config_chip_info -quiet -speed medium 
Command   open_solution done; 0.159 sec.
Execute   csim_design -quiet 
INFO: [SIM 211-2] *************** CSIM start ***************
INFO: [SIM 211-4] CSIM will launch GCC as the compiler.
Execute     source csim/.lst_opt.tcl 
Execute     is_encrypted D:/Xilinx/Project/LSTM/lstm_hls/dynamic_quant/dyn_quant/src/main.cpp 
Execute     is_xip D:/Xilinx/Project/LSTM/lstm_hls/dynamic_quant/dyn_quant/src/main.cpp 
Execute     is_encrypted D:/Xilinx/Project/LSTM/lstm_hls/dynamic_quant/dyn_quant/src/test_mixed_precision_lstm.cpp 
Execute     is_xip D:/Xilinx/Project/LSTM/lstm_hls/dynamic_quant/dyn_quant/src/test_mixed_precision_lstm.cpp 
Execute     is_encrypted D:/Xilinx/Project/LSTM/lstm_hls/dynamic_quant/dyn_quant/src/fixed_lstm.cpp 
Execute     is_xip D:/Xilinx/Project/LSTM/lstm_hls/dynamic_quant/dyn_quant/src/fixed_lstm.cpp 
Execute     is_encrypted D:/Xilinx/Project/LSTM/lstm_hls/dynamic_quant/dyn_quant/src/fixed_lstm.h 
Execute     is_xip D:/Xilinx/Project/LSTM/lstm_hls/dynamic_quant/dyn_quant/src/fixed_lstm.h 
Execute     is_encrypted D:/Xilinx/Project/LSTM/lstm_hls/dynamic_quant/dyn_quant/src/infer_fixed.cpp 
Execute     is_xip D:/Xilinx/Project/LSTM/lstm_hls/dynamic_quant/dyn_quant/src/infer_fixed.cpp 
Execute     is_encrypted D:/Xilinx/Project/LSTM/lstm_hls/dynamic_quant/dyn_quant/src/utils.h 
Execute     is_xip D:/Xilinx/Project/LSTM/lstm_hls/dynamic_quant/dyn_quant/src/utils.h 
Execute     is_encrypted D:/Xilinx/Project/LSTM/lstm_hls/dynamic_quant/dyn_quant/src/weight.cpp 
Execute     is_xip D:/Xilinx/Project/LSTM/lstm_hls/dynamic_quant/dyn_quant/src/weight.cpp 
Execute     get_default_platform 
ERROR: [SIM 211-100] 'csim_design' failed: compilation error(s).
INFO: [SIM 211-3] *************** CSIM finish ***************
Command   csim_design done; error code: 2; 4.686 sec.
Command ap_source done; error code: 1; 4.849 sec.
Execute cleanup_all 
INFO-FLOW: Workspace D:/Xilinx/Project/LSTM/lstm_hls/dynamic_quant/dyn_quant/solution1 opened at Fri Apr 04 18:49:13 +0800 2025
Execute     config_clock -quiet -name default -period 10 -default=false 
INFO: [SYN 201-201] Setting up clock 'default' with a period of 10ns.
Execute     open_platform DefaultPlatform 
Execute     import_lib D:/Xilinx/Vivado/2018.3/common/technology/xilinx/zynq/zynq 
Execute       source D:/Xilinx/Vivado/2018.3/common/technology/xilinx/common/xilinx.lib 
Execute         source D:/Xilinx/Vivado/2018.3/common/technology/xilinx/interface/xilinx_interface.lib 
Execute           source D:/Xilinx/Vivado/2018.3/common/technology/xilinx/interface/plb46.lib 
Execute           source D:/Xilinx/Vivado/2018.3/common/technology/xilinx/interface/fsl.lib 
Execute           source D:/Xilinx/Vivado/2018.3/common/technology/xilinx/interface/axi4.lib 
Execute           source D:/Xilinx/Vivado/2018.3/common/technology/xilinx/interface/maxi.lib 
Execute           source D:/Xilinx/Vivado/2018.3/common/technology/xilinx/interface/saxilite.lib 
Execute         source D:/Xilinx/Vivado/2018.3/common/technology/xilinx/common/dsp48.lib 
Execute         source D:/Xilinx/Vivado/2018.3/common/technology/xilinx/ip/dds_compiler.lib 
Execute         source D:/Xilinx/Vivado/2018.3/common/technology/xilinx/ip/xfft.lib 
Execute         source D:/Xilinx/Vivado/2018.3/common/technology/xilinx/ip/xfir.lib 
Execute       source D:/Xilinx/Vivado/2018.3/common/technology/xilinx/common/xilinx_old.lib 
Execute       source D:/Xilinx/Vivado/2018.3/common/technology/xilinx/common/xilinx_vivado.lib 
Execute       source D:/Xilinx/Vivado/2018.3/common/technology/xilinx/common/xilinx.hlp 
Execute         source D:/Xilinx/Vivado/2018.3/common/technology/xilinx/common/target_info.tcl 
Execute         source D:/Xilinx/Vivado/2018.3/common/technology/xilinx/interface/xilinx_interface.hlp 
Execute           source D:/Xilinx/Vivado/2018.3/common/technology/xilinx/interface/maxi.hlp 
Execute           source D:/Xilinx/Vivado/2018.3/common/technology/xilinx/interface/saxilite.hlp 
Execute         source D:/Xilinx/Vivado/2018.3/common/technology/xilinx/common/dsp48.hlp 
Execute       source D:/Xilinx/Vivado/2018.3/common/technology/xilinx/zynq/dsp48e1.hlp 
Execute       get_default_platform 
Execute       config_chip_info -quiet -resource  {SLICE 13300}  {LUT 53200}     {FF 106400} {DSP48E 220}   {BRAM 280}  
Execute       config_chip_info -quiet -speed medium 
Execute       source D:/Xilinx/Vivado/2018.3/common/technology/xilinx/common/xilinx.hlp 
Execute         source D:/Xilinx/Vivado/2018.3/common/technology/xilinx/common/target_info.tcl 
Execute         source D:/Xilinx/Vivado/2018.3/common/technology/xilinx/interface/xilinx_interface.hlp 
Execute           source D:/Xilinx/Vivado/2018.3/common/technology/xilinx/interface/maxi.hlp 
Execute           source D:/Xilinx/Vivado/2018.3/common/technology/xilinx/interface/saxilite.hlp 
Execute         source D:/Xilinx/Vivado/2018.3/common/technology/xilinx/common/dsp48.hlp 
Execute     source D:/Xilinx/Vivado/2018.3/common/technology/xilinx/zynq/zynq.gen 
Execute       source D:/Xilinx/Vivado/2018.3/common/technology/xilinx/common/virtex.gen 
Execute         source D:/Xilinx/Vivado/2018.3/common/technology/xilinx/common/xilinx.gen 
Execute           source D:/Xilinx/Vivado/2018.3/common/technology/xilinx/interface/plb46.gen 
Execute           source D:/Xilinx/Vivado/2018.3/common/technology/xilinx/interface/fsl.gen 
Execute           source D:/Xilinx/Vivado/2018.3/common/technology/xilinx/interface/axi4.gen 
Execute           source D:/Xilinx/Vivado/2018.3/common/technology/xilinx/interface/nativeAXI4.gen 
Execute             source D:/Xilinx/Vivado/2018.3/common/technology/xilinx/interface/saxilite.gen 
Execute             source D:/Xilinx/Vivado/2018.3/common/technology/xilinx/interface/maxi.gen 
Execute           source D:/Xilinx/Vivado/2018.3/common/technology/xilinx/scripts/xilinxcoregen.gen 
Execute           source D:/Xilinx/Vivado/2018.3/common/technology/xilinx/interface/XilEDKCoreGen.gen 
Execute           source D:/Xilinx/Vivado/2018.3/common/technology/xilinx/ip/dds_compiler.gen 
Execute           source D:/Xilinx/Vivado/2018.3/common/technology/xilinx/ip/util.gen 
Execute           source D:/Xilinx/Vivado/2018.3/common/technology/xilinx/ip/xfft.gen 
Execute           source D:/Xilinx/Vivado/2018.3/common/technology/xilinx/ip/xfir.gen 
Execute         source D:/Xilinx/Vivado/2018.3/common/technology/xilinx/common/dsp48.gen 
Execute     open_platform DefaultPlatform 
Execute     import_lib D:/Xilinx/Vivado/2018.3/common/technology/xilinx/zynq/zynq_fpv6 
Execute       source D:/Xilinx/Vivado/2018.3/common/technology/xilinx/common/xilinx_fpv7.lib 
Execute         source D:/Xilinx/Vivado/2018.3/common/technology/xilinx/common/xilinx_hp.lib 
Execute       source D:/Xilinx/Vivado/2018.3/common/technology/xilinx/common/xilinx_fpv.hlp 
Execute         source D:/Xilinx/Vivado/2018.3/common/technology/xilinx/common/xilinx.hlp 
Execute           source D:/Xilinx/Vivado/2018.3/common/technology/xilinx/common/target_info.tcl 
Execute           source D:/Xilinx/Vivado/2018.3/common/technology/xilinx/interface/xilinx_interface.hlp 
Execute             source D:/Xilinx/Vivado/2018.3/common/technology/xilinx/interface/maxi.hlp 
Execute             source D:/Xilinx/Vivado/2018.3/common/technology/xilinx/interface/saxilite.hlp 
Execute           source D:/Xilinx/Vivado/2018.3/common/technology/xilinx/common/dsp48.hlp 
Execute       source D:/Xilinx/Vivado/2018.3/common/technology/xilinx/zynq/zynq_hp.hlp 
Execute     source D:/Xilinx/Vivado/2018.3/common/technology/xilinx/zynq/zynq_fpv6.gen 
Execute       source D:/Xilinx/Vivado/2018.3/common/technology/xilinx/common/xilinx_fpv6.gen 
Execute     set_part xc7z020clg400-2 
Execute       add_library xilinx/zynq/zynq:xc7z020:clg400:-2 
Execute         get_default_platform 
Execute         license_isbetapart xc7z020 
Command         license_isbetapart done; error code: 1; 
Execute         get_default_platform 
Execute         config_chip_info -quiet -resource  {SLICE 13300}  {LUT 53200}     {FF 106400} {DSP48E 220}   {BRAM 280}  
Execute         config_chip_info -quiet -speed medium 
Execute       add_library xilinx/zynq/zynq_fpv6 
Execute         get_default_platform 
INFO: [HLS 200-10] Setting target device to 'xc7z020clg400-2'
Execute       get_default_platform 
Execute     get_default_platform 
Execute     config_chip_info -quiet -resource  {SLICE 13300}  {LUT 53200}     {FF 106400} {DSP48E 220}   {BRAM 280}  
Execute     config_chip_info -quiet -speed medium 
Command   open_solution done; 0.161 sec.
Execute   csim_design -quiet 
INFO: [SIM 211-2] *************** CSIM start ***************
INFO: [SIM 211-4] CSIM will launch GCC as the compiler.
Execute     source csim/.lst_opt.tcl 
Execute     is_encrypted D:/Xilinx/Project/LSTM/lstm_hls/dynamic_quant/dyn_quant/src/main.cpp 
Execute     is_xip D:/Xilinx/Project/LSTM/lstm_hls/dynamic_quant/dyn_quant/src/main.cpp 
Execute     is_encrypted D:/Xilinx/Project/LSTM/lstm_hls/dynamic_quant/dyn_quant/src/test_mixed_precision_lstm.cpp 
Execute     is_xip D:/Xilinx/Project/LSTM/lstm_hls/dynamic_quant/dyn_quant/src/test_mixed_precision_lstm.cpp 
Execute     is_encrypted D:/Xilinx/Project/LSTM/lstm_hls/dynamic_quant/dyn_quant/src/fixed_lstm.cpp 
Execute     is_xip D:/Xilinx/Project/LSTM/lstm_hls/dynamic_quant/dyn_quant/src/fixed_lstm.cpp 
Execute     is_encrypted D:/Xilinx/Project/LSTM/lstm_hls/dynamic_quant/dyn_quant/src/fixed_lstm.h 
Execute     is_xip D:/Xilinx/Project/LSTM/lstm_hls/dynamic_quant/dyn_quant/src/fixed_lstm.h 
Execute     is_encrypted D:/Xilinx/Project/LSTM/lstm_hls/dynamic_quant/dyn_quant/src/infer_fixed.cpp 
Execute     is_xip D:/Xilinx/Project/LSTM/lstm_hls/dynamic_quant/dyn_quant/src/infer_fixed.cpp 
Execute     is_encrypted D:/Xilinx/Project/LSTM/lstm_hls/dynamic_quant/dyn_quant/src/utils.h 
Execute     is_xip D:/Xilinx/Project/LSTM/lstm_hls/dynamic_quant/dyn_quant/src/utils.h 
Execute     is_encrypted D:/Xilinx/Project/LSTM/lstm_hls/dynamic_quant/dyn_quant/src/weight.cpp 
Execute     is_xip D:/Xilinx/Project/LSTM/lstm_hls/dynamic_quant/dyn_quant/src/weight.cpp 
Execute     get_default_platform 
Execute     source run_sim.tcl 
Command     ap_source done; 1.286 sec.
INFO: [SIM 211-1] CSim done with 0 errors.
INFO: [SIM 211-3] *************** CSIM finish ***************
Command   csim_design done; 8.108 sec.
Command ap_source done; 8.274 sec.
Execute cleanup_all 
INFO-FLOW: Workspace D:/Xilinx/Project/LSTM/lstm_hls/dynamic_quant/dyn_quant/solution1 opened at Fri Apr 04 18:50:01 +0800 2025
Execute     config_clock -quiet -name default -period 10 -default=false 
INFO: [SYN 201-201] Setting up clock 'default' with a period of 10ns.
Execute     open_platform DefaultPlatform 
Execute     import_lib D:/Xilinx/Vivado/2018.3/common/technology/xilinx/zynq/zynq 
Execute       source D:/Xilinx/Vivado/2018.3/common/technology/xilinx/common/xilinx.lib 
Execute         source D:/Xilinx/Vivado/2018.3/common/technology/xilinx/interface/xilinx_interface.lib 
Execute           source D:/Xilinx/Vivado/2018.3/common/technology/xilinx/interface/plb46.lib 
Execute           source D:/Xilinx/Vivado/2018.3/common/technology/xilinx/interface/fsl.lib 
Execute           source D:/Xilinx/Vivado/2018.3/common/technology/xilinx/interface/axi4.lib 
Execute           source D:/Xilinx/Vivado/2018.3/common/technology/xilinx/interface/maxi.lib 
Execute           source D:/Xilinx/Vivado/2018.3/common/technology/xilinx/interface/saxilite.lib 
Execute         source D:/Xilinx/Vivado/2018.3/common/technology/xilinx/common/dsp48.lib 
Execute         source D:/Xilinx/Vivado/2018.3/common/technology/xilinx/ip/dds_compiler.lib 
Execute         source D:/Xilinx/Vivado/2018.3/common/technology/xilinx/ip/xfft.lib 
Execute         source D:/Xilinx/Vivado/2018.3/common/technology/xilinx/ip/xfir.lib 
Execute       source D:/Xilinx/Vivado/2018.3/common/technology/xilinx/common/xilinx_old.lib 
Execute       source D:/Xilinx/Vivado/2018.3/common/technology/xilinx/common/xilinx_vivado.lib 
Execute       source D:/Xilinx/Vivado/2018.3/common/technology/xilinx/common/xilinx.hlp 
Execute         source D:/Xilinx/Vivado/2018.3/common/technology/xilinx/common/target_info.tcl 
Execute         source D:/Xilinx/Vivado/2018.3/common/technology/xilinx/interface/xilinx_interface.hlp 
Execute           source D:/Xilinx/Vivado/2018.3/common/technology/xilinx/interface/maxi.hlp 
Execute           source D:/Xilinx/Vivado/2018.3/common/technology/xilinx/interface/saxilite.hlp 
Execute         source D:/Xilinx/Vivado/2018.3/common/technology/xilinx/common/dsp48.hlp 
Execute       source D:/Xilinx/Vivado/2018.3/common/technology/xilinx/zynq/dsp48e1.hlp 
Execute       get_default_platform 
Execute       config_chip_info -quiet -resource  {SLICE 13300}  {LUT 53200}     {FF 106400} {DSP48E 220}   {BRAM 280}  
Execute       config_chip_info -quiet -speed medium 
Execute       source D:/Xilinx/Vivado/2018.3/common/technology/xilinx/common/xilinx.hlp 
Execute         source D:/Xilinx/Vivado/2018.3/common/technology/xilinx/common/target_info.tcl 
Execute         source D:/Xilinx/Vivado/2018.3/common/technology/xilinx/interface/xilinx_interface.hlp 
Execute           source D:/Xilinx/Vivado/2018.3/common/technology/xilinx/interface/maxi.hlp 
Execute           source D:/Xilinx/Vivado/2018.3/common/technology/xilinx/interface/saxilite.hlp 
Execute         source D:/Xilinx/Vivado/2018.3/common/technology/xilinx/common/dsp48.hlp 
Execute     source D:/Xilinx/Vivado/2018.3/common/technology/xilinx/zynq/zynq.gen 
Execute       source D:/Xilinx/Vivado/2018.3/common/technology/xilinx/common/virtex.gen 
Execute         source D:/Xilinx/Vivado/2018.3/common/technology/xilinx/common/xilinx.gen 
Execute           source D:/Xilinx/Vivado/2018.3/common/technology/xilinx/interface/plb46.gen 
Execute           source D:/Xilinx/Vivado/2018.3/common/technology/xilinx/interface/fsl.gen 
Execute           source D:/Xilinx/Vivado/2018.3/common/technology/xilinx/interface/axi4.gen 
Execute           source D:/Xilinx/Vivado/2018.3/common/technology/xilinx/interface/nativeAXI4.gen 
Execute             source D:/Xilinx/Vivado/2018.3/common/technology/xilinx/interface/saxilite.gen 
Execute             source D:/Xilinx/Vivado/2018.3/common/technology/xilinx/interface/maxi.gen 
Execute           source D:/Xilinx/Vivado/2018.3/common/technology/xilinx/scripts/xilinxcoregen.gen 
Execute           source D:/Xilinx/Vivado/2018.3/common/technology/xilinx/interface/XilEDKCoreGen.gen 
Execute           source D:/Xilinx/Vivado/2018.3/common/technology/xilinx/ip/dds_compiler.gen 
Execute           source D:/Xilinx/Vivado/2018.3/common/technology/xilinx/ip/util.gen 
Execute           source D:/Xilinx/Vivado/2018.3/common/technology/xilinx/ip/xfft.gen 
Execute           source D:/Xilinx/Vivado/2018.3/common/technology/xilinx/ip/xfir.gen 
Execute         source D:/Xilinx/Vivado/2018.3/common/technology/xilinx/common/dsp48.gen 
Execute     open_platform DefaultPlatform 
Execute     import_lib D:/Xilinx/Vivado/2018.3/common/technology/xilinx/zynq/zynq_fpv6 
Execute       source D:/Xilinx/Vivado/2018.3/common/technology/xilinx/common/xilinx_fpv7.lib 
Execute         source D:/Xilinx/Vivado/2018.3/common/technology/xilinx/common/xilinx_hp.lib 
Execute       source D:/Xilinx/Vivado/2018.3/common/technology/xilinx/common/xilinx_fpv.hlp 
Execute         source D:/Xilinx/Vivado/2018.3/common/technology/xilinx/common/xilinx.hlp 
Execute           source D:/Xilinx/Vivado/2018.3/common/technology/xilinx/common/target_info.tcl 
Execute           source D:/Xilinx/Vivado/2018.3/common/technology/xilinx/interface/xilinx_interface.hlp 
Execute             source D:/Xilinx/Vivado/2018.3/common/technology/xilinx/interface/maxi.hlp 
Execute             source D:/Xilinx/Vivado/2018.3/common/technology/xilinx/interface/saxilite.hlp 
Execute           source D:/Xilinx/Vivado/2018.3/common/technology/xilinx/common/dsp48.hlp 
Execute       source D:/Xilinx/Vivado/2018.3/common/technology/xilinx/zynq/zynq_hp.hlp 
Execute     source D:/Xilinx/Vivado/2018.3/common/technology/xilinx/zynq/zynq_fpv6.gen 
Execute       source D:/Xilinx/Vivado/2018.3/common/technology/xilinx/common/xilinx_fpv6.gen 
Execute     set_part xc7z020clg400-2 
Execute       add_library xilinx/zynq/zynq:xc7z020:clg400:-2 
Execute         get_default_platform 
Execute         license_isbetapart xc7z020 
Command         license_isbetapart done; error code: 1; 
Execute         get_default_platform 
Execute         config_chip_info -quiet -resource  {SLICE 13300}  {LUT 53200}     {FF 106400} {DSP48E 220}   {BRAM 280}  
Execute         config_chip_info -quiet -speed medium 
Execute       add_library xilinx/zynq/zynq_fpv6 
Execute         get_default_platform 
INFO: [HLS 200-10] Setting target device to 'xc7z020clg400-2'
Execute       get_default_platform 
Execute     get_default_platform 
Execute     config_chip_info -quiet -resource  {SLICE 13300}  {LUT 53200}     {FF 106400} {DSP48E 220}   {BRAM 280}  
Execute     config_chip_info -quiet -speed medium 
Command   open_solution done; 0.153 sec.
Execute   csim_design -quiet 
INFO: [SIM 211-2] *************** CSIM start ***************
INFO: [SIM 211-4] CSIM will launch GCC as the compiler.
Execute     source csim/.lst_opt.tcl 
Execute     is_encrypted D:/Xilinx/Project/LSTM/lstm_hls/dynamic_quant/dyn_quant/src/main.cpp 
Execute     is_xip D:/Xilinx/Project/LSTM/lstm_hls/dynamic_quant/dyn_quant/src/main.cpp 
Execute     is_encrypted D:/Xilinx/Project/LSTM/lstm_hls/dynamic_quant/dyn_quant/src/test_mixed_precision_lstm.cpp 
Execute     is_xip D:/Xilinx/Project/LSTM/lstm_hls/dynamic_quant/dyn_quant/src/test_mixed_precision_lstm.cpp 
Execute     is_encrypted D:/Xilinx/Project/LSTM/lstm_hls/dynamic_quant/dyn_quant/src/fixed_lstm.cpp 
Execute     is_xip D:/Xilinx/Project/LSTM/lstm_hls/dynamic_quant/dyn_quant/src/fixed_lstm.cpp 
Execute     is_encrypted D:/Xilinx/Project/LSTM/lstm_hls/dynamic_quant/dyn_quant/src/fixed_lstm.h 
Execute     is_xip D:/Xilinx/Project/LSTM/lstm_hls/dynamic_quant/dyn_quant/src/fixed_lstm.h 
Execute     is_encrypted D:/Xilinx/Project/LSTM/lstm_hls/dynamic_quant/dyn_quant/src/infer_fixed.cpp 
Execute     is_xip D:/Xilinx/Project/LSTM/lstm_hls/dynamic_quant/dyn_quant/src/infer_fixed.cpp 
Execute     is_encrypted D:/Xilinx/Project/LSTM/lstm_hls/dynamic_quant/dyn_quant/src/utils.h 
Execute     is_xip D:/Xilinx/Project/LSTM/lstm_hls/dynamic_quant/dyn_quant/src/utils.h 
Execute     is_encrypted D:/Xilinx/Project/LSTM/lstm_hls/dynamic_quant/dyn_quant/src/weight.cpp 
Execute     is_xip D:/Xilinx/Project/LSTM/lstm_hls/dynamic_quant/dyn_quant/src/weight.cpp 
Execute     get_default_platform 
Execute     source run_sim.tcl 
Command     ap_source done; 1.078 sec.
INFO: [SIM 211-1] CSim done with 0 errors.
INFO: [SIM 211-3] *************** CSIM finish ***************
Command   csim_design done; 8.022 sec.
Command ap_source done; 8.179 sec.
Execute cleanup_all 
INFO-FLOW: Workspace D:/Xilinx/Project/LSTM/lstm_hls/dynamic_quant/dyn_quant/solution1 opened at Fri Apr 04 18:56:14 +0800 2025
Execute     config_clock -quiet -name default -period 10 -default=false 
INFO: [SYN 201-201] Setting up clock 'default' with a period of 10ns.
Execute     open_platform DefaultPlatform 
Execute     import_lib D:/Xilinx/Vivado/2018.3/common/technology/xilinx/zynq/zynq 
Execute       source D:/Xilinx/Vivado/2018.3/common/technology/xilinx/common/xilinx.lib 
Execute         source D:/Xilinx/Vivado/2018.3/common/technology/xilinx/interface/xilinx_interface.lib 
Execute           source D:/Xilinx/Vivado/2018.3/common/technology/xilinx/interface/plb46.lib 
Execute           source D:/Xilinx/Vivado/2018.3/common/technology/xilinx/interface/fsl.lib 
Execute           source D:/Xilinx/Vivado/2018.3/common/technology/xilinx/interface/axi4.lib 
Execute           source D:/Xilinx/Vivado/2018.3/common/technology/xilinx/interface/maxi.lib 
Execute           source D:/Xilinx/Vivado/2018.3/common/technology/xilinx/interface/saxilite.lib 
Execute         source D:/Xilinx/Vivado/2018.3/common/technology/xilinx/common/dsp48.lib 
Execute         source D:/Xilinx/Vivado/2018.3/common/technology/xilinx/ip/dds_compiler.lib 
Execute         source D:/Xilinx/Vivado/2018.3/common/technology/xilinx/ip/xfft.lib 
Execute         source D:/Xilinx/Vivado/2018.3/common/technology/xilinx/ip/xfir.lib 
Execute       source D:/Xilinx/Vivado/2018.3/common/technology/xilinx/common/xilinx_old.lib 
Execute       source D:/Xilinx/Vivado/2018.3/common/technology/xilinx/common/xilinx_vivado.lib 
Execute       source D:/Xilinx/Vivado/2018.3/common/technology/xilinx/common/xilinx.hlp 
Execute         source D:/Xilinx/Vivado/2018.3/common/technology/xilinx/common/target_info.tcl 
Execute         source D:/Xilinx/Vivado/2018.3/common/technology/xilinx/interface/xilinx_interface.hlp 
Execute           source D:/Xilinx/Vivado/2018.3/common/technology/xilinx/interface/maxi.hlp 
Execute           source D:/Xilinx/Vivado/2018.3/common/technology/xilinx/interface/saxilite.hlp 
Execute         source D:/Xilinx/Vivado/2018.3/common/technology/xilinx/common/dsp48.hlp 
Execute       source D:/Xilinx/Vivado/2018.3/common/technology/xilinx/zynq/dsp48e1.hlp 
Execute       get_default_platform 
Execute       config_chip_info -quiet -resource  {SLICE 13300}  {LUT 53200}     {FF 106400} {DSP48E 220}   {BRAM 280}  
Execute       config_chip_info -quiet -speed medium 
Execute       source D:/Xilinx/Vivado/2018.3/common/technology/xilinx/common/xilinx.hlp 
Execute         source D:/Xilinx/Vivado/2018.3/common/technology/xilinx/common/target_info.tcl 
Execute         source D:/Xilinx/Vivado/2018.3/common/technology/xilinx/interface/xilinx_interface.hlp 
Execute           source D:/Xilinx/Vivado/2018.3/common/technology/xilinx/interface/maxi.hlp 
Execute           source D:/Xilinx/Vivado/2018.3/common/technology/xilinx/interface/saxilite.hlp 
Execute         source D:/Xilinx/Vivado/2018.3/common/technology/xilinx/common/dsp48.hlp 
Execute     source D:/Xilinx/Vivado/2018.3/common/technology/xilinx/zynq/zynq.gen 
Execute       source D:/Xilinx/Vivado/2018.3/common/technology/xilinx/common/virtex.gen 
Execute         source D:/Xilinx/Vivado/2018.3/common/technology/xilinx/common/xilinx.gen 
Execute           source D:/Xilinx/Vivado/2018.3/common/technology/xilinx/interface/plb46.gen 
Execute           source D:/Xilinx/Vivado/2018.3/common/technology/xilinx/interface/fsl.gen 
Execute           source D:/Xilinx/Vivado/2018.3/common/technology/xilinx/interface/axi4.gen 
Execute           source D:/Xilinx/Vivado/2018.3/common/technology/xilinx/interface/nativeAXI4.gen 
Execute             source D:/Xilinx/Vivado/2018.3/common/technology/xilinx/interface/saxilite.gen 
Execute             source D:/Xilinx/Vivado/2018.3/common/technology/xilinx/interface/maxi.gen 
Execute           source D:/Xilinx/Vivado/2018.3/common/technology/xilinx/scripts/xilinxcoregen.gen 
Execute           source D:/Xilinx/Vivado/2018.3/common/technology/xilinx/interface/XilEDKCoreGen.gen 
Execute           source D:/Xilinx/Vivado/2018.3/common/technology/xilinx/ip/dds_compiler.gen 
Execute           source D:/Xilinx/Vivado/2018.3/common/technology/xilinx/ip/util.gen 
Execute           source D:/Xilinx/Vivado/2018.3/common/technology/xilinx/ip/xfft.gen 
Execute           source D:/Xilinx/Vivado/2018.3/common/technology/xilinx/ip/xfir.gen 
Execute         source D:/Xilinx/Vivado/2018.3/common/technology/xilinx/common/dsp48.gen 
Execute     open_platform DefaultPlatform 
Execute     import_lib D:/Xilinx/Vivado/2018.3/common/technology/xilinx/zynq/zynq_fpv6 
Execute       source D:/Xilinx/Vivado/2018.3/common/technology/xilinx/common/xilinx_fpv7.lib 
Execute         source D:/Xilinx/Vivado/2018.3/common/technology/xilinx/common/xilinx_hp.lib 
Execute       source D:/Xilinx/Vivado/2018.3/common/technology/xilinx/common/xilinx_fpv.hlp 
Execute         source D:/Xilinx/Vivado/2018.3/common/technology/xilinx/common/xilinx.hlp 
Execute           source D:/Xilinx/Vivado/2018.3/common/technology/xilinx/common/target_info.tcl 
Execute           source D:/Xilinx/Vivado/2018.3/common/technology/xilinx/interface/xilinx_interface.hlp 
Execute             source D:/Xilinx/Vivado/2018.3/common/technology/xilinx/interface/maxi.hlp 
Execute             source D:/Xilinx/Vivado/2018.3/common/technology/xilinx/interface/saxilite.hlp 
Execute           source D:/Xilinx/Vivado/2018.3/common/technology/xilinx/common/dsp48.hlp 
Execute       source D:/Xilinx/Vivado/2018.3/common/technology/xilinx/zynq/zynq_hp.hlp 
Execute     source D:/Xilinx/Vivado/2018.3/common/technology/xilinx/zynq/zynq_fpv6.gen 
Execute       source D:/Xilinx/Vivado/2018.3/common/technology/xilinx/common/xilinx_fpv6.gen 
Execute     set_part xc7z020clg400-2 
Execute       add_library xilinx/zynq/zynq:xc7z020:clg400:-2 
Execute         get_default_platform 
Execute         license_isbetapart xc7z020 
Command         license_isbetapart done; error code: 1; 
Execute         get_default_platform 
Execute         config_chip_info -quiet -resource  {SLICE 13300}  {LUT 53200}     {FF 106400} {DSP48E 220}   {BRAM 280}  
Execute         config_chip_info -quiet -speed medium 
Execute       add_library xilinx/zynq/zynq_fpv6 
Execute         get_default_platform 
INFO: [HLS 200-10] Setting target device to 'xc7z020clg400-2'
Execute       get_default_platform 
Execute     get_default_platform 
Execute     config_chip_info -quiet -resource  {SLICE 13300}  {LUT 53200}     {FF 106400} {DSP48E 220}   {BRAM 280}  
Execute     config_chip_info -quiet -speed medium 
Command   open_solution done; 0.15 sec.
Execute   csim_design -quiet 
INFO: [SIM 211-2] *************** CSIM start ***************
INFO: [SIM 211-4] CSIM will launch GCC as the compiler.
Execute     source csim/.lst_opt.tcl 
Execute     is_encrypted D:/Xilinx/Project/LSTM/lstm_hls/dynamic_quant/dyn_quant/src/main.cpp 
Execute     is_xip D:/Xilinx/Project/LSTM/lstm_hls/dynamic_quant/dyn_quant/src/main.cpp 
Execute     is_encrypted D:/Xilinx/Project/LSTM/lstm_hls/dynamic_quant/dyn_quant/src/test_mixed_precision_lstm.cpp 
Execute     is_xip D:/Xilinx/Project/LSTM/lstm_hls/dynamic_quant/dyn_quant/src/test_mixed_precision_lstm.cpp 
Execute     is_encrypted D:/Xilinx/Project/LSTM/lstm_hls/dynamic_quant/dyn_quant/src/fixed_lstm.cpp 
Execute     is_xip D:/Xilinx/Project/LSTM/lstm_hls/dynamic_quant/dyn_quant/src/fixed_lstm.cpp 
Execute     is_encrypted D:/Xilinx/Project/LSTM/lstm_hls/dynamic_quant/dyn_quant/src/fixed_lstm.h 
Execute     is_xip D:/Xilinx/Project/LSTM/lstm_hls/dynamic_quant/dyn_quant/src/fixed_lstm.h 
Execute     is_encrypted D:/Xilinx/Project/LSTM/lstm_hls/dynamic_quant/dyn_quant/src/infer_fixed.cpp 
Execute     is_xip D:/Xilinx/Project/LSTM/lstm_hls/dynamic_quant/dyn_quant/src/infer_fixed.cpp 
Execute     is_encrypted D:/Xilinx/Project/LSTM/lstm_hls/dynamic_quant/dyn_quant/src/utils.h 
Execute     is_xip D:/Xilinx/Project/LSTM/lstm_hls/dynamic_quant/dyn_quant/src/utils.h 
Execute     is_encrypted D:/Xilinx/Project/LSTM/lstm_hls/dynamic_quant/dyn_quant/src/weight.cpp 
Execute     is_xip D:/Xilinx/Project/LSTM/lstm_hls/dynamic_quant/dyn_quant/src/weight.cpp 
Execute     get_default_platform 
Execute     source run_sim.tcl 
Command     ap_source done; 1.575 sec.
INFO: [SIM 211-1] CSim done with 0 errors.
INFO: [SIM 211-3] *************** CSIM finish ***************
Command   csim_design done; 8.574 sec.
Command ap_source done; 8.728 sec.
Execute cleanup_all 
INFO-FLOW: Workspace D:/Xilinx/Project/LSTM/lstm_hls/dynamic_quant/dyn_quant/solution1 opened at Fri Apr 04 18:57:47 +0800 2025
Execute     config_clock -quiet -name default -period 10 -default=false 
INFO: [SYN 201-201] Setting up clock 'default' with a period of 10ns.
Execute     open_platform DefaultPlatform 
Execute     import_lib D:/Xilinx/Vivado/2018.3/common/technology/xilinx/zynq/zynq 
Execute       source D:/Xilinx/Vivado/2018.3/common/technology/xilinx/common/xilinx.lib 
Execute         source D:/Xilinx/Vivado/2018.3/common/technology/xilinx/interface/xilinx_interface.lib 
Execute           source D:/Xilinx/Vivado/2018.3/common/technology/xilinx/interface/plb46.lib 
Execute           source D:/Xilinx/Vivado/2018.3/common/technology/xilinx/interface/fsl.lib 
Execute           source D:/Xilinx/Vivado/2018.3/common/technology/xilinx/interface/axi4.lib 
Execute           source D:/Xilinx/Vivado/2018.3/common/technology/xilinx/interface/maxi.lib 
Execute           source D:/Xilinx/Vivado/2018.3/common/technology/xilinx/interface/saxilite.lib 
Execute         source D:/Xilinx/Vivado/2018.3/common/technology/xilinx/common/dsp48.lib 
Execute         source D:/Xilinx/Vivado/2018.3/common/technology/xilinx/ip/dds_compiler.lib 
Execute         source D:/Xilinx/Vivado/2018.3/common/technology/xilinx/ip/xfft.lib 
Execute         source D:/Xilinx/Vivado/2018.3/common/technology/xilinx/ip/xfir.lib 
Execute       source D:/Xilinx/Vivado/2018.3/common/technology/xilinx/common/xilinx_old.lib 
Execute       source D:/Xilinx/Vivado/2018.3/common/technology/xilinx/common/xilinx_vivado.lib 
Execute       source D:/Xilinx/Vivado/2018.3/common/technology/xilinx/common/xilinx.hlp 
Execute         source D:/Xilinx/Vivado/2018.3/common/technology/xilinx/common/target_info.tcl 
Execute         source D:/Xilinx/Vivado/2018.3/common/technology/xilinx/interface/xilinx_interface.hlp 
Execute           source D:/Xilinx/Vivado/2018.3/common/technology/xilinx/interface/maxi.hlp 
Execute           source D:/Xilinx/Vivado/2018.3/common/technology/xilinx/interface/saxilite.hlp 
Execute         source D:/Xilinx/Vivado/2018.3/common/technology/xilinx/common/dsp48.hlp 
Execute       source D:/Xilinx/Vivado/2018.3/common/technology/xilinx/zynq/dsp48e1.hlp 
Execute       get_default_platform 
Execute       config_chip_info -quiet -resource  {SLICE 13300}  {LUT 53200}     {FF 106400} {DSP48E 220}   {BRAM 280}  
Execute       config_chip_info -quiet -speed medium 
Execute       source D:/Xilinx/Vivado/2018.3/common/technology/xilinx/common/xilinx.hlp 
Execute         source D:/Xilinx/Vivado/2018.3/common/technology/xilinx/common/target_info.tcl 
Execute         source D:/Xilinx/Vivado/2018.3/common/technology/xilinx/interface/xilinx_interface.hlp 
Execute           source D:/Xilinx/Vivado/2018.3/common/technology/xilinx/interface/maxi.hlp 
Execute           source D:/Xilinx/Vivado/2018.3/common/technology/xilinx/interface/saxilite.hlp 
Execute         source D:/Xilinx/Vivado/2018.3/common/technology/xilinx/common/dsp48.hlp 
Execute     source D:/Xilinx/Vivado/2018.3/common/technology/xilinx/zynq/zynq.gen 
Execute       source D:/Xilinx/Vivado/2018.3/common/technology/xilinx/common/virtex.gen 
Execute         source D:/Xilinx/Vivado/2018.3/common/technology/xilinx/common/xilinx.gen 
Execute           source D:/Xilinx/Vivado/2018.3/common/technology/xilinx/interface/plb46.gen 
Execute           source D:/Xilinx/Vivado/2018.3/common/technology/xilinx/interface/fsl.gen 
Execute           source D:/Xilinx/Vivado/2018.3/common/technology/xilinx/interface/axi4.gen 
Execute           source D:/Xilinx/Vivado/2018.3/common/technology/xilinx/interface/nativeAXI4.gen 
Execute             source D:/Xilinx/Vivado/2018.3/common/technology/xilinx/interface/saxilite.gen 
Execute             source D:/Xilinx/Vivado/2018.3/common/technology/xilinx/interface/maxi.gen 
Execute           source D:/Xilinx/Vivado/2018.3/common/technology/xilinx/scripts/xilinxcoregen.gen 
Execute           source D:/Xilinx/Vivado/2018.3/common/technology/xilinx/interface/XilEDKCoreGen.gen 
Execute           source D:/Xilinx/Vivado/2018.3/common/technology/xilinx/ip/dds_compiler.gen 
Execute           source D:/Xilinx/Vivado/2018.3/common/technology/xilinx/ip/util.gen 
Execute           source D:/Xilinx/Vivado/2018.3/common/technology/xilinx/ip/xfft.gen 
Execute           source D:/Xilinx/Vivado/2018.3/common/technology/xilinx/ip/xfir.gen 
Execute         source D:/Xilinx/Vivado/2018.3/common/technology/xilinx/common/dsp48.gen 
Execute     open_platform DefaultPlatform 
Execute     import_lib D:/Xilinx/Vivado/2018.3/common/technology/xilinx/zynq/zynq_fpv6 
Execute       source D:/Xilinx/Vivado/2018.3/common/technology/xilinx/common/xilinx_fpv7.lib 
Execute         source D:/Xilinx/Vivado/2018.3/common/technology/xilinx/common/xilinx_hp.lib 
Execute       source D:/Xilinx/Vivado/2018.3/common/technology/xilinx/common/xilinx_fpv.hlp 
Execute         source D:/Xilinx/Vivado/2018.3/common/technology/xilinx/common/xilinx.hlp 
Execute           source D:/Xilinx/Vivado/2018.3/common/technology/xilinx/common/target_info.tcl 
Execute           source D:/Xilinx/Vivado/2018.3/common/technology/xilinx/interface/xilinx_interface.hlp 
Execute             source D:/Xilinx/Vivado/2018.3/common/technology/xilinx/interface/maxi.hlp 
Execute             source D:/Xilinx/Vivado/2018.3/common/technology/xilinx/interface/saxilite.hlp 
Execute           source D:/Xilinx/Vivado/2018.3/common/technology/xilinx/common/dsp48.hlp 
Execute       source D:/Xilinx/Vivado/2018.3/common/technology/xilinx/zynq/zynq_hp.hlp 
Execute     source D:/Xilinx/Vivado/2018.3/common/technology/xilinx/zynq/zynq_fpv6.gen 
Execute       source D:/Xilinx/Vivado/2018.3/common/technology/xilinx/common/xilinx_fpv6.gen 
Execute     set_part xc7z020clg400-2 
Execute       add_library xilinx/zynq/zynq:xc7z020:clg400:-2 
Execute         get_default_platform 
Execute         license_isbetapart xc7z020 
Command         license_isbetapart done; error code: 1; 
Execute         get_default_platform 
Execute         config_chip_info -quiet -resource  {SLICE 13300}  {LUT 53200}     {FF 106400} {DSP48E 220}   {BRAM 280}  
Execute         config_chip_info -quiet -speed medium 
Execute       add_library xilinx/zynq/zynq_fpv6 
Execute         get_default_platform 
INFO: [HLS 200-10] Setting target device to 'xc7z020clg400-2'
Execute       get_default_platform 
Execute     get_default_platform 
Execute     config_chip_info -quiet -resource  {SLICE 13300}  {LUT 53200}     {FF 106400} {DSP48E 220}   {BRAM 280}  
Execute     config_chip_info -quiet -speed medium 
Command   open_solution done; 0.158 sec.
Execute   csim_design -quiet 
INFO: [SIM 211-2] *************** CSIM start ***************
INFO: [SIM 211-4] CSIM will launch GCC as the compiler.
Execute     source csim/.lst_opt.tcl 
Execute     is_encrypted D:/Xilinx/Project/LSTM/lstm_hls/dynamic_quant/dyn_quant/src/main.cpp 
Execute     is_xip D:/Xilinx/Project/LSTM/lstm_hls/dynamic_quant/dyn_quant/src/main.cpp 
Execute     is_encrypted D:/Xilinx/Project/LSTM/lstm_hls/dynamic_quant/dyn_quant/src/test_mixed_precision_lstm.cpp 
Execute     is_xip D:/Xilinx/Project/LSTM/lstm_hls/dynamic_quant/dyn_quant/src/test_mixed_precision_lstm.cpp 
Execute     is_encrypted D:/Xilinx/Project/LSTM/lstm_hls/dynamic_quant/dyn_quant/src/fixed_lstm.cpp 
Execute     is_xip D:/Xilinx/Project/LSTM/lstm_hls/dynamic_quant/dyn_quant/src/fixed_lstm.cpp 
Execute     is_encrypted D:/Xilinx/Project/LSTM/lstm_hls/dynamic_quant/dyn_quant/src/fixed_lstm.h 
Execute     is_xip D:/Xilinx/Project/LSTM/lstm_hls/dynamic_quant/dyn_quant/src/fixed_lstm.h 
Execute     is_encrypted D:/Xilinx/Project/LSTM/lstm_hls/dynamic_quant/dyn_quant/src/infer_fixed.cpp 
Execute     is_xip D:/Xilinx/Project/LSTM/lstm_hls/dynamic_quant/dyn_quant/src/infer_fixed.cpp 
Execute     is_encrypted D:/Xilinx/Project/LSTM/lstm_hls/dynamic_quant/dyn_quant/src/utils.h 
Execute     is_xip D:/Xilinx/Project/LSTM/lstm_hls/dynamic_quant/dyn_quant/src/utils.h 
Execute     is_encrypted D:/Xilinx/Project/LSTM/lstm_hls/dynamic_quant/dyn_quant/src/weight.cpp 
Execute     is_xip D:/Xilinx/Project/LSTM/lstm_hls/dynamic_quant/dyn_quant/src/weight.cpp 
Execute     get_default_platform 
Execute     source run_sim.tcl 
Command     ap_source done; 1.512 sec.
INFO: [SIM 211-1] CSim done with 0 errors.
INFO: [SIM 211-3] *************** CSIM finish ***************
Command   csim_design done; 8.347 sec.
Command ap_source done; 8.509 sec.
Execute cleanup_all 
INFO-FLOW: Workspace D:/Xilinx/Project/LSTM/lstm_hls/dynamic_quant/dyn_quant/solution1 opened at Fri Apr 04 19:28:50 +0800 2025
Execute     config_clock -quiet -name default -period 10 -default=false 
INFO: [SYN 201-201] Setting up clock 'default' with a period of 10ns.
Execute     open_platform DefaultPlatform 
Execute     import_lib D:/Xilinx/Vivado/2018.3/common/technology/xilinx/zynq/zynq 
Execute       source D:/Xilinx/Vivado/2018.3/common/technology/xilinx/common/xilinx.lib 
Execute         source D:/Xilinx/Vivado/2018.3/common/technology/xilinx/interface/xilinx_interface.lib 
Execute           source D:/Xilinx/Vivado/2018.3/common/technology/xilinx/interface/plb46.lib 
Execute           source D:/Xilinx/Vivado/2018.3/common/technology/xilinx/interface/fsl.lib 
Execute           source D:/Xilinx/Vivado/2018.3/common/technology/xilinx/interface/axi4.lib 
Execute           source D:/Xilinx/Vivado/2018.3/common/technology/xilinx/interface/maxi.lib 
Execute           source D:/Xilinx/Vivado/2018.3/common/technology/xilinx/interface/saxilite.lib 
Execute         source D:/Xilinx/Vivado/2018.3/common/technology/xilinx/common/dsp48.lib 
Execute         source D:/Xilinx/Vivado/2018.3/common/technology/xilinx/ip/dds_compiler.lib 
Execute         source D:/Xilinx/Vivado/2018.3/common/technology/xilinx/ip/xfft.lib 
Execute         source D:/Xilinx/Vivado/2018.3/common/technology/xilinx/ip/xfir.lib 
Execute       source D:/Xilinx/Vivado/2018.3/common/technology/xilinx/common/xilinx_old.lib 
Execute       source D:/Xilinx/Vivado/2018.3/common/technology/xilinx/common/xilinx_vivado.lib 
Execute       source D:/Xilinx/Vivado/2018.3/common/technology/xilinx/common/xilinx.hlp 
Execute         source D:/Xilinx/Vivado/2018.3/common/technology/xilinx/common/target_info.tcl 
Execute         source D:/Xilinx/Vivado/2018.3/common/technology/xilinx/interface/xilinx_interface.hlp 
Execute           source D:/Xilinx/Vivado/2018.3/common/technology/xilinx/interface/maxi.hlp 
Execute           source D:/Xilinx/Vivado/2018.3/common/technology/xilinx/interface/saxilite.hlp 
Execute         source D:/Xilinx/Vivado/2018.3/common/technology/xilinx/common/dsp48.hlp 
Execute       source D:/Xilinx/Vivado/2018.3/common/technology/xilinx/zynq/dsp48e1.hlp 
Execute       get_default_platform 
Execute       config_chip_info -quiet -resource  {SLICE 13300}  {LUT 53200}     {FF 106400} {DSP48E 220}   {BRAM 280}  
Execute       config_chip_info -quiet -speed medium 
Execute       source D:/Xilinx/Vivado/2018.3/common/technology/xilinx/common/xilinx.hlp 
Execute         source D:/Xilinx/Vivado/2018.3/common/technology/xilinx/common/target_info.tcl 
Execute         source D:/Xilinx/Vivado/2018.3/common/technology/xilinx/interface/xilinx_interface.hlp 
Execute           source D:/Xilinx/Vivado/2018.3/common/technology/xilinx/interface/maxi.hlp 
Execute           source D:/Xilinx/Vivado/2018.3/common/technology/xilinx/interface/saxilite.hlp 
Execute         source D:/Xilinx/Vivado/2018.3/common/technology/xilinx/common/dsp48.hlp 
Execute     source D:/Xilinx/Vivado/2018.3/common/technology/xilinx/zynq/zynq.gen 
Execute       source D:/Xilinx/Vivado/2018.3/common/technology/xilinx/common/virtex.gen 
Execute         source D:/Xilinx/Vivado/2018.3/common/technology/xilinx/common/xilinx.gen 
Execute           source D:/Xilinx/Vivado/2018.3/common/technology/xilinx/interface/plb46.gen 
Execute           source D:/Xilinx/Vivado/2018.3/common/technology/xilinx/interface/fsl.gen 
Execute           source D:/Xilinx/Vivado/2018.3/common/technology/xilinx/interface/axi4.gen 
Execute           source D:/Xilinx/Vivado/2018.3/common/technology/xilinx/interface/nativeAXI4.gen 
Execute             source D:/Xilinx/Vivado/2018.3/common/technology/xilinx/interface/saxilite.gen 
Execute             source D:/Xilinx/Vivado/2018.3/common/technology/xilinx/interface/maxi.gen 
Execute           source D:/Xilinx/Vivado/2018.3/common/technology/xilinx/scripts/xilinxcoregen.gen 
Execute           source D:/Xilinx/Vivado/2018.3/common/technology/xilinx/interface/XilEDKCoreGen.gen 
Execute           source D:/Xilinx/Vivado/2018.3/common/technology/xilinx/ip/dds_compiler.gen 
Execute           source D:/Xilinx/Vivado/2018.3/common/technology/xilinx/ip/util.gen 
Execute           source D:/Xilinx/Vivado/2018.3/common/technology/xilinx/ip/xfft.gen 
Execute           source D:/Xilinx/Vivado/2018.3/common/technology/xilinx/ip/xfir.gen 
Execute         source D:/Xilinx/Vivado/2018.3/common/technology/xilinx/common/dsp48.gen 
Execute     open_platform DefaultPlatform 
Execute     import_lib D:/Xilinx/Vivado/2018.3/common/technology/xilinx/zynq/zynq_fpv6 
Execute       source D:/Xilinx/Vivado/2018.3/common/technology/xilinx/common/xilinx_fpv7.lib 
Execute         source D:/Xilinx/Vivado/2018.3/common/technology/xilinx/common/xilinx_hp.lib 
Execute       source D:/Xilinx/Vivado/2018.3/common/technology/xilinx/common/xilinx_fpv.hlp 
Execute         source D:/Xilinx/Vivado/2018.3/common/technology/xilinx/common/xilinx.hlp 
Execute           source D:/Xilinx/Vivado/2018.3/common/technology/xilinx/common/target_info.tcl 
Execute           source D:/Xilinx/Vivado/2018.3/common/technology/xilinx/interface/xilinx_interface.hlp 
Execute             source D:/Xilinx/Vivado/2018.3/common/technology/xilinx/interface/maxi.hlp 
Execute             source D:/Xilinx/Vivado/2018.3/common/technology/xilinx/interface/saxilite.hlp 
Execute           source D:/Xilinx/Vivado/2018.3/common/technology/xilinx/common/dsp48.hlp 
Execute       source D:/Xilinx/Vivado/2018.3/common/technology/xilinx/zynq/zynq_hp.hlp 
Execute     source D:/Xilinx/Vivado/2018.3/common/technology/xilinx/zynq/zynq_fpv6.gen 
Execute       source D:/Xilinx/Vivado/2018.3/common/technology/xilinx/common/xilinx_fpv6.gen 
Execute     set_part xc7z020clg400-2 
Execute       add_library xilinx/zynq/zynq:xc7z020:clg400:-2 
Execute         get_default_platform 
Execute         license_isbetapart xc7z020 
Command         license_isbetapart done; error code: 1; 
Execute         get_default_platform 
Execute         config_chip_info -quiet -resource  {SLICE 13300}  {LUT 53200}     {FF 106400} {DSP48E 220}   {BRAM 280}  
Execute         config_chip_info -quiet -speed medium 
Execute       add_library xilinx/zynq/zynq_fpv6 
Execute         get_default_platform 
INFO: [HLS 200-10] Setting target device to 'xc7z020clg400-2'
Execute       get_default_platform 
Execute     get_default_platform 
Execute     config_chip_info -quiet -resource  {SLICE 13300}  {LUT 53200}     {FF 106400} {DSP48E 220}   {BRAM 280}  
Execute     config_chip_info -quiet -speed medium 
Command   open_solution done; 0.193 sec.
Execute   csim_design -quiet 
INFO: [SIM 211-2] *************** CSIM start ***************
INFO: [SIM 211-4] CSIM will launch GCC as the compiler.
Execute     source csim/.lst_opt.tcl 
Execute     is_encrypted D:/Xilinx/Project/LSTM/lstm_hls/dynamic_quant/dyn_quant/src/main.cpp 
Execute     is_xip D:/Xilinx/Project/LSTM/lstm_hls/dynamic_quant/dyn_quant/src/main.cpp 
Execute     is_encrypted D:/Xilinx/Project/LSTM/lstm_hls/dynamic_quant/dyn_quant/src/test_mixed_precision_lstm.cpp 
Execute     is_xip D:/Xilinx/Project/LSTM/lstm_hls/dynamic_quant/dyn_quant/src/test_mixed_precision_lstm.cpp 
Execute     is_encrypted D:/Xilinx/Project/LSTM/lstm_hls/dynamic_quant/dyn_quant/src/fixed_lstm.cpp 
Execute     is_xip D:/Xilinx/Project/LSTM/lstm_hls/dynamic_quant/dyn_quant/src/fixed_lstm.cpp 
Execute     is_encrypted D:/Xilinx/Project/LSTM/lstm_hls/dynamic_quant/dyn_quant/src/fixed_lstm.h 
Execute     is_xip D:/Xilinx/Project/LSTM/lstm_hls/dynamic_quant/dyn_quant/src/fixed_lstm.h 
Execute     is_encrypted D:/Xilinx/Project/LSTM/lstm_hls/dynamic_quant/dyn_quant/src/infer_fixed.cpp 
Execute     is_xip D:/Xilinx/Project/LSTM/lstm_hls/dynamic_quant/dyn_quant/src/infer_fixed.cpp 
Execute     is_encrypted D:/Xilinx/Project/LSTM/lstm_hls/dynamic_quant/dyn_quant/src/utils.h 
Execute     is_xip D:/Xilinx/Project/LSTM/lstm_hls/dynamic_quant/dyn_quant/src/utils.h 
Execute     is_encrypted D:/Xilinx/Project/LSTM/lstm_hls/dynamic_quant/dyn_quant/src/weight.cpp 
Execute     is_xip D:/Xilinx/Project/LSTM/lstm_hls/dynamic_quant/dyn_quant/src/weight.cpp 
Execute     get_default_platform 
Execute     source run_sim.tcl 
Command     ap_source done; 1.31 sec.
INFO: [SIM 211-1] CSim done with 0 errors.
INFO: [SIM 211-3] *************** CSIM finish ***************
Command   csim_design done; 18.397 sec.
Command ap_source done; 18.595 sec.
Execute cleanup_all 
INFO-FLOW: Workspace D:/Xilinx/Project/LSTM/lstm_hls/dynamic_quant/dyn_quant/solution1 opened at Fri Apr 04 19:29:56 +0800 2025
Execute     config_clock -quiet -name default -period 10 -default=false 
INFO: [SYN 201-201] Setting up clock 'default' with a period of 10ns.
Execute     open_platform DefaultPlatform 
Execute     import_lib D:/Xilinx/Vivado/2018.3/common/technology/xilinx/zynq/zynq 
Execute       source D:/Xilinx/Vivado/2018.3/common/technology/xilinx/common/xilinx.lib 
Execute         source D:/Xilinx/Vivado/2018.3/common/technology/xilinx/interface/xilinx_interface.lib 
Execute           source D:/Xilinx/Vivado/2018.3/common/technology/xilinx/interface/plb46.lib 
Execute           source D:/Xilinx/Vivado/2018.3/common/technology/xilinx/interface/fsl.lib 
Execute           source D:/Xilinx/Vivado/2018.3/common/technology/xilinx/interface/axi4.lib 
Execute           source D:/Xilinx/Vivado/2018.3/common/technology/xilinx/interface/maxi.lib 
Execute           source D:/Xilinx/Vivado/2018.3/common/technology/xilinx/interface/saxilite.lib 
Execute         source D:/Xilinx/Vivado/2018.3/common/technology/xilinx/common/dsp48.lib 
Execute         source D:/Xilinx/Vivado/2018.3/common/technology/xilinx/ip/dds_compiler.lib 
Execute         source D:/Xilinx/Vivado/2018.3/common/technology/xilinx/ip/xfft.lib 
Execute         source D:/Xilinx/Vivado/2018.3/common/technology/xilinx/ip/xfir.lib 
Execute       source D:/Xilinx/Vivado/2018.3/common/technology/xilinx/common/xilinx_old.lib 
Execute       source D:/Xilinx/Vivado/2018.3/common/technology/xilinx/common/xilinx_vivado.lib 
Execute       source D:/Xilinx/Vivado/2018.3/common/technology/xilinx/common/xilinx.hlp 
Execute         source D:/Xilinx/Vivado/2018.3/common/technology/xilinx/common/target_info.tcl 
Execute         source D:/Xilinx/Vivado/2018.3/common/technology/xilinx/interface/xilinx_interface.hlp 
Execute           source D:/Xilinx/Vivado/2018.3/common/technology/xilinx/interface/maxi.hlp 
Execute           source D:/Xilinx/Vivado/2018.3/common/technology/xilinx/interface/saxilite.hlp 
Execute         source D:/Xilinx/Vivado/2018.3/common/technology/xilinx/common/dsp48.hlp 
Execute       source D:/Xilinx/Vivado/2018.3/common/technology/xilinx/zynq/dsp48e1.hlp 
Execute       get_default_platform 
Execute       config_chip_info -quiet -resource  {SLICE 13300}  {LUT 53200}     {FF 106400} {DSP48E 220}   {BRAM 280}  
Execute       config_chip_info -quiet -speed medium 
Execute       source D:/Xilinx/Vivado/2018.3/common/technology/xilinx/common/xilinx.hlp 
Execute         source D:/Xilinx/Vivado/2018.3/common/technology/xilinx/common/target_info.tcl 
Execute         source D:/Xilinx/Vivado/2018.3/common/technology/xilinx/interface/xilinx_interface.hlp 
Execute           source D:/Xilinx/Vivado/2018.3/common/technology/xilinx/interface/maxi.hlp 
Execute           source D:/Xilinx/Vivado/2018.3/common/technology/xilinx/interface/saxilite.hlp 
Execute         source D:/Xilinx/Vivado/2018.3/common/technology/xilinx/common/dsp48.hlp 
Execute     source D:/Xilinx/Vivado/2018.3/common/technology/xilinx/zynq/zynq.gen 
Execute       source D:/Xilinx/Vivado/2018.3/common/technology/xilinx/common/virtex.gen 
Execute         source D:/Xilinx/Vivado/2018.3/common/technology/xilinx/common/xilinx.gen 
Execute           source D:/Xilinx/Vivado/2018.3/common/technology/xilinx/interface/plb46.gen 
Execute           source D:/Xilinx/Vivado/2018.3/common/technology/xilinx/interface/fsl.gen 
Execute           source D:/Xilinx/Vivado/2018.3/common/technology/xilinx/interface/axi4.gen 
Execute           source D:/Xilinx/Vivado/2018.3/common/technology/xilinx/interface/nativeAXI4.gen 
Execute             source D:/Xilinx/Vivado/2018.3/common/technology/xilinx/interface/saxilite.gen 
Execute             source D:/Xilinx/Vivado/2018.3/common/technology/xilinx/interface/maxi.gen 
Execute           source D:/Xilinx/Vivado/2018.3/common/technology/xilinx/scripts/xilinxcoregen.gen 
Execute           source D:/Xilinx/Vivado/2018.3/common/technology/xilinx/interface/XilEDKCoreGen.gen 
Execute           source D:/Xilinx/Vivado/2018.3/common/technology/xilinx/ip/dds_compiler.gen 
Execute           source D:/Xilinx/Vivado/2018.3/common/technology/xilinx/ip/util.gen 
Execute           source D:/Xilinx/Vivado/2018.3/common/technology/xilinx/ip/xfft.gen 
Execute           source D:/Xilinx/Vivado/2018.3/common/technology/xilinx/ip/xfir.gen 
Execute         source D:/Xilinx/Vivado/2018.3/common/technology/xilinx/common/dsp48.gen 
Execute     open_platform DefaultPlatform 
Execute     import_lib D:/Xilinx/Vivado/2018.3/common/technology/xilinx/zynq/zynq_fpv6 
Execute       source D:/Xilinx/Vivado/2018.3/common/technology/xilinx/common/xilinx_fpv7.lib 
Execute         source D:/Xilinx/Vivado/2018.3/common/technology/xilinx/common/xilinx_hp.lib 
Execute       source D:/Xilinx/Vivado/2018.3/common/technology/xilinx/common/xilinx_fpv.hlp 
Execute         source D:/Xilinx/Vivado/2018.3/common/technology/xilinx/common/xilinx.hlp 
Execute           source D:/Xilinx/Vivado/2018.3/common/technology/xilinx/common/target_info.tcl 
Execute           source D:/Xilinx/Vivado/2018.3/common/technology/xilinx/interface/xilinx_interface.hlp 
Execute             source D:/Xilinx/Vivado/2018.3/common/technology/xilinx/interface/maxi.hlp 
Execute             source D:/Xilinx/Vivado/2018.3/common/technology/xilinx/interface/saxilite.hlp 
Execute           source D:/Xilinx/Vivado/2018.3/common/technology/xilinx/common/dsp48.hlp 
Execute       source D:/Xilinx/Vivado/2018.3/common/technology/xilinx/zynq/zynq_hp.hlp 
Execute     source D:/Xilinx/Vivado/2018.3/common/technology/xilinx/zynq/zynq_fpv6.gen 
Execute       source D:/Xilinx/Vivado/2018.3/common/technology/xilinx/common/xilinx_fpv6.gen 
Execute     set_part xc7z020clg400-2 
Execute       add_library xilinx/zynq/zynq:xc7z020:clg400:-2 
Execute         get_default_platform 
Execute         license_isbetapart xc7z020 
Command         license_isbetapart done; error code: 1; 
Execute         get_default_platform 
Execute         config_chip_info -quiet -resource  {SLICE 13300}  {LUT 53200}     {FF 106400} {DSP48E 220}   {BRAM 280}  
Execute         config_chip_info -quiet -speed medium 
Execute       add_library xilinx/zynq/zynq_fpv6 
Execute         get_default_platform 
INFO: [HLS 200-10] Setting target device to 'xc7z020clg400-2'
Execute       get_default_platform 
Execute     get_default_platform 
Execute     config_chip_info -quiet -resource  {SLICE 13300}  {LUT 53200}     {FF 106400} {DSP48E 220}   {BRAM 280}  
Execute     config_chip_info -quiet -speed medium 
Command   open_solution done; 0.16 sec.
Execute   csim_design -quiet 
INFO: [SIM 211-2] *************** CSIM start ***************
INFO: [SIM 211-4] CSIM will launch GCC as the compiler.
Execute     source csim/.lst_opt.tcl 
Execute     is_encrypted D:/Xilinx/Project/LSTM/lstm_hls/dynamic_quant/dyn_quant/src/main.cpp 
Execute     is_xip D:/Xilinx/Project/LSTM/lstm_hls/dynamic_quant/dyn_quant/src/main.cpp 
Execute     is_encrypted D:/Xilinx/Project/LSTM/lstm_hls/dynamic_quant/dyn_quant/src/test_mixed_precision_lstm.cpp 
Execute     is_xip D:/Xilinx/Project/LSTM/lstm_hls/dynamic_quant/dyn_quant/src/test_mixed_precision_lstm.cpp 
Execute     is_encrypted D:/Xilinx/Project/LSTM/lstm_hls/dynamic_quant/dyn_quant/src/fixed_lstm.cpp 
Execute     is_xip D:/Xilinx/Project/LSTM/lstm_hls/dynamic_quant/dyn_quant/src/fixed_lstm.cpp 
Execute     is_encrypted D:/Xilinx/Project/LSTM/lstm_hls/dynamic_quant/dyn_quant/src/fixed_lstm.h 
Execute     is_xip D:/Xilinx/Project/LSTM/lstm_hls/dynamic_quant/dyn_quant/src/fixed_lstm.h 
Execute     is_encrypted D:/Xilinx/Project/LSTM/lstm_hls/dynamic_quant/dyn_quant/src/infer_fixed.cpp 
Execute     is_xip D:/Xilinx/Project/LSTM/lstm_hls/dynamic_quant/dyn_quant/src/infer_fixed.cpp 
Execute     is_encrypted D:/Xilinx/Project/LSTM/lstm_hls/dynamic_quant/dyn_quant/src/utils.h 
Execute     is_xip D:/Xilinx/Project/LSTM/lstm_hls/dynamic_quant/dyn_quant/src/utils.h 
Execute     is_encrypted D:/Xilinx/Project/LSTM/lstm_hls/dynamic_quant/dyn_quant/src/weight.cpp 
Execute     is_xip D:/Xilinx/Project/LSTM/lstm_hls/dynamic_quant/dyn_quant/src/weight.cpp 
Execute     get_default_platform 
Execute     source run_sim.tcl 
Command     ap_source done; 1.144 sec.
INFO: [SIM 211-1] CSim done with 0 errors.
INFO: [SIM 211-3] *************** CSIM finish ***************
Command   csim_design done; 8.053 sec.
Command ap_source done; 8.217 sec.
Execute cleanup_all 
INFO-FLOW: Workspace D:/Xilinx/Project/LSTM/lstm_hls/dynamic_quant/dyn_quant/solution1 opened at Fri Apr 04 19:37:29 +0800 2025
Execute     config_clock -quiet -name default -period 10 -default=false 
INFO: [SYN 201-201] Setting up clock 'default' with a period of 10ns.
Execute     open_platform DefaultPlatform 
Execute     import_lib D:/Xilinx/Vivado/2018.3/common/technology/xilinx/zynq/zynq 
Execute       source D:/Xilinx/Vivado/2018.3/common/technology/xilinx/common/xilinx.lib 
Execute         source D:/Xilinx/Vivado/2018.3/common/technology/xilinx/interface/xilinx_interface.lib 
Execute           source D:/Xilinx/Vivado/2018.3/common/technology/xilinx/interface/plb46.lib 
Execute           source D:/Xilinx/Vivado/2018.3/common/technology/xilinx/interface/fsl.lib 
Execute           source D:/Xilinx/Vivado/2018.3/common/technology/xilinx/interface/axi4.lib 
Execute           source D:/Xilinx/Vivado/2018.3/common/technology/xilinx/interface/maxi.lib 
Execute           source D:/Xilinx/Vivado/2018.3/common/technology/xilinx/interface/saxilite.lib 
Execute         source D:/Xilinx/Vivado/2018.3/common/technology/xilinx/common/dsp48.lib 
Execute         source D:/Xilinx/Vivado/2018.3/common/technology/xilinx/ip/dds_compiler.lib 
Execute         source D:/Xilinx/Vivado/2018.3/common/technology/xilinx/ip/xfft.lib 
Execute         source D:/Xilinx/Vivado/2018.3/common/technology/xilinx/ip/xfir.lib 
Execute       source D:/Xilinx/Vivado/2018.3/common/technology/xilinx/common/xilinx_old.lib 
Execute       source D:/Xilinx/Vivado/2018.3/common/technology/xilinx/common/xilinx_vivado.lib 
Execute       source D:/Xilinx/Vivado/2018.3/common/technology/xilinx/common/xilinx.hlp 
Execute         source D:/Xilinx/Vivado/2018.3/common/technology/xilinx/common/target_info.tcl 
Execute         source D:/Xilinx/Vivado/2018.3/common/technology/xilinx/interface/xilinx_interface.hlp 
Execute           source D:/Xilinx/Vivado/2018.3/common/technology/xilinx/interface/maxi.hlp 
Execute           source D:/Xilinx/Vivado/2018.3/common/technology/xilinx/interface/saxilite.hlp 
Execute         source D:/Xilinx/Vivado/2018.3/common/technology/xilinx/common/dsp48.hlp 
Execute       source D:/Xilinx/Vivado/2018.3/common/technology/xilinx/zynq/dsp48e1.hlp 
Execute       get_default_platform 
Execute       config_chip_info -quiet -resource  {SLICE 13300}  {LUT 53200}     {FF 106400} {DSP48E 220}   {BRAM 280}  
Execute       config_chip_info -quiet -speed medium 
Execute       source D:/Xilinx/Vivado/2018.3/common/technology/xilinx/common/xilinx.hlp 
Execute         source D:/Xilinx/Vivado/2018.3/common/technology/xilinx/common/target_info.tcl 
Execute         source D:/Xilinx/Vivado/2018.3/common/technology/xilinx/interface/xilinx_interface.hlp 
Execute           source D:/Xilinx/Vivado/2018.3/common/technology/xilinx/interface/maxi.hlp 
Execute           source D:/Xilinx/Vivado/2018.3/common/technology/xilinx/interface/saxilite.hlp 
Execute         source D:/Xilinx/Vivado/2018.3/common/technology/xilinx/common/dsp48.hlp 
Execute     source D:/Xilinx/Vivado/2018.3/common/technology/xilinx/zynq/zynq.gen 
Execute       source D:/Xilinx/Vivado/2018.3/common/technology/xilinx/common/virtex.gen 
Execute         source D:/Xilinx/Vivado/2018.3/common/technology/xilinx/common/xilinx.gen 
Execute           source D:/Xilinx/Vivado/2018.3/common/technology/xilinx/interface/plb46.gen 
Execute           source D:/Xilinx/Vivado/2018.3/common/technology/xilinx/interface/fsl.gen 
Execute           source D:/Xilinx/Vivado/2018.3/common/technology/xilinx/interface/axi4.gen 
Execute           source D:/Xilinx/Vivado/2018.3/common/technology/xilinx/interface/nativeAXI4.gen 
Execute             source D:/Xilinx/Vivado/2018.3/common/technology/xilinx/interface/saxilite.gen 
Execute             source D:/Xilinx/Vivado/2018.3/common/technology/xilinx/interface/maxi.gen 
Execute           source D:/Xilinx/Vivado/2018.3/common/technology/xilinx/scripts/xilinxcoregen.gen 
Execute           source D:/Xilinx/Vivado/2018.3/common/technology/xilinx/interface/XilEDKCoreGen.gen 
Execute           source D:/Xilinx/Vivado/2018.3/common/technology/xilinx/ip/dds_compiler.gen 
Execute           source D:/Xilinx/Vivado/2018.3/common/technology/xilinx/ip/util.gen 
Execute           source D:/Xilinx/Vivado/2018.3/common/technology/xilinx/ip/xfft.gen 
Execute           source D:/Xilinx/Vivado/2018.3/common/technology/xilinx/ip/xfir.gen 
Execute         source D:/Xilinx/Vivado/2018.3/common/technology/xilinx/common/dsp48.gen 
Execute     open_platform DefaultPlatform 
Execute     import_lib D:/Xilinx/Vivado/2018.3/common/technology/xilinx/zynq/zynq_fpv6 
Execute       source D:/Xilinx/Vivado/2018.3/common/technology/xilinx/common/xilinx_fpv7.lib 
Execute         source D:/Xilinx/Vivado/2018.3/common/technology/xilinx/common/xilinx_hp.lib 
Execute       source D:/Xilinx/Vivado/2018.3/common/technology/xilinx/common/xilinx_fpv.hlp 
Execute         source D:/Xilinx/Vivado/2018.3/common/technology/xilinx/common/xilinx.hlp 
Execute           source D:/Xilinx/Vivado/2018.3/common/technology/xilinx/common/target_info.tcl 
Execute           source D:/Xilinx/Vivado/2018.3/common/technology/xilinx/interface/xilinx_interface.hlp 
Execute             source D:/Xilinx/Vivado/2018.3/common/technology/xilinx/interface/maxi.hlp 
Execute             source D:/Xilinx/Vivado/2018.3/common/technology/xilinx/interface/saxilite.hlp 
Execute           source D:/Xilinx/Vivado/2018.3/common/technology/xilinx/common/dsp48.hlp 
Execute       source D:/Xilinx/Vivado/2018.3/common/technology/xilinx/zynq/zynq_hp.hlp 
Execute     source D:/Xilinx/Vivado/2018.3/common/technology/xilinx/zynq/zynq_fpv6.gen 
Execute       source D:/Xilinx/Vivado/2018.3/common/technology/xilinx/common/xilinx_fpv6.gen 
Execute     set_part xc7z020clg400-2 
Execute       add_library xilinx/zynq/zynq:xc7z020:clg400:-2 
Execute         get_default_platform 
Execute         license_isbetapart xc7z020 
Command         license_isbetapart done; error code: 1; 
Execute         get_default_platform 
Execute         config_chip_info -quiet -resource  {SLICE 13300}  {LUT 53200}     {FF 106400} {DSP48E 220}   {BRAM 280}  
Execute         config_chip_info -quiet -speed medium 
Execute       add_library xilinx/zynq/zynq_fpv6 
Execute         get_default_platform 
INFO: [HLS 200-10] Setting target device to 'xc7z020clg400-2'
Execute       get_default_platform 
Execute     get_default_platform 
Execute     config_chip_info -quiet -resource  {SLICE 13300}  {LUT 53200}     {FF 106400} {DSP48E 220}   {BRAM 280}  
Execute     config_chip_info -quiet -speed medium 
Command   open_solution done; 0.166 sec.
Execute   csim_design -quiet 
INFO: [SIM 211-2] *************** CSIM start ***************
INFO: [SIM 211-4] CSIM will launch GCC as the compiler.
Execute     source csim/.lst_opt.tcl 
Execute     is_encrypted D:/Xilinx/Project/LSTM/lstm_hls/dynamic_quant/dyn_quant/src/main.cpp 
Execute     is_xip D:/Xilinx/Project/LSTM/lstm_hls/dynamic_quant/dyn_quant/src/main.cpp 
Execute     is_encrypted D:/Xilinx/Project/LSTM/lstm_hls/dynamic_quant/dyn_quant/src/test_mixed_precision_lstm.cpp 
Execute     is_xip D:/Xilinx/Project/LSTM/lstm_hls/dynamic_quant/dyn_quant/src/test_mixed_precision_lstm.cpp 
Execute     is_encrypted D:/Xilinx/Project/LSTM/lstm_hls/dynamic_quant/dyn_quant/src/fixed_lstm.cpp 
Execute     is_xip D:/Xilinx/Project/LSTM/lstm_hls/dynamic_quant/dyn_quant/src/fixed_lstm.cpp 
Execute     is_encrypted D:/Xilinx/Project/LSTM/lstm_hls/dynamic_quant/dyn_quant/src/fixed_lstm.h 
Execute     is_xip D:/Xilinx/Project/LSTM/lstm_hls/dynamic_quant/dyn_quant/src/fixed_lstm.h 
Execute     is_encrypted D:/Xilinx/Project/LSTM/lstm_hls/dynamic_quant/dyn_quant/src/infer_fixed.cpp 
Execute     is_xip D:/Xilinx/Project/LSTM/lstm_hls/dynamic_quant/dyn_quant/src/infer_fixed.cpp 
Execute     is_encrypted D:/Xilinx/Project/LSTM/lstm_hls/dynamic_quant/dyn_quant/src/utils.h 
Execute     is_xip D:/Xilinx/Project/LSTM/lstm_hls/dynamic_quant/dyn_quant/src/utils.h 
Execute     is_encrypted D:/Xilinx/Project/LSTM/lstm_hls/dynamic_quant/dyn_quant/src/weight.cpp 
Execute     is_xip D:/Xilinx/Project/LSTM/lstm_hls/dynamic_quant/dyn_quant/src/weight.cpp 
Execute     get_default_platform 
Execute     source run_sim.tcl 
Command     ap_source done; 1.348 sec.
INFO: [SIM 211-1] CSim done with 0 errors.
INFO: [SIM 211-3] *************** CSIM finish ***************
Command   csim_design done; 8.2 sec.
Command ap_source done; 8.371 sec.
Execute cleanup_all 
INFO-FLOW: Workspace D:/Xilinx/Project/LSTM/lstm_hls/dynamic_quant/dyn_quant/solution1 opened at Fri Apr 04 20:05:57 +0800 2025
Execute     config_clock -quiet -name default -period 10 -default=false 
INFO: [SYN 201-201] Setting up clock 'default' with a period of 10ns.
Execute     open_platform DefaultPlatform 
Execute     import_lib D:/Xilinx/Vivado/2018.3/common/technology/xilinx/zynq/zynq 
Execute       source D:/Xilinx/Vivado/2018.3/common/technology/xilinx/common/xilinx.lib 
Execute         source D:/Xilinx/Vivado/2018.3/common/technology/xilinx/interface/xilinx_interface.lib 
Execute           source D:/Xilinx/Vivado/2018.3/common/technology/xilinx/interface/plb46.lib 
Execute           source D:/Xilinx/Vivado/2018.3/common/technology/xilinx/interface/fsl.lib 
Execute           source D:/Xilinx/Vivado/2018.3/common/technology/xilinx/interface/axi4.lib 
Execute           source D:/Xilinx/Vivado/2018.3/common/technology/xilinx/interface/maxi.lib 
Execute           source D:/Xilinx/Vivado/2018.3/common/technology/xilinx/interface/saxilite.lib 
Execute         source D:/Xilinx/Vivado/2018.3/common/technology/xilinx/common/dsp48.lib 
Execute         source D:/Xilinx/Vivado/2018.3/common/technology/xilinx/ip/dds_compiler.lib 
Execute         source D:/Xilinx/Vivado/2018.3/common/technology/xilinx/ip/xfft.lib 
Execute         source D:/Xilinx/Vivado/2018.3/common/technology/xilinx/ip/xfir.lib 
Execute       source D:/Xilinx/Vivado/2018.3/common/technology/xilinx/common/xilinx_old.lib 
Execute       source D:/Xilinx/Vivado/2018.3/common/technology/xilinx/common/xilinx_vivado.lib 
Execute       source D:/Xilinx/Vivado/2018.3/common/technology/xilinx/common/xilinx.hlp 
Execute         source D:/Xilinx/Vivado/2018.3/common/technology/xilinx/common/target_info.tcl 
Execute         source D:/Xilinx/Vivado/2018.3/common/technology/xilinx/interface/xilinx_interface.hlp 
Execute           source D:/Xilinx/Vivado/2018.3/common/technology/xilinx/interface/maxi.hlp 
Execute           source D:/Xilinx/Vivado/2018.3/common/technology/xilinx/interface/saxilite.hlp 
Execute         source D:/Xilinx/Vivado/2018.3/common/technology/xilinx/common/dsp48.hlp 
Execute       source D:/Xilinx/Vivado/2018.3/common/technology/xilinx/zynq/dsp48e1.hlp 
Execute       get_default_platform 
Execute       config_chip_info -quiet -resource  {SLICE 13300}  {LUT 53200}     {FF 106400} {DSP48E 220}   {BRAM 280}  
Execute       config_chip_info -quiet -speed medium 
Execute       source D:/Xilinx/Vivado/2018.3/common/technology/xilinx/common/xilinx.hlp 
Execute         source D:/Xilinx/Vivado/2018.3/common/technology/xilinx/common/target_info.tcl 
Execute         source D:/Xilinx/Vivado/2018.3/common/technology/xilinx/interface/xilinx_interface.hlp 
Execute           source D:/Xilinx/Vivado/2018.3/common/technology/xilinx/interface/maxi.hlp 
Execute           source D:/Xilinx/Vivado/2018.3/common/technology/xilinx/interface/saxilite.hlp 
Execute         source D:/Xilinx/Vivado/2018.3/common/technology/xilinx/common/dsp48.hlp 
Execute     source D:/Xilinx/Vivado/2018.3/common/technology/xilinx/zynq/zynq.gen 
Execute       source D:/Xilinx/Vivado/2018.3/common/technology/xilinx/common/virtex.gen 
Execute         source D:/Xilinx/Vivado/2018.3/common/technology/xilinx/common/xilinx.gen 
Execute           source D:/Xilinx/Vivado/2018.3/common/technology/xilinx/interface/plb46.gen 
Execute           source D:/Xilinx/Vivado/2018.3/common/technology/xilinx/interface/fsl.gen 
Execute           source D:/Xilinx/Vivado/2018.3/common/technology/xilinx/interface/axi4.gen 
Execute           source D:/Xilinx/Vivado/2018.3/common/technology/xilinx/interface/nativeAXI4.gen 
Execute             source D:/Xilinx/Vivado/2018.3/common/technology/xilinx/interface/saxilite.gen 
Execute             source D:/Xilinx/Vivado/2018.3/common/technology/xilinx/interface/maxi.gen 
Execute           source D:/Xilinx/Vivado/2018.3/common/technology/xilinx/scripts/xilinxcoregen.gen 
Execute           source D:/Xilinx/Vivado/2018.3/common/technology/xilinx/interface/XilEDKCoreGen.gen 
Execute           source D:/Xilinx/Vivado/2018.3/common/technology/xilinx/ip/dds_compiler.gen 
Execute           source D:/Xilinx/Vivado/2018.3/common/technology/xilinx/ip/util.gen 
Execute           source D:/Xilinx/Vivado/2018.3/common/technology/xilinx/ip/xfft.gen 
Execute           source D:/Xilinx/Vivado/2018.3/common/technology/xilinx/ip/xfir.gen 
Execute         source D:/Xilinx/Vivado/2018.3/common/technology/xilinx/common/dsp48.gen 
Execute     open_platform DefaultPlatform 
Execute     import_lib D:/Xilinx/Vivado/2018.3/common/technology/xilinx/zynq/zynq_fpv6 
Execute       source D:/Xilinx/Vivado/2018.3/common/technology/xilinx/common/xilinx_fpv7.lib 
Execute         source D:/Xilinx/Vivado/2018.3/common/technology/xilinx/common/xilinx_hp.lib 
Execute       source D:/Xilinx/Vivado/2018.3/common/technology/xilinx/common/xilinx_fpv.hlp 
Execute         source D:/Xilinx/Vivado/2018.3/common/technology/xilinx/common/xilinx.hlp 
Execute           source D:/Xilinx/Vivado/2018.3/common/technology/xilinx/common/target_info.tcl 
Execute           source D:/Xilinx/Vivado/2018.3/common/technology/xilinx/interface/xilinx_interface.hlp 
Execute             source D:/Xilinx/Vivado/2018.3/common/technology/xilinx/interface/maxi.hlp 
Execute             source D:/Xilinx/Vivado/2018.3/common/technology/xilinx/interface/saxilite.hlp 
Execute           source D:/Xilinx/Vivado/2018.3/common/technology/xilinx/common/dsp48.hlp 
Execute       source D:/Xilinx/Vivado/2018.3/common/technology/xilinx/zynq/zynq_hp.hlp 
Execute     source D:/Xilinx/Vivado/2018.3/common/technology/xilinx/zynq/zynq_fpv6.gen 
Execute       source D:/Xilinx/Vivado/2018.3/common/technology/xilinx/common/xilinx_fpv6.gen 
Execute     set_part xc7z020clg400-2 
Execute       add_library xilinx/zynq/zynq:xc7z020:clg400:-2 
Execute         get_default_platform 
Execute         license_isbetapart xc7z020 
Command         license_isbetapart done; error code: 1; 
Execute         get_default_platform 
Execute         config_chip_info -quiet -resource  {SLICE 13300}  {LUT 53200}     {FF 106400} {DSP48E 220}   {BRAM 280}  
Execute         config_chip_info -quiet -speed medium 
Execute       add_library xilinx/zynq/zynq_fpv6 
Execute         get_default_platform 
INFO: [HLS 200-10] Setting target device to 'xc7z020clg400-2'
Execute       get_default_platform 
Execute     get_default_platform 
Execute     config_chip_info -quiet -resource  {SLICE 13300}  {LUT 53200}     {FF 106400} {DSP48E 220}   {BRAM 280}  
Execute     config_chip_info -quiet -speed medium 
Command   open_solution done; 0.176 sec.
Execute   csim_design -quiet 
INFO: [SIM 211-2] *************** CSIM start ***************
INFO: [SIM 211-4] CSIM will launch GCC as the compiler.
Execute     source csim/.lst_opt.tcl 
Execute     is_encrypted D:/Xilinx/Project/LSTM/lstm_hls/dynamic_quant/dyn_quant/src/main.cpp 
Execute     is_xip D:/Xilinx/Project/LSTM/lstm_hls/dynamic_quant/dyn_quant/src/main.cpp 
Execute     is_encrypted D:/Xilinx/Project/LSTM/lstm_hls/dynamic_quant/dyn_quant/src/test_mixed_precision_lstm.cpp 
Execute     is_xip D:/Xilinx/Project/LSTM/lstm_hls/dynamic_quant/dyn_quant/src/test_mixed_precision_lstm.cpp 
Execute     is_encrypted D:/Xilinx/Project/LSTM/lstm_hls/dynamic_quant/dyn_quant/src/fixed_lstm.cpp 
Execute     is_xip D:/Xilinx/Project/LSTM/lstm_hls/dynamic_quant/dyn_quant/src/fixed_lstm.cpp 
Execute     is_encrypted D:/Xilinx/Project/LSTM/lstm_hls/dynamic_quant/dyn_quant/src/fixed_lstm.h 
Execute     is_xip D:/Xilinx/Project/LSTM/lstm_hls/dynamic_quant/dyn_quant/src/fixed_lstm.h 
Execute     is_encrypted D:/Xilinx/Project/LSTM/lstm_hls/dynamic_quant/dyn_quant/src/infer_fixed.cpp 
Execute     is_xip D:/Xilinx/Project/LSTM/lstm_hls/dynamic_quant/dyn_quant/src/infer_fixed.cpp 
Execute     is_encrypted D:/Xilinx/Project/LSTM/lstm_hls/dynamic_quant/dyn_quant/src/utils.h 
Execute     is_xip D:/Xilinx/Project/LSTM/lstm_hls/dynamic_quant/dyn_quant/src/utils.h 
Execute     is_encrypted D:/Xilinx/Project/LSTM/lstm_hls/dynamic_quant/dyn_quant/src/weight.cpp 
Execute     is_xip D:/Xilinx/Project/LSTM/lstm_hls/dynamic_quant/dyn_quant/src/weight.cpp 
Execute     get_default_platform 
Execute     source run_sim.tcl 
Command     ap_source done; 1.306 sec.
INFO: [SIM 211-1] CSim done with 0 errors.
INFO: [SIM 211-3] *************** CSIM finish ***************
Command   csim_design done; 11.508 sec.
Command ap_source done; 11.689 sec.
Execute cleanup_all 
INFO-FLOW: Workspace D:/Xilinx/Project/LSTM/lstm_hls/dynamic_quant/dyn_quant/solution1 opened at Fri Apr 04 20:11:13 +0800 2025
Execute     config_clock -quiet -name default -period 10 -default=false 
INFO: [SYN 201-201] Setting up clock 'default' with a period of 10ns.
Execute     open_platform DefaultPlatform 
Execute     import_lib D:/Xilinx/Vivado/2018.3/common/technology/xilinx/zynq/zynq 
Execute       source D:/Xilinx/Vivado/2018.3/common/technology/xilinx/common/xilinx.lib 
Execute         source D:/Xilinx/Vivado/2018.3/common/technology/xilinx/interface/xilinx_interface.lib 
Execute           source D:/Xilinx/Vivado/2018.3/common/technology/xilinx/interface/plb46.lib 
Execute           source D:/Xilinx/Vivado/2018.3/common/technology/xilinx/interface/fsl.lib 
Execute           source D:/Xilinx/Vivado/2018.3/common/technology/xilinx/interface/axi4.lib 
Execute           source D:/Xilinx/Vivado/2018.3/common/technology/xilinx/interface/maxi.lib 
Execute           source D:/Xilinx/Vivado/2018.3/common/technology/xilinx/interface/saxilite.lib 
Execute         source D:/Xilinx/Vivado/2018.3/common/technology/xilinx/common/dsp48.lib 
Execute         source D:/Xilinx/Vivado/2018.3/common/technology/xilinx/ip/dds_compiler.lib 
Execute         source D:/Xilinx/Vivado/2018.3/common/technology/xilinx/ip/xfft.lib 
Execute         source D:/Xilinx/Vivado/2018.3/common/technology/xilinx/ip/xfir.lib 
Execute       source D:/Xilinx/Vivado/2018.3/common/technology/xilinx/common/xilinx_old.lib 
Execute       source D:/Xilinx/Vivado/2018.3/common/technology/xilinx/common/xilinx_vivado.lib 
Execute       source D:/Xilinx/Vivado/2018.3/common/technology/xilinx/common/xilinx.hlp 
Execute         source D:/Xilinx/Vivado/2018.3/common/technology/xilinx/common/target_info.tcl 
Execute         source D:/Xilinx/Vivado/2018.3/common/technology/xilinx/interface/xilinx_interface.hlp 
Execute           source D:/Xilinx/Vivado/2018.3/common/technology/xilinx/interface/maxi.hlp 
Execute           source D:/Xilinx/Vivado/2018.3/common/technology/xilinx/interface/saxilite.hlp 
Execute         source D:/Xilinx/Vivado/2018.3/common/technology/xilinx/common/dsp48.hlp 
Execute       source D:/Xilinx/Vivado/2018.3/common/technology/xilinx/zynq/dsp48e1.hlp 
Execute       get_default_platform 
Execute       config_chip_info -quiet -resource  {SLICE 13300}  {LUT 53200}     {FF 106400} {DSP48E 220}   {BRAM 280}  
Execute       config_chip_info -quiet -speed medium 
Execute       source D:/Xilinx/Vivado/2018.3/common/technology/xilinx/common/xilinx.hlp 
Execute         source D:/Xilinx/Vivado/2018.3/common/technology/xilinx/common/target_info.tcl 
Execute         source D:/Xilinx/Vivado/2018.3/common/technology/xilinx/interface/xilinx_interface.hlp 
Execute           source D:/Xilinx/Vivado/2018.3/common/technology/xilinx/interface/maxi.hlp 
Execute           source D:/Xilinx/Vivado/2018.3/common/technology/xilinx/interface/saxilite.hlp 
Execute         source D:/Xilinx/Vivado/2018.3/common/technology/xilinx/common/dsp48.hlp 
Execute     source D:/Xilinx/Vivado/2018.3/common/technology/xilinx/zynq/zynq.gen 
Execute       source D:/Xilinx/Vivado/2018.3/common/technology/xilinx/common/virtex.gen 
Execute         source D:/Xilinx/Vivado/2018.3/common/technology/xilinx/common/xilinx.gen 
Execute           source D:/Xilinx/Vivado/2018.3/common/technology/xilinx/interface/plb46.gen 
Execute           source D:/Xilinx/Vivado/2018.3/common/technology/xilinx/interface/fsl.gen 
Execute           source D:/Xilinx/Vivado/2018.3/common/technology/xilinx/interface/axi4.gen 
Execute           source D:/Xilinx/Vivado/2018.3/common/technology/xilinx/interface/nativeAXI4.gen 
Execute             source D:/Xilinx/Vivado/2018.3/common/technology/xilinx/interface/saxilite.gen 
Execute             source D:/Xilinx/Vivado/2018.3/common/technology/xilinx/interface/maxi.gen 
Execute           source D:/Xilinx/Vivado/2018.3/common/technology/xilinx/scripts/xilinxcoregen.gen 
Execute           source D:/Xilinx/Vivado/2018.3/common/technology/xilinx/interface/XilEDKCoreGen.gen 
Execute           source D:/Xilinx/Vivado/2018.3/common/technology/xilinx/ip/dds_compiler.gen 
Execute           source D:/Xilinx/Vivado/2018.3/common/technology/xilinx/ip/util.gen 
Execute           source D:/Xilinx/Vivado/2018.3/common/technology/xilinx/ip/xfft.gen 
Execute           source D:/Xilinx/Vivado/2018.3/common/technology/xilinx/ip/xfir.gen 
Execute         source D:/Xilinx/Vivado/2018.3/common/technology/xilinx/common/dsp48.gen 
Execute     open_platform DefaultPlatform 
Execute     import_lib D:/Xilinx/Vivado/2018.3/common/technology/xilinx/zynq/zynq_fpv6 
Execute       source D:/Xilinx/Vivado/2018.3/common/technology/xilinx/common/xilinx_fpv7.lib 
Execute         source D:/Xilinx/Vivado/2018.3/common/technology/xilinx/common/xilinx_hp.lib 
Execute       source D:/Xilinx/Vivado/2018.3/common/technology/xilinx/common/xilinx_fpv.hlp 
Execute         source D:/Xilinx/Vivado/2018.3/common/technology/xilinx/common/xilinx.hlp 
Execute           source D:/Xilinx/Vivado/2018.3/common/technology/xilinx/common/target_info.tcl 
Execute           source D:/Xilinx/Vivado/2018.3/common/technology/xilinx/interface/xilinx_interface.hlp 
Execute             source D:/Xilinx/Vivado/2018.3/common/technology/xilinx/interface/maxi.hlp 
Execute             source D:/Xilinx/Vivado/2018.3/common/technology/xilinx/interface/saxilite.hlp 
Execute           source D:/Xilinx/Vivado/2018.3/common/technology/xilinx/common/dsp48.hlp 
Execute       source D:/Xilinx/Vivado/2018.3/common/technology/xilinx/zynq/zynq_hp.hlp 
Execute     source D:/Xilinx/Vivado/2018.3/common/technology/xilinx/zynq/zynq_fpv6.gen 
Execute       source D:/Xilinx/Vivado/2018.3/common/technology/xilinx/common/xilinx_fpv6.gen 
Execute     set_part xc7z020clg400-2 
Execute       add_library xilinx/zynq/zynq:xc7z020:clg400:-2 
Execute         get_default_platform 
Execute         license_isbetapart xc7z020 
Command         license_isbetapart done; error code: 1; 
Execute         get_default_platform 
Execute         config_chip_info -quiet -resource  {SLICE 13300}  {LUT 53200}     {FF 106400} {DSP48E 220}   {BRAM 280}  
Execute         config_chip_info -quiet -speed medium 
Execute       add_library xilinx/zynq/zynq_fpv6 
Execute         get_default_platform 
INFO: [HLS 200-10] Setting target device to 'xc7z020clg400-2'
Execute       get_default_platform 
Execute     get_default_platform 
Execute     config_chip_info -quiet -resource  {SLICE 13300}  {LUT 53200}     {FF 106400} {DSP48E 220}   {BRAM 280}  
Execute     config_chip_info -quiet -speed medium 
Command   open_solution done; 0.158 sec.
Execute   csim_design -quiet 
INFO: [SIM 211-2] *************** CSIM start ***************
INFO: [SIM 211-4] CSIM will launch GCC as the compiler.
Execute     source csim/.lst_opt.tcl 
Execute     is_encrypted D:/Xilinx/Project/LSTM/lstm_hls/dynamic_quant/dyn_quant/src/main.cpp 
Execute     is_xip D:/Xilinx/Project/LSTM/lstm_hls/dynamic_quant/dyn_quant/src/main.cpp 
Execute     is_encrypted D:/Xilinx/Project/LSTM/lstm_hls/dynamic_quant/dyn_quant/src/test_mixed_precision_lstm.cpp 
Execute     is_xip D:/Xilinx/Project/LSTM/lstm_hls/dynamic_quant/dyn_quant/src/test_mixed_precision_lstm.cpp 
Execute     is_encrypted D:/Xilinx/Project/LSTM/lstm_hls/dynamic_quant/dyn_quant/src/fixed_lstm.cpp 
Execute     is_xip D:/Xilinx/Project/LSTM/lstm_hls/dynamic_quant/dyn_quant/src/fixed_lstm.cpp 
Execute     is_encrypted D:/Xilinx/Project/LSTM/lstm_hls/dynamic_quant/dyn_quant/src/fixed_lstm.h 
Execute     is_xip D:/Xilinx/Project/LSTM/lstm_hls/dynamic_quant/dyn_quant/src/fixed_lstm.h 
Execute     is_encrypted D:/Xilinx/Project/LSTM/lstm_hls/dynamic_quant/dyn_quant/src/infer_fixed.cpp 
Execute     is_xip D:/Xilinx/Project/LSTM/lstm_hls/dynamic_quant/dyn_quant/src/infer_fixed.cpp 
Execute     is_encrypted D:/Xilinx/Project/LSTM/lstm_hls/dynamic_quant/dyn_quant/src/utils.h 
Execute     is_xip D:/Xilinx/Project/LSTM/lstm_hls/dynamic_quant/dyn_quant/src/utils.h 
Execute     is_encrypted D:/Xilinx/Project/LSTM/lstm_hls/dynamic_quant/dyn_quant/src/weight.cpp 
Execute     is_xip D:/Xilinx/Project/LSTM/lstm_hls/dynamic_quant/dyn_quant/src/weight.cpp 
Execute     get_default_platform 
Execute     source run_sim.tcl 
Command     ap_source done; 1.146 sec.
INFO: [SIM 211-1] CSim done with 0 errors.
INFO: [SIM 211-3] *************** CSIM finish ***************
Command   csim_design done; 11.448 sec.
Command ap_source done; 11.611 sec.
Execute cleanup_all 
INFO-FLOW: Workspace D:/Xilinx/Project/LSTM/lstm_hls/dynamic_quant/dyn_quant/solution1 opened at Fri Apr 04 20:16:05 +0800 2025
Execute     config_clock -quiet -name default -period 10 -default=false 
INFO: [SYN 201-201] Setting up clock 'default' with a period of 10ns.
Execute     open_platform DefaultPlatform 
Execute     import_lib D:/Xilinx/Vivado/2018.3/common/technology/xilinx/zynq/zynq 
Execute       source D:/Xilinx/Vivado/2018.3/common/technology/xilinx/common/xilinx.lib 
Execute         source D:/Xilinx/Vivado/2018.3/common/technology/xilinx/interface/xilinx_interface.lib 
Execute           source D:/Xilinx/Vivado/2018.3/common/technology/xilinx/interface/plb46.lib 
Execute           source D:/Xilinx/Vivado/2018.3/common/technology/xilinx/interface/fsl.lib 
Execute           source D:/Xilinx/Vivado/2018.3/common/technology/xilinx/interface/axi4.lib 
Execute           source D:/Xilinx/Vivado/2018.3/common/technology/xilinx/interface/maxi.lib 
Execute           source D:/Xilinx/Vivado/2018.3/common/technology/xilinx/interface/saxilite.lib 
Execute         source D:/Xilinx/Vivado/2018.3/common/technology/xilinx/common/dsp48.lib 
Execute         source D:/Xilinx/Vivado/2018.3/common/technology/xilinx/ip/dds_compiler.lib 
Execute         source D:/Xilinx/Vivado/2018.3/common/technology/xilinx/ip/xfft.lib 
Execute         source D:/Xilinx/Vivado/2018.3/common/technology/xilinx/ip/xfir.lib 
Execute       source D:/Xilinx/Vivado/2018.3/common/technology/xilinx/common/xilinx_old.lib 
Execute       source D:/Xilinx/Vivado/2018.3/common/technology/xilinx/common/xilinx_vivado.lib 
Execute       source D:/Xilinx/Vivado/2018.3/common/technology/xilinx/common/xilinx.hlp 
Execute         source D:/Xilinx/Vivado/2018.3/common/technology/xilinx/common/target_info.tcl 
Execute         source D:/Xilinx/Vivado/2018.3/common/technology/xilinx/interface/xilinx_interface.hlp 
Execute           source D:/Xilinx/Vivado/2018.3/common/technology/xilinx/interface/maxi.hlp 
Execute           source D:/Xilinx/Vivado/2018.3/common/technology/xilinx/interface/saxilite.hlp 
Execute         source D:/Xilinx/Vivado/2018.3/common/technology/xilinx/common/dsp48.hlp 
Execute       source D:/Xilinx/Vivado/2018.3/common/technology/xilinx/zynq/dsp48e1.hlp 
Execute       get_default_platform 
Execute       config_chip_info -quiet -resource  {SLICE 13300}  {LUT 53200}     {FF 106400} {DSP48E 220}   {BRAM 280}  
Execute       config_chip_info -quiet -speed medium 
Execute       source D:/Xilinx/Vivado/2018.3/common/technology/xilinx/common/xilinx.hlp 
Execute         source D:/Xilinx/Vivado/2018.3/common/technology/xilinx/common/target_info.tcl 
Execute         source D:/Xilinx/Vivado/2018.3/common/technology/xilinx/interface/xilinx_interface.hlp 
Execute           source D:/Xilinx/Vivado/2018.3/common/technology/xilinx/interface/maxi.hlp 
Execute           source D:/Xilinx/Vivado/2018.3/common/technology/xilinx/interface/saxilite.hlp 
Execute         source D:/Xilinx/Vivado/2018.3/common/technology/xilinx/common/dsp48.hlp 
Execute     source D:/Xilinx/Vivado/2018.3/common/technology/xilinx/zynq/zynq.gen 
Execute       source D:/Xilinx/Vivado/2018.3/common/technology/xilinx/common/virtex.gen 
Execute         source D:/Xilinx/Vivado/2018.3/common/technology/xilinx/common/xilinx.gen 
Execute           source D:/Xilinx/Vivado/2018.3/common/technology/xilinx/interface/plb46.gen 
Execute           source D:/Xilinx/Vivado/2018.3/common/technology/xilinx/interface/fsl.gen 
Execute           source D:/Xilinx/Vivado/2018.3/common/technology/xilinx/interface/axi4.gen 
Execute           source D:/Xilinx/Vivado/2018.3/common/technology/xilinx/interface/nativeAXI4.gen 
Execute             source D:/Xilinx/Vivado/2018.3/common/technology/xilinx/interface/saxilite.gen 
Execute             source D:/Xilinx/Vivado/2018.3/common/technology/xilinx/interface/maxi.gen 
Execute           source D:/Xilinx/Vivado/2018.3/common/technology/xilinx/scripts/xilinxcoregen.gen 
Execute           source D:/Xilinx/Vivado/2018.3/common/technology/xilinx/interface/XilEDKCoreGen.gen 
Execute           source D:/Xilinx/Vivado/2018.3/common/technology/xilinx/ip/dds_compiler.gen 
Execute           source D:/Xilinx/Vivado/2018.3/common/technology/xilinx/ip/util.gen 
Execute           source D:/Xilinx/Vivado/2018.3/common/technology/xilinx/ip/xfft.gen 
Execute           source D:/Xilinx/Vivado/2018.3/common/technology/xilinx/ip/xfir.gen 
Execute         source D:/Xilinx/Vivado/2018.3/common/technology/xilinx/common/dsp48.gen 
Execute     open_platform DefaultPlatform 
Execute     import_lib D:/Xilinx/Vivado/2018.3/common/technology/xilinx/zynq/zynq_fpv6 
Execute       source D:/Xilinx/Vivado/2018.3/common/technology/xilinx/common/xilinx_fpv7.lib 
Execute         source D:/Xilinx/Vivado/2018.3/common/technology/xilinx/common/xilinx_hp.lib 
Execute       source D:/Xilinx/Vivado/2018.3/common/technology/xilinx/common/xilinx_fpv.hlp 
Execute         source D:/Xilinx/Vivado/2018.3/common/technology/xilinx/common/xilinx.hlp 
Execute           source D:/Xilinx/Vivado/2018.3/common/technology/xilinx/common/target_info.tcl 
Execute           source D:/Xilinx/Vivado/2018.3/common/technology/xilinx/interface/xilinx_interface.hlp 
Execute             source D:/Xilinx/Vivado/2018.3/common/technology/xilinx/interface/maxi.hlp 
Execute             source D:/Xilinx/Vivado/2018.3/common/technology/xilinx/interface/saxilite.hlp 
Execute           source D:/Xilinx/Vivado/2018.3/common/technology/xilinx/common/dsp48.hlp 
Execute       source D:/Xilinx/Vivado/2018.3/common/technology/xilinx/zynq/zynq_hp.hlp 
Execute     source D:/Xilinx/Vivado/2018.3/common/technology/xilinx/zynq/zynq_fpv6.gen 
Execute       source D:/Xilinx/Vivado/2018.3/common/technology/xilinx/common/xilinx_fpv6.gen 
Execute     set_part xc7z020clg400-2 
Execute       add_library xilinx/zynq/zynq:xc7z020:clg400:-2 
Execute         get_default_platform 
Execute         license_isbetapart xc7z020 
Command         license_isbetapart done; error code: 1; 
Execute         get_default_platform 
Execute         config_chip_info -quiet -resource  {SLICE 13300}  {LUT 53200}     {FF 106400} {DSP48E 220}   {BRAM 280}  
Execute         config_chip_info -quiet -speed medium 
Execute       add_library xilinx/zynq/zynq_fpv6 
Execute         get_default_platform 
INFO: [HLS 200-10] Setting target device to 'xc7z020clg400-2'
Execute       get_default_platform 
Execute     get_default_platform 
Execute     config_chip_info -quiet -resource  {SLICE 13300}  {LUT 53200}     {FF 106400} {DSP48E 220}   {BRAM 280}  
Execute     config_chip_info -quiet -speed medium 
Command   open_solution done; 0.154 sec.
Execute   csim_design -quiet 
INFO: [SIM 211-2] *************** CSIM start ***************
INFO: [SIM 211-4] CSIM will launch GCC as the compiler.
Execute     source csim/.lst_opt.tcl 
Execute     is_encrypted D:/Xilinx/Project/LSTM/lstm_hls/dynamic_quant/dyn_quant/src/main.cpp 
Execute     is_xip D:/Xilinx/Project/LSTM/lstm_hls/dynamic_quant/dyn_quant/src/main.cpp 
Execute     is_encrypted D:/Xilinx/Project/LSTM/lstm_hls/dynamic_quant/dyn_quant/src/test_mixed_precision_lstm.cpp 
Execute     is_xip D:/Xilinx/Project/LSTM/lstm_hls/dynamic_quant/dyn_quant/src/test_mixed_precision_lstm.cpp 
Execute     is_encrypted D:/Xilinx/Project/LSTM/lstm_hls/dynamic_quant/dyn_quant/src/fixed_lstm.cpp 
Execute     is_xip D:/Xilinx/Project/LSTM/lstm_hls/dynamic_quant/dyn_quant/src/fixed_lstm.cpp 
Execute     is_encrypted D:/Xilinx/Project/LSTM/lstm_hls/dynamic_quant/dyn_quant/src/fixed_lstm.h 
Execute     is_xip D:/Xilinx/Project/LSTM/lstm_hls/dynamic_quant/dyn_quant/src/fixed_lstm.h 
Execute     is_encrypted D:/Xilinx/Project/LSTM/lstm_hls/dynamic_quant/dyn_quant/src/infer_fixed.cpp 
Execute     is_xip D:/Xilinx/Project/LSTM/lstm_hls/dynamic_quant/dyn_quant/src/infer_fixed.cpp 
Execute     is_encrypted D:/Xilinx/Project/LSTM/lstm_hls/dynamic_quant/dyn_quant/src/utils.h 
Execute     is_xip D:/Xilinx/Project/LSTM/lstm_hls/dynamic_quant/dyn_quant/src/utils.h 
Execute     is_encrypted D:/Xilinx/Project/LSTM/lstm_hls/dynamic_quant/dyn_quant/src/weight.cpp 
Execute     is_xip D:/Xilinx/Project/LSTM/lstm_hls/dynamic_quant/dyn_quant/src/weight.cpp 
Execute     get_default_platform 
Execute     source run_sim.tcl 
Command     ap_source done; 1.084 sec.
INFO: [SIM 211-1] CSim done with 0 errors.
INFO: [SIM 211-3] *************** CSIM finish ***************
Command   csim_design done; 7.73 sec.
Command ap_source done; 7.889 sec.
Execute cleanup_all 
INFO-FLOW: Workspace D:/Xilinx/Project/LSTM/lstm_hls/dynamic_quant/dyn_quant/solution1 opened at Fri Apr 04 20:20:59 +0800 2025
Execute     config_clock -quiet -name default -period 10 -default=false 
INFO: [SYN 201-201] Setting up clock 'default' with a period of 10ns.
Execute     open_platform DefaultPlatform 
Execute     import_lib D:/Xilinx/Vivado/2018.3/common/technology/xilinx/zynq/zynq 
Execute       source D:/Xilinx/Vivado/2018.3/common/technology/xilinx/common/xilinx.lib 
Execute         source D:/Xilinx/Vivado/2018.3/common/technology/xilinx/interface/xilinx_interface.lib 
Execute           source D:/Xilinx/Vivado/2018.3/common/technology/xilinx/interface/plb46.lib 
Execute           source D:/Xilinx/Vivado/2018.3/common/technology/xilinx/interface/fsl.lib 
Execute           source D:/Xilinx/Vivado/2018.3/common/technology/xilinx/interface/axi4.lib 
Execute           source D:/Xilinx/Vivado/2018.3/common/technology/xilinx/interface/maxi.lib 
Execute           source D:/Xilinx/Vivado/2018.3/common/technology/xilinx/interface/saxilite.lib 
Execute         source D:/Xilinx/Vivado/2018.3/common/technology/xilinx/common/dsp48.lib 
Execute         source D:/Xilinx/Vivado/2018.3/common/technology/xilinx/ip/dds_compiler.lib 
Execute         source D:/Xilinx/Vivado/2018.3/common/technology/xilinx/ip/xfft.lib 
Execute         source D:/Xilinx/Vivado/2018.3/common/technology/xilinx/ip/xfir.lib 
Execute       source D:/Xilinx/Vivado/2018.3/common/technology/xilinx/common/xilinx_old.lib 
Execute       source D:/Xilinx/Vivado/2018.3/common/technology/xilinx/common/xilinx_vivado.lib 
Execute       source D:/Xilinx/Vivado/2018.3/common/technology/xilinx/common/xilinx.hlp 
Execute         source D:/Xilinx/Vivado/2018.3/common/technology/xilinx/common/target_info.tcl 
Execute         source D:/Xilinx/Vivado/2018.3/common/technology/xilinx/interface/xilinx_interface.hlp 
Execute           source D:/Xilinx/Vivado/2018.3/common/technology/xilinx/interface/maxi.hlp 
Execute           source D:/Xilinx/Vivado/2018.3/common/technology/xilinx/interface/saxilite.hlp 
Execute         source D:/Xilinx/Vivado/2018.3/common/technology/xilinx/common/dsp48.hlp 
Execute       source D:/Xilinx/Vivado/2018.3/common/technology/xilinx/zynq/dsp48e1.hlp 
Execute       get_default_platform 
Execute       config_chip_info -quiet -resource  {SLICE 13300}  {LUT 53200}     {FF 106400} {DSP48E 220}   {BRAM 280}  
Execute       config_chip_info -quiet -speed medium 
Execute       source D:/Xilinx/Vivado/2018.3/common/technology/xilinx/common/xilinx.hlp 
Execute         source D:/Xilinx/Vivado/2018.3/common/technology/xilinx/common/target_info.tcl 
Execute         source D:/Xilinx/Vivado/2018.3/common/technology/xilinx/interface/xilinx_interface.hlp 
Execute           source D:/Xilinx/Vivado/2018.3/common/technology/xilinx/interface/maxi.hlp 
Execute           source D:/Xilinx/Vivado/2018.3/common/technology/xilinx/interface/saxilite.hlp 
Execute         source D:/Xilinx/Vivado/2018.3/common/technology/xilinx/common/dsp48.hlp 
Execute     source D:/Xilinx/Vivado/2018.3/common/technology/xilinx/zynq/zynq.gen 
Execute       source D:/Xilinx/Vivado/2018.3/common/technology/xilinx/common/virtex.gen 
Execute         source D:/Xilinx/Vivado/2018.3/common/technology/xilinx/common/xilinx.gen 
Execute           source D:/Xilinx/Vivado/2018.3/common/technology/xilinx/interface/plb46.gen 
Execute           source D:/Xilinx/Vivado/2018.3/common/technology/xilinx/interface/fsl.gen 
Execute           source D:/Xilinx/Vivado/2018.3/common/technology/xilinx/interface/axi4.gen 
Execute           source D:/Xilinx/Vivado/2018.3/common/technology/xilinx/interface/nativeAXI4.gen 
Execute             source D:/Xilinx/Vivado/2018.3/common/technology/xilinx/interface/saxilite.gen 
Execute             source D:/Xilinx/Vivado/2018.3/common/technology/xilinx/interface/maxi.gen 
Execute           source D:/Xilinx/Vivado/2018.3/common/technology/xilinx/scripts/xilinxcoregen.gen 
Execute           source D:/Xilinx/Vivado/2018.3/common/technology/xilinx/interface/XilEDKCoreGen.gen 
Execute           source D:/Xilinx/Vivado/2018.3/common/technology/xilinx/ip/dds_compiler.gen 
Execute           source D:/Xilinx/Vivado/2018.3/common/technology/xilinx/ip/util.gen 
Execute           source D:/Xilinx/Vivado/2018.3/common/technology/xilinx/ip/xfft.gen 
Execute           source D:/Xilinx/Vivado/2018.3/common/technology/xilinx/ip/xfir.gen 
Execute         source D:/Xilinx/Vivado/2018.3/common/technology/xilinx/common/dsp48.gen 
Execute     open_platform DefaultPlatform 
Execute     import_lib D:/Xilinx/Vivado/2018.3/common/technology/xilinx/zynq/zynq_fpv6 
Execute       source D:/Xilinx/Vivado/2018.3/common/technology/xilinx/common/xilinx_fpv7.lib 
Execute         source D:/Xilinx/Vivado/2018.3/common/technology/xilinx/common/xilinx_hp.lib 
Execute       source D:/Xilinx/Vivado/2018.3/common/technology/xilinx/common/xilinx_fpv.hlp 
Execute         source D:/Xilinx/Vivado/2018.3/common/technology/xilinx/common/xilinx.hlp 
Execute           source D:/Xilinx/Vivado/2018.3/common/technology/xilinx/common/target_info.tcl 
Execute           source D:/Xilinx/Vivado/2018.3/common/technology/xilinx/interface/xilinx_interface.hlp 
Execute             source D:/Xilinx/Vivado/2018.3/common/technology/xilinx/interface/maxi.hlp 
Execute             source D:/Xilinx/Vivado/2018.3/common/technology/xilinx/interface/saxilite.hlp 
Execute           source D:/Xilinx/Vivado/2018.3/common/technology/xilinx/common/dsp48.hlp 
Execute       source D:/Xilinx/Vivado/2018.3/common/technology/xilinx/zynq/zynq_hp.hlp 
Execute     source D:/Xilinx/Vivado/2018.3/common/technology/xilinx/zynq/zynq_fpv6.gen 
Execute       source D:/Xilinx/Vivado/2018.3/common/technology/xilinx/common/xilinx_fpv6.gen 
Execute     set_part xc7z020clg400-2 
Execute       add_library xilinx/zynq/zynq:xc7z020:clg400:-2 
Execute         get_default_platform 
Execute         license_isbetapart xc7z020 
Command         license_isbetapart done; error code: 1; 
Execute         get_default_platform 
Execute         config_chip_info -quiet -resource  {SLICE 13300}  {LUT 53200}     {FF 106400} {DSP48E 220}   {BRAM 280}  
Execute         config_chip_info -quiet -speed medium 
Execute       add_library xilinx/zynq/zynq_fpv6 
Execute         get_default_platform 
INFO: [HLS 200-10] Setting target device to 'xc7z020clg400-2'
Execute       get_default_platform 
Execute     get_default_platform 
Execute     config_chip_info -quiet -resource  {SLICE 13300}  {LUT 53200}     {FF 106400} {DSP48E 220}   {BRAM 280}  
Execute     config_chip_info -quiet -speed medium 
Command   open_solution done; 0.187 sec.
Execute   csim_design -quiet 
INFO: [SIM 211-2] *************** CSIM start ***************
INFO: [SIM 211-4] CSIM will launch GCC as the compiler.
Execute     source csim/.lst_opt.tcl 
Execute     is_encrypted D:/Xilinx/Project/LSTM/lstm_hls/dynamic_quant/dyn_quant/src/main.cpp 
Execute     is_xip D:/Xilinx/Project/LSTM/lstm_hls/dynamic_quant/dyn_quant/src/main.cpp 
Execute     is_encrypted D:/Xilinx/Project/LSTM/lstm_hls/dynamic_quant/dyn_quant/src/test_mixed_precision_lstm.cpp 
Execute     is_xip D:/Xilinx/Project/LSTM/lstm_hls/dynamic_quant/dyn_quant/src/test_mixed_precision_lstm.cpp 
Execute     is_encrypted D:/Xilinx/Project/LSTM/lstm_hls/dynamic_quant/dyn_quant/src/fixed_lstm.cpp 
Execute     is_xip D:/Xilinx/Project/LSTM/lstm_hls/dynamic_quant/dyn_quant/src/fixed_lstm.cpp 
Execute     is_encrypted D:/Xilinx/Project/LSTM/lstm_hls/dynamic_quant/dyn_quant/src/fixed_lstm.h 
Execute     is_xip D:/Xilinx/Project/LSTM/lstm_hls/dynamic_quant/dyn_quant/src/fixed_lstm.h 
Execute     is_encrypted D:/Xilinx/Project/LSTM/lstm_hls/dynamic_quant/dyn_quant/src/infer_fixed.cpp 
Execute     is_xip D:/Xilinx/Project/LSTM/lstm_hls/dynamic_quant/dyn_quant/src/infer_fixed.cpp 
Execute     is_encrypted D:/Xilinx/Project/LSTM/lstm_hls/dynamic_quant/dyn_quant/src/utils.h 
Execute     is_xip D:/Xilinx/Project/LSTM/lstm_hls/dynamic_quant/dyn_quant/src/utils.h 
Execute     is_encrypted D:/Xilinx/Project/LSTM/lstm_hls/dynamic_quant/dyn_quant/src/weight.cpp 
Execute     is_xip D:/Xilinx/Project/LSTM/lstm_hls/dynamic_quant/dyn_quant/src/weight.cpp 
Execute     get_default_platform 
Execute     source run_sim.tcl 
Command     ap_source done; 1.465 sec.
INFO: [SIM 211-1] CSim done with 0 errors.
INFO: [SIM 211-3] *************** CSIM finish ***************
Command   csim_design done; 8.13 sec.
Command ap_source done; 8.323 sec.
Execute cleanup_all 
INFO-FLOW: Workspace D:/Xilinx/Project/LSTM/lstm_hls/dynamic_quant/dyn_quant/solution1 opened at Fri Apr 04 20:23:36 +0800 2025
Execute     config_clock -quiet -name default -period 10 -default=false 
INFO: [SYN 201-201] Setting up clock 'default' with a period of 10ns.
Execute     open_platform DefaultPlatform 
Execute     import_lib D:/Xilinx/Vivado/2018.3/common/technology/xilinx/zynq/zynq 
Execute       source D:/Xilinx/Vivado/2018.3/common/technology/xilinx/common/xilinx.lib 
Execute         source D:/Xilinx/Vivado/2018.3/common/technology/xilinx/interface/xilinx_interface.lib 
Execute           source D:/Xilinx/Vivado/2018.3/common/technology/xilinx/interface/plb46.lib 
Execute           source D:/Xilinx/Vivado/2018.3/common/technology/xilinx/interface/fsl.lib 
Execute           source D:/Xilinx/Vivado/2018.3/common/technology/xilinx/interface/axi4.lib 
Execute           source D:/Xilinx/Vivado/2018.3/common/technology/xilinx/interface/maxi.lib 
Execute           source D:/Xilinx/Vivado/2018.3/common/technology/xilinx/interface/saxilite.lib 
Execute         source D:/Xilinx/Vivado/2018.3/common/technology/xilinx/common/dsp48.lib 
Execute         source D:/Xilinx/Vivado/2018.3/common/technology/xilinx/ip/dds_compiler.lib 
Execute         source D:/Xilinx/Vivado/2018.3/common/technology/xilinx/ip/xfft.lib 
Execute         source D:/Xilinx/Vivado/2018.3/common/technology/xilinx/ip/xfir.lib 
Execute       source D:/Xilinx/Vivado/2018.3/common/technology/xilinx/common/xilinx_old.lib 
Execute       source D:/Xilinx/Vivado/2018.3/common/technology/xilinx/common/xilinx_vivado.lib 
Execute       source D:/Xilinx/Vivado/2018.3/common/technology/xilinx/common/xilinx.hlp 
Execute         source D:/Xilinx/Vivado/2018.3/common/technology/xilinx/common/target_info.tcl 
Execute         source D:/Xilinx/Vivado/2018.3/common/technology/xilinx/interface/xilinx_interface.hlp 
Execute           source D:/Xilinx/Vivado/2018.3/common/technology/xilinx/interface/maxi.hlp 
Execute           source D:/Xilinx/Vivado/2018.3/common/technology/xilinx/interface/saxilite.hlp 
Execute         source D:/Xilinx/Vivado/2018.3/common/technology/xilinx/common/dsp48.hlp 
Execute       source D:/Xilinx/Vivado/2018.3/common/technology/xilinx/zynq/dsp48e1.hlp 
Execute       get_default_platform 
Execute       config_chip_info -quiet -resource  {SLICE 13300}  {LUT 53200}     {FF 106400} {DSP48E 220}   {BRAM 280}  
Execute       config_chip_info -quiet -speed medium 
Execute       source D:/Xilinx/Vivado/2018.3/common/technology/xilinx/common/xilinx.hlp 
Execute         source D:/Xilinx/Vivado/2018.3/common/technology/xilinx/common/target_info.tcl 
Execute         source D:/Xilinx/Vivado/2018.3/common/technology/xilinx/interface/xilinx_interface.hlp 
Execute           source D:/Xilinx/Vivado/2018.3/common/technology/xilinx/interface/maxi.hlp 
Execute           source D:/Xilinx/Vivado/2018.3/common/technology/xilinx/interface/saxilite.hlp 
Execute         source D:/Xilinx/Vivado/2018.3/common/technology/xilinx/common/dsp48.hlp 
Execute     source D:/Xilinx/Vivado/2018.3/common/technology/xilinx/zynq/zynq.gen 
Execute       source D:/Xilinx/Vivado/2018.3/common/technology/xilinx/common/virtex.gen 
Execute         source D:/Xilinx/Vivado/2018.3/common/technology/xilinx/common/xilinx.gen 
Execute           source D:/Xilinx/Vivado/2018.3/common/technology/xilinx/interface/plb46.gen 
Execute           source D:/Xilinx/Vivado/2018.3/common/technology/xilinx/interface/fsl.gen 
Execute           source D:/Xilinx/Vivado/2018.3/common/technology/xilinx/interface/axi4.gen 
Execute           source D:/Xilinx/Vivado/2018.3/common/technology/xilinx/interface/nativeAXI4.gen 
Execute             source D:/Xilinx/Vivado/2018.3/common/technology/xilinx/interface/saxilite.gen 
Execute             source D:/Xilinx/Vivado/2018.3/common/technology/xilinx/interface/maxi.gen 
Execute           source D:/Xilinx/Vivado/2018.3/common/technology/xilinx/scripts/xilinxcoregen.gen 
Execute           source D:/Xilinx/Vivado/2018.3/common/technology/xilinx/interface/XilEDKCoreGen.gen 
Execute           source D:/Xilinx/Vivado/2018.3/common/technology/xilinx/ip/dds_compiler.gen 
Execute           source D:/Xilinx/Vivado/2018.3/common/technology/xilinx/ip/util.gen 
Execute           source D:/Xilinx/Vivado/2018.3/common/technology/xilinx/ip/xfft.gen 
Execute           source D:/Xilinx/Vivado/2018.3/common/technology/xilinx/ip/xfir.gen 
Execute         source D:/Xilinx/Vivado/2018.3/common/technology/xilinx/common/dsp48.gen 
Execute     open_platform DefaultPlatform 
Execute     import_lib D:/Xilinx/Vivado/2018.3/common/technology/xilinx/zynq/zynq_fpv6 
Execute       source D:/Xilinx/Vivado/2018.3/common/technology/xilinx/common/xilinx_fpv7.lib 
Execute         source D:/Xilinx/Vivado/2018.3/common/technology/xilinx/common/xilinx_hp.lib 
Execute       source D:/Xilinx/Vivado/2018.3/common/technology/xilinx/common/xilinx_fpv.hlp 
Execute         source D:/Xilinx/Vivado/2018.3/common/technology/xilinx/common/xilinx.hlp 
Execute           source D:/Xilinx/Vivado/2018.3/common/technology/xilinx/common/target_info.tcl 
Execute           source D:/Xilinx/Vivado/2018.3/common/technology/xilinx/interface/xilinx_interface.hlp 
Execute             source D:/Xilinx/Vivado/2018.3/common/technology/xilinx/interface/maxi.hlp 
Execute             source D:/Xilinx/Vivado/2018.3/common/technology/xilinx/interface/saxilite.hlp 
Execute           source D:/Xilinx/Vivado/2018.3/common/technology/xilinx/common/dsp48.hlp 
Execute       source D:/Xilinx/Vivado/2018.3/common/technology/xilinx/zynq/zynq_hp.hlp 
Execute     source D:/Xilinx/Vivado/2018.3/common/technology/xilinx/zynq/zynq_fpv6.gen 
Execute       source D:/Xilinx/Vivado/2018.3/common/technology/xilinx/common/xilinx_fpv6.gen 
Execute     set_part xc7z020clg400-2 
Execute       add_library xilinx/zynq/zynq:xc7z020:clg400:-2 
Execute         get_default_platform 
Execute         license_isbetapart xc7z020 
Command         license_isbetapart done; error code: 1; 
Execute         get_default_platform 
Execute         config_chip_info -quiet -resource  {SLICE 13300}  {LUT 53200}     {FF 106400} {DSP48E 220}   {BRAM 280}  
Execute         config_chip_info -quiet -speed medium 
Execute       add_library xilinx/zynq/zynq_fpv6 
Execute         get_default_platform 
INFO: [HLS 200-10] Setting target device to 'xc7z020clg400-2'
Execute       get_default_platform 
Execute     get_default_platform 
Execute     config_chip_info -quiet -resource  {SLICE 13300}  {LUT 53200}     {FF 106400} {DSP48E 220}   {BRAM 280}  
Execute     config_chip_info -quiet -speed medium 
Command   open_solution done; 0.15 sec.
Execute   csim_design -quiet 
INFO: [SIM 211-2] *************** CSIM start ***************
INFO: [SIM 211-4] CSIM will launch GCC as the compiler.
Execute     source csim/.lst_opt.tcl 
Execute     is_encrypted D:/Xilinx/Project/LSTM/lstm_hls/dynamic_quant/dyn_quant/src/main.cpp 
Execute     is_xip D:/Xilinx/Project/LSTM/lstm_hls/dynamic_quant/dyn_quant/src/main.cpp 
Execute     is_encrypted D:/Xilinx/Project/LSTM/lstm_hls/dynamic_quant/dyn_quant/src/test_mixed_precision_lstm.cpp 
Execute     is_xip D:/Xilinx/Project/LSTM/lstm_hls/dynamic_quant/dyn_quant/src/test_mixed_precision_lstm.cpp 
Execute     is_encrypted D:/Xilinx/Project/LSTM/lstm_hls/dynamic_quant/dyn_quant/src/fixed_lstm.cpp 
Execute     is_xip D:/Xilinx/Project/LSTM/lstm_hls/dynamic_quant/dyn_quant/src/fixed_lstm.cpp 
Execute     is_encrypted D:/Xilinx/Project/LSTM/lstm_hls/dynamic_quant/dyn_quant/src/fixed_lstm.h 
Execute     is_xip D:/Xilinx/Project/LSTM/lstm_hls/dynamic_quant/dyn_quant/src/fixed_lstm.h 
Execute     is_encrypted D:/Xilinx/Project/LSTM/lstm_hls/dynamic_quant/dyn_quant/src/infer_fixed.cpp 
Execute     is_xip D:/Xilinx/Project/LSTM/lstm_hls/dynamic_quant/dyn_quant/src/infer_fixed.cpp 
Execute     is_encrypted D:/Xilinx/Project/LSTM/lstm_hls/dynamic_quant/dyn_quant/src/utils.h 
Execute     is_xip D:/Xilinx/Project/LSTM/lstm_hls/dynamic_quant/dyn_quant/src/utils.h 
Execute     is_encrypted D:/Xilinx/Project/LSTM/lstm_hls/dynamic_quant/dyn_quant/src/weight.cpp 
Execute     is_xip D:/Xilinx/Project/LSTM/lstm_hls/dynamic_quant/dyn_quant/src/weight.cpp 
Execute     get_default_platform 
Execute     source run_sim.tcl 
Command     ap_source done; 1.409 sec.
INFO: [SIM 211-1] CSim done with 0 errors.
INFO: [SIM 211-3] *************** CSIM finish ***************
Command   csim_design done; 8.135 sec.
Command ap_source done; 8.291 sec.
Execute cleanup_all 
INFO-FLOW: Workspace D:/Xilinx/Project/LSTM/lstm_hls/dynamic_quant/dyn_quant/solution1 opened at Fri Apr 04 20:25:28 +0800 2025
Execute     config_clock -quiet -name default -period 10 -default=false 
INFO: [SYN 201-201] Setting up clock 'default' with a period of 10ns.
Execute     open_platform DefaultPlatform 
Execute     import_lib D:/Xilinx/Vivado/2018.3/common/technology/xilinx/zynq/zynq 
Execute       source D:/Xilinx/Vivado/2018.3/common/technology/xilinx/common/xilinx.lib 
Execute         source D:/Xilinx/Vivado/2018.3/common/technology/xilinx/interface/xilinx_interface.lib 
Execute           source D:/Xilinx/Vivado/2018.3/common/technology/xilinx/interface/plb46.lib 
Execute           source D:/Xilinx/Vivado/2018.3/common/technology/xilinx/interface/fsl.lib 
Execute           source D:/Xilinx/Vivado/2018.3/common/technology/xilinx/interface/axi4.lib 
Execute           source D:/Xilinx/Vivado/2018.3/common/technology/xilinx/interface/maxi.lib 
Execute           source D:/Xilinx/Vivado/2018.3/common/technology/xilinx/interface/saxilite.lib 
Execute         source D:/Xilinx/Vivado/2018.3/common/technology/xilinx/common/dsp48.lib 
Execute         source D:/Xilinx/Vivado/2018.3/common/technology/xilinx/ip/dds_compiler.lib 
Execute         source D:/Xilinx/Vivado/2018.3/common/technology/xilinx/ip/xfft.lib 
Execute         source D:/Xilinx/Vivado/2018.3/common/technology/xilinx/ip/xfir.lib 
Execute       source D:/Xilinx/Vivado/2018.3/common/technology/xilinx/common/xilinx_old.lib 
Execute       source D:/Xilinx/Vivado/2018.3/common/technology/xilinx/common/xilinx_vivado.lib 
Execute       source D:/Xilinx/Vivado/2018.3/common/technology/xilinx/common/xilinx.hlp 
Execute         source D:/Xilinx/Vivado/2018.3/common/technology/xilinx/common/target_info.tcl 
Execute         source D:/Xilinx/Vivado/2018.3/common/technology/xilinx/interface/xilinx_interface.hlp 
Execute           source D:/Xilinx/Vivado/2018.3/common/technology/xilinx/interface/maxi.hlp 
Execute           source D:/Xilinx/Vivado/2018.3/common/technology/xilinx/interface/saxilite.hlp 
Execute         source D:/Xilinx/Vivado/2018.3/common/technology/xilinx/common/dsp48.hlp 
Execute       source D:/Xilinx/Vivado/2018.3/common/technology/xilinx/zynq/dsp48e1.hlp 
Execute       get_default_platform 
Execute       config_chip_info -quiet -resource  {SLICE 13300}  {LUT 53200}     {FF 106400} {DSP48E 220}   {BRAM 280}  
Execute       config_chip_info -quiet -speed medium 
Execute       source D:/Xilinx/Vivado/2018.3/common/technology/xilinx/common/xilinx.hlp 
Execute         source D:/Xilinx/Vivado/2018.3/common/technology/xilinx/common/target_info.tcl 
Execute         source D:/Xilinx/Vivado/2018.3/common/technology/xilinx/interface/xilinx_interface.hlp 
Execute           source D:/Xilinx/Vivado/2018.3/common/technology/xilinx/interface/maxi.hlp 
Execute           source D:/Xilinx/Vivado/2018.3/common/technology/xilinx/interface/saxilite.hlp 
Execute         source D:/Xilinx/Vivado/2018.3/common/technology/xilinx/common/dsp48.hlp 
Execute     source D:/Xilinx/Vivado/2018.3/common/technology/xilinx/zynq/zynq.gen 
Execute       source D:/Xilinx/Vivado/2018.3/common/technology/xilinx/common/virtex.gen 
Execute         source D:/Xilinx/Vivado/2018.3/common/technology/xilinx/common/xilinx.gen 
Execute           source D:/Xilinx/Vivado/2018.3/common/technology/xilinx/interface/plb46.gen 
Execute           source D:/Xilinx/Vivado/2018.3/common/technology/xilinx/interface/fsl.gen 
Execute           source D:/Xilinx/Vivado/2018.3/common/technology/xilinx/interface/axi4.gen 
Execute           source D:/Xilinx/Vivado/2018.3/common/technology/xilinx/interface/nativeAXI4.gen 
Execute             source D:/Xilinx/Vivado/2018.3/common/technology/xilinx/interface/saxilite.gen 
Execute             source D:/Xilinx/Vivado/2018.3/common/technology/xilinx/interface/maxi.gen 
Execute           source D:/Xilinx/Vivado/2018.3/common/technology/xilinx/scripts/xilinxcoregen.gen 
Execute           source D:/Xilinx/Vivado/2018.3/common/technology/xilinx/interface/XilEDKCoreGen.gen 
Execute           source D:/Xilinx/Vivado/2018.3/common/technology/xilinx/ip/dds_compiler.gen 
Execute           source D:/Xilinx/Vivado/2018.3/common/technology/xilinx/ip/util.gen 
Execute           source D:/Xilinx/Vivado/2018.3/common/technology/xilinx/ip/xfft.gen 
Execute           source D:/Xilinx/Vivado/2018.3/common/technology/xilinx/ip/xfir.gen 
Execute         source D:/Xilinx/Vivado/2018.3/common/technology/xilinx/common/dsp48.gen 
Execute     open_platform DefaultPlatform 
Execute     import_lib D:/Xilinx/Vivado/2018.3/common/technology/xilinx/zynq/zynq_fpv6 
Execute       source D:/Xilinx/Vivado/2018.3/common/technology/xilinx/common/xilinx_fpv7.lib 
Execute         source D:/Xilinx/Vivado/2018.3/common/technology/xilinx/common/xilinx_hp.lib 
Execute       source D:/Xilinx/Vivado/2018.3/common/technology/xilinx/common/xilinx_fpv.hlp 
Execute         source D:/Xilinx/Vivado/2018.3/common/technology/xilinx/common/xilinx.hlp 
Execute           source D:/Xilinx/Vivado/2018.3/common/technology/xilinx/common/target_info.tcl 
Execute           source D:/Xilinx/Vivado/2018.3/common/technology/xilinx/interface/xilinx_interface.hlp 
Execute             source D:/Xilinx/Vivado/2018.3/common/technology/xilinx/interface/maxi.hlp 
Execute             source D:/Xilinx/Vivado/2018.3/common/technology/xilinx/interface/saxilite.hlp 
Execute           source D:/Xilinx/Vivado/2018.3/common/technology/xilinx/common/dsp48.hlp 
Execute       source D:/Xilinx/Vivado/2018.3/common/technology/xilinx/zynq/zynq_hp.hlp 
Execute     source D:/Xilinx/Vivado/2018.3/common/technology/xilinx/zynq/zynq_fpv6.gen 
Execute       source D:/Xilinx/Vivado/2018.3/common/technology/xilinx/common/xilinx_fpv6.gen 
Execute     set_part xc7z020clg400-2 
Execute       add_library xilinx/zynq/zynq:xc7z020:clg400:-2 
Execute         get_default_platform 
Execute         license_isbetapart xc7z020 
Command         license_isbetapart done; error code: 1; 
Execute         get_default_platform 
Execute         config_chip_info -quiet -resource  {SLICE 13300}  {LUT 53200}     {FF 106400} {DSP48E 220}   {BRAM 280}  
Execute         config_chip_info -quiet -speed medium 
Execute       add_library xilinx/zynq/zynq_fpv6 
Execute         get_default_platform 
INFO: [HLS 200-10] Setting target device to 'xc7z020clg400-2'
Execute       get_default_platform 
Execute     get_default_platform 
Execute     config_chip_info -quiet -resource  {SLICE 13300}  {LUT 53200}     {FF 106400} {DSP48E 220}   {BRAM 280}  
Execute     config_chip_info -quiet -speed medium 
Command   open_solution done; 0.163 sec.
Execute   csim_design -quiet 
INFO: [SIM 211-2] *************** CSIM start ***************
INFO: [SIM 211-4] CSIM will launch GCC as the compiler.
Execute     source csim/.lst_opt.tcl 
Execute     is_encrypted D:/Xilinx/Project/LSTM/lstm_hls/dynamic_quant/dyn_quant/src/main.cpp 
Execute     is_xip D:/Xilinx/Project/LSTM/lstm_hls/dynamic_quant/dyn_quant/src/main.cpp 
Execute     is_encrypted D:/Xilinx/Project/LSTM/lstm_hls/dynamic_quant/dyn_quant/src/test_mixed_precision_lstm.cpp 
Execute     is_xip D:/Xilinx/Project/LSTM/lstm_hls/dynamic_quant/dyn_quant/src/test_mixed_precision_lstm.cpp 
Execute     is_encrypted D:/Xilinx/Project/LSTM/lstm_hls/dynamic_quant/dyn_quant/src/fixed_lstm.cpp 
Execute     is_xip D:/Xilinx/Project/LSTM/lstm_hls/dynamic_quant/dyn_quant/src/fixed_lstm.cpp 
Execute     is_encrypted D:/Xilinx/Project/LSTM/lstm_hls/dynamic_quant/dyn_quant/src/fixed_lstm.h 
Execute     is_xip D:/Xilinx/Project/LSTM/lstm_hls/dynamic_quant/dyn_quant/src/fixed_lstm.h 
Execute     is_encrypted D:/Xilinx/Project/LSTM/lstm_hls/dynamic_quant/dyn_quant/src/infer_fixed.cpp 
Execute     is_xip D:/Xilinx/Project/LSTM/lstm_hls/dynamic_quant/dyn_quant/src/infer_fixed.cpp 
Execute     is_encrypted D:/Xilinx/Project/LSTM/lstm_hls/dynamic_quant/dyn_quant/src/utils.h 
Execute     is_xip D:/Xilinx/Project/LSTM/lstm_hls/dynamic_quant/dyn_quant/src/utils.h 
Execute     is_encrypted D:/Xilinx/Project/LSTM/lstm_hls/dynamic_quant/dyn_quant/src/weight.cpp 
Execute     is_xip D:/Xilinx/Project/LSTM/lstm_hls/dynamic_quant/dyn_quant/src/weight.cpp 
Execute     get_default_platform 
Execute     source run_sim.tcl 
Command     ap_source done; 1.296 sec.
INFO: [SIM 211-1] CSim done with 0 errors.
INFO: [SIM 211-3] *************** CSIM finish ***************
Command   csim_design done; 11.204 sec.
Command ap_source done; 11.374 sec.
Execute cleanup_all 
INFO-FLOW: Workspace D:/Xilinx/Project/LSTM/lstm_hls/dynamic_quant/dyn_quant/solution1 opened at Fri Apr 04 20:26:56 +0800 2025
Execute     config_clock -quiet -name default -period 10 -default=false 
INFO: [SYN 201-201] Setting up clock 'default' with a period of 10ns.
Execute     open_platform DefaultPlatform 
Execute     import_lib D:/Xilinx/Vivado/2018.3/common/technology/xilinx/zynq/zynq 
Execute       source D:/Xilinx/Vivado/2018.3/common/technology/xilinx/common/xilinx.lib 
Execute         source D:/Xilinx/Vivado/2018.3/common/technology/xilinx/interface/xilinx_interface.lib 
Execute           source D:/Xilinx/Vivado/2018.3/common/technology/xilinx/interface/plb46.lib 
Execute           source D:/Xilinx/Vivado/2018.3/common/technology/xilinx/interface/fsl.lib 
Execute           source D:/Xilinx/Vivado/2018.3/common/technology/xilinx/interface/axi4.lib 
Execute           source D:/Xilinx/Vivado/2018.3/common/technology/xilinx/interface/maxi.lib 
Execute           source D:/Xilinx/Vivado/2018.3/common/technology/xilinx/interface/saxilite.lib 
Execute         source D:/Xilinx/Vivado/2018.3/common/technology/xilinx/common/dsp48.lib 
Execute         source D:/Xilinx/Vivado/2018.3/common/technology/xilinx/ip/dds_compiler.lib 
Execute         source D:/Xilinx/Vivado/2018.3/common/technology/xilinx/ip/xfft.lib 
Execute         source D:/Xilinx/Vivado/2018.3/common/technology/xilinx/ip/xfir.lib 
Execute       source D:/Xilinx/Vivado/2018.3/common/technology/xilinx/common/xilinx_old.lib 
Execute       source D:/Xilinx/Vivado/2018.3/common/technology/xilinx/common/xilinx_vivado.lib 
Execute       source D:/Xilinx/Vivado/2018.3/common/technology/xilinx/common/xilinx.hlp 
Execute         source D:/Xilinx/Vivado/2018.3/common/technology/xilinx/common/target_info.tcl 
Execute         source D:/Xilinx/Vivado/2018.3/common/technology/xilinx/interface/xilinx_interface.hlp 
Execute           source D:/Xilinx/Vivado/2018.3/common/technology/xilinx/interface/maxi.hlp 
Execute           source D:/Xilinx/Vivado/2018.3/common/technology/xilinx/interface/saxilite.hlp 
Execute         source D:/Xilinx/Vivado/2018.3/common/technology/xilinx/common/dsp48.hlp 
Execute       source D:/Xilinx/Vivado/2018.3/common/technology/xilinx/zynq/dsp48e1.hlp 
Execute       get_default_platform 
Execute       config_chip_info -quiet -resource  {SLICE 13300}  {LUT 53200}     {FF 106400} {DSP48E 220}   {BRAM 280}  
Execute       config_chip_info -quiet -speed medium 
Execute       source D:/Xilinx/Vivado/2018.3/common/technology/xilinx/common/xilinx.hlp 
Execute         source D:/Xilinx/Vivado/2018.3/common/technology/xilinx/common/target_info.tcl 
Execute         source D:/Xilinx/Vivado/2018.3/common/technology/xilinx/interface/xilinx_interface.hlp 
Execute           source D:/Xilinx/Vivado/2018.3/common/technology/xilinx/interface/maxi.hlp 
Execute           source D:/Xilinx/Vivado/2018.3/common/technology/xilinx/interface/saxilite.hlp 
Execute         source D:/Xilinx/Vivado/2018.3/common/technology/xilinx/common/dsp48.hlp 
Execute     source D:/Xilinx/Vivado/2018.3/common/technology/xilinx/zynq/zynq.gen 
Execute       source D:/Xilinx/Vivado/2018.3/common/technology/xilinx/common/virtex.gen 
Execute         source D:/Xilinx/Vivado/2018.3/common/technology/xilinx/common/xilinx.gen 
Execute           source D:/Xilinx/Vivado/2018.3/common/technology/xilinx/interface/plb46.gen 
Execute           source D:/Xilinx/Vivado/2018.3/common/technology/xilinx/interface/fsl.gen 
Execute           source D:/Xilinx/Vivado/2018.3/common/technology/xilinx/interface/axi4.gen 
Execute           source D:/Xilinx/Vivado/2018.3/common/technology/xilinx/interface/nativeAXI4.gen 
Execute             source D:/Xilinx/Vivado/2018.3/common/technology/xilinx/interface/saxilite.gen 
Execute             source D:/Xilinx/Vivado/2018.3/common/technology/xilinx/interface/maxi.gen 
Execute           source D:/Xilinx/Vivado/2018.3/common/technology/xilinx/scripts/xilinxcoregen.gen 
Execute           source D:/Xilinx/Vivado/2018.3/common/technology/xilinx/interface/XilEDKCoreGen.gen 
Execute           source D:/Xilinx/Vivado/2018.3/common/technology/xilinx/ip/dds_compiler.gen 
Execute           source D:/Xilinx/Vivado/2018.3/common/technology/xilinx/ip/util.gen 
Execute           source D:/Xilinx/Vivado/2018.3/common/technology/xilinx/ip/xfft.gen 
Execute           source D:/Xilinx/Vivado/2018.3/common/technology/xilinx/ip/xfir.gen 
Execute         source D:/Xilinx/Vivado/2018.3/common/technology/xilinx/common/dsp48.gen 
Execute     open_platform DefaultPlatform 
Execute     import_lib D:/Xilinx/Vivado/2018.3/common/technology/xilinx/zynq/zynq_fpv6 
Execute       source D:/Xilinx/Vivado/2018.3/common/technology/xilinx/common/xilinx_fpv7.lib 
Execute         source D:/Xilinx/Vivado/2018.3/common/technology/xilinx/common/xilinx_hp.lib 
Execute       source D:/Xilinx/Vivado/2018.3/common/technology/xilinx/common/xilinx_fpv.hlp 
Execute         source D:/Xilinx/Vivado/2018.3/common/technology/xilinx/common/xilinx.hlp 
Execute           source D:/Xilinx/Vivado/2018.3/common/technology/xilinx/common/target_info.tcl 
Execute           source D:/Xilinx/Vivado/2018.3/common/technology/xilinx/interface/xilinx_interface.hlp 
Execute             source D:/Xilinx/Vivado/2018.3/common/technology/xilinx/interface/maxi.hlp 
Execute             source D:/Xilinx/Vivado/2018.3/common/technology/xilinx/interface/saxilite.hlp 
Execute           source D:/Xilinx/Vivado/2018.3/common/technology/xilinx/common/dsp48.hlp 
Execute       source D:/Xilinx/Vivado/2018.3/common/technology/xilinx/zynq/zynq_hp.hlp 
Execute     source D:/Xilinx/Vivado/2018.3/common/technology/xilinx/zynq/zynq_fpv6.gen 
Execute       source D:/Xilinx/Vivado/2018.3/common/technology/xilinx/common/xilinx_fpv6.gen 
Execute     set_part xc7z020clg400-2 
Execute       add_library xilinx/zynq/zynq:xc7z020:clg400:-2 
Execute         get_default_platform 
Execute         license_isbetapart xc7z020 
Command         license_isbetapart done; error code: 1; 
Execute         get_default_platform 
Execute         config_chip_info -quiet -resource  {SLICE 13300}  {LUT 53200}     {FF 106400} {DSP48E 220}   {BRAM 280}  
Execute         config_chip_info -quiet -speed medium 
Execute       add_library xilinx/zynq/zynq_fpv6 
Execute         get_default_platform 
INFO: [HLS 200-10] Setting target device to 'xc7z020clg400-2'
Execute       get_default_platform 
Execute     get_default_platform 
Execute     config_chip_info -quiet -resource  {SLICE 13300}  {LUT 53200}     {FF 106400} {DSP48E 220}   {BRAM 280}  
Execute     config_chip_info -quiet -speed medium 
Command   open_solution done; 0.156 sec.
Execute   csim_design -quiet 
INFO: [SIM 211-2] *************** CSIM start ***************
INFO: [SIM 211-4] CSIM will launch GCC as the compiler.
Execute     source csim/.lst_opt.tcl 
Execute     is_encrypted D:/Xilinx/Project/LSTM/lstm_hls/dynamic_quant/dyn_quant/src/main.cpp 
Execute     is_xip D:/Xilinx/Project/LSTM/lstm_hls/dynamic_quant/dyn_quant/src/main.cpp 
Execute     is_encrypted D:/Xilinx/Project/LSTM/lstm_hls/dynamic_quant/dyn_quant/src/test_mixed_precision_lstm.cpp 
Execute     is_xip D:/Xilinx/Project/LSTM/lstm_hls/dynamic_quant/dyn_quant/src/test_mixed_precision_lstm.cpp 
Execute     is_encrypted D:/Xilinx/Project/LSTM/lstm_hls/dynamic_quant/dyn_quant/src/fixed_lstm.cpp 
Execute     is_xip D:/Xilinx/Project/LSTM/lstm_hls/dynamic_quant/dyn_quant/src/fixed_lstm.cpp 
Execute     is_encrypted D:/Xilinx/Project/LSTM/lstm_hls/dynamic_quant/dyn_quant/src/fixed_lstm.h 
Execute     is_xip D:/Xilinx/Project/LSTM/lstm_hls/dynamic_quant/dyn_quant/src/fixed_lstm.h 
Execute     is_encrypted D:/Xilinx/Project/LSTM/lstm_hls/dynamic_quant/dyn_quant/src/infer_fixed.cpp 
Execute     is_xip D:/Xilinx/Project/LSTM/lstm_hls/dynamic_quant/dyn_quant/src/infer_fixed.cpp 
Execute     is_encrypted D:/Xilinx/Project/LSTM/lstm_hls/dynamic_quant/dyn_quant/src/utils.h 
Execute     is_xip D:/Xilinx/Project/LSTM/lstm_hls/dynamic_quant/dyn_quant/src/utils.h 
Execute     is_encrypted D:/Xilinx/Project/LSTM/lstm_hls/dynamic_quant/dyn_quant/src/weight.cpp 
Execute     is_xip D:/Xilinx/Project/LSTM/lstm_hls/dynamic_quant/dyn_quant/src/weight.cpp 
Execute     get_default_platform 
Execute     source run_sim.tcl 
Command     ap_source done; 1.142 sec.
INFO: [SIM 211-1] CSim done with 0 errors.
INFO: [SIM 211-3] *************** CSIM finish ***************
Command   csim_design done; 10.923 sec.
Command ap_source done; 11.083 sec.
Execute cleanup_all 
INFO-FLOW: Workspace D:/Xilinx/Project/LSTM/lstm_hls/dynamic_quant/dyn_quant/solution1 opened at Fri Apr 04 20:27:49 +0800 2025
Execute     config_clock -quiet -name default -period 10 -default=false 
INFO: [SYN 201-201] Setting up clock 'default' with a period of 10ns.
Execute     open_platform DefaultPlatform 
Execute     import_lib D:/Xilinx/Vivado/2018.3/common/technology/xilinx/zynq/zynq 
Execute       source D:/Xilinx/Vivado/2018.3/common/technology/xilinx/common/xilinx.lib 
Execute         source D:/Xilinx/Vivado/2018.3/common/technology/xilinx/interface/xilinx_interface.lib 
Execute           source D:/Xilinx/Vivado/2018.3/common/technology/xilinx/interface/plb46.lib 
Execute           source D:/Xilinx/Vivado/2018.3/common/technology/xilinx/interface/fsl.lib 
Execute           source D:/Xilinx/Vivado/2018.3/common/technology/xilinx/interface/axi4.lib 
Execute           source D:/Xilinx/Vivado/2018.3/common/technology/xilinx/interface/maxi.lib 
Execute           source D:/Xilinx/Vivado/2018.3/common/technology/xilinx/interface/saxilite.lib 
Execute         source D:/Xilinx/Vivado/2018.3/common/technology/xilinx/common/dsp48.lib 
Execute         source D:/Xilinx/Vivado/2018.3/common/technology/xilinx/ip/dds_compiler.lib 
Execute         source D:/Xilinx/Vivado/2018.3/common/technology/xilinx/ip/xfft.lib 
Execute         source D:/Xilinx/Vivado/2018.3/common/technology/xilinx/ip/xfir.lib 
Execute       source D:/Xilinx/Vivado/2018.3/common/technology/xilinx/common/xilinx_old.lib 
Execute       source D:/Xilinx/Vivado/2018.3/common/technology/xilinx/common/xilinx_vivado.lib 
Execute       source D:/Xilinx/Vivado/2018.3/common/technology/xilinx/common/xilinx.hlp 
Execute         source D:/Xilinx/Vivado/2018.3/common/technology/xilinx/common/target_info.tcl 
Execute         source D:/Xilinx/Vivado/2018.3/common/technology/xilinx/interface/xilinx_interface.hlp 
Execute           source D:/Xilinx/Vivado/2018.3/common/technology/xilinx/interface/maxi.hlp 
Execute           source D:/Xilinx/Vivado/2018.3/common/technology/xilinx/interface/saxilite.hlp 
Execute         source D:/Xilinx/Vivado/2018.3/common/technology/xilinx/common/dsp48.hlp 
Execute       source D:/Xilinx/Vivado/2018.3/common/technology/xilinx/zynq/dsp48e1.hlp 
Execute       get_default_platform 
Execute       config_chip_info -quiet -resource  {SLICE 13300}  {LUT 53200}     {FF 106400} {DSP48E 220}   {BRAM 280}  
Execute       config_chip_info -quiet -speed medium 
Execute       source D:/Xilinx/Vivado/2018.3/common/technology/xilinx/common/xilinx.hlp 
Execute         source D:/Xilinx/Vivado/2018.3/common/technology/xilinx/common/target_info.tcl 
Execute         source D:/Xilinx/Vivado/2018.3/common/technology/xilinx/interface/xilinx_interface.hlp 
Execute           source D:/Xilinx/Vivado/2018.3/common/technology/xilinx/interface/maxi.hlp 
Execute           source D:/Xilinx/Vivado/2018.3/common/technology/xilinx/interface/saxilite.hlp 
Execute         source D:/Xilinx/Vivado/2018.3/common/technology/xilinx/common/dsp48.hlp 
Execute     source D:/Xilinx/Vivado/2018.3/common/technology/xilinx/zynq/zynq.gen 
Execute       source D:/Xilinx/Vivado/2018.3/common/technology/xilinx/common/virtex.gen 
Execute         source D:/Xilinx/Vivado/2018.3/common/technology/xilinx/common/xilinx.gen 
Execute           source D:/Xilinx/Vivado/2018.3/common/technology/xilinx/interface/plb46.gen 
Execute           source D:/Xilinx/Vivado/2018.3/common/technology/xilinx/interface/fsl.gen 
Execute           source D:/Xilinx/Vivado/2018.3/common/technology/xilinx/interface/axi4.gen 
Execute           source D:/Xilinx/Vivado/2018.3/common/technology/xilinx/interface/nativeAXI4.gen 
Execute             source D:/Xilinx/Vivado/2018.3/common/technology/xilinx/interface/saxilite.gen 
Execute             source D:/Xilinx/Vivado/2018.3/common/technology/xilinx/interface/maxi.gen 
Execute           source D:/Xilinx/Vivado/2018.3/common/technology/xilinx/scripts/xilinxcoregen.gen 
Execute           source D:/Xilinx/Vivado/2018.3/common/technology/xilinx/interface/XilEDKCoreGen.gen 
Execute           source D:/Xilinx/Vivado/2018.3/common/technology/xilinx/ip/dds_compiler.gen 
Execute           source D:/Xilinx/Vivado/2018.3/common/technology/xilinx/ip/util.gen 
Execute           source D:/Xilinx/Vivado/2018.3/common/technology/xilinx/ip/xfft.gen 
Execute           source D:/Xilinx/Vivado/2018.3/common/technology/xilinx/ip/xfir.gen 
Execute         source D:/Xilinx/Vivado/2018.3/common/technology/xilinx/common/dsp48.gen 
Execute     open_platform DefaultPlatform 
Execute     import_lib D:/Xilinx/Vivado/2018.3/common/technology/xilinx/zynq/zynq_fpv6 
Execute       source D:/Xilinx/Vivado/2018.3/common/technology/xilinx/common/xilinx_fpv7.lib 
Execute         source D:/Xilinx/Vivado/2018.3/common/technology/xilinx/common/xilinx_hp.lib 
Execute       source D:/Xilinx/Vivado/2018.3/common/technology/xilinx/common/xilinx_fpv.hlp 
Execute         source D:/Xilinx/Vivado/2018.3/common/technology/xilinx/common/xilinx.hlp 
Execute           source D:/Xilinx/Vivado/2018.3/common/technology/xilinx/common/target_info.tcl 
Execute           source D:/Xilinx/Vivado/2018.3/common/technology/xilinx/interface/xilinx_interface.hlp 
Execute             source D:/Xilinx/Vivado/2018.3/common/technology/xilinx/interface/maxi.hlp 
Execute             source D:/Xilinx/Vivado/2018.3/common/technology/xilinx/interface/saxilite.hlp 
Execute           source D:/Xilinx/Vivado/2018.3/common/technology/xilinx/common/dsp48.hlp 
Execute       source D:/Xilinx/Vivado/2018.3/common/technology/xilinx/zynq/zynq_hp.hlp 
Execute     source D:/Xilinx/Vivado/2018.3/common/technology/xilinx/zynq/zynq_fpv6.gen 
Execute       source D:/Xilinx/Vivado/2018.3/common/technology/xilinx/common/xilinx_fpv6.gen 
Execute     set_part xc7z020clg400-2 
Execute       add_library xilinx/zynq/zynq:xc7z020:clg400:-2 
Execute         get_default_platform 
Execute         license_isbetapart xc7z020 
Command         license_isbetapart done; error code: 1; 
Execute         get_default_platform 
Execute         config_chip_info -quiet -resource  {SLICE 13300}  {LUT 53200}     {FF 106400} {DSP48E 220}   {BRAM 280}  
Execute         config_chip_info -quiet -speed medium 
Execute       add_library xilinx/zynq/zynq_fpv6 
Execute         get_default_platform 
INFO: [HLS 200-10] Setting target device to 'xc7z020clg400-2'
Execute       get_default_platform 
Execute     get_default_platform 
Execute     config_chip_info -quiet -resource  {SLICE 13300}  {LUT 53200}     {FF 106400} {DSP48E 220}   {BRAM 280}  
Execute     config_chip_info -quiet -speed medium 
Command   open_solution done; 0.148 sec.
Execute   csim_design -quiet 
INFO: [SIM 211-2] *************** CSIM start ***************
INFO: [SIM 211-4] CSIM will launch GCC as the compiler.
Execute     source csim/.lst_opt.tcl 
Execute     is_encrypted D:/Xilinx/Project/LSTM/lstm_hls/dynamic_quant/dyn_quant/src/main.cpp 
Execute     is_xip D:/Xilinx/Project/LSTM/lstm_hls/dynamic_quant/dyn_quant/src/main.cpp 
Execute     is_encrypted D:/Xilinx/Project/LSTM/lstm_hls/dynamic_quant/dyn_quant/src/test_mixed_precision_lstm.cpp 
Execute     is_xip D:/Xilinx/Project/LSTM/lstm_hls/dynamic_quant/dyn_quant/src/test_mixed_precision_lstm.cpp 
Execute     is_encrypted D:/Xilinx/Project/LSTM/lstm_hls/dynamic_quant/dyn_quant/src/fixed_lstm.cpp 
Execute     is_xip D:/Xilinx/Project/LSTM/lstm_hls/dynamic_quant/dyn_quant/src/fixed_lstm.cpp 
Execute     is_encrypted D:/Xilinx/Project/LSTM/lstm_hls/dynamic_quant/dyn_quant/src/fixed_lstm.h 
Execute     is_xip D:/Xilinx/Project/LSTM/lstm_hls/dynamic_quant/dyn_quant/src/fixed_lstm.h 
Execute     is_encrypted D:/Xilinx/Project/LSTM/lstm_hls/dynamic_quant/dyn_quant/src/infer_fixed.cpp 
Execute     is_xip D:/Xilinx/Project/LSTM/lstm_hls/dynamic_quant/dyn_quant/src/infer_fixed.cpp 
Execute     is_encrypted D:/Xilinx/Project/LSTM/lstm_hls/dynamic_quant/dyn_quant/src/utils.h 
Execute     is_xip D:/Xilinx/Project/LSTM/lstm_hls/dynamic_quant/dyn_quant/src/utils.h 
Execute     is_encrypted D:/Xilinx/Project/LSTM/lstm_hls/dynamic_quant/dyn_quant/src/weight.cpp 
Execute     is_xip D:/Xilinx/Project/LSTM/lstm_hls/dynamic_quant/dyn_quant/src/weight.cpp 
Execute     get_default_platform 
Execute     source run_sim.tcl 
Command     ap_source done; 100.739 sec.
INFO: [SIM 211-1] CSim done with 0 errors.
INFO: [SIM 211-3] *************** CSIM finish ***************
Command   csim_design done; 106.268 sec.
Command ap_source done; 106.422 sec.
Execute cleanup_all 
INFO-FLOW: Workspace D:/Xilinx/Project/LSTM/lstm_hls/dynamic_quant/dyn_quant/solution1 opened at Fri Apr 04 20:38:54 +0800 2025
Execute     config_clock -quiet -name default -period 10 -default=false 
INFO: [SYN 201-201] Setting up clock 'default' with a period of 10ns.
Execute     open_platform DefaultPlatform 
Execute     import_lib D:/Xilinx/Vivado/2018.3/common/technology/xilinx/zynq/zynq 
Execute       source D:/Xilinx/Vivado/2018.3/common/technology/xilinx/common/xilinx.lib 
Execute         source D:/Xilinx/Vivado/2018.3/common/technology/xilinx/interface/xilinx_interface.lib 
Execute           source D:/Xilinx/Vivado/2018.3/common/technology/xilinx/interface/plb46.lib 
Execute           source D:/Xilinx/Vivado/2018.3/common/technology/xilinx/interface/fsl.lib 
Execute           source D:/Xilinx/Vivado/2018.3/common/technology/xilinx/interface/axi4.lib 
Execute           source D:/Xilinx/Vivado/2018.3/common/technology/xilinx/interface/maxi.lib 
Execute           source D:/Xilinx/Vivado/2018.3/common/technology/xilinx/interface/saxilite.lib 
Execute         source D:/Xilinx/Vivado/2018.3/common/technology/xilinx/common/dsp48.lib 
Execute         source D:/Xilinx/Vivado/2018.3/common/technology/xilinx/ip/dds_compiler.lib 
Execute         source D:/Xilinx/Vivado/2018.3/common/technology/xilinx/ip/xfft.lib 
Execute         source D:/Xilinx/Vivado/2018.3/common/technology/xilinx/ip/xfir.lib 
Execute       source D:/Xilinx/Vivado/2018.3/common/technology/xilinx/common/xilinx_old.lib 
Execute       source D:/Xilinx/Vivado/2018.3/common/technology/xilinx/common/xilinx_vivado.lib 
Execute       source D:/Xilinx/Vivado/2018.3/common/technology/xilinx/common/xilinx.hlp 
Execute         source D:/Xilinx/Vivado/2018.3/common/technology/xilinx/common/target_info.tcl 
Execute         source D:/Xilinx/Vivado/2018.3/common/technology/xilinx/interface/xilinx_interface.hlp 
Execute           source D:/Xilinx/Vivado/2018.3/common/technology/xilinx/interface/maxi.hlp 
Execute           source D:/Xilinx/Vivado/2018.3/common/technology/xilinx/interface/saxilite.hlp 
Execute         source D:/Xilinx/Vivado/2018.3/common/technology/xilinx/common/dsp48.hlp 
Execute       source D:/Xilinx/Vivado/2018.3/common/technology/xilinx/zynq/dsp48e1.hlp 
Execute       get_default_platform 
Execute       config_chip_info -quiet -resource  {SLICE 13300}  {LUT 53200}     {FF 106400} {DSP48E 220}   {BRAM 280}  
Execute       config_chip_info -quiet -speed medium 
Execute       source D:/Xilinx/Vivado/2018.3/common/technology/xilinx/common/xilinx.hlp 
Execute         source D:/Xilinx/Vivado/2018.3/common/technology/xilinx/common/target_info.tcl 
Execute         source D:/Xilinx/Vivado/2018.3/common/technology/xilinx/interface/xilinx_interface.hlp 
Execute           source D:/Xilinx/Vivado/2018.3/common/technology/xilinx/interface/maxi.hlp 
Execute           source D:/Xilinx/Vivado/2018.3/common/technology/xilinx/interface/saxilite.hlp 
Execute         source D:/Xilinx/Vivado/2018.3/common/technology/xilinx/common/dsp48.hlp 
Execute     source D:/Xilinx/Vivado/2018.3/common/technology/xilinx/zynq/zynq.gen 
Execute       source D:/Xilinx/Vivado/2018.3/common/technology/xilinx/common/virtex.gen 
Execute         source D:/Xilinx/Vivado/2018.3/common/technology/xilinx/common/xilinx.gen 
Execute           source D:/Xilinx/Vivado/2018.3/common/technology/xilinx/interface/plb46.gen 
Execute           source D:/Xilinx/Vivado/2018.3/common/technology/xilinx/interface/fsl.gen 
Execute           source D:/Xilinx/Vivado/2018.3/common/technology/xilinx/interface/axi4.gen 
Execute           source D:/Xilinx/Vivado/2018.3/common/technology/xilinx/interface/nativeAXI4.gen 
Execute             source D:/Xilinx/Vivado/2018.3/common/technology/xilinx/interface/saxilite.gen 
Execute             source D:/Xilinx/Vivado/2018.3/common/technology/xilinx/interface/maxi.gen 
Execute           source D:/Xilinx/Vivado/2018.3/common/technology/xilinx/scripts/xilinxcoregen.gen 
Execute           source D:/Xilinx/Vivado/2018.3/common/technology/xilinx/interface/XilEDKCoreGen.gen 
Execute           source D:/Xilinx/Vivado/2018.3/common/technology/xilinx/ip/dds_compiler.gen 
Execute           source D:/Xilinx/Vivado/2018.3/common/technology/xilinx/ip/util.gen 
Execute           source D:/Xilinx/Vivado/2018.3/common/technology/xilinx/ip/xfft.gen 
Execute           source D:/Xilinx/Vivado/2018.3/common/technology/xilinx/ip/xfir.gen 
Execute         source D:/Xilinx/Vivado/2018.3/common/technology/xilinx/common/dsp48.gen 
Execute     open_platform DefaultPlatform 
Execute     import_lib D:/Xilinx/Vivado/2018.3/common/technology/xilinx/zynq/zynq_fpv6 
Execute       source D:/Xilinx/Vivado/2018.3/common/technology/xilinx/common/xilinx_fpv7.lib 
Execute         source D:/Xilinx/Vivado/2018.3/common/technology/xilinx/common/xilinx_hp.lib 
Execute       source D:/Xilinx/Vivado/2018.3/common/technology/xilinx/common/xilinx_fpv.hlp 
Execute         source D:/Xilinx/Vivado/2018.3/common/technology/xilinx/common/xilinx.hlp 
Execute           source D:/Xilinx/Vivado/2018.3/common/technology/xilinx/common/target_info.tcl 
Execute           source D:/Xilinx/Vivado/2018.3/common/technology/xilinx/interface/xilinx_interface.hlp 
Execute             source D:/Xilinx/Vivado/2018.3/common/technology/xilinx/interface/maxi.hlp 
Execute             source D:/Xilinx/Vivado/2018.3/common/technology/xilinx/interface/saxilite.hlp 
Execute           source D:/Xilinx/Vivado/2018.3/common/technology/xilinx/common/dsp48.hlp 
Execute       source D:/Xilinx/Vivado/2018.3/common/technology/xilinx/zynq/zynq_hp.hlp 
Execute     source D:/Xilinx/Vivado/2018.3/common/technology/xilinx/zynq/zynq_fpv6.gen 
Execute       source D:/Xilinx/Vivado/2018.3/common/technology/xilinx/common/xilinx_fpv6.gen 
Execute     set_part xc7z020clg400-2 
Execute       add_library xilinx/zynq/zynq:xc7z020:clg400:-2 
Execute         get_default_platform 
Execute         license_isbetapart xc7z020 
Command         license_isbetapart done; error code: 1; 
Execute         get_default_platform 
Execute         config_chip_info -quiet -resource  {SLICE 13300}  {LUT 53200}     {FF 106400} {DSP48E 220}   {BRAM 280}  
Execute         config_chip_info -quiet -speed medium 
Execute       add_library xilinx/zynq/zynq_fpv6 
Execute         get_default_platform 
INFO: [HLS 200-10] Setting target device to 'xc7z020clg400-2'
Execute       get_default_platform 
Execute     get_default_platform 
Execute     config_chip_info -quiet -resource  {SLICE 13300}  {LUT 53200}     {FF 106400} {DSP48E 220}   {BRAM 280}  
Execute     config_chip_info -quiet -speed medium 
Command   open_solution done; 0.171 sec.
Execute   csim_design -quiet 
INFO: [SIM 211-2] *************** CSIM start ***************
INFO: [SIM 211-4] CSIM will launch GCC as the compiler.
Execute     source csim/.lst_opt.tcl 
Execute     is_encrypted D:/Xilinx/Project/LSTM/lstm_hls/dynamic_quant/dyn_quant/src/main.cpp 
Execute     is_xip D:/Xilinx/Project/LSTM/lstm_hls/dynamic_quant/dyn_quant/src/main.cpp 
Execute     is_encrypted D:/Xilinx/Project/LSTM/lstm_hls/dynamic_quant/dyn_quant/src/test_mixed_precision_lstm.cpp 
Execute     is_xip D:/Xilinx/Project/LSTM/lstm_hls/dynamic_quant/dyn_quant/src/test_mixed_precision_lstm.cpp 
Execute     is_encrypted D:/Xilinx/Project/LSTM/lstm_hls/dynamic_quant/dyn_quant/src/fixed_lstm.cpp 
Execute     is_xip D:/Xilinx/Project/LSTM/lstm_hls/dynamic_quant/dyn_quant/src/fixed_lstm.cpp 
Execute     is_encrypted D:/Xilinx/Project/LSTM/lstm_hls/dynamic_quant/dyn_quant/src/fixed_lstm.h 
Execute     is_xip D:/Xilinx/Project/LSTM/lstm_hls/dynamic_quant/dyn_quant/src/fixed_lstm.h 
Execute     is_encrypted D:/Xilinx/Project/LSTM/lstm_hls/dynamic_quant/dyn_quant/src/infer_fixed.cpp 
Execute     is_xip D:/Xilinx/Project/LSTM/lstm_hls/dynamic_quant/dyn_quant/src/infer_fixed.cpp 
Execute     is_encrypted D:/Xilinx/Project/LSTM/lstm_hls/dynamic_quant/dyn_quant/src/utils.h 
Execute     is_xip D:/Xilinx/Project/LSTM/lstm_hls/dynamic_quant/dyn_quant/src/utils.h 
Execute     is_encrypted D:/Xilinx/Project/LSTM/lstm_hls/dynamic_quant/dyn_quant/src/weight.cpp 
Execute     is_xip D:/Xilinx/Project/LSTM/lstm_hls/dynamic_quant/dyn_quant/src/weight.cpp 
Execute     get_default_platform 
Execute     source run_sim.tcl 
Command     ap_source done; 1.258 sec.
INFO: [SIM 211-1] CSim done with 0 errors.
INFO: [SIM 211-3] *************** CSIM finish ***************
Command   csim_design done; 11.521 sec.
Command ap_source done; 11.697 sec.
Execute cleanup_all 
INFO-FLOW: Workspace D:/Xilinx/Project/LSTM/lstm_hls/dynamic_quant/dyn_quant/solution1 opened at Fri Apr 04 20:52:59 +0800 2025
Execute     config_clock -quiet -name default -period 10 -default=false 
INFO: [SYN 201-201] Setting up clock 'default' with a period of 10ns.
Execute     open_platform DefaultPlatform 
Execute     import_lib D:/Xilinx/Vivado/2018.3/common/technology/xilinx/zynq/zynq 
Execute       source D:/Xilinx/Vivado/2018.3/common/technology/xilinx/common/xilinx.lib 
Execute         source D:/Xilinx/Vivado/2018.3/common/technology/xilinx/interface/xilinx_interface.lib 
Execute           source D:/Xilinx/Vivado/2018.3/common/technology/xilinx/interface/plb46.lib 
Execute           source D:/Xilinx/Vivado/2018.3/common/technology/xilinx/interface/fsl.lib 
Execute           source D:/Xilinx/Vivado/2018.3/common/technology/xilinx/interface/axi4.lib 
Execute           source D:/Xilinx/Vivado/2018.3/common/technology/xilinx/interface/maxi.lib 
Execute           source D:/Xilinx/Vivado/2018.3/common/technology/xilinx/interface/saxilite.lib 
Execute         source D:/Xilinx/Vivado/2018.3/common/technology/xilinx/common/dsp48.lib 
Execute         source D:/Xilinx/Vivado/2018.3/common/technology/xilinx/ip/dds_compiler.lib 
Execute         source D:/Xilinx/Vivado/2018.3/common/technology/xilinx/ip/xfft.lib 
Execute         source D:/Xilinx/Vivado/2018.3/common/technology/xilinx/ip/xfir.lib 
Execute       source D:/Xilinx/Vivado/2018.3/common/technology/xilinx/common/xilinx_old.lib 
Execute       source D:/Xilinx/Vivado/2018.3/common/technology/xilinx/common/xilinx_vivado.lib 
Execute       source D:/Xilinx/Vivado/2018.3/common/technology/xilinx/common/xilinx.hlp 
Execute         source D:/Xilinx/Vivado/2018.3/common/technology/xilinx/common/target_info.tcl 
Execute         source D:/Xilinx/Vivado/2018.3/common/technology/xilinx/interface/xilinx_interface.hlp 
Execute           source D:/Xilinx/Vivado/2018.3/common/technology/xilinx/interface/maxi.hlp 
Execute           source D:/Xilinx/Vivado/2018.3/common/technology/xilinx/interface/saxilite.hlp 
Execute         source D:/Xilinx/Vivado/2018.3/common/technology/xilinx/common/dsp48.hlp 
Execute       source D:/Xilinx/Vivado/2018.3/common/technology/xilinx/zynq/dsp48e1.hlp 
Execute       get_default_platform 
Execute       config_chip_info -quiet -resource  {SLICE 13300}  {LUT 53200}     {FF 106400} {DSP48E 220}   {BRAM 280}  
Execute       config_chip_info -quiet -speed medium 
Execute       source D:/Xilinx/Vivado/2018.3/common/technology/xilinx/common/xilinx.hlp 
Execute         source D:/Xilinx/Vivado/2018.3/common/technology/xilinx/common/target_info.tcl 
Execute         source D:/Xilinx/Vivado/2018.3/common/technology/xilinx/interface/xilinx_interface.hlp 
Execute           source D:/Xilinx/Vivado/2018.3/common/technology/xilinx/interface/maxi.hlp 
Execute           source D:/Xilinx/Vivado/2018.3/common/technology/xilinx/interface/saxilite.hlp 
Execute         source D:/Xilinx/Vivado/2018.3/common/technology/xilinx/common/dsp48.hlp 
Execute     source D:/Xilinx/Vivado/2018.3/common/technology/xilinx/zynq/zynq.gen 
Execute       source D:/Xilinx/Vivado/2018.3/common/technology/xilinx/common/virtex.gen 
Execute         source D:/Xilinx/Vivado/2018.3/common/technology/xilinx/common/xilinx.gen 
Execute           source D:/Xilinx/Vivado/2018.3/common/technology/xilinx/interface/plb46.gen 
Execute           source D:/Xilinx/Vivado/2018.3/common/technology/xilinx/interface/fsl.gen 
Execute           source D:/Xilinx/Vivado/2018.3/common/technology/xilinx/interface/axi4.gen 
Execute           source D:/Xilinx/Vivado/2018.3/common/technology/xilinx/interface/nativeAXI4.gen 
Execute             source D:/Xilinx/Vivado/2018.3/common/technology/xilinx/interface/saxilite.gen 
Execute             source D:/Xilinx/Vivado/2018.3/common/technology/xilinx/interface/maxi.gen 
Execute           source D:/Xilinx/Vivado/2018.3/common/technology/xilinx/scripts/xilinxcoregen.gen 
Execute           source D:/Xilinx/Vivado/2018.3/common/technology/xilinx/interface/XilEDKCoreGen.gen 
Execute           source D:/Xilinx/Vivado/2018.3/common/technology/xilinx/ip/dds_compiler.gen 
Execute           source D:/Xilinx/Vivado/2018.3/common/technology/xilinx/ip/util.gen 
Execute           source D:/Xilinx/Vivado/2018.3/common/technology/xilinx/ip/xfft.gen 
Execute           source D:/Xilinx/Vivado/2018.3/common/technology/xilinx/ip/xfir.gen 
Execute         source D:/Xilinx/Vivado/2018.3/common/technology/xilinx/common/dsp48.gen 
Execute     open_platform DefaultPlatform 
Execute     import_lib D:/Xilinx/Vivado/2018.3/common/technology/xilinx/zynq/zynq_fpv6 
Execute       source D:/Xilinx/Vivado/2018.3/common/technology/xilinx/common/xilinx_fpv7.lib 
Execute         source D:/Xilinx/Vivado/2018.3/common/technology/xilinx/common/xilinx_hp.lib 
Execute       source D:/Xilinx/Vivado/2018.3/common/technology/xilinx/common/xilinx_fpv.hlp 
Execute         source D:/Xilinx/Vivado/2018.3/common/technology/xilinx/common/xilinx.hlp 
Execute           source D:/Xilinx/Vivado/2018.3/common/technology/xilinx/common/target_info.tcl 
Execute           source D:/Xilinx/Vivado/2018.3/common/technology/xilinx/interface/xilinx_interface.hlp 
Execute             source D:/Xilinx/Vivado/2018.3/common/technology/xilinx/interface/maxi.hlp 
Execute             source D:/Xilinx/Vivado/2018.3/common/technology/xilinx/interface/saxilite.hlp 
Execute           source D:/Xilinx/Vivado/2018.3/common/technology/xilinx/common/dsp48.hlp 
Execute       source D:/Xilinx/Vivado/2018.3/common/technology/xilinx/zynq/zynq_hp.hlp 
Execute     source D:/Xilinx/Vivado/2018.3/common/technology/xilinx/zynq/zynq_fpv6.gen 
Execute       source D:/Xilinx/Vivado/2018.3/common/technology/xilinx/common/xilinx_fpv6.gen 
Execute     set_part xc7z020clg400-2 
Execute       add_library xilinx/zynq/zynq:xc7z020:clg400:-2 
Execute         get_default_platform 
Execute         license_isbetapart xc7z020 
Command         license_isbetapart done; error code: 1; 
Execute         get_default_platform 
Execute         config_chip_info -quiet -resource  {SLICE 13300}  {LUT 53200}     {FF 106400} {DSP48E 220}   {BRAM 280}  
Execute         config_chip_info -quiet -speed medium 
Execute       add_library xilinx/zynq/zynq_fpv6 
Execute         get_default_platform 
INFO: [HLS 200-10] Setting target device to 'xc7z020clg400-2'
Execute       get_default_platform 
Execute     get_default_platform 
Execute     config_chip_info -quiet -resource  {SLICE 13300}  {LUT 53200}     {FF 106400} {DSP48E 220}   {BRAM 280}  
Execute     config_chip_info -quiet -speed medium 
Command   open_solution done; 0.166 sec.
Execute   csim_design -quiet 
INFO: [SIM 211-2] *************** CSIM start ***************
INFO: [SIM 211-4] CSIM will launch GCC as the compiler.
Execute     source csim/.lst_opt.tcl 
Execute     is_encrypted D:/Xilinx/Project/LSTM/lstm_hls/dynamic_quant/dyn_quant/src/main.cpp 
Execute     is_xip D:/Xilinx/Project/LSTM/lstm_hls/dynamic_quant/dyn_quant/src/main.cpp 
Execute     is_encrypted D:/Xilinx/Project/LSTM/lstm_hls/dynamic_quant/dyn_quant/src/test_mixed_precision_lstm.cpp 
Execute     is_xip D:/Xilinx/Project/LSTM/lstm_hls/dynamic_quant/dyn_quant/src/test_mixed_precision_lstm.cpp 
Execute     is_encrypted D:/Xilinx/Project/LSTM/lstm_hls/dynamic_quant/dyn_quant/src/fixed_lstm.cpp 
Execute     is_xip D:/Xilinx/Project/LSTM/lstm_hls/dynamic_quant/dyn_quant/src/fixed_lstm.cpp 
Execute     is_encrypted D:/Xilinx/Project/LSTM/lstm_hls/dynamic_quant/dyn_quant/src/fixed_lstm.h 
Execute     is_xip D:/Xilinx/Project/LSTM/lstm_hls/dynamic_quant/dyn_quant/src/fixed_lstm.h 
Execute     is_encrypted D:/Xilinx/Project/LSTM/lstm_hls/dynamic_quant/dyn_quant/src/infer_fixed.cpp 
Execute     is_xip D:/Xilinx/Project/LSTM/lstm_hls/dynamic_quant/dyn_quant/src/infer_fixed.cpp 
Execute     is_encrypted D:/Xilinx/Project/LSTM/lstm_hls/dynamic_quant/dyn_quant/src/utils.h 
Execute     is_xip D:/Xilinx/Project/LSTM/lstm_hls/dynamic_quant/dyn_quant/src/utils.h 
Execute     is_encrypted D:/Xilinx/Project/LSTM/lstm_hls/dynamic_quant/dyn_quant/src/weight.cpp 
Execute     is_xip D:/Xilinx/Project/LSTM/lstm_hls/dynamic_quant/dyn_quant/src/weight.cpp 
Execute     get_default_platform 
ERROR: [SIM 211-100] 'csim_design' failed: compilation error(s).
INFO: [SIM 211-3] *************** CSIM finish ***************
Command   csim_design done; error code: 2; 7.997 sec.
Command ap_source done; error code: 1; 8.181 sec.
Execute cleanup_all 
INFO-FLOW: Workspace D:/Xilinx/Project/LSTM/lstm_hls/dynamic_quant/dyn_quant/solution1 opened at Fri Apr 04 20:54:30 +0800 2025
Execute     config_clock -quiet -name default -period 10 -default=false 
INFO: [SYN 201-201] Setting up clock 'default' with a period of 10ns.
Execute     open_platform DefaultPlatform 
Execute     import_lib D:/Xilinx/Vivado/2018.3/common/technology/xilinx/zynq/zynq 
Execute       source D:/Xilinx/Vivado/2018.3/common/technology/xilinx/common/xilinx.lib 
Execute         source D:/Xilinx/Vivado/2018.3/common/technology/xilinx/interface/xilinx_interface.lib 
Execute           source D:/Xilinx/Vivado/2018.3/common/technology/xilinx/interface/plb46.lib 
Execute           source D:/Xilinx/Vivado/2018.3/common/technology/xilinx/interface/fsl.lib 
Execute           source D:/Xilinx/Vivado/2018.3/common/technology/xilinx/interface/axi4.lib 
Execute           source D:/Xilinx/Vivado/2018.3/common/technology/xilinx/interface/maxi.lib 
Execute           source D:/Xilinx/Vivado/2018.3/common/technology/xilinx/interface/saxilite.lib 
Execute         source D:/Xilinx/Vivado/2018.3/common/technology/xilinx/common/dsp48.lib 
Execute         source D:/Xilinx/Vivado/2018.3/common/technology/xilinx/ip/dds_compiler.lib 
Execute         source D:/Xilinx/Vivado/2018.3/common/technology/xilinx/ip/xfft.lib 
Execute         source D:/Xilinx/Vivado/2018.3/common/technology/xilinx/ip/xfir.lib 
Execute       source D:/Xilinx/Vivado/2018.3/common/technology/xilinx/common/xilinx_old.lib 
Execute       source D:/Xilinx/Vivado/2018.3/common/technology/xilinx/common/xilinx_vivado.lib 
Execute       source D:/Xilinx/Vivado/2018.3/common/technology/xilinx/common/xilinx.hlp 
Execute         source D:/Xilinx/Vivado/2018.3/common/technology/xilinx/common/target_info.tcl 
Execute         source D:/Xilinx/Vivado/2018.3/common/technology/xilinx/interface/xilinx_interface.hlp 
Execute           source D:/Xilinx/Vivado/2018.3/common/technology/xilinx/interface/maxi.hlp 
Execute           source D:/Xilinx/Vivado/2018.3/common/technology/xilinx/interface/saxilite.hlp 
Execute         source D:/Xilinx/Vivado/2018.3/common/technology/xilinx/common/dsp48.hlp 
Execute       source D:/Xilinx/Vivado/2018.3/common/technology/xilinx/zynq/dsp48e1.hlp 
Execute       get_default_platform 
Execute       config_chip_info -quiet -resource  {SLICE 13300}  {LUT 53200}     {FF 106400} {DSP48E 220}   {BRAM 280}  
Execute       config_chip_info -quiet -speed medium 
Execute       source D:/Xilinx/Vivado/2018.3/common/technology/xilinx/common/xilinx.hlp 
Execute         source D:/Xilinx/Vivado/2018.3/common/technology/xilinx/common/target_info.tcl 
Execute         source D:/Xilinx/Vivado/2018.3/common/technology/xilinx/interface/xilinx_interface.hlp 
Execute           source D:/Xilinx/Vivado/2018.3/common/technology/xilinx/interface/maxi.hlp 
Execute           source D:/Xilinx/Vivado/2018.3/common/technology/xilinx/interface/saxilite.hlp 
Execute         source D:/Xilinx/Vivado/2018.3/common/technology/xilinx/common/dsp48.hlp 
Execute     source D:/Xilinx/Vivado/2018.3/common/technology/xilinx/zynq/zynq.gen 
Execute       source D:/Xilinx/Vivado/2018.3/common/technology/xilinx/common/virtex.gen 
Execute         source D:/Xilinx/Vivado/2018.3/common/technology/xilinx/common/xilinx.gen 
Execute           source D:/Xilinx/Vivado/2018.3/common/technology/xilinx/interface/plb46.gen 
Execute           source D:/Xilinx/Vivado/2018.3/common/technology/xilinx/interface/fsl.gen 
Execute           source D:/Xilinx/Vivado/2018.3/common/technology/xilinx/interface/axi4.gen 
Execute           source D:/Xilinx/Vivado/2018.3/common/technology/xilinx/interface/nativeAXI4.gen 
Execute             source D:/Xilinx/Vivado/2018.3/common/technology/xilinx/interface/saxilite.gen 
Execute             source D:/Xilinx/Vivado/2018.3/common/technology/xilinx/interface/maxi.gen 
Execute           source D:/Xilinx/Vivado/2018.3/common/technology/xilinx/scripts/xilinxcoregen.gen 
Execute           source D:/Xilinx/Vivado/2018.3/common/technology/xilinx/interface/XilEDKCoreGen.gen 
Execute           source D:/Xilinx/Vivado/2018.3/common/technology/xilinx/ip/dds_compiler.gen 
Execute           source D:/Xilinx/Vivado/2018.3/common/technology/xilinx/ip/util.gen 
Execute           source D:/Xilinx/Vivado/2018.3/common/technology/xilinx/ip/xfft.gen 
Execute           source D:/Xilinx/Vivado/2018.3/common/technology/xilinx/ip/xfir.gen 
Execute         source D:/Xilinx/Vivado/2018.3/common/technology/xilinx/common/dsp48.gen 
Execute     open_platform DefaultPlatform 
Execute     import_lib D:/Xilinx/Vivado/2018.3/common/technology/xilinx/zynq/zynq_fpv6 
Execute       source D:/Xilinx/Vivado/2018.3/common/technology/xilinx/common/xilinx_fpv7.lib 
Execute         source D:/Xilinx/Vivado/2018.3/common/technology/xilinx/common/xilinx_hp.lib 
Execute       source D:/Xilinx/Vivado/2018.3/common/technology/xilinx/common/xilinx_fpv.hlp 
Execute         source D:/Xilinx/Vivado/2018.3/common/technology/xilinx/common/xilinx.hlp 
Execute           source D:/Xilinx/Vivado/2018.3/common/technology/xilinx/common/target_info.tcl 
Execute           source D:/Xilinx/Vivado/2018.3/common/technology/xilinx/interface/xilinx_interface.hlp 
Execute             source D:/Xilinx/Vivado/2018.3/common/technology/xilinx/interface/maxi.hlp 
Execute             source D:/Xilinx/Vivado/2018.3/common/technology/xilinx/interface/saxilite.hlp 
Execute           source D:/Xilinx/Vivado/2018.3/common/technology/xilinx/common/dsp48.hlp 
Execute       source D:/Xilinx/Vivado/2018.3/common/technology/xilinx/zynq/zynq_hp.hlp 
Execute     source D:/Xilinx/Vivado/2018.3/common/technology/xilinx/zynq/zynq_fpv6.gen 
Execute       source D:/Xilinx/Vivado/2018.3/common/technology/xilinx/common/xilinx_fpv6.gen 
Execute     set_part xc7z020clg400-2 
Execute       add_library xilinx/zynq/zynq:xc7z020:clg400:-2 
Execute         get_default_platform 
Execute         license_isbetapart xc7z020 
Command         license_isbetapart done; error code: 1; 
Execute         get_default_platform 
Execute         config_chip_info -quiet -resource  {SLICE 13300}  {LUT 53200}     {FF 106400} {DSP48E 220}   {BRAM 280}  
Execute         config_chip_info -quiet -speed medium 
Execute       add_library xilinx/zynq/zynq_fpv6 
Execute         get_default_platform 
INFO: [HLS 200-10] Setting target device to 'xc7z020clg400-2'
Execute       get_default_platform 
Execute     get_default_platform 
Execute     config_chip_info -quiet -resource  {SLICE 13300}  {LUT 53200}     {FF 106400} {DSP48E 220}   {BRAM 280}  
Execute     config_chip_info -quiet -speed medium 
Command   open_solution done; 0.183 sec.
Execute   csim_design -quiet 
INFO: [SIM 211-2] *************** CSIM start ***************
INFO: [SIM 211-4] CSIM will launch GCC as the compiler.
Execute     source csim/.lst_opt.tcl 
Execute     is_encrypted D:/Xilinx/Project/LSTM/lstm_hls/dynamic_quant/dyn_quant/src/main.cpp 
Execute     is_xip D:/Xilinx/Project/LSTM/lstm_hls/dynamic_quant/dyn_quant/src/main.cpp 
Execute     is_encrypted D:/Xilinx/Project/LSTM/lstm_hls/dynamic_quant/dyn_quant/src/test_mixed_precision_lstm.cpp 
Execute     is_xip D:/Xilinx/Project/LSTM/lstm_hls/dynamic_quant/dyn_quant/src/test_mixed_precision_lstm.cpp 
Execute     is_encrypted D:/Xilinx/Project/LSTM/lstm_hls/dynamic_quant/dyn_quant/src/fixed_lstm.cpp 
Execute     is_xip D:/Xilinx/Project/LSTM/lstm_hls/dynamic_quant/dyn_quant/src/fixed_lstm.cpp 
Execute     is_encrypted D:/Xilinx/Project/LSTM/lstm_hls/dynamic_quant/dyn_quant/src/fixed_lstm.h 
Execute     is_xip D:/Xilinx/Project/LSTM/lstm_hls/dynamic_quant/dyn_quant/src/fixed_lstm.h 
Execute     is_encrypted D:/Xilinx/Project/LSTM/lstm_hls/dynamic_quant/dyn_quant/src/infer_fixed.cpp 
Execute     is_xip D:/Xilinx/Project/LSTM/lstm_hls/dynamic_quant/dyn_quant/src/infer_fixed.cpp 
Execute     is_encrypted D:/Xilinx/Project/LSTM/lstm_hls/dynamic_quant/dyn_quant/src/utils.h 
Execute     is_xip D:/Xilinx/Project/LSTM/lstm_hls/dynamic_quant/dyn_quant/src/utils.h 
Execute     is_encrypted D:/Xilinx/Project/LSTM/lstm_hls/dynamic_quant/dyn_quant/src/weight.cpp 
Execute     is_xip D:/Xilinx/Project/LSTM/lstm_hls/dynamic_quant/dyn_quant/src/weight.cpp 
Execute     get_default_platform 
Execute     source run_sim.tcl 
Command     ap_source done; 1.184 sec.
INFO: [SIM 211-1] CSim done with 0 errors.
INFO: [SIM 211-3] *************** CSIM finish ***************
Command   csim_design done; 18.008 sec.
Command ap_source done; 18.218 sec.
Execute cleanup_all 
INFO-FLOW: Workspace D:/Xilinx/Project/LSTM/lstm_hls/dynamic_quant/dyn_quant/solution1 opened at Fri Apr 04 20:55:16 +0800 2025
Execute     config_clock -quiet -name default -period 10 -default=false 
INFO: [SYN 201-201] Setting up clock 'default' with a period of 10ns.
Execute     open_platform DefaultPlatform 
Execute     import_lib D:/Xilinx/Vivado/2018.3/common/technology/xilinx/zynq/zynq 
Execute       source D:/Xilinx/Vivado/2018.3/common/technology/xilinx/common/xilinx.lib 
Execute         source D:/Xilinx/Vivado/2018.3/common/technology/xilinx/interface/xilinx_interface.lib 
Execute           source D:/Xilinx/Vivado/2018.3/common/technology/xilinx/interface/plb46.lib 
Execute           source D:/Xilinx/Vivado/2018.3/common/technology/xilinx/interface/fsl.lib 
Execute           source D:/Xilinx/Vivado/2018.3/common/technology/xilinx/interface/axi4.lib 
Execute           source D:/Xilinx/Vivado/2018.3/common/technology/xilinx/interface/maxi.lib 
Execute           source D:/Xilinx/Vivado/2018.3/common/technology/xilinx/interface/saxilite.lib 
Execute         source D:/Xilinx/Vivado/2018.3/common/technology/xilinx/common/dsp48.lib 
Execute         source D:/Xilinx/Vivado/2018.3/common/technology/xilinx/ip/dds_compiler.lib 
Execute         source D:/Xilinx/Vivado/2018.3/common/technology/xilinx/ip/xfft.lib 
Execute         source D:/Xilinx/Vivado/2018.3/common/technology/xilinx/ip/xfir.lib 
Execute       source D:/Xilinx/Vivado/2018.3/common/technology/xilinx/common/xilinx_old.lib 
Execute       source D:/Xilinx/Vivado/2018.3/common/technology/xilinx/common/xilinx_vivado.lib 
Execute       source D:/Xilinx/Vivado/2018.3/common/technology/xilinx/common/xilinx.hlp 
Execute         source D:/Xilinx/Vivado/2018.3/common/technology/xilinx/common/target_info.tcl 
Execute         source D:/Xilinx/Vivado/2018.3/common/technology/xilinx/interface/xilinx_interface.hlp 
Execute           source D:/Xilinx/Vivado/2018.3/common/technology/xilinx/interface/maxi.hlp 
Execute           source D:/Xilinx/Vivado/2018.3/common/technology/xilinx/interface/saxilite.hlp 
Execute         source D:/Xilinx/Vivado/2018.3/common/technology/xilinx/common/dsp48.hlp 
Execute       source D:/Xilinx/Vivado/2018.3/common/technology/xilinx/zynq/dsp48e1.hlp 
Execute       get_default_platform 
Execute       config_chip_info -quiet -resource  {SLICE 13300}  {LUT 53200}     {FF 106400} {DSP48E 220}   {BRAM 280}  
Execute       config_chip_info -quiet -speed medium 
Execute       source D:/Xilinx/Vivado/2018.3/common/technology/xilinx/common/xilinx.hlp 
Execute         source D:/Xilinx/Vivado/2018.3/common/technology/xilinx/common/target_info.tcl 
Execute         source D:/Xilinx/Vivado/2018.3/common/technology/xilinx/interface/xilinx_interface.hlp 
Execute           source D:/Xilinx/Vivado/2018.3/common/technology/xilinx/interface/maxi.hlp 
Execute           source D:/Xilinx/Vivado/2018.3/common/technology/xilinx/interface/saxilite.hlp 
Execute         source D:/Xilinx/Vivado/2018.3/common/technology/xilinx/common/dsp48.hlp 
Execute     source D:/Xilinx/Vivado/2018.3/common/technology/xilinx/zynq/zynq.gen 
Execute       source D:/Xilinx/Vivado/2018.3/common/technology/xilinx/common/virtex.gen 
Execute         source D:/Xilinx/Vivado/2018.3/common/technology/xilinx/common/xilinx.gen 
Execute           source D:/Xilinx/Vivado/2018.3/common/technology/xilinx/interface/plb46.gen 
Execute           source D:/Xilinx/Vivado/2018.3/common/technology/xilinx/interface/fsl.gen 
Execute           source D:/Xilinx/Vivado/2018.3/common/technology/xilinx/interface/axi4.gen 
Execute           source D:/Xilinx/Vivado/2018.3/common/technology/xilinx/interface/nativeAXI4.gen 
Execute             source D:/Xilinx/Vivado/2018.3/common/technology/xilinx/interface/saxilite.gen 
Execute             source D:/Xilinx/Vivado/2018.3/common/technology/xilinx/interface/maxi.gen 
Execute           source D:/Xilinx/Vivado/2018.3/common/technology/xilinx/scripts/xilinxcoregen.gen 
Execute           source D:/Xilinx/Vivado/2018.3/common/technology/xilinx/interface/XilEDKCoreGen.gen 
Execute           source D:/Xilinx/Vivado/2018.3/common/technology/xilinx/ip/dds_compiler.gen 
Execute           source D:/Xilinx/Vivado/2018.3/common/technology/xilinx/ip/util.gen 
Execute           source D:/Xilinx/Vivado/2018.3/common/technology/xilinx/ip/xfft.gen 
Execute           source D:/Xilinx/Vivado/2018.3/common/technology/xilinx/ip/xfir.gen 
Execute         source D:/Xilinx/Vivado/2018.3/common/technology/xilinx/common/dsp48.gen 
Execute     open_platform DefaultPlatform 
Execute     import_lib D:/Xilinx/Vivado/2018.3/common/technology/xilinx/zynq/zynq_fpv6 
Execute       source D:/Xilinx/Vivado/2018.3/common/technology/xilinx/common/xilinx_fpv7.lib 
Execute         source D:/Xilinx/Vivado/2018.3/common/technology/xilinx/common/xilinx_hp.lib 
Execute       source D:/Xilinx/Vivado/2018.3/common/technology/xilinx/common/xilinx_fpv.hlp 
Execute         source D:/Xilinx/Vivado/2018.3/common/technology/xilinx/common/xilinx.hlp 
Execute           source D:/Xilinx/Vivado/2018.3/common/technology/xilinx/common/target_info.tcl 
Execute           source D:/Xilinx/Vivado/2018.3/common/technology/xilinx/interface/xilinx_interface.hlp 
Execute             source D:/Xilinx/Vivado/2018.3/common/technology/xilinx/interface/maxi.hlp 
Execute             source D:/Xilinx/Vivado/2018.3/common/technology/xilinx/interface/saxilite.hlp 
Execute           source D:/Xilinx/Vivado/2018.3/common/technology/xilinx/common/dsp48.hlp 
Execute       source D:/Xilinx/Vivado/2018.3/common/technology/xilinx/zynq/zynq_hp.hlp 
Execute     source D:/Xilinx/Vivado/2018.3/common/technology/xilinx/zynq/zynq_fpv6.gen 
Execute       source D:/Xilinx/Vivado/2018.3/common/technology/xilinx/common/xilinx_fpv6.gen 
Execute     set_part xc7z020clg400-2 
Execute       add_library xilinx/zynq/zynq:xc7z020:clg400:-2 
Execute         get_default_platform 
Execute         license_isbetapart xc7z020 
Command         license_isbetapart done; error code: 1; 
Execute         get_default_platform 
Execute         config_chip_info -quiet -resource  {SLICE 13300}  {LUT 53200}     {FF 106400} {DSP48E 220}   {BRAM 280}  
Execute         config_chip_info -quiet -speed medium 
Execute       add_library xilinx/zynq/zynq_fpv6 
Execute         get_default_platform 
INFO: [HLS 200-10] Setting target device to 'xc7z020clg400-2'
Execute       get_default_platform 
Execute     get_default_platform 
Execute     config_chip_info -quiet -resource  {SLICE 13300}  {LUT 53200}     {FF 106400} {DSP48E 220}   {BRAM 280}  
Execute     config_chip_info -quiet -speed medium 
Command   open_solution done; 0.165 sec.
Execute   csim_design -quiet 
INFO: [SIM 211-2] *************** CSIM start ***************
INFO: [SIM 211-4] CSIM will launch GCC as the compiler.
Execute     source csim/.lst_opt.tcl 
Execute     is_encrypted D:/Xilinx/Project/LSTM/lstm_hls/dynamic_quant/dyn_quant/src/main.cpp 
Execute     is_xip D:/Xilinx/Project/LSTM/lstm_hls/dynamic_quant/dyn_quant/src/main.cpp 
Execute     is_encrypted D:/Xilinx/Project/LSTM/lstm_hls/dynamic_quant/dyn_quant/src/test_mixed_precision_lstm.cpp 
Execute     is_xip D:/Xilinx/Project/LSTM/lstm_hls/dynamic_quant/dyn_quant/src/test_mixed_precision_lstm.cpp 
Execute     is_encrypted D:/Xilinx/Project/LSTM/lstm_hls/dynamic_quant/dyn_quant/src/fixed_lstm.cpp 
Execute     is_xip D:/Xilinx/Project/LSTM/lstm_hls/dynamic_quant/dyn_quant/src/fixed_lstm.cpp 
Execute     is_encrypted D:/Xilinx/Project/LSTM/lstm_hls/dynamic_quant/dyn_quant/src/fixed_lstm.h 
Execute     is_xip D:/Xilinx/Project/LSTM/lstm_hls/dynamic_quant/dyn_quant/src/fixed_lstm.h 
Execute     is_encrypted D:/Xilinx/Project/LSTM/lstm_hls/dynamic_quant/dyn_quant/src/infer_fixed.cpp 
Execute     is_xip D:/Xilinx/Project/LSTM/lstm_hls/dynamic_quant/dyn_quant/src/infer_fixed.cpp 
Execute     is_encrypted D:/Xilinx/Project/LSTM/lstm_hls/dynamic_quant/dyn_quant/src/utils.h 
Execute     is_xip D:/Xilinx/Project/LSTM/lstm_hls/dynamic_quant/dyn_quant/src/utils.h 
Execute     is_encrypted D:/Xilinx/Project/LSTM/lstm_hls/dynamic_quant/dyn_quant/src/weight.cpp 
Execute     is_xip D:/Xilinx/Project/LSTM/lstm_hls/dynamic_quant/dyn_quant/src/weight.cpp 
Execute     get_default_platform 
Execute     source run_sim.tcl 
Command     ap_source done; 162.9 sec.
INFO: [SIM 211-1] CSim done with 0 errors.
INFO: [SIM 211-3] *************** CSIM finish ***************
Command   csim_design done; 168.401 sec.
Command ap_source done; 168.571 sec.
Execute cleanup_all 
INFO-FLOW: Workspace D:/Xilinx/Project/LSTM/lstm_hls/dynamic_quant/dyn_quant/solution1 opened at Sat Apr 05 09:07:18 +0800 2025
Execute     config_clock -quiet -name default -period 10 -default=false 
INFO: [SYN 201-201] Setting up clock 'default' with a period of 10ns.
Execute     open_platform DefaultPlatform 
Execute     import_lib D:/Xilinx/Vivado/2018.3/common/technology/xilinx/zynq/zynq 
Execute       source D:/Xilinx/Vivado/2018.3/common/technology/xilinx/common/xilinx.lib 
Execute         source D:/Xilinx/Vivado/2018.3/common/technology/xilinx/interface/xilinx_interface.lib 
Execute           source D:/Xilinx/Vivado/2018.3/common/technology/xilinx/interface/plb46.lib 
Execute           source D:/Xilinx/Vivado/2018.3/common/technology/xilinx/interface/fsl.lib 
Execute           source D:/Xilinx/Vivado/2018.3/common/technology/xilinx/interface/axi4.lib 
Execute           source D:/Xilinx/Vivado/2018.3/common/technology/xilinx/interface/maxi.lib 
Execute           source D:/Xilinx/Vivado/2018.3/common/technology/xilinx/interface/saxilite.lib 
Execute         source D:/Xilinx/Vivado/2018.3/common/technology/xilinx/common/dsp48.lib 
Execute         source D:/Xilinx/Vivado/2018.3/common/technology/xilinx/ip/dds_compiler.lib 
Execute         source D:/Xilinx/Vivado/2018.3/common/technology/xilinx/ip/xfft.lib 
Execute         source D:/Xilinx/Vivado/2018.3/common/technology/xilinx/ip/xfir.lib 
Execute       source D:/Xilinx/Vivado/2018.3/common/technology/xilinx/common/xilinx_old.lib 
Execute       source D:/Xilinx/Vivado/2018.3/common/technology/xilinx/common/xilinx_vivado.lib 
Execute       source D:/Xilinx/Vivado/2018.3/common/technology/xilinx/common/xilinx.hlp 
Execute         source D:/Xilinx/Vivado/2018.3/common/technology/xilinx/common/target_info.tcl 
Execute         source D:/Xilinx/Vivado/2018.3/common/technology/xilinx/interface/xilinx_interface.hlp 
Execute           source D:/Xilinx/Vivado/2018.3/common/technology/xilinx/interface/maxi.hlp 
Execute           source D:/Xilinx/Vivado/2018.3/common/technology/xilinx/interface/saxilite.hlp 
Execute         source D:/Xilinx/Vivado/2018.3/common/technology/xilinx/common/dsp48.hlp 
Execute       source D:/Xilinx/Vivado/2018.3/common/technology/xilinx/zynq/dsp48e1.hlp 
Execute       get_default_platform 
Execute       config_chip_info -quiet -resource  {SLICE 13300}  {LUT 53200}     {FF 106400} {DSP48E 220}   {BRAM 280}  
Execute       config_chip_info -quiet -speed medium 
Execute       source D:/Xilinx/Vivado/2018.3/common/technology/xilinx/common/xilinx.hlp 
Execute         source D:/Xilinx/Vivado/2018.3/common/technology/xilinx/common/target_info.tcl 
Execute         source D:/Xilinx/Vivado/2018.3/common/technology/xilinx/interface/xilinx_interface.hlp 
Execute           source D:/Xilinx/Vivado/2018.3/common/technology/xilinx/interface/maxi.hlp 
Execute           source D:/Xilinx/Vivado/2018.3/common/technology/xilinx/interface/saxilite.hlp 
Execute         source D:/Xilinx/Vivado/2018.3/common/technology/xilinx/common/dsp48.hlp 
Execute     source D:/Xilinx/Vivado/2018.3/common/technology/xilinx/zynq/zynq.gen 
Execute       source D:/Xilinx/Vivado/2018.3/common/technology/xilinx/common/virtex.gen 
Execute         source D:/Xilinx/Vivado/2018.3/common/technology/xilinx/common/xilinx.gen 
Execute           source D:/Xilinx/Vivado/2018.3/common/technology/xilinx/interface/plb46.gen 
Execute           source D:/Xilinx/Vivado/2018.3/common/technology/xilinx/interface/fsl.gen 
Execute           source D:/Xilinx/Vivado/2018.3/common/technology/xilinx/interface/axi4.gen 
Execute           source D:/Xilinx/Vivado/2018.3/common/technology/xilinx/interface/nativeAXI4.gen 
Execute             source D:/Xilinx/Vivado/2018.3/common/technology/xilinx/interface/saxilite.gen 
Execute             source D:/Xilinx/Vivado/2018.3/common/technology/xilinx/interface/maxi.gen 
Execute           source D:/Xilinx/Vivado/2018.3/common/technology/xilinx/scripts/xilinxcoregen.gen 
Execute           source D:/Xilinx/Vivado/2018.3/common/technology/xilinx/interface/XilEDKCoreGen.gen 
Execute           source D:/Xilinx/Vivado/2018.3/common/technology/xilinx/ip/dds_compiler.gen 
Execute           source D:/Xilinx/Vivado/2018.3/common/technology/xilinx/ip/util.gen 
Execute           source D:/Xilinx/Vivado/2018.3/common/technology/xilinx/ip/xfft.gen 
Execute           source D:/Xilinx/Vivado/2018.3/common/technology/xilinx/ip/xfir.gen 
Execute         source D:/Xilinx/Vivado/2018.3/common/technology/xilinx/common/dsp48.gen 
Execute     open_platform DefaultPlatform 
Execute     import_lib D:/Xilinx/Vivado/2018.3/common/technology/xilinx/zynq/zynq_fpv6 
Execute       source D:/Xilinx/Vivado/2018.3/common/technology/xilinx/common/xilinx_fpv7.lib 
Execute         source D:/Xilinx/Vivado/2018.3/common/technology/xilinx/common/xilinx_hp.lib 
Execute       source D:/Xilinx/Vivado/2018.3/common/technology/xilinx/common/xilinx_fpv.hlp 
Execute         source D:/Xilinx/Vivado/2018.3/common/technology/xilinx/common/xilinx.hlp 
Execute           source D:/Xilinx/Vivado/2018.3/common/technology/xilinx/common/target_info.tcl 
Execute           source D:/Xilinx/Vivado/2018.3/common/technology/xilinx/interface/xilinx_interface.hlp 
Execute             source D:/Xilinx/Vivado/2018.3/common/technology/xilinx/interface/maxi.hlp 
Execute             source D:/Xilinx/Vivado/2018.3/common/technology/xilinx/interface/saxilite.hlp 
Execute           source D:/Xilinx/Vivado/2018.3/common/technology/xilinx/common/dsp48.hlp 
Execute       source D:/Xilinx/Vivado/2018.3/common/technology/xilinx/zynq/zynq_hp.hlp 
Execute     source D:/Xilinx/Vivado/2018.3/common/technology/xilinx/zynq/zynq_fpv6.gen 
Execute       source D:/Xilinx/Vivado/2018.3/common/technology/xilinx/common/xilinx_fpv6.gen 
Execute     set_part xc7z020clg400-2 
Execute       add_library xilinx/zynq/zynq:xc7z020:clg400:-2 
Execute         get_default_platform 
Execute         license_isbetapart xc7z020 
Command         license_isbetapart done; error code: 1; 
Execute         get_default_platform 
Execute         config_chip_info -quiet -resource  {SLICE 13300}  {LUT 53200}     {FF 106400} {DSP48E 220}   {BRAM 280}  
Execute         config_chip_info -quiet -speed medium 
Execute       add_library xilinx/zynq/zynq_fpv6 
Execute         get_default_platform 
INFO: [HLS 200-10] Setting target device to 'xc7z020clg400-2'
Execute       get_default_platform 
Execute     get_default_platform 
Execute     config_chip_info -quiet -resource  {SLICE 13300}  {LUT 53200}     {FF 106400} {DSP48E 220}   {BRAM 280}  
Execute     config_chip_info -quiet -speed medium 
Command   open_solution done; 0.175 sec.
Execute   csim_design -quiet 
INFO: [SIM 211-2] *************** CSIM start ***************
INFO: [SIM 211-4] CSIM will launch GCC as the compiler.
Execute     source csim/.lst_opt.tcl 
Execute     is_encrypted D:/Xilinx/Project/LSTM/lstm_hls/dynamic_quant/dyn_quant/src/main.cpp 
Execute     is_xip D:/Xilinx/Project/LSTM/lstm_hls/dynamic_quant/dyn_quant/src/main.cpp 
Execute     is_encrypted D:/Xilinx/Project/LSTM/lstm_hls/dynamic_quant/dyn_quant/src/test_mixed_precision_lstm.cpp 
Execute     is_xip D:/Xilinx/Project/LSTM/lstm_hls/dynamic_quant/dyn_quant/src/test_mixed_precision_lstm.cpp 
Execute     is_encrypted D:/Xilinx/Project/LSTM/lstm_hls/dynamic_quant/dyn_quant/src/fixed_lstm.cpp 
Execute     is_xip D:/Xilinx/Project/LSTM/lstm_hls/dynamic_quant/dyn_quant/src/fixed_lstm.cpp 
Execute     is_encrypted D:/Xilinx/Project/LSTM/lstm_hls/dynamic_quant/dyn_quant/src/fixed_lstm.h 
Execute     is_xip D:/Xilinx/Project/LSTM/lstm_hls/dynamic_quant/dyn_quant/src/fixed_lstm.h 
Execute     is_encrypted D:/Xilinx/Project/LSTM/lstm_hls/dynamic_quant/dyn_quant/src/infer_fixed.cpp 
Execute     is_xip D:/Xilinx/Project/LSTM/lstm_hls/dynamic_quant/dyn_quant/src/infer_fixed.cpp 
Execute     is_encrypted D:/Xilinx/Project/LSTM/lstm_hls/dynamic_quant/dyn_quant/src/utils.h 
Execute     is_xip D:/Xilinx/Project/LSTM/lstm_hls/dynamic_quant/dyn_quant/src/utils.h 
Execute     is_encrypted D:/Xilinx/Project/LSTM/lstm_hls/dynamic_quant/dyn_quant/src/weight.cpp 
Execute     is_xip D:/Xilinx/Project/LSTM/lstm_hls/dynamic_quant/dyn_quant/src/weight.cpp 
Execute     get_default_platform 
ERROR: [SIM 211-100] 'csim_design' failed: compilation error(s).
INFO: [SIM 211-3] *************** CSIM finish ***************
Command   csim_design done; error code: 2; 10.718 sec.
Command ap_source done; error code: 1; 10.897 sec.
Execute cleanup_all 
INFO-FLOW: Workspace D:/Xilinx/Project/LSTM/lstm_hls/dynamic_quant/dyn_quant/solution1 opened at Sat Apr 05 09:13:01 +0800 2025
Execute     config_clock -quiet -name default -period 10 -default=false 
INFO: [SYN 201-201] Setting up clock 'default' with a period of 10ns.
Execute     open_platform DefaultPlatform 
Execute     import_lib D:/Xilinx/Vivado/2018.3/common/technology/xilinx/zynq/zynq 
Execute       source D:/Xilinx/Vivado/2018.3/common/technology/xilinx/common/xilinx.lib 
Execute         source D:/Xilinx/Vivado/2018.3/common/technology/xilinx/interface/xilinx_interface.lib 
Execute           source D:/Xilinx/Vivado/2018.3/common/technology/xilinx/interface/plb46.lib 
Execute           source D:/Xilinx/Vivado/2018.3/common/technology/xilinx/interface/fsl.lib 
Execute           source D:/Xilinx/Vivado/2018.3/common/technology/xilinx/interface/axi4.lib 
Execute           source D:/Xilinx/Vivado/2018.3/common/technology/xilinx/interface/maxi.lib 
Execute           source D:/Xilinx/Vivado/2018.3/common/technology/xilinx/interface/saxilite.lib 
Execute         source D:/Xilinx/Vivado/2018.3/common/technology/xilinx/common/dsp48.lib 
Execute         source D:/Xilinx/Vivado/2018.3/common/technology/xilinx/ip/dds_compiler.lib 
Execute         source D:/Xilinx/Vivado/2018.3/common/technology/xilinx/ip/xfft.lib 
Execute         source D:/Xilinx/Vivado/2018.3/common/technology/xilinx/ip/xfir.lib 
Execute       source D:/Xilinx/Vivado/2018.3/common/technology/xilinx/common/xilinx_old.lib 
Execute       source D:/Xilinx/Vivado/2018.3/common/technology/xilinx/common/xilinx_vivado.lib 
Execute       source D:/Xilinx/Vivado/2018.3/common/technology/xilinx/common/xilinx.hlp 
Execute         source D:/Xilinx/Vivado/2018.3/common/technology/xilinx/common/target_info.tcl 
Execute         source D:/Xilinx/Vivado/2018.3/common/technology/xilinx/interface/xilinx_interface.hlp 
Execute           source D:/Xilinx/Vivado/2018.3/common/technology/xilinx/interface/maxi.hlp 
Execute           source D:/Xilinx/Vivado/2018.3/common/technology/xilinx/interface/saxilite.hlp 
Execute         source D:/Xilinx/Vivado/2018.3/common/technology/xilinx/common/dsp48.hlp 
Execute       source D:/Xilinx/Vivado/2018.3/common/technology/xilinx/zynq/dsp48e1.hlp 
Execute       get_default_platform 
Execute       config_chip_info -quiet -resource  {SLICE 13300}  {LUT 53200}     {FF 106400} {DSP48E 220}   {BRAM 280}  
Execute       config_chip_info -quiet -speed medium 
Execute       source D:/Xilinx/Vivado/2018.3/common/technology/xilinx/common/xilinx.hlp 
Execute         source D:/Xilinx/Vivado/2018.3/common/technology/xilinx/common/target_info.tcl 
Execute         source D:/Xilinx/Vivado/2018.3/common/technology/xilinx/interface/xilinx_interface.hlp 
Execute           source D:/Xilinx/Vivado/2018.3/common/technology/xilinx/interface/maxi.hlp 
Execute           source D:/Xilinx/Vivado/2018.3/common/technology/xilinx/interface/saxilite.hlp 
Execute         source D:/Xilinx/Vivado/2018.3/common/technology/xilinx/common/dsp48.hlp 
Command     import_lib done; 0.128 sec.
Execute     source D:/Xilinx/Vivado/2018.3/common/technology/xilinx/zynq/zynq.gen 
Execute       source D:/Xilinx/Vivado/2018.3/common/technology/xilinx/common/virtex.gen 
Execute         source D:/Xilinx/Vivado/2018.3/common/technology/xilinx/common/xilinx.gen 
Execute           source D:/Xilinx/Vivado/2018.3/common/technology/xilinx/interface/plb46.gen 
Execute           source D:/Xilinx/Vivado/2018.3/common/technology/xilinx/interface/fsl.gen 
Execute           source D:/Xilinx/Vivado/2018.3/common/technology/xilinx/interface/axi4.gen 
Execute           source D:/Xilinx/Vivado/2018.3/common/technology/xilinx/interface/nativeAXI4.gen 
Execute             source D:/Xilinx/Vivado/2018.3/common/technology/xilinx/interface/saxilite.gen 
Execute             source D:/Xilinx/Vivado/2018.3/common/technology/xilinx/interface/maxi.gen 
Execute           source D:/Xilinx/Vivado/2018.3/common/technology/xilinx/scripts/xilinxcoregen.gen 
Execute           source D:/Xilinx/Vivado/2018.3/common/technology/xilinx/interface/XilEDKCoreGen.gen 
Execute           source D:/Xilinx/Vivado/2018.3/common/technology/xilinx/ip/dds_compiler.gen 
Execute           source D:/Xilinx/Vivado/2018.3/common/technology/xilinx/ip/util.gen 
Execute           source D:/Xilinx/Vivado/2018.3/common/technology/xilinx/ip/xfft.gen 
Execute           source D:/Xilinx/Vivado/2018.3/common/technology/xilinx/ip/xfir.gen 
Command         ap_source done; 0.155 sec.
Execute         source D:/Xilinx/Vivado/2018.3/common/technology/xilinx/common/dsp48.gen 
Command       ap_source done; 0.168 sec.
Command     ap_source done; 0.173 sec.
Execute     open_platform DefaultPlatform 
Execute     import_lib D:/Xilinx/Vivado/2018.3/common/technology/xilinx/zynq/zynq_fpv6 
Execute       source D:/Xilinx/Vivado/2018.3/common/technology/xilinx/common/xilinx_fpv7.lib 
Execute         source D:/Xilinx/Vivado/2018.3/common/technology/xilinx/common/xilinx_hp.lib 
Execute       source D:/Xilinx/Vivado/2018.3/common/technology/xilinx/common/xilinx_fpv.hlp 
Execute         source D:/Xilinx/Vivado/2018.3/common/technology/xilinx/common/xilinx.hlp 
Execute           source D:/Xilinx/Vivado/2018.3/common/technology/xilinx/common/target_info.tcl 
Execute           source D:/Xilinx/Vivado/2018.3/common/technology/xilinx/interface/xilinx_interface.hlp 
Execute             source D:/Xilinx/Vivado/2018.3/common/technology/xilinx/interface/maxi.hlp 
Execute             source D:/Xilinx/Vivado/2018.3/common/technology/xilinx/interface/saxilite.hlp 
Execute           source D:/Xilinx/Vivado/2018.3/common/technology/xilinx/common/dsp48.hlp 
Execute       source D:/Xilinx/Vivado/2018.3/common/technology/xilinx/zynq/zynq_hp.hlp 
Execute     source D:/Xilinx/Vivado/2018.3/common/technology/xilinx/zynq/zynq_fpv6.gen 
Execute       source D:/Xilinx/Vivado/2018.3/common/technology/xilinx/common/xilinx_fpv6.gen 
Execute     set_part xc7z020clg400-2 
Execute       add_library xilinx/zynq/zynq:xc7z020:clg400:-2 
Execute         get_default_platform 
Execute         license_isbetapart xc7z020 
Command         license_isbetapart done; error code: 1; 
Execute         get_default_platform 
Execute         config_chip_info -quiet -resource  {SLICE 13300}  {LUT 53200}     {FF 106400} {DSP48E 220}   {BRAM 280}  
Execute         config_chip_info -quiet -speed medium 
Execute       add_library xilinx/zynq/zynq_fpv6 
Execute         get_default_platform 
INFO: [HLS 200-10] Setting target device to 'xc7z020clg400-2'
Execute       get_default_platform 
Execute     get_default_platform 
Execute     config_chip_info -quiet -resource  {SLICE 13300}  {LUT 53200}     {FF 106400} {DSP48E 220}   {BRAM 280}  
Execute     config_chip_info -quiet -speed medium 
Command   open_solution done; 0.482 sec.
Execute   csim_design -quiet 
INFO: [SIM 211-2] *************** CSIM start ***************
INFO: [SIM 211-4] CSIM will launch GCC as the compiler.
Execute     source csim/.lst_opt.tcl 
Execute     is_encrypted D:/Xilinx/Project/LSTM/lstm_hls/dynamic_quant/dyn_quant/src/main.cpp 
Execute     is_xip D:/Xilinx/Project/LSTM/lstm_hls/dynamic_quant/dyn_quant/src/main.cpp 
Execute     is_encrypted D:/Xilinx/Project/LSTM/lstm_hls/dynamic_quant/dyn_quant/src/test_mixed_precision_lstm.cpp 
Execute     is_xip D:/Xilinx/Project/LSTM/lstm_hls/dynamic_quant/dyn_quant/src/test_mixed_precision_lstm.cpp 
Execute     is_encrypted D:/Xilinx/Project/LSTM/lstm_hls/dynamic_quant/dyn_quant/src/fixed_lstm.cpp 
Execute     is_xip D:/Xilinx/Project/LSTM/lstm_hls/dynamic_quant/dyn_quant/src/fixed_lstm.cpp 
Execute     is_encrypted D:/Xilinx/Project/LSTM/lstm_hls/dynamic_quant/dyn_quant/src/fixed_lstm.h 
Execute     is_xip D:/Xilinx/Project/LSTM/lstm_hls/dynamic_quant/dyn_quant/src/fixed_lstm.h 
Execute     is_encrypted D:/Xilinx/Project/LSTM/lstm_hls/dynamic_quant/dyn_quant/src/infer_fixed.cpp 
Execute     is_xip D:/Xilinx/Project/LSTM/lstm_hls/dynamic_quant/dyn_quant/src/infer_fixed.cpp 
Execute     is_encrypted D:/Xilinx/Project/LSTM/lstm_hls/dynamic_quant/dyn_quant/src/utils.h 
Execute     is_xip D:/Xilinx/Project/LSTM/lstm_hls/dynamic_quant/dyn_quant/src/utils.h 
Execute     is_encrypted D:/Xilinx/Project/LSTM/lstm_hls/dynamic_quant/dyn_quant/src/weight.cpp 
Execute     is_xip D:/Xilinx/Project/LSTM/lstm_hls/dynamic_quant/dyn_quant/src/weight.cpp 
Execute     get_default_platform 
Execute     source run_sim.tcl 
Command     ap_source done; error code: 1; 1.112 sec.
ERROR: [SIM 211-100] CSim failed with errors.
INFO: [SIM 211-3] *************** CSIM finish ***************
Command   csim_design done; error code: 2; 21.247 sec.
Command ap_source done; error code: 1; 21.753 sec.
Execute cleanup_all 
INFO-FLOW: Workspace D:/Xilinx/Project/LSTM/lstm_hls/dynamic_quant/dyn_quant/solution1 opened at Sat Apr 05 09:14:43 +0800 2025
Execute     config_clock -quiet -name default -period 10 -default=false 
INFO: [SYN 201-201] Setting up clock 'default' with a period of 10ns.
Execute     open_platform DefaultPlatform 
Execute     import_lib D:/Xilinx/Vivado/2018.3/common/technology/xilinx/zynq/zynq 
Execute       source D:/Xilinx/Vivado/2018.3/common/technology/xilinx/common/xilinx.lib 
Execute         source D:/Xilinx/Vivado/2018.3/common/technology/xilinx/interface/xilinx_interface.lib 
Execute           source D:/Xilinx/Vivado/2018.3/common/technology/xilinx/interface/plb46.lib 
Execute           source D:/Xilinx/Vivado/2018.3/common/technology/xilinx/interface/fsl.lib 
Execute           source D:/Xilinx/Vivado/2018.3/common/technology/xilinx/interface/axi4.lib 
Execute           source D:/Xilinx/Vivado/2018.3/common/technology/xilinx/interface/maxi.lib 
Execute           source D:/Xilinx/Vivado/2018.3/common/technology/xilinx/interface/saxilite.lib 
Execute         source D:/Xilinx/Vivado/2018.3/common/technology/xilinx/common/dsp48.lib 
Execute         source D:/Xilinx/Vivado/2018.3/common/technology/xilinx/ip/dds_compiler.lib 
Execute         source D:/Xilinx/Vivado/2018.3/common/technology/xilinx/ip/xfft.lib 
Execute         source D:/Xilinx/Vivado/2018.3/common/technology/xilinx/ip/xfir.lib 
Execute       source D:/Xilinx/Vivado/2018.3/common/technology/xilinx/common/xilinx_old.lib 
Execute       source D:/Xilinx/Vivado/2018.3/common/technology/xilinx/common/xilinx_vivado.lib 
Execute       source D:/Xilinx/Vivado/2018.3/common/technology/xilinx/common/xilinx.hlp 
Execute         source D:/Xilinx/Vivado/2018.3/common/technology/xilinx/common/target_info.tcl 
Execute         source D:/Xilinx/Vivado/2018.3/common/technology/xilinx/interface/xilinx_interface.hlp 
Execute           source D:/Xilinx/Vivado/2018.3/common/technology/xilinx/interface/maxi.hlp 
Execute           source D:/Xilinx/Vivado/2018.3/common/technology/xilinx/interface/saxilite.hlp 
Execute         source D:/Xilinx/Vivado/2018.3/common/technology/xilinx/common/dsp48.hlp 
Execute       source D:/Xilinx/Vivado/2018.3/common/technology/xilinx/zynq/dsp48e1.hlp 
Execute       get_default_platform 
Execute       config_chip_info -quiet -resource  {SLICE 13300}  {LUT 53200}     {FF 106400} {DSP48E 220}   {BRAM 280}  
Execute       config_chip_info -quiet -speed medium 
Execute       source D:/Xilinx/Vivado/2018.3/common/technology/xilinx/common/xilinx.hlp 
Execute         source D:/Xilinx/Vivado/2018.3/common/technology/xilinx/common/target_info.tcl 
Execute         source D:/Xilinx/Vivado/2018.3/common/technology/xilinx/interface/xilinx_interface.hlp 
Execute           source D:/Xilinx/Vivado/2018.3/common/technology/xilinx/interface/maxi.hlp 
Execute           source D:/Xilinx/Vivado/2018.3/common/technology/xilinx/interface/saxilite.hlp 
Execute         source D:/Xilinx/Vivado/2018.3/common/technology/xilinx/common/dsp48.hlp 
Execute     source D:/Xilinx/Vivado/2018.3/common/technology/xilinx/zynq/zynq.gen 
Execute       source D:/Xilinx/Vivado/2018.3/common/technology/xilinx/common/virtex.gen 
Execute         source D:/Xilinx/Vivado/2018.3/common/technology/xilinx/common/xilinx.gen 
Execute           source D:/Xilinx/Vivado/2018.3/common/technology/xilinx/interface/plb46.gen 
Execute           source D:/Xilinx/Vivado/2018.3/common/technology/xilinx/interface/fsl.gen 
Execute           source D:/Xilinx/Vivado/2018.3/common/technology/xilinx/interface/axi4.gen 
Execute           source D:/Xilinx/Vivado/2018.3/common/technology/xilinx/interface/nativeAXI4.gen 
Execute             source D:/Xilinx/Vivado/2018.3/common/technology/xilinx/interface/saxilite.gen 
Execute             source D:/Xilinx/Vivado/2018.3/common/technology/xilinx/interface/maxi.gen 
Execute           source D:/Xilinx/Vivado/2018.3/common/technology/xilinx/scripts/xilinxcoregen.gen 
Execute           source D:/Xilinx/Vivado/2018.3/common/technology/xilinx/interface/XilEDKCoreGen.gen 
Execute           source D:/Xilinx/Vivado/2018.3/common/technology/xilinx/ip/dds_compiler.gen 
Execute           source D:/Xilinx/Vivado/2018.3/common/technology/xilinx/ip/util.gen 
Execute           source D:/Xilinx/Vivado/2018.3/common/technology/xilinx/ip/xfft.gen 
Execute           source D:/Xilinx/Vivado/2018.3/common/technology/xilinx/ip/xfir.gen 
Execute         source D:/Xilinx/Vivado/2018.3/common/technology/xilinx/common/dsp48.gen 
Execute     open_platform DefaultPlatform 
Execute     import_lib D:/Xilinx/Vivado/2018.3/common/technology/xilinx/zynq/zynq_fpv6 
Execute       source D:/Xilinx/Vivado/2018.3/common/technology/xilinx/common/xilinx_fpv7.lib 
Execute         source D:/Xilinx/Vivado/2018.3/common/technology/xilinx/common/xilinx_hp.lib 
Execute       source D:/Xilinx/Vivado/2018.3/common/technology/xilinx/common/xilinx_fpv.hlp 
Execute         source D:/Xilinx/Vivado/2018.3/common/technology/xilinx/common/xilinx.hlp 
Execute           source D:/Xilinx/Vivado/2018.3/common/technology/xilinx/common/target_info.tcl 
Execute           source D:/Xilinx/Vivado/2018.3/common/technology/xilinx/interface/xilinx_interface.hlp 
Execute             source D:/Xilinx/Vivado/2018.3/common/technology/xilinx/interface/maxi.hlp 
Execute             source D:/Xilinx/Vivado/2018.3/common/technology/xilinx/interface/saxilite.hlp 
Execute           source D:/Xilinx/Vivado/2018.3/common/technology/xilinx/common/dsp48.hlp 
Execute       source D:/Xilinx/Vivado/2018.3/common/technology/xilinx/zynq/zynq_hp.hlp 
Execute     source D:/Xilinx/Vivado/2018.3/common/technology/xilinx/zynq/zynq_fpv6.gen 
Execute       source D:/Xilinx/Vivado/2018.3/common/technology/xilinx/common/xilinx_fpv6.gen 
Execute     set_part xc7z020clg400-2 
Execute       add_library xilinx/zynq/zynq:xc7z020:clg400:-2 
Execute         get_default_platform 
Execute         license_isbetapart xc7z020 
Command         license_isbetapart done; error code: 1; 
Execute         get_default_platform 
Execute         config_chip_info -quiet -resource  {SLICE 13300}  {LUT 53200}     {FF 106400} {DSP48E 220}   {BRAM 280}  
Execute         config_chip_info -quiet -speed medium 
Execute       add_library xilinx/zynq/zynq_fpv6 
Execute         get_default_platform 
INFO: [HLS 200-10] Setting target device to 'xc7z020clg400-2'
Execute       get_default_platform 
Execute     get_default_platform 
Execute     config_chip_info -quiet -resource  {SLICE 13300}  {LUT 53200}     {FF 106400} {DSP48E 220}   {BRAM 280}  
Execute     config_chip_info -quiet -speed medium 
Command   open_solution done; 0.147 sec.
Execute   csim_design -quiet 
INFO: [SIM 211-2] *************** CSIM start ***************
INFO: [SIM 211-4] CSIM will launch GCC as the compiler.
Execute     source csim/.lst_opt.tcl 
Execute     is_encrypted D:/Xilinx/Project/LSTM/lstm_hls/dynamic_quant/dyn_quant/src/main.cpp 
Execute     is_xip D:/Xilinx/Project/LSTM/lstm_hls/dynamic_quant/dyn_quant/src/main.cpp 
Execute     is_encrypted D:/Xilinx/Project/LSTM/lstm_hls/dynamic_quant/dyn_quant/src/test_mixed_precision_lstm.cpp 
Execute     is_xip D:/Xilinx/Project/LSTM/lstm_hls/dynamic_quant/dyn_quant/src/test_mixed_precision_lstm.cpp 
Execute     is_encrypted D:/Xilinx/Project/LSTM/lstm_hls/dynamic_quant/dyn_quant/src/fixed_lstm.cpp 
Execute     is_xip D:/Xilinx/Project/LSTM/lstm_hls/dynamic_quant/dyn_quant/src/fixed_lstm.cpp 
Execute     is_encrypted D:/Xilinx/Project/LSTM/lstm_hls/dynamic_quant/dyn_quant/src/fixed_lstm.h 
Execute     is_xip D:/Xilinx/Project/LSTM/lstm_hls/dynamic_quant/dyn_quant/src/fixed_lstm.h 
Execute     is_encrypted D:/Xilinx/Project/LSTM/lstm_hls/dynamic_quant/dyn_quant/src/infer_fixed.cpp 
Execute     is_xip D:/Xilinx/Project/LSTM/lstm_hls/dynamic_quant/dyn_quant/src/infer_fixed.cpp 
Execute     is_encrypted D:/Xilinx/Project/LSTM/lstm_hls/dynamic_quant/dyn_quant/src/utils.h 
Execute     is_xip D:/Xilinx/Project/LSTM/lstm_hls/dynamic_quant/dyn_quant/src/utils.h 
Execute     is_encrypted D:/Xilinx/Project/LSTM/lstm_hls/dynamic_quant/dyn_quant/src/weight.cpp 
Execute     is_xip D:/Xilinx/Project/LSTM/lstm_hls/dynamic_quant/dyn_quant/src/weight.cpp 
Execute     get_default_platform 
Execute     source run_sim.tcl 
Command     ap_source done; error code: 1; 0.748 sec.
ERROR: [SIM 211-100] CSim failed with errors.
INFO: [SIM 211-3] *************** CSIM finish ***************
Command   csim_design done; error code: 2; 6.22 sec.
Command ap_source done; error code: 1; 6.372 sec.
Execute cleanup_all 
INFO-FLOW: Workspace D:/Xilinx/Project/LSTM/lstm_hls/dynamic_quant/dyn_quant/solution1 opened at Sat Apr 05 09:19:09 +0800 2025
Execute     config_clock -quiet -name default -period 10 -default=false 
INFO: [SYN 201-201] Setting up clock 'default' with a period of 10ns.
Execute     open_platform DefaultPlatform 
Execute     import_lib D:/Xilinx/Vivado/2018.3/common/technology/xilinx/zynq/zynq 
Execute       source D:/Xilinx/Vivado/2018.3/common/technology/xilinx/common/xilinx.lib 
Execute         source D:/Xilinx/Vivado/2018.3/common/technology/xilinx/interface/xilinx_interface.lib 
Execute           source D:/Xilinx/Vivado/2018.3/common/technology/xilinx/interface/plb46.lib 
Execute           source D:/Xilinx/Vivado/2018.3/common/technology/xilinx/interface/fsl.lib 
Execute           source D:/Xilinx/Vivado/2018.3/common/technology/xilinx/interface/axi4.lib 
Execute           source D:/Xilinx/Vivado/2018.3/common/technology/xilinx/interface/maxi.lib 
Execute           source D:/Xilinx/Vivado/2018.3/common/technology/xilinx/interface/saxilite.lib 
Execute         source D:/Xilinx/Vivado/2018.3/common/technology/xilinx/common/dsp48.lib 
Execute         source D:/Xilinx/Vivado/2018.3/common/technology/xilinx/ip/dds_compiler.lib 
Execute         source D:/Xilinx/Vivado/2018.3/common/technology/xilinx/ip/xfft.lib 
Execute         source D:/Xilinx/Vivado/2018.3/common/technology/xilinx/ip/xfir.lib 
Execute       source D:/Xilinx/Vivado/2018.3/common/technology/xilinx/common/xilinx_old.lib 
Execute       source D:/Xilinx/Vivado/2018.3/common/technology/xilinx/common/xilinx_vivado.lib 
Execute       source D:/Xilinx/Vivado/2018.3/common/technology/xilinx/common/xilinx.hlp 
Execute         source D:/Xilinx/Vivado/2018.3/common/technology/xilinx/common/target_info.tcl 
Execute         source D:/Xilinx/Vivado/2018.3/common/technology/xilinx/interface/xilinx_interface.hlp 
Execute           source D:/Xilinx/Vivado/2018.3/common/technology/xilinx/interface/maxi.hlp 
Execute           source D:/Xilinx/Vivado/2018.3/common/technology/xilinx/interface/saxilite.hlp 
Execute         source D:/Xilinx/Vivado/2018.3/common/technology/xilinx/common/dsp48.hlp 
Execute       source D:/Xilinx/Vivado/2018.3/common/technology/xilinx/zynq/dsp48e1.hlp 
Execute       get_default_platform 
Execute       config_chip_info -quiet -resource  {SLICE 13300}  {LUT 53200}     {FF 106400} {DSP48E 220}   {BRAM 280}  
Execute       config_chip_info -quiet -speed medium 
Execute       source D:/Xilinx/Vivado/2018.3/common/technology/xilinx/common/xilinx.hlp 
Execute         source D:/Xilinx/Vivado/2018.3/common/technology/xilinx/common/target_info.tcl 
Execute         source D:/Xilinx/Vivado/2018.3/common/technology/xilinx/interface/xilinx_interface.hlp 
Execute           source D:/Xilinx/Vivado/2018.3/common/technology/xilinx/interface/maxi.hlp 
Execute           source D:/Xilinx/Vivado/2018.3/common/technology/xilinx/interface/saxilite.hlp 
Execute         source D:/Xilinx/Vivado/2018.3/common/technology/xilinx/common/dsp48.hlp 
Execute     source D:/Xilinx/Vivado/2018.3/common/technology/xilinx/zynq/zynq.gen 
Execute       source D:/Xilinx/Vivado/2018.3/common/technology/xilinx/common/virtex.gen 
Execute         source D:/Xilinx/Vivado/2018.3/common/technology/xilinx/common/xilinx.gen 
Execute           source D:/Xilinx/Vivado/2018.3/common/technology/xilinx/interface/plb46.gen 
Execute           source D:/Xilinx/Vivado/2018.3/common/technology/xilinx/interface/fsl.gen 
Execute           source D:/Xilinx/Vivado/2018.3/common/technology/xilinx/interface/axi4.gen 
Execute           source D:/Xilinx/Vivado/2018.3/common/technology/xilinx/interface/nativeAXI4.gen 
Execute             source D:/Xilinx/Vivado/2018.3/common/technology/xilinx/interface/saxilite.gen 
Execute             source D:/Xilinx/Vivado/2018.3/common/technology/xilinx/interface/maxi.gen 
Execute           source D:/Xilinx/Vivado/2018.3/common/technology/xilinx/scripts/xilinxcoregen.gen 
Execute           source D:/Xilinx/Vivado/2018.3/common/technology/xilinx/interface/XilEDKCoreGen.gen 
Execute           source D:/Xilinx/Vivado/2018.3/common/technology/xilinx/ip/dds_compiler.gen 
Execute           source D:/Xilinx/Vivado/2018.3/common/technology/xilinx/ip/util.gen 
Execute           source D:/Xilinx/Vivado/2018.3/common/technology/xilinx/ip/xfft.gen 
Execute           source D:/Xilinx/Vivado/2018.3/common/technology/xilinx/ip/xfir.gen 
Execute         source D:/Xilinx/Vivado/2018.3/common/technology/xilinx/common/dsp48.gen 
Execute     open_platform DefaultPlatform 
Execute     import_lib D:/Xilinx/Vivado/2018.3/common/technology/xilinx/zynq/zynq_fpv6 
Execute       source D:/Xilinx/Vivado/2018.3/common/technology/xilinx/common/xilinx_fpv7.lib 
Execute         source D:/Xilinx/Vivado/2018.3/common/technology/xilinx/common/xilinx_hp.lib 
Execute       source D:/Xilinx/Vivado/2018.3/common/technology/xilinx/common/xilinx_fpv.hlp 
Execute         source D:/Xilinx/Vivado/2018.3/common/technology/xilinx/common/xilinx.hlp 
Execute           source D:/Xilinx/Vivado/2018.3/common/technology/xilinx/common/target_info.tcl 
Execute           source D:/Xilinx/Vivado/2018.3/common/technology/xilinx/interface/xilinx_interface.hlp 
Execute             source D:/Xilinx/Vivado/2018.3/common/technology/xilinx/interface/maxi.hlp 
Execute             source D:/Xilinx/Vivado/2018.3/common/technology/xilinx/interface/saxilite.hlp 
Execute           source D:/Xilinx/Vivado/2018.3/common/technology/xilinx/common/dsp48.hlp 
Execute       source D:/Xilinx/Vivado/2018.3/common/technology/xilinx/zynq/zynq_hp.hlp 
Execute     source D:/Xilinx/Vivado/2018.3/common/technology/xilinx/zynq/zynq_fpv6.gen 
Execute       source D:/Xilinx/Vivado/2018.3/common/technology/xilinx/common/xilinx_fpv6.gen 
Execute     set_part xc7z020clg400-2 
Execute       add_library xilinx/zynq/zynq:xc7z020:clg400:-2 
Execute         get_default_platform 
Execute         license_isbetapart xc7z020 
Command         license_isbetapart done; error code: 1; 
Execute         get_default_platform 
Execute         config_chip_info -quiet -resource  {SLICE 13300}  {LUT 53200}     {FF 106400} {DSP48E 220}   {BRAM 280}  
Execute         config_chip_info -quiet -speed medium 
Execute       add_library xilinx/zynq/zynq_fpv6 
Execute         get_default_platform 
INFO: [HLS 200-10] Setting target device to 'xc7z020clg400-2'
Execute       get_default_platform 
Execute     get_default_platform 
Execute     config_chip_info -quiet -resource  {SLICE 13300}  {LUT 53200}     {FF 106400} {DSP48E 220}   {BRAM 280}  
Execute     config_chip_info -quiet -speed medium 
Command   open_solution done; 0.174 sec.
Execute   csim_design -quiet 
INFO: [SIM 211-2] *************** CSIM start ***************
INFO: [SIM 211-4] CSIM will launch GCC as the compiler.
Execute     source csim/.lst_opt.tcl 
Execute     is_encrypted D:/Xilinx/Project/LSTM/lstm_hls/dynamic_quant/dyn_quant/src/main.cpp 
Execute     is_xip D:/Xilinx/Project/LSTM/lstm_hls/dynamic_quant/dyn_quant/src/main.cpp 
Execute     is_encrypted D:/Xilinx/Project/LSTM/lstm_hls/dynamic_quant/dyn_quant/src/test_mixed_precision_lstm.cpp 
Execute     is_xip D:/Xilinx/Project/LSTM/lstm_hls/dynamic_quant/dyn_quant/src/test_mixed_precision_lstm.cpp 
Execute     is_encrypted D:/Xilinx/Project/LSTM/lstm_hls/dynamic_quant/dyn_quant/src/fixed_lstm.cpp 
Execute     is_xip D:/Xilinx/Project/LSTM/lstm_hls/dynamic_quant/dyn_quant/src/fixed_lstm.cpp 
Execute     is_encrypted D:/Xilinx/Project/LSTM/lstm_hls/dynamic_quant/dyn_quant/src/fixed_lstm.h 
Execute     is_xip D:/Xilinx/Project/LSTM/lstm_hls/dynamic_quant/dyn_quant/src/fixed_lstm.h 
Execute     is_encrypted D:/Xilinx/Project/LSTM/lstm_hls/dynamic_quant/dyn_quant/src/infer_fixed.cpp 
Execute     is_xip D:/Xilinx/Project/LSTM/lstm_hls/dynamic_quant/dyn_quant/src/infer_fixed.cpp 
Execute     is_encrypted D:/Xilinx/Project/LSTM/lstm_hls/dynamic_quant/dyn_quant/src/utils.h 
Execute     is_xip D:/Xilinx/Project/LSTM/lstm_hls/dynamic_quant/dyn_quant/src/utils.h 
Execute     is_encrypted D:/Xilinx/Project/LSTM/lstm_hls/dynamic_quant/dyn_quant/src/weight.cpp 
Execute     is_xip D:/Xilinx/Project/LSTM/lstm_hls/dynamic_quant/dyn_quant/src/weight.cpp 
Execute     get_default_platform 
Execute     source run_sim.tcl 
Command     ap_source done; error code: 1; 1.043 sec.
ERROR: [SIM 211-100] CSim failed with errors.
INFO: [SIM 211-3] *************** CSIM finish ***************
Command   csim_design done; error code: 2; 6.692 sec.
Command ap_source done; error code: 1; 6.873 sec.
Execute cleanup_all 
INFO-FLOW: Workspace D:/Xilinx/Project/LSTM/lstm_hls/dynamic_quant/dyn_quant/solution1 opened at Sat Apr 05 09:20:48 +0800 2025
Execute     config_clock -quiet -name default -period 10 -default=false 
INFO: [SYN 201-201] Setting up clock 'default' with a period of 10ns.
Execute     open_platform DefaultPlatform 
Execute     import_lib D:/Xilinx/Vivado/2018.3/common/technology/xilinx/zynq/zynq 
Execute       source D:/Xilinx/Vivado/2018.3/common/technology/xilinx/common/xilinx.lib 
Execute         source D:/Xilinx/Vivado/2018.3/common/technology/xilinx/interface/xilinx_interface.lib 
Execute           source D:/Xilinx/Vivado/2018.3/common/technology/xilinx/interface/plb46.lib 
Execute           source D:/Xilinx/Vivado/2018.3/common/technology/xilinx/interface/fsl.lib 
Execute           source D:/Xilinx/Vivado/2018.3/common/technology/xilinx/interface/axi4.lib 
Execute           source D:/Xilinx/Vivado/2018.3/common/technology/xilinx/interface/maxi.lib 
Execute           source D:/Xilinx/Vivado/2018.3/common/technology/xilinx/interface/saxilite.lib 
Execute         source D:/Xilinx/Vivado/2018.3/common/technology/xilinx/common/dsp48.lib 
Execute         source D:/Xilinx/Vivado/2018.3/common/technology/xilinx/ip/dds_compiler.lib 
Execute         source D:/Xilinx/Vivado/2018.3/common/technology/xilinx/ip/xfft.lib 
Execute         source D:/Xilinx/Vivado/2018.3/common/technology/xilinx/ip/xfir.lib 
Execute       source D:/Xilinx/Vivado/2018.3/common/technology/xilinx/common/xilinx_old.lib 
Execute       source D:/Xilinx/Vivado/2018.3/common/technology/xilinx/common/xilinx_vivado.lib 
Execute       source D:/Xilinx/Vivado/2018.3/common/technology/xilinx/common/xilinx.hlp 
Execute         source D:/Xilinx/Vivado/2018.3/common/technology/xilinx/common/target_info.tcl 
Execute         source D:/Xilinx/Vivado/2018.3/common/technology/xilinx/interface/xilinx_interface.hlp 
Execute           source D:/Xilinx/Vivado/2018.3/common/technology/xilinx/interface/maxi.hlp 
Execute           source D:/Xilinx/Vivado/2018.3/common/technology/xilinx/interface/saxilite.hlp 
Execute         source D:/Xilinx/Vivado/2018.3/common/technology/xilinx/common/dsp48.hlp 
Execute       source D:/Xilinx/Vivado/2018.3/common/technology/xilinx/zynq/dsp48e1.hlp 
Execute       get_default_platform 
Execute       config_chip_info -quiet -resource  {SLICE 13300}  {LUT 53200}     {FF 106400} {DSP48E 220}   {BRAM 280}  
Execute       config_chip_info -quiet -speed medium 
Execute       source D:/Xilinx/Vivado/2018.3/common/technology/xilinx/common/xilinx.hlp 
Execute         source D:/Xilinx/Vivado/2018.3/common/technology/xilinx/common/target_info.tcl 
Execute         source D:/Xilinx/Vivado/2018.3/common/technology/xilinx/interface/xilinx_interface.hlp 
Execute           source D:/Xilinx/Vivado/2018.3/common/technology/xilinx/interface/maxi.hlp 
Execute           source D:/Xilinx/Vivado/2018.3/common/technology/xilinx/interface/saxilite.hlp 
Execute         source D:/Xilinx/Vivado/2018.3/common/technology/xilinx/common/dsp48.hlp 
Execute     source D:/Xilinx/Vivado/2018.3/common/technology/xilinx/zynq/zynq.gen 
Execute       source D:/Xilinx/Vivado/2018.3/common/technology/xilinx/common/virtex.gen 
Execute         source D:/Xilinx/Vivado/2018.3/common/technology/xilinx/common/xilinx.gen 
Execute           source D:/Xilinx/Vivado/2018.3/common/technology/xilinx/interface/plb46.gen 
Execute           source D:/Xilinx/Vivado/2018.3/common/technology/xilinx/interface/fsl.gen 
Execute           source D:/Xilinx/Vivado/2018.3/common/technology/xilinx/interface/axi4.gen 
Execute           source D:/Xilinx/Vivado/2018.3/common/technology/xilinx/interface/nativeAXI4.gen 
Execute             source D:/Xilinx/Vivado/2018.3/common/technology/xilinx/interface/saxilite.gen 
Execute             source D:/Xilinx/Vivado/2018.3/common/technology/xilinx/interface/maxi.gen 
Execute           source D:/Xilinx/Vivado/2018.3/common/technology/xilinx/scripts/xilinxcoregen.gen 
Execute           source D:/Xilinx/Vivado/2018.3/common/technology/xilinx/interface/XilEDKCoreGen.gen 
Execute           source D:/Xilinx/Vivado/2018.3/common/technology/xilinx/ip/dds_compiler.gen 
Execute           source D:/Xilinx/Vivado/2018.3/common/technology/xilinx/ip/util.gen 
Execute           source D:/Xilinx/Vivado/2018.3/common/technology/xilinx/ip/xfft.gen 
Execute           source D:/Xilinx/Vivado/2018.3/common/technology/xilinx/ip/xfir.gen 
Execute         source D:/Xilinx/Vivado/2018.3/common/technology/xilinx/common/dsp48.gen 
Execute     open_platform DefaultPlatform 
Execute     import_lib D:/Xilinx/Vivado/2018.3/common/technology/xilinx/zynq/zynq_fpv6 
Execute       source D:/Xilinx/Vivado/2018.3/common/technology/xilinx/common/xilinx_fpv7.lib 
Execute         source D:/Xilinx/Vivado/2018.3/common/technology/xilinx/common/xilinx_hp.lib 
Execute       source D:/Xilinx/Vivado/2018.3/common/technology/xilinx/common/xilinx_fpv.hlp 
Execute         source D:/Xilinx/Vivado/2018.3/common/technology/xilinx/common/xilinx.hlp 
Execute           source D:/Xilinx/Vivado/2018.3/common/technology/xilinx/common/target_info.tcl 
Execute           source D:/Xilinx/Vivado/2018.3/common/technology/xilinx/interface/xilinx_interface.hlp 
Execute             source D:/Xilinx/Vivado/2018.3/common/technology/xilinx/interface/maxi.hlp 
Execute             source D:/Xilinx/Vivado/2018.3/common/technology/xilinx/interface/saxilite.hlp 
Execute           source D:/Xilinx/Vivado/2018.3/common/technology/xilinx/common/dsp48.hlp 
Execute       source D:/Xilinx/Vivado/2018.3/common/technology/xilinx/zynq/zynq_hp.hlp 
Execute     source D:/Xilinx/Vivado/2018.3/common/technology/xilinx/zynq/zynq_fpv6.gen 
Execute       source D:/Xilinx/Vivado/2018.3/common/technology/xilinx/common/xilinx_fpv6.gen 
Execute     set_part xc7z020clg400-2 
Execute       add_library xilinx/zynq/zynq:xc7z020:clg400:-2 
Execute         get_default_platform 
Execute         license_isbetapart xc7z020 
Command         license_isbetapart done; error code: 1; 
Execute         get_default_platform 
Execute         config_chip_info -quiet -resource  {SLICE 13300}  {LUT 53200}     {FF 106400} {DSP48E 220}   {BRAM 280}  
Execute         config_chip_info -quiet -speed medium 
Execute       add_library xilinx/zynq/zynq_fpv6 
Execute         get_default_platform 
INFO: [HLS 200-10] Setting target device to 'xc7z020clg400-2'
Execute       get_default_platform 
Execute     get_default_platform 
Execute     config_chip_info -quiet -resource  {SLICE 13300}  {LUT 53200}     {FF 106400} {DSP48E 220}   {BRAM 280}  
Execute     config_chip_info -quiet -speed medium 
Command   open_solution done; 0.188 sec.
Execute   csim_design -quiet 
INFO: [SIM 211-2] *************** CSIM start ***************
INFO: [SIM 211-4] CSIM will launch GCC as the compiler.
Execute     source csim/.lst_opt.tcl 
Execute     is_encrypted D:/Xilinx/Project/LSTM/lstm_hls/dynamic_quant/dyn_quant/src/main.cpp 
Execute     is_xip D:/Xilinx/Project/LSTM/lstm_hls/dynamic_quant/dyn_quant/src/main.cpp 
Execute     is_encrypted D:/Xilinx/Project/LSTM/lstm_hls/dynamic_quant/dyn_quant/src/test_mixed_precision_lstm.cpp 
Execute     is_xip D:/Xilinx/Project/LSTM/lstm_hls/dynamic_quant/dyn_quant/src/test_mixed_precision_lstm.cpp 
Execute     is_encrypted D:/Xilinx/Project/LSTM/lstm_hls/dynamic_quant/dyn_quant/src/fixed_lstm.cpp 
Execute     is_xip D:/Xilinx/Project/LSTM/lstm_hls/dynamic_quant/dyn_quant/src/fixed_lstm.cpp 
Execute     is_encrypted D:/Xilinx/Project/LSTM/lstm_hls/dynamic_quant/dyn_quant/src/fixed_lstm.h 
Execute     is_xip D:/Xilinx/Project/LSTM/lstm_hls/dynamic_quant/dyn_quant/src/fixed_lstm.h 
Execute     is_encrypted D:/Xilinx/Project/LSTM/lstm_hls/dynamic_quant/dyn_quant/src/infer_fixed.cpp 
Execute     is_xip D:/Xilinx/Project/LSTM/lstm_hls/dynamic_quant/dyn_quant/src/infer_fixed.cpp 
Execute     is_encrypted D:/Xilinx/Project/LSTM/lstm_hls/dynamic_quant/dyn_quant/src/utils.h 
Execute     is_xip D:/Xilinx/Project/LSTM/lstm_hls/dynamic_quant/dyn_quant/src/utils.h 
Execute     is_encrypted D:/Xilinx/Project/LSTM/lstm_hls/dynamic_quant/dyn_quant/src/weight.cpp 
Execute     is_xip D:/Xilinx/Project/LSTM/lstm_hls/dynamic_quant/dyn_quant/src/weight.cpp 
Execute     get_default_platform 
Execute     source run_sim.tcl 
Command     ap_source done; error code: 1; 0.201 sec.
ERROR: [SIM 211-100] CSim failed with errors.
INFO: [SIM 211-3] *************** CSIM finish ***************
Command   csim_design done; error code: 2; 1.199 sec.
Command ap_source done; error code: 1; 1.393 sec.
Execute cleanup_all 
INFO-FLOW: Workspace D:/Xilinx/Project/LSTM/lstm_hls/dynamic_quant/dyn_quant/solution1 opened at Sat Apr 05 09:33:13 +0800 2025
Execute     config_clock -quiet -name default -period 10 -default=false 
INFO: [SYN 201-201] Setting up clock 'default' with a period of 10ns.
Execute     open_platform DefaultPlatform 
Execute     import_lib D:/Xilinx/Vivado/2018.3/common/technology/xilinx/zynq/zynq 
Execute       source D:/Xilinx/Vivado/2018.3/common/technology/xilinx/common/xilinx.lib 
Execute         source D:/Xilinx/Vivado/2018.3/common/technology/xilinx/interface/xilinx_interface.lib 
Execute           source D:/Xilinx/Vivado/2018.3/common/technology/xilinx/interface/plb46.lib 
Execute           source D:/Xilinx/Vivado/2018.3/common/technology/xilinx/interface/fsl.lib 
Execute           source D:/Xilinx/Vivado/2018.3/common/technology/xilinx/interface/axi4.lib 
Execute           source D:/Xilinx/Vivado/2018.3/common/technology/xilinx/interface/maxi.lib 
Execute           source D:/Xilinx/Vivado/2018.3/common/technology/xilinx/interface/saxilite.lib 
Execute         source D:/Xilinx/Vivado/2018.3/common/technology/xilinx/common/dsp48.lib 
Execute         source D:/Xilinx/Vivado/2018.3/common/technology/xilinx/ip/dds_compiler.lib 
Execute         source D:/Xilinx/Vivado/2018.3/common/technology/xilinx/ip/xfft.lib 
Execute         source D:/Xilinx/Vivado/2018.3/common/technology/xilinx/ip/xfir.lib 
Execute       source D:/Xilinx/Vivado/2018.3/common/technology/xilinx/common/xilinx_old.lib 
Execute       source D:/Xilinx/Vivado/2018.3/common/technology/xilinx/common/xilinx_vivado.lib 
Execute       source D:/Xilinx/Vivado/2018.3/common/technology/xilinx/common/xilinx.hlp 
Execute         source D:/Xilinx/Vivado/2018.3/common/technology/xilinx/common/target_info.tcl 
Execute         source D:/Xilinx/Vivado/2018.3/common/technology/xilinx/interface/xilinx_interface.hlp 
Execute           source D:/Xilinx/Vivado/2018.3/common/technology/xilinx/interface/maxi.hlp 
Execute           source D:/Xilinx/Vivado/2018.3/common/technology/xilinx/interface/saxilite.hlp 
Execute         source D:/Xilinx/Vivado/2018.3/common/technology/xilinx/common/dsp48.hlp 
Execute       source D:/Xilinx/Vivado/2018.3/common/technology/xilinx/zynq/dsp48e1.hlp 
Execute       get_default_platform 
Execute       config_chip_info -quiet -resource  {SLICE 13300}  {LUT 53200}     {FF 106400} {DSP48E 220}   {BRAM 280}  
Execute       config_chip_info -quiet -speed medium 
Execute       source D:/Xilinx/Vivado/2018.3/common/technology/xilinx/common/xilinx.hlp 
Execute         source D:/Xilinx/Vivado/2018.3/common/technology/xilinx/common/target_info.tcl 
Execute         source D:/Xilinx/Vivado/2018.3/common/technology/xilinx/interface/xilinx_interface.hlp 
Execute           source D:/Xilinx/Vivado/2018.3/common/technology/xilinx/interface/maxi.hlp 
Execute           source D:/Xilinx/Vivado/2018.3/common/technology/xilinx/interface/saxilite.hlp 
Execute         source D:/Xilinx/Vivado/2018.3/common/technology/xilinx/common/dsp48.hlp 
Execute     source D:/Xilinx/Vivado/2018.3/common/technology/xilinx/zynq/zynq.gen 
Execute       source D:/Xilinx/Vivado/2018.3/common/technology/xilinx/common/virtex.gen 
Execute         source D:/Xilinx/Vivado/2018.3/common/technology/xilinx/common/xilinx.gen 
Execute           source D:/Xilinx/Vivado/2018.3/common/technology/xilinx/interface/plb46.gen 
Execute           source D:/Xilinx/Vivado/2018.3/common/technology/xilinx/interface/fsl.gen 
Execute           source D:/Xilinx/Vivado/2018.3/common/technology/xilinx/interface/axi4.gen 
Execute           source D:/Xilinx/Vivado/2018.3/common/technology/xilinx/interface/nativeAXI4.gen 
Execute             source D:/Xilinx/Vivado/2018.3/common/technology/xilinx/interface/saxilite.gen 
Execute             source D:/Xilinx/Vivado/2018.3/common/technology/xilinx/interface/maxi.gen 
Execute           source D:/Xilinx/Vivado/2018.3/common/technology/xilinx/scripts/xilinxcoregen.gen 
Execute           source D:/Xilinx/Vivado/2018.3/common/technology/xilinx/interface/XilEDKCoreGen.gen 
Execute           source D:/Xilinx/Vivado/2018.3/common/technology/xilinx/ip/dds_compiler.gen 
Execute           source D:/Xilinx/Vivado/2018.3/common/technology/xilinx/ip/util.gen 
Execute           source D:/Xilinx/Vivado/2018.3/common/technology/xilinx/ip/xfft.gen 
Execute           source D:/Xilinx/Vivado/2018.3/common/technology/xilinx/ip/xfir.gen 
Execute         source D:/Xilinx/Vivado/2018.3/common/technology/xilinx/common/dsp48.gen 
Execute     open_platform DefaultPlatform 
Execute     import_lib D:/Xilinx/Vivado/2018.3/common/technology/xilinx/zynq/zynq_fpv6 
Execute       source D:/Xilinx/Vivado/2018.3/common/technology/xilinx/common/xilinx_fpv7.lib 
Execute         source D:/Xilinx/Vivado/2018.3/common/technology/xilinx/common/xilinx_hp.lib 
Execute       source D:/Xilinx/Vivado/2018.3/common/technology/xilinx/common/xilinx_fpv.hlp 
Execute         source D:/Xilinx/Vivado/2018.3/common/technology/xilinx/common/xilinx.hlp 
Execute           source D:/Xilinx/Vivado/2018.3/common/technology/xilinx/common/target_info.tcl 
Execute           source D:/Xilinx/Vivado/2018.3/common/technology/xilinx/interface/xilinx_interface.hlp 
Execute             source D:/Xilinx/Vivado/2018.3/common/technology/xilinx/interface/maxi.hlp 
Execute             source D:/Xilinx/Vivado/2018.3/common/technology/xilinx/interface/saxilite.hlp 
Execute           source D:/Xilinx/Vivado/2018.3/common/technology/xilinx/common/dsp48.hlp 
Execute       source D:/Xilinx/Vivado/2018.3/common/technology/xilinx/zynq/zynq_hp.hlp 
Execute     source D:/Xilinx/Vivado/2018.3/common/technology/xilinx/zynq/zynq_fpv6.gen 
Execute       source D:/Xilinx/Vivado/2018.3/common/technology/xilinx/common/xilinx_fpv6.gen 
Execute     set_part xc7z020clg400-2 
Execute       add_library xilinx/zynq/zynq:xc7z020:clg400:-2 
Execute         get_default_platform 
Execute         license_isbetapart xc7z020 
Command         license_isbetapart done; error code: 1; 
Execute         get_default_platform 
Execute         config_chip_info -quiet -resource  {SLICE 13300}  {LUT 53200}     {FF 106400} {DSP48E 220}   {BRAM 280}  
Execute         config_chip_info -quiet -speed medium 
Execute       add_library xilinx/zynq/zynq_fpv6 
Execute         get_default_platform 
INFO: [HLS 200-10] Setting target device to 'xc7z020clg400-2'
Execute       get_default_platform 
Execute     get_default_platform 
Execute     config_chip_info -quiet -resource  {SLICE 13300}  {LUT 53200}     {FF 106400} {DSP48E 220}   {BRAM 280}  
Execute     config_chip_info -quiet -speed medium 
Command   open_solution done; 0.156 sec.
Execute   csim_design -quiet 
INFO: [SIM 211-2] *************** CSIM start ***************
INFO: [SIM 211-4] CSIM will launch GCC as the compiler.
Execute     source csim/.lst_opt.tcl 
Execute     is_encrypted D:/Xilinx/Project/LSTM/lstm_hls/dynamic_quant/dyn_quant/src/main.cpp 
Execute     is_xip D:/Xilinx/Project/LSTM/lstm_hls/dynamic_quant/dyn_quant/src/main.cpp 
Execute     is_encrypted D:/Xilinx/Project/LSTM/lstm_hls/dynamic_quant/dyn_quant/src/test_mixed_precision_lstm.cpp 
Execute     is_xip D:/Xilinx/Project/LSTM/lstm_hls/dynamic_quant/dyn_quant/src/test_mixed_precision_lstm.cpp 
Execute     is_encrypted D:/Xilinx/Project/LSTM/lstm_hls/dynamic_quant/dyn_quant/src/fixed_lstm.cpp 
Execute     is_xip D:/Xilinx/Project/LSTM/lstm_hls/dynamic_quant/dyn_quant/src/fixed_lstm.cpp 
Execute     is_encrypted D:/Xilinx/Project/LSTM/lstm_hls/dynamic_quant/dyn_quant/src/fixed_lstm.h 
Execute     is_xip D:/Xilinx/Project/LSTM/lstm_hls/dynamic_quant/dyn_quant/src/fixed_lstm.h 
Execute     is_encrypted D:/Xilinx/Project/LSTM/lstm_hls/dynamic_quant/dyn_quant/src/infer_fixed.cpp 
Execute     is_xip D:/Xilinx/Project/LSTM/lstm_hls/dynamic_quant/dyn_quant/src/infer_fixed.cpp 
Execute     is_encrypted D:/Xilinx/Project/LSTM/lstm_hls/dynamic_quant/dyn_quant/src/utils.h 
Execute     is_xip D:/Xilinx/Project/LSTM/lstm_hls/dynamic_quant/dyn_quant/src/utils.h 
Execute     is_encrypted D:/Xilinx/Project/LSTM/lstm_hls/dynamic_quant/dyn_quant/src/weight.cpp 
Execute     is_xip D:/Xilinx/Project/LSTM/lstm_hls/dynamic_quant/dyn_quant/src/weight.cpp 
Execute     get_default_platform 
Execute     source run_sim.tcl 
Command     ap_source done; 1.187 sec.
INFO: [SIM 211-1] CSim done with 0 errors.
INFO: [SIM 211-3] *************** CSIM finish ***************
Command   csim_design done; 6.913 sec.
Command ap_source done; 7.074 sec.
Execute cleanup_all 
INFO-FLOW: Workspace D:/Xilinx/Project/LSTM/lstm_hls/dynamic_quant/dyn_quant/solution1 opened at Sat Apr 05 09:34:26 +0800 2025
Execute     config_clock -quiet -name default -period 10 -default=false 
INFO: [SYN 201-201] Setting up clock 'default' with a period of 10ns.
Execute     open_platform DefaultPlatform 
Execute     import_lib D:/Xilinx/Vivado/2018.3/common/technology/xilinx/zynq/zynq 
Execute       source D:/Xilinx/Vivado/2018.3/common/technology/xilinx/common/xilinx.lib 
Execute         source D:/Xilinx/Vivado/2018.3/common/technology/xilinx/interface/xilinx_interface.lib 
Execute           source D:/Xilinx/Vivado/2018.3/common/technology/xilinx/interface/plb46.lib 
Execute           source D:/Xilinx/Vivado/2018.3/common/technology/xilinx/interface/fsl.lib 
Execute           source D:/Xilinx/Vivado/2018.3/common/technology/xilinx/interface/axi4.lib 
Execute           source D:/Xilinx/Vivado/2018.3/common/technology/xilinx/interface/maxi.lib 
Execute           source D:/Xilinx/Vivado/2018.3/common/technology/xilinx/interface/saxilite.lib 
Execute         source D:/Xilinx/Vivado/2018.3/common/technology/xilinx/common/dsp48.lib 
Execute         source D:/Xilinx/Vivado/2018.3/common/technology/xilinx/ip/dds_compiler.lib 
Execute         source D:/Xilinx/Vivado/2018.3/common/technology/xilinx/ip/xfft.lib 
Execute         source D:/Xilinx/Vivado/2018.3/common/technology/xilinx/ip/xfir.lib 
Execute       source D:/Xilinx/Vivado/2018.3/common/technology/xilinx/common/xilinx_old.lib 
Execute       source D:/Xilinx/Vivado/2018.3/common/technology/xilinx/common/xilinx_vivado.lib 
Execute       source D:/Xilinx/Vivado/2018.3/common/technology/xilinx/common/xilinx.hlp 
Execute         source D:/Xilinx/Vivado/2018.3/common/technology/xilinx/common/target_info.tcl 
Execute         source D:/Xilinx/Vivado/2018.3/common/technology/xilinx/interface/xilinx_interface.hlp 
Execute           source D:/Xilinx/Vivado/2018.3/common/technology/xilinx/interface/maxi.hlp 
Execute           source D:/Xilinx/Vivado/2018.3/common/technology/xilinx/interface/saxilite.hlp 
Execute         source D:/Xilinx/Vivado/2018.3/common/technology/xilinx/common/dsp48.hlp 
Execute       source D:/Xilinx/Vivado/2018.3/common/technology/xilinx/zynq/dsp48e1.hlp 
Execute       get_default_platform 
Execute       config_chip_info -quiet -resource  {SLICE 13300}  {LUT 53200}     {FF 106400} {DSP48E 220}   {BRAM 280}  
Execute       config_chip_info -quiet -speed medium 
Execute       source D:/Xilinx/Vivado/2018.3/common/technology/xilinx/common/xilinx.hlp 
Execute         source D:/Xilinx/Vivado/2018.3/common/technology/xilinx/common/target_info.tcl 
Execute         source D:/Xilinx/Vivado/2018.3/common/technology/xilinx/interface/xilinx_interface.hlp 
Execute           source D:/Xilinx/Vivado/2018.3/common/technology/xilinx/interface/maxi.hlp 
Execute           source D:/Xilinx/Vivado/2018.3/common/technology/xilinx/interface/saxilite.hlp 
Execute         source D:/Xilinx/Vivado/2018.3/common/technology/xilinx/common/dsp48.hlp 
Execute     source D:/Xilinx/Vivado/2018.3/common/technology/xilinx/zynq/zynq.gen 
Execute       source D:/Xilinx/Vivado/2018.3/common/technology/xilinx/common/virtex.gen 
Execute         source D:/Xilinx/Vivado/2018.3/common/technology/xilinx/common/xilinx.gen 
Execute           source D:/Xilinx/Vivado/2018.3/common/technology/xilinx/interface/plb46.gen 
Execute           source D:/Xilinx/Vivado/2018.3/common/technology/xilinx/interface/fsl.gen 
Execute           source D:/Xilinx/Vivado/2018.3/common/technology/xilinx/interface/axi4.gen 
Execute           source D:/Xilinx/Vivado/2018.3/common/technology/xilinx/interface/nativeAXI4.gen 
Execute             source D:/Xilinx/Vivado/2018.3/common/technology/xilinx/interface/saxilite.gen 
Execute             source D:/Xilinx/Vivado/2018.3/common/technology/xilinx/interface/maxi.gen 
Execute           source D:/Xilinx/Vivado/2018.3/common/technology/xilinx/scripts/xilinxcoregen.gen 
Execute           source D:/Xilinx/Vivado/2018.3/common/technology/xilinx/interface/XilEDKCoreGen.gen 
Execute           source D:/Xilinx/Vivado/2018.3/common/technology/xilinx/ip/dds_compiler.gen 
Execute           source D:/Xilinx/Vivado/2018.3/common/technology/xilinx/ip/util.gen 
Execute           source D:/Xilinx/Vivado/2018.3/common/technology/xilinx/ip/xfft.gen 
Execute           source D:/Xilinx/Vivado/2018.3/common/technology/xilinx/ip/xfir.gen 
Execute         source D:/Xilinx/Vivado/2018.3/common/technology/xilinx/common/dsp48.gen 
Execute     open_platform DefaultPlatform 
Execute     import_lib D:/Xilinx/Vivado/2018.3/common/technology/xilinx/zynq/zynq_fpv6 
Execute       source D:/Xilinx/Vivado/2018.3/common/technology/xilinx/common/xilinx_fpv7.lib 
Execute         source D:/Xilinx/Vivado/2018.3/common/technology/xilinx/common/xilinx_hp.lib 
Execute       source D:/Xilinx/Vivado/2018.3/common/technology/xilinx/common/xilinx_fpv.hlp 
Execute         source D:/Xilinx/Vivado/2018.3/common/technology/xilinx/common/xilinx.hlp 
Execute           source D:/Xilinx/Vivado/2018.3/common/technology/xilinx/common/target_info.tcl 
Execute           source D:/Xilinx/Vivado/2018.3/common/technology/xilinx/interface/xilinx_interface.hlp 
Execute             source D:/Xilinx/Vivado/2018.3/common/technology/xilinx/interface/maxi.hlp 
Execute             source D:/Xilinx/Vivado/2018.3/common/technology/xilinx/interface/saxilite.hlp 
Execute           source D:/Xilinx/Vivado/2018.3/common/technology/xilinx/common/dsp48.hlp 
Execute       source D:/Xilinx/Vivado/2018.3/common/technology/xilinx/zynq/zynq_hp.hlp 
Execute     source D:/Xilinx/Vivado/2018.3/common/technology/xilinx/zynq/zynq_fpv6.gen 
Execute       source D:/Xilinx/Vivado/2018.3/common/technology/xilinx/common/xilinx_fpv6.gen 
Execute     set_part xc7z020clg400-2 
Execute       add_library xilinx/zynq/zynq:xc7z020:clg400:-2 
Execute         get_default_platform 
Execute         license_isbetapart xc7z020 
Command         license_isbetapart done; error code: 1; 
Execute         get_default_platform 
Execute         config_chip_info -quiet -resource  {SLICE 13300}  {LUT 53200}     {FF 106400} {DSP48E 220}   {BRAM 280}  
Execute         config_chip_info -quiet -speed medium 
Execute       add_library xilinx/zynq/zynq_fpv6 
Execute         get_default_platform 
INFO: [HLS 200-10] Setting target device to 'xc7z020clg400-2'
Execute       get_default_platform 
Execute     get_default_platform 
Execute     config_chip_info -quiet -resource  {SLICE 13300}  {LUT 53200}     {FF 106400} {DSP48E 220}   {BRAM 280}  
Execute     config_chip_info -quiet -speed medium 
Command   open_solution done; 0.157 sec.
Execute   csim_design -quiet 
INFO: [SIM 211-2] *************** CSIM start ***************
INFO: [SIM 211-4] CSIM will launch GCC as the compiler.
Execute     source csim/.lst_opt.tcl 
Execute     is_encrypted D:/Xilinx/Project/LSTM/lstm_hls/dynamic_quant/dyn_quant/src/main.cpp 
Execute     is_xip D:/Xilinx/Project/LSTM/lstm_hls/dynamic_quant/dyn_quant/src/main.cpp 
Execute     is_encrypted D:/Xilinx/Project/LSTM/lstm_hls/dynamic_quant/dyn_quant/src/test_mixed_precision_lstm.cpp 
Execute     is_xip D:/Xilinx/Project/LSTM/lstm_hls/dynamic_quant/dyn_quant/src/test_mixed_precision_lstm.cpp 
Execute     is_encrypted D:/Xilinx/Project/LSTM/lstm_hls/dynamic_quant/dyn_quant/src/fixed_lstm.cpp 
Execute     is_xip D:/Xilinx/Project/LSTM/lstm_hls/dynamic_quant/dyn_quant/src/fixed_lstm.cpp 
Execute     is_encrypted D:/Xilinx/Project/LSTM/lstm_hls/dynamic_quant/dyn_quant/src/fixed_lstm.h 
Execute     is_xip D:/Xilinx/Project/LSTM/lstm_hls/dynamic_quant/dyn_quant/src/fixed_lstm.h 
Execute     is_encrypted D:/Xilinx/Project/LSTM/lstm_hls/dynamic_quant/dyn_quant/src/infer_fixed.cpp 
Execute     is_xip D:/Xilinx/Project/LSTM/lstm_hls/dynamic_quant/dyn_quant/src/infer_fixed.cpp 
Execute     is_encrypted D:/Xilinx/Project/LSTM/lstm_hls/dynamic_quant/dyn_quant/src/utils.h 
Execute     is_xip D:/Xilinx/Project/LSTM/lstm_hls/dynamic_quant/dyn_quant/src/utils.h 
Execute     is_encrypted D:/Xilinx/Project/LSTM/lstm_hls/dynamic_quant/dyn_quant/src/weight.cpp 
Execute     is_xip D:/Xilinx/Project/LSTM/lstm_hls/dynamic_quant/dyn_quant/src/weight.cpp 
Execute     get_default_platform 
Execute     source run_sim.tcl 
Command     ap_source done; 184.51 sec.
INFO: [SIM 211-1] CSim done with 0 errors.
INFO: [SIM 211-3] *************** CSIM finish ***************
Command   csim_design done; 190.175 sec.
Command ap_source done; 190.337 sec.
Execute cleanup_all 
INFO-FLOW: Workspace D:/Xilinx/Project/LSTM/lstm_hls/dynamic_quant/dyn_quant/solution1 opened at Sat Apr 05 09:41:27 +0800 2025
Execute     config_clock -quiet -name default -period 10 -default=false 
INFO: [SYN 201-201] Setting up clock 'default' with a period of 10ns.
Execute     open_platform DefaultPlatform 
Execute     import_lib D:/Xilinx/Vivado/2018.3/common/technology/xilinx/zynq/zynq 
Execute       source D:/Xilinx/Vivado/2018.3/common/technology/xilinx/common/xilinx.lib 
Execute         source D:/Xilinx/Vivado/2018.3/common/technology/xilinx/interface/xilinx_interface.lib 
Execute           source D:/Xilinx/Vivado/2018.3/common/technology/xilinx/interface/plb46.lib 
Execute           source D:/Xilinx/Vivado/2018.3/common/technology/xilinx/interface/fsl.lib 
Execute           source D:/Xilinx/Vivado/2018.3/common/technology/xilinx/interface/axi4.lib 
Execute           source D:/Xilinx/Vivado/2018.3/common/technology/xilinx/interface/maxi.lib 
Execute           source D:/Xilinx/Vivado/2018.3/common/technology/xilinx/interface/saxilite.lib 
Execute         source D:/Xilinx/Vivado/2018.3/common/technology/xilinx/common/dsp48.lib 
Execute         source D:/Xilinx/Vivado/2018.3/common/technology/xilinx/ip/dds_compiler.lib 
Execute         source D:/Xilinx/Vivado/2018.3/common/technology/xilinx/ip/xfft.lib 
Execute         source D:/Xilinx/Vivado/2018.3/common/technology/xilinx/ip/xfir.lib 
Execute       source D:/Xilinx/Vivado/2018.3/common/technology/xilinx/common/xilinx_old.lib 
Execute       source D:/Xilinx/Vivado/2018.3/common/technology/xilinx/common/xilinx_vivado.lib 
Execute       source D:/Xilinx/Vivado/2018.3/common/technology/xilinx/common/xilinx.hlp 
Execute         source D:/Xilinx/Vivado/2018.3/common/technology/xilinx/common/target_info.tcl 
Execute         source D:/Xilinx/Vivado/2018.3/common/technology/xilinx/interface/xilinx_interface.hlp 
Execute           source D:/Xilinx/Vivado/2018.3/common/technology/xilinx/interface/maxi.hlp 
Execute           source D:/Xilinx/Vivado/2018.3/common/technology/xilinx/interface/saxilite.hlp 
Execute         source D:/Xilinx/Vivado/2018.3/common/technology/xilinx/common/dsp48.hlp 
Execute       source D:/Xilinx/Vivado/2018.3/common/technology/xilinx/zynq/dsp48e1.hlp 
Execute       get_default_platform 
Execute       config_chip_info -quiet -resource  {SLICE 13300}  {LUT 53200}     {FF 106400} {DSP48E 220}   {BRAM 280}  
Execute       config_chip_info -quiet -speed medium 
Execute       source D:/Xilinx/Vivado/2018.3/common/technology/xilinx/common/xilinx.hlp 
Execute         source D:/Xilinx/Vivado/2018.3/common/technology/xilinx/common/target_info.tcl 
Execute         source D:/Xilinx/Vivado/2018.3/common/technology/xilinx/interface/xilinx_interface.hlp 
Execute           source D:/Xilinx/Vivado/2018.3/common/technology/xilinx/interface/maxi.hlp 
Execute           source D:/Xilinx/Vivado/2018.3/common/technology/xilinx/interface/saxilite.hlp 
Execute         source D:/Xilinx/Vivado/2018.3/common/technology/xilinx/common/dsp48.hlp 
Execute     source D:/Xilinx/Vivado/2018.3/common/technology/xilinx/zynq/zynq.gen 
Execute       source D:/Xilinx/Vivado/2018.3/common/technology/xilinx/common/virtex.gen 
Execute         source D:/Xilinx/Vivado/2018.3/common/technology/xilinx/common/xilinx.gen 
Execute           source D:/Xilinx/Vivado/2018.3/common/technology/xilinx/interface/plb46.gen 
Execute           source D:/Xilinx/Vivado/2018.3/common/technology/xilinx/interface/fsl.gen 
Execute           source D:/Xilinx/Vivado/2018.3/common/technology/xilinx/interface/axi4.gen 
Execute           source D:/Xilinx/Vivado/2018.3/common/technology/xilinx/interface/nativeAXI4.gen 
Execute             source D:/Xilinx/Vivado/2018.3/common/technology/xilinx/interface/saxilite.gen 
Execute             source D:/Xilinx/Vivado/2018.3/common/technology/xilinx/interface/maxi.gen 
Execute           source D:/Xilinx/Vivado/2018.3/common/technology/xilinx/scripts/xilinxcoregen.gen 
Execute           source D:/Xilinx/Vivado/2018.3/common/technology/xilinx/interface/XilEDKCoreGen.gen 
Execute           source D:/Xilinx/Vivado/2018.3/common/technology/xilinx/ip/dds_compiler.gen 
Execute           source D:/Xilinx/Vivado/2018.3/common/technology/xilinx/ip/util.gen 
Execute           source D:/Xilinx/Vivado/2018.3/common/technology/xilinx/ip/xfft.gen 
Execute           source D:/Xilinx/Vivado/2018.3/common/technology/xilinx/ip/xfir.gen 
Execute         source D:/Xilinx/Vivado/2018.3/common/technology/xilinx/common/dsp48.gen 
Execute     open_platform DefaultPlatform 
Execute     import_lib D:/Xilinx/Vivado/2018.3/common/technology/xilinx/zynq/zynq_fpv6 
Execute       source D:/Xilinx/Vivado/2018.3/common/technology/xilinx/common/xilinx_fpv7.lib 
Execute         source D:/Xilinx/Vivado/2018.3/common/technology/xilinx/common/xilinx_hp.lib 
Execute       source D:/Xilinx/Vivado/2018.3/common/technology/xilinx/common/xilinx_fpv.hlp 
Execute         source D:/Xilinx/Vivado/2018.3/common/technology/xilinx/common/xilinx.hlp 
Execute           source D:/Xilinx/Vivado/2018.3/common/technology/xilinx/common/target_info.tcl 
Execute           source D:/Xilinx/Vivado/2018.3/common/technology/xilinx/interface/xilinx_interface.hlp 
Execute             source D:/Xilinx/Vivado/2018.3/common/technology/xilinx/interface/maxi.hlp 
Execute             source D:/Xilinx/Vivado/2018.3/common/technology/xilinx/interface/saxilite.hlp 
Execute           source D:/Xilinx/Vivado/2018.3/common/technology/xilinx/common/dsp48.hlp 
Execute       source D:/Xilinx/Vivado/2018.3/common/technology/xilinx/zynq/zynq_hp.hlp 
Execute     source D:/Xilinx/Vivado/2018.3/common/technology/xilinx/zynq/zynq_fpv6.gen 
Execute       source D:/Xilinx/Vivado/2018.3/common/technology/xilinx/common/xilinx_fpv6.gen 
Execute     set_part xc7z020clg400-2 
Execute       add_library xilinx/zynq/zynq:xc7z020:clg400:-2 
Execute         get_default_platform 
Execute         license_isbetapart xc7z020 
Command         license_isbetapart done; error code: 1; 
Execute         get_default_platform 
Execute         config_chip_info -quiet -resource  {SLICE 13300}  {LUT 53200}     {FF 106400} {DSP48E 220}   {BRAM 280}  
Execute         config_chip_info -quiet -speed medium 
Execute       add_library xilinx/zynq/zynq_fpv6 
Execute         get_default_platform 
INFO: [HLS 200-10] Setting target device to 'xc7z020clg400-2'
Execute       get_default_platform 
Execute     get_default_platform 
Execute     config_chip_info -quiet -resource  {SLICE 13300}  {LUT 53200}     {FF 106400} {DSP48E 220}   {BRAM 280}  
Execute     config_chip_info -quiet -speed medium 
Command   open_solution done; 0.151 sec.
Execute   csim_design -quiet 
INFO: [SIM 211-2] *************** CSIM start ***************
INFO: [SIM 211-4] CSIM will launch GCC as the compiler.
Execute     source csim/.lst_opt.tcl 
Execute     is_encrypted D:/Xilinx/Project/LSTM/lstm_hls/dynamic_quant/dyn_quant/src/main.cpp 
Execute     is_xip D:/Xilinx/Project/LSTM/lstm_hls/dynamic_quant/dyn_quant/src/main.cpp 
Execute     is_encrypted D:/Xilinx/Project/LSTM/lstm_hls/dynamic_quant/dyn_quant/src/test_mixed_precision_lstm.cpp 
Execute     is_xip D:/Xilinx/Project/LSTM/lstm_hls/dynamic_quant/dyn_quant/src/test_mixed_precision_lstm.cpp 
Execute     is_encrypted D:/Xilinx/Project/LSTM/lstm_hls/dynamic_quant/dyn_quant/src/fixed_lstm.cpp 
Execute     is_xip D:/Xilinx/Project/LSTM/lstm_hls/dynamic_quant/dyn_quant/src/fixed_lstm.cpp 
Execute     is_encrypted D:/Xilinx/Project/LSTM/lstm_hls/dynamic_quant/dyn_quant/src/fixed_lstm.h 
Execute     is_xip D:/Xilinx/Project/LSTM/lstm_hls/dynamic_quant/dyn_quant/src/fixed_lstm.h 
Execute     is_encrypted D:/Xilinx/Project/LSTM/lstm_hls/dynamic_quant/dyn_quant/src/infer_fixed.cpp 
Execute     is_xip D:/Xilinx/Project/LSTM/lstm_hls/dynamic_quant/dyn_quant/src/infer_fixed.cpp 
Execute     is_encrypted D:/Xilinx/Project/LSTM/lstm_hls/dynamic_quant/dyn_quant/src/utils.h 
Execute     is_xip D:/Xilinx/Project/LSTM/lstm_hls/dynamic_quant/dyn_quant/src/utils.h 
Execute     is_encrypted D:/Xilinx/Project/LSTM/lstm_hls/dynamic_quant/dyn_quant/src/weight.cpp 
Execute     is_xip D:/Xilinx/Project/LSTM/lstm_hls/dynamic_quant/dyn_quant/src/weight.cpp 
Execute     get_default_platform 
INFO-FLOW: Workspace D:/Xilinx/Project/LSTM/lstm_hls/dynamic_quant/dyn_quant/solution1 opened at Sat Apr 05 09:41:40 +0800 2025
Execute     config_clock -quiet -name default -period 10 -default=false 
INFO: [SYN 201-201] Setting up clock 'default' with a period of 10ns.
Execute     open_platform DefaultPlatform 
Execute     import_lib D:/Xilinx/Vivado/2018.3/common/technology/xilinx/zynq/zynq 
Execute       source D:/Xilinx/Vivado/2018.3/common/technology/xilinx/common/xilinx.lib 
Execute         source D:/Xilinx/Vivado/2018.3/common/technology/xilinx/interface/xilinx_interface.lib 
Execute           source D:/Xilinx/Vivado/2018.3/common/technology/xilinx/interface/plb46.lib 
Execute           source D:/Xilinx/Vivado/2018.3/common/technology/xilinx/interface/fsl.lib 
Execute           source D:/Xilinx/Vivado/2018.3/common/technology/xilinx/interface/axi4.lib 
Execute           source D:/Xilinx/Vivado/2018.3/common/technology/xilinx/interface/maxi.lib 
Execute           source D:/Xilinx/Vivado/2018.3/common/technology/xilinx/interface/saxilite.lib 
Execute         source D:/Xilinx/Vivado/2018.3/common/technology/xilinx/common/dsp48.lib 
Execute         source D:/Xilinx/Vivado/2018.3/common/technology/xilinx/ip/dds_compiler.lib 
Execute         source D:/Xilinx/Vivado/2018.3/common/technology/xilinx/ip/xfft.lib 
Execute         source D:/Xilinx/Vivado/2018.3/common/technology/xilinx/ip/xfir.lib 
Execute       source D:/Xilinx/Vivado/2018.3/common/technology/xilinx/common/xilinx_old.lib 
Execute       source D:/Xilinx/Vivado/2018.3/common/technology/xilinx/common/xilinx_vivado.lib 
Execute       source D:/Xilinx/Vivado/2018.3/common/technology/xilinx/common/xilinx.hlp 
Execute         source D:/Xilinx/Vivado/2018.3/common/technology/xilinx/common/target_info.tcl 
Execute         source D:/Xilinx/Vivado/2018.3/common/technology/xilinx/interface/xilinx_interface.hlp 
Execute           source D:/Xilinx/Vivado/2018.3/common/technology/xilinx/interface/maxi.hlp 
Execute           source D:/Xilinx/Vivado/2018.3/common/technology/xilinx/interface/saxilite.hlp 
Execute         source D:/Xilinx/Vivado/2018.3/common/technology/xilinx/common/dsp48.hlp 
Execute       source D:/Xilinx/Vivado/2018.3/common/technology/xilinx/zynq/dsp48e1.hlp 
Execute       get_default_platform 
Execute       config_chip_info -quiet -resource  {SLICE 13300}  {LUT 53200}     {FF 106400} {DSP48E 220}   {BRAM 280}  
Execute       config_chip_info -quiet -speed medium 
Execute       source D:/Xilinx/Vivado/2018.3/common/technology/xilinx/common/xilinx.hlp 
Execute         source D:/Xilinx/Vivado/2018.3/common/technology/xilinx/common/target_info.tcl 
Execute         source D:/Xilinx/Vivado/2018.3/common/technology/xilinx/interface/xilinx_interface.hlp 
Execute           source D:/Xilinx/Vivado/2018.3/common/technology/xilinx/interface/maxi.hlp 
Execute           source D:/Xilinx/Vivado/2018.3/common/technology/xilinx/interface/saxilite.hlp 
Execute         source D:/Xilinx/Vivado/2018.3/common/technology/xilinx/common/dsp48.hlp 
Execute     source D:/Xilinx/Vivado/2018.3/common/technology/xilinx/zynq/zynq.gen 
Execute       source D:/Xilinx/Vivado/2018.3/common/technology/xilinx/common/virtex.gen 
Execute         source D:/Xilinx/Vivado/2018.3/common/technology/xilinx/common/xilinx.gen 
Execute           source D:/Xilinx/Vivado/2018.3/common/technology/xilinx/interface/plb46.gen 
Execute           source D:/Xilinx/Vivado/2018.3/common/technology/xilinx/interface/fsl.gen 
Execute           source D:/Xilinx/Vivado/2018.3/common/technology/xilinx/interface/axi4.gen 
Execute           source D:/Xilinx/Vivado/2018.3/common/technology/xilinx/interface/nativeAXI4.gen 
Execute             source D:/Xilinx/Vivado/2018.3/common/technology/xilinx/interface/saxilite.gen 
Execute             source D:/Xilinx/Vivado/2018.3/common/technology/xilinx/interface/maxi.gen 
Execute           source D:/Xilinx/Vivado/2018.3/common/technology/xilinx/scripts/xilinxcoregen.gen 
Execute           source D:/Xilinx/Vivado/2018.3/common/technology/xilinx/interface/XilEDKCoreGen.gen 
Execute           source D:/Xilinx/Vivado/2018.3/common/technology/xilinx/ip/dds_compiler.gen 
Execute           source D:/Xilinx/Vivado/2018.3/common/technology/xilinx/ip/util.gen 
Execute           source D:/Xilinx/Vivado/2018.3/common/technology/xilinx/ip/xfft.gen 
Execute           source D:/Xilinx/Vivado/2018.3/common/technology/xilinx/ip/xfir.gen 
Execute         source D:/Xilinx/Vivado/2018.3/common/technology/xilinx/common/dsp48.gen 
Execute     open_platform DefaultPlatform 
Execute     import_lib D:/Xilinx/Vivado/2018.3/common/technology/xilinx/zynq/zynq_fpv6 
Execute       source D:/Xilinx/Vivado/2018.3/common/technology/xilinx/common/xilinx_fpv7.lib 
Execute         source D:/Xilinx/Vivado/2018.3/common/technology/xilinx/common/xilinx_hp.lib 
Execute       source D:/Xilinx/Vivado/2018.3/common/technology/xilinx/common/xilinx_fpv.hlp 
Execute         source D:/Xilinx/Vivado/2018.3/common/technology/xilinx/common/xilinx.hlp 
Execute           source D:/Xilinx/Vivado/2018.3/common/technology/xilinx/common/target_info.tcl 
Execute           source D:/Xilinx/Vivado/2018.3/common/technology/xilinx/interface/xilinx_interface.hlp 
Execute             source D:/Xilinx/Vivado/2018.3/common/technology/xilinx/interface/maxi.hlp 
Execute             source D:/Xilinx/Vivado/2018.3/common/technology/xilinx/interface/saxilite.hlp 
Execute           source D:/Xilinx/Vivado/2018.3/common/technology/xilinx/common/dsp48.hlp 
Execute       source D:/Xilinx/Vivado/2018.3/common/technology/xilinx/zynq/zynq_hp.hlp 
Execute     source D:/Xilinx/Vivado/2018.3/common/technology/xilinx/zynq/zynq_fpv6.gen 
Execute       source D:/Xilinx/Vivado/2018.3/common/technology/xilinx/common/xilinx_fpv6.gen 
Execute     set_part xc7z020clg400-2 
Execute       add_library xilinx/zynq/zynq:xc7z020:clg400:-2 
Execute         get_default_platform 
Execute         license_isbetapart xc7z020 
Command         license_isbetapart done; error code: 1; 
Execute         get_default_platform 
Execute         config_chip_info -quiet -resource  {SLICE 13300}  {LUT 53200}     {FF 106400} {DSP48E 220}   {BRAM 280}  
Execute         config_chip_info -quiet -speed medium 
Execute       add_library xilinx/zynq/zynq_fpv6 
Execute         get_default_platform 
INFO: [HLS 200-10] Setting target device to 'xc7z020clg400-2'
Execute       get_default_platform 
Execute     get_default_platform 
Execute     config_chip_info -quiet -resource  {SLICE 13300}  {LUT 53200}     {FF 106400} {DSP48E 220}   {BRAM 280}  
Execute     config_chip_info -quiet -speed medium 
Command   open_solution done; 0.149 sec.
Execute   csim_design -quiet 
INFO: [SIM 211-2] *************** CSIM start ***************
INFO: [SIM 211-4] CSIM will launch GCC as the compiler.
Execute     source csim/.lst_opt.tcl 
Execute     is_encrypted D:/Xilinx/Project/LSTM/lstm_hls/dynamic_quant/dyn_quant/src/main.cpp 
Execute     is_xip D:/Xilinx/Project/LSTM/lstm_hls/dynamic_quant/dyn_quant/src/main.cpp 
Execute     is_encrypted D:/Xilinx/Project/LSTM/lstm_hls/dynamic_quant/dyn_quant/src/test_mixed_precision_lstm.cpp 
Execute     is_xip D:/Xilinx/Project/LSTM/lstm_hls/dynamic_quant/dyn_quant/src/test_mixed_precision_lstm.cpp 
Execute     is_encrypted D:/Xilinx/Project/LSTM/lstm_hls/dynamic_quant/dyn_quant/src/fixed_lstm.cpp 
Execute     is_xip D:/Xilinx/Project/LSTM/lstm_hls/dynamic_quant/dyn_quant/src/fixed_lstm.cpp 
Execute     is_encrypted D:/Xilinx/Project/LSTM/lstm_hls/dynamic_quant/dyn_quant/src/fixed_lstm.h 
Execute     is_xip D:/Xilinx/Project/LSTM/lstm_hls/dynamic_quant/dyn_quant/src/fixed_lstm.h 
Execute     is_encrypted D:/Xilinx/Project/LSTM/lstm_hls/dynamic_quant/dyn_quant/src/infer_fixed.cpp 
Execute     is_xip D:/Xilinx/Project/LSTM/lstm_hls/dynamic_quant/dyn_quant/src/infer_fixed.cpp 
Execute     is_encrypted D:/Xilinx/Project/LSTM/lstm_hls/dynamic_quant/dyn_quant/src/utils.h 
Execute     is_xip D:/Xilinx/Project/LSTM/lstm_hls/dynamic_quant/dyn_quant/src/utils.h 
Execute     is_encrypted D:/Xilinx/Project/LSTM/lstm_hls/dynamic_quant/dyn_quant/src/weight.cpp 
Execute     is_xip D:/Xilinx/Project/LSTM/lstm_hls/dynamic_quant/dyn_quant/src/weight.cpp 
Execute     get_default_platform 
ERROR: [SIM 211-100] 'csim_design' failed: compilation error(s).
INFO: [SIM 211-3] *************** CSIM finish ***************
Command   csim_design done; error code: 2; 4.215 sec.
Command ap_source done; error code: 1; 4.369 sec.
Execute cleanup_all 
INFO-FLOW: Workspace D:/Xilinx/Project/LSTM/lstm_hls/dynamic_quant/dyn_quant/solution1 opened at Sat Apr 05 09:46:07 +0800 2025
Execute     config_clock -quiet -name default -period 10 -default=false 
INFO: [SYN 201-201] Setting up clock 'default' with a period of 10ns.
Execute     open_platform DefaultPlatform 
Execute     import_lib D:/Xilinx/Vivado/2018.3/common/technology/xilinx/zynq/zynq 
Execute       source D:/Xilinx/Vivado/2018.3/common/technology/xilinx/common/xilinx.lib 
Execute         source D:/Xilinx/Vivado/2018.3/common/technology/xilinx/interface/xilinx_interface.lib 
Execute           source D:/Xilinx/Vivado/2018.3/common/technology/xilinx/interface/plb46.lib 
Execute           source D:/Xilinx/Vivado/2018.3/common/technology/xilinx/interface/fsl.lib 
Execute           source D:/Xilinx/Vivado/2018.3/common/technology/xilinx/interface/axi4.lib 
Execute           source D:/Xilinx/Vivado/2018.3/common/technology/xilinx/interface/maxi.lib 
Execute           source D:/Xilinx/Vivado/2018.3/common/technology/xilinx/interface/saxilite.lib 
Execute         source D:/Xilinx/Vivado/2018.3/common/technology/xilinx/common/dsp48.lib 
Execute         source D:/Xilinx/Vivado/2018.3/common/technology/xilinx/ip/dds_compiler.lib 
Execute         source D:/Xilinx/Vivado/2018.3/common/technology/xilinx/ip/xfft.lib 
Execute         source D:/Xilinx/Vivado/2018.3/common/technology/xilinx/ip/xfir.lib 
Execute       source D:/Xilinx/Vivado/2018.3/common/technology/xilinx/common/xilinx_old.lib 
Execute       source D:/Xilinx/Vivado/2018.3/common/technology/xilinx/common/xilinx_vivado.lib 
Execute       source D:/Xilinx/Vivado/2018.3/common/technology/xilinx/common/xilinx.hlp 
Execute         source D:/Xilinx/Vivado/2018.3/common/technology/xilinx/common/target_info.tcl 
Execute         source D:/Xilinx/Vivado/2018.3/common/technology/xilinx/interface/xilinx_interface.hlp 
Execute           source D:/Xilinx/Vivado/2018.3/common/technology/xilinx/interface/maxi.hlp 
Execute           source D:/Xilinx/Vivado/2018.3/common/technology/xilinx/interface/saxilite.hlp 
Execute         source D:/Xilinx/Vivado/2018.3/common/technology/xilinx/common/dsp48.hlp 
Execute       source D:/Xilinx/Vivado/2018.3/common/technology/xilinx/zynq/dsp48e1.hlp 
Execute       get_default_platform 
Execute       config_chip_info -quiet -resource  {SLICE 13300}  {LUT 53200}     {FF 106400} {DSP48E 220}   {BRAM 280}  
Execute       config_chip_info -quiet -speed medium 
Execute       source D:/Xilinx/Vivado/2018.3/common/technology/xilinx/common/xilinx.hlp 
Execute         source D:/Xilinx/Vivado/2018.3/common/technology/xilinx/common/target_info.tcl 
Execute         source D:/Xilinx/Vivado/2018.3/common/technology/xilinx/interface/xilinx_interface.hlp 
Execute           source D:/Xilinx/Vivado/2018.3/common/technology/xilinx/interface/maxi.hlp 
Execute           source D:/Xilinx/Vivado/2018.3/common/technology/xilinx/interface/saxilite.hlp 
Execute         source D:/Xilinx/Vivado/2018.3/common/technology/xilinx/common/dsp48.hlp 
Execute     source D:/Xilinx/Vivado/2018.3/common/technology/xilinx/zynq/zynq.gen 
Execute       source D:/Xilinx/Vivado/2018.3/common/technology/xilinx/common/virtex.gen 
Execute         source D:/Xilinx/Vivado/2018.3/common/technology/xilinx/common/xilinx.gen 
Execute           source D:/Xilinx/Vivado/2018.3/common/technology/xilinx/interface/plb46.gen 
Execute           source D:/Xilinx/Vivado/2018.3/common/technology/xilinx/interface/fsl.gen 
Execute           source D:/Xilinx/Vivado/2018.3/common/technology/xilinx/interface/axi4.gen 
Execute           source D:/Xilinx/Vivado/2018.3/common/technology/xilinx/interface/nativeAXI4.gen 
Execute             source D:/Xilinx/Vivado/2018.3/common/technology/xilinx/interface/saxilite.gen 
Execute             source D:/Xilinx/Vivado/2018.3/common/technology/xilinx/interface/maxi.gen 
Execute           source D:/Xilinx/Vivado/2018.3/common/technology/xilinx/scripts/xilinxcoregen.gen 
Execute           source D:/Xilinx/Vivado/2018.3/common/technology/xilinx/interface/XilEDKCoreGen.gen 
Execute           source D:/Xilinx/Vivado/2018.3/common/technology/xilinx/ip/dds_compiler.gen 
Execute           source D:/Xilinx/Vivado/2018.3/common/technology/xilinx/ip/util.gen 
Execute           source D:/Xilinx/Vivado/2018.3/common/technology/xilinx/ip/xfft.gen 
Execute           source D:/Xilinx/Vivado/2018.3/common/technology/xilinx/ip/xfir.gen 
Execute         source D:/Xilinx/Vivado/2018.3/common/technology/xilinx/common/dsp48.gen 
Execute     open_platform DefaultPlatform 
Execute     import_lib D:/Xilinx/Vivado/2018.3/common/technology/xilinx/zynq/zynq_fpv6 
Execute       source D:/Xilinx/Vivado/2018.3/common/technology/xilinx/common/xilinx_fpv7.lib 
Execute         source D:/Xilinx/Vivado/2018.3/common/technology/xilinx/common/xilinx_hp.lib 
Execute       source D:/Xilinx/Vivado/2018.3/common/technology/xilinx/common/xilinx_fpv.hlp 
Execute         source D:/Xilinx/Vivado/2018.3/common/technology/xilinx/common/xilinx.hlp 
Execute           source D:/Xilinx/Vivado/2018.3/common/technology/xilinx/common/target_info.tcl 
Execute           source D:/Xilinx/Vivado/2018.3/common/technology/xilinx/interface/xilinx_interface.hlp 
Execute             source D:/Xilinx/Vivado/2018.3/common/technology/xilinx/interface/maxi.hlp 
Execute             source D:/Xilinx/Vivado/2018.3/common/technology/xilinx/interface/saxilite.hlp 
Execute           source D:/Xilinx/Vivado/2018.3/common/technology/xilinx/common/dsp48.hlp 
Execute       source D:/Xilinx/Vivado/2018.3/common/technology/xilinx/zynq/zynq_hp.hlp 
Execute     source D:/Xilinx/Vivado/2018.3/common/technology/xilinx/zynq/zynq_fpv6.gen 
Execute       source D:/Xilinx/Vivado/2018.3/common/technology/xilinx/common/xilinx_fpv6.gen 
Execute     set_part xc7z020clg400-2 
Execute       add_library xilinx/zynq/zynq:xc7z020:clg400:-2 
Execute         get_default_platform 
Execute         license_isbetapart xc7z020 
Command         license_isbetapart done; error code: 1; 
Execute         get_default_platform 
Execute         config_chip_info -quiet -resource  {SLICE 13300}  {LUT 53200}     {FF 106400} {DSP48E 220}   {BRAM 280}  
Execute         config_chip_info -quiet -speed medium 
Execute       add_library xilinx/zynq/zynq_fpv6 
Execute         get_default_platform 
INFO: [HLS 200-10] Setting target device to 'xc7z020clg400-2'
Execute       get_default_platform 
Execute     get_default_platform 
Execute     config_chip_info -quiet -resource  {SLICE 13300}  {LUT 53200}     {FF 106400} {DSP48E 220}   {BRAM 280}  
Execute     config_chip_info -quiet -speed medium 
Command   open_solution done; 0.156 sec.
Execute   csim_design -quiet 
INFO: [SIM 211-2] *************** CSIM start ***************
INFO: [SIM 211-4] CSIM will launch GCC as the compiler.
Execute     source csim/.lst_opt.tcl 
Execute     is_encrypted D:/Xilinx/Project/LSTM/lstm_hls/dynamic_quant/dyn_quant/src/main.cpp 
Execute     is_xip D:/Xilinx/Project/LSTM/lstm_hls/dynamic_quant/dyn_quant/src/main.cpp 
Execute     is_encrypted D:/Xilinx/Project/LSTM/lstm_hls/dynamic_quant/dyn_quant/src/test_mixed_precision_lstm.cpp 
Execute     is_xip D:/Xilinx/Project/LSTM/lstm_hls/dynamic_quant/dyn_quant/src/test_mixed_precision_lstm.cpp 
Execute     is_encrypted D:/Xilinx/Project/LSTM/lstm_hls/dynamic_quant/dyn_quant/src/fixed_lstm.cpp 
Execute     is_xip D:/Xilinx/Project/LSTM/lstm_hls/dynamic_quant/dyn_quant/src/fixed_lstm.cpp 
Execute     is_encrypted D:/Xilinx/Project/LSTM/lstm_hls/dynamic_quant/dyn_quant/src/fixed_lstm.h 
Execute     is_xip D:/Xilinx/Project/LSTM/lstm_hls/dynamic_quant/dyn_quant/src/fixed_lstm.h 
Execute     is_encrypted D:/Xilinx/Project/LSTM/lstm_hls/dynamic_quant/dyn_quant/src/infer_fixed.cpp 
Execute     is_xip D:/Xilinx/Project/LSTM/lstm_hls/dynamic_quant/dyn_quant/src/infer_fixed.cpp 
Execute     is_encrypted D:/Xilinx/Project/LSTM/lstm_hls/dynamic_quant/dyn_quant/src/utils.h 
Execute     is_xip D:/Xilinx/Project/LSTM/lstm_hls/dynamic_quant/dyn_quant/src/utils.h 
Execute     is_encrypted D:/Xilinx/Project/LSTM/lstm_hls/dynamic_quant/dyn_quant/src/weight.cpp 
Execute     is_xip D:/Xilinx/Project/LSTM/lstm_hls/dynamic_quant/dyn_quant/src/weight.cpp 
Execute     get_default_platform 
Execute     source run_sim.tcl 
INFO-FLOW: Workspace D:/Xilinx/Project/LSTM/lstm_hls/dynamic_quant/dyn_quant/solution1 opened at Sat Apr 05 09:46:35 +0800 2025
Execute     config_clock -quiet -name default -period 10 -default=false 
INFO: [SYN 201-201] Setting up clock 'default' with a period of 10ns.
Execute     open_platform DefaultPlatform 
Execute     import_lib D:/Xilinx/Vivado/2018.3/common/technology/xilinx/zynq/zynq 
Execute       source D:/Xilinx/Vivado/2018.3/common/technology/xilinx/common/xilinx.lib 
Execute         source D:/Xilinx/Vivado/2018.3/common/technology/xilinx/interface/xilinx_interface.lib 
Execute           source D:/Xilinx/Vivado/2018.3/common/technology/xilinx/interface/plb46.lib 
Execute           source D:/Xilinx/Vivado/2018.3/common/technology/xilinx/interface/fsl.lib 
Execute           source D:/Xilinx/Vivado/2018.3/common/technology/xilinx/interface/axi4.lib 
Execute           source D:/Xilinx/Vivado/2018.3/common/technology/xilinx/interface/maxi.lib 
Execute           source D:/Xilinx/Vivado/2018.3/common/technology/xilinx/interface/saxilite.lib 
Execute         source D:/Xilinx/Vivado/2018.3/common/technology/xilinx/common/dsp48.lib 
Execute         source D:/Xilinx/Vivado/2018.3/common/technology/xilinx/ip/dds_compiler.lib 
Execute         source D:/Xilinx/Vivado/2018.3/common/technology/xilinx/ip/xfft.lib 
Execute         source D:/Xilinx/Vivado/2018.3/common/technology/xilinx/ip/xfir.lib 
Execute       source D:/Xilinx/Vivado/2018.3/common/technology/xilinx/common/xilinx_old.lib 
Execute       source D:/Xilinx/Vivado/2018.3/common/technology/xilinx/common/xilinx_vivado.lib 
Execute       source D:/Xilinx/Vivado/2018.3/common/technology/xilinx/common/xilinx.hlp 
Execute         source D:/Xilinx/Vivado/2018.3/common/technology/xilinx/common/target_info.tcl 
Execute         source D:/Xilinx/Vivado/2018.3/common/technology/xilinx/interface/xilinx_interface.hlp 
Execute           source D:/Xilinx/Vivado/2018.3/common/technology/xilinx/interface/maxi.hlp 
Execute           source D:/Xilinx/Vivado/2018.3/common/technology/xilinx/interface/saxilite.hlp 
Execute         source D:/Xilinx/Vivado/2018.3/common/technology/xilinx/common/dsp48.hlp 
Execute       source D:/Xilinx/Vivado/2018.3/common/technology/xilinx/zynq/dsp48e1.hlp 
Execute       get_default_platform 
Execute       config_chip_info -quiet -resource  {SLICE 13300}  {LUT 53200}     {FF 106400} {DSP48E 220}   {BRAM 280}  
Execute       config_chip_info -quiet -speed medium 
Execute       source D:/Xilinx/Vivado/2018.3/common/technology/xilinx/common/xilinx.hlp 
Execute         source D:/Xilinx/Vivado/2018.3/common/technology/xilinx/common/target_info.tcl 
Execute         source D:/Xilinx/Vivado/2018.3/common/technology/xilinx/interface/xilinx_interface.hlp 
Execute           source D:/Xilinx/Vivado/2018.3/common/technology/xilinx/interface/maxi.hlp 
Execute           source D:/Xilinx/Vivado/2018.3/common/technology/xilinx/interface/saxilite.hlp 
Execute         source D:/Xilinx/Vivado/2018.3/common/technology/xilinx/common/dsp48.hlp 
Execute     source D:/Xilinx/Vivado/2018.3/common/technology/xilinx/zynq/zynq.gen 
Execute       source D:/Xilinx/Vivado/2018.3/common/technology/xilinx/common/virtex.gen 
Execute         source D:/Xilinx/Vivado/2018.3/common/technology/xilinx/common/xilinx.gen 
Execute           source D:/Xilinx/Vivado/2018.3/common/technology/xilinx/interface/plb46.gen 
Execute           source D:/Xilinx/Vivado/2018.3/common/technology/xilinx/interface/fsl.gen 
Execute           source D:/Xilinx/Vivado/2018.3/common/technology/xilinx/interface/axi4.gen 
Execute           source D:/Xilinx/Vivado/2018.3/common/technology/xilinx/interface/nativeAXI4.gen 
Execute             source D:/Xilinx/Vivado/2018.3/common/technology/xilinx/interface/saxilite.gen 
Execute             source D:/Xilinx/Vivado/2018.3/common/technology/xilinx/interface/maxi.gen 
Execute           source D:/Xilinx/Vivado/2018.3/common/technology/xilinx/scripts/xilinxcoregen.gen 
Execute           source D:/Xilinx/Vivado/2018.3/common/technology/xilinx/interface/XilEDKCoreGen.gen 
Execute           source D:/Xilinx/Vivado/2018.3/common/technology/xilinx/ip/dds_compiler.gen 
Execute           source D:/Xilinx/Vivado/2018.3/common/technology/xilinx/ip/util.gen 
Execute           source D:/Xilinx/Vivado/2018.3/common/technology/xilinx/ip/xfft.gen 
Execute           source D:/Xilinx/Vivado/2018.3/common/technology/xilinx/ip/xfir.gen 
Execute         source D:/Xilinx/Vivado/2018.3/common/technology/xilinx/common/dsp48.gen 
Execute     open_platform DefaultPlatform 
Execute     import_lib D:/Xilinx/Vivado/2018.3/common/technology/xilinx/zynq/zynq_fpv6 
Execute       source D:/Xilinx/Vivado/2018.3/common/technology/xilinx/common/xilinx_fpv7.lib 
Execute         source D:/Xilinx/Vivado/2018.3/common/technology/xilinx/common/xilinx_hp.lib 
Execute       source D:/Xilinx/Vivado/2018.3/common/technology/xilinx/common/xilinx_fpv.hlp 
Execute         source D:/Xilinx/Vivado/2018.3/common/technology/xilinx/common/xilinx.hlp 
Execute           source D:/Xilinx/Vivado/2018.3/common/technology/xilinx/common/target_info.tcl 
Execute           source D:/Xilinx/Vivado/2018.3/common/technology/xilinx/interface/xilinx_interface.hlp 
Execute             source D:/Xilinx/Vivado/2018.3/common/technology/xilinx/interface/maxi.hlp 
Execute             source D:/Xilinx/Vivado/2018.3/common/technology/xilinx/interface/saxilite.hlp 
Execute           source D:/Xilinx/Vivado/2018.3/common/technology/xilinx/common/dsp48.hlp 
Execute       source D:/Xilinx/Vivado/2018.3/common/technology/xilinx/zynq/zynq_hp.hlp 
Execute     source D:/Xilinx/Vivado/2018.3/common/technology/xilinx/zynq/zynq_fpv6.gen 
Execute       source D:/Xilinx/Vivado/2018.3/common/technology/xilinx/common/xilinx_fpv6.gen 
Execute     set_part xc7z020clg400-2 
Execute       add_library xilinx/zynq/zynq:xc7z020:clg400:-2 
Execute         get_default_platform 
Execute         license_isbetapart xc7z020 
Command         license_isbetapart done; error code: 1; 
Execute         get_default_platform 
Execute         config_chip_info -quiet -resource  {SLICE 13300}  {LUT 53200}     {FF 106400} {DSP48E 220}   {BRAM 280}  
Execute         config_chip_info -quiet -speed medium 
Execute       add_library xilinx/zynq/zynq_fpv6 
Execute         get_default_platform 
INFO: [HLS 200-10] Setting target device to 'xc7z020clg400-2'
Execute       get_default_platform 
Execute     get_default_platform 
Execute     config_chip_info -quiet -resource  {SLICE 13300}  {LUT 53200}     {FF 106400} {DSP48E 220}   {BRAM 280}  
Execute     config_chip_info -quiet -speed medium 
Command   open_solution done; 0.175 sec.
Execute   csim_design -quiet 
INFO: [SIM 211-2] *************** CSIM start ***************
INFO: [SIM 211-4] CSIM will launch GCC as the compiler.
Execute     source csim/.lst_opt.tcl 
Execute     is_encrypted D:/Xilinx/Project/LSTM/lstm_hls/dynamic_quant/dyn_quant/src/main.cpp 
Execute     is_xip D:/Xilinx/Project/LSTM/lstm_hls/dynamic_quant/dyn_quant/src/main.cpp 
Execute     is_encrypted D:/Xilinx/Project/LSTM/lstm_hls/dynamic_quant/dyn_quant/src/test_mixed_precision_lstm.cpp 
Execute     is_xip D:/Xilinx/Project/LSTM/lstm_hls/dynamic_quant/dyn_quant/src/test_mixed_precision_lstm.cpp 
Execute     is_encrypted D:/Xilinx/Project/LSTM/lstm_hls/dynamic_quant/dyn_quant/src/fixed_lstm.cpp 
Execute     is_xip D:/Xilinx/Project/LSTM/lstm_hls/dynamic_quant/dyn_quant/src/fixed_lstm.cpp 
Execute     is_encrypted D:/Xilinx/Project/LSTM/lstm_hls/dynamic_quant/dyn_quant/src/fixed_lstm.h 
Execute     is_xip D:/Xilinx/Project/LSTM/lstm_hls/dynamic_quant/dyn_quant/src/fixed_lstm.h 
Execute     is_encrypted D:/Xilinx/Project/LSTM/lstm_hls/dynamic_quant/dyn_quant/src/infer_fixed.cpp 
Execute     is_xip D:/Xilinx/Project/LSTM/lstm_hls/dynamic_quant/dyn_quant/src/infer_fixed.cpp 
Execute     is_encrypted D:/Xilinx/Project/LSTM/lstm_hls/dynamic_quant/dyn_quant/src/utils.h 
Execute     is_xip D:/Xilinx/Project/LSTM/lstm_hls/dynamic_quant/dyn_quant/src/utils.h 
Execute     is_encrypted D:/Xilinx/Project/LSTM/lstm_hls/dynamic_quant/dyn_quant/src/weight.cpp 
Execute     is_xip D:/Xilinx/Project/LSTM/lstm_hls/dynamic_quant/dyn_quant/src/weight.cpp 
Execute     get_default_platform 
Execute     source run_sim.tcl 
Command     ap_source done; 1.063 sec.
INFO: [SIM 211-1] CSim done with 0 errors.
INFO: [SIM 211-3] *************** CSIM finish ***************
Command   csim_design done; 6.917 sec.
Command ap_source done; 7.107 sec.
Execute cleanup_all 
INFO-FLOW: Workspace D:/Xilinx/Project/LSTM/lstm_hls/dynamic_quant/dyn_quant/solution1 opened at Sat Apr 05 09:47:39 +0800 2025
Execute     config_clock -quiet -name default -period 10 -default=false 
INFO: [SYN 201-201] Setting up clock 'default' with a period of 10ns.
Execute     open_platform DefaultPlatform 
Execute     import_lib D:/Xilinx/Vivado/2018.3/common/technology/xilinx/zynq/zynq 
Execute       source D:/Xilinx/Vivado/2018.3/common/technology/xilinx/common/xilinx.lib 
Execute         source D:/Xilinx/Vivado/2018.3/common/technology/xilinx/interface/xilinx_interface.lib 
Execute           source D:/Xilinx/Vivado/2018.3/common/technology/xilinx/interface/plb46.lib 
Execute           source D:/Xilinx/Vivado/2018.3/common/technology/xilinx/interface/fsl.lib 
Execute           source D:/Xilinx/Vivado/2018.3/common/technology/xilinx/interface/axi4.lib 
Execute           source D:/Xilinx/Vivado/2018.3/common/technology/xilinx/interface/maxi.lib 
Execute           source D:/Xilinx/Vivado/2018.3/common/technology/xilinx/interface/saxilite.lib 
Execute         source D:/Xilinx/Vivado/2018.3/common/technology/xilinx/common/dsp48.lib 
Execute         source D:/Xilinx/Vivado/2018.3/common/technology/xilinx/ip/dds_compiler.lib 
Execute         source D:/Xilinx/Vivado/2018.3/common/technology/xilinx/ip/xfft.lib 
Execute         source D:/Xilinx/Vivado/2018.3/common/technology/xilinx/ip/xfir.lib 
Execute       source D:/Xilinx/Vivado/2018.3/common/technology/xilinx/common/xilinx_old.lib 
Execute       source D:/Xilinx/Vivado/2018.3/common/technology/xilinx/common/xilinx_vivado.lib 
Execute       source D:/Xilinx/Vivado/2018.3/common/technology/xilinx/common/xilinx.hlp 
Execute         source D:/Xilinx/Vivado/2018.3/common/technology/xilinx/common/target_info.tcl 
Execute         source D:/Xilinx/Vivado/2018.3/common/technology/xilinx/interface/xilinx_interface.hlp 
Execute           source D:/Xilinx/Vivado/2018.3/common/technology/xilinx/interface/maxi.hlp 
Execute           source D:/Xilinx/Vivado/2018.3/common/technology/xilinx/interface/saxilite.hlp 
Execute         source D:/Xilinx/Vivado/2018.3/common/technology/xilinx/common/dsp48.hlp 
Execute       source D:/Xilinx/Vivado/2018.3/common/technology/xilinx/zynq/dsp48e1.hlp 
Execute       get_default_platform 
Execute       config_chip_info -quiet -resource  {SLICE 13300}  {LUT 53200}     {FF 106400} {DSP48E 220}   {BRAM 280}  
Execute       config_chip_info -quiet -speed medium 
Execute       source D:/Xilinx/Vivado/2018.3/common/technology/xilinx/common/xilinx.hlp 
Execute         source D:/Xilinx/Vivado/2018.3/common/technology/xilinx/common/target_info.tcl 
Execute         source D:/Xilinx/Vivado/2018.3/common/technology/xilinx/interface/xilinx_interface.hlp 
Execute           source D:/Xilinx/Vivado/2018.3/common/technology/xilinx/interface/maxi.hlp 
Execute           source D:/Xilinx/Vivado/2018.3/common/technology/xilinx/interface/saxilite.hlp 
Execute         source D:/Xilinx/Vivado/2018.3/common/technology/xilinx/common/dsp48.hlp 
Execute     source D:/Xilinx/Vivado/2018.3/common/technology/xilinx/zynq/zynq.gen 
Execute       source D:/Xilinx/Vivado/2018.3/common/technology/xilinx/common/virtex.gen 
Execute         source D:/Xilinx/Vivado/2018.3/common/technology/xilinx/common/xilinx.gen 
Execute           source D:/Xilinx/Vivado/2018.3/common/technology/xilinx/interface/plb46.gen 
Execute           source D:/Xilinx/Vivado/2018.3/common/technology/xilinx/interface/fsl.gen 
Execute           source D:/Xilinx/Vivado/2018.3/common/technology/xilinx/interface/axi4.gen 
Execute           source D:/Xilinx/Vivado/2018.3/common/technology/xilinx/interface/nativeAXI4.gen 
Execute             source D:/Xilinx/Vivado/2018.3/common/technology/xilinx/interface/saxilite.gen 
Execute             source D:/Xilinx/Vivado/2018.3/common/technology/xilinx/interface/maxi.gen 
Execute           source D:/Xilinx/Vivado/2018.3/common/technology/xilinx/scripts/xilinxcoregen.gen 
Execute           source D:/Xilinx/Vivado/2018.3/common/technology/xilinx/interface/XilEDKCoreGen.gen 
Execute           source D:/Xilinx/Vivado/2018.3/common/technology/xilinx/ip/dds_compiler.gen 
Execute           source D:/Xilinx/Vivado/2018.3/common/technology/xilinx/ip/util.gen 
Execute           source D:/Xilinx/Vivado/2018.3/common/technology/xilinx/ip/xfft.gen 
Execute           source D:/Xilinx/Vivado/2018.3/common/technology/xilinx/ip/xfir.gen 
Execute         source D:/Xilinx/Vivado/2018.3/common/technology/xilinx/common/dsp48.gen 
Execute     open_platform DefaultPlatform 
Execute     import_lib D:/Xilinx/Vivado/2018.3/common/technology/xilinx/zynq/zynq_fpv6 
Execute       source D:/Xilinx/Vivado/2018.3/common/technology/xilinx/common/xilinx_fpv7.lib 
Execute         source D:/Xilinx/Vivado/2018.3/common/technology/xilinx/common/xilinx_hp.lib 
Execute       source D:/Xilinx/Vivado/2018.3/common/technology/xilinx/common/xilinx_fpv.hlp 
Execute         source D:/Xilinx/Vivado/2018.3/common/technology/xilinx/common/xilinx.hlp 
Execute           source D:/Xilinx/Vivado/2018.3/common/technology/xilinx/common/target_info.tcl 
Execute           source D:/Xilinx/Vivado/2018.3/common/technology/xilinx/interface/xilinx_interface.hlp 
Execute             source D:/Xilinx/Vivado/2018.3/common/technology/xilinx/interface/maxi.hlp 
Execute             source D:/Xilinx/Vivado/2018.3/common/technology/xilinx/interface/saxilite.hlp 
Execute           source D:/Xilinx/Vivado/2018.3/common/technology/xilinx/common/dsp48.hlp 
Execute       source D:/Xilinx/Vivado/2018.3/common/technology/xilinx/zynq/zynq_hp.hlp 
Execute     source D:/Xilinx/Vivado/2018.3/common/technology/xilinx/zynq/zynq_fpv6.gen 
Execute       source D:/Xilinx/Vivado/2018.3/common/technology/xilinx/common/xilinx_fpv6.gen 
Execute     set_part xc7z020clg400-2 
Execute       add_library xilinx/zynq/zynq:xc7z020:clg400:-2 
Execute         get_default_platform 
Execute         license_isbetapart xc7z020 
Command         license_isbetapart done; error code: 1; 
Execute         get_default_platform 
Execute         config_chip_info -quiet -resource  {SLICE 13300}  {LUT 53200}     {FF 106400} {DSP48E 220}   {BRAM 280}  
Execute         config_chip_info -quiet -speed medium 
Execute       add_library xilinx/zynq/zynq_fpv6 
Execute         get_default_platform 
INFO: [HLS 200-10] Setting target device to 'xc7z020clg400-2'
Execute       get_default_platform 
Execute     get_default_platform 
Execute     config_chip_info -quiet -resource  {SLICE 13300}  {LUT 53200}     {FF 106400} {DSP48E 220}   {BRAM 280}  
Execute     config_chip_info -quiet -speed medium 
Command   open_solution done; 0.152 sec.
Execute   csim_design -quiet 
INFO: [SIM 211-2] *************** CSIM start ***************
INFO: [SIM 211-4] CSIM will launch GCC as the compiler.
Execute     source csim/.lst_opt.tcl 
Execute     is_encrypted D:/Xilinx/Project/LSTM/lstm_hls/dynamic_quant/dyn_quant/src/main.cpp 
Execute     is_xip D:/Xilinx/Project/LSTM/lstm_hls/dynamic_quant/dyn_quant/src/main.cpp 
Execute     is_encrypted D:/Xilinx/Project/LSTM/lstm_hls/dynamic_quant/dyn_quant/src/test_mixed_precision_lstm.cpp 
Execute     is_xip D:/Xilinx/Project/LSTM/lstm_hls/dynamic_quant/dyn_quant/src/test_mixed_precision_lstm.cpp 
Execute     is_encrypted D:/Xilinx/Project/LSTM/lstm_hls/dynamic_quant/dyn_quant/src/fixed_lstm.cpp 
Execute     is_xip D:/Xilinx/Project/LSTM/lstm_hls/dynamic_quant/dyn_quant/src/fixed_lstm.cpp 
Execute     is_encrypted D:/Xilinx/Project/LSTM/lstm_hls/dynamic_quant/dyn_quant/src/fixed_lstm.h 
Execute     is_xip D:/Xilinx/Project/LSTM/lstm_hls/dynamic_quant/dyn_quant/src/fixed_lstm.h 
Execute     is_encrypted D:/Xilinx/Project/LSTM/lstm_hls/dynamic_quant/dyn_quant/src/infer_fixed.cpp 
Execute     is_xip D:/Xilinx/Project/LSTM/lstm_hls/dynamic_quant/dyn_quant/src/infer_fixed.cpp 
Execute     is_encrypted D:/Xilinx/Project/LSTM/lstm_hls/dynamic_quant/dyn_quant/src/utils.h 
Execute     is_xip D:/Xilinx/Project/LSTM/lstm_hls/dynamic_quant/dyn_quant/src/utils.h 
Execute     is_encrypted D:/Xilinx/Project/LSTM/lstm_hls/dynamic_quant/dyn_quant/src/weight.cpp 
Execute     is_xip D:/Xilinx/Project/LSTM/lstm_hls/dynamic_quant/dyn_quant/src/weight.cpp 
Execute     get_default_platform 
Execute     source run_sim.tcl 
Command     ap_source done; 1.229 sec.
INFO: [SIM 211-1] CSim done with 0 errors.
INFO: [SIM 211-3] *************** CSIM finish ***************
Command   csim_design done; 6.963 sec.
Command ap_source done; 7.119 sec.
Execute cleanup_all 
INFO-FLOW: Workspace D:/Xilinx/Project/LSTM/lstm_hls/dynamic_quant/dyn_quant/solution1 opened at Sat Apr 05 09:48:17 +0800 2025
Execute     config_clock -quiet -name default -period 10 -default=false 
INFO: [SYN 201-201] Setting up clock 'default' with a period of 10ns.
Execute     open_platform DefaultPlatform 
Execute     import_lib D:/Xilinx/Vivado/2018.3/common/technology/xilinx/zynq/zynq 
Execute       source D:/Xilinx/Vivado/2018.3/common/technology/xilinx/common/xilinx.lib 
Execute         source D:/Xilinx/Vivado/2018.3/common/technology/xilinx/interface/xilinx_interface.lib 
Execute           source D:/Xilinx/Vivado/2018.3/common/technology/xilinx/interface/plb46.lib 
Execute           source D:/Xilinx/Vivado/2018.3/common/technology/xilinx/interface/fsl.lib 
Execute           source D:/Xilinx/Vivado/2018.3/common/technology/xilinx/interface/axi4.lib 
Execute           source D:/Xilinx/Vivado/2018.3/common/technology/xilinx/interface/maxi.lib 
Execute           source D:/Xilinx/Vivado/2018.3/common/technology/xilinx/interface/saxilite.lib 
Execute         source D:/Xilinx/Vivado/2018.3/common/technology/xilinx/common/dsp48.lib 
Execute         source D:/Xilinx/Vivado/2018.3/common/technology/xilinx/ip/dds_compiler.lib 
Execute         source D:/Xilinx/Vivado/2018.3/common/technology/xilinx/ip/xfft.lib 
Execute         source D:/Xilinx/Vivado/2018.3/common/technology/xilinx/ip/xfir.lib 
Execute       source D:/Xilinx/Vivado/2018.3/common/technology/xilinx/common/xilinx_old.lib 
Execute       source D:/Xilinx/Vivado/2018.3/common/technology/xilinx/common/xilinx_vivado.lib 
Execute       source D:/Xilinx/Vivado/2018.3/common/technology/xilinx/common/xilinx.hlp 
Execute         source D:/Xilinx/Vivado/2018.3/common/technology/xilinx/common/target_info.tcl 
Execute         source D:/Xilinx/Vivado/2018.3/common/technology/xilinx/interface/xilinx_interface.hlp 
Execute           source D:/Xilinx/Vivado/2018.3/common/technology/xilinx/interface/maxi.hlp 
Execute           source D:/Xilinx/Vivado/2018.3/common/technology/xilinx/interface/saxilite.hlp 
Execute         source D:/Xilinx/Vivado/2018.3/common/technology/xilinx/common/dsp48.hlp 
Execute       source D:/Xilinx/Vivado/2018.3/common/technology/xilinx/zynq/dsp48e1.hlp 
Execute       get_default_platform 
Execute       config_chip_info -quiet -resource  {SLICE 13300}  {LUT 53200}     {FF 106400} {DSP48E 220}   {BRAM 280}  
Execute       config_chip_info -quiet -speed medium 
Execute       source D:/Xilinx/Vivado/2018.3/common/technology/xilinx/common/xilinx.hlp 
Execute         source D:/Xilinx/Vivado/2018.3/common/technology/xilinx/common/target_info.tcl 
Execute         source D:/Xilinx/Vivado/2018.3/common/technology/xilinx/interface/xilinx_interface.hlp 
Execute           source D:/Xilinx/Vivado/2018.3/common/technology/xilinx/interface/maxi.hlp 
Execute           source D:/Xilinx/Vivado/2018.3/common/technology/xilinx/interface/saxilite.hlp 
Execute         source D:/Xilinx/Vivado/2018.3/common/technology/xilinx/common/dsp48.hlp 
Execute     source D:/Xilinx/Vivado/2018.3/common/technology/xilinx/zynq/zynq.gen 
Execute       source D:/Xilinx/Vivado/2018.3/common/technology/xilinx/common/virtex.gen 
Execute         source D:/Xilinx/Vivado/2018.3/common/technology/xilinx/common/xilinx.gen 
Execute           source D:/Xilinx/Vivado/2018.3/common/technology/xilinx/interface/plb46.gen 
Execute           source D:/Xilinx/Vivado/2018.3/common/technology/xilinx/interface/fsl.gen 
Execute           source D:/Xilinx/Vivado/2018.3/common/technology/xilinx/interface/axi4.gen 
Execute           source D:/Xilinx/Vivado/2018.3/common/technology/xilinx/interface/nativeAXI4.gen 
Execute             source D:/Xilinx/Vivado/2018.3/common/technology/xilinx/interface/saxilite.gen 
Execute             source D:/Xilinx/Vivado/2018.3/common/technology/xilinx/interface/maxi.gen 
Execute           source D:/Xilinx/Vivado/2018.3/common/technology/xilinx/scripts/xilinxcoregen.gen 
Execute           source D:/Xilinx/Vivado/2018.3/common/technology/xilinx/interface/XilEDKCoreGen.gen 
Execute           source D:/Xilinx/Vivado/2018.3/common/technology/xilinx/ip/dds_compiler.gen 
Execute           source D:/Xilinx/Vivado/2018.3/common/technology/xilinx/ip/util.gen 
Execute           source D:/Xilinx/Vivado/2018.3/common/technology/xilinx/ip/xfft.gen 
Execute           source D:/Xilinx/Vivado/2018.3/common/technology/xilinx/ip/xfir.gen 
Execute         source D:/Xilinx/Vivado/2018.3/common/technology/xilinx/common/dsp48.gen 
Execute     open_platform DefaultPlatform 
Execute     import_lib D:/Xilinx/Vivado/2018.3/common/technology/xilinx/zynq/zynq_fpv6 
Execute       source D:/Xilinx/Vivado/2018.3/common/technology/xilinx/common/xilinx_fpv7.lib 
Execute         source D:/Xilinx/Vivado/2018.3/common/technology/xilinx/common/xilinx_hp.lib 
Execute       source D:/Xilinx/Vivado/2018.3/common/technology/xilinx/common/xilinx_fpv.hlp 
Execute         source D:/Xilinx/Vivado/2018.3/common/technology/xilinx/common/xilinx.hlp 
Execute           source D:/Xilinx/Vivado/2018.3/common/technology/xilinx/common/target_info.tcl 
Execute           source D:/Xilinx/Vivado/2018.3/common/technology/xilinx/interface/xilinx_interface.hlp 
Execute             source D:/Xilinx/Vivado/2018.3/common/technology/xilinx/interface/maxi.hlp 
Execute             source D:/Xilinx/Vivado/2018.3/common/technology/xilinx/interface/saxilite.hlp 
Execute           source D:/Xilinx/Vivado/2018.3/common/technology/xilinx/common/dsp48.hlp 
Execute       source D:/Xilinx/Vivado/2018.3/common/technology/xilinx/zynq/zynq_hp.hlp 
Execute     source D:/Xilinx/Vivado/2018.3/common/technology/xilinx/zynq/zynq_fpv6.gen 
Execute       source D:/Xilinx/Vivado/2018.3/common/technology/xilinx/common/xilinx_fpv6.gen 
Execute     set_part xc7z020clg400-2 
Execute       add_library xilinx/zynq/zynq:xc7z020:clg400:-2 
Execute         get_default_platform 
Execute         license_isbetapart xc7z020 
Command         license_isbetapart done; error code: 1; 
Execute         get_default_platform 
Execute         config_chip_info -quiet -resource  {SLICE 13300}  {LUT 53200}     {FF 106400} {DSP48E 220}   {BRAM 280}  
Execute         config_chip_info -quiet -speed medium 
Execute       add_library xilinx/zynq/zynq_fpv6 
Execute         get_default_platform 
INFO: [HLS 200-10] Setting target device to 'xc7z020clg400-2'
Execute       get_default_platform 
Execute     get_default_platform 
Execute     config_chip_info -quiet -resource  {SLICE 13300}  {LUT 53200}     {FF 106400} {DSP48E 220}   {BRAM 280}  
Execute     config_chip_info -quiet -speed medium 
Command   open_solution done; 0.154 sec.
Execute   csim_design -quiet 
INFO: [SIM 211-2] *************** CSIM start ***************
INFO: [SIM 211-4] CSIM will launch GCC as the compiler.
Execute     source csim/.lst_opt.tcl 
Execute     is_encrypted D:/Xilinx/Project/LSTM/lstm_hls/dynamic_quant/dyn_quant/src/main.cpp 
Execute     is_xip D:/Xilinx/Project/LSTM/lstm_hls/dynamic_quant/dyn_quant/src/main.cpp 
Execute     is_encrypted D:/Xilinx/Project/LSTM/lstm_hls/dynamic_quant/dyn_quant/src/test_mixed_precision_lstm.cpp 
Execute     is_xip D:/Xilinx/Project/LSTM/lstm_hls/dynamic_quant/dyn_quant/src/test_mixed_precision_lstm.cpp 
Execute     is_encrypted D:/Xilinx/Project/LSTM/lstm_hls/dynamic_quant/dyn_quant/src/fixed_lstm.cpp 
Execute     is_xip D:/Xilinx/Project/LSTM/lstm_hls/dynamic_quant/dyn_quant/src/fixed_lstm.cpp 
Execute     is_encrypted D:/Xilinx/Project/LSTM/lstm_hls/dynamic_quant/dyn_quant/src/fixed_lstm.h 
Execute     is_xip D:/Xilinx/Project/LSTM/lstm_hls/dynamic_quant/dyn_quant/src/fixed_lstm.h 
Execute     is_encrypted D:/Xilinx/Project/LSTM/lstm_hls/dynamic_quant/dyn_quant/src/infer_fixed.cpp 
Execute     is_xip D:/Xilinx/Project/LSTM/lstm_hls/dynamic_quant/dyn_quant/src/infer_fixed.cpp 
Execute     is_encrypted D:/Xilinx/Project/LSTM/lstm_hls/dynamic_quant/dyn_quant/src/utils.h 
Execute     is_xip D:/Xilinx/Project/LSTM/lstm_hls/dynamic_quant/dyn_quant/src/utils.h 
Execute     is_encrypted D:/Xilinx/Project/LSTM/lstm_hls/dynamic_quant/dyn_quant/src/weight.cpp 
Execute     is_xip D:/Xilinx/Project/LSTM/lstm_hls/dynamic_quant/dyn_quant/src/weight.cpp 
Execute     get_default_platform 
Execute     source run_sim.tcl 
Command     ap_source done; 275.318 sec.
INFO: [SIM 211-1] CSim done with 0 errors.
INFO: [SIM 211-3] *************** CSIM finish ***************
Command   csim_design done; 281.065 sec.
Command ap_source done; 281.224 sec.
Execute cleanup_all 
