

================================================================
== Vivado HLS Report for 'compute_bilstm'
================================================================
* Date:           Sat Apr 19 01:58:07 2025

* Version:        2018.3 (Build 2405991 on Thu Dec 06 23:56:15 MST 2018)
* Project:        bi_lstm
* Solution:       solution1
* Product family: zynq
* Target device:  xc7z020clg400-2


================================================================
== Performance Estimates
================================================================
+ Timing (ns): 
    * Summary: 
    +--------+-------+----------+------------+
    |  Clock | Target| Estimated| Uncertainty|
    +--------+-------+----------+------------+
    |ap_clk  |  10.00|     9.760|        1.25|
    +--------+-------+----------+------------+

+ Latency (clock cycles): 
    * Summary: 
    +-----+--------+-----+--------+----------+
    |    Latency   |   Interval   | Pipeline |
    | min |   max  | min |   max  |   Type   |
    +-----+--------+-----+--------+----------+
    |   15|  114950|    9|  114944| dataflow |
    +-----+--------+-----+--------+----------+

    + Detail: 
        * Instance: 
        +----------------------------------------+----------------------+-----+--------+-----+--------+---------+
        |                                        |                      |    Latency   |   Interval   | Pipeline|
        |                Instance                |        Module        | min |   max  | min |   max  |   Type  |
        +----------------------------------------+----------------------+-----+--------+-----+--------+---------+
        |grp_lstm_backward_fu_204                |lstm_backward         |    8|  110625|    8|  110625|   none  |
        |grp_lstm_forward_fu_281                 |lstm_forward          |    8|  114943|    8|  114943|   none  |
        |grp_merge_output_fu_358                 |merge_output          |    6|       6|    6|       6|   none  |
        |StgValue_7_compute_bilstm_entry_fu_478  |compute_bilstm_entry  |    0|       0|    0|       0|   none  |
        +----------------------------------------+----------------------+-----+--------+-----+--------+---------+

        * Loop: 
        N/A

============================================================
+ Verbose Summary: Synthesis Manager
============================================================
InlineROM: 1
ExposeGlobal: 0
============================================================
+ Verbose Summary: CDFG Model
============================================================
IsTopModel: 0
ResetActiveHigh: 1
IsCombinational: 2
IsDatapathOnly: 0
HasWiredReturn: 1
HasMFsm: 0
HasVarLatency: 1
IsPipeline: 0
IsRtlPipelined: 0
IsInstanceOverlapped: 0
IsDontTouch: 0
HasImplIP: 0
IsGatedGlobalClock: 0


============================================================
+ Verbose Summary: Schedule
============================================================
* Number of FSM states : 4
* Pipeline : 0
* Dataflow Pipeline: 1
  DF-Pipeline-0: Size = 4, States = { 1 2 3 4 }

* FSM state transitions: 
1 --> 
	2  / true
2 --> 
	3  / true
3 --> 
	4  / true
4 --> 

* FSM state operations: 

State 1 <SV = 0> <Delay = 0.00>
ST_1 : Operation 5 [1/1] (0.00ns)   --->   "%valid_len_c10_i = alloca i7, align 1" [bi_lstm/src/rnn.cpp:249]   --->   Operation 5 'alloca' 'valid_len_c10_i' <Predicate = true> <Delay = 0.00> <Core = "FIFO">   --->   Core 32 'FIFO' <Latency = 0> <II = 1> <Delay = 3.40> <Storage> <Opcode : 'read' 'write' 'nbread' 'nbwrite'> <Ports = 0> <Width = 7> <Depth = 2> <FIFO>
ST_1 : Operation 6 [1/1] (0.00ns)   --->   "%valid_len_c_i = alloca i7, align 1" [bi_lstm/src/rnn.cpp:249]   --->   Operation 6 'alloca' 'valid_len_c_i' <Predicate = true> <Delay = 0.00> <Core = "FIFO">   --->   Core 32 'FIFO' <Latency = 0> <II = 1> <Delay = 3.40> <Storage> <Opcode : 'read' 'write' 'nbread' 'nbwrite'> <Ports = 0> <Width = 7> <Depth = 2> <FIFO>
ST_1 : Operation 7 [1/1] (0.00ns)   --->   "call fastcc void @compute_bilstm.entry(i7* nocapture %valid_len, i7* %valid_len_c_i, i7* %valid_len_c10_i)" [bi_lstm/src/rnn.cpp:249]   --->   Operation 7 'call' <Predicate = true> <Delay = 0.00> <CoreType = "Generic">   --->   Core 0 '' <Latency = 0> <II = 1> <Delay = 1.00> <Generic> <Opcode : >

State 2 <SV = 1> <Delay = 0.00>
ST_2 : Operation 8 [2/2] (0.00ns)   --->   "%call_ret = call fastcc { i16, i16, i16, i16, i16, i16, i16, i16, i16, i16, i16, i16, i16, i16, i16, i16, i16, i16, i16, i16, i16, i16, i16, i16, i16, i16, i16, i16, i16, i16, i16, i16, i16, i16, i16, i16, i16, i16, i16, i16, i16, i16, i16, i16, i16, i16, i16, i16, i16, i16 } @lstm_forward([3900 x i16]* %input_f_V, i7* %valid_len_c_i)" [bi_lstm/src/rnn.cpp:257]   --->   Operation 8 'call' 'call_ret' <Predicate = true> <Delay = 0.00> <CoreType = "Generic">   --->   Core 0 '' <Latency = 0> <II = 1> <Delay = 1.00> <Generic> <Opcode : >
ST_2 : Operation 9 [2/2] (0.00ns)   --->   "%call_ret1 = call fastcc { i16, i16, i16, i16, i16, i16, i16, i16, i16, i16, i16, i16, i16, i16, i16, i16, i16, i16, i16, i16, i16, i16, i16, i16, i16, i16, i16, i16, i16, i16, i16, i16, i16, i16, i16, i16, i16, i16, i16, i16, i16, i16, i16, i16, i16, i16, i16, i16, i16, i16 } @lstm_backward([3900 x i16]* %input_b_V, i7* %valid_len_c10_i)" [bi_lstm/src/rnn.cpp:258]   --->   Operation 9 'call' 'call_ret1' <Predicate = true> <Delay = 0.00> <CoreType = "Generic">   --->   Core 0 '' <Latency = 0> <II = 1> <Delay = 1.00> <Generic> <Opcode : >

State 3 <SV = 2> <Delay = 3.51>
ST_3 : Operation 10 [1/2] (1.75ns)   --->   "%call_ret = call fastcc { i16, i16, i16, i16, i16, i16, i16, i16, i16, i16, i16, i16, i16, i16, i16, i16, i16, i16, i16, i16, i16, i16, i16, i16, i16, i16, i16, i16, i16, i16, i16, i16, i16, i16, i16, i16, i16, i16, i16, i16, i16, i16, i16, i16, i16, i16, i16, i16, i16, i16 } @lstm_forward([3900 x i16]* %input_f_V, i7* %valid_len_c_i)" [bi_lstm/src/rnn.cpp:257]   --->   Operation 10 'call' 'call_ret' <Predicate = true> <Delay = 1.75> <CoreType = "Generic">   --->   Core 0 '' <Latency = 0> <II = 1> <Delay = 1.00> <Generic> <Opcode : >
ST_3 : Operation 11 [1/1] (0.00ns)   --->   "%h_f_0_0_V = extractvalue { i16, i16, i16, i16, i16, i16, i16, i16, i16, i16, i16, i16, i16, i16, i16, i16, i16, i16, i16, i16, i16, i16, i16, i16, i16, i16, i16, i16, i16, i16, i16, i16, i16, i16, i16, i16, i16, i16, i16, i16, i16, i16, i16, i16, i16, i16, i16, i16, i16, i16 } %call_ret, 0" [bi_lstm/src/rnn.cpp:257]   --->   Operation 11 'extractvalue' 'h_f_0_0_V' <Predicate = true> <Delay = 0.00> <Core = "FIFO">   --->   Core 32 'FIFO' <Latency = 0> <II = 1> <Delay = 3.40> <Storage> <Opcode : 'read' 'write' 'nbread' 'nbwrite'> <Ports = 0> <Width = 7> <Depth = 2> <FIFO>
ST_3 : Operation 12 [1/1] (0.00ns)   --->   "%h_f_0_1_V = extractvalue { i16, i16, i16, i16, i16, i16, i16, i16, i16, i16, i16, i16, i16, i16, i16, i16, i16, i16, i16, i16, i16, i16, i16, i16, i16, i16, i16, i16, i16, i16, i16, i16, i16, i16, i16, i16, i16, i16, i16, i16, i16, i16, i16, i16, i16, i16, i16, i16, i16, i16 } %call_ret, 1" [bi_lstm/src/rnn.cpp:257]   --->   Operation 12 'extractvalue' 'h_f_0_1_V' <Predicate = true> <Delay = 0.00> <Core = "FIFO">   --->   Core 32 'FIFO' <Latency = 0> <II = 1> <Delay = 3.40> <Storage> <Opcode : 'read' 'write' 'nbread' 'nbwrite'> <Ports = 0> <Width = 7> <Depth = 2> <FIFO>
ST_3 : Operation 13 [1/1] (0.00ns)   --->   "%h_f_0_2_V = extractvalue { i16, i16, i16, i16, i16, i16, i16, i16, i16, i16, i16, i16, i16, i16, i16, i16, i16, i16, i16, i16, i16, i16, i16, i16, i16, i16, i16, i16, i16, i16, i16, i16, i16, i16, i16, i16, i16, i16, i16, i16, i16, i16, i16, i16, i16, i16, i16, i16, i16, i16 } %call_ret, 2" [bi_lstm/src/rnn.cpp:257]   --->   Operation 13 'extractvalue' 'h_f_0_2_V' <Predicate = true> <Delay = 0.00> <Core = "FIFO">   --->   Core 32 'FIFO' <Latency = 0> <II = 1> <Delay = 3.40> <Storage> <Opcode : 'read' 'write' 'nbread' 'nbwrite'> <Ports = 0> <Width = 7> <Depth = 2> <FIFO>
ST_3 : Operation 14 [1/1] (0.00ns)   --->   "%h_f_0_3_V = extractvalue { i16, i16, i16, i16, i16, i16, i16, i16, i16, i16, i16, i16, i16, i16, i16, i16, i16, i16, i16, i16, i16, i16, i16, i16, i16, i16, i16, i16, i16, i16, i16, i16, i16, i16, i16, i16, i16, i16, i16, i16, i16, i16, i16, i16, i16, i16, i16, i16, i16, i16 } %call_ret, 3" [bi_lstm/src/rnn.cpp:257]   --->   Operation 14 'extractvalue' 'h_f_0_3_V' <Predicate = true> <Delay = 0.00> <Core = "FIFO">   --->   Core 32 'FIFO' <Latency = 0> <II = 1> <Delay = 3.40> <Storage> <Opcode : 'read' 'write' 'nbread' 'nbwrite'> <Ports = 0> <Width = 7> <Depth = 2> <FIFO>
ST_3 : Operation 15 [1/1] (0.00ns)   --->   "%h_f_0_4_V = extractvalue { i16, i16, i16, i16, i16, i16, i16, i16, i16, i16, i16, i16, i16, i16, i16, i16, i16, i16, i16, i16, i16, i16, i16, i16, i16, i16, i16, i16, i16, i16, i16, i16, i16, i16, i16, i16, i16, i16, i16, i16, i16, i16, i16, i16, i16, i16, i16, i16, i16, i16 } %call_ret, 4" [bi_lstm/src/rnn.cpp:257]   --->   Operation 15 'extractvalue' 'h_f_0_4_V' <Predicate = true> <Delay = 0.00> <Core = "FIFO">   --->   Core 32 'FIFO' <Latency = 0> <II = 1> <Delay = 3.40> <Storage> <Opcode : 'read' 'write' 'nbread' 'nbwrite'> <Ports = 0> <Width = 7> <Depth = 2> <FIFO>
ST_3 : Operation 16 [1/1] (0.00ns)   --->   "%h_f_0_5_V = extractvalue { i16, i16, i16, i16, i16, i16, i16, i16, i16, i16, i16, i16, i16, i16, i16, i16, i16, i16, i16, i16, i16, i16, i16, i16, i16, i16, i16, i16, i16, i16, i16, i16, i16, i16, i16, i16, i16, i16, i16, i16, i16, i16, i16, i16, i16, i16, i16, i16, i16, i16 } %call_ret, 5" [bi_lstm/src/rnn.cpp:257]   --->   Operation 16 'extractvalue' 'h_f_0_5_V' <Predicate = true> <Delay = 0.00> <Core = "FIFO">   --->   Core 32 'FIFO' <Latency = 0> <II = 1> <Delay = 3.40> <Storage> <Opcode : 'read' 'write' 'nbread' 'nbwrite'> <Ports = 0> <Width = 7> <Depth = 2> <FIFO>
ST_3 : Operation 17 [1/1] (0.00ns)   --->   "%h_f_0_6_V = extractvalue { i16, i16, i16, i16, i16, i16, i16, i16, i16, i16, i16, i16, i16, i16, i16, i16, i16, i16, i16, i16, i16, i16, i16, i16, i16, i16, i16, i16, i16, i16, i16, i16, i16, i16, i16, i16, i16, i16, i16, i16, i16, i16, i16, i16, i16, i16, i16, i16, i16, i16 } %call_ret, 6" [bi_lstm/src/rnn.cpp:257]   --->   Operation 17 'extractvalue' 'h_f_0_6_V' <Predicate = true> <Delay = 0.00> <Core = "FIFO">   --->   Core 32 'FIFO' <Latency = 0> <II = 1> <Delay = 3.40> <Storage> <Opcode : 'read' 'write' 'nbread' 'nbwrite'> <Ports = 0> <Width = 7> <Depth = 2> <FIFO>
ST_3 : Operation 18 [1/1] (0.00ns)   --->   "%h_f_1_0_V = extractvalue { i16, i16, i16, i16, i16, i16, i16, i16, i16, i16, i16, i16, i16, i16, i16, i16, i16, i16, i16, i16, i16, i16, i16, i16, i16, i16, i16, i16, i16, i16, i16, i16, i16, i16, i16, i16, i16, i16, i16, i16, i16, i16, i16, i16, i16, i16, i16, i16, i16, i16 } %call_ret, 7" [bi_lstm/src/rnn.cpp:257]   --->   Operation 18 'extractvalue' 'h_f_1_0_V' <Predicate = true> <Delay = 0.00> <Core = "FIFO">   --->   Core 32 'FIFO' <Latency = 0> <II = 1> <Delay = 3.40> <Storage> <Opcode : 'read' 'write' 'nbread' 'nbwrite'> <Ports = 0> <Width = 7> <Depth = 2> <FIFO>
ST_3 : Operation 19 [1/1] (0.00ns)   --->   "%h_f_1_1_V = extractvalue { i16, i16, i16, i16, i16, i16, i16, i16, i16, i16, i16, i16, i16, i16, i16, i16, i16, i16, i16, i16, i16, i16, i16, i16, i16, i16, i16, i16, i16, i16, i16, i16, i16, i16, i16, i16, i16, i16, i16, i16, i16, i16, i16, i16, i16, i16, i16, i16, i16, i16 } %call_ret, 8" [bi_lstm/src/rnn.cpp:257]   --->   Operation 19 'extractvalue' 'h_f_1_1_V' <Predicate = true> <Delay = 0.00> <Core = "FIFO">   --->   Core 32 'FIFO' <Latency = 0> <II = 1> <Delay = 3.40> <Storage> <Opcode : 'read' 'write' 'nbread' 'nbwrite'> <Ports = 0> <Width = 7> <Depth = 2> <FIFO>
ST_3 : Operation 20 [1/1] (0.00ns)   --->   "%h_f_1_2_V = extractvalue { i16, i16, i16, i16, i16, i16, i16, i16, i16, i16, i16, i16, i16, i16, i16, i16, i16, i16, i16, i16, i16, i16, i16, i16, i16, i16, i16, i16, i16, i16, i16, i16, i16, i16, i16, i16, i16, i16, i16, i16, i16, i16, i16, i16, i16, i16, i16, i16, i16, i16 } %call_ret, 9" [bi_lstm/src/rnn.cpp:257]   --->   Operation 20 'extractvalue' 'h_f_1_2_V' <Predicate = true> <Delay = 0.00> <Core = "FIFO">   --->   Core 32 'FIFO' <Latency = 0> <II = 1> <Delay = 3.40> <Storage> <Opcode : 'read' 'write' 'nbread' 'nbwrite'> <Ports = 0> <Width = 7> <Depth = 2> <FIFO>
ST_3 : Operation 21 [1/1] (0.00ns)   --->   "%h_f_1_3_V = extractvalue { i16, i16, i16, i16, i16, i16, i16, i16, i16, i16, i16, i16, i16, i16, i16, i16, i16, i16, i16, i16, i16, i16, i16, i16, i16, i16, i16, i16, i16, i16, i16, i16, i16, i16, i16, i16, i16, i16, i16, i16, i16, i16, i16, i16, i16, i16, i16, i16, i16, i16 } %call_ret, 10" [bi_lstm/src/rnn.cpp:257]   --->   Operation 21 'extractvalue' 'h_f_1_3_V' <Predicate = true> <Delay = 0.00> <Core = "FIFO">   --->   Core 32 'FIFO' <Latency = 0> <II = 1> <Delay = 3.40> <Storage> <Opcode : 'read' 'write' 'nbread' 'nbwrite'> <Ports = 0> <Width = 7> <Depth = 2> <FIFO>
ST_3 : Operation 22 [1/1] (0.00ns)   --->   "%h_f_1_4_V = extractvalue { i16, i16, i16, i16, i16, i16, i16, i16, i16, i16, i16, i16, i16, i16, i16, i16, i16, i16, i16, i16, i16, i16, i16, i16, i16, i16, i16, i16, i16, i16, i16, i16, i16, i16, i16, i16, i16, i16, i16, i16, i16, i16, i16, i16, i16, i16, i16, i16, i16, i16 } %call_ret, 11" [bi_lstm/src/rnn.cpp:257]   --->   Operation 22 'extractvalue' 'h_f_1_4_V' <Predicate = true> <Delay = 0.00> <Core = "FIFO">   --->   Core 32 'FIFO' <Latency = 0> <II = 1> <Delay = 3.40> <Storage> <Opcode : 'read' 'write' 'nbread' 'nbwrite'> <Ports = 0> <Width = 7> <Depth = 2> <FIFO>
ST_3 : Operation 23 [1/1] (0.00ns)   --->   "%h_f_1_5_V = extractvalue { i16, i16, i16, i16, i16, i16, i16, i16, i16, i16, i16, i16, i16, i16, i16, i16, i16, i16, i16, i16, i16, i16, i16, i16, i16, i16, i16, i16, i16, i16, i16, i16, i16, i16, i16, i16, i16, i16, i16, i16, i16, i16, i16, i16, i16, i16, i16, i16, i16, i16 } %call_ret, 12" [bi_lstm/src/rnn.cpp:257]   --->   Operation 23 'extractvalue' 'h_f_1_5_V' <Predicate = true> <Delay = 0.00> <Core = "FIFO">   --->   Core 32 'FIFO' <Latency = 0> <II = 1> <Delay = 3.40> <Storage> <Opcode : 'read' 'write' 'nbread' 'nbwrite'> <Ports = 0> <Width = 7> <Depth = 2> <FIFO>
ST_3 : Operation 24 [1/1] (0.00ns)   --->   "%h_f_1_6_V = extractvalue { i16, i16, i16, i16, i16, i16, i16, i16, i16, i16, i16, i16, i16, i16, i16, i16, i16, i16, i16, i16, i16, i16, i16, i16, i16, i16, i16, i16, i16, i16, i16, i16, i16, i16, i16, i16, i16, i16, i16, i16, i16, i16, i16, i16, i16, i16, i16, i16, i16, i16 } %call_ret, 13" [bi_lstm/src/rnn.cpp:257]   --->   Operation 24 'extractvalue' 'h_f_1_6_V' <Predicate = true> <Delay = 0.00> <Core = "FIFO">   --->   Core 32 'FIFO' <Latency = 0> <II = 1> <Delay = 3.40> <Storage> <Opcode : 'read' 'write' 'nbread' 'nbwrite'> <Ports = 0> <Width = 7> <Depth = 2> <FIFO>
ST_3 : Operation 25 [1/1] (0.00ns)   --->   "%h_f_2_0_V = extractvalue { i16, i16, i16, i16, i16, i16, i16, i16, i16, i16, i16, i16, i16, i16, i16, i16, i16, i16, i16, i16, i16, i16, i16, i16, i16, i16, i16, i16, i16, i16, i16, i16, i16, i16, i16, i16, i16, i16, i16, i16, i16, i16, i16, i16, i16, i16, i16, i16, i16, i16 } %call_ret, 14" [bi_lstm/src/rnn.cpp:257]   --->   Operation 25 'extractvalue' 'h_f_2_0_V' <Predicate = true> <Delay = 0.00> <Core = "FIFO">   --->   Core 32 'FIFO' <Latency = 0> <II = 1> <Delay = 3.40> <Storage> <Opcode : 'read' 'write' 'nbread' 'nbwrite'> <Ports = 0> <Width = 7> <Depth = 2> <FIFO>
ST_3 : Operation 26 [1/1] (0.00ns)   --->   "%h_f_2_1_V = extractvalue { i16, i16, i16, i16, i16, i16, i16, i16, i16, i16, i16, i16, i16, i16, i16, i16, i16, i16, i16, i16, i16, i16, i16, i16, i16, i16, i16, i16, i16, i16, i16, i16, i16, i16, i16, i16, i16, i16, i16, i16, i16, i16, i16, i16, i16, i16, i16, i16, i16, i16 } %call_ret, 15" [bi_lstm/src/rnn.cpp:257]   --->   Operation 26 'extractvalue' 'h_f_2_1_V' <Predicate = true> <Delay = 0.00> <Core = "FIFO">   --->   Core 32 'FIFO' <Latency = 0> <II = 1> <Delay = 3.40> <Storage> <Opcode : 'read' 'write' 'nbread' 'nbwrite'> <Ports = 0> <Width = 7> <Depth = 2> <FIFO>
ST_3 : Operation 27 [1/1] (0.00ns)   --->   "%h_f_2_2_V = extractvalue { i16, i16, i16, i16, i16, i16, i16, i16, i16, i16, i16, i16, i16, i16, i16, i16, i16, i16, i16, i16, i16, i16, i16, i16, i16, i16, i16, i16, i16, i16, i16, i16, i16, i16, i16, i16, i16, i16, i16, i16, i16, i16, i16, i16, i16, i16, i16, i16, i16, i16 } %call_ret, 16" [bi_lstm/src/rnn.cpp:257]   --->   Operation 27 'extractvalue' 'h_f_2_2_V' <Predicate = true> <Delay = 0.00> <Core = "FIFO">   --->   Core 32 'FIFO' <Latency = 0> <II = 1> <Delay = 3.40> <Storage> <Opcode : 'read' 'write' 'nbread' 'nbwrite'> <Ports = 0> <Width = 7> <Depth = 2> <FIFO>
ST_3 : Operation 28 [1/1] (0.00ns)   --->   "%h_f_2_3_V = extractvalue { i16, i16, i16, i16, i16, i16, i16, i16, i16, i16, i16, i16, i16, i16, i16, i16, i16, i16, i16, i16, i16, i16, i16, i16, i16, i16, i16, i16, i16, i16, i16, i16, i16, i16, i16, i16, i16, i16, i16, i16, i16, i16, i16, i16, i16, i16, i16, i16, i16, i16 } %call_ret, 17" [bi_lstm/src/rnn.cpp:257]   --->   Operation 28 'extractvalue' 'h_f_2_3_V' <Predicate = true> <Delay = 0.00> <Core = "FIFO">   --->   Core 32 'FIFO' <Latency = 0> <II = 1> <Delay = 3.40> <Storage> <Opcode : 'read' 'write' 'nbread' 'nbwrite'> <Ports = 0> <Width = 7> <Depth = 2> <FIFO>
ST_3 : Operation 29 [1/1] (0.00ns)   --->   "%h_f_2_4_V = extractvalue { i16, i16, i16, i16, i16, i16, i16, i16, i16, i16, i16, i16, i16, i16, i16, i16, i16, i16, i16, i16, i16, i16, i16, i16, i16, i16, i16, i16, i16, i16, i16, i16, i16, i16, i16, i16, i16, i16, i16, i16, i16, i16, i16, i16, i16, i16, i16, i16, i16, i16 } %call_ret, 18" [bi_lstm/src/rnn.cpp:257]   --->   Operation 29 'extractvalue' 'h_f_2_4_V' <Predicate = true> <Delay = 0.00> <Core = "FIFO">   --->   Core 32 'FIFO' <Latency = 0> <II = 1> <Delay = 3.40> <Storage> <Opcode : 'read' 'write' 'nbread' 'nbwrite'> <Ports = 0> <Width = 7> <Depth = 2> <FIFO>
ST_3 : Operation 30 [1/1] (0.00ns)   --->   "%h_f_2_5_V = extractvalue { i16, i16, i16, i16, i16, i16, i16, i16, i16, i16, i16, i16, i16, i16, i16, i16, i16, i16, i16, i16, i16, i16, i16, i16, i16, i16, i16, i16, i16, i16, i16, i16, i16, i16, i16, i16, i16, i16, i16, i16, i16, i16, i16, i16, i16, i16, i16, i16, i16, i16 } %call_ret, 19" [bi_lstm/src/rnn.cpp:257]   --->   Operation 30 'extractvalue' 'h_f_2_5_V' <Predicate = true> <Delay = 0.00> <Core = "FIFO">   --->   Core 32 'FIFO' <Latency = 0> <II = 1> <Delay = 3.40> <Storage> <Opcode : 'read' 'write' 'nbread' 'nbwrite'> <Ports = 0> <Width = 7> <Depth = 2> <FIFO>
ST_3 : Operation 31 [1/1] (0.00ns)   --->   "%h_f_3_0_V = extractvalue { i16, i16, i16, i16, i16, i16, i16, i16, i16, i16, i16, i16, i16, i16, i16, i16, i16, i16, i16, i16, i16, i16, i16, i16, i16, i16, i16, i16, i16, i16, i16, i16, i16, i16, i16, i16, i16, i16, i16, i16, i16, i16, i16, i16, i16, i16, i16, i16, i16, i16 } %call_ret, 20" [bi_lstm/src/rnn.cpp:257]   --->   Operation 31 'extractvalue' 'h_f_3_0_V' <Predicate = true> <Delay = 0.00> <Core = "FIFO">   --->   Core 32 'FIFO' <Latency = 0> <II = 1> <Delay = 3.40> <Storage> <Opcode : 'read' 'write' 'nbread' 'nbwrite'> <Ports = 0> <Width = 7> <Depth = 2> <FIFO>
ST_3 : Operation 32 [1/1] (0.00ns)   --->   "%h_f_3_1_V = extractvalue { i16, i16, i16, i16, i16, i16, i16, i16, i16, i16, i16, i16, i16, i16, i16, i16, i16, i16, i16, i16, i16, i16, i16, i16, i16, i16, i16, i16, i16, i16, i16, i16, i16, i16, i16, i16, i16, i16, i16, i16, i16, i16, i16, i16, i16, i16, i16, i16, i16, i16 } %call_ret, 21" [bi_lstm/src/rnn.cpp:257]   --->   Operation 32 'extractvalue' 'h_f_3_1_V' <Predicate = true> <Delay = 0.00> <Core = "FIFO">   --->   Core 32 'FIFO' <Latency = 0> <II = 1> <Delay = 3.40> <Storage> <Opcode : 'read' 'write' 'nbread' 'nbwrite'> <Ports = 0> <Width = 7> <Depth = 2> <FIFO>
ST_3 : Operation 33 [1/1] (0.00ns)   --->   "%h_f_3_2_V = extractvalue { i16, i16, i16, i16, i16, i16, i16, i16, i16, i16, i16, i16, i16, i16, i16, i16, i16, i16, i16, i16, i16, i16, i16, i16, i16, i16, i16, i16, i16, i16, i16, i16, i16, i16, i16, i16, i16, i16, i16, i16, i16, i16, i16, i16, i16, i16, i16, i16, i16, i16 } %call_ret, 22" [bi_lstm/src/rnn.cpp:257]   --->   Operation 33 'extractvalue' 'h_f_3_2_V' <Predicate = true> <Delay = 0.00> <Core = "FIFO">   --->   Core 32 'FIFO' <Latency = 0> <II = 1> <Delay = 3.40> <Storage> <Opcode : 'read' 'write' 'nbread' 'nbwrite'> <Ports = 0> <Width = 7> <Depth = 2> <FIFO>
ST_3 : Operation 34 [1/1] (0.00ns)   --->   "%h_f_3_3_V = extractvalue { i16, i16, i16, i16, i16, i16, i16, i16, i16, i16, i16, i16, i16, i16, i16, i16, i16, i16, i16, i16, i16, i16, i16, i16, i16, i16, i16, i16, i16, i16, i16, i16, i16, i16, i16, i16, i16, i16, i16, i16, i16, i16, i16, i16, i16, i16, i16, i16, i16, i16 } %call_ret, 23" [bi_lstm/src/rnn.cpp:257]   --->   Operation 34 'extractvalue' 'h_f_3_3_V' <Predicate = true> <Delay = 0.00> <Core = "FIFO">   --->   Core 32 'FIFO' <Latency = 0> <II = 1> <Delay = 3.40> <Storage> <Opcode : 'read' 'write' 'nbread' 'nbwrite'> <Ports = 0> <Width = 7> <Depth = 2> <FIFO>
ST_3 : Operation 35 [1/1] (0.00ns)   --->   "%h_f_3_4_V = extractvalue { i16, i16, i16, i16, i16, i16, i16, i16, i16, i16, i16, i16, i16, i16, i16, i16, i16, i16, i16, i16, i16, i16, i16, i16, i16, i16, i16, i16, i16, i16, i16, i16, i16, i16, i16, i16, i16, i16, i16, i16, i16, i16, i16, i16, i16, i16, i16, i16, i16, i16 } %call_ret, 24" [bi_lstm/src/rnn.cpp:257]   --->   Operation 35 'extractvalue' 'h_f_3_4_V' <Predicate = true> <Delay = 0.00> <Core = "FIFO">   --->   Core 32 'FIFO' <Latency = 0> <II = 1> <Delay = 3.40> <Storage> <Opcode : 'read' 'write' 'nbread' 'nbwrite'> <Ports = 0> <Width = 7> <Depth = 2> <FIFO>
ST_3 : Operation 36 [1/1] (0.00ns)   --->   "%h_f_3_5_V = extractvalue { i16, i16, i16, i16, i16, i16, i16, i16, i16, i16, i16, i16, i16, i16, i16, i16, i16, i16, i16, i16, i16, i16, i16, i16, i16, i16, i16, i16, i16, i16, i16, i16, i16, i16, i16, i16, i16, i16, i16, i16, i16, i16, i16, i16, i16, i16, i16, i16, i16, i16 } %call_ret, 25" [bi_lstm/src/rnn.cpp:257]   --->   Operation 36 'extractvalue' 'h_f_3_5_V' <Predicate = true> <Delay = 0.00> <Core = "FIFO">   --->   Core 32 'FIFO' <Latency = 0> <II = 1> <Delay = 3.40> <Storage> <Opcode : 'read' 'write' 'nbread' 'nbwrite'> <Ports = 0> <Width = 7> <Depth = 2> <FIFO>
ST_3 : Operation 37 [1/1] (0.00ns)   --->   "%h_f_4_0_V = extractvalue { i16, i16, i16, i16, i16, i16, i16, i16, i16, i16, i16, i16, i16, i16, i16, i16, i16, i16, i16, i16, i16, i16, i16, i16, i16, i16, i16, i16, i16, i16, i16, i16, i16, i16, i16, i16, i16, i16, i16, i16, i16, i16, i16, i16, i16, i16, i16, i16, i16, i16 } %call_ret, 26" [bi_lstm/src/rnn.cpp:257]   --->   Operation 37 'extractvalue' 'h_f_4_0_V' <Predicate = true> <Delay = 0.00> <Core = "FIFO">   --->   Core 32 'FIFO' <Latency = 0> <II = 1> <Delay = 3.40> <Storage> <Opcode : 'read' 'write' 'nbread' 'nbwrite'> <Ports = 0> <Width = 7> <Depth = 2> <FIFO>
ST_3 : Operation 38 [1/1] (0.00ns)   --->   "%h_f_4_1_V = extractvalue { i16, i16, i16, i16, i16, i16, i16, i16, i16, i16, i16, i16, i16, i16, i16, i16, i16, i16, i16, i16, i16, i16, i16, i16, i16, i16, i16, i16, i16, i16, i16, i16, i16, i16, i16, i16, i16, i16, i16, i16, i16, i16, i16, i16, i16, i16, i16, i16, i16, i16 } %call_ret, 27" [bi_lstm/src/rnn.cpp:257]   --->   Operation 38 'extractvalue' 'h_f_4_1_V' <Predicate = true> <Delay = 0.00> <Core = "FIFO">   --->   Core 32 'FIFO' <Latency = 0> <II = 1> <Delay = 3.40> <Storage> <Opcode : 'read' 'write' 'nbread' 'nbwrite'> <Ports = 0> <Width = 7> <Depth = 2> <FIFO>
ST_3 : Operation 39 [1/1] (0.00ns)   --->   "%h_f_4_2_V = extractvalue { i16, i16, i16, i16, i16, i16, i16, i16, i16, i16, i16, i16, i16, i16, i16, i16, i16, i16, i16, i16, i16, i16, i16, i16, i16, i16, i16, i16, i16, i16, i16, i16, i16, i16, i16, i16, i16, i16, i16, i16, i16, i16, i16, i16, i16, i16, i16, i16, i16, i16 } %call_ret, 28" [bi_lstm/src/rnn.cpp:257]   --->   Operation 39 'extractvalue' 'h_f_4_2_V' <Predicate = true> <Delay = 0.00> <Core = "FIFO">   --->   Core 32 'FIFO' <Latency = 0> <II = 1> <Delay = 3.40> <Storage> <Opcode : 'read' 'write' 'nbread' 'nbwrite'> <Ports = 0> <Width = 7> <Depth = 2> <FIFO>
ST_3 : Operation 40 [1/1] (0.00ns)   --->   "%h_f_4_3_V = extractvalue { i16, i16, i16, i16, i16, i16, i16, i16, i16, i16, i16, i16, i16, i16, i16, i16, i16, i16, i16, i16, i16, i16, i16, i16, i16, i16, i16, i16, i16, i16, i16, i16, i16, i16, i16, i16, i16, i16, i16, i16, i16, i16, i16, i16, i16, i16, i16, i16, i16, i16 } %call_ret, 29" [bi_lstm/src/rnn.cpp:257]   --->   Operation 40 'extractvalue' 'h_f_4_3_V' <Predicate = true> <Delay = 0.00> <Core = "FIFO">   --->   Core 32 'FIFO' <Latency = 0> <II = 1> <Delay = 3.40> <Storage> <Opcode : 'read' 'write' 'nbread' 'nbwrite'> <Ports = 0> <Width = 7> <Depth = 2> <FIFO>
ST_3 : Operation 41 [1/1] (0.00ns)   --->   "%h_f_4_4_V = extractvalue { i16, i16, i16, i16, i16, i16, i16, i16, i16, i16, i16, i16, i16, i16, i16, i16, i16, i16, i16, i16, i16, i16, i16, i16, i16, i16, i16, i16, i16, i16, i16, i16, i16, i16, i16, i16, i16, i16, i16, i16, i16, i16, i16, i16, i16, i16, i16, i16, i16, i16 } %call_ret, 30" [bi_lstm/src/rnn.cpp:257]   --->   Operation 41 'extractvalue' 'h_f_4_4_V' <Predicate = true> <Delay = 0.00> <Core = "FIFO">   --->   Core 32 'FIFO' <Latency = 0> <II = 1> <Delay = 3.40> <Storage> <Opcode : 'read' 'write' 'nbread' 'nbwrite'> <Ports = 0> <Width = 7> <Depth = 2> <FIFO>
ST_3 : Operation 42 [1/1] (0.00ns)   --->   "%h_f_4_5_V = extractvalue { i16, i16, i16, i16, i16, i16, i16, i16, i16, i16, i16, i16, i16, i16, i16, i16, i16, i16, i16, i16, i16, i16, i16, i16, i16, i16, i16, i16, i16, i16, i16, i16, i16, i16, i16, i16, i16, i16, i16, i16, i16, i16, i16, i16, i16, i16, i16, i16, i16, i16 } %call_ret, 31" [bi_lstm/src/rnn.cpp:257]   --->   Operation 42 'extractvalue' 'h_f_4_5_V' <Predicate = true> <Delay = 0.00> <Core = "FIFO">   --->   Core 32 'FIFO' <Latency = 0> <II = 1> <Delay = 3.40> <Storage> <Opcode : 'read' 'write' 'nbread' 'nbwrite'> <Ports = 0> <Width = 7> <Depth = 2> <FIFO>
ST_3 : Operation 43 [1/1] (0.00ns)   --->   "%h_f_5_0_V = extractvalue { i16, i16, i16, i16, i16, i16, i16, i16, i16, i16, i16, i16, i16, i16, i16, i16, i16, i16, i16, i16, i16, i16, i16, i16, i16, i16, i16, i16, i16, i16, i16, i16, i16, i16, i16, i16, i16, i16, i16, i16, i16, i16, i16, i16, i16, i16, i16, i16, i16, i16 } %call_ret, 32" [bi_lstm/src/rnn.cpp:257]   --->   Operation 43 'extractvalue' 'h_f_5_0_V' <Predicate = true> <Delay = 0.00> <Core = "FIFO">   --->   Core 32 'FIFO' <Latency = 0> <II = 1> <Delay = 3.40> <Storage> <Opcode : 'read' 'write' 'nbread' 'nbwrite'> <Ports = 0> <Width = 7> <Depth = 2> <FIFO>
ST_3 : Operation 44 [1/1] (0.00ns)   --->   "%h_f_5_1_V = extractvalue { i16, i16, i16, i16, i16, i16, i16, i16, i16, i16, i16, i16, i16, i16, i16, i16, i16, i16, i16, i16, i16, i16, i16, i16, i16, i16, i16, i16, i16, i16, i16, i16, i16, i16, i16, i16, i16, i16, i16, i16, i16, i16, i16, i16, i16, i16, i16, i16, i16, i16 } %call_ret, 33" [bi_lstm/src/rnn.cpp:257]   --->   Operation 44 'extractvalue' 'h_f_5_1_V' <Predicate = true> <Delay = 0.00> <Core = "FIFO">   --->   Core 32 'FIFO' <Latency = 0> <II = 1> <Delay = 3.40> <Storage> <Opcode : 'read' 'write' 'nbread' 'nbwrite'> <Ports = 0> <Width = 7> <Depth = 2> <FIFO>
ST_3 : Operation 45 [1/1] (0.00ns)   --->   "%h_f_5_2_V = extractvalue { i16, i16, i16, i16, i16, i16, i16, i16, i16, i16, i16, i16, i16, i16, i16, i16, i16, i16, i16, i16, i16, i16, i16, i16, i16, i16, i16, i16, i16, i16, i16, i16, i16, i16, i16, i16, i16, i16, i16, i16, i16, i16, i16, i16, i16, i16, i16, i16, i16, i16 } %call_ret, 34" [bi_lstm/src/rnn.cpp:257]   --->   Operation 45 'extractvalue' 'h_f_5_2_V' <Predicate = true> <Delay = 0.00> <Core = "FIFO">   --->   Core 32 'FIFO' <Latency = 0> <II = 1> <Delay = 3.40> <Storage> <Opcode : 'read' 'write' 'nbread' 'nbwrite'> <Ports = 0> <Width = 7> <Depth = 2> <FIFO>
ST_3 : Operation 46 [1/1] (0.00ns)   --->   "%h_f_5_3_V = extractvalue { i16, i16, i16, i16, i16, i16, i16, i16, i16, i16, i16, i16, i16, i16, i16, i16, i16, i16, i16, i16, i16, i16, i16, i16, i16, i16, i16, i16, i16, i16, i16, i16, i16, i16, i16, i16, i16, i16, i16, i16, i16, i16, i16, i16, i16, i16, i16, i16, i16, i16 } %call_ret, 35" [bi_lstm/src/rnn.cpp:257]   --->   Operation 46 'extractvalue' 'h_f_5_3_V' <Predicate = true> <Delay = 0.00> <Core = "FIFO">   --->   Core 32 'FIFO' <Latency = 0> <II = 1> <Delay = 3.40> <Storage> <Opcode : 'read' 'write' 'nbread' 'nbwrite'> <Ports = 0> <Width = 7> <Depth = 2> <FIFO>
ST_3 : Operation 47 [1/1] (0.00ns)   --->   "%h_f_5_4_V = extractvalue { i16, i16, i16, i16, i16, i16, i16, i16, i16, i16, i16, i16, i16, i16, i16, i16, i16, i16, i16, i16, i16, i16, i16, i16, i16, i16, i16, i16, i16, i16, i16, i16, i16, i16, i16, i16, i16, i16, i16, i16, i16, i16, i16, i16, i16, i16, i16, i16, i16, i16 } %call_ret, 36" [bi_lstm/src/rnn.cpp:257]   --->   Operation 47 'extractvalue' 'h_f_5_4_V' <Predicate = true> <Delay = 0.00> <Core = "FIFO">   --->   Core 32 'FIFO' <Latency = 0> <II = 1> <Delay = 3.40> <Storage> <Opcode : 'read' 'write' 'nbread' 'nbwrite'> <Ports = 0> <Width = 7> <Depth = 2> <FIFO>
ST_3 : Operation 48 [1/1] (0.00ns)   --->   "%h_f_5_5_V = extractvalue { i16, i16, i16, i16, i16, i16, i16, i16, i16, i16, i16, i16, i16, i16, i16, i16, i16, i16, i16, i16, i16, i16, i16, i16, i16, i16, i16, i16, i16, i16, i16, i16, i16, i16, i16, i16, i16, i16, i16, i16, i16, i16, i16, i16, i16, i16, i16, i16, i16, i16 } %call_ret, 37" [bi_lstm/src/rnn.cpp:257]   --->   Operation 48 'extractvalue' 'h_f_5_5_V' <Predicate = true> <Delay = 0.00> <Core = "FIFO">   --->   Core 32 'FIFO' <Latency = 0> <II = 1> <Delay = 3.40> <Storage> <Opcode : 'read' 'write' 'nbread' 'nbwrite'> <Ports = 0> <Width = 7> <Depth = 2> <FIFO>
ST_3 : Operation 49 [1/1] (0.00ns)   --->   "%h_f_6_0_V = extractvalue { i16, i16, i16, i16, i16, i16, i16, i16, i16, i16, i16, i16, i16, i16, i16, i16, i16, i16, i16, i16, i16, i16, i16, i16, i16, i16, i16, i16, i16, i16, i16, i16, i16, i16, i16, i16, i16, i16, i16, i16, i16, i16, i16, i16, i16, i16, i16, i16, i16, i16 } %call_ret, 38" [bi_lstm/src/rnn.cpp:257]   --->   Operation 49 'extractvalue' 'h_f_6_0_V' <Predicate = true> <Delay = 0.00> <Core = "FIFO">   --->   Core 32 'FIFO' <Latency = 0> <II = 1> <Delay = 3.40> <Storage> <Opcode : 'read' 'write' 'nbread' 'nbwrite'> <Ports = 0> <Width = 7> <Depth = 2> <FIFO>
ST_3 : Operation 50 [1/1] (0.00ns)   --->   "%h_f_6_1_V = extractvalue { i16, i16, i16, i16, i16, i16, i16, i16, i16, i16, i16, i16, i16, i16, i16, i16, i16, i16, i16, i16, i16, i16, i16, i16, i16, i16, i16, i16, i16, i16, i16, i16, i16, i16, i16, i16, i16, i16, i16, i16, i16, i16, i16, i16, i16, i16, i16, i16, i16, i16 } %call_ret, 39" [bi_lstm/src/rnn.cpp:257]   --->   Operation 50 'extractvalue' 'h_f_6_1_V' <Predicate = true> <Delay = 0.00> <Core = "FIFO">   --->   Core 32 'FIFO' <Latency = 0> <II = 1> <Delay = 3.40> <Storage> <Opcode : 'read' 'write' 'nbread' 'nbwrite'> <Ports = 0> <Width = 7> <Depth = 2> <FIFO>
ST_3 : Operation 51 [1/1] (0.00ns)   --->   "%h_f_6_2_V = extractvalue { i16, i16, i16, i16, i16, i16, i16, i16, i16, i16, i16, i16, i16, i16, i16, i16, i16, i16, i16, i16, i16, i16, i16, i16, i16, i16, i16, i16, i16, i16, i16, i16, i16, i16, i16, i16, i16, i16, i16, i16, i16, i16, i16, i16, i16, i16, i16, i16, i16, i16 } %call_ret, 40" [bi_lstm/src/rnn.cpp:257]   --->   Operation 51 'extractvalue' 'h_f_6_2_V' <Predicate = true> <Delay = 0.00> <Core = "FIFO">   --->   Core 32 'FIFO' <Latency = 0> <II = 1> <Delay = 3.40> <Storage> <Opcode : 'read' 'write' 'nbread' 'nbwrite'> <Ports = 0> <Width = 7> <Depth = 2> <FIFO>
ST_3 : Operation 52 [1/1] (0.00ns)   --->   "%h_f_6_3_V = extractvalue { i16, i16, i16, i16, i16, i16, i16, i16, i16, i16, i16, i16, i16, i16, i16, i16, i16, i16, i16, i16, i16, i16, i16, i16, i16, i16, i16, i16, i16, i16, i16, i16, i16, i16, i16, i16, i16, i16, i16, i16, i16, i16, i16, i16, i16, i16, i16, i16, i16, i16 } %call_ret, 41" [bi_lstm/src/rnn.cpp:257]   --->   Operation 52 'extractvalue' 'h_f_6_3_V' <Predicate = true> <Delay = 0.00> <Core = "FIFO">   --->   Core 32 'FIFO' <Latency = 0> <II = 1> <Delay = 3.40> <Storage> <Opcode : 'read' 'write' 'nbread' 'nbwrite'> <Ports = 0> <Width = 7> <Depth = 2> <FIFO>
ST_3 : Operation 53 [1/1] (0.00ns)   --->   "%h_f_6_4_V = extractvalue { i16, i16, i16, i16, i16, i16, i16, i16, i16, i16, i16, i16, i16, i16, i16, i16, i16, i16, i16, i16, i16, i16, i16, i16, i16, i16, i16, i16, i16, i16, i16, i16, i16, i16, i16, i16, i16, i16, i16, i16, i16, i16, i16, i16, i16, i16, i16, i16, i16, i16 } %call_ret, 42" [bi_lstm/src/rnn.cpp:257]   --->   Operation 53 'extractvalue' 'h_f_6_4_V' <Predicate = true> <Delay = 0.00> <Core = "FIFO">   --->   Core 32 'FIFO' <Latency = 0> <II = 1> <Delay = 3.40> <Storage> <Opcode : 'read' 'write' 'nbread' 'nbwrite'> <Ports = 0> <Width = 7> <Depth = 2> <FIFO>
ST_3 : Operation 54 [1/1] (0.00ns)   --->   "%h_f_6_5_V = extractvalue { i16, i16, i16, i16, i16, i16, i16, i16, i16, i16, i16, i16, i16, i16, i16, i16, i16, i16, i16, i16, i16, i16, i16, i16, i16, i16, i16, i16, i16, i16, i16, i16, i16, i16, i16, i16, i16, i16, i16, i16, i16, i16, i16, i16, i16, i16, i16, i16, i16, i16 } %call_ret, 43" [bi_lstm/src/rnn.cpp:257]   --->   Operation 54 'extractvalue' 'h_f_6_5_V' <Predicate = true> <Delay = 0.00> <Core = "FIFO">   --->   Core 32 'FIFO' <Latency = 0> <II = 1> <Delay = 3.40> <Storage> <Opcode : 'read' 'write' 'nbread' 'nbwrite'> <Ports = 0> <Width = 7> <Depth = 2> <FIFO>
ST_3 : Operation 55 [1/1] (0.00ns)   --->   "%h_f_7_0_V = extractvalue { i16, i16, i16, i16, i16, i16, i16, i16, i16, i16, i16, i16, i16, i16, i16, i16, i16, i16, i16, i16, i16, i16, i16, i16, i16, i16, i16, i16, i16, i16, i16, i16, i16, i16, i16, i16, i16, i16, i16, i16, i16, i16, i16, i16, i16, i16, i16, i16, i16, i16 } %call_ret, 44" [bi_lstm/src/rnn.cpp:257]   --->   Operation 55 'extractvalue' 'h_f_7_0_V' <Predicate = true> <Delay = 0.00> <Core = "FIFO">   --->   Core 32 'FIFO' <Latency = 0> <II = 1> <Delay = 3.40> <Storage> <Opcode : 'read' 'write' 'nbread' 'nbwrite'> <Ports = 0> <Width = 7> <Depth = 2> <FIFO>
ST_3 : Operation 56 [1/1] (0.00ns)   --->   "%h_f_7_1_V = extractvalue { i16, i16, i16, i16, i16, i16, i16, i16, i16, i16, i16, i16, i16, i16, i16, i16, i16, i16, i16, i16, i16, i16, i16, i16, i16, i16, i16, i16, i16, i16, i16, i16, i16, i16, i16, i16, i16, i16, i16, i16, i16, i16, i16, i16, i16, i16, i16, i16, i16, i16 } %call_ret, 45" [bi_lstm/src/rnn.cpp:257]   --->   Operation 56 'extractvalue' 'h_f_7_1_V' <Predicate = true> <Delay = 0.00> <Core = "FIFO">   --->   Core 32 'FIFO' <Latency = 0> <II = 1> <Delay = 3.40> <Storage> <Opcode : 'read' 'write' 'nbread' 'nbwrite'> <Ports = 0> <Width = 7> <Depth = 2> <FIFO>
ST_3 : Operation 57 [1/1] (0.00ns)   --->   "%h_f_7_2_V = extractvalue { i16, i16, i16, i16, i16, i16, i16, i16, i16, i16, i16, i16, i16, i16, i16, i16, i16, i16, i16, i16, i16, i16, i16, i16, i16, i16, i16, i16, i16, i16, i16, i16, i16, i16, i16, i16, i16, i16, i16, i16, i16, i16, i16, i16, i16, i16, i16, i16, i16, i16 } %call_ret, 46" [bi_lstm/src/rnn.cpp:257]   --->   Operation 57 'extractvalue' 'h_f_7_2_V' <Predicate = true> <Delay = 0.00> <Core = "FIFO">   --->   Core 32 'FIFO' <Latency = 0> <II = 1> <Delay = 3.40> <Storage> <Opcode : 'read' 'write' 'nbread' 'nbwrite'> <Ports = 0> <Width = 7> <Depth = 2> <FIFO>
ST_3 : Operation 58 [1/1] (0.00ns)   --->   "%h_f_7_3_V = extractvalue { i16, i16, i16, i16, i16, i16, i16, i16, i16, i16, i16, i16, i16, i16, i16, i16, i16, i16, i16, i16, i16, i16, i16, i16, i16, i16, i16, i16, i16, i16, i16, i16, i16, i16, i16, i16, i16, i16, i16, i16, i16, i16, i16, i16, i16, i16, i16, i16, i16, i16 } %call_ret, 47" [bi_lstm/src/rnn.cpp:257]   --->   Operation 58 'extractvalue' 'h_f_7_3_V' <Predicate = true> <Delay = 0.00> <Core = "FIFO">   --->   Core 32 'FIFO' <Latency = 0> <II = 1> <Delay = 3.40> <Storage> <Opcode : 'read' 'write' 'nbread' 'nbwrite'> <Ports = 0> <Width = 7> <Depth = 2> <FIFO>
ST_3 : Operation 59 [1/1] (0.00ns)   --->   "%h_f_7_4_V = extractvalue { i16, i16, i16, i16, i16, i16, i16, i16, i16, i16, i16, i16, i16, i16, i16, i16, i16, i16, i16, i16, i16, i16, i16, i16, i16, i16, i16, i16, i16, i16, i16, i16, i16, i16, i16, i16, i16, i16, i16, i16, i16, i16, i16, i16, i16, i16, i16, i16, i16, i16 } %call_ret, 48" [bi_lstm/src/rnn.cpp:257]   --->   Operation 59 'extractvalue' 'h_f_7_4_V' <Predicate = true> <Delay = 0.00> <Core = "FIFO">   --->   Core 32 'FIFO' <Latency = 0> <II = 1> <Delay = 3.40> <Storage> <Opcode : 'read' 'write' 'nbread' 'nbwrite'> <Ports = 0> <Width = 7> <Depth = 2> <FIFO>
ST_3 : Operation 60 [1/1] (0.00ns)   --->   "%h_f_7_5_V = extractvalue { i16, i16, i16, i16, i16, i16, i16, i16, i16, i16, i16, i16, i16, i16, i16, i16, i16, i16, i16, i16, i16, i16, i16, i16, i16, i16, i16, i16, i16, i16, i16, i16, i16, i16, i16, i16, i16, i16, i16, i16, i16, i16, i16, i16, i16, i16, i16, i16, i16, i16 } %call_ret, 49" [bi_lstm/src/rnn.cpp:257]   --->   Operation 60 'extractvalue' 'h_f_7_5_V' <Predicate = true> <Delay = 0.00> <Core = "FIFO">   --->   Core 32 'FIFO' <Latency = 0> <II = 1> <Delay = 3.40> <Storage> <Opcode : 'read' 'write' 'nbread' 'nbwrite'> <Ports = 0> <Width = 7> <Depth = 2> <FIFO>
ST_3 : Operation 61 [1/2] (1.75ns)   --->   "%call_ret1 = call fastcc { i16, i16, i16, i16, i16, i16, i16, i16, i16, i16, i16, i16, i16, i16, i16, i16, i16, i16, i16, i16, i16, i16, i16, i16, i16, i16, i16, i16, i16, i16, i16, i16, i16, i16, i16, i16, i16, i16, i16, i16, i16, i16, i16, i16, i16, i16, i16, i16, i16, i16 } @lstm_backward([3900 x i16]* %input_b_V, i7* %valid_len_c10_i)" [bi_lstm/src/rnn.cpp:258]   --->   Operation 61 'call' 'call_ret1' <Predicate = true> <Delay = 1.75> <CoreType = "Generic">   --->   Core 0 '' <Latency = 0> <II = 1> <Delay = 1.00> <Generic> <Opcode : >
ST_3 : Operation 62 [1/1] (0.00ns)   --->   "%h_b_0_0_V = extractvalue { i16, i16, i16, i16, i16, i16, i16, i16, i16, i16, i16, i16, i16, i16, i16, i16, i16, i16, i16, i16, i16, i16, i16, i16, i16, i16, i16, i16, i16, i16, i16, i16, i16, i16, i16, i16, i16, i16, i16, i16, i16, i16, i16, i16, i16, i16, i16, i16, i16, i16 } %call_ret1, 0" [bi_lstm/src/rnn.cpp:258]   --->   Operation 62 'extractvalue' 'h_b_0_0_V' <Predicate = true> <Delay = 0.00> <Core = "FIFO">   --->   Core 32 'FIFO' <Latency = 0> <II = 1> <Delay = 3.40> <Storage> <Opcode : 'read' 'write' 'nbread' 'nbwrite'> <Ports = 0> <Width = 7> <Depth = 2> <FIFO>
ST_3 : Operation 63 [1/1] (0.00ns)   --->   "%h_b_0_1_V = extractvalue { i16, i16, i16, i16, i16, i16, i16, i16, i16, i16, i16, i16, i16, i16, i16, i16, i16, i16, i16, i16, i16, i16, i16, i16, i16, i16, i16, i16, i16, i16, i16, i16, i16, i16, i16, i16, i16, i16, i16, i16, i16, i16, i16, i16, i16, i16, i16, i16, i16, i16 } %call_ret1, 1" [bi_lstm/src/rnn.cpp:258]   --->   Operation 63 'extractvalue' 'h_b_0_1_V' <Predicate = true> <Delay = 0.00> <Core = "FIFO">   --->   Core 32 'FIFO' <Latency = 0> <II = 1> <Delay = 3.40> <Storage> <Opcode : 'read' 'write' 'nbread' 'nbwrite'> <Ports = 0> <Width = 7> <Depth = 2> <FIFO>
ST_3 : Operation 64 [1/1] (0.00ns)   --->   "%h_b_0_2_V = extractvalue { i16, i16, i16, i16, i16, i16, i16, i16, i16, i16, i16, i16, i16, i16, i16, i16, i16, i16, i16, i16, i16, i16, i16, i16, i16, i16, i16, i16, i16, i16, i16, i16, i16, i16, i16, i16, i16, i16, i16, i16, i16, i16, i16, i16, i16, i16, i16, i16, i16, i16 } %call_ret1, 2" [bi_lstm/src/rnn.cpp:258]   --->   Operation 64 'extractvalue' 'h_b_0_2_V' <Predicate = true> <Delay = 0.00> <Core = "FIFO">   --->   Core 32 'FIFO' <Latency = 0> <II = 1> <Delay = 3.40> <Storage> <Opcode : 'read' 'write' 'nbread' 'nbwrite'> <Ports = 0> <Width = 7> <Depth = 2> <FIFO>
ST_3 : Operation 65 [1/1] (0.00ns)   --->   "%h_b_0_3_V = extractvalue { i16, i16, i16, i16, i16, i16, i16, i16, i16, i16, i16, i16, i16, i16, i16, i16, i16, i16, i16, i16, i16, i16, i16, i16, i16, i16, i16, i16, i16, i16, i16, i16, i16, i16, i16, i16, i16, i16, i16, i16, i16, i16, i16, i16, i16, i16, i16, i16, i16, i16 } %call_ret1, 3" [bi_lstm/src/rnn.cpp:258]   --->   Operation 65 'extractvalue' 'h_b_0_3_V' <Predicate = true> <Delay = 0.00> <Core = "FIFO">   --->   Core 32 'FIFO' <Latency = 0> <II = 1> <Delay = 3.40> <Storage> <Opcode : 'read' 'write' 'nbread' 'nbwrite'> <Ports = 0> <Width = 7> <Depth = 2> <FIFO>
ST_3 : Operation 66 [1/1] (0.00ns)   --->   "%h_b_0_4_V = extractvalue { i16, i16, i16, i16, i16, i16, i16, i16, i16, i16, i16, i16, i16, i16, i16, i16, i16, i16, i16, i16, i16, i16, i16, i16, i16, i16, i16, i16, i16, i16, i16, i16, i16, i16, i16, i16, i16, i16, i16, i16, i16, i16, i16, i16, i16, i16, i16, i16, i16, i16 } %call_ret1, 4" [bi_lstm/src/rnn.cpp:258]   --->   Operation 66 'extractvalue' 'h_b_0_4_V' <Predicate = true> <Delay = 0.00> <Core = "FIFO">   --->   Core 32 'FIFO' <Latency = 0> <II = 1> <Delay = 3.40> <Storage> <Opcode : 'read' 'write' 'nbread' 'nbwrite'> <Ports = 0> <Width = 7> <Depth = 2> <FIFO>
ST_3 : Operation 67 [1/1] (0.00ns)   --->   "%h_b_0_5_V = extractvalue { i16, i16, i16, i16, i16, i16, i16, i16, i16, i16, i16, i16, i16, i16, i16, i16, i16, i16, i16, i16, i16, i16, i16, i16, i16, i16, i16, i16, i16, i16, i16, i16, i16, i16, i16, i16, i16, i16, i16, i16, i16, i16, i16, i16, i16, i16, i16, i16, i16, i16 } %call_ret1, 5" [bi_lstm/src/rnn.cpp:258]   --->   Operation 67 'extractvalue' 'h_b_0_5_V' <Predicate = true> <Delay = 0.00> <Core = "FIFO">   --->   Core 32 'FIFO' <Latency = 0> <II = 1> <Delay = 3.40> <Storage> <Opcode : 'read' 'write' 'nbread' 'nbwrite'> <Ports = 0> <Width = 7> <Depth = 2> <FIFO>
ST_3 : Operation 68 [1/1] (0.00ns)   --->   "%h_b_0_6_V = extractvalue { i16, i16, i16, i16, i16, i16, i16, i16, i16, i16, i16, i16, i16, i16, i16, i16, i16, i16, i16, i16, i16, i16, i16, i16, i16, i16, i16, i16, i16, i16, i16, i16, i16, i16, i16, i16, i16, i16, i16, i16, i16, i16, i16, i16, i16, i16, i16, i16, i16, i16 } %call_ret1, 6" [bi_lstm/src/rnn.cpp:258]   --->   Operation 68 'extractvalue' 'h_b_0_6_V' <Predicate = true> <Delay = 0.00> <Core = "FIFO">   --->   Core 32 'FIFO' <Latency = 0> <II = 1> <Delay = 3.40> <Storage> <Opcode : 'read' 'write' 'nbread' 'nbwrite'> <Ports = 0> <Width = 7> <Depth = 2> <FIFO>
ST_3 : Operation 69 [1/1] (0.00ns)   --->   "%h_b_1_0_V = extractvalue { i16, i16, i16, i16, i16, i16, i16, i16, i16, i16, i16, i16, i16, i16, i16, i16, i16, i16, i16, i16, i16, i16, i16, i16, i16, i16, i16, i16, i16, i16, i16, i16, i16, i16, i16, i16, i16, i16, i16, i16, i16, i16, i16, i16, i16, i16, i16, i16, i16, i16 } %call_ret1, 7" [bi_lstm/src/rnn.cpp:258]   --->   Operation 69 'extractvalue' 'h_b_1_0_V' <Predicate = true> <Delay = 0.00> <Core = "FIFO">   --->   Core 32 'FIFO' <Latency = 0> <II = 1> <Delay = 3.40> <Storage> <Opcode : 'read' 'write' 'nbread' 'nbwrite'> <Ports = 0> <Width = 7> <Depth = 2> <FIFO>
ST_3 : Operation 70 [1/1] (0.00ns)   --->   "%h_b_1_1_V = extractvalue { i16, i16, i16, i16, i16, i16, i16, i16, i16, i16, i16, i16, i16, i16, i16, i16, i16, i16, i16, i16, i16, i16, i16, i16, i16, i16, i16, i16, i16, i16, i16, i16, i16, i16, i16, i16, i16, i16, i16, i16, i16, i16, i16, i16, i16, i16, i16, i16, i16, i16 } %call_ret1, 8" [bi_lstm/src/rnn.cpp:258]   --->   Operation 70 'extractvalue' 'h_b_1_1_V' <Predicate = true> <Delay = 0.00> <Core = "FIFO">   --->   Core 32 'FIFO' <Latency = 0> <II = 1> <Delay = 3.40> <Storage> <Opcode : 'read' 'write' 'nbread' 'nbwrite'> <Ports = 0> <Width = 7> <Depth = 2> <FIFO>
ST_3 : Operation 71 [1/1] (0.00ns)   --->   "%h_b_1_2_V = extractvalue { i16, i16, i16, i16, i16, i16, i16, i16, i16, i16, i16, i16, i16, i16, i16, i16, i16, i16, i16, i16, i16, i16, i16, i16, i16, i16, i16, i16, i16, i16, i16, i16, i16, i16, i16, i16, i16, i16, i16, i16, i16, i16, i16, i16, i16, i16, i16, i16, i16, i16 } %call_ret1, 9" [bi_lstm/src/rnn.cpp:258]   --->   Operation 71 'extractvalue' 'h_b_1_2_V' <Predicate = true> <Delay = 0.00> <Core = "FIFO">   --->   Core 32 'FIFO' <Latency = 0> <II = 1> <Delay = 3.40> <Storage> <Opcode : 'read' 'write' 'nbread' 'nbwrite'> <Ports = 0> <Width = 7> <Depth = 2> <FIFO>
ST_3 : Operation 72 [1/1] (0.00ns)   --->   "%h_b_1_3_V = extractvalue { i16, i16, i16, i16, i16, i16, i16, i16, i16, i16, i16, i16, i16, i16, i16, i16, i16, i16, i16, i16, i16, i16, i16, i16, i16, i16, i16, i16, i16, i16, i16, i16, i16, i16, i16, i16, i16, i16, i16, i16, i16, i16, i16, i16, i16, i16, i16, i16, i16, i16 } %call_ret1, 10" [bi_lstm/src/rnn.cpp:258]   --->   Operation 72 'extractvalue' 'h_b_1_3_V' <Predicate = true> <Delay = 0.00> <Core = "FIFO">   --->   Core 32 'FIFO' <Latency = 0> <II = 1> <Delay = 3.40> <Storage> <Opcode : 'read' 'write' 'nbread' 'nbwrite'> <Ports = 0> <Width = 7> <Depth = 2> <FIFO>
ST_3 : Operation 73 [1/1] (0.00ns)   --->   "%h_b_1_4_V = extractvalue { i16, i16, i16, i16, i16, i16, i16, i16, i16, i16, i16, i16, i16, i16, i16, i16, i16, i16, i16, i16, i16, i16, i16, i16, i16, i16, i16, i16, i16, i16, i16, i16, i16, i16, i16, i16, i16, i16, i16, i16, i16, i16, i16, i16, i16, i16, i16, i16, i16, i16 } %call_ret1, 11" [bi_lstm/src/rnn.cpp:258]   --->   Operation 73 'extractvalue' 'h_b_1_4_V' <Predicate = true> <Delay = 0.00> <Core = "FIFO">   --->   Core 32 'FIFO' <Latency = 0> <II = 1> <Delay = 3.40> <Storage> <Opcode : 'read' 'write' 'nbread' 'nbwrite'> <Ports = 0> <Width = 7> <Depth = 2> <FIFO>
ST_3 : Operation 74 [1/1] (0.00ns)   --->   "%h_b_1_5_V = extractvalue { i16, i16, i16, i16, i16, i16, i16, i16, i16, i16, i16, i16, i16, i16, i16, i16, i16, i16, i16, i16, i16, i16, i16, i16, i16, i16, i16, i16, i16, i16, i16, i16, i16, i16, i16, i16, i16, i16, i16, i16, i16, i16, i16, i16, i16, i16, i16, i16, i16, i16 } %call_ret1, 12" [bi_lstm/src/rnn.cpp:258]   --->   Operation 74 'extractvalue' 'h_b_1_5_V' <Predicate = true> <Delay = 0.00> <Core = "FIFO">   --->   Core 32 'FIFO' <Latency = 0> <II = 1> <Delay = 3.40> <Storage> <Opcode : 'read' 'write' 'nbread' 'nbwrite'> <Ports = 0> <Width = 7> <Depth = 2> <FIFO>
ST_3 : Operation 75 [1/1] (0.00ns)   --->   "%h_b_1_6_V = extractvalue { i16, i16, i16, i16, i16, i16, i16, i16, i16, i16, i16, i16, i16, i16, i16, i16, i16, i16, i16, i16, i16, i16, i16, i16, i16, i16, i16, i16, i16, i16, i16, i16, i16, i16, i16, i16, i16, i16, i16, i16, i16, i16, i16, i16, i16, i16, i16, i16, i16, i16 } %call_ret1, 13" [bi_lstm/src/rnn.cpp:258]   --->   Operation 75 'extractvalue' 'h_b_1_6_V' <Predicate = true> <Delay = 0.00> <Core = "FIFO">   --->   Core 32 'FIFO' <Latency = 0> <II = 1> <Delay = 3.40> <Storage> <Opcode : 'read' 'write' 'nbread' 'nbwrite'> <Ports = 0> <Width = 7> <Depth = 2> <FIFO>
ST_3 : Operation 76 [1/1] (0.00ns)   --->   "%h_b_2_0_V = extractvalue { i16, i16, i16, i16, i16, i16, i16, i16, i16, i16, i16, i16, i16, i16, i16, i16, i16, i16, i16, i16, i16, i16, i16, i16, i16, i16, i16, i16, i16, i16, i16, i16, i16, i16, i16, i16, i16, i16, i16, i16, i16, i16, i16, i16, i16, i16, i16, i16, i16, i16 } %call_ret1, 14" [bi_lstm/src/rnn.cpp:258]   --->   Operation 76 'extractvalue' 'h_b_2_0_V' <Predicate = true> <Delay = 0.00> <Core = "FIFO">   --->   Core 32 'FIFO' <Latency = 0> <II = 1> <Delay = 3.40> <Storage> <Opcode : 'read' 'write' 'nbread' 'nbwrite'> <Ports = 0> <Width = 7> <Depth = 2> <FIFO>
ST_3 : Operation 77 [1/1] (0.00ns)   --->   "%h_b_2_1_V = extractvalue { i16, i16, i16, i16, i16, i16, i16, i16, i16, i16, i16, i16, i16, i16, i16, i16, i16, i16, i16, i16, i16, i16, i16, i16, i16, i16, i16, i16, i16, i16, i16, i16, i16, i16, i16, i16, i16, i16, i16, i16, i16, i16, i16, i16, i16, i16, i16, i16, i16, i16 } %call_ret1, 15" [bi_lstm/src/rnn.cpp:258]   --->   Operation 77 'extractvalue' 'h_b_2_1_V' <Predicate = true> <Delay = 0.00> <Core = "FIFO">   --->   Core 32 'FIFO' <Latency = 0> <II = 1> <Delay = 3.40> <Storage> <Opcode : 'read' 'write' 'nbread' 'nbwrite'> <Ports = 0> <Width = 7> <Depth = 2> <FIFO>
ST_3 : Operation 78 [1/1] (0.00ns)   --->   "%h_b_2_2_V = extractvalue { i16, i16, i16, i16, i16, i16, i16, i16, i16, i16, i16, i16, i16, i16, i16, i16, i16, i16, i16, i16, i16, i16, i16, i16, i16, i16, i16, i16, i16, i16, i16, i16, i16, i16, i16, i16, i16, i16, i16, i16, i16, i16, i16, i16, i16, i16, i16, i16, i16, i16 } %call_ret1, 16" [bi_lstm/src/rnn.cpp:258]   --->   Operation 78 'extractvalue' 'h_b_2_2_V' <Predicate = true> <Delay = 0.00> <Core = "FIFO">   --->   Core 32 'FIFO' <Latency = 0> <II = 1> <Delay = 3.40> <Storage> <Opcode : 'read' 'write' 'nbread' 'nbwrite'> <Ports = 0> <Width = 7> <Depth = 2> <FIFO>
ST_3 : Operation 79 [1/1] (0.00ns)   --->   "%h_b_2_3_V = extractvalue { i16, i16, i16, i16, i16, i16, i16, i16, i16, i16, i16, i16, i16, i16, i16, i16, i16, i16, i16, i16, i16, i16, i16, i16, i16, i16, i16, i16, i16, i16, i16, i16, i16, i16, i16, i16, i16, i16, i16, i16, i16, i16, i16, i16, i16, i16, i16, i16, i16, i16 } %call_ret1, 17" [bi_lstm/src/rnn.cpp:258]   --->   Operation 79 'extractvalue' 'h_b_2_3_V' <Predicate = true> <Delay = 0.00> <Core = "FIFO">   --->   Core 32 'FIFO' <Latency = 0> <II = 1> <Delay = 3.40> <Storage> <Opcode : 'read' 'write' 'nbread' 'nbwrite'> <Ports = 0> <Width = 7> <Depth = 2> <FIFO>
ST_3 : Operation 80 [1/1] (0.00ns)   --->   "%h_b_2_4_V = extractvalue { i16, i16, i16, i16, i16, i16, i16, i16, i16, i16, i16, i16, i16, i16, i16, i16, i16, i16, i16, i16, i16, i16, i16, i16, i16, i16, i16, i16, i16, i16, i16, i16, i16, i16, i16, i16, i16, i16, i16, i16, i16, i16, i16, i16, i16, i16, i16, i16, i16, i16 } %call_ret1, 18" [bi_lstm/src/rnn.cpp:258]   --->   Operation 80 'extractvalue' 'h_b_2_4_V' <Predicate = true> <Delay = 0.00> <Core = "FIFO">   --->   Core 32 'FIFO' <Latency = 0> <II = 1> <Delay = 3.40> <Storage> <Opcode : 'read' 'write' 'nbread' 'nbwrite'> <Ports = 0> <Width = 7> <Depth = 2> <FIFO>
ST_3 : Operation 81 [1/1] (0.00ns)   --->   "%h_b_2_5_V = extractvalue { i16, i16, i16, i16, i16, i16, i16, i16, i16, i16, i16, i16, i16, i16, i16, i16, i16, i16, i16, i16, i16, i16, i16, i16, i16, i16, i16, i16, i16, i16, i16, i16, i16, i16, i16, i16, i16, i16, i16, i16, i16, i16, i16, i16, i16, i16, i16, i16, i16, i16 } %call_ret1, 19" [bi_lstm/src/rnn.cpp:258]   --->   Operation 81 'extractvalue' 'h_b_2_5_V' <Predicate = true> <Delay = 0.00> <Core = "FIFO">   --->   Core 32 'FIFO' <Latency = 0> <II = 1> <Delay = 3.40> <Storage> <Opcode : 'read' 'write' 'nbread' 'nbwrite'> <Ports = 0> <Width = 7> <Depth = 2> <FIFO>
ST_3 : Operation 82 [1/1] (0.00ns)   --->   "%h_b_3_0_V = extractvalue { i16, i16, i16, i16, i16, i16, i16, i16, i16, i16, i16, i16, i16, i16, i16, i16, i16, i16, i16, i16, i16, i16, i16, i16, i16, i16, i16, i16, i16, i16, i16, i16, i16, i16, i16, i16, i16, i16, i16, i16, i16, i16, i16, i16, i16, i16, i16, i16, i16, i16 } %call_ret1, 20" [bi_lstm/src/rnn.cpp:258]   --->   Operation 82 'extractvalue' 'h_b_3_0_V' <Predicate = true> <Delay = 0.00> <Core = "FIFO">   --->   Core 32 'FIFO' <Latency = 0> <II = 1> <Delay = 3.40> <Storage> <Opcode : 'read' 'write' 'nbread' 'nbwrite'> <Ports = 0> <Width = 7> <Depth = 2> <FIFO>
ST_3 : Operation 83 [1/1] (0.00ns)   --->   "%h_b_3_1_V = extractvalue { i16, i16, i16, i16, i16, i16, i16, i16, i16, i16, i16, i16, i16, i16, i16, i16, i16, i16, i16, i16, i16, i16, i16, i16, i16, i16, i16, i16, i16, i16, i16, i16, i16, i16, i16, i16, i16, i16, i16, i16, i16, i16, i16, i16, i16, i16, i16, i16, i16, i16 } %call_ret1, 21" [bi_lstm/src/rnn.cpp:258]   --->   Operation 83 'extractvalue' 'h_b_3_1_V' <Predicate = true> <Delay = 0.00> <Core = "FIFO">   --->   Core 32 'FIFO' <Latency = 0> <II = 1> <Delay = 3.40> <Storage> <Opcode : 'read' 'write' 'nbread' 'nbwrite'> <Ports = 0> <Width = 7> <Depth = 2> <FIFO>
ST_3 : Operation 84 [1/1] (0.00ns)   --->   "%h_b_3_2_V = extractvalue { i16, i16, i16, i16, i16, i16, i16, i16, i16, i16, i16, i16, i16, i16, i16, i16, i16, i16, i16, i16, i16, i16, i16, i16, i16, i16, i16, i16, i16, i16, i16, i16, i16, i16, i16, i16, i16, i16, i16, i16, i16, i16, i16, i16, i16, i16, i16, i16, i16, i16 } %call_ret1, 22" [bi_lstm/src/rnn.cpp:258]   --->   Operation 84 'extractvalue' 'h_b_3_2_V' <Predicate = true> <Delay = 0.00> <Core = "FIFO">   --->   Core 32 'FIFO' <Latency = 0> <II = 1> <Delay = 3.40> <Storage> <Opcode : 'read' 'write' 'nbread' 'nbwrite'> <Ports = 0> <Width = 7> <Depth = 2> <FIFO>
ST_3 : Operation 85 [1/1] (0.00ns)   --->   "%h_b_3_3_V = extractvalue { i16, i16, i16, i16, i16, i16, i16, i16, i16, i16, i16, i16, i16, i16, i16, i16, i16, i16, i16, i16, i16, i16, i16, i16, i16, i16, i16, i16, i16, i16, i16, i16, i16, i16, i16, i16, i16, i16, i16, i16, i16, i16, i16, i16, i16, i16, i16, i16, i16, i16 } %call_ret1, 23" [bi_lstm/src/rnn.cpp:258]   --->   Operation 85 'extractvalue' 'h_b_3_3_V' <Predicate = true> <Delay = 0.00> <Core = "FIFO">   --->   Core 32 'FIFO' <Latency = 0> <II = 1> <Delay = 3.40> <Storage> <Opcode : 'read' 'write' 'nbread' 'nbwrite'> <Ports = 0> <Width = 7> <Depth = 2> <FIFO>
ST_3 : Operation 86 [1/1] (0.00ns)   --->   "%h_b_3_4_V = extractvalue { i16, i16, i16, i16, i16, i16, i16, i16, i16, i16, i16, i16, i16, i16, i16, i16, i16, i16, i16, i16, i16, i16, i16, i16, i16, i16, i16, i16, i16, i16, i16, i16, i16, i16, i16, i16, i16, i16, i16, i16, i16, i16, i16, i16, i16, i16, i16, i16, i16, i16 } %call_ret1, 24" [bi_lstm/src/rnn.cpp:258]   --->   Operation 86 'extractvalue' 'h_b_3_4_V' <Predicate = true> <Delay = 0.00> <Core = "FIFO">   --->   Core 32 'FIFO' <Latency = 0> <II = 1> <Delay = 3.40> <Storage> <Opcode : 'read' 'write' 'nbread' 'nbwrite'> <Ports = 0> <Width = 7> <Depth = 2> <FIFO>
ST_3 : Operation 87 [1/1] (0.00ns)   --->   "%h_b_3_5_V = extractvalue { i16, i16, i16, i16, i16, i16, i16, i16, i16, i16, i16, i16, i16, i16, i16, i16, i16, i16, i16, i16, i16, i16, i16, i16, i16, i16, i16, i16, i16, i16, i16, i16, i16, i16, i16, i16, i16, i16, i16, i16, i16, i16, i16, i16, i16, i16, i16, i16, i16, i16 } %call_ret1, 25" [bi_lstm/src/rnn.cpp:258]   --->   Operation 87 'extractvalue' 'h_b_3_5_V' <Predicate = true> <Delay = 0.00> <Core = "FIFO">   --->   Core 32 'FIFO' <Latency = 0> <II = 1> <Delay = 3.40> <Storage> <Opcode : 'read' 'write' 'nbread' 'nbwrite'> <Ports = 0> <Width = 7> <Depth = 2> <FIFO>
ST_3 : Operation 88 [1/1] (0.00ns)   --->   "%h_b_4_0_V = extractvalue { i16, i16, i16, i16, i16, i16, i16, i16, i16, i16, i16, i16, i16, i16, i16, i16, i16, i16, i16, i16, i16, i16, i16, i16, i16, i16, i16, i16, i16, i16, i16, i16, i16, i16, i16, i16, i16, i16, i16, i16, i16, i16, i16, i16, i16, i16, i16, i16, i16, i16 } %call_ret1, 26" [bi_lstm/src/rnn.cpp:258]   --->   Operation 88 'extractvalue' 'h_b_4_0_V' <Predicate = true> <Delay = 0.00> <Core = "FIFO">   --->   Core 32 'FIFO' <Latency = 0> <II = 1> <Delay = 3.40> <Storage> <Opcode : 'read' 'write' 'nbread' 'nbwrite'> <Ports = 0> <Width = 7> <Depth = 2> <FIFO>
ST_3 : Operation 89 [1/1] (0.00ns)   --->   "%h_b_4_1_V = extractvalue { i16, i16, i16, i16, i16, i16, i16, i16, i16, i16, i16, i16, i16, i16, i16, i16, i16, i16, i16, i16, i16, i16, i16, i16, i16, i16, i16, i16, i16, i16, i16, i16, i16, i16, i16, i16, i16, i16, i16, i16, i16, i16, i16, i16, i16, i16, i16, i16, i16, i16 } %call_ret1, 27" [bi_lstm/src/rnn.cpp:258]   --->   Operation 89 'extractvalue' 'h_b_4_1_V' <Predicate = true> <Delay = 0.00> <Core = "FIFO">   --->   Core 32 'FIFO' <Latency = 0> <II = 1> <Delay = 3.40> <Storage> <Opcode : 'read' 'write' 'nbread' 'nbwrite'> <Ports = 0> <Width = 7> <Depth = 2> <FIFO>
ST_3 : Operation 90 [1/1] (0.00ns)   --->   "%h_b_4_2_V = extractvalue { i16, i16, i16, i16, i16, i16, i16, i16, i16, i16, i16, i16, i16, i16, i16, i16, i16, i16, i16, i16, i16, i16, i16, i16, i16, i16, i16, i16, i16, i16, i16, i16, i16, i16, i16, i16, i16, i16, i16, i16, i16, i16, i16, i16, i16, i16, i16, i16, i16, i16 } %call_ret1, 28" [bi_lstm/src/rnn.cpp:258]   --->   Operation 90 'extractvalue' 'h_b_4_2_V' <Predicate = true> <Delay = 0.00> <Core = "FIFO">   --->   Core 32 'FIFO' <Latency = 0> <II = 1> <Delay = 3.40> <Storage> <Opcode : 'read' 'write' 'nbread' 'nbwrite'> <Ports = 0> <Width = 7> <Depth = 2> <FIFO>
ST_3 : Operation 91 [1/1] (0.00ns)   --->   "%h_b_4_3_V = extractvalue { i16, i16, i16, i16, i16, i16, i16, i16, i16, i16, i16, i16, i16, i16, i16, i16, i16, i16, i16, i16, i16, i16, i16, i16, i16, i16, i16, i16, i16, i16, i16, i16, i16, i16, i16, i16, i16, i16, i16, i16, i16, i16, i16, i16, i16, i16, i16, i16, i16, i16 } %call_ret1, 29" [bi_lstm/src/rnn.cpp:258]   --->   Operation 91 'extractvalue' 'h_b_4_3_V' <Predicate = true> <Delay = 0.00> <Core = "FIFO">   --->   Core 32 'FIFO' <Latency = 0> <II = 1> <Delay = 3.40> <Storage> <Opcode : 'read' 'write' 'nbread' 'nbwrite'> <Ports = 0> <Width = 7> <Depth = 2> <FIFO>
ST_3 : Operation 92 [1/1] (0.00ns)   --->   "%h_b_4_4_V = extractvalue { i16, i16, i16, i16, i16, i16, i16, i16, i16, i16, i16, i16, i16, i16, i16, i16, i16, i16, i16, i16, i16, i16, i16, i16, i16, i16, i16, i16, i16, i16, i16, i16, i16, i16, i16, i16, i16, i16, i16, i16, i16, i16, i16, i16, i16, i16, i16, i16, i16, i16 } %call_ret1, 30" [bi_lstm/src/rnn.cpp:258]   --->   Operation 92 'extractvalue' 'h_b_4_4_V' <Predicate = true> <Delay = 0.00> <Core = "FIFO">   --->   Core 32 'FIFO' <Latency = 0> <II = 1> <Delay = 3.40> <Storage> <Opcode : 'read' 'write' 'nbread' 'nbwrite'> <Ports = 0> <Width = 7> <Depth = 2> <FIFO>
ST_3 : Operation 93 [1/1] (0.00ns)   --->   "%h_b_4_5_V = extractvalue { i16, i16, i16, i16, i16, i16, i16, i16, i16, i16, i16, i16, i16, i16, i16, i16, i16, i16, i16, i16, i16, i16, i16, i16, i16, i16, i16, i16, i16, i16, i16, i16, i16, i16, i16, i16, i16, i16, i16, i16, i16, i16, i16, i16, i16, i16, i16, i16, i16, i16 } %call_ret1, 31" [bi_lstm/src/rnn.cpp:258]   --->   Operation 93 'extractvalue' 'h_b_4_5_V' <Predicate = true> <Delay = 0.00> <Core = "FIFO">   --->   Core 32 'FIFO' <Latency = 0> <II = 1> <Delay = 3.40> <Storage> <Opcode : 'read' 'write' 'nbread' 'nbwrite'> <Ports = 0> <Width = 7> <Depth = 2> <FIFO>
ST_3 : Operation 94 [1/1] (0.00ns)   --->   "%h_b_5_0_V = extractvalue { i16, i16, i16, i16, i16, i16, i16, i16, i16, i16, i16, i16, i16, i16, i16, i16, i16, i16, i16, i16, i16, i16, i16, i16, i16, i16, i16, i16, i16, i16, i16, i16, i16, i16, i16, i16, i16, i16, i16, i16, i16, i16, i16, i16, i16, i16, i16, i16, i16, i16 } %call_ret1, 32" [bi_lstm/src/rnn.cpp:258]   --->   Operation 94 'extractvalue' 'h_b_5_0_V' <Predicate = true> <Delay = 0.00> <Core = "FIFO">   --->   Core 32 'FIFO' <Latency = 0> <II = 1> <Delay = 3.40> <Storage> <Opcode : 'read' 'write' 'nbread' 'nbwrite'> <Ports = 0> <Width = 7> <Depth = 2> <FIFO>
ST_3 : Operation 95 [1/1] (0.00ns)   --->   "%h_b_5_1_V = extractvalue { i16, i16, i16, i16, i16, i16, i16, i16, i16, i16, i16, i16, i16, i16, i16, i16, i16, i16, i16, i16, i16, i16, i16, i16, i16, i16, i16, i16, i16, i16, i16, i16, i16, i16, i16, i16, i16, i16, i16, i16, i16, i16, i16, i16, i16, i16, i16, i16, i16, i16 } %call_ret1, 33" [bi_lstm/src/rnn.cpp:258]   --->   Operation 95 'extractvalue' 'h_b_5_1_V' <Predicate = true> <Delay = 0.00> <Core = "FIFO">   --->   Core 32 'FIFO' <Latency = 0> <II = 1> <Delay = 3.40> <Storage> <Opcode : 'read' 'write' 'nbread' 'nbwrite'> <Ports = 0> <Width = 7> <Depth = 2> <FIFO>
ST_3 : Operation 96 [1/1] (0.00ns)   --->   "%h_b_5_2_V = extractvalue { i16, i16, i16, i16, i16, i16, i16, i16, i16, i16, i16, i16, i16, i16, i16, i16, i16, i16, i16, i16, i16, i16, i16, i16, i16, i16, i16, i16, i16, i16, i16, i16, i16, i16, i16, i16, i16, i16, i16, i16, i16, i16, i16, i16, i16, i16, i16, i16, i16, i16 } %call_ret1, 34" [bi_lstm/src/rnn.cpp:258]   --->   Operation 96 'extractvalue' 'h_b_5_2_V' <Predicate = true> <Delay = 0.00> <Core = "FIFO">   --->   Core 32 'FIFO' <Latency = 0> <II = 1> <Delay = 3.40> <Storage> <Opcode : 'read' 'write' 'nbread' 'nbwrite'> <Ports = 0> <Width = 7> <Depth = 2> <FIFO>
ST_3 : Operation 97 [1/1] (0.00ns)   --->   "%h_b_5_3_V = extractvalue { i16, i16, i16, i16, i16, i16, i16, i16, i16, i16, i16, i16, i16, i16, i16, i16, i16, i16, i16, i16, i16, i16, i16, i16, i16, i16, i16, i16, i16, i16, i16, i16, i16, i16, i16, i16, i16, i16, i16, i16, i16, i16, i16, i16, i16, i16, i16, i16, i16, i16 } %call_ret1, 35" [bi_lstm/src/rnn.cpp:258]   --->   Operation 97 'extractvalue' 'h_b_5_3_V' <Predicate = true> <Delay = 0.00> <Core = "FIFO">   --->   Core 32 'FIFO' <Latency = 0> <II = 1> <Delay = 3.40> <Storage> <Opcode : 'read' 'write' 'nbread' 'nbwrite'> <Ports = 0> <Width = 7> <Depth = 2> <FIFO>
ST_3 : Operation 98 [1/1] (0.00ns)   --->   "%h_b_5_4_V = extractvalue { i16, i16, i16, i16, i16, i16, i16, i16, i16, i16, i16, i16, i16, i16, i16, i16, i16, i16, i16, i16, i16, i16, i16, i16, i16, i16, i16, i16, i16, i16, i16, i16, i16, i16, i16, i16, i16, i16, i16, i16, i16, i16, i16, i16, i16, i16, i16, i16, i16, i16 } %call_ret1, 36" [bi_lstm/src/rnn.cpp:258]   --->   Operation 98 'extractvalue' 'h_b_5_4_V' <Predicate = true> <Delay = 0.00> <Core = "FIFO">   --->   Core 32 'FIFO' <Latency = 0> <II = 1> <Delay = 3.40> <Storage> <Opcode : 'read' 'write' 'nbread' 'nbwrite'> <Ports = 0> <Width = 7> <Depth = 2> <FIFO>
ST_3 : Operation 99 [1/1] (0.00ns)   --->   "%h_b_5_5_V = extractvalue { i16, i16, i16, i16, i16, i16, i16, i16, i16, i16, i16, i16, i16, i16, i16, i16, i16, i16, i16, i16, i16, i16, i16, i16, i16, i16, i16, i16, i16, i16, i16, i16, i16, i16, i16, i16, i16, i16, i16, i16, i16, i16, i16, i16, i16, i16, i16, i16, i16, i16 } %call_ret1, 37" [bi_lstm/src/rnn.cpp:258]   --->   Operation 99 'extractvalue' 'h_b_5_5_V' <Predicate = true> <Delay = 0.00> <Core = "FIFO">   --->   Core 32 'FIFO' <Latency = 0> <II = 1> <Delay = 3.40> <Storage> <Opcode : 'read' 'write' 'nbread' 'nbwrite'> <Ports = 0> <Width = 7> <Depth = 2> <FIFO>
ST_3 : Operation 100 [1/1] (0.00ns)   --->   "%h_b_6_0_V = extractvalue { i16, i16, i16, i16, i16, i16, i16, i16, i16, i16, i16, i16, i16, i16, i16, i16, i16, i16, i16, i16, i16, i16, i16, i16, i16, i16, i16, i16, i16, i16, i16, i16, i16, i16, i16, i16, i16, i16, i16, i16, i16, i16, i16, i16, i16, i16, i16, i16, i16, i16 } %call_ret1, 38" [bi_lstm/src/rnn.cpp:258]   --->   Operation 100 'extractvalue' 'h_b_6_0_V' <Predicate = true> <Delay = 0.00> <Core = "FIFO">   --->   Core 32 'FIFO' <Latency = 0> <II = 1> <Delay = 3.40> <Storage> <Opcode : 'read' 'write' 'nbread' 'nbwrite'> <Ports = 0> <Width = 7> <Depth = 2> <FIFO>
ST_3 : Operation 101 [1/1] (0.00ns)   --->   "%h_b_6_1_V = extractvalue { i16, i16, i16, i16, i16, i16, i16, i16, i16, i16, i16, i16, i16, i16, i16, i16, i16, i16, i16, i16, i16, i16, i16, i16, i16, i16, i16, i16, i16, i16, i16, i16, i16, i16, i16, i16, i16, i16, i16, i16, i16, i16, i16, i16, i16, i16, i16, i16, i16, i16 } %call_ret1, 39" [bi_lstm/src/rnn.cpp:258]   --->   Operation 101 'extractvalue' 'h_b_6_1_V' <Predicate = true> <Delay = 0.00> <Core = "FIFO">   --->   Core 32 'FIFO' <Latency = 0> <II = 1> <Delay = 3.40> <Storage> <Opcode : 'read' 'write' 'nbread' 'nbwrite'> <Ports = 0> <Width = 7> <Depth = 2> <FIFO>
ST_3 : Operation 102 [1/1] (0.00ns)   --->   "%h_b_6_2_V = extractvalue { i16, i16, i16, i16, i16, i16, i16, i16, i16, i16, i16, i16, i16, i16, i16, i16, i16, i16, i16, i16, i16, i16, i16, i16, i16, i16, i16, i16, i16, i16, i16, i16, i16, i16, i16, i16, i16, i16, i16, i16, i16, i16, i16, i16, i16, i16, i16, i16, i16, i16 } %call_ret1, 40" [bi_lstm/src/rnn.cpp:258]   --->   Operation 102 'extractvalue' 'h_b_6_2_V' <Predicate = true> <Delay = 0.00> <Core = "FIFO">   --->   Core 32 'FIFO' <Latency = 0> <II = 1> <Delay = 3.40> <Storage> <Opcode : 'read' 'write' 'nbread' 'nbwrite'> <Ports = 0> <Width = 7> <Depth = 2> <FIFO>
ST_3 : Operation 103 [1/1] (0.00ns)   --->   "%h_b_6_3_V = extractvalue { i16, i16, i16, i16, i16, i16, i16, i16, i16, i16, i16, i16, i16, i16, i16, i16, i16, i16, i16, i16, i16, i16, i16, i16, i16, i16, i16, i16, i16, i16, i16, i16, i16, i16, i16, i16, i16, i16, i16, i16, i16, i16, i16, i16, i16, i16, i16, i16, i16, i16 } %call_ret1, 41" [bi_lstm/src/rnn.cpp:258]   --->   Operation 103 'extractvalue' 'h_b_6_3_V' <Predicate = true> <Delay = 0.00> <Core = "FIFO">   --->   Core 32 'FIFO' <Latency = 0> <II = 1> <Delay = 3.40> <Storage> <Opcode : 'read' 'write' 'nbread' 'nbwrite'> <Ports = 0> <Width = 7> <Depth = 2> <FIFO>
ST_3 : Operation 104 [1/1] (0.00ns)   --->   "%h_b_6_4_V = extractvalue { i16, i16, i16, i16, i16, i16, i16, i16, i16, i16, i16, i16, i16, i16, i16, i16, i16, i16, i16, i16, i16, i16, i16, i16, i16, i16, i16, i16, i16, i16, i16, i16, i16, i16, i16, i16, i16, i16, i16, i16, i16, i16, i16, i16, i16, i16, i16, i16, i16, i16 } %call_ret1, 42" [bi_lstm/src/rnn.cpp:258]   --->   Operation 104 'extractvalue' 'h_b_6_4_V' <Predicate = true> <Delay = 0.00> <Core = "FIFO">   --->   Core 32 'FIFO' <Latency = 0> <II = 1> <Delay = 3.40> <Storage> <Opcode : 'read' 'write' 'nbread' 'nbwrite'> <Ports = 0> <Width = 7> <Depth = 2> <FIFO>
ST_3 : Operation 105 [1/1] (0.00ns)   --->   "%h_b_6_5_V = extractvalue { i16, i16, i16, i16, i16, i16, i16, i16, i16, i16, i16, i16, i16, i16, i16, i16, i16, i16, i16, i16, i16, i16, i16, i16, i16, i16, i16, i16, i16, i16, i16, i16, i16, i16, i16, i16, i16, i16, i16, i16, i16, i16, i16, i16, i16, i16, i16, i16, i16, i16 } %call_ret1, 43" [bi_lstm/src/rnn.cpp:258]   --->   Operation 105 'extractvalue' 'h_b_6_5_V' <Predicate = true> <Delay = 0.00> <Core = "FIFO">   --->   Core 32 'FIFO' <Latency = 0> <II = 1> <Delay = 3.40> <Storage> <Opcode : 'read' 'write' 'nbread' 'nbwrite'> <Ports = 0> <Width = 7> <Depth = 2> <FIFO>
ST_3 : Operation 106 [1/1] (0.00ns)   --->   "%h_b_7_0_V = extractvalue { i16, i16, i16, i16, i16, i16, i16, i16, i16, i16, i16, i16, i16, i16, i16, i16, i16, i16, i16, i16, i16, i16, i16, i16, i16, i16, i16, i16, i16, i16, i16, i16, i16, i16, i16, i16, i16, i16, i16, i16, i16, i16, i16, i16, i16, i16, i16, i16, i16, i16 } %call_ret1, 44" [bi_lstm/src/rnn.cpp:258]   --->   Operation 106 'extractvalue' 'h_b_7_0_V' <Predicate = true> <Delay = 0.00> <Core = "FIFO">   --->   Core 32 'FIFO' <Latency = 0> <II = 1> <Delay = 3.40> <Storage> <Opcode : 'read' 'write' 'nbread' 'nbwrite'> <Ports = 0> <Width = 7> <Depth = 2> <FIFO>
ST_3 : Operation 107 [1/1] (0.00ns)   --->   "%h_b_7_1_V = extractvalue { i16, i16, i16, i16, i16, i16, i16, i16, i16, i16, i16, i16, i16, i16, i16, i16, i16, i16, i16, i16, i16, i16, i16, i16, i16, i16, i16, i16, i16, i16, i16, i16, i16, i16, i16, i16, i16, i16, i16, i16, i16, i16, i16, i16, i16, i16, i16, i16, i16, i16 } %call_ret1, 45" [bi_lstm/src/rnn.cpp:258]   --->   Operation 107 'extractvalue' 'h_b_7_1_V' <Predicate = true> <Delay = 0.00> <Core = "FIFO">   --->   Core 32 'FIFO' <Latency = 0> <II = 1> <Delay = 3.40> <Storage> <Opcode : 'read' 'write' 'nbread' 'nbwrite'> <Ports = 0> <Width = 7> <Depth = 2> <FIFO>
ST_3 : Operation 108 [1/1] (0.00ns)   --->   "%h_b_7_2_V = extractvalue { i16, i16, i16, i16, i16, i16, i16, i16, i16, i16, i16, i16, i16, i16, i16, i16, i16, i16, i16, i16, i16, i16, i16, i16, i16, i16, i16, i16, i16, i16, i16, i16, i16, i16, i16, i16, i16, i16, i16, i16, i16, i16, i16, i16, i16, i16, i16, i16, i16, i16 } %call_ret1, 46" [bi_lstm/src/rnn.cpp:258]   --->   Operation 108 'extractvalue' 'h_b_7_2_V' <Predicate = true> <Delay = 0.00> <Core = "FIFO">   --->   Core 32 'FIFO' <Latency = 0> <II = 1> <Delay = 3.40> <Storage> <Opcode : 'read' 'write' 'nbread' 'nbwrite'> <Ports = 0> <Width = 7> <Depth = 2> <FIFO>
ST_3 : Operation 109 [1/1] (0.00ns)   --->   "%h_b_7_3_V = extractvalue { i16, i16, i16, i16, i16, i16, i16, i16, i16, i16, i16, i16, i16, i16, i16, i16, i16, i16, i16, i16, i16, i16, i16, i16, i16, i16, i16, i16, i16, i16, i16, i16, i16, i16, i16, i16, i16, i16, i16, i16, i16, i16, i16, i16, i16, i16, i16, i16, i16, i16 } %call_ret1, 47" [bi_lstm/src/rnn.cpp:258]   --->   Operation 109 'extractvalue' 'h_b_7_3_V' <Predicate = true> <Delay = 0.00> <Core = "FIFO">   --->   Core 32 'FIFO' <Latency = 0> <II = 1> <Delay = 3.40> <Storage> <Opcode : 'read' 'write' 'nbread' 'nbwrite'> <Ports = 0> <Width = 7> <Depth = 2> <FIFO>
ST_3 : Operation 110 [1/1] (0.00ns)   --->   "%h_b_7_4_V = extractvalue { i16, i16, i16, i16, i16, i16, i16, i16, i16, i16, i16, i16, i16, i16, i16, i16, i16, i16, i16, i16, i16, i16, i16, i16, i16, i16, i16, i16, i16, i16, i16, i16, i16, i16, i16, i16, i16, i16, i16, i16, i16, i16, i16, i16, i16, i16, i16, i16, i16, i16 } %call_ret1, 48" [bi_lstm/src/rnn.cpp:258]   --->   Operation 110 'extractvalue' 'h_b_7_4_V' <Predicate = true> <Delay = 0.00> <Core = "FIFO">   --->   Core 32 'FIFO' <Latency = 0> <II = 1> <Delay = 3.40> <Storage> <Opcode : 'read' 'write' 'nbread' 'nbwrite'> <Ports = 0> <Width = 7> <Depth = 2> <FIFO>
ST_3 : Operation 111 [1/1] (0.00ns)   --->   "%h_b_7_5_V = extractvalue { i16, i16, i16, i16, i16, i16, i16, i16, i16, i16, i16, i16, i16, i16, i16, i16, i16, i16, i16, i16, i16, i16, i16, i16, i16, i16, i16, i16, i16, i16, i16, i16, i16, i16, i16, i16, i16, i16, i16, i16, i16, i16, i16, i16, i16, i16, i16, i16, i16, i16 } %call_ret1, 49" [bi_lstm/src/rnn.cpp:258]   --->   Operation 111 'extractvalue' 'h_b_7_5_V' <Predicate = true> <Delay = 0.00> <Core = "FIFO">   --->   Core 32 'FIFO' <Latency = 0> <II = 1> <Delay = 3.40> <Storage> <Opcode : 'read' 'write' 'nbread' 'nbwrite'> <Ports = 0> <Width = 7> <Depth = 2> <FIFO>
ST_3 : Operation 112 [2/2] (1.75ns)   --->   "call fastcc void @merge_output(i16 %h_f_0_0_V, i16 %h_f_0_1_V, i16 %h_f_0_2_V, i16 %h_f_0_3_V, i16 %h_f_0_4_V, i16 %h_f_0_5_V, i16 %h_f_0_6_V, i16 %h_f_1_0_V, i16 %h_f_1_1_V, i16 %h_f_1_2_V, i16 %h_f_1_3_V, i16 %h_f_1_4_V, i16 %h_f_1_5_V, i16 %h_f_1_6_V, i16 %h_f_2_0_V, i16 %h_f_2_1_V, i16 %h_f_2_2_V, i16 %h_f_2_3_V, i16 %h_f_2_4_V, i16 %h_f_2_5_V, i16 %h_f_3_0_V, i16 %h_f_3_1_V, i16 %h_f_3_2_V, i16 %h_f_3_3_V, i16 %h_f_3_4_V, i16 %h_f_3_5_V, i16 %h_f_4_0_V, i16 %h_f_4_1_V, i16 %h_f_4_2_V, i16 %h_f_4_3_V, i16 %h_f_4_4_V, i16 %h_f_4_5_V, i16 %h_f_5_0_V, i16 %h_f_5_1_V, i16 %h_f_5_2_V, i16 %h_f_5_3_V, i16 %h_f_5_4_V, i16 %h_f_5_5_V, i16 %h_f_6_0_V, i16 %h_f_6_1_V, i16 %h_f_6_2_V, i16 %h_f_6_3_V, i16 %h_f_6_4_V, i16 %h_f_6_5_V, i16 %h_f_7_0_V, i16 %h_f_7_1_V, i16 %h_f_7_2_V, i16 %h_f_7_3_V, i16 %h_f_7_4_V, i16 %h_f_7_5_V, i16 %h_b_0_0_V, i16 %h_b_0_1_V, i16 %h_b_0_2_V, i16 %h_b_0_3_V, i16 %h_b_0_4_V, i16 %h_b_0_5_V, i16 %h_b_0_6_V, i16 %h_b_1_0_V, i16 %h_b_1_1_V, i16 %h_b_1_2_V, i16 %h_b_1_3_V, i16 %h_b_1_4_V, i16 %h_b_1_5_V, i16 %h_b_1_6_V, i16 %h_b_2_0_V, i16 %h_b_2_1_V, i16 %h_b_2_2_V, i16 %h_b_2_3_V, i16 %h_b_2_4_V, i16 %h_b_2_5_V, i16 %h_b_3_0_V, i16 %h_b_3_1_V, i16 %h_b_3_2_V, i16 %h_b_3_3_V, i16 %h_b_3_4_V, i16 %h_b_3_5_V, i16 %h_b_4_0_V, i16 %h_b_4_1_V, i16 %h_b_4_2_V, i16 %h_b_4_3_V, i16 %h_b_4_4_V, i16 %h_b_4_5_V, i16 %h_b_5_0_V, i16 %h_b_5_1_V, i16 %h_b_5_2_V, i16 %h_b_5_3_V, i16 %h_b_5_4_V, i16 %h_b_5_5_V, i16 %h_b_6_0_V, i16 %h_b_6_1_V, i16 %h_b_6_2_V, i16 %h_b_6_3_V, i16 %h_b_6_4_V, i16 %h_b_6_5_V, i16 %h_b_7_0_V, i16 %h_b_7_1_V, i16 %h_b_7_2_V, i16 %h_b_7_3_V, i16 %h_b_7_4_V, i16 %h_b_7_5_V, [13 x i16]* %h_out_0_V, [13 x i16]* %h_out_1_V, [13 x i16]* %h_out_2_V, [13 x i16]* %h_out_3_V, [12 x i16]* %h_out_4_V, [12 x i16]* %h_out_5_V, [12 x i16]* %h_out_6_V, [12 x i16]* %h_out_7_V)" [bi_lstm/src/rnn.cpp:259]   --->   Operation 112 'call' <Predicate = true> <Delay = 1.75> <CoreType = "Generic">   --->   Core 0 '' <Latency = 0> <II = 1> <Delay = 1.00> <Generic> <Opcode : >

State 4 <SV = 3> <Delay = 0.00>
ST_4 : Operation 113 [1/1] (0.00ns)   --->   "call void (...)* @_ssdm_op_SpecInterface(i7* %valid_len, [8 x i8]* @ap_fifo_str, i32 0, i32 0, [1 x i8]* @p_str, i32 0, i32 0, [1 x i8]* @p_str, [1 x i8]* @p_str, [1 x i8]* @p_str, i32 2, i32 2, i32 16, i32 16, [1 x i8]* @p_str, [11 x i8]* @ScalarProp_str)"   --->   Operation 113 'specinterface' <Predicate = true> <Delay = 0.00>
ST_4 : Operation 114 [1/1] (0.00ns)   --->   "call void (...)* @_ssdm_op_SpecDataflowPipeline(i32 -1, i32 0, [1 x i8]* @p_str22) nounwind" [bi_lstm/src/rnn.cpp:250]   --->   Operation 114 'specdataflowpipeline' <Predicate = true> <Delay = 0.00>
ST_4 : Operation 115 [1/1] (0.00ns)   --->   "%empty = call i32 (...)* @_ssdm_op_SpecChannel([12 x i8]* @valid_len_c_str, i32 1, [1 x i8]* @p_str, [1 x i8]* @p_str, i32 2, i32 0, i7* %valid_len_c_i, i7* %valid_len_c_i)" [bi_lstm/src/rnn.cpp:249]   --->   Operation 115 'specchannel' 'empty' <Predicate = true> <Delay = 0.00>
ST_4 : Operation 116 [1/1] (0.00ns)   --->   "call void (...)* @_ssdm_op_SpecInterface(i7* %valid_len_c_i, [8 x i8]* @ap_fifo_str, i32 0, i32 0, [1 x i8]* @p_str, i32 0, i32 0, [1 x i8]* @p_str, [1 x i8]* @p_str, [1 x i8]* @p_str, i32 2, i32 2, i32 16, i32 16, [1 x i8]* @p_str, [1 x i8]* @p_str)" [bi_lstm/src/rnn.cpp:249]   --->   Operation 116 'specinterface' <Predicate = true> <Delay = 0.00>
ST_4 : Operation 117 [1/1] (0.00ns)   --->   "%empty_97 = call i32 (...)* @_ssdm_op_SpecChannel([14 x i8]* @valid_len_c10_str, i32 1, [1 x i8]* @p_str, [1 x i8]* @p_str, i32 2, i32 0, i7* %valid_len_c10_i, i7* %valid_len_c10_i)" [bi_lstm/src/rnn.cpp:249]   --->   Operation 117 'specchannel' 'empty_97' <Predicate = true> <Delay = 0.00>
ST_4 : Operation 118 [1/1] (0.00ns)   --->   "call void (...)* @_ssdm_op_SpecInterface(i7* %valid_len_c10_i, [8 x i8]* @ap_fifo_str, i32 0, i32 0, [1 x i8]* @p_str, i32 0, i32 0, [1 x i8]* @p_str, [1 x i8]* @p_str, [1 x i8]* @p_str, i32 2, i32 2, i32 16, i32 16, [1 x i8]* @p_str, [1 x i8]* @p_str)" [bi_lstm/src/rnn.cpp:249]   --->   Operation 118 'specinterface' <Predicate = true> <Delay = 0.00>
ST_4 : Operation 119 [1/2] (0.00ns)   --->   "call fastcc void @merge_output(i16 %h_f_0_0_V, i16 %h_f_0_1_V, i16 %h_f_0_2_V, i16 %h_f_0_3_V, i16 %h_f_0_4_V, i16 %h_f_0_5_V, i16 %h_f_0_6_V, i16 %h_f_1_0_V, i16 %h_f_1_1_V, i16 %h_f_1_2_V, i16 %h_f_1_3_V, i16 %h_f_1_4_V, i16 %h_f_1_5_V, i16 %h_f_1_6_V, i16 %h_f_2_0_V, i16 %h_f_2_1_V, i16 %h_f_2_2_V, i16 %h_f_2_3_V, i16 %h_f_2_4_V, i16 %h_f_2_5_V, i16 %h_f_3_0_V, i16 %h_f_3_1_V, i16 %h_f_3_2_V, i16 %h_f_3_3_V, i16 %h_f_3_4_V, i16 %h_f_3_5_V, i16 %h_f_4_0_V, i16 %h_f_4_1_V, i16 %h_f_4_2_V, i16 %h_f_4_3_V, i16 %h_f_4_4_V, i16 %h_f_4_5_V, i16 %h_f_5_0_V, i16 %h_f_5_1_V, i16 %h_f_5_2_V, i16 %h_f_5_3_V, i16 %h_f_5_4_V, i16 %h_f_5_5_V, i16 %h_f_6_0_V, i16 %h_f_6_1_V, i16 %h_f_6_2_V, i16 %h_f_6_3_V, i16 %h_f_6_4_V, i16 %h_f_6_5_V, i16 %h_f_7_0_V, i16 %h_f_7_1_V, i16 %h_f_7_2_V, i16 %h_f_7_3_V, i16 %h_f_7_4_V, i16 %h_f_7_5_V, i16 %h_b_0_0_V, i16 %h_b_0_1_V, i16 %h_b_0_2_V, i16 %h_b_0_3_V, i16 %h_b_0_4_V, i16 %h_b_0_5_V, i16 %h_b_0_6_V, i16 %h_b_1_0_V, i16 %h_b_1_1_V, i16 %h_b_1_2_V, i16 %h_b_1_3_V, i16 %h_b_1_4_V, i16 %h_b_1_5_V, i16 %h_b_1_6_V, i16 %h_b_2_0_V, i16 %h_b_2_1_V, i16 %h_b_2_2_V, i16 %h_b_2_3_V, i16 %h_b_2_4_V, i16 %h_b_2_5_V, i16 %h_b_3_0_V, i16 %h_b_3_1_V, i16 %h_b_3_2_V, i16 %h_b_3_3_V, i16 %h_b_3_4_V, i16 %h_b_3_5_V, i16 %h_b_4_0_V, i16 %h_b_4_1_V, i16 %h_b_4_2_V, i16 %h_b_4_3_V, i16 %h_b_4_4_V, i16 %h_b_4_5_V, i16 %h_b_5_0_V, i16 %h_b_5_1_V, i16 %h_b_5_2_V, i16 %h_b_5_3_V, i16 %h_b_5_4_V, i16 %h_b_5_5_V, i16 %h_b_6_0_V, i16 %h_b_6_1_V, i16 %h_b_6_2_V, i16 %h_b_6_3_V, i16 %h_b_6_4_V, i16 %h_b_6_5_V, i16 %h_b_7_0_V, i16 %h_b_7_1_V, i16 %h_b_7_2_V, i16 %h_b_7_3_V, i16 %h_b_7_4_V, i16 %h_b_7_5_V, [13 x i16]* %h_out_0_V, [13 x i16]* %h_out_1_V, [13 x i16]* %h_out_2_V, [13 x i16]* %h_out_3_V, [12 x i16]* %h_out_4_V, [12 x i16]* %h_out_5_V, [12 x i16]* %h_out_6_V, [12 x i16]* %h_out_7_V)" [bi_lstm/src/rnn.cpp:259]   --->   Operation 119 'call' <Predicate = true> <Delay = 0.00> <CoreType = "Generic">   --->   Core 0 '' <Latency = 0> <II = 1> <Delay = 1.00> <Generic> <Opcode : >
ST_4 : Operation 120 [1/1] (0.00ns)   --->   "ret void"   --->   Operation 120 'ret' <Predicate = true> <Delay = 0.00>


============================================================
+ Verbose Summary: Binding
============================================================
STG Binding: 
---------------- STG Properties BEGIN ----------------
- Is combinational: 0
- Is one-state seq: 0
- Is datapath-only: 0
- Is pipelined: 0
- Is top level: 0
Port [ Return ] is wired: 1; IO mode=ap_ctrl_hs:ce=0
Port [ input_f_V]:  wired=1; compound=1; hidden=0; nouse=0; global=0; static=0; extern=0; dir=0; type=1; pingpong=1; private_global=0; MemPort=[11]; IO mode=ap_memory:ce=0
Port [ input_b_V]:  wired=1; compound=1; hidden=0; nouse=0; global=0; static=0; extern=0; dir=0; type=1; pingpong=1; private_global=0; MemPort=[11]; IO mode=ap_memory:ce=0
Port [ valid_len]:  wired=1; compound=1; hidden=0; nouse=0; global=0; static=0; extern=0; dir=0; type=3; pingpong=0; private_global=0; IO mode=ap_fifo:ce=0
Port [ h_out_0_V]:  wired=1; compound=1; hidden=0; nouse=0; global=0; static=0; extern=0; dir=1; type=1; pingpong=1; private_global=0; MemPort=[00]; IO mode=ap_memory:ce=0
Port [ h_out_1_V]:  wired=1; compound=1; hidden=0; nouse=0; global=0; static=0; extern=0; dir=1; type=1; pingpong=1; private_global=0; MemPort=[00]; IO mode=ap_memory:ce=0
Port [ h_out_2_V]:  wired=1; compound=1; hidden=0; nouse=0; global=0; static=0; extern=0; dir=1; type=1; pingpong=1; private_global=0; MemPort=[00]; IO mode=ap_memory:ce=0
Port [ h_out_3_V]:  wired=1; compound=1; hidden=0; nouse=0; global=0; static=0; extern=0; dir=1; type=1; pingpong=1; private_global=0; MemPort=[00]; IO mode=ap_memory:ce=0
Port [ h_out_4_V]:  wired=1; compound=1; hidden=0; nouse=0; global=0; static=0; extern=0; dir=1; type=1; pingpong=1; private_global=0; MemPort=[00]; IO mode=ap_memory:ce=0
Port [ h_out_5_V]:  wired=1; compound=1; hidden=0; nouse=0; global=0; static=0; extern=0; dir=1; type=1; pingpong=1; private_global=0; MemPort=[00]; IO mode=ap_memory:ce=0
Port [ h_out_6_V]:  wired=1; compound=1; hidden=0; nouse=0; global=0; static=0; extern=0; dir=1; type=1; pingpong=1; private_global=0; MemPort=[00]; IO mode=ap_memory:ce=0
Port [ h_out_7_V]:  wired=1; compound=1; hidden=0; nouse=0; global=0; static=0; extern=0; dir=1; type=1; pingpong=1; private_global=0; MemPort=[00]; IO mode=ap_memory:ce=0
Port [ Weight_i_f_V_0]:  wired=0; compound=1; hidden=1; nouse=1; global=1; static=0; extern=0; dir=0; type=1; pingpong=0; private_global=0; linkage=0; visibility=0; MemPort=[1]; IO mode=ap_memory:ce=0
Port [ Weight_f_f_V_0]:  wired=0; compound=1; hidden=1; nouse=1; global=1; static=0; extern=0; dir=0; type=1; pingpong=0; private_global=0; linkage=0; visibility=0; MemPort=[1]; IO mode=ap_memory:ce=0
Port [ Weight_g_f_V_0]:  wired=0; compound=1; hidden=1; nouse=1; global=1; static=0; extern=0; dir=0; type=1; pingpong=0; private_global=0; linkage=0; visibility=0; MemPort=[1]; IO mode=ap_memory:ce=0
Port [ Weight_o_f_V_0]:  wired=0; compound=1; hidden=1; nouse=1; global=1; static=0; extern=0; dir=0; type=1; pingpong=0; private_global=0; linkage=0; visibility=0; MemPort=[1]; IO mode=ap_memory:ce=0
Port [ Weight_i_f_V_1]:  wired=0; compound=1; hidden=1; nouse=1; global=1; static=0; extern=0; dir=0; type=1; pingpong=0; private_global=0; linkage=0; visibility=0; MemPort=[1]; IO mode=ap_memory:ce=0
Port [ Weight_f_f_V_1]:  wired=0; compound=1; hidden=1; nouse=1; global=1; static=0; extern=0; dir=0; type=1; pingpong=0; private_global=0; linkage=0; visibility=0; MemPort=[1]; IO mode=ap_memory:ce=0
Port [ Weight_g_f_V_1]:  wired=0; compound=1; hidden=1; nouse=1; global=1; static=0; extern=0; dir=0; type=1; pingpong=0; private_global=0; linkage=0; visibility=0; MemPort=[1]; IO mode=ap_memory:ce=0
Port [ Weight_o_f_V_1]:  wired=0; compound=1; hidden=1; nouse=1; global=1; static=0; extern=0; dir=0; type=1; pingpong=0; private_global=0; linkage=0; visibility=0; MemPort=[1]; IO mode=ap_memory:ce=0
Port [ Weight_i_f_V_2]:  wired=0; compound=1; hidden=1; nouse=1; global=1; static=0; extern=0; dir=0; type=1; pingpong=0; private_global=0; linkage=0; visibility=0; MemPort=[1]; IO mode=ap_memory:ce=0
Port [ Weight_f_f_V_2]:  wired=0; compound=1; hidden=1; nouse=1; global=1; static=0; extern=0; dir=0; type=1; pingpong=0; private_global=0; linkage=0; visibility=0; MemPort=[1]; IO mode=ap_memory:ce=0
Port [ Weight_g_f_V_2]:  wired=0; compound=1; hidden=1; nouse=1; global=1; static=0; extern=0; dir=0; type=1; pingpong=0; private_global=0; linkage=0; visibility=0; MemPort=[1]; IO mode=ap_memory:ce=0
Port [ Weight_o_f_V_2]:  wired=0; compound=1; hidden=1; nouse=1; global=1; static=0; extern=0; dir=0; type=1; pingpong=0; private_global=0; linkage=0; visibility=0; MemPort=[1]; IO mode=ap_memory:ce=0
Port [ Weight_i_f_V_3]:  wired=0; compound=1; hidden=1; nouse=1; global=1; static=0; extern=0; dir=0; type=1; pingpong=0; private_global=0; linkage=0; visibility=0; MemPort=[1]; IO mode=ap_memory:ce=0
Port [ Weight_f_f_V_3]:  wired=0; compound=1; hidden=1; nouse=1; global=1; static=0; extern=0; dir=0; type=1; pingpong=0; private_global=0; linkage=0; visibility=0; MemPort=[1]; IO mode=ap_memory:ce=0
Port [ Weight_g_f_V_3]:  wired=0; compound=1; hidden=1; nouse=1; global=1; static=0; extern=0; dir=0; type=1; pingpong=0; private_global=0; linkage=0; visibility=0; MemPort=[1]; IO mode=ap_memory:ce=0
Port [ Weight_o_f_V_3]:  wired=0; compound=1; hidden=1; nouse=1; global=1; static=0; extern=0; dir=0; type=1; pingpong=0; private_global=0; linkage=0; visibility=0; MemPort=[1]; IO mode=ap_memory:ce=0
Port [ Weight_i_f_V_4]:  wired=0; compound=1; hidden=1; nouse=1; global=1; static=0; extern=0; dir=0; type=1; pingpong=0; private_global=0; linkage=0; visibility=0; MemPort=[1]; IO mode=ap_memory:ce=0
Port [ Weight_f_f_V_4]:  wired=0; compound=1; hidden=1; nouse=1; global=1; static=0; extern=0; dir=0; type=1; pingpong=0; private_global=0; linkage=0; visibility=0; MemPort=[1]; IO mode=ap_memory:ce=0
Port [ Weight_g_f_V_4]:  wired=0; compound=1; hidden=1; nouse=1; global=1; static=0; extern=0; dir=0; type=1; pingpong=0; private_global=0; linkage=0; visibility=0; MemPort=[1]; IO mode=ap_memory:ce=0
Port [ Weight_o_f_V_4]:  wired=0; compound=1; hidden=1; nouse=1; global=1; static=0; extern=0; dir=0; type=1; pingpong=0; private_global=0; linkage=0; visibility=0; MemPort=[1]; IO mode=ap_memory:ce=0
Port [ Weight_i_f_V_5]:  wired=0; compound=1; hidden=1; nouse=1; global=1; static=0; extern=0; dir=0; type=1; pingpong=0; private_global=0; linkage=0; visibility=0; MemPort=[1]; IO mode=ap_memory:ce=0
Port [ Weight_f_f_V_5]:  wired=0; compound=1; hidden=1; nouse=1; global=1; static=0; extern=0; dir=0; type=1; pingpong=0; private_global=0; linkage=0; visibility=0; MemPort=[1]; IO mode=ap_memory:ce=0
Port [ Weight_g_f_V_5]:  wired=0; compound=1; hidden=1; nouse=1; global=1; static=0; extern=0; dir=0; type=1; pingpong=0; private_global=0; linkage=0; visibility=0; MemPort=[1]; IO mode=ap_memory:ce=0
Port [ Weight_o_f_V_5]:  wired=0; compound=1; hidden=1; nouse=1; global=1; static=0; extern=0; dir=0; type=1; pingpong=0; private_global=0; linkage=0; visibility=0; MemPort=[1]; IO mode=ap_memory:ce=0
Port [ Weight_i_f_V_6]:  wired=0; compound=1; hidden=1; nouse=1; global=1; static=0; extern=0; dir=0; type=1; pingpong=0; private_global=0; linkage=0; visibility=0; MemPort=[1]; IO mode=ap_memory:ce=0
Port [ Weight_f_f_V_6]:  wired=0; compound=1; hidden=1; nouse=1; global=1; static=0; extern=0; dir=0; type=1; pingpong=0; private_global=0; linkage=0; visibility=0; MemPort=[1]; IO mode=ap_memory:ce=0
Port [ Weight_g_f_V_6]:  wired=0; compound=1; hidden=1; nouse=1; global=1; static=0; extern=0; dir=0; type=1; pingpong=0; private_global=0; linkage=0; visibility=0; MemPort=[1]; IO mode=ap_memory:ce=0
Port [ Weight_o_f_V_6]:  wired=0; compound=1; hidden=1; nouse=1; global=1; static=0; extern=0; dir=0; type=1; pingpong=0; private_global=0; linkage=0; visibility=0; MemPort=[1]; IO mode=ap_memory:ce=0
Port [ Weight_i_f_V_7]:  wired=0; compound=1; hidden=1; nouse=1; global=1; static=0; extern=0; dir=0; type=1; pingpong=0; private_global=0; linkage=0; visibility=0; MemPort=[1]; IO mode=ap_memory:ce=0
Port [ Weight_f_f_V_7]:  wired=0; compound=1; hidden=1; nouse=1; global=1; static=0; extern=0; dir=0; type=1; pingpong=0; private_global=0; linkage=0; visibility=0; MemPort=[1]; IO mode=ap_memory:ce=0
Port [ Weight_g_f_V_7]:  wired=0; compound=1; hidden=1; nouse=1; global=1; static=0; extern=0; dir=0; type=1; pingpong=0; private_global=0; linkage=0; visibility=0; MemPort=[1]; IO mode=ap_memory:ce=0
Port [ Weight_o_f_V_7]:  wired=0; compound=1; hidden=1; nouse=1; global=1; static=0; extern=0; dir=0; type=1; pingpong=0; private_global=0; linkage=0; visibility=0; MemPort=[1]; IO mode=ap_memory:ce=0
Port [ sigmoid_lut_V]:  wired=0; compound=1; hidden=1; nouse=1; global=1; static=1; extern=0; dir=0; type=1; pingpong=0; private_global=1; linkage=7; visibility=0; MemPort=[1]; IO mode=ap_memory:ce=0
Port [ tanh_lut_V163]:  wired=0; compound=1; hidden=1; nouse=1; global=1; static=1; extern=0; dir=0; type=1; pingpong=0; private_global=1; linkage=7; visibility=0; MemPort=[1]; IO mode=ap_memory:ce=0
Port [ tanh_lut_V162]:  wired=0; compound=1; hidden=1; nouse=1; global=1; static=1; extern=0; dir=0; type=1; pingpong=0; private_global=0; linkage=7; visibility=0; MemPort=[1]; IO mode=ap_memory:ce=0
Port [ tanh_lut_V]:  wired=0; compound=1; hidden=1; nouse=1; global=1; static=1; extern=0; dir=0; type=1; pingpong=0; private_global=0; linkage=7; visibility=0; MemPort=[111111]; IO mode=ap_memory:ce=0
Port [ Weight_i_b_V_0]:  wired=0; compound=1; hidden=1; nouse=1; global=1; static=0; extern=0; dir=0; type=1; pingpong=0; private_global=0; linkage=0; visibility=0; MemPort=[1]; IO mode=ap_memory:ce=0
Port [ Weight_f_b_V_0]:  wired=0; compound=1; hidden=1; nouse=1; global=1; static=0; extern=0; dir=0; type=1; pingpong=0; private_global=0; linkage=0; visibility=0; MemPort=[1]; IO mode=ap_memory:ce=0
Port [ Weight_g_b_V_0]:  wired=0; compound=1; hidden=1; nouse=1; global=1; static=0; extern=0; dir=0; type=1; pingpong=0; private_global=0; linkage=0; visibility=0; MemPort=[1]; IO mode=ap_memory:ce=0
Port [ Weight_o_b_V_0]:  wired=0; compound=1; hidden=1; nouse=1; global=1; static=0; extern=0; dir=0; type=1; pingpong=0; private_global=0; linkage=0; visibility=0; MemPort=[1]; IO mode=ap_memory:ce=0
Port [ Weight_i_b_V_1]:  wired=0; compound=1; hidden=1; nouse=1; global=1; static=0; extern=0; dir=0; type=1; pingpong=0; private_global=0; linkage=0; visibility=0; MemPort=[1]; IO mode=ap_memory:ce=0
Port [ Weight_f_b_V_1]:  wired=0; compound=1; hidden=1; nouse=1; global=1; static=0; extern=0; dir=0; type=1; pingpong=0; private_global=0; linkage=0; visibility=0; MemPort=[1]; IO mode=ap_memory:ce=0
Port [ Weight_g_b_V_1]:  wired=0; compound=1; hidden=1; nouse=1; global=1; static=0; extern=0; dir=0; type=1; pingpong=0; private_global=0; linkage=0; visibility=0; MemPort=[1]; IO mode=ap_memory:ce=0
Port [ Weight_o_b_V_1]:  wired=0; compound=1; hidden=1; nouse=1; global=1; static=0; extern=0; dir=0; type=1; pingpong=0; private_global=0; linkage=0; visibility=0; MemPort=[1]; IO mode=ap_memory:ce=0
Port [ Weight_i_b_V_2]:  wired=0; compound=1; hidden=1; nouse=1; global=1; static=0; extern=0; dir=0; type=1; pingpong=0; private_global=0; linkage=0; visibility=0; MemPort=[1]; IO mode=ap_memory:ce=0
Port [ Weight_f_b_V_2]:  wired=0; compound=1; hidden=1; nouse=1; global=1; static=0; extern=0; dir=0; type=1; pingpong=0; private_global=0; linkage=0; visibility=0; MemPort=[1]; IO mode=ap_memory:ce=0
Port [ Weight_g_b_V_2]:  wired=0; compound=1; hidden=1; nouse=1; global=1; static=0; extern=0; dir=0; type=1; pingpong=0; private_global=0; linkage=0; visibility=0; MemPort=[1]; IO mode=ap_memory:ce=0
Port [ Weight_o_b_V_2]:  wired=0; compound=1; hidden=1; nouse=1; global=1; static=0; extern=0; dir=0; type=1; pingpong=0; private_global=0; linkage=0; visibility=0; MemPort=[1]; IO mode=ap_memory:ce=0
Port [ Weight_i_b_V_3]:  wired=0; compound=1; hidden=1; nouse=1; global=1; static=0; extern=0; dir=0; type=1; pingpong=0; private_global=0; linkage=0; visibility=0; MemPort=[1]; IO mode=ap_memory:ce=0
Port [ Weight_f_b_V_3]:  wired=0; compound=1; hidden=1; nouse=1; global=1; static=0; extern=0; dir=0; type=1; pingpong=0; private_global=0; linkage=0; visibility=0; MemPort=[1]; IO mode=ap_memory:ce=0
Port [ Weight_g_b_V_3]:  wired=0; compound=1; hidden=1; nouse=1; global=1; static=0; extern=0; dir=0; type=1; pingpong=0; private_global=0; linkage=0; visibility=0; MemPort=[1]; IO mode=ap_memory:ce=0
Port [ Weight_o_b_V_3]:  wired=0; compound=1; hidden=1; nouse=1; global=1; static=0; extern=0; dir=0; type=1; pingpong=0; private_global=0; linkage=0; visibility=0; MemPort=[1]; IO mode=ap_memory:ce=0
Port [ Weight_i_b_V_4]:  wired=0; compound=1; hidden=1; nouse=1; global=1; static=0; extern=0; dir=0; type=1; pingpong=0; private_global=0; linkage=0; visibility=0; MemPort=[1]; IO mode=ap_memory:ce=0
Port [ Weight_f_b_V_4]:  wired=0; compound=1; hidden=1; nouse=1; global=1; static=0; extern=0; dir=0; type=1; pingpong=0; private_global=0; linkage=0; visibility=0; MemPort=[1]; IO mode=ap_memory:ce=0
Port [ Weight_g_b_V_4]:  wired=0; compound=1; hidden=1; nouse=1; global=1; static=0; extern=0; dir=0; type=1; pingpong=0; private_global=0; linkage=0; visibility=0; MemPort=[1]; IO mode=ap_memory:ce=0
Port [ Weight_o_b_V_4]:  wired=0; compound=1; hidden=1; nouse=1; global=1; static=0; extern=0; dir=0; type=1; pingpong=0; private_global=0; linkage=0; visibility=0; MemPort=[1]; IO mode=ap_memory:ce=0
Port [ Weight_i_b_V_5]:  wired=0; compound=1; hidden=1; nouse=1; global=1; static=0; extern=0; dir=0; type=1; pingpong=0; private_global=0; linkage=0; visibility=0; MemPort=[1]; IO mode=ap_memory:ce=0
Port [ Weight_f_b_V_5]:  wired=0; compound=1; hidden=1; nouse=1; global=1; static=0; extern=0; dir=0; type=1; pingpong=0; private_global=0; linkage=0; visibility=0; MemPort=[1]; IO mode=ap_memory:ce=0
Port [ Weight_g_b_V_5]:  wired=0; compound=1; hidden=1; nouse=1; global=1; static=0; extern=0; dir=0; type=1; pingpong=0; private_global=0; linkage=0; visibility=0; MemPort=[1]; IO mode=ap_memory:ce=0
Port [ Weight_o_b_V_5]:  wired=0; compound=1; hidden=1; nouse=1; global=1; static=0; extern=0; dir=0; type=1; pingpong=0; private_global=0; linkage=0; visibility=0; MemPort=[1]; IO mode=ap_memory:ce=0
Port [ Weight_i_b_V_6]:  wired=0; compound=1; hidden=1; nouse=1; global=1; static=0; extern=0; dir=0; type=1; pingpong=0; private_global=0; linkage=0; visibility=0; MemPort=[1]; IO mode=ap_memory:ce=0
Port [ Weight_f_b_V_6]:  wired=0; compound=1; hidden=1; nouse=1; global=1; static=0; extern=0; dir=0; type=1; pingpong=0; private_global=0; linkage=0; visibility=0; MemPort=[1]; IO mode=ap_memory:ce=0
Port [ Weight_g_b_V_6]:  wired=0; compound=1; hidden=1; nouse=1; global=1; static=0; extern=0; dir=0; type=1; pingpong=0; private_global=0; linkage=0; visibility=0; MemPort=[1]; IO mode=ap_memory:ce=0
Port [ Weight_o_b_V_6]:  wired=0; compound=1; hidden=1; nouse=1; global=1; static=0; extern=0; dir=0; type=1; pingpong=0; private_global=0; linkage=0; visibility=0; MemPort=[1]; IO mode=ap_memory:ce=0
Port [ Weight_i_b_V_7]:  wired=0; compound=1; hidden=1; nouse=1; global=1; static=0; extern=0; dir=0; type=1; pingpong=0; private_global=0; linkage=0; visibility=0; MemPort=[1]; IO mode=ap_memory:ce=0
Port [ Weight_f_b_V_7]:  wired=0; compound=1; hidden=1; nouse=1; global=1; static=0; extern=0; dir=0; type=1; pingpong=0; private_global=0; linkage=0; visibility=0; MemPort=[1]; IO mode=ap_memory:ce=0
Port [ Weight_g_b_V_7]:  wired=0; compound=1; hidden=1; nouse=1; global=1; static=0; extern=0; dir=0; type=1; pingpong=0; private_global=0; linkage=0; visibility=0; MemPort=[1]; IO mode=ap_memory:ce=0
Port [ Weight_o_b_V_7]:  wired=0; compound=1; hidden=1; nouse=1; global=1; static=0; extern=0; dir=0; type=1; pingpong=0; private_global=0; linkage=0; visibility=0; MemPort=[1]; IO mode=ap_memory:ce=0
---------------- STG Properties END ------------------

---------------- Datapath Model BEGIN ----------------

<LifeTime>
<method=bitvector/>
valid_len_c10_i (alloca              ) [ 01111]
valid_len_c_i   (alloca              ) [ 01111]
StgValue_7      (call                ) [ 00000]
call_ret        (call                ) [ 00000]
h_f_0_0_V       (extractvalue        ) [ 00001]
h_f_0_1_V       (extractvalue        ) [ 00001]
h_f_0_2_V       (extractvalue        ) [ 00001]
h_f_0_3_V       (extractvalue        ) [ 00001]
h_f_0_4_V       (extractvalue        ) [ 00001]
h_f_0_5_V       (extractvalue        ) [ 00001]
h_f_0_6_V       (extractvalue        ) [ 00001]
h_f_1_0_V       (extractvalue        ) [ 00001]
h_f_1_1_V       (extractvalue        ) [ 00001]
h_f_1_2_V       (extractvalue        ) [ 00001]
h_f_1_3_V       (extractvalue        ) [ 00001]
h_f_1_4_V       (extractvalue        ) [ 00001]
h_f_1_5_V       (extractvalue        ) [ 00001]
h_f_1_6_V       (extractvalue        ) [ 00001]
h_f_2_0_V       (extractvalue        ) [ 00001]
h_f_2_1_V       (extractvalue        ) [ 00001]
h_f_2_2_V       (extractvalue        ) [ 00001]
h_f_2_3_V       (extractvalue        ) [ 00001]
h_f_2_4_V       (extractvalue        ) [ 00001]
h_f_2_5_V       (extractvalue        ) [ 00001]
h_f_3_0_V       (extractvalue        ) [ 00001]
h_f_3_1_V       (extractvalue        ) [ 00001]
h_f_3_2_V       (extractvalue        ) [ 00001]
h_f_3_3_V       (extractvalue        ) [ 00001]
h_f_3_4_V       (extractvalue        ) [ 00001]
h_f_3_5_V       (extractvalue        ) [ 00001]
h_f_4_0_V       (extractvalue        ) [ 00001]
h_f_4_1_V       (extractvalue        ) [ 00001]
h_f_4_2_V       (extractvalue        ) [ 00001]
h_f_4_3_V       (extractvalue        ) [ 00001]
h_f_4_4_V       (extractvalue        ) [ 00001]
h_f_4_5_V       (extractvalue        ) [ 00001]
h_f_5_0_V       (extractvalue        ) [ 00001]
h_f_5_1_V       (extractvalue        ) [ 00001]
h_f_5_2_V       (extractvalue        ) [ 00001]
h_f_5_3_V       (extractvalue        ) [ 00001]
h_f_5_4_V       (extractvalue        ) [ 00001]
h_f_5_5_V       (extractvalue        ) [ 00001]
h_f_6_0_V       (extractvalue        ) [ 00001]
h_f_6_1_V       (extractvalue        ) [ 00001]
h_f_6_2_V       (extractvalue        ) [ 00001]
h_f_6_3_V       (extractvalue        ) [ 00001]
h_f_6_4_V       (extractvalue        ) [ 00001]
h_f_6_5_V       (extractvalue        ) [ 00001]
h_f_7_0_V       (extractvalue        ) [ 00001]
h_f_7_1_V       (extractvalue        ) [ 00001]
h_f_7_2_V       (extractvalue        ) [ 00001]
h_f_7_3_V       (extractvalue        ) [ 00001]
h_f_7_4_V       (extractvalue        ) [ 00001]
h_f_7_5_V       (extractvalue        ) [ 00001]
call_ret1       (call                ) [ 00000]
h_b_0_0_V       (extractvalue        ) [ 00001]
h_b_0_1_V       (extractvalue        ) [ 00001]
h_b_0_2_V       (extractvalue        ) [ 00001]
h_b_0_3_V       (extractvalue        ) [ 00001]
h_b_0_4_V       (extractvalue        ) [ 00001]
h_b_0_5_V       (extractvalue        ) [ 00001]
h_b_0_6_V       (extractvalue        ) [ 00001]
h_b_1_0_V       (extractvalue        ) [ 00001]
h_b_1_1_V       (extractvalue        ) [ 00001]
h_b_1_2_V       (extractvalue        ) [ 00001]
h_b_1_3_V       (extractvalue        ) [ 00001]
h_b_1_4_V       (extractvalue        ) [ 00001]
h_b_1_5_V       (extractvalue        ) [ 00001]
h_b_1_6_V       (extractvalue        ) [ 00001]
h_b_2_0_V       (extractvalue        ) [ 00001]
h_b_2_1_V       (extractvalue        ) [ 00001]
h_b_2_2_V       (extractvalue        ) [ 00001]
h_b_2_3_V       (extractvalue        ) [ 00001]
h_b_2_4_V       (extractvalue        ) [ 00001]
h_b_2_5_V       (extractvalue        ) [ 00001]
h_b_3_0_V       (extractvalue        ) [ 00001]
h_b_3_1_V       (extractvalue        ) [ 00001]
h_b_3_2_V       (extractvalue        ) [ 00001]
h_b_3_3_V       (extractvalue        ) [ 00001]
h_b_3_4_V       (extractvalue        ) [ 00001]
h_b_3_5_V       (extractvalue        ) [ 00001]
h_b_4_0_V       (extractvalue        ) [ 00001]
h_b_4_1_V       (extractvalue        ) [ 00001]
h_b_4_2_V       (extractvalue        ) [ 00001]
h_b_4_3_V       (extractvalue        ) [ 00001]
h_b_4_4_V       (extractvalue        ) [ 00001]
h_b_4_5_V       (extractvalue        ) [ 00001]
h_b_5_0_V       (extractvalue        ) [ 00001]
h_b_5_1_V       (extractvalue        ) [ 00001]
h_b_5_2_V       (extractvalue        ) [ 00001]
h_b_5_3_V       (extractvalue        ) [ 00001]
h_b_5_4_V       (extractvalue        ) [ 00001]
h_b_5_5_V       (extractvalue        ) [ 00001]
h_b_6_0_V       (extractvalue        ) [ 00001]
h_b_6_1_V       (extractvalue        ) [ 00001]
h_b_6_2_V       (extractvalue        ) [ 00001]
h_b_6_3_V       (extractvalue        ) [ 00001]
h_b_6_4_V       (extractvalue        ) [ 00001]
h_b_6_5_V       (extractvalue        ) [ 00001]
h_b_7_0_V       (extractvalue        ) [ 00001]
h_b_7_1_V       (extractvalue        ) [ 00001]
h_b_7_2_V       (extractvalue        ) [ 00001]
h_b_7_3_V       (extractvalue        ) [ 00001]
h_b_7_4_V       (extractvalue        ) [ 00001]
h_b_7_5_V       (extractvalue        ) [ 00001]
StgValue_113    (specinterface       ) [ 00000]
StgValue_114    (specdataflowpipeline) [ 00000]
empty           (specchannel         ) [ 00000]
StgValue_116    (specinterface       ) [ 00000]
empty_97        (specchannel         ) [ 00000]
StgValue_118    (specinterface       ) [ 00000]
StgValue_119    (call                ) [ 00000]
StgValue_120    (ret                 ) [ 00000]
</LifeTime>

<model>

<comp_list>
<comp id="0" class="1000" name="input_f_V">
<pin_list>
<pin id="1" dir="1" index="0" bw="1" slack="0"/>
</pin_list>
<bind>
<StgValue><ssdm name="input_f_V"/><MemPortTyVec>1 1 </MemPortTyVec>
</StgValue>
</bind>
</comp>

<comp id="2" class="1000" name="input_b_V">
<pin_list>
<pin id="3" dir="1" index="0" bw="1" slack="0"/>
</pin_list>
<bind>
<StgValue><ssdm name="input_b_V"/><MemPortTyVec>1 1 </MemPortTyVec>
</StgValue>
</bind>
</comp>

<comp id="4" class="1000" name="valid_len">
<pin_list>
<pin id="5" dir="1" index="0" bw="1" slack="0"/>
</pin_list>
<bind>
<StgValue><ssdm name="valid_len"/></StgValue>
</bind>
</comp>

<comp id="6" class="1000" name="h_out_0_V">
<pin_list>
<pin id="7" dir="1" index="0" bw="1" slack="0"/>
</pin_list>
<bind>
<StgValue><ssdm name="h_out_0_V"/><MemPortTyVec>0 0 </MemPortTyVec>
</StgValue>
</bind>
</comp>

<comp id="8" class="1000" name="h_out_1_V">
<pin_list>
<pin id="9" dir="1" index="0" bw="1" slack="0"/>
</pin_list>
<bind>
<StgValue><ssdm name="h_out_1_V"/><MemPortTyVec>0 0 </MemPortTyVec>
</StgValue>
</bind>
</comp>

<comp id="10" class="1000" name="h_out_2_V">
<pin_list>
<pin id="11" dir="1" index="0" bw="1" slack="0"/>
</pin_list>
<bind>
<StgValue><ssdm name="h_out_2_V"/><MemPortTyVec>0 0 </MemPortTyVec>
</StgValue>
</bind>
</comp>

<comp id="12" class="1000" name="h_out_3_V">
<pin_list>
<pin id="13" dir="1" index="0" bw="1" slack="0"/>
</pin_list>
<bind>
<StgValue><ssdm name="h_out_3_V"/><MemPortTyVec>0 0 </MemPortTyVec>
</StgValue>
</bind>
</comp>

<comp id="14" class="1000" name="h_out_4_V">
<pin_list>
<pin id="15" dir="1" index="0" bw="1" slack="0"/>
</pin_list>
<bind>
<StgValue><ssdm name="h_out_4_V"/><MemPortTyVec>0 0 </MemPortTyVec>
</StgValue>
</bind>
</comp>

<comp id="16" class="1000" name="h_out_5_V">
<pin_list>
<pin id="17" dir="1" index="0" bw="1" slack="0"/>
</pin_list>
<bind>
<StgValue><ssdm name="h_out_5_V"/><MemPortTyVec>0 0 </MemPortTyVec>
</StgValue>
</bind>
</comp>

<comp id="18" class="1000" name="h_out_6_V">
<pin_list>
<pin id="19" dir="1" index="0" bw="1" slack="0"/>
</pin_list>
<bind>
<StgValue><ssdm name="h_out_6_V"/><MemPortTyVec>0 0 </MemPortTyVec>
</StgValue>
</bind>
</comp>

<comp id="20" class="1000" name="h_out_7_V">
<pin_list>
<pin id="21" dir="1" index="0" bw="1" slack="0"/>
</pin_list>
<bind>
<StgValue><ssdm name="h_out_7_V"/><MemPortTyVec>0 0 </MemPortTyVec>
</StgValue>
</bind>
</comp>

<comp id="22" class="1000" name="Weight_i_f_V_0">
<pin_list>
<pin id="23" dir="1" index="0" bw="1" slack="0"/>
</pin_list>
<bind>
<StgValue><ssdm name="Weight_i_f_V_0"/><MemPortTyVec>1 </MemPortTyVec>
</StgValue>
</bind>
</comp>

<comp id="24" class="1000" name="Weight_f_f_V_0">
<pin_list>
<pin id="25" dir="1" index="0" bw="1" slack="0"/>
</pin_list>
<bind>
<StgValue><ssdm name="Weight_f_f_V_0"/><MemPortTyVec>1 </MemPortTyVec>
</StgValue>
</bind>
</comp>

<comp id="26" class="1000" name="Weight_g_f_V_0">
<pin_list>
<pin id="27" dir="1" index="0" bw="1" slack="0"/>
</pin_list>
<bind>
<StgValue><ssdm name="Weight_g_f_V_0"/><MemPortTyVec>1 </MemPortTyVec>
</StgValue>
</bind>
</comp>

<comp id="28" class="1000" name="Weight_o_f_V_0">
<pin_list>
<pin id="29" dir="1" index="0" bw="1" slack="0"/>
</pin_list>
<bind>
<StgValue><ssdm name="Weight_o_f_V_0"/><MemPortTyVec>1 </MemPortTyVec>
</StgValue>
</bind>
</comp>

<comp id="30" class="1000" name="Weight_i_f_V_1">
<pin_list>
<pin id="31" dir="1" index="0" bw="1" slack="0"/>
</pin_list>
<bind>
<StgValue><ssdm name="Weight_i_f_V_1"/><MemPortTyVec>1 </MemPortTyVec>
</StgValue>
</bind>
</comp>

<comp id="32" class="1000" name="Weight_f_f_V_1">
<pin_list>
<pin id="33" dir="1" index="0" bw="1" slack="0"/>
</pin_list>
<bind>
<StgValue><ssdm name="Weight_f_f_V_1"/><MemPortTyVec>1 </MemPortTyVec>
</StgValue>
</bind>
</comp>

<comp id="34" class="1000" name="Weight_g_f_V_1">
<pin_list>
<pin id="35" dir="1" index="0" bw="1" slack="0"/>
</pin_list>
<bind>
<StgValue><ssdm name="Weight_g_f_V_1"/><MemPortTyVec>1 </MemPortTyVec>
</StgValue>
</bind>
</comp>

<comp id="36" class="1000" name="Weight_o_f_V_1">
<pin_list>
<pin id="37" dir="1" index="0" bw="1" slack="0"/>
</pin_list>
<bind>
<StgValue><ssdm name="Weight_o_f_V_1"/><MemPortTyVec>1 </MemPortTyVec>
</StgValue>
</bind>
</comp>

<comp id="38" class="1000" name="Weight_i_f_V_2">
<pin_list>
<pin id="39" dir="1" index="0" bw="1" slack="0"/>
</pin_list>
<bind>
<StgValue><ssdm name="Weight_i_f_V_2"/><MemPortTyVec>1 </MemPortTyVec>
</StgValue>
</bind>
</comp>

<comp id="40" class="1000" name="Weight_f_f_V_2">
<pin_list>
<pin id="41" dir="1" index="0" bw="1" slack="0"/>
</pin_list>
<bind>
<StgValue><ssdm name="Weight_f_f_V_2"/><MemPortTyVec>1 </MemPortTyVec>
</StgValue>
</bind>
</comp>

<comp id="42" class="1000" name="Weight_g_f_V_2">
<pin_list>
<pin id="43" dir="1" index="0" bw="1" slack="0"/>
</pin_list>
<bind>
<StgValue><ssdm name="Weight_g_f_V_2"/><MemPortTyVec>1 </MemPortTyVec>
</StgValue>
</bind>
</comp>

<comp id="44" class="1000" name="Weight_o_f_V_2">
<pin_list>
<pin id="45" dir="1" index="0" bw="1" slack="0"/>
</pin_list>
<bind>
<StgValue><ssdm name="Weight_o_f_V_2"/><MemPortTyVec>1 </MemPortTyVec>
</StgValue>
</bind>
</comp>

<comp id="46" class="1000" name="Weight_i_f_V_3">
<pin_list>
<pin id="47" dir="1" index="0" bw="1" slack="0"/>
</pin_list>
<bind>
<StgValue><ssdm name="Weight_i_f_V_3"/><MemPortTyVec>1 </MemPortTyVec>
</StgValue>
</bind>
</comp>

<comp id="48" class="1000" name="Weight_f_f_V_3">
<pin_list>
<pin id="49" dir="1" index="0" bw="1" slack="0"/>
</pin_list>
<bind>
<StgValue><ssdm name="Weight_f_f_V_3"/><MemPortTyVec>1 </MemPortTyVec>
</StgValue>
</bind>
</comp>

<comp id="50" class="1000" name="Weight_g_f_V_3">
<pin_list>
<pin id="51" dir="1" index="0" bw="1" slack="0"/>
</pin_list>
<bind>
<StgValue><ssdm name="Weight_g_f_V_3"/><MemPortTyVec>1 </MemPortTyVec>
</StgValue>
</bind>
</comp>

<comp id="52" class="1000" name="Weight_o_f_V_3">
<pin_list>
<pin id="53" dir="1" index="0" bw="1" slack="0"/>
</pin_list>
<bind>
<StgValue><ssdm name="Weight_o_f_V_3"/><MemPortTyVec>1 </MemPortTyVec>
</StgValue>
</bind>
</comp>

<comp id="54" class="1000" name="Weight_i_f_V_4">
<pin_list>
<pin id="55" dir="1" index="0" bw="1" slack="0"/>
</pin_list>
<bind>
<StgValue><ssdm name="Weight_i_f_V_4"/><MemPortTyVec>1 </MemPortTyVec>
</StgValue>
</bind>
</comp>

<comp id="56" class="1000" name="Weight_f_f_V_4">
<pin_list>
<pin id="57" dir="1" index="0" bw="1" slack="0"/>
</pin_list>
<bind>
<StgValue><ssdm name="Weight_f_f_V_4"/><MemPortTyVec>1 </MemPortTyVec>
</StgValue>
</bind>
</comp>

<comp id="58" class="1000" name="Weight_g_f_V_4">
<pin_list>
<pin id="59" dir="1" index="0" bw="1" slack="0"/>
</pin_list>
<bind>
<StgValue><ssdm name="Weight_g_f_V_4"/><MemPortTyVec>1 </MemPortTyVec>
</StgValue>
</bind>
</comp>

<comp id="60" class="1000" name="Weight_o_f_V_4">
<pin_list>
<pin id="61" dir="1" index="0" bw="1" slack="0"/>
</pin_list>
<bind>
<StgValue><ssdm name="Weight_o_f_V_4"/><MemPortTyVec>1 </MemPortTyVec>
</StgValue>
</bind>
</comp>

<comp id="62" class="1000" name="Weight_i_f_V_5">
<pin_list>
<pin id="63" dir="1" index="0" bw="1" slack="0"/>
</pin_list>
<bind>
<StgValue><ssdm name="Weight_i_f_V_5"/><MemPortTyVec>1 </MemPortTyVec>
</StgValue>
</bind>
</comp>

<comp id="64" class="1000" name="Weight_f_f_V_5">
<pin_list>
<pin id="65" dir="1" index="0" bw="1" slack="0"/>
</pin_list>
<bind>
<StgValue><ssdm name="Weight_f_f_V_5"/><MemPortTyVec>1 </MemPortTyVec>
</StgValue>
</bind>
</comp>

<comp id="66" class="1000" name="Weight_g_f_V_5">
<pin_list>
<pin id="67" dir="1" index="0" bw="1" slack="0"/>
</pin_list>
<bind>
<StgValue><ssdm name="Weight_g_f_V_5"/><MemPortTyVec>1 </MemPortTyVec>
</StgValue>
</bind>
</comp>

<comp id="68" class="1000" name="Weight_o_f_V_5">
<pin_list>
<pin id="69" dir="1" index="0" bw="1" slack="0"/>
</pin_list>
<bind>
<StgValue><ssdm name="Weight_o_f_V_5"/><MemPortTyVec>1 </MemPortTyVec>
</StgValue>
</bind>
</comp>

<comp id="70" class="1000" name="Weight_i_f_V_6">
<pin_list>
<pin id="71" dir="1" index="0" bw="1" slack="0"/>
</pin_list>
<bind>
<StgValue><ssdm name="Weight_i_f_V_6"/><MemPortTyVec>1 </MemPortTyVec>
</StgValue>
</bind>
</comp>

<comp id="72" class="1000" name="Weight_f_f_V_6">
<pin_list>
<pin id="73" dir="1" index="0" bw="1" slack="0"/>
</pin_list>
<bind>
<StgValue><ssdm name="Weight_f_f_V_6"/><MemPortTyVec>1 </MemPortTyVec>
</StgValue>
</bind>
</comp>

<comp id="74" class="1000" name="Weight_g_f_V_6">
<pin_list>
<pin id="75" dir="1" index="0" bw="1" slack="0"/>
</pin_list>
<bind>
<StgValue><ssdm name="Weight_g_f_V_6"/><MemPortTyVec>1 </MemPortTyVec>
</StgValue>
</bind>
</comp>

<comp id="76" class="1000" name="Weight_o_f_V_6">
<pin_list>
<pin id="77" dir="1" index="0" bw="1" slack="0"/>
</pin_list>
<bind>
<StgValue><ssdm name="Weight_o_f_V_6"/><MemPortTyVec>1 </MemPortTyVec>
</StgValue>
</bind>
</comp>

<comp id="78" class="1000" name="Weight_i_f_V_7">
<pin_list>
<pin id="79" dir="1" index="0" bw="1" slack="0"/>
</pin_list>
<bind>
<StgValue><ssdm name="Weight_i_f_V_7"/><MemPortTyVec>1 </MemPortTyVec>
</StgValue>
</bind>
</comp>

<comp id="80" class="1000" name="Weight_f_f_V_7">
<pin_list>
<pin id="81" dir="1" index="0" bw="1" slack="0"/>
</pin_list>
<bind>
<StgValue><ssdm name="Weight_f_f_V_7"/><MemPortTyVec>1 </MemPortTyVec>
</StgValue>
</bind>
</comp>

<comp id="82" class="1000" name="Weight_g_f_V_7">
<pin_list>
<pin id="83" dir="1" index="0" bw="1" slack="0"/>
</pin_list>
<bind>
<StgValue><ssdm name="Weight_g_f_V_7"/><MemPortTyVec>1 </MemPortTyVec>
</StgValue>
</bind>
</comp>

<comp id="84" class="1000" name="Weight_o_f_V_7">
<pin_list>
<pin id="85" dir="1" index="0" bw="1" slack="0"/>
</pin_list>
<bind>
<StgValue><ssdm name="Weight_o_f_V_7"/><MemPortTyVec>1 </MemPortTyVec>
</StgValue>
</bind>
</comp>

<comp id="86" class="1000" name="sigmoid_lut_V">
<pin_list>
<pin id="87" dir="1" index="0" bw="1" slack="0"/>
</pin_list>
<bind>
<StgValue><ssdm name="sigmoid_lut_V"/><MemPortTyVec>1 </MemPortTyVec>
</StgValue>
</bind>
</comp>

<comp id="88" class="1000" name="tanh_lut_V163">
<pin_list>
<pin id="89" dir="1" index="0" bw="1" slack="0"/>
</pin_list>
<bind>
<StgValue><ssdm name="tanh_lut_V163"/><MemPortTyVec>1 </MemPortTyVec>
</StgValue>
</bind>
</comp>

<comp id="90" class="1000" name="tanh_lut_V162">
<pin_list>
<pin id="91" dir="1" index="0" bw="1" slack="0"/>
</pin_list>
<bind>
<StgValue><ssdm name="tanh_lut_V162"/><MemPortTyVec>1 </MemPortTyVec>
</StgValue>
</bind>
</comp>

<comp id="92" class="1000" name="tanh_lut_V">
<pin_list>
<pin id="93" dir="1" index="0" bw="1" slack="0"/>
</pin_list>
<bind>
<StgValue><ssdm name="tanh_lut_V"/><MemPortTyVec>1 1 1 1 1 1 </MemPortTyVec>
</StgValue>
</bind>
</comp>

<comp id="94" class="1000" name="Weight_i_b_V_0">
<pin_list>
<pin id="95" dir="1" index="0" bw="1" slack="0"/>
</pin_list>
<bind>
<StgValue><ssdm name="Weight_i_b_V_0"/><MemPortTyVec>1 </MemPortTyVec>
</StgValue>
</bind>
</comp>

<comp id="96" class="1000" name="Weight_f_b_V_0">
<pin_list>
<pin id="97" dir="1" index="0" bw="1" slack="0"/>
</pin_list>
<bind>
<StgValue><ssdm name="Weight_f_b_V_0"/><MemPortTyVec>1 </MemPortTyVec>
</StgValue>
</bind>
</comp>

<comp id="98" class="1000" name="Weight_g_b_V_0">
<pin_list>
<pin id="99" dir="1" index="0" bw="1" slack="0"/>
</pin_list>
<bind>
<StgValue><ssdm name="Weight_g_b_V_0"/><MemPortTyVec>1 </MemPortTyVec>
</StgValue>
</bind>
</comp>

<comp id="100" class="1000" name="Weight_o_b_V_0">
<pin_list>
<pin id="101" dir="1" index="0" bw="1" slack="0"/>
</pin_list>
<bind>
<StgValue><ssdm name="Weight_o_b_V_0"/><MemPortTyVec>1 </MemPortTyVec>
</StgValue>
</bind>
</comp>

<comp id="102" class="1000" name="Weight_i_b_V_1">
<pin_list>
<pin id="103" dir="1" index="0" bw="1" slack="0"/>
</pin_list>
<bind>
<StgValue><ssdm name="Weight_i_b_V_1"/><MemPortTyVec>1 </MemPortTyVec>
</StgValue>
</bind>
</comp>

<comp id="104" class="1000" name="Weight_f_b_V_1">
<pin_list>
<pin id="105" dir="1" index="0" bw="1" slack="0"/>
</pin_list>
<bind>
<StgValue><ssdm name="Weight_f_b_V_1"/><MemPortTyVec>1 </MemPortTyVec>
</StgValue>
</bind>
</comp>

<comp id="106" class="1000" name="Weight_g_b_V_1">
<pin_list>
<pin id="107" dir="1" index="0" bw="1" slack="0"/>
</pin_list>
<bind>
<StgValue><ssdm name="Weight_g_b_V_1"/><MemPortTyVec>1 </MemPortTyVec>
</StgValue>
</bind>
</comp>

<comp id="108" class="1000" name="Weight_o_b_V_1">
<pin_list>
<pin id="109" dir="1" index="0" bw="1" slack="0"/>
</pin_list>
<bind>
<StgValue><ssdm name="Weight_o_b_V_1"/><MemPortTyVec>1 </MemPortTyVec>
</StgValue>
</bind>
</comp>

<comp id="110" class="1000" name="Weight_i_b_V_2">
<pin_list>
<pin id="111" dir="1" index="0" bw="1" slack="0"/>
</pin_list>
<bind>
<StgValue><ssdm name="Weight_i_b_V_2"/><MemPortTyVec>1 </MemPortTyVec>
</StgValue>
</bind>
</comp>

<comp id="112" class="1000" name="Weight_f_b_V_2">
<pin_list>
<pin id="113" dir="1" index="0" bw="1" slack="0"/>
</pin_list>
<bind>
<StgValue><ssdm name="Weight_f_b_V_2"/><MemPortTyVec>1 </MemPortTyVec>
</StgValue>
</bind>
</comp>

<comp id="114" class="1000" name="Weight_g_b_V_2">
<pin_list>
<pin id="115" dir="1" index="0" bw="1" slack="0"/>
</pin_list>
<bind>
<StgValue><ssdm name="Weight_g_b_V_2"/><MemPortTyVec>1 </MemPortTyVec>
</StgValue>
</bind>
</comp>

<comp id="116" class="1000" name="Weight_o_b_V_2">
<pin_list>
<pin id="117" dir="1" index="0" bw="1" slack="0"/>
</pin_list>
<bind>
<StgValue><ssdm name="Weight_o_b_V_2"/><MemPortTyVec>1 </MemPortTyVec>
</StgValue>
</bind>
</comp>

<comp id="118" class="1000" name="Weight_i_b_V_3">
<pin_list>
<pin id="119" dir="1" index="0" bw="1" slack="0"/>
</pin_list>
<bind>
<StgValue><ssdm name="Weight_i_b_V_3"/><MemPortTyVec>1 </MemPortTyVec>
</StgValue>
</bind>
</comp>

<comp id="120" class="1000" name="Weight_f_b_V_3">
<pin_list>
<pin id="121" dir="1" index="0" bw="1" slack="0"/>
</pin_list>
<bind>
<StgValue><ssdm name="Weight_f_b_V_3"/><MemPortTyVec>1 </MemPortTyVec>
</StgValue>
</bind>
</comp>

<comp id="122" class="1000" name="Weight_g_b_V_3">
<pin_list>
<pin id="123" dir="1" index="0" bw="1" slack="0"/>
</pin_list>
<bind>
<StgValue><ssdm name="Weight_g_b_V_3"/><MemPortTyVec>1 </MemPortTyVec>
</StgValue>
</bind>
</comp>

<comp id="124" class="1000" name="Weight_o_b_V_3">
<pin_list>
<pin id="125" dir="1" index="0" bw="1" slack="0"/>
</pin_list>
<bind>
<StgValue><ssdm name="Weight_o_b_V_3"/><MemPortTyVec>1 </MemPortTyVec>
</StgValue>
</bind>
</comp>

<comp id="126" class="1000" name="Weight_i_b_V_4">
<pin_list>
<pin id="127" dir="1" index="0" bw="1" slack="0"/>
</pin_list>
<bind>
<StgValue><ssdm name="Weight_i_b_V_4"/><MemPortTyVec>1 </MemPortTyVec>
</StgValue>
</bind>
</comp>

<comp id="128" class="1000" name="Weight_f_b_V_4">
<pin_list>
<pin id="129" dir="1" index="0" bw="1" slack="0"/>
</pin_list>
<bind>
<StgValue><ssdm name="Weight_f_b_V_4"/><MemPortTyVec>1 </MemPortTyVec>
</StgValue>
</bind>
</comp>

<comp id="130" class="1000" name="Weight_g_b_V_4">
<pin_list>
<pin id="131" dir="1" index="0" bw="1" slack="0"/>
</pin_list>
<bind>
<StgValue><ssdm name="Weight_g_b_V_4"/><MemPortTyVec>1 </MemPortTyVec>
</StgValue>
</bind>
</comp>

<comp id="132" class="1000" name="Weight_o_b_V_4">
<pin_list>
<pin id="133" dir="1" index="0" bw="1" slack="0"/>
</pin_list>
<bind>
<StgValue><ssdm name="Weight_o_b_V_4"/><MemPortTyVec>1 </MemPortTyVec>
</StgValue>
</bind>
</comp>

<comp id="134" class="1000" name="Weight_i_b_V_5">
<pin_list>
<pin id="135" dir="1" index="0" bw="1" slack="0"/>
</pin_list>
<bind>
<StgValue><ssdm name="Weight_i_b_V_5"/><MemPortTyVec>1 </MemPortTyVec>
</StgValue>
</bind>
</comp>

<comp id="136" class="1000" name="Weight_f_b_V_5">
<pin_list>
<pin id="137" dir="1" index="0" bw="1" slack="0"/>
</pin_list>
<bind>
<StgValue><ssdm name="Weight_f_b_V_5"/><MemPortTyVec>1 </MemPortTyVec>
</StgValue>
</bind>
</comp>

<comp id="138" class="1000" name="Weight_g_b_V_5">
<pin_list>
<pin id="139" dir="1" index="0" bw="1" slack="0"/>
</pin_list>
<bind>
<StgValue><ssdm name="Weight_g_b_V_5"/><MemPortTyVec>1 </MemPortTyVec>
</StgValue>
</bind>
</comp>

<comp id="140" class="1000" name="Weight_o_b_V_5">
<pin_list>
<pin id="141" dir="1" index="0" bw="1" slack="0"/>
</pin_list>
<bind>
<StgValue><ssdm name="Weight_o_b_V_5"/><MemPortTyVec>1 </MemPortTyVec>
</StgValue>
</bind>
</comp>

<comp id="142" class="1000" name="Weight_i_b_V_6">
<pin_list>
<pin id="143" dir="1" index="0" bw="1" slack="0"/>
</pin_list>
<bind>
<StgValue><ssdm name="Weight_i_b_V_6"/><MemPortTyVec>1 </MemPortTyVec>
</StgValue>
</bind>
</comp>

<comp id="144" class="1000" name="Weight_f_b_V_6">
<pin_list>
<pin id="145" dir="1" index="0" bw="1" slack="0"/>
</pin_list>
<bind>
<StgValue><ssdm name="Weight_f_b_V_6"/><MemPortTyVec>1 </MemPortTyVec>
</StgValue>
</bind>
</comp>

<comp id="146" class="1000" name="Weight_g_b_V_6">
<pin_list>
<pin id="147" dir="1" index="0" bw="1" slack="0"/>
</pin_list>
<bind>
<StgValue><ssdm name="Weight_g_b_V_6"/><MemPortTyVec>1 </MemPortTyVec>
</StgValue>
</bind>
</comp>

<comp id="148" class="1000" name="Weight_o_b_V_6">
<pin_list>
<pin id="149" dir="1" index="0" bw="1" slack="0"/>
</pin_list>
<bind>
<StgValue><ssdm name="Weight_o_b_V_6"/><MemPortTyVec>1 </MemPortTyVec>
</StgValue>
</bind>
</comp>

<comp id="150" class="1000" name="Weight_i_b_V_7">
<pin_list>
<pin id="151" dir="1" index="0" bw="1" slack="0"/>
</pin_list>
<bind>
<StgValue><ssdm name="Weight_i_b_V_7"/><MemPortTyVec>1 </MemPortTyVec>
</StgValue>
</bind>
</comp>

<comp id="152" class="1000" name="Weight_f_b_V_7">
<pin_list>
<pin id="153" dir="1" index="0" bw="1" slack="0"/>
</pin_list>
<bind>
<StgValue><ssdm name="Weight_f_b_V_7"/><MemPortTyVec>1 </MemPortTyVec>
</StgValue>
</bind>
</comp>

<comp id="154" class="1000" name="Weight_g_b_V_7">
<pin_list>
<pin id="155" dir="1" index="0" bw="1" slack="0"/>
</pin_list>
<bind>
<StgValue><ssdm name="Weight_g_b_V_7"/><MemPortTyVec>1 </MemPortTyVec>
</StgValue>
</bind>
</comp>

<comp id="156" class="1000" name="Weight_o_b_V_7">
<pin_list>
<pin id="157" dir="1" index="0" bw="1" slack="0"/>
</pin_list>
<bind>
<StgValue><ssdm name="Weight_o_b_V_7"/><MemPortTyVec>1 </MemPortTyVec>
</StgValue>
</bind>
</comp>

<comp id="158" class="1001" name="const_158">
<pin_list>
<pin id="159" dir="1" index="0" bw="1" slack="0"/>
</pin_list>
<bind>
<StgValue><ssdm name=""/></StgValue>
</bind>
</comp>

<comp id="160" class="1001" name="const_160">
<pin_list>
<pin id="161" dir="1" index="0" bw="1" slack="0"/>
</pin_list>
<bind>
<StgValue><ssdm name="compute_bilstm.entry"/></StgValue>
</bind>
</comp>

<comp id="162" class="1001" name="const_162">
<pin_list>
<pin id="163" dir="1" index="0" bw="1" slack="0"/>
</pin_list>
<bind>
<StgValue><ssdm name="lstm_forward"/></StgValue>
</bind>
</comp>

<comp id="164" class="1001" name="const_164">
<pin_list>
<pin id="165" dir="1" index="0" bw="1" slack="0"/>
</pin_list>
<bind>
<StgValue><ssdm name="lstm_backward"/></StgValue>
</bind>
</comp>

<comp id="166" class="1001" name="const_166">
<pin_list>
<pin id="167" dir="1" index="0" bw="1" slack="0"/>
</pin_list>
<bind>
<StgValue><ssdm name="merge_output"/></StgValue>
</bind>
</comp>

<comp id="168" class="1001" name="const_168">
<pin_list>
<pin id="169" dir="1" index="0" bw="1" slack="2147483647"/>
</pin_list>
<bind>
<StgValue><ssdm name="_ssdm_op_SpecInterface"/></StgValue>
</bind>
</comp>

<comp id="170" class="1001" name="const_170">
<pin_list>
<pin id="171" dir="1" index="0" bw="1" slack="2147483647"/>
</pin_list>
<bind>
<StgValue><ssdm name="ap_fifo_str"/></StgValue>
</bind>
</comp>

<comp id="172" class="1001" name="const_172">
<pin_list>
<pin id="173" dir="1" index="0" bw="1" slack="2147483647"/>
</pin_list>
<bind>
<StgValue><ssdm name=""/></StgValue>
</bind>
</comp>

<comp id="174" class="1001" name="const_174">
<pin_list>
<pin id="175" dir="1" index="0" bw="1" slack="2147483647"/>
</pin_list>
<bind>
<StgValue><ssdm name="p_str"/></StgValue>
</bind>
</comp>

<comp id="176" class="1001" name="const_176">
<pin_list>
<pin id="177" dir="1" index="0" bw="1" slack="2147483647"/>
</pin_list>
<bind>
<StgValue><ssdm name=""/></StgValue>
</bind>
</comp>

<comp id="178" class="1001" name="const_178">
<pin_list>
<pin id="179" dir="1" index="0" bw="1" slack="2147483647"/>
</pin_list>
<bind>
<StgValue><ssdm name=""/></StgValue>
</bind>
</comp>

<comp id="180" class="1001" name="const_180">
<pin_list>
<pin id="181" dir="1" index="0" bw="1" slack="2147483647"/>
</pin_list>
<bind>
<StgValue><ssdm name="ScalarProp_str"/></StgValue>
</bind>
</comp>

<comp id="182" class="1001" name="const_182">
<pin_list>
<pin id="183" dir="1" index="0" bw="1" slack="2147483647"/>
</pin_list>
<bind>
<StgValue><ssdm name="_ssdm_op_SpecDataflowPipeline"/></StgValue>
</bind>
</comp>

<comp id="184" class="1001" name="const_184">
<pin_list>
<pin id="185" dir="1" index="0" bw="1" slack="2147483647"/>
</pin_list>
<bind>
<StgValue><ssdm name=""/></StgValue>
</bind>
</comp>

<comp id="186" class="1001" name="const_186">
<pin_list>
<pin id="187" dir="1" index="0" bw="1" slack="2147483647"/>
</pin_list>
<bind>
<StgValue><ssdm name="p_str22"/></StgValue>
</bind>
</comp>

<comp id="188" class="1001" name="const_188">
<pin_list>
<pin id="189" dir="1" index="0" bw="1" slack="2147483647"/>
</pin_list>
<bind>
<StgValue><ssdm name="_ssdm_op_SpecChannel"/></StgValue>
</bind>
</comp>

<comp id="190" class="1001" name="const_190">
<pin_list>
<pin id="191" dir="1" index="0" bw="1" slack="2147483647"/>
</pin_list>
<bind>
<StgValue><ssdm name="valid_len_c_str"/></StgValue>
</bind>
</comp>

<comp id="192" class="1001" name="const_192">
<pin_list>
<pin id="193" dir="1" index="0" bw="1" slack="2147483647"/>
</pin_list>
<bind>
<StgValue><ssdm name=""/></StgValue>
</bind>
</comp>

<comp id="194" class="1001" name="const_194">
<pin_list>
<pin id="195" dir="1" index="0" bw="1" slack="2147483647"/>
</pin_list>
<bind>
<StgValue><ssdm name="valid_len_c10_str"/></StgValue>
</bind>
</comp>

<comp id="196" class="1004" name="valid_len_c10_i_fu_196">
<pin_list>
<pin id="197" dir="0" index="0" bw="1" slack="0"/>
<pin id="198" dir="1" index="1" bw="7" slack="0"/>
</pin_list>
<bind>
<opcode="alloca(26) " fcode="alloca"/>
<opset="valid_len_c10_i/1 "/>
</bind>
</comp>

<comp id="200" class="1004" name="valid_len_c_i_fu_200">
<pin_list>
<pin id="201" dir="0" index="0" bw="1" slack="0"/>
<pin id="202" dir="1" index="1" bw="7" slack="0"/>
</pin_list>
<bind>
<opcode="alloca(26) " fcode="alloca"/>
<opset="valid_len_c_i/1 "/>
</bind>
</comp>

<comp id="204" class="1004" name="grp_lstm_backward_fu_204">
<pin_list>
<pin id="205" dir="0" index="0" bw="800" slack="0"/>
<pin id="206" dir="0" index="1" bw="16" slack="0"/>
<pin id="207" dir="0" index="2" bw="7" slack="1"/>
<pin id="208" dir="0" index="3" bw="16" slack="0"/>
<pin id="209" dir="0" index="4" bw="7" slack="0"/>
<pin id="210" dir="0" index="5" bw="7" slack="0"/>
<pin id="211" dir="0" index="6" bw="7" slack="0"/>
<pin id="212" dir="0" index="7" bw="7" slack="0"/>
<pin id="213" dir="0" index="8" bw="7" slack="0"/>
<pin id="214" dir="0" index="9" bw="7" slack="0"/>
<pin id="215" dir="0" index="10" bw="7" slack="0"/>
<pin id="216" dir="0" index="11" bw="7" slack="0"/>
<pin id="217" dir="0" index="12" bw="7" slack="0"/>
<pin id="218" dir="0" index="13" bw="7" slack="0"/>
<pin id="219" dir="0" index="14" bw="7" slack="0"/>
<pin id="220" dir="0" index="15" bw="7" slack="0"/>
<pin id="221" dir="0" index="16" bw="7" slack="0"/>
<pin id="222" dir="0" index="17" bw="7" slack="0"/>
<pin id="223" dir="0" index="18" bw="7" slack="0"/>
<pin id="224" dir="0" index="19" bw="7" slack="0"/>
<pin id="225" dir="0" index="20" bw="7" slack="0"/>
<pin id="226" dir="0" index="21" bw="7" slack="0"/>
<pin id="227" dir="0" index="22" bw="7" slack="0"/>
<pin id="228" dir="0" index="23" bw="7" slack="0"/>
<pin id="229" dir="0" index="24" bw="7" slack="0"/>
<pin id="230" dir="0" index="25" bw="7" slack="0"/>
<pin id="231" dir="0" index="26" bw="7" slack="0"/>
<pin id="232" dir="0" index="27" bw="7" slack="0"/>
<pin id="233" dir="0" index="28" bw="7" slack="0"/>
<pin id="234" dir="0" index="29" bw="7" slack="0"/>
<pin id="235" dir="0" index="30" bw="7" slack="0"/>
<pin id="236" dir="0" index="31" bw="7" slack="0"/>
<pin id="237" dir="0" index="32" bw="7" slack="0"/>
<pin id="238" dir="0" index="33" bw="7" slack="0"/>
<pin id="239" dir="0" index="34" bw="6" slack="0"/>
<pin id="240" dir="0" index="35" bw="7" slack="0"/>
<pin id="241" dir="0" index="36" bw="15" slack="0"/>
<pin id="242" dir="0" index="37" bw="16" slack="0"/>
<pin id="243" dir="1" index="38" bw="800" slack="0"/>
</pin_list>
<bind>
<opcode="call(48) " fcode="call"/>
<opset="call_ret1/2 "/>
</bind>
</comp>

<comp id="281" class="1004" name="grp_lstm_forward_fu_281">
<pin_list>
<pin id="282" dir="0" index="0" bw="800" slack="0"/>
<pin id="283" dir="0" index="1" bw="16" slack="0"/>
<pin id="284" dir="0" index="2" bw="7" slack="1"/>
<pin id="285" dir="0" index="3" bw="7" slack="0"/>
<pin id="286" dir="0" index="4" bw="7" slack="0"/>
<pin id="287" dir="0" index="5" bw="7" slack="0"/>
<pin id="288" dir="0" index="6" bw="7" slack="0"/>
<pin id="289" dir="0" index="7" bw="7" slack="0"/>
<pin id="290" dir="0" index="8" bw="7" slack="0"/>
<pin id="291" dir="0" index="9" bw="7" slack="0"/>
<pin id="292" dir="0" index="10" bw="7" slack="0"/>
<pin id="293" dir="0" index="11" bw="7" slack="0"/>
<pin id="294" dir="0" index="12" bw="7" slack="0"/>
<pin id="295" dir="0" index="13" bw="7" slack="0"/>
<pin id="296" dir="0" index="14" bw="7" slack="0"/>
<pin id="297" dir="0" index="15" bw="7" slack="0"/>
<pin id="298" dir="0" index="16" bw="7" slack="0"/>
<pin id="299" dir="0" index="17" bw="7" slack="0"/>
<pin id="300" dir="0" index="18" bw="7" slack="0"/>
<pin id="301" dir="0" index="19" bw="7" slack="0"/>
<pin id="302" dir="0" index="20" bw="7" slack="0"/>
<pin id="303" dir="0" index="21" bw="7" slack="0"/>
<pin id="304" dir="0" index="22" bw="7" slack="0"/>
<pin id="305" dir="0" index="23" bw="7" slack="0"/>
<pin id="306" dir="0" index="24" bw="7" slack="0"/>
<pin id="307" dir="0" index="25" bw="7" slack="0"/>
<pin id="308" dir="0" index="26" bw="7" slack="0"/>
<pin id="309" dir="0" index="27" bw="7" slack="0"/>
<pin id="310" dir="0" index="28" bw="7" slack="0"/>
<pin id="311" dir="0" index="29" bw="7" slack="0"/>
<pin id="312" dir="0" index="30" bw="7" slack="0"/>
<pin id="313" dir="0" index="31" bw="7" slack="0"/>
<pin id="314" dir="0" index="32" bw="7" slack="0"/>
<pin id="315" dir="0" index="33" bw="7" slack="0"/>
<pin id="316" dir="0" index="34" bw="7" slack="0"/>
<pin id="317" dir="0" index="35" bw="15" slack="0"/>
<pin id="318" dir="0" index="36" bw="16" slack="0"/>
<pin id="319" dir="0" index="37" bw="16" slack="0"/>
<pin id="320" dir="1" index="38" bw="800" slack="0"/>
</pin_list>
<bind>
<opcode="call(48) " fcode="call"/>
<opset="call_ret/2 "/>
</bind>
</comp>

<comp id="358" class="1004" name="grp_merge_output_fu_358">
<pin_list>
<pin id="359" dir="0" index="0" bw="0" slack="0"/>
<pin id="360" dir="0" index="1" bw="16" slack="0"/>
<pin id="361" dir="0" index="2" bw="16" slack="0"/>
<pin id="362" dir="0" index="3" bw="16" slack="0"/>
<pin id="363" dir="0" index="4" bw="16" slack="0"/>
<pin id="364" dir="0" index="5" bw="16" slack="0"/>
<pin id="365" dir="0" index="6" bw="16" slack="0"/>
<pin id="366" dir="0" index="7" bw="16" slack="0"/>
<pin id="367" dir="0" index="8" bw="16" slack="0"/>
<pin id="368" dir="0" index="9" bw="16" slack="0"/>
<pin id="369" dir="0" index="10" bw="16" slack="0"/>
<pin id="370" dir="0" index="11" bw="16" slack="0"/>
<pin id="371" dir="0" index="12" bw="16" slack="0"/>
<pin id="372" dir="0" index="13" bw="16" slack="0"/>
<pin id="373" dir="0" index="14" bw="16" slack="0"/>
<pin id="374" dir="0" index="15" bw="16" slack="0"/>
<pin id="375" dir="0" index="16" bw="16" slack="0"/>
<pin id="376" dir="0" index="17" bw="16" slack="0"/>
<pin id="377" dir="0" index="18" bw="16" slack="0"/>
<pin id="378" dir="0" index="19" bw="16" slack="0"/>
<pin id="379" dir="0" index="20" bw="16" slack="0"/>
<pin id="380" dir="0" index="21" bw="16" slack="0"/>
<pin id="381" dir="0" index="22" bw="16" slack="0"/>
<pin id="382" dir="0" index="23" bw="16" slack="0"/>
<pin id="383" dir="0" index="24" bw="16" slack="0"/>
<pin id="384" dir="0" index="25" bw="16" slack="0"/>
<pin id="385" dir="0" index="26" bw="16" slack="0"/>
<pin id="386" dir="0" index="27" bw="16" slack="0"/>
<pin id="387" dir="0" index="28" bw="16" slack="0"/>
<pin id="388" dir="0" index="29" bw="16" slack="0"/>
<pin id="389" dir="0" index="30" bw="16" slack="0"/>
<pin id="390" dir="0" index="31" bw="16" slack="0"/>
<pin id="391" dir="0" index="32" bw="16" slack="0"/>
<pin id="392" dir="0" index="33" bw="16" slack="0"/>
<pin id="393" dir="0" index="34" bw="16" slack="0"/>
<pin id="394" dir="0" index="35" bw="16" slack="0"/>
<pin id="395" dir="0" index="36" bw="16" slack="0"/>
<pin id="396" dir="0" index="37" bw="16" slack="0"/>
<pin id="397" dir="0" index="38" bw="16" slack="0"/>
<pin id="398" dir="0" index="39" bw="16" slack="0"/>
<pin id="399" dir="0" index="40" bw="16" slack="0"/>
<pin id="400" dir="0" index="41" bw="16" slack="0"/>
<pin id="401" dir="0" index="42" bw="16" slack="0"/>
<pin id="402" dir="0" index="43" bw="16" slack="0"/>
<pin id="403" dir="0" index="44" bw="16" slack="0"/>
<pin id="404" dir="0" index="45" bw="16" slack="0"/>
<pin id="405" dir="0" index="46" bw="16" slack="0"/>
<pin id="406" dir="0" index="47" bw="16" slack="0"/>
<pin id="407" dir="0" index="48" bw="16" slack="0"/>
<pin id="408" dir="0" index="49" bw="16" slack="0"/>
<pin id="409" dir="0" index="50" bw="16" slack="0"/>
<pin id="410" dir="0" index="51" bw="16" slack="0"/>
<pin id="411" dir="0" index="52" bw="16" slack="0"/>
<pin id="412" dir="0" index="53" bw="16" slack="0"/>
<pin id="413" dir="0" index="54" bw="16" slack="0"/>
<pin id="414" dir="0" index="55" bw="16" slack="0"/>
<pin id="415" dir="0" index="56" bw="16" slack="0"/>
<pin id="416" dir="0" index="57" bw="16" slack="0"/>
<pin id="417" dir="0" index="58" bw="16" slack="0"/>
<pin id="418" dir="0" index="59" bw="16" slack="0"/>
<pin id="419" dir="0" index="60" bw="16" slack="0"/>
<pin id="420" dir="0" index="61" bw="16" slack="0"/>
<pin id="421" dir="0" index="62" bw="16" slack="0"/>
<pin id="422" dir="0" index="63" bw="16" slack="0"/>
<pin id="423" dir="0" index="64" bw="16" slack="0"/>
<pin id="424" dir="0" index="65" bw="16" slack="0"/>
<pin id="425" dir="0" index="66" bw="16" slack="0"/>
<pin id="426" dir="0" index="67" bw="16" slack="0"/>
<pin id="427" dir="0" index="68" bw="16" slack="0"/>
<pin id="428" dir="0" index="69" bw="16" slack="0"/>
<pin id="429" dir="0" index="70" bw="16" slack="0"/>
<pin id="430" dir="0" index="71" bw="16" slack="0"/>
<pin id="431" dir="0" index="72" bw="16" slack="0"/>
<pin id="432" dir="0" index="73" bw="16" slack="0"/>
<pin id="433" dir="0" index="74" bw="16" slack="0"/>
<pin id="434" dir="0" index="75" bw="16" slack="0"/>
<pin id="435" dir="0" index="76" bw="16" slack="0"/>
<pin id="436" dir="0" index="77" bw="16" slack="0"/>
<pin id="437" dir="0" index="78" bw="16" slack="0"/>
<pin id="438" dir="0" index="79" bw="16" slack="0"/>
<pin id="439" dir="0" index="80" bw="16" slack="0"/>
<pin id="440" dir="0" index="81" bw="16" slack="0"/>
<pin id="441" dir="0" index="82" bw="16" slack="0"/>
<pin id="442" dir="0" index="83" bw="16" slack="0"/>
<pin id="443" dir="0" index="84" bw="16" slack="0"/>
<pin id="444" dir="0" index="85" bw="16" slack="0"/>
<pin id="445" dir="0" index="86" bw="16" slack="0"/>
<pin id="446" dir="0" index="87" bw="16" slack="0"/>
<pin id="447" dir="0" index="88" bw="16" slack="0"/>
<pin id="448" dir="0" index="89" bw="16" slack="0"/>
<pin id="449" dir="0" index="90" bw="16" slack="0"/>
<pin id="450" dir="0" index="91" bw="16" slack="0"/>
<pin id="451" dir="0" index="92" bw="16" slack="0"/>
<pin id="452" dir="0" index="93" bw="16" slack="0"/>
<pin id="453" dir="0" index="94" bw="16" slack="0"/>
<pin id="454" dir="0" index="95" bw="16" slack="0"/>
<pin id="455" dir="0" index="96" bw="16" slack="0"/>
<pin id="456" dir="0" index="97" bw="16" slack="0"/>
<pin id="457" dir="0" index="98" bw="16" slack="0"/>
<pin id="458" dir="0" index="99" bw="16" slack="0"/>
<pin id="459" dir="0" index="100" bw="16" slack="0"/>
<pin id="460" dir="0" index="101" bw="16" slack="0"/>
<pin id="461" dir="0" index="102" bw="16" slack="0"/>
<pin id="462" dir="0" index="103" bw="16" slack="0"/>
<pin id="463" dir="0" index="104" bw="16" slack="0"/>
<pin id="464" dir="0" index="105" bw="16" slack="0"/>
<pin id="465" dir="0" index="106" bw="16" slack="0"/>
<pin id="466" dir="0" index="107" bw="16" slack="0"/>
<pin id="467" dir="0" index="108" bw="16" slack="0"/>
<pin id="468" dir="1" index="109" bw="0" slack="2147483647"/>
</pin_list>
<bind>
<opcode="call(48) " fcode="call"/>
<opset="StgValue_112/3 "/>
</bind>
</comp>

<comp id="478" class="1004" name="StgValue_7_compute_bilstm_entry_fu_478">
<pin_list>
<pin id="479" dir="0" index="0" bw="0" slack="0"/>
<pin id="480" dir="0" index="1" bw="7" slack="0"/>
<pin id="481" dir="0" index="2" bw="7" slack="0"/>
<pin id="482" dir="0" index="3" bw="7" slack="0"/>
<pin id="483" dir="1" index="4" bw="0" slack="2147483647"/>
</pin_list>
<bind>
<opcode="call(48) " fcode="call"/>
<opset="StgValue_7/1 "/>
</bind>
</comp>

<comp id="486" class="1004" name="h_f_0_0_V_fu_486">
<pin_list>
<pin id="487" dir="0" index="0" bw="800" slack="0"/>
<pin id="488" dir="1" index="1" bw="16" slack="0"/>
</pin_list>
<bind>
<opcode="extractvalue(56) " fcode="extractvalue"/>
<opset="h_f_0_0_V/3 "/>
</bind>
</comp>

<comp id="491" class="1004" name="h_f_0_1_V_fu_491">
<pin_list>
<pin id="492" dir="0" index="0" bw="800" slack="0"/>
<pin id="493" dir="1" index="1" bw="16" slack="0"/>
</pin_list>
<bind>
<opcode="extractvalue(56) " fcode="extractvalue"/>
<opset="h_f_0_1_V/3 "/>
</bind>
</comp>

<comp id="496" class="1004" name="h_f_0_2_V_fu_496">
<pin_list>
<pin id="497" dir="0" index="0" bw="800" slack="0"/>
<pin id="498" dir="1" index="1" bw="16" slack="0"/>
</pin_list>
<bind>
<opcode="extractvalue(56) " fcode="extractvalue"/>
<opset="h_f_0_2_V/3 "/>
</bind>
</comp>

<comp id="501" class="1004" name="h_f_0_3_V_fu_501">
<pin_list>
<pin id="502" dir="0" index="0" bw="800" slack="0"/>
<pin id="503" dir="1" index="1" bw="16" slack="0"/>
</pin_list>
<bind>
<opcode="extractvalue(56) " fcode="extractvalue"/>
<opset="h_f_0_3_V/3 "/>
</bind>
</comp>

<comp id="506" class="1004" name="h_f_0_4_V_fu_506">
<pin_list>
<pin id="507" dir="0" index="0" bw="800" slack="0"/>
<pin id="508" dir="1" index="1" bw="16" slack="0"/>
</pin_list>
<bind>
<opcode="extractvalue(56) " fcode="extractvalue"/>
<opset="h_f_0_4_V/3 "/>
</bind>
</comp>

<comp id="511" class="1004" name="h_f_0_5_V_fu_511">
<pin_list>
<pin id="512" dir="0" index="0" bw="800" slack="0"/>
<pin id="513" dir="1" index="1" bw="16" slack="0"/>
</pin_list>
<bind>
<opcode="extractvalue(56) " fcode="extractvalue"/>
<opset="h_f_0_5_V/3 "/>
</bind>
</comp>

<comp id="516" class="1004" name="h_f_0_6_V_fu_516">
<pin_list>
<pin id="517" dir="0" index="0" bw="800" slack="0"/>
<pin id="518" dir="1" index="1" bw="16" slack="0"/>
</pin_list>
<bind>
<opcode="extractvalue(56) " fcode="extractvalue"/>
<opset="h_f_0_6_V/3 "/>
</bind>
</comp>

<comp id="521" class="1004" name="h_f_1_0_V_fu_521">
<pin_list>
<pin id="522" dir="0" index="0" bw="800" slack="0"/>
<pin id="523" dir="1" index="1" bw="16" slack="0"/>
</pin_list>
<bind>
<opcode="extractvalue(56) " fcode="extractvalue"/>
<opset="h_f_1_0_V/3 "/>
</bind>
</comp>

<comp id="526" class="1004" name="h_f_1_1_V_fu_526">
<pin_list>
<pin id="527" dir="0" index="0" bw="800" slack="0"/>
<pin id="528" dir="1" index="1" bw="16" slack="0"/>
</pin_list>
<bind>
<opcode="extractvalue(56) " fcode="extractvalue"/>
<opset="h_f_1_1_V/3 "/>
</bind>
</comp>

<comp id="531" class="1004" name="h_f_1_2_V_fu_531">
<pin_list>
<pin id="532" dir="0" index="0" bw="800" slack="0"/>
<pin id="533" dir="1" index="1" bw="16" slack="0"/>
</pin_list>
<bind>
<opcode="extractvalue(56) " fcode="extractvalue"/>
<opset="h_f_1_2_V/3 "/>
</bind>
</comp>

<comp id="536" class="1004" name="h_f_1_3_V_fu_536">
<pin_list>
<pin id="537" dir="0" index="0" bw="800" slack="0"/>
<pin id="538" dir="1" index="1" bw="16" slack="0"/>
</pin_list>
<bind>
<opcode="extractvalue(56) " fcode="extractvalue"/>
<opset="h_f_1_3_V/3 "/>
</bind>
</comp>

<comp id="541" class="1004" name="h_f_1_4_V_fu_541">
<pin_list>
<pin id="542" dir="0" index="0" bw="800" slack="0"/>
<pin id="543" dir="1" index="1" bw="16" slack="0"/>
</pin_list>
<bind>
<opcode="extractvalue(56) " fcode="extractvalue"/>
<opset="h_f_1_4_V/3 "/>
</bind>
</comp>

<comp id="546" class="1004" name="h_f_1_5_V_fu_546">
<pin_list>
<pin id="547" dir="0" index="0" bw="800" slack="0"/>
<pin id="548" dir="1" index="1" bw="16" slack="0"/>
</pin_list>
<bind>
<opcode="extractvalue(56) " fcode="extractvalue"/>
<opset="h_f_1_5_V/3 "/>
</bind>
</comp>

<comp id="551" class="1004" name="h_f_1_6_V_fu_551">
<pin_list>
<pin id="552" dir="0" index="0" bw="800" slack="0"/>
<pin id="553" dir="1" index="1" bw="16" slack="0"/>
</pin_list>
<bind>
<opcode="extractvalue(56) " fcode="extractvalue"/>
<opset="h_f_1_6_V/3 "/>
</bind>
</comp>

<comp id="556" class="1004" name="h_f_2_0_V_fu_556">
<pin_list>
<pin id="557" dir="0" index="0" bw="800" slack="0"/>
<pin id="558" dir="1" index="1" bw="16" slack="0"/>
</pin_list>
<bind>
<opcode="extractvalue(56) " fcode="extractvalue"/>
<opset="h_f_2_0_V/3 "/>
</bind>
</comp>

<comp id="561" class="1004" name="h_f_2_1_V_fu_561">
<pin_list>
<pin id="562" dir="0" index="0" bw="800" slack="0"/>
<pin id="563" dir="1" index="1" bw="16" slack="0"/>
</pin_list>
<bind>
<opcode="extractvalue(56) " fcode="extractvalue"/>
<opset="h_f_2_1_V/3 "/>
</bind>
</comp>

<comp id="566" class="1004" name="h_f_2_2_V_fu_566">
<pin_list>
<pin id="567" dir="0" index="0" bw="800" slack="0"/>
<pin id="568" dir="1" index="1" bw="16" slack="0"/>
</pin_list>
<bind>
<opcode="extractvalue(56) " fcode="extractvalue"/>
<opset="h_f_2_2_V/3 "/>
</bind>
</comp>

<comp id="571" class="1004" name="h_f_2_3_V_fu_571">
<pin_list>
<pin id="572" dir="0" index="0" bw="800" slack="0"/>
<pin id="573" dir="1" index="1" bw="16" slack="0"/>
</pin_list>
<bind>
<opcode="extractvalue(56) " fcode="extractvalue"/>
<opset="h_f_2_3_V/3 "/>
</bind>
</comp>

<comp id="576" class="1004" name="h_f_2_4_V_fu_576">
<pin_list>
<pin id="577" dir="0" index="0" bw="800" slack="0"/>
<pin id="578" dir="1" index="1" bw="16" slack="0"/>
</pin_list>
<bind>
<opcode="extractvalue(56) " fcode="extractvalue"/>
<opset="h_f_2_4_V/3 "/>
</bind>
</comp>

<comp id="581" class="1004" name="h_f_2_5_V_fu_581">
<pin_list>
<pin id="582" dir="0" index="0" bw="800" slack="0"/>
<pin id="583" dir="1" index="1" bw="16" slack="0"/>
</pin_list>
<bind>
<opcode="extractvalue(56) " fcode="extractvalue"/>
<opset="h_f_2_5_V/3 "/>
</bind>
</comp>

<comp id="586" class="1004" name="h_f_3_0_V_fu_586">
<pin_list>
<pin id="587" dir="0" index="0" bw="800" slack="0"/>
<pin id="588" dir="1" index="1" bw="16" slack="0"/>
</pin_list>
<bind>
<opcode="extractvalue(56) " fcode="extractvalue"/>
<opset="h_f_3_0_V/3 "/>
</bind>
</comp>

<comp id="591" class="1004" name="h_f_3_1_V_fu_591">
<pin_list>
<pin id="592" dir="0" index="0" bw="800" slack="0"/>
<pin id="593" dir="1" index="1" bw="16" slack="0"/>
</pin_list>
<bind>
<opcode="extractvalue(56) " fcode="extractvalue"/>
<opset="h_f_3_1_V/3 "/>
</bind>
</comp>

<comp id="596" class="1004" name="h_f_3_2_V_fu_596">
<pin_list>
<pin id="597" dir="0" index="0" bw="800" slack="0"/>
<pin id="598" dir="1" index="1" bw="16" slack="0"/>
</pin_list>
<bind>
<opcode="extractvalue(56) " fcode="extractvalue"/>
<opset="h_f_3_2_V/3 "/>
</bind>
</comp>

<comp id="601" class="1004" name="h_f_3_3_V_fu_601">
<pin_list>
<pin id="602" dir="0" index="0" bw="800" slack="0"/>
<pin id="603" dir="1" index="1" bw="16" slack="0"/>
</pin_list>
<bind>
<opcode="extractvalue(56) " fcode="extractvalue"/>
<opset="h_f_3_3_V/3 "/>
</bind>
</comp>

<comp id="606" class="1004" name="h_f_3_4_V_fu_606">
<pin_list>
<pin id="607" dir="0" index="0" bw="800" slack="0"/>
<pin id="608" dir="1" index="1" bw="16" slack="0"/>
</pin_list>
<bind>
<opcode="extractvalue(56) " fcode="extractvalue"/>
<opset="h_f_3_4_V/3 "/>
</bind>
</comp>

<comp id="611" class="1004" name="h_f_3_5_V_fu_611">
<pin_list>
<pin id="612" dir="0" index="0" bw="800" slack="0"/>
<pin id="613" dir="1" index="1" bw="16" slack="0"/>
</pin_list>
<bind>
<opcode="extractvalue(56) " fcode="extractvalue"/>
<opset="h_f_3_5_V/3 "/>
</bind>
</comp>

<comp id="616" class="1004" name="h_f_4_0_V_fu_616">
<pin_list>
<pin id="617" dir="0" index="0" bw="800" slack="0"/>
<pin id="618" dir="1" index="1" bw="16" slack="0"/>
</pin_list>
<bind>
<opcode="extractvalue(56) " fcode="extractvalue"/>
<opset="h_f_4_0_V/3 "/>
</bind>
</comp>

<comp id="621" class="1004" name="h_f_4_1_V_fu_621">
<pin_list>
<pin id="622" dir="0" index="0" bw="800" slack="0"/>
<pin id="623" dir="1" index="1" bw="16" slack="0"/>
</pin_list>
<bind>
<opcode="extractvalue(56) " fcode="extractvalue"/>
<opset="h_f_4_1_V/3 "/>
</bind>
</comp>

<comp id="626" class="1004" name="h_f_4_2_V_fu_626">
<pin_list>
<pin id="627" dir="0" index="0" bw="800" slack="0"/>
<pin id="628" dir="1" index="1" bw="16" slack="0"/>
</pin_list>
<bind>
<opcode="extractvalue(56) " fcode="extractvalue"/>
<opset="h_f_4_2_V/3 "/>
</bind>
</comp>

<comp id="631" class="1004" name="h_f_4_3_V_fu_631">
<pin_list>
<pin id="632" dir="0" index="0" bw="800" slack="0"/>
<pin id="633" dir="1" index="1" bw="16" slack="0"/>
</pin_list>
<bind>
<opcode="extractvalue(56) " fcode="extractvalue"/>
<opset="h_f_4_3_V/3 "/>
</bind>
</comp>

<comp id="636" class="1004" name="h_f_4_4_V_fu_636">
<pin_list>
<pin id="637" dir="0" index="0" bw="800" slack="0"/>
<pin id="638" dir="1" index="1" bw="16" slack="0"/>
</pin_list>
<bind>
<opcode="extractvalue(56) " fcode="extractvalue"/>
<opset="h_f_4_4_V/3 "/>
</bind>
</comp>

<comp id="641" class="1004" name="h_f_4_5_V_fu_641">
<pin_list>
<pin id="642" dir="0" index="0" bw="800" slack="0"/>
<pin id="643" dir="1" index="1" bw="16" slack="0"/>
</pin_list>
<bind>
<opcode="extractvalue(56) " fcode="extractvalue"/>
<opset="h_f_4_5_V/3 "/>
</bind>
</comp>

<comp id="646" class="1004" name="h_f_5_0_V_fu_646">
<pin_list>
<pin id="647" dir="0" index="0" bw="800" slack="0"/>
<pin id="648" dir="1" index="1" bw="16" slack="0"/>
</pin_list>
<bind>
<opcode="extractvalue(56) " fcode="extractvalue"/>
<opset="h_f_5_0_V/3 "/>
</bind>
</comp>

<comp id="651" class="1004" name="h_f_5_1_V_fu_651">
<pin_list>
<pin id="652" dir="0" index="0" bw="800" slack="0"/>
<pin id="653" dir="1" index="1" bw="16" slack="0"/>
</pin_list>
<bind>
<opcode="extractvalue(56) " fcode="extractvalue"/>
<opset="h_f_5_1_V/3 "/>
</bind>
</comp>

<comp id="656" class="1004" name="h_f_5_2_V_fu_656">
<pin_list>
<pin id="657" dir="0" index="0" bw="800" slack="0"/>
<pin id="658" dir="1" index="1" bw="16" slack="0"/>
</pin_list>
<bind>
<opcode="extractvalue(56) " fcode="extractvalue"/>
<opset="h_f_5_2_V/3 "/>
</bind>
</comp>

<comp id="661" class="1004" name="h_f_5_3_V_fu_661">
<pin_list>
<pin id="662" dir="0" index="0" bw="800" slack="0"/>
<pin id="663" dir="1" index="1" bw="16" slack="0"/>
</pin_list>
<bind>
<opcode="extractvalue(56) " fcode="extractvalue"/>
<opset="h_f_5_3_V/3 "/>
</bind>
</comp>

<comp id="666" class="1004" name="h_f_5_4_V_fu_666">
<pin_list>
<pin id="667" dir="0" index="0" bw="800" slack="0"/>
<pin id="668" dir="1" index="1" bw="16" slack="0"/>
</pin_list>
<bind>
<opcode="extractvalue(56) " fcode="extractvalue"/>
<opset="h_f_5_4_V/3 "/>
</bind>
</comp>

<comp id="671" class="1004" name="h_f_5_5_V_fu_671">
<pin_list>
<pin id="672" dir="0" index="0" bw="800" slack="0"/>
<pin id="673" dir="1" index="1" bw="16" slack="0"/>
</pin_list>
<bind>
<opcode="extractvalue(56) " fcode="extractvalue"/>
<opset="h_f_5_5_V/3 "/>
</bind>
</comp>

<comp id="676" class="1004" name="h_f_6_0_V_fu_676">
<pin_list>
<pin id="677" dir="0" index="0" bw="800" slack="0"/>
<pin id="678" dir="1" index="1" bw="16" slack="0"/>
</pin_list>
<bind>
<opcode="extractvalue(56) " fcode="extractvalue"/>
<opset="h_f_6_0_V/3 "/>
</bind>
</comp>

<comp id="681" class="1004" name="h_f_6_1_V_fu_681">
<pin_list>
<pin id="682" dir="0" index="0" bw="800" slack="0"/>
<pin id="683" dir="1" index="1" bw="16" slack="0"/>
</pin_list>
<bind>
<opcode="extractvalue(56) " fcode="extractvalue"/>
<opset="h_f_6_1_V/3 "/>
</bind>
</comp>

<comp id="686" class="1004" name="h_f_6_2_V_fu_686">
<pin_list>
<pin id="687" dir="0" index="0" bw="800" slack="0"/>
<pin id="688" dir="1" index="1" bw="16" slack="0"/>
</pin_list>
<bind>
<opcode="extractvalue(56) " fcode="extractvalue"/>
<opset="h_f_6_2_V/3 "/>
</bind>
</comp>

<comp id="691" class="1004" name="h_f_6_3_V_fu_691">
<pin_list>
<pin id="692" dir="0" index="0" bw="800" slack="0"/>
<pin id="693" dir="1" index="1" bw="16" slack="0"/>
</pin_list>
<bind>
<opcode="extractvalue(56) " fcode="extractvalue"/>
<opset="h_f_6_3_V/3 "/>
</bind>
</comp>

<comp id="696" class="1004" name="h_f_6_4_V_fu_696">
<pin_list>
<pin id="697" dir="0" index="0" bw="800" slack="0"/>
<pin id="698" dir="1" index="1" bw="16" slack="0"/>
</pin_list>
<bind>
<opcode="extractvalue(56) " fcode="extractvalue"/>
<opset="h_f_6_4_V/3 "/>
</bind>
</comp>

<comp id="701" class="1004" name="h_f_6_5_V_fu_701">
<pin_list>
<pin id="702" dir="0" index="0" bw="800" slack="0"/>
<pin id="703" dir="1" index="1" bw="16" slack="0"/>
</pin_list>
<bind>
<opcode="extractvalue(56) " fcode="extractvalue"/>
<opset="h_f_6_5_V/3 "/>
</bind>
</comp>

<comp id="706" class="1004" name="h_f_7_0_V_fu_706">
<pin_list>
<pin id="707" dir="0" index="0" bw="800" slack="0"/>
<pin id="708" dir="1" index="1" bw="16" slack="0"/>
</pin_list>
<bind>
<opcode="extractvalue(56) " fcode="extractvalue"/>
<opset="h_f_7_0_V/3 "/>
</bind>
</comp>

<comp id="711" class="1004" name="h_f_7_1_V_fu_711">
<pin_list>
<pin id="712" dir="0" index="0" bw="800" slack="0"/>
<pin id="713" dir="1" index="1" bw="16" slack="0"/>
</pin_list>
<bind>
<opcode="extractvalue(56) " fcode="extractvalue"/>
<opset="h_f_7_1_V/3 "/>
</bind>
</comp>

<comp id="716" class="1004" name="h_f_7_2_V_fu_716">
<pin_list>
<pin id="717" dir="0" index="0" bw="800" slack="0"/>
<pin id="718" dir="1" index="1" bw="16" slack="0"/>
</pin_list>
<bind>
<opcode="extractvalue(56) " fcode="extractvalue"/>
<opset="h_f_7_2_V/3 "/>
</bind>
</comp>

<comp id="721" class="1004" name="h_f_7_3_V_fu_721">
<pin_list>
<pin id="722" dir="0" index="0" bw="800" slack="0"/>
<pin id="723" dir="1" index="1" bw="16" slack="0"/>
</pin_list>
<bind>
<opcode="extractvalue(56) " fcode="extractvalue"/>
<opset="h_f_7_3_V/3 "/>
</bind>
</comp>

<comp id="726" class="1004" name="h_f_7_4_V_fu_726">
<pin_list>
<pin id="727" dir="0" index="0" bw="800" slack="0"/>
<pin id="728" dir="1" index="1" bw="16" slack="0"/>
</pin_list>
<bind>
<opcode="extractvalue(56) " fcode="extractvalue"/>
<opset="h_f_7_4_V/3 "/>
</bind>
</comp>

<comp id="731" class="1004" name="h_f_7_5_V_fu_731">
<pin_list>
<pin id="732" dir="0" index="0" bw="800" slack="0"/>
<pin id="733" dir="1" index="1" bw="16" slack="0"/>
</pin_list>
<bind>
<opcode="extractvalue(56) " fcode="extractvalue"/>
<opset="h_f_7_5_V/3 "/>
</bind>
</comp>

<comp id="736" class="1004" name="h_b_0_0_V_fu_736">
<pin_list>
<pin id="737" dir="0" index="0" bw="800" slack="0"/>
<pin id="738" dir="1" index="1" bw="16" slack="0"/>
</pin_list>
<bind>
<opcode="extractvalue(56) " fcode="extractvalue"/>
<opset="h_b_0_0_V/3 "/>
</bind>
</comp>

<comp id="741" class="1004" name="h_b_0_1_V_fu_741">
<pin_list>
<pin id="742" dir="0" index="0" bw="800" slack="0"/>
<pin id="743" dir="1" index="1" bw="16" slack="0"/>
</pin_list>
<bind>
<opcode="extractvalue(56) " fcode="extractvalue"/>
<opset="h_b_0_1_V/3 "/>
</bind>
</comp>

<comp id="746" class="1004" name="h_b_0_2_V_fu_746">
<pin_list>
<pin id="747" dir="0" index="0" bw="800" slack="0"/>
<pin id="748" dir="1" index="1" bw="16" slack="0"/>
</pin_list>
<bind>
<opcode="extractvalue(56) " fcode="extractvalue"/>
<opset="h_b_0_2_V/3 "/>
</bind>
</comp>

<comp id="751" class="1004" name="h_b_0_3_V_fu_751">
<pin_list>
<pin id="752" dir="0" index="0" bw="800" slack="0"/>
<pin id="753" dir="1" index="1" bw="16" slack="0"/>
</pin_list>
<bind>
<opcode="extractvalue(56) " fcode="extractvalue"/>
<opset="h_b_0_3_V/3 "/>
</bind>
</comp>

<comp id="756" class="1004" name="h_b_0_4_V_fu_756">
<pin_list>
<pin id="757" dir="0" index="0" bw="800" slack="0"/>
<pin id="758" dir="1" index="1" bw="16" slack="0"/>
</pin_list>
<bind>
<opcode="extractvalue(56) " fcode="extractvalue"/>
<opset="h_b_0_4_V/3 "/>
</bind>
</comp>

<comp id="761" class="1004" name="h_b_0_5_V_fu_761">
<pin_list>
<pin id="762" dir="0" index="0" bw="800" slack="0"/>
<pin id="763" dir="1" index="1" bw="16" slack="0"/>
</pin_list>
<bind>
<opcode="extractvalue(56) " fcode="extractvalue"/>
<opset="h_b_0_5_V/3 "/>
</bind>
</comp>

<comp id="766" class="1004" name="h_b_0_6_V_fu_766">
<pin_list>
<pin id="767" dir="0" index="0" bw="800" slack="0"/>
<pin id="768" dir="1" index="1" bw="16" slack="0"/>
</pin_list>
<bind>
<opcode="extractvalue(56) " fcode="extractvalue"/>
<opset="h_b_0_6_V/3 "/>
</bind>
</comp>

<comp id="771" class="1004" name="h_b_1_0_V_fu_771">
<pin_list>
<pin id="772" dir="0" index="0" bw="800" slack="0"/>
<pin id="773" dir="1" index="1" bw="16" slack="0"/>
</pin_list>
<bind>
<opcode="extractvalue(56) " fcode="extractvalue"/>
<opset="h_b_1_0_V/3 "/>
</bind>
</comp>

<comp id="776" class="1004" name="h_b_1_1_V_fu_776">
<pin_list>
<pin id="777" dir="0" index="0" bw="800" slack="0"/>
<pin id="778" dir="1" index="1" bw="16" slack="0"/>
</pin_list>
<bind>
<opcode="extractvalue(56) " fcode="extractvalue"/>
<opset="h_b_1_1_V/3 "/>
</bind>
</comp>

<comp id="781" class="1004" name="h_b_1_2_V_fu_781">
<pin_list>
<pin id="782" dir="0" index="0" bw="800" slack="0"/>
<pin id="783" dir="1" index="1" bw="16" slack="0"/>
</pin_list>
<bind>
<opcode="extractvalue(56) " fcode="extractvalue"/>
<opset="h_b_1_2_V/3 "/>
</bind>
</comp>

<comp id="786" class="1004" name="h_b_1_3_V_fu_786">
<pin_list>
<pin id="787" dir="0" index="0" bw="800" slack="0"/>
<pin id="788" dir="1" index="1" bw="16" slack="0"/>
</pin_list>
<bind>
<opcode="extractvalue(56) " fcode="extractvalue"/>
<opset="h_b_1_3_V/3 "/>
</bind>
</comp>

<comp id="791" class="1004" name="h_b_1_4_V_fu_791">
<pin_list>
<pin id="792" dir="0" index="0" bw="800" slack="0"/>
<pin id="793" dir="1" index="1" bw="16" slack="0"/>
</pin_list>
<bind>
<opcode="extractvalue(56) " fcode="extractvalue"/>
<opset="h_b_1_4_V/3 "/>
</bind>
</comp>

<comp id="796" class="1004" name="h_b_1_5_V_fu_796">
<pin_list>
<pin id="797" dir="0" index="0" bw="800" slack="0"/>
<pin id="798" dir="1" index="1" bw="16" slack="0"/>
</pin_list>
<bind>
<opcode="extractvalue(56) " fcode="extractvalue"/>
<opset="h_b_1_5_V/3 "/>
</bind>
</comp>

<comp id="801" class="1004" name="h_b_1_6_V_fu_801">
<pin_list>
<pin id="802" dir="0" index="0" bw="800" slack="0"/>
<pin id="803" dir="1" index="1" bw="16" slack="0"/>
</pin_list>
<bind>
<opcode="extractvalue(56) " fcode="extractvalue"/>
<opset="h_b_1_6_V/3 "/>
</bind>
</comp>

<comp id="806" class="1004" name="h_b_2_0_V_fu_806">
<pin_list>
<pin id="807" dir="0" index="0" bw="800" slack="0"/>
<pin id="808" dir="1" index="1" bw="16" slack="0"/>
</pin_list>
<bind>
<opcode="extractvalue(56) " fcode="extractvalue"/>
<opset="h_b_2_0_V/3 "/>
</bind>
</comp>

<comp id="811" class="1004" name="h_b_2_1_V_fu_811">
<pin_list>
<pin id="812" dir="0" index="0" bw="800" slack="0"/>
<pin id="813" dir="1" index="1" bw="16" slack="0"/>
</pin_list>
<bind>
<opcode="extractvalue(56) " fcode="extractvalue"/>
<opset="h_b_2_1_V/3 "/>
</bind>
</comp>

<comp id="816" class="1004" name="h_b_2_2_V_fu_816">
<pin_list>
<pin id="817" dir="0" index="0" bw="800" slack="0"/>
<pin id="818" dir="1" index="1" bw="16" slack="0"/>
</pin_list>
<bind>
<opcode="extractvalue(56) " fcode="extractvalue"/>
<opset="h_b_2_2_V/3 "/>
</bind>
</comp>

<comp id="821" class="1004" name="h_b_2_3_V_fu_821">
<pin_list>
<pin id="822" dir="0" index="0" bw="800" slack="0"/>
<pin id="823" dir="1" index="1" bw="16" slack="0"/>
</pin_list>
<bind>
<opcode="extractvalue(56) " fcode="extractvalue"/>
<opset="h_b_2_3_V/3 "/>
</bind>
</comp>

<comp id="826" class="1004" name="h_b_2_4_V_fu_826">
<pin_list>
<pin id="827" dir="0" index="0" bw="800" slack="0"/>
<pin id="828" dir="1" index="1" bw="16" slack="0"/>
</pin_list>
<bind>
<opcode="extractvalue(56) " fcode="extractvalue"/>
<opset="h_b_2_4_V/3 "/>
</bind>
</comp>

<comp id="831" class="1004" name="h_b_2_5_V_fu_831">
<pin_list>
<pin id="832" dir="0" index="0" bw="800" slack="0"/>
<pin id="833" dir="1" index="1" bw="16" slack="0"/>
</pin_list>
<bind>
<opcode="extractvalue(56) " fcode="extractvalue"/>
<opset="h_b_2_5_V/3 "/>
</bind>
</comp>

<comp id="836" class="1004" name="h_b_3_0_V_fu_836">
<pin_list>
<pin id="837" dir="0" index="0" bw="800" slack="0"/>
<pin id="838" dir="1" index="1" bw="16" slack="0"/>
</pin_list>
<bind>
<opcode="extractvalue(56) " fcode="extractvalue"/>
<opset="h_b_3_0_V/3 "/>
</bind>
</comp>

<comp id="841" class="1004" name="h_b_3_1_V_fu_841">
<pin_list>
<pin id="842" dir="0" index="0" bw="800" slack="0"/>
<pin id="843" dir="1" index="1" bw="16" slack="0"/>
</pin_list>
<bind>
<opcode="extractvalue(56) " fcode="extractvalue"/>
<opset="h_b_3_1_V/3 "/>
</bind>
</comp>

<comp id="846" class="1004" name="h_b_3_2_V_fu_846">
<pin_list>
<pin id="847" dir="0" index="0" bw="800" slack="0"/>
<pin id="848" dir="1" index="1" bw="16" slack="0"/>
</pin_list>
<bind>
<opcode="extractvalue(56) " fcode="extractvalue"/>
<opset="h_b_3_2_V/3 "/>
</bind>
</comp>

<comp id="851" class="1004" name="h_b_3_3_V_fu_851">
<pin_list>
<pin id="852" dir="0" index="0" bw="800" slack="0"/>
<pin id="853" dir="1" index="1" bw="16" slack="0"/>
</pin_list>
<bind>
<opcode="extractvalue(56) " fcode="extractvalue"/>
<opset="h_b_3_3_V/3 "/>
</bind>
</comp>

<comp id="856" class="1004" name="h_b_3_4_V_fu_856">
<pin_list>
<pin id="857" dir="0" index="0" bw="800" slack="0"/>
<pin id="858" dir="1" index="1" bw="16" slack="0"/>
</pin_list>
<bind>
<opcode="extractvalue(56) " fcode="extractvalue"/>
<opset="h_b_3_4_V/3 "/>
</bind>
</comp>

<comp id="861" class="1004" name="h_b_3_5_V_fu_861">
<pin_list>
<pin id="862" dir="0" index="0" bw="800" slack="0"/>
<pin id="863" dir="1" index="1" bw="16" slack="0"/>
</pin_list>
<bind>
<opcode="extractvalue(56) " fcode="extractvalue"/>
<opset="h_b_3_5_V/3 "/>
</bind>
</comp>

<comp id="866" class="1004" name="h_b_4_0_V_fu_866">
<pin_list>
<pin id="867" dir="0" index="0" bw="800" slack="0"/>
<pin id="868" dir="1" index="1" bw="16" slack="0"/>
</pin_list>
<bind>
<opcode="extractvalue(56) " fcode="extractvalue"/>
<opset="h_b_4_0_V/3 "/>
</bind>
</comp>

<comp id="871" class="1004" name="h_b_4_1_V_fu_871">
<pin_list>
<pin id="872" dir="0" index="0" bw="800" slack="0"/>
<pin id="873" dir="1" index="1" bw="16" slack="0"/>
</pin_list>
<bind>
<opcode="extractvalue(56) " fcode="extractvalue"/>
<opset="h_b_4_1_V/3 "/>
</bind>
</comp>

<comp id="876" class="1004" name="h_b_4_2_V_fu_876">
<pin_list>
<pin id="877" dir="0" index="0" bw="800" slack="0"/>
<pin id="878" dir="1" index="1" bw="16" slack="0"/>
</pin_list>
<bind>
<opcode="extractvalue(56) " fcode="extractvalue"/>
<opset="h_b_4_2_V/3 "/>
</bind>
</comp>

<comp id="881" class="1004" name="h_b_4_3_V_fu_881">
<pin_list>
<pin id="882" dir="0" index="0" bw="800" slack="0"/>
<pin id="883" dir="1" index="1" bw="16" slack="0"/>
</pin_list>
<bind>
<opcode="extractvalue(56) " fcode="extractvalue"/>
<opset="h_b_4_3_V/3 "/>
</bind>
</comp>

<comp id="886" class="1004" name="h_b_4_4_V_fu_886">
<pin_list>
<pin id="887" dir="0" index="0" bw="800" slack="0"/>
<pin id="888" dir="1" index="1" bw="16" slack="0"/>
</pin_list>
<bind>
<opcode="extractvalue(56) " fcode="extractvalue"/>
<opset="h_b_4_4_V/3 "/>
</bind>
</comp>

<comp id="891" class="1004" name="h_b_4_5_V_fu_891">
<pin_list>
<pin id="892" dir="0" index="0" bw="800" slack="0"/>
<pin id="893" dir="1" index="1" bw="16" slack="0"/>
</pin_list>
<bind>
<opcode="extractvalue(56) " fcode="extractvalue"/>
<opset="h_b_4_5_V/3 "/>
</bind>
</comp>

<comp id="896" class="1004" name="h_b_5_0_V_fu_896">
<pin_list>
<pin id="897" dir="0" index="0" bw="800" slack="0"/>
<pin id="898" dir="1" index="1" bw="16" slack="0"/>
</pin_list>
<bind>
<opcode="extractvalue(56) " fcode="extractvalue"/>
<opset="h_b_5_0_V/3 "/>
</bind>
</comp>

<comp id="901" class="1004" name="h_b_5_1_V_fu_901">
<pin_list>
<pin id="902" dir="0" index="0" bw="800" slack="0"/>
<pin id="903" dir="1" index="1" bw="16" slack="0"/>
</pin_list>
<bind>
<opcode="extractvalue(56) " fcode="extractvalue"/>
<opset="h_b_5_1_V/3 "/>
</bind>
</comp>

<comp id="906" class="1004" name="h_b_5_2_V_fu_906">
<pin_list>
<pin id="907" dir="0" index="0" bw="800" slack="0"/>
<pin id="908" dir="1" index="1" bw="16" slack="0"/>
</pin_list>
<bind>
<opcode="extractvalue(56) " fcode="extractvalue"/>
<opset="h_b_5_2_V/3 "/>
</bind>
</comp>

<comp id="911" class="1004" name="h_b_5_3_V_fu_911">
<pin_list>
<pin id="912" dir="0" index="0" bw="800" slack="0"/>
<pin id="913" dir="1" index="1" bw="16" slack="0"/>
</pin_list>
<bind>
<opcode="extractvalue(56) " fcode="extractvalue"/>
<opset="h_b_5_3_V/3 "/>
</bind>
</comp>

<comp id="916" class="1004" name="h_b_5_4_V_fu_916">
<pin_list>
<pin id="917" dir="0" index="0" bw="800" slack="0"/>
<pin id="918" dir="1" index="1" bw="16" slack="0"/>
</pin_list>
<bind>
<opcode="extractvalue(56) " fcode="extractvalue"/>
<opset="h_b_5_4_V/3 "/>
</bind>
</comp>

<comp id="921" class="1004" name="h_b_5_5_V_fu_921">
<pin_list>
<pin id="922" dir="0" index="0" bw="800" slack="0"/>
<pin id="923" dir="1" index="1" bw="16" slack="0"/>
</pin_list>
<bind>
<opcode="extractvalue(56) " fcode="extractvalue"/>
<opset="h_b_5_5_V/3 "/>
</bind>
</comp>

<comp id="926" class="1004" name="h_b_6_0_V_fu_926">
<pin_list>
<pin id="927" dir="0" index="0" bw="800" slack="0"/>
<pin id="928" dir="1" index="1" bw="16" slack="0"/>
</pin_list>
<bind>
<opcode="extractvalue(56) " fcode="extractvalue"/>
<opset="h_b_6_0_V/3 "/>
</bind>
</comp>

<comp id="931" class="1004" name="h_b_6_1_V_fu_931">
<pin_list>
<pin id="932" dir="0" index="0" bw="800" slack="0"/>
<pin id="933" dir="1" index="1" bw="16" slack="0"/>
</pin_list>
<bind>
<opcode="extractvalue(56) " fcode="extractvalue"/>
<opset="h_b_6_1_V/3 "/>
</bind>
</comp>

<comp id="936" class="1004" name="h_b_6_2_V_fu_936">
<pin_list>
<pin id="937" dir="0" index="0" bw="800" slack="0"/>
<pin id="938" dir="1" index="1" bw="16" slack="0"/>
</pin_list>
<bind>
<opcode="extractvalue(56) " fcode="extractvalue"/>
<opset="h_b_6_2_V/3 "/>
</bind>
</comp>

<comp id="941" class="1004" name="h_b_6_3_V_fu_941">
<pin_list>
<pin id="942" dir="0" index="0" bw="800" slack="0"/>
<pin id="943" dir="1" index="1" bw="16" slack="0"/>
</pin_list>
<bind>
<opcode="extractvalue(56) " fcode="extractvalue"/>
<opset="h_b_6_3_V/3 "/>
</bind>
</comp>

<comp id="946" class="1004" name="h_b_6_4_V_fu_946">
<pin_list>
<pin id="947" dir="0" index="0" bw="800" slack="0"/>
<pin id="948" dir="1" index="1" bw="16" slack="0"/>
</pin_list>
<bind>
<opcode="extractvalue(56) " fcode="extractvalue"/>
<opset="h_b_6_4_V/3 "/>
</bind>
</comp>

<comp id="951" class="1004" name="h_b_6_5_V_fu_951">
<pin_list>
<pin id="952" dir="0" index="0" bw="800" slack="0"/>
<pin id="953" dir="1" index="1" bw="16" slack="0"/>
</pin_list>
<bind>
<opcode="extractvalue(56) " fcode="extractvalue"/>
<opset="h_b_6_5_V/3 "/>
</bind>
</comp>

<comp id="956" class="1004" name="h_b_7_0_V_fu_956">
<pin_list>
<pin id="957" dir="0" index="0" bw="800" slack="0"/>
<pin id="958" dir="1" index="1" bw="16" slack="0"/>
</pin_list>
<bind>
<opcode="extractvalue(56) " fcode="extractvalue"/>
<opset="h_b_7_0_V/3 "/>
</bind>
</comp>

<comp id="961" class="1004" name="h_b_7_1_V_fu_961">
<pin_list>
<pin id="962" dir="0" index="0" bw="800" slack="0"/>
<pin id="963" dir="1" index="1" bw="16" slack="0"/>
</pin_list>
<bind>
<opcode="extractvalue(56) " fcode="extractvalue"/>
<opset="h_b_7_1_V/3 "/>
</bind>
</comp>

<comp id="966" class="1004" name="h_b_7_2_V_fu_966">
<pin_list>
<pin id="967" dir="0" index="0" bw="800" slack="0"/>
<pin id="968" dir="1" index="1" bw="16" slack="0"/>
</pin_list>
<bind>
<opcode="extractvalue(56) " fcode="extractvalue"/>
<opset="h_b_7_2_V/3 "/>
</bind>
</comp>

<comp id="971" class="1004" name="h_b_7_3_V_fu_971">
<pin_list>
<pin id="972" dir="0" index="0" bw="800" slack="0"/>
<pin id="973" dir="1" index="1" bw="16" slack="0"/>
</pin_list>
<bind>
<opcode="extractvalue(56) " fcode="extractvalue"/>
<opset="h_b_7_3_V/3 "/>
</bind>
</comp>

<comp id="976" class="1004" name="h_b_7_4_V_fu_976">
<pin_list>
<pin id="977" dir="0" index="0" bw="800" slack="0"/>
<pin id="978" dir="1" index="1" bw="16" slack="0"/>
</pin_list>
<bind>
<opcode="extractvalue(56) " fcode="extractvalue"/>
<opset="h_b_7_4_V/3 "/>
</bind>
</comp>

<comp id="981" class="1004" name="h_b_7_5_V_fu_981">
<pin_list>
<pin id="982" dir="0" index="0" bw="800" slack="0"/>
<pin id="983" dir="1" index="1" bw="16" slack="0"/>
</pin_list>
<bind>
<opcode="extractvalue(56) " fcode="extractvalue"/>
<opset="h_b_7_5_V/3 "/>
</bind>
</comp>

<comp id="986" class="1005" name="valid_len_c10_i_reg_986">
<pin_list>
<pin id="987" dir="0" index="0" bw="7" slack="0"/>
<pin id="988" dir="1" index="1" bw="7" slack="0"/>
</pin_list>
<bind>
<opset="valid_len_c10_i "/>
</bind>
</comp>

<comp id="992" class="1005" name="valid_len_c_i_reg_992">
<pin_list>
<pin id="993" dir="0" index="0" bw="7" slack="0"/>
<pin id="994" dir="1" index="1" bw="7" slack="0"/>
</pin_list>
<bind>
<opset="valid_len_c_i "/>
</bind>
</comp>

<comp id="998" class="1005" name="h_f_0_0_V_reg_998">
<pin_list>
<pin id="999" dir="0" index="0" bw="16" slack="1"/>
<pin id="1000" dir="1" index="1" bw="16" slack="1"/>
</pin_list>
<bind>
<opset="h_f_0_0_V "/>
</bind>
</comp>

<comp id="1003" class="1005" name="h_f_0_1_V_reg_1003">
<pin_list>
<pin id="1004" dir="0" index="0" bw="16" slack="1"/>
<pin id="1005" dir="1" index="1" bw="16" slack="1"/>
</pin_list>
<bind>
<opset="h_f_0_1_V "/>
</bind>
</comp>

<comp id="1008" class="1005" name="h_f_0_2_V_reg_1008">
<pin_list>
<pin id="1009" dir="0" index="0" bw="16" slack="1"/>
<pin id="1010" dir="1" index="1" bw="16" slack="1"/>
</pin_list>
<bind>
<opset="h_f_0_2_V "/>
</bind>
</comp>

<comp id="1013" class="1005" name="h_f_0_3_V_reg_1013">
<pin_list>
<pin id="1014" dir="0" index="0" bw="16" slack="1"/>
<pin id="1015" dir="1" index="1" bw="16" slack="1"/>
</pin_list>
<bind>
<opset="h_f_0_3_V "/>
</bind>
</comp>

<comp id="1018" class="1005" name="h_f_0_4_V_reg_1018">
<pin_list>
<pin id="1019" dir="0" index="0" bw="16" slack="1"/>
<pin id="1020" dir="1" index="1" bw="16" slack="1"/>
</pin_list>
<bind>
<opset="h_f_0_4_V "/>
</bind>
</comp>

<comp id="1023" class="1005" name="h_f_0_5_V_reg_1023">
<pin_list>
<pin id="1024" dir="0" index="0" bw="16" slack="1"/>
<pin id="1025" dir="1" index="1" bw="16" slack="1"/>
</pin_list>
<bind>
<opset="h_f_0_5_V "/>
</bind>
</comp>

<comp id="1028" class="1005" name="h_f_0_6_V_reg_1028">
<pin_list>
<pin id="1029" dir="0" index="0" bw="16" slack="1"/>
<pin id="1030" dir="1" index="1" bw="16" slack="1"/>
</pin_list>
<bind>
<opset="h_f_0_6_V "/>
</bind>
</comp>

<comp id="1033" class="1005" name="h_f_1_0_V_reg_1033">
<pin_list>
<pin id="1034" dir="0" index="0" bw="16" slack="1"/>
<pin id="1035" dir="1" index="1" bw="16" slack="1"/>
</pin_list>
<bind>
<opset="h_f_1_0_V "/>
</bind>
</comp>

<comp id="1038" class="1005" name="h_f_1_1_V_reg_1038">
<pin_list>
<pin id="1039" dir="0" index="0" bw="16" slack="1"/>
<pin id="1040" dir="1" index="1" bw="16" slack="1"/>
</pin_list>
<bind>
<opset="h_f_1_1_V "/>
</bind>
</comp>

<comp id="1043" class="1005" name="h_f_1_2_V_reg_1043">
<pin_list>
<pin id="1044" dir="0" index="0" bw="16" slack="1"/>
<pin id="1045" dir="1" index="1" bw="16" slack="1"/>
</pin_list>
<bind>
<opset="h_f_1_2_V "/>
</bind>
</comp>

<comp id="1048" class="1005" name="h_f_1_3_V_reg_1048">
<pin_list>
<pin id="1049" dir="0" index="0" bw="16" slack="1"/>
<pin id="1050" dir="1" index="1" bw="16" slack="1"/>
</pin_list>
<bind>
<opset="h_f_1_3_V "/>
</bind>
</comp>

<comp id="1053" class="1005" name="h_f_1_4_V_reg_1053">
<pin_list>
<pin id="1054" dir="0" index="0" bw="16" slack="1"/>
<pin id="1055" dir="1" index="1" bw="16" slack="1"/>
</pin_list>
<bind>
<opset="h_f_1_4_V "/>
</bind>
</comp>

<comp id="1058" class="1005" name="h_f_1_5_V_reg_1058">
<pin_list>
<pin id="1059" dir="0" index="0" bw="16" slack="1"/>
<pin id="1060" dir="1" index="1" bw="16" slack="1"/>
</pin_list>
<bind>
<opset="h_f_1_5_V "/>
</bind>
</comp>

<comp id="1063" class="1005" name="h_f_1_6_V_reg_1063">
<pin_list>
<pin id="1064" dir="0" index="0" bw="16" slack="1"/>
<pin id="1065" dir="1" index="1" bw="16" slack="1"/>
</pin_list>
<bind>
<opset="h_f_1_6_V "/>
</bind>
</comp>

<comp id="1068" class="1005" name="h_f_2_0_V_reg_1068">
<pin_list>
<pin id="1069" dir="0" index="0" bw="16" slack="1"/>
<pin id="1070" dir="1" index="1" bw="16" slack="1"/>
</pin_list>
<bind>
<opset="h_f_2_0_V "/>
</bind>
</comp>

<comp id="1073" class="1005" name="h_f_2_1_V_reg_1073">
<pin_list>
<pin id="1074" dir="0" index="0" bw="16" slack="1"/>
<pin id="1075" dir="1" index="1" bw="16" slack="1"/>
</pin_list>
<bind>
<opset="h_f_2_1_V "/>
</bind>
</comp>

<comp id="1078" class="1005" name="h_f_2_2_V_reg_1078">
<pin_list>
<pin id="1079" dir="0" index="0" bw="16" slack="1"/>
<pin id="1080" dir="1" index="1" bw="16" slack="1"/>
</pin_list>
<bind>
<opset="h_f_2_2_V "/>
</bind>
</comp>

<comp id="1083" class="1005" name="h_f_2_3_V_reg_1083">
<pin_list>
<pin id="1084" dir="0" index="0" bw="16" slack="1"/>
<pin id="1085" dir="1" index="1" bw="16" slack="1"/>
</pin_list>
<bind>
<opset="h_f_2_3_V "/>
</bind>
</comp>

<comp id="1088" class="1005" name="h_f_2_4_V_reg_1088">
<pin_list>
<pin id="1089" dir="0" index="0" bw="16" slack="1"/>
<pin id="1090" dir="1" index="1" bw="16" slack="1"/>
</pin_list>
<bind>
<opset="h_f_2_4_V "/>
</bind>
</comp>

<comp id="1093" class="1005" name="h_f_2_5_V_reg_1093">
<pin_list>
<pin id="1094" dir="0" index="0" bw="16" slack="1"/>
<pin id="1095" dir="1" index="1" bw="16" slack="1"/>
</pin_list>
<bind>
<opset="h_f_2_5_V "/>
</bind>
</comp>

<comp id="1098" class="1005" name="h_f_3_0_V_reg_1098">
<pin_list>
<pin id="1099" dir="0" index="0" bw="16" slack="1"/>
<pin id="1100" dir="1" index="1" bw="16" slack="1"/>
</pin_list>
<bind>
<opset="h_f_3_0_V "/>
</bind>
</comp>

<comp id="1103" class="1005" name="h_f_3_1_V_reg_1103">
<pin_list>
<pin id="1104" dir="0" index="0" bw="16" slack="1"/>
<pin id="1105" dir="1" index="1" bw="16" slack="1"/>
</pin_list>
<bind>
<opset="h_f_3_1_V "/>
</bind>
</comp>

<comp id="1108" class="1005" name="h_f_3_2_V_reg_1108">
<pin_list>
<pin id="1109" dir="0" index="0" bw="16" slack="1"/>
<pin id="1110" dir="1" index="1" bw="16" slack="1"/>
</pin_list>
<bind>
<opset="h_f_3_2_V "/>
</bind>
</comp>

<comp id="1113" class="1005" name="h_f_3_3_V_reg_1113">
<pin_list>
<pin id="1114" dir="0" index="0" bw="16" slack="1"/>
<pin id="1115" dir="1" index="1" bw="16" slack="1"/>
</pin_list>
<bind>
<opset="h_f_3_3_V "/>
</bind>
</comp>

<comp id="1118" class="1005" name="h_f_3_4_V_reg_1118">
<pin_list>
<pin id="1119" dir="0" index="0" bw="16" slack="1"/>
<pin id="1120" dir="1" index="1" bw="16" slack="1"/>
</pin_list>
<bind>
<opset="h_f_3_4_V "/>
</bind>
</comp>

<comp id="1123" class="1005" name="h_f_3_5_V_reg_1123">
<pin_list>
<pin id="1124" dir="0" index="0" bw="16" slack="1"/>
<pin id="1125" dir="1" index="1" bw="16" slack="1"/>
</pin_list>
<bind>
<opset="h_f_3_5_V "/>
</bind>
</comp>

<comp id="1128" class="1005" name="h_f_4_0_V_reg_1128">
<pin_list>
<pin id="1129" dir="0" index="0" bw="16" slack="1"/>
<pin id="1130" dir="1" index="1" bw="16" slack="1"/>
</pin_list>
<bind>
<opset="h_f_4_0_V "/>
</bind>
</comp>

<comp id="1133" class="1005" name="h_f_4_1_V_reg_1133">
<pin_list>
<pin id="1134" dir="0" index="0" bw="16" slack="1"/>
<pin id="1135" dir="1" index="1" bw="16" slack="1"/>
</pin_list>
<bind>
<opset="h_f_4_1_V "/>
</bind>
</comp>

<comp id="1138" class="1005" name="h_f_4_2_V_reg_1138">
<pin_list>
<pin id="1139" dir="0" index="0" bw="16" slack="1"/>
<pin id="1140" dir="1" index="1" bw="16" slack="1"/>
</pin_list>
<bind>
<opset="h_f_4_2_V "/>
</bind>
</comp>

<comp id="1143" class="1005" name="h_f_4_3_V_reg_1143">
<pin_list>
<pin id="1144" dir="0" index="0" bw="16" slack="1"/>
<pin id="1145" dir="1" index="1" bw="16" slack="1"/>
</pin_list>
<bind>
<opset="h_f_4_3_V "/>
</bind>
</comp>

<comp id="1148" class="1005" name="h_f_4_4_V_reg_1148">
<pin_list>
<pin id="1149" dir="0" index="0" bw="16" slack="1"/>
<pin id="1150" dir="1" index="1" bw="16" slack="1"/>
</pin_list>
<bind>
<opset="h_f_4_4_V "/>
</bind>
</comp>

<comp id="1153" class="1005" name="h_f_4_5_V_reg_1153">
<pin_list>
<pin id="1154" dir="0" index="0" bw="16" slack="1"/>
<pin id="1155" dir="1" index="1" bw="16" slack="1"/>
</pin_list>
<bind>
<opset="h_f_4_5_V "/>
</bind>
</comp>

<comp id="1158" class="1005" name="h_f_5_0_V_reg_1158">
<pin_list>
<pin id="1159" dir="0" index="0" bw="16" slack="1"/>
<pin id="1160" dir="1" index="1" bw="16" slack="1"/>
</pin_list>
<bind>
<opset="h_f_5_0_V "/>
</bind>
</comp>

<comp id="1163" class="1005" name="h_f_5_1_V_reg_1163">
<pin_list>
<pin id="1164" dir="0" index="0" bw="16" slack="1"/>
<pin id="1165" dir="1" index="1" bw="16" slack="1"/>
</pin_list>
<bind>
<opset="h_f_5_1_V "/>
</bind>
</comp>

<comp id="1168" class="1005" name="h_f_5_2_V_reg_1168">
<pin_list>
<pin id="1169" dir="0" index="0" bw="16" slack="1"/>
<pin id="1170" dir="1" index="1" bw="16" slack="1"/>
</pin_list>
<bind>
<opset="h_f_5_2_V "/>
</bind>
</comp>

<comp id="1173" class="1005" name="h_f_5_3_V_reg_1173">
<pin_list>
<pin id="1174" dir="0" index="0" bw="16" slack="1"/>
<pin id="1175" dir="1" index="1" bw="16" slack="1"/>
</pin_list>
<bind>
<opset="h_f_5_3_V "/>
</bind>
</comp>

<comp id="1178" class="1005" name="h_f_5_4_V_reg_1178">
<pin_list>
<pin id="1179" dir="0" index="0" bw="16" slack="1"/>
<pin id="1180" dir="1" index="1" bw="16" slack="1"/>
</pin_list>
<bind>
<opset="h_f_5_4_V "/>
</bind>
</comp>

<comp id="1183" class="1005" name="h_f_5_5_V_reg_1183">
<pin_list>
<pin id="1184" dir="0" index="0" bw="16" slack="1"/>
<pin id="1185" dir="1" index="1" bw="16" slack="1"/>
</pin_list>
<bind>
<opset="h_f_5_5_V "/>
</bind>
</comp>

<comp id="1188" class="1005" name="h_f_6_0_V_reg_1188">
<pin_list>
<pin id="1189" dir="0" index="0" bw="16" slack="1"/>
<pin id="1190" dir="1" index="1" bw="16" slack="1"/>
</pin_list>
<bind>
<opset="h_f_6_0_V "/>
</bind>
</comp>

<comp id="1193" class="1005" name="h_f_6_1_V_reg_1193">
<pin_list>
<pin id="1194" dir="0" index="0" bw="16" slack="1"/>
<pin id="1195" dir="1" index="1" bw="16" slack="1"/>
</pin_list>
<bind>
<opset="h_f_6_1_V "/>
</bind>
</comp>

<comp id="1198" class="1005" name="h_f_6_2_V_reg_1198">
<pin_list>
<pin id="1199" dir="0" index="0" bw="16" slack="1"/>
<pin id="1200" dir="1" index="1" bw="16" slack="1"/>
</pin_list>
<bind>
<opset="h_f_6_2_V "/>
</bind>
</comp>

<comp id="1203" class="1005" name="h_f_6_3_V_reg_1203">
<pin_list>
<pin id="1204" dir="0" index="0" bw="16" slack="1"/>
<pin id="1205" dir="1" index="1" bw="16" slack="1"/>
</pin_list>
<bind>
<opset="h_f_6_3_V "/>
</bind>
</comp>

<comp id="1208" class="1005" name="h_f_6_4_V_reg_1208">
<pin_list>
<pin id="1209" dir="0" index="0" bw="16" slack="1"/>
<pin id="1210" dir="1" index="1" bw="16" slack="1"/>
</pin_list>
<bind>
<opset="h_f_6_4_V "/>
</bind>
</comp>

<comp id="1213" class="1005" name="h_f_6_5_V_reg_1213">
<pin_list>
<pin id="1214" dir="0" index="0" bw="16" slack="1"/>
<pin id="1215" dir="1" index="1" bw="16" slack="1"/>
</pin_list>
<bind>
<opset="h_f_6_5_V "/>
</bind>
</comp>

<comp id="1218" class="1005" name="h_f_7_0_V_reg_1218">
<pin_list>
<pin id="1219" dir="0" index="0" bw="16" slack="1"/>
<pin id="1220" dir="1" index="1" bw="16" slack="1"/>
</pin_list>
<bind>
<opset="h_f_7_0_V "/>
</bind>
</comp>

<comp id="1223" class="1005" name="h_f_7_1_V_reg_1223">
<pin_list>
<pin id="1224" dir="0" index="0" bw="16" slack="1"/>
<pin id="1225" dir="1" index="1" bw="16" slack="1"/>
</pin_list>
<bind>
<opset="h_f_7_1_V "/>
</bind>
</comp>

<comp id="1228" class="1005" name="h_f_7_2_V_reg_1228">
<pin_list>
<pin id="1229" dir="0" index="0" bw="16" slack="1"/>
<pin id="1230" dir="1" index="1" bw="16" slack="1"/>
</pin_list>
<bind>
<opset="h_f_7_2_V "/>
</bind>
</comp>

<comp id="1233" class="1005" name="h_f_7_3_V_reg_1233">
<pin_list>
<pin id="1234" dir="0" index="0" bw="16" slack="1"/>
<pin id="1235" dir="1" index="1" bw="16" slack="1"/>
</pin_list>
<bind>
<opset="h_f_7_3_V "/>
</bind>
</comp>

<comp id="1238" class="1005" name="h_f_7_4_V_reg_1238">
<pin_list>
<pin id="1239" dir="0" index="0" bw="16" slack="1"/>
<pin id="1240" dir="1" index="1" bw="16" slack="1"/>
</pin_list>
<bind>
<opset="h_f_7_4_V "/>
</bind>
</comp>

<comp id="1243" class="1005" name="h_f_7_5_V_reg_1243">
<pin_list>
<pin id="1244" dir="0" index="0" bw="16" slack="1"/>
<pin id="1245" dir="1" index="1" bw="16" slack="1"/>
</pin_list>
<bind>
<opset="h_f_7_5_V "/>
</bind>
</comp>

<comp id="1248" class="1005" name="h_b_0_0_V_reg_1248">
<pin_list>
<pin id="1249" dir="0" index="0" bw="16" slack="1"/>
<pin id="1250" dir="1" index="1" bw="16" slack="1"/>
</pin_list>
<bind>
<opset="h_b_0_0_V "/>
</bind>
</comp>

<comp id="1253" class="1005" name="h_b_0_1_V_reg_1253">
<pin_list>
<pin id="1254" dir="0" index="0" bw="16" slack="1"/>
<pin id="1255" dir="1" index="1" bw="16" slack="1"/>
</pin_list>
<bind>
<opset="h_b_0_1_V "/>
</bind>
</comp>

<comp id="1258" class="1005" name="h_b_0_2_V_reg_1258">
<pin_list>
<pin id="1259" dir="0" index="0" bw="16" slack="1"/>
<pin id="1260" dir="1" index="1" bw="16" slack="1"/>
</pin_list>
<bind>
<opset="h_b_0_2_V "/>
</bind>
</comp>

<comp id="1263" class="1005" name="h_b_0_3_V_reg_1263">
<pin_list>
<pin id="1264" dir="0" index="0" bw="16" slack="1"/>
<pin id="1265" dir="1" index="1" bw="16" slack="1"/>
</pin_list>
<bind>
<opset="h_b_0_3_V "/>
</bind>
</comp>

<comp id="1268" class="1005" name="h_b_0_4_V_reg_1268">
<pin_list>
<pin id="1269" dir="0" index="0" bw="16" slack="1"/>
<pin id="1270" dir="1" index="1" bw="16" slack="1"/>
</pin_list>
<bind>
<opset="h_b_0_4_V "/>
</bind>
</comp>

<comp id="1273" class="1005" name="h_b_0_5_V_reg_1273">
<pin_list>
<pin id="1274" dir="0" index="0" bw="16" slack="1"/>
<pin id="1275" dir="1" index="1" bw="16" slack="1"/>
</pin_list>
<bind>
<opset="h_b_0_5_V "/>
</bind>
</comp>

<comp id="1278" class="1005" name="h_b_0_6_V_reg_1278">
<pin_list>
<pin id="1279" dir="0" index="0" bw="16" slack="1"/>
<pin id="1280" dir="1" index="1" bw="16" slack="1"/>
</pin_list>
<bind>
<opset="h_b_0_6_V "/>
</bind>
</comp>

<comp id="1283" class="1005" name="h_b_1_0_V_reg_1283">
<pin_list>
<pin id="1284" dir="0" index="0" bw="16" slack="1"/>
<pin id="1285" dir="1" index="1" bw="16" slack="1"/>
</pin_list>
<bind>
<opset="h_b_1_0_V "/>
</bind>
</comp>

<comp id="1288" class="1005" name="h_b_1_1_V_reg_1288">
<pin_list>
<pin id="1289" dir="0" index="0" bw="16" slack="1"/>
<pin id="1290" dir="1" index="1" bw="16" slack="1"/>
</pin_list>
<bind>
<opset="h_b_1_1_V "/>
</bind>
</comp>

<comp id="1293" class="1005" name="h_b_1_2_V_reg_1293">
<pin_list>
<pin id="1294" dir="0" index="0" bw="16" slack="1"/>
<pin id="1295" dir="1" index="1" bw="16" slack="1"/>
</pin_list>
<bind>
<opset="h_b_1_2_V "/>
</bind>
</comp>

<comp id="1298" class="1005" name="h_b_1_3_V_reg_1298">
<pin_list>
<pin id="1299" dir="0" index="0" bw="16" slack="1"/>
<pin id="1300" dir="1" index="1" bw="16" slack="1"/>
</pin_list>
<bind>
<opset="h_b_1_3_V "/>
</bind>
</comp>

<comp id="1303" class="1005" name="h_b_1_4_V_reg_1303">
<pin_list>
<pin id="1304" dir="0" index="0" bw="16" slack="1"/>
<pin id="1305" dir="1" index="1" bw="16" slack="1"/>
</pin_list>
<bind>
<opset="h_b_1_4_V "/>
</bind>
</comp>

<comp id="1308" class="1005" name="h_b_1_5_V_reg_1308">
<pin_list>
<pin id="1309" dir="0" index="0" bw="16" slack="1"/>
<pin id="1310" dir="1" index="1" bw="16" slack="1"/>
</pin_list>
<bind>
<opset="h_b_1_5_V "/>
</bind>
</comp>

<comp id="1313" class="1005" name="h_b_1_6_V_reg_1313">
<pin_list>
<pin id="1314" dir="0" index="0" bw="16" slack="1"/>
<pin id="1315" dir="1" index="1" bw="16" slack="1"/>
</pin_list>
<bind>
<opset="h_b_1_6_V "/>
</bind>
</comp>

<comp id="1318" class="1005" name="h_b_2_0_V_reg_1318">
<pin_list>
<pin id="1319" dir="0" index="0" bw="16" slack="1"/>
<pin id="1320" dir="1" index="1" bw="16" slack="1"/>
</pin_list>
<bind>
<opset="h_b_2_0_V "/>
</bind>
</comp>

<comp id="1323" class="1005" name="h_b_2_1_V_reg_1323">
<pin_list>
<pin id="1324" dir="0" index="0" bw="16" slack="1"/>
<pin id="1325" dir="1" index="1" bw="16" slack="1"/>
</pin_list>
<bind>
<opset="h_b_2_1_V "/>
</bind>
</comp>

<comp id="1328" class="1005" name="h_b_2_2_V_reg_1328">
<pin_list>
<pin id="1329" dir="0" index="0" bw="16" slack="1"/>
<pin id="1330" dir="1" index="1" bw="16" slack="1"/>
</pin_list>
<bind>
<opset="h_b_2_2_V "/>
</bind>
</comp>

<comp id="1333" class="1005" name="h_b_2_3_V_reg_1333">
<pin_list>
<pin id="1334" dir="0" index="0" bw="16" slack="1"/>
<pin id="1335" dir="1" index="1" bw="16" slack="1"/>
</pin_list>
<bind>
<opset="h_b_2_3_V "/>
</bind>
</comp>

<comp id="1338" class="1005" name="h_b_2_4_V_reg_1338">
<pin_list>
<pin id="1339" dir="0" index="0" bw="16" slack="1"/>
<pin id="1340" dir="1" index="1" bw="16" slack="1"/>
</pin_list>
<bind>
<opset="h_b_2_4_V "/>
</bind>
</comp>

<comp id="1343" class="1005" name="h_b_2_5_V_reg_1343">
<pin_list>
<pin id="1344" dir="0" index="0" bw="16" slack="1"/>
<pin id="1345" dir="1" index="1" bw="16" slack="1"/>
</pin_list>
<bind>
<opset="h_b_2_5_V "/>
</bind>
</comp>

<comp id="1348" class="1005" name="h_b_3_0_V_reg_1348">
<pin_list>
<pin id="1349" dir="0" index="0" bw="16" slack="1"/>
<pin id="1350" dir="1" index="1" bw="16" slack="1"/>
</pin_list>
<bind>
<opset="h_b_3_0_V "/>
</bind>
</comp>

<comp id="1353" class="1005" name="h_b_3_1_V_reg_1353">
<pin_list>
<pin id="1354" dir="0" index="0" bw="16" slack="1"/>
<pin id="1355" dir="1" index="1" bw="16" slack="1"/>
</pin_list>
<bind>
<opset="h_b_3_1_V "/>
</bind>
</comp>

<comp id="1358" class="1005" name="h_b_3_2_V_reg_1358">
<pin_list>
<pin id="1359" dir="0" index="0" bw="16" slack="1"/>
<pin id="1360" dir="1" index="1" bw="16" slack="1"/>
</pin_list>
<bind>
<opset="h_b_3_2_V "/>
</bind>
</comp>

<comp id="1363" class="1005" name="h_b_3_3_V_reg_1363">
<pin_list>
<pin id="1364" dir="0" index="0" bw="16" slack="1"/>
<pin id="1365" dir="1" index="1" bw="16" slack="1"/>
</pin_list>
<bind>
<opset="h_b_3_3_V "/>
</bind>
</comp>

<comp id="1368" class="1005" name="h_b_3_4_V_reg_1368">
<pin_list>
<pin id="1369" dir="0" index="0" bw="16" slack="1"/>
<pin id="1370" dir="1" index="1" bw="16" slack="1"/>
</pin_list>
<bind>
<opset="h_b_3_4_V "/>
</bind>
</comp>

<comp id="1373" class="1005" name="h_b_3_5_V_reg_1373">
<pin_list>
<pin id="1374" dir="0" index="0" bw="16" slack="1"/>
<pin id="1375" dir="1" index="1" bw="16" slack="1"/>
</pin_list>
<bind>
<opset="h_b_3_5_V "/>
</bind>
</comp>

<comp id="1378" class="1005" name="h_b_4_0_V_reg_1378">
<pin_list>
<pin id="1379" dir="0" index="0" bw="16" slack="1"/>
<pin id="1380" dir="1" index="1" bw="16" slack="1"/>
</pin_list>
<bind>
<opset="h_b_4_0_V "/>
</bind>
</comp>

<comp id="1383" class="1005" name="h_b_4_1_V_reg_1383">
<pin_list>
<pin id="1384" dir="0" index="0" bw="16" slack="1"/>
<pin id="1385" dir="1" index="1" bw="16" slack="1"/>
</pin_list>
<bind>
<opset="h_b_4_1_V "/>
</bind>
</comp>

<comp id="1388" class="1005" name="h_b_4_2_V_reg_1388">
<pin_list>
<pin id="1389" dir="0" index="0" bw="16" slack="1"/>
<pin id="1390" dir="1" index="1" bw="16" slack="1"/>
</pin_list>
<bind>
<opset="h_b_4_2_V "/>
</bind>
</comp>

<comp id="1393" class="1005" name="h_b_4_3_V_reg_1393">
<pin_list>
<pin id="1394" dir="0" index="0" bw="16" slack="1"/>
<pin id="1395" dir="1" index="1" bw="16" slack="1"/>
</pin_list>
<bind>
<opset="h_b_4_3_V "/>
</bind>
</comp>

<comp id="1398" class="1005" name="h_b_4_4_V_reg_1398">
<pin_list>
<pin id="1399" dir="0" index="0" bw="16" slack="1"/>
<pin id="1400" dir="1" index="1" bw="16" slack="1"/>
</pin_list>
<bind>
<opset="h_b_4_4_V "/>
</bind>
</comp>

<comp id="1403" class="1005" name="h_b_4_5_V_reg_1403">
<pin_list>
<pin id="1404" dir="0" index="0" bw="16" slack="1"/>
<pin id="1405" dir="1" index="1" bw="16" slack="1"/>
</pin_list>
<bind>
<opset="h_b_4_5_V "/>
</bind>
</comp>

<comp id="1408" class="1005" name="h_b_5_0_V_reg_1408">
<pin_list>
<pin id="1409" dir="0" index="0" bw="16" slack="1"/>
<pin id="1410" dir="1" index="1" bw="16" slack="1"/>
</pin_list>
<bind>
<opset="h_b_5_0_V "/>
</bind>
</comp>

<comp id="1413" class="1005" name="h_b_5_1_V_reg_1413">
<pin_list>
<pin id="1414" dir="0" index="0" bw="16" slack="1"/>
<pin id="1415" dir="1" index="1" bw="16" slack="1"/>
</pin_list>
<bind>
<opset="h_b_5_1_V "/>
</bind>
</comp>

<comp id="1418" class="1005" name="h_b_5_2_V_reg_1418">
<pin_list>
<pin id="1419" dir="0" index="0" bw="16" slack="1"/>
<pin id="1420" dir="1" index="1" bw="16" slack="1"/>
</pin_list>
<bind>
<opset="h_b_5_2_V "/>
</bind>
</comp>

<comp id="1423" class="1005" name="h_b_5_3_V_reg_1423">
<pin_list>
<pin id="1424" dir="0" index="0" bw="16" slack="1"/>
<pin id="1425" dir="1" index="1" bw="16" slack="1"/>
</pin_list>
<bind>
<opset="h_b_5_3_V "/>
</bind>
</comp>

<comp id="1428" class="1005" name="h_b_5_4_V_reg_1428">
<pin_list>
<pin id="1429" dir="0" index="0" bw="16" slack="1"/>
<pin id="1430" dir="1" index="1" bw="16" slack="1"/>
</pin_list>
<bind>
<opset="h_b_5_4_V "/>
</bind>
</comp>

<comp id="1433" class="1005" name="h_b_5_5_V_reg_1433">
<pin_list>
<pin id="1434" dir="0" index="0" bw="16" slack="1"/>
<pin id="1435" dir="1" index="1" bw="16" slack="1"/>
</pin_list>
<bind>
<opset="h_b_5_5_V "/>
</bind>
</comp>

<comp id="1438" class="1005" name="h_b_6_0_V_reg_1438">
<pin_list>
<pin id="1439" dir="0" index="0" bw="16" slack="1"/>
<pin id="1440" dir="1" index="1" bw="16" slack="1"/>
</pin_list>
<bind>
<opset="h_b_6_0_V "/>
</bind>
</comp>

<comp id="1443" class="1005" name="h_b_6_1_V_reg_1443">
<pin_list>
<pin id="1444" dir="0" index="0" bw="16" slack="1"/>
<pin id="1445" dir="1" index="1" bw="16" slack="1"/>
</pin_list>
<bind>
<opset="h_b_6_1_V "/>
</bind>
</comp>

<comp id="1448" class="1005" name="h_b_6_2_V_reg_1448">
<pin_list>
<pin id="1449" dir="0" index="0" bw="16" slack="1"/>
<pin id="1450" dir="1" index="1" bw="16" slack="1"/>
</pin_list>
<bind>
<opset="h_b_6_2_V "/>
</bind>
</comp>

<comp id="1453" class="1005" name="h_b_6_3_V_reg_1453">
<pin_list>
<pin id="1454" dir="0" index="0" bw="16" slack="1"/>
<pin id="1455" dir="1" index="1" bw="16" slack="1"/>
</pin_list>
<bind>
<opset="h_b_6_3_V "/>
</bind>
</comp>

<comp id="1458" class="1005" name="h_b_6_4_V_reg_1458">
<pin_list>
<pin id="1459" dir="0" index="0" bw="16" slack="1"/>
<pin id="1460" dir="1" index="1" bw="16" slack="1"/>
</pin_list>
<bind>
<opset="h_b_6_4_V "/>
</bind>
</comp>

<comp id="1463" class="1005" name="h_b_6_5_V_reg_1463">
<pin_list>
<pin id="1464" dir="0" index="0" bw="16" slack="1"/>
<pin id="1465" dir="1" index="1" bw="16" slack="1"/>
</pin_list>
<bind>
<opset="h_b_6_5_V "/>
</bind>
</comp>

<comp id="1468" class="1005" name="h_b_7_0_V_reg_1468">
<pin_list>
<pin id="1469" dir="0" index="0" bw="16" slack="1"/>
<pin id="1470" dir="1" index="1" bw="16" slack="1"/>
</pin_list>
<bind>
<opset="h_b_7_0_V "/>
</bind>
</comp>

<comp id="1473" class="1005" name="h_b_7_1_V_reg_1473">
<pin_list>
<pin id="1474" dir="0" index="0" bw="16" slack="1"/>
<pin id="1475" dir="1" index="1" bw="16" slack="1"/>
</pin_list>
<bind>
<opset="h_b_7_1_V "/>
</bind>
</comp>

<comp id="1478" class="1005" name="h_b_7_2_V_reg_1478">
<pin_list>
<pin id="1479" dir="0" index="0" bw="16" slack="1"/>
<pin id="1480" dir="1" index="1" bw="16" slack="1"/>
</pin_list>
<bind>
<opset="h_b_7_2_V "/>
</bind>
</comp>

<comp id="1483" class="1005" name="h_b_7_3_V_reg_1483">
<pin_list>
<pin id="1484" dir="0" index="0" bw="16" slack="1"/>
<pin id="1485" dir="1" index="1" bw="16" slack="1"/>
</pin_list>
<bind>
<opset="h_b_7_3_V "/>
</bind>
</comp>

<comp id="1488" class="1005" name="h_b_7_4_V_reg_1488">
<pin_list>
<pin id="1489" dir="0" index="0" bw="16" slack="1"/>
<pin id="1490" dir="1" index="1" bw="16" slack="1"/>
</pin_list>
<bind>
<opset="h_b_7_4_V "/>
</bind>
</comp>

<comp id="1493" class="1005" name="h_b_7_5_V_reg_1493">
<pin_list>
<pin id="1494" dir="0" index="0" bw="16" slack="1"/>
<pin id="1495" dir="1" index="1" bw="16" slack="1"/>
</pin_list>
<bind>
<opset="h_b_7_5_V "/>
</bind>
</comp>

</comp_list>

<net_list>
<net id="199"><net_src comp="158" pin="0"/><net_sink comp="196" pin=0"/></net>

<net id="203"><net_src comp="158" pin="0"/><net_sink comp="200" pin=0"/></net>

<net id="244"><net_src comp="164" pin="0"/><net_sink comp="204" pin=0"/></net>

<net id="245"><net_src comp="2" pin="0"/><net_sink comp="204" pin=1"/></net>

<net id="246"><net_src comp="92" pin="0"/><net_sink comp="204" pin=3"/></net>

<net id="247"><net_src comp="94" pin="0"/><net_sink comp="204" pin=4"/></net>

<net id="248"><net_src comp="96" pin="0"/><net_sink comp="204" pin=5"/></net>

<net id="249"><net_src comp="98" pin="0"/><net_sink comp="204" pin=6"/></net>

<net id="250"><net_src comp="100" pin="0"/><net_sink comp="204" pin=7"/></net>

<net id="251"><net_src comp="102" pin="0"/><net_sink comp="204" pin=8"/></net>

<net id="252"><net_src comp="104" pin="0"/><net_sink comp="204" pin=9"/></net>

<net id="253"><net_src comp="106" pin="0"/><net_sink comp="204" pin=10"/></net>

<net id="254"><net_src comp="108" pin="0"/><net_sink comp="204" pin=11"/></net>

<net id="255"><net_src comp="110" pin="0"/><net_sink comp="204" pin=12"/></net>

<net id="256"><net_src comp="112" pin="0"/><net_sink comp="204" pin=13"/></net>

<net id="257"><net_src comp="114" pin="0"/><net_sink comp="204" pin=14"/></net>

<net id="258"><net_src comp="116" pin="0"/><net_sink comp="204" pin=15"/></net>

<net id="259"><net_src comp="118" pin="0"/><net_sink comp="204" pin=16"/></net>

<net id="260"><net_src comp="120" pin="0"/><net_sink comp="204" pin=17"/></net>

<net id="261"><net_src comp="122" pin="0"/><net_sink comp="204" pin=18"/></net>

<net id="262"><net_src comp="124" pin="0"/><net_sink comp="204" pin=19"/></net>

<net id="263"><net_src comp="126" pin="0"/><net_sink comp="204" pin=20"/></net>

<net id="264"><net_src comp="128" pin="0"/><net_sink comp="204" pin=21"/></net>

<net id="265"><net_src comp="130" pin="0"/><net_sink comp="204" pin=22"/></net>

<net id="266"><net_src comp="132" pin="0"/><net_sink comp="204" pin=23"/></net>

<net id="267"><net_src comp="134" pin="0"/><net_sink comp="204" pin=24"/></net>

<net id="268"><net_src comp="136" pin="0"/><net_sink comp="204" pin=25"/></net>

<net id="269"><net_src comp="138" pin="0"/><net_sink comp="204" pin=26"/></net>

<net id="270"><net_src comp="140" pin="0"/><net_sink comp="204" pin=27"/></net>

<net id="271"><net_src comp="142" pin="0"/><net_sink comp="204" pin=28"/></net>

<net id="272"><net_src comp="144" pin="0"/><net_sink comp="204" pin=29"/></net>

<net id="273"><net_src comp="146" pin="0"/><net_sink comp="204" pin=30"/></net>

<net id="274"><net_src comp="148" pin="0"/><net_sink comp="204" pin=31"/></net>

<net id="275"><net_src comp="150" pin="0"/><net_sink comp="204" pin=32"/></net>

<net id="276"><net_src comp="152" pin="0"/><net_sink comp="204" pin=33"/></net>

<net id="277"><net_src comp="154" pin="0"/><net_sink comp="204" pin=34"/></net>

<net id="278"><net_src comp="156" pin="0"/><net_sink comp="204" pin=35"/></net>

<net id="279"><net_src comp="86" pin="0"/><net_sink comp="204" pin=36"/></net>

<net id="280"><net_src comp="88" pin="0"/><net_sink comp="204" pin=37"/></net>

<net id="321"><net_src comp="162" pin="0"/><net_sink comp="281" pin=0"/></net>

<net id="322"><net_src comp="0" pin="0"/><net_sink comp="281" pin=1"/></net>

<net id="323"><net_src comp="22" pin="0"/><net_sink comp="281" pin=3"/></net>

<net id="324"><net_src comp="24" pin="0"/><net_sink comp="281" pin=4"/></net>

<net id="325"><net_src comp="26" pin="0"/><net_sink comp="281" pin=5"/></net>

<net id="326"><net_src comp="28" pin="0"/><net_sink comp="281" pin=6"/></net>

<net id="327"><net_src comp="30" pin="0"/><net_sink comp="281" pin=7"/></net>

<net id="328"><net_src comp="32" pin="0"/><net_sink comp="281" pin=8"/></net>

<net id="329"><net_src comp="34" pin="0"/><net_sink comp="281" pin=9"/></net>

<net id="330"><net_src comp="36" pin="0"/><net_sink comp="281" pin=10"/></net>

<net id="331"><net_src comp="38" pin="0"/><net_sink comp="281" pin=11"/></net>

<net id="332"><net_src comp="40" pin="0"/><net_sink comp="281" pin=12"/></net>

<net id="333"><net_src comp="42" pin="0"/><net_sink comp="281" pin=13"/></net>

<net id="334"><net_src comp="44" pin="0"/><net_sink comp="281" pin=14"/></net>

<net id="335"><net_src comp="46" pin="0"/><net_sink comp="281" pin=15"/></net>

<net id="336"><net_src comp="48" pin="0"/><net_sink comp="281" pin=16"/></net>

<net id="337"><net_src comp="50" pin="0"/><net_sink comp="281" pin=17"/></net>

<net id="338"><net_src comp="52" pin="0"/><net_sink comp="281" pin=18"/></net>

<net id="339"><net_src comp="54" pin="0"/><net_sink comp="281" pin=19"/></net>

<net id="340"><net_src comp="56" pin="0"/><net_sink comp="281" pin=20"/></net>

<net id="341"><net_src comp="58" pin="0"/><net_sink comp="281" pin=21"/></net>

<net id="342"><net_src comp="60" pin="0"/><net_sink comp="281" pin=22"/></net>

<net id="343"><net_src comp="62" pin="0"/><net_sink comp="281" pin=23"/></net>

<net id="344"><net_src comp="64" pin="0"/><net_sink comp="281" pin=24"/></net>

<net id="345"><net_src comp="66" pin="0"/><net_sink comp="281" pin=25"/></net>

<net id="346"><net_src comp="68" pin="0"/><net_sink comp="281" pin=26"/></net>

<net id="347"><net_src comp="70" pin="0"/><net_sink comp="281" pin=27"/></net>

<net id="348"><net_src comp="72" pin="0"/><net_sink comp="281" pin=28"/></net>

<net id="349"><net_src comp="74" pin="0"/><net_sink comp="281" pin=29"/></net>

<net id="350"><net_src comp="76" pin="0"/><net_sink comp="281" pin=30"/></net>

<net id="351"><net_src comp="78" pin="0"/><net_sink comp="281" pin=31"/></net>

<net id="352"><net_src comp="80" pin="0"/><net_sink comp="281" pin=32"/></net>

<net id="353"><net_src comp="82" pin="0"/><net_sink comp="281" pin=33"/></net>

<net id="354"><net_src comp="84" pin="0"/><net_sink comp="281" pin=34"/></net>

<net id="355"><net_src comp="86" pin="0"/><net_sink comp="281" pin=35"/></net>

<net id="356"><net_src comp="88" pin="0"/><net_sink comp="281" pin=36"/></net>

<net id="357"><net_src comp="90" pin="0"/><net_sink comp="281" pin=37"/></net>

<net id="469"><net_src comp="166" pin="0"/><net_sink comp="358" pin=0"/></net>

<net id="470"><net_src comp="6" pin="0"/><net_sink comp="358" pin=101"/></net>

<net id="471"><net_src comp="8" pin="0"/><net_sink comp="358" pin=102"/></net>

<net id="472"><net_src comp="10" pin="0"/><net_sink comp="358" pin=103"/></net>

<net id="473"><net_src comp="12" pin="0"/><net_sink comp="358" pin=104"/></net>

<net id="474"><net_src comp="14" pin="0"/><net_sink comp="358" pin=105"/></net>

<net id="475"><net_src comp="16" pin="0"/><net_sink comp="358" pin=106"/></net>

<net id="476"><net_src comp="18" pin="0"/><net_sink comp="358" pin=107"/></net>

<net id="477"><net_src comp="20" pin="0"/><net_sink comp="358" pin=108"/></net>

<net id="484"><net_src comp="160" pin="0"/><net_sink comp="478" pin=0"/></net>

<net id="485"><net_src comp="4" pin="0"/><net_sink comp="478" pin=1"/></net>

<net id="489"><net_src comp="281" pin="38"/><net_sink comp="486" pin=0"/></net>

<net id="490"><net_src comp="486" pin="1"/><net_sink comp="358" pin=1"/></net>

<net id="494"><net_src comp="281" pin="38"/><net_sink comp="491" pin=0"/></net>

<net id="495"><net_src comp="491" pin="1"/><net_sink comp="358" pin=2"/></net>

<net id="499"><net_src comp="281" pin="38"/><net_sink comp="496" pin=0"/></net>

<net id="500"><net_src comp="496" pin="1"/><net_sink comp="358" pin=3"/></net>

<net id="504"><net_src comp="281" pin="38"/><net_sink comp="501" pin=0"/></net>

<net id="505"><net_src comp="501" pin="1"/><net_sink comp="358" pin=4"/></net>

<net id="509"><net_src comp="281" pin="38"/><net_sink comp="506" pin=0"/></net>

<net id="510"><net_src comp="506" pin="1"/><net_sink comp="358" pin=5"/></net>

<net id="514"><net_src comp="281" pin="38"/><net_sink comp="511" pin=0"/></net>

<net id="515"><net_src comp="511" pin="1"/><net_sink comp="358" pin=6"/></net>

<net id="519"><net_src comp="281" pin="38"/><net_sink comp="516" pin=0"/></net>

<net id="520"><net_src comp="516" pin="1"/><net_sink comp="358" pin=7"/></net>

<net id="524"><net_src comp="281" pin="38"/><net_sink comp="521" pin=0"/></net>

<net id="525"><net_src comp="521" pin="1"/><net_sink comp="358" pin=8"/></net>

<net id="529"><net_src comp="281" pin="38"/><net_sink comp="526" pin=0"/></net>

<net id="530"><net_src comp="526" pin="1"/><net_sink comp="358" pin=9"/></net>

<net id="534"><net_src comp="281" pin="38"/><net_sink comp="531" pin=0"/></net>

<net id="535"><net_src comp="531" pin="1"/><net_sink comp="358" pin=10"/></net>

<net id="539"><net_src comp="281" pin="38"/><net_sink comp="536" pin=0"/></net>

<net id="540"><net_src comp="536" pin="1"/><net_sink comp="358" pin=11"/></net>

<net id="544"><net_src comp="281" pin="38"/><net_sink comp="541" pin=0"/></net>

<net id="545"><net_src comp="541" pin="1"/><net_sink comp="358" pin=12"/></net>

<net id="549"><net_src comp="281" pin="38"/><net_sink comp="546" pin=0"/></net>

<net id="550"><net_src comp="546" pin="1"/><net_sink comp="358" pin=13"/></net>

<net id="554"><net_src comp="281" pin="38"/><net_sink comp="551" pin=0"/></net>

<net id="555"><net_src comp="551" pin="1"/><net_sink comp="358" pin=14"/></net>

<net id="559"><net_src comp="281" pin="38"/><net_sink comp="556" pin=0"/></net>

<net id="560"><net_src comp="556" pin="1"/><net_sink comp="358" pin=15"/></net>

<net id="564"><net_src comp="281" pin="38"/><net_sink comp="561" pin=0"/></net>

<net id="565"><net_src comp="561" pin="1"/><net_sink comp="358" pin=16"/></net>

<net id="569"><net_src comp="281" pin="38"/><net_sink comp="566" pin=0"/></net>

<net id="570"><net_src comp="566" pin="1"/><net_sink comp="358" pin=17"/></net>

<net id="574"><net_src comp="281" pin="38"/><net_sink comp="571" pin=0"/></net>

<net id="575"><net_src comp="571" pin="1"/><net_sink comp="358" pin=18"/></net>

<net id="579"><net_src comp="281" pin="38"/><net_sink comp="576" pin=0"/></net>

<net id="580"><net_src comp="576" pin="1"/><net_sink comp="358" pin=19"/></net>

<net id="584"><net_src comp="281" pin="38"/><net_sink comp="581" pin=0"/></net>

<net id="585"><net_src comp="581" pin="1"/><net_sink comp="358" pin=20"/></net>

<net id="589"><net_src comp="281" pin="38"/><net_sink comp="586" pin=0"/></net>

<net id="590"><net_src comp="586" pin="1"/><net_sink comp="358" pin=21"/></net>

<net id="594"><net_src comp="281" pin="38"/><net_sink comp="591" pin=0"/></net>

<net id="595"><net_src comp="591" pin="1"/><net_sink comp="358" pin=22"/></net>

<net id="599"><net_src comp="281" pin="38"/><net_sink comp="596" pin=0"/></net>

<net id="600"><net_src comp="596" pin="1"/><net_sink comp="358" pin=23"/></net>

<net id="604"><net_src comp="281" pin="38"/><net_sink comp="601" pin=0"/></net>

<net id="605"><net_src comp="601" pin="1"/><net_sink comp="358" pin=24"/></net>

<net id="609"><net_src comp="281" pin="38"/><net_sink comp="606" pin=0"/></net>

<net id="610"><net_src comp="606" pin="1"/><net_sink comp="358" pin=25"/></net>

<net id="614"><net_src comp="281" pin="38"/><net_sink comp="611" pin=0"/></net>

<net id="615"><net_src comp="611" pin="1"/><net_sink comp="358" pin=26"/></net>

<net id="619"><net_src comp="281" pin="38"/><net_sink comp="616" pin=0"/></net>

<net id="620"><net_src comp="616" pin="1"/><net_sink comp="358" pin=27"/></net>

<net id="624"><net_src comp="281" pin="38"/><net_sink comp="621" pin=0"/></net>

<net id="625"><net_src comp="621" pin="1"/><net_sink comp="358" pin=28"/></net>

<net id="629"><net_src comp="281" pin="38"/><net_sink comp="626" pin=0"/></net>

<net id="630"><net_src comp="626" pin="1"/><net_sink comp="358" pin=29"/></net>

<net id="634"><net_src comp="281" pin="38"/><net_sink comp="631" pin=0"/></net>

<net id="635"><net_src comp="631" pin="1"/><net_sink comp="358" pin=30"/></net>

<net id="639"><net_src comp="281" pin="38"/><net_sink comp="636" pin=0"/></net>

<net id="640"><net_src comp="636" pin="1"/><net_sink comp="358" pin=31"/></net>

<net id="644"><net_src comp="281" pin="38"/><net_sink comp="641" pin=0"/></net>

<net id="645"><net_src comp="641" pin="1"/><net_sink comp="358" pin=32"/></net>

<net id="649"><net_src comp="281" pin="38"/><net_sink comp="646" pin=0"/></net>

<net id="650"><net_src comp="646" pin="1"/><net_sink comp="358" pin=33"/></net>

<net id="654"><net_src comp="281" pin="38"/><net_sink comp="651" pin=0"/></net>

<net id="655"><net_src comp="651" pin="1"/><net_sink comp="358" pin=34"/></net>

<net id="659"><net_src comp="281" pin="38"/><net_sink comp="656" pin=0"/></net>

<net id="660"><net_src comp="656" pin="1"/><net_sink comp="358" pin=35"/></net>

<net id="664"><net_src comp="281" pin="38"/><net_sink comp="661" pin=0"/></net>

<net id="665"><net_src comp="661" pin="1"/><net_sink comp="358" pin=36"/></net>

<net id="669"><net_src comp="281" pin="38"/><net_sink comp="666" pin=0"/></net>

<net id="670"><net_src comp="666" pin="1"/><net_sink comp="358" pin=37"/></net>

<net id="674"><net_src comp="281" pin="38"/><net_sink comp="671" pin=0"/></net>

<net id="675"><net_src comp="671" pin="1"/><net_sink comp="358" pin=38"/></net>

<net id="679"><net_src comp="281" pin="38"/><net_sink comp="676" pin=0"/></net>

<net id="680"><net_src comp="676" pin="1"/><net_sink comp="358" pin=39"/></net>

<net id="684"><net_src comp="281" pin="38"/><net_sink comp="681" pin=0"/></net>

<net id="685"><net_src comp="681" pin="1"/><net_sink comp="358" pin=40"/></net>

<net id="689"><net_src comp="281" pin="38"/><net_sink comp="686" pin=0"/></net>

<net id="690"><net_src comp="686" pin="1"/><net_sink comp="358" pin=41"/></net>

<net id="694"><net_src comp="281" pin="38"/><net_sink comp="691" pin=0"/></net>

<net id="695"><net_src comp="691" pin="1"/><net_sink comp="358" pin=42"/></net>

<net id="699"><net_src comp="281" pin="38"/><net_sink comp="696" pin=0"/></net>

<net id="700"><net_src comp="696" pin="1"/><net_sink comp="358" pin=43"/></net>

<net id="704"><net_src comp="281" pin="38"/><net_sink comp="701" pin=0"/></net>

<net id="705"><net_src comp="701" pin="1"/><net_sink comp="358" pin=44"/></net>

<net id="709"><net_src comp="281" pin="38"/><net_sink comp="706" pin=0"/></net>

<net id="710"><net_src comp="706" pin="1"/><net_sink comp="358" pin=45"/></net>

<net id="714"><net_src comp="281" pin="38"/><net_sink comp="711" pin=0"/></net>

<net id="715"><net_src comp="711" pin="1"/><net_sink comp="358" pin=46"/></net>

<net id="719"><net_src comp="281" pin="38"/><net_sink comp="716" pin=0"/></net>

<net id="720"><net_src comp="716" pin="1"/><net_sink comp="358" pin=47"/></net>

<net id="724"><net_src comp="281" pin="38"/><net_sink comp="721" pin=0"/></net>

<net id="725"><net_src comp="721" pin="1"/><net_sink comp="358" pin=48"/></net>

<net id="729"><net_src comp="281" pin="38"/><net_sink comp="726" pin=0"/></net>

<net id="730"><net_src comp="726" pin="1"/><net_sink comp="358" pin=49"/></net>

<net id="734"><net_src comp="281" pin="38"/><net_sink comp="731" pin=0"/></net>

<net id="735"><net_src comp="731" pin="1"/><net_sink comp="358" pin=50"/></net>

<net id="739"><net_src comp="204" pin="38"/><net_sink comp="736" pin=0"/></net>

<net id="740"><net_src comp="736" pin="1"/><net_sink comp="358" pin=51"/></net>

<net id="744"><net_src comp="204" pin="38"/><net_sink comp="741" pin=0"/></net>

<net id="745"><net_src comp="741" pin="1"/><net_sink comp="358" pin=52"/></net>

<net id="749"><net_src comp="204" pin="38"/><net_sink comp="746" pin=0"/></net>

<net id="750"><net_src comp="746" pin="1"/><net_sink comp="358" pin=53"/></net>

<net id="754"><net_src comp="204" pin="38"/><net_sink comp="751" pin=0"/></net>

<net id="755"><net_src comp="751" pin="1"/><net_sink comp="358" pin=54"/></net>

<net id="759"><net_src comp="204" pin="38"/><net_sink comp="756" pin=0"/></net>

<net id="760"><net_src comp="756" pin="1"/><net_sink comp="358" pin=55"/></net>

<net id="764"><net_src comp="204" pin="38"/><net_sink comp="761" pin=0"/></net>

<net id="765"><net_src comp="761" pin="1"/><net_sink comp="358" pin=56"/></net>

<net id="769"><net_src comp="204" pin="38"/><net_sink comp="766" pin=0"/></net>

<net id="770"><net_src comp="766" pin="1"/><net_sink comp="358" pin=57"/></net>

<net id="774"><net_src comp="204" pin="38"/><net_sink comp="771" pin=0"/></net>

<net id="775"><net_src comp="771" pin="1"/><net_sink comp="358" pin=58"/></net>

<net id="779"><net_src comp="204" pin="38"/><net_sink comp="776" pin=0"/></net>

<net id="780"><net_src comp="776" pin="1"/><net_sink comp="358" pin=59"/></net>

<net id="784"><net_src comp="204" pin="38"/><net_sink comp="781" pin=0"/></net>

<net id="785"><net_src comp="781" pin="1"/><net_sink comp="358" pin=60"/></net>

<net id="789"><net_src comp="204" pin="38"/><net_sink comp="786" pin=0"/></net>

<net id="790"><net_src comp="786" pin="1"/><net_sink comp="358" pin=61"/></net>

<net id="794"><net_src comp="204" pin="38"/><net_sink comp="791" pin=0"/></net>

<net id="795"><net_src comp="791" pin="1"/><net_sink comp="358" pin=62"/></net>

<net id="799"><net_src comp="204" pin="38"/><net_sink comp="796" pin=0"/></net>

<net id="800"><net_src comp="796" pin="1"/><net_sink comp="358" pin=63"/></net>

<net id="804"><net_src comp="204" pin="38"/><net_sink comp="801" pin=0"/></net>

<net id="805"><net_src comp="801" pin="1"/><net_sink comp="358" pin=64"/></net>

<net id="809"><net_src comp="204" pin="38"/><net_sink comp="806" pin=0"/></net>

<net id="810"><net_src comp="806" pin="1"/><net_sink comp="358" pin=65"/></net>

<net id="814"><net_src comp="204" pin="38"/><net_sink comp="811" pin=0"/></net>

<net id="815"><net_src comp="811" pin="1"/><net_sink comp="358" pin=66"/></net>

<net id="819"><net_src comp="204" pin="38"/><net_sink comp="816" pin=0"/></net>

<net id="820"><net_src comp="816" pin="1"/><net_sink comp="358" pin=67"/></net>

<net id="824"><net_src comp="204" pin="38"/><net_sink comp="821" pin=0"/></net>

<net id="825"><net_src comp="821" pin="1"/><net_sink comp="358" pin=68"/></net>

<net id="829"><net_src comp="204" pin="38"/><net_sink comp="826" pin=0"/></net>

<net id="830"><net_src comp="826" pin="1"/><net_sink comp="358" pin=69"/></net>

<net id="834"><net_src comp="204" pin="38"/><net_sink comp="831" pin=0"/></net>

<net id="835"><net_src comp="831" pin="1"/><net_sink comp="358" pin=70"/></net>

<net id="839"><net_src comp="204" pin="38"/><net_sink comp="836" pin=0"/></net>

<net id="840"><net_src comp="836" pin="1"/><net_sink comp="358" pin=71"/></net>

<net id="844"><net_src comp="204" pin="38"/><net_sink comp="841" pin=0"/></net>

<net id="845"><net_src comp="841" pin="1"/><net_sink comp="358" pin=72"/></net>

<net id="849"><net_src comp="204" pin="38"/><net_sink comp="846" pin=0"/></net>

<net id="850"><net_src comp="846" pin="1"/><net_sink comp="358" pin=73"/></net>

<net id="854"><net_src comp="204" pin="38"/><net_sink comp="851" pin=0"/></net>

<net id="855"><net_src comp="851" pin="1"/><net_sink comp="358" pin=74"/></net>

<net id="859"><net_src comp="204" pin="38"/><net_sink comp="856" pin=0"/></net>

<net id="860"><net_src comp="856" pin="1"/><net_sink comp="358" pin=75"/></net>

<net id="864"><net_src comp="204" pin="38"/><net_sink comp="861" pin=0"/></net>

<net id="865"><net_src comp="861" pin="1"/><net_sink comp="358" pin=76"/></net>

<net id="869"><net_src comp="204" pin="38"/><net_sink comp="866" pin=0"/></net>

<net id="870"><net_src comp="866" pin="1"/><net_sink comp="358" pin=77"/></net>

<net id="874"><net_src comp="204" pin="38"/><net_sink comp="871" pin=0"/></net>

<net id="875"><net_src comp="871" pin="1"/><net_sink comp="358" pin=78"/></net>

<net id="879"><net_src comp="204" pin="38"/><net_sink comp="876" pin=0"/></net>

<net id="880"><net_src comp="876" pin="1"/><net_sink comp="358" pin=79"/></net>

<net id="884"><net_src comp="204" pin="38"/><net_sink comp="881" pin=0"/></net>

<net id="885"><net_src comp="881" pin="1"/><net_sink comp="358" pin=80"/></net>

<net id="889"><net_src comp="204" pin="38"/><net_sink comp="886" pin=0"/></net>

<net id="890"><net_src comp="886" pin="1"/><net_sink comp="358" pin=81"/></net>

<net id="894"><net_src comp="204" pin="38"/><net_sink comp="891" pin=0"/></net>

<net id="895"><net_src comp="891" pin="1"/><net_sink comp="358" pin=82"/></net>

<net id="899"><net_src comp="204" pin="38"/><net_sink comp="896" pin=0"/></net>

<net id="900"><net_src comp="896" pin="1"/><net_sink comp="358" pin=83"/></net>

<net id="904"><net_src comp="204" pin="38"/><net_sink comp="901" pin=0"/></net>

<net id="905"><net_src comp="901" pin="1"/><net_sink comp="358" pin=84"/></net>

<net id="909"><net_src comp="204" pin="38"/><net_sink comp="906" pin=0"/></net>

<net id="910"><net_src comp="906" pin="1"/><net_sink comp="358" pin=85"/></net>

<net id="914"><net_src comp="204" pin="38"/><net_sink comp="911" pin=0"/></net>

<net id="915"><net_src comp="911" pin="1"/><net_sink comp="358" pin=86"/></net>

<net id="919"><net_src comp="204" pin="38"/><net_sink comp="916" pin=0"/></net>

<net id="920"><net_src comp="916" pin="1"/><net_sink comp="358" pin=87"/></net>

<net id="924"><net_src comp="204" pin="38"/><net_sink comp="921" pin=0"/></net>

<net id="925"><net_src comp="921" pin="1"/><net_sink comp="358" pin=88"/></net>

<net id="929"><net_src comp="204" pin="38"/><net_sink comp="926" pin=0"/></net>

<net id="930"><net_src comp="926" pin="1"/><net_sink comp="358" pin=89"/></net>

<net id="934"><net_src comp="204" pin="38"/><net_sink comp="931" pin=0"/></net>

<net id="935"><net_src comp="931" pin="1"/><net_sink comp="358" pin=90"/></net>

<net id="939"><net_src comp="204" pin="38"/><net_sink comp="936" pin=0"/></net>

<net id="940"><net_src comp="936" pin="1"/><net_sink comp="358" pin=91"/></net>

<net id="944"><net_src comp="204" pin="38"/><net_sink comp="941" pin=0"/></net>

<net id="945"><net_src comp="941" pin="1"/><net_sink comp="358" pin=92"/></net>

<net id="949"><net_src comp="204" pin="38"/><net_sink comp="946" pin=0"/></net>

<net id="950"><net_src comp="946" pin="1"/><net_sink comp="358" pin=93"/></net>

<net id="954"><net_src comp="204" pin="38"/><net_sink comp="951" pin=0"/></net>

<net id="955"><net_src comp="951" pin="1"/><net_sink comp="358" pin=94"/></net>

<net id="959"><net_src comp="204" pin="38"/><net_sink comp="956" pin=0"/></net>

<net id="960"><net_src comp="956" pin="1"/><net_sink comp="358" pin=95"/></net>

<net id="964"><net_src comp="204" pin="38"/><net_sink comp="961" pin=0"/></net>

<net id="965"><net_src comp="961" pin="1"/><net_sink comp="358" pin=96"/></net>

<net id="969"><net_src comp="204" pin="38"/><net_sink comp="966" pin=0"/></net>

<net id="970"><net_src comp="966" pin="1"/><net_sink comp="358" pin=97"/></net>

<net id="974"><net_src comp="204" pin="38"/><net_sink comp="971" pin=0"/></net>

<net id="975"><net_src comp="971" pin="1"/><net_sink comp="358" pin=98"/></net>

<net id="979"><net_src comp="204" pin="38"/><net_sink comp="976" pin=0"/></net>

<net id="980"><net_src comp="976" pin="1"/><net_sink comp="358" pin=99"/></net>

<net id="984"><net_src comp="204" pin="38"/><net_sink comp="981" pin=0"/></net>

<net id="985"><net_src comp="981" pin="1"/><net_sink comp="358" pin=100"/></net>

<net id="989"><net_src comp="196" pin="1"/><net_sink comp="986" pin=0"/></net>

<net id="990"><net_src comp="986" pin="1"/><net_sink comp="478" pin=3"/></net>

<net id="991"><net_src comp="986" pin="1"/><net_sink comp="204" pin=2"/></net>

<net id="995"><net_src comp="200" pin="1"/><net_sink comp="992" pin=0"/></net>

<net id="996"><net_src comp="992" pin="1"/><net_sink comp="478" pin=2"/></net>

<net id="997"><net_src comp="992" pin="1"/><net_sink comp="281" pin=2"/></net>

<net id="1001"><net_src comp="486" pin="1"/><net_sink comp="998" pin=0"/></net>

<net id="1002"><net_src comp="998" pin="1"/><net_sink comp="358" pin=1"/></net>

<net id="1006"><net_src comp="491" pin="1"/><net_sink comp="1003" pin=0"/></net>

<net id="1007"><net_src comp="1003" pin="1"/><net_sink comp="358" pin=2"/></net>

<net id="1011"><net_src comp="496" pin="1"/><net_sink comp="1008" pin=0"/></net>

<net id="1012"><net_src comp="1008" pin="1"/><net_sink comp="358" pin=3"/></net>

<net id="1016"><net_src comp="501" pin="1"/><net_sink comp="1013" pin=0"/></net>

<net id="1017"><net_src comp="1013" pin="1"/><net_sink comp="358" pin=4"/></net>

<net id="1021"><net_src comp="506" pin="1"/><net_sink comp="1018" pin=0"/></net>

<net id="1022"><net_src comp="1018" pin="1"/><net_sink comp="358" pin=5"/></net>

<net id="1026"><net_src comp="511" pin="1"/><net_sink comp="1023" pin=0"/></net>

<net id="1027"><net_src comp="1023" pin="1"/><net_sink comp="358" pin=6"/></net>

<net id="1031"><net_src comp="516" pin="1"/><net_sink comp="1028" pin=0"/></net>

<net id="1032"><net_src comp="1028" pin="1"/><net_sink comp="358" pin=7"/></net>

<net id="1036"><net_src comp="521" pin="1"/><net_sink comp="1033" pin=0"/></net>

<net id="1037"><net_src comp="1033" pin="1"/><net_sink comp="358" pin=8"/></net>

<net id="1041"><net_src comp="526" pin="1"/><net_sink comp="1038" pin=0"/></net>

<net id="1042"><net_src comp="1038" pin="1"/><net_sink comp="358" pin=9"/></net>

<net id="1046"><net_src comp="531" pin="1"/><net_sink comp="1043" pin=0"/></net>

<net id="1047"><net_src comp="1043" pin="1"/><net_sink comp="358" pin=10"/></net>

<net id="1051"><net_src comp="536" pin="1"/><net_sink comp="1048" pin=0"/></net>

<net id="1052"><net_src comp="1048" pin="1"/><net_sink comp="358" pin=11"/></net>

<net id="1056"><net_src comp="541" pin="1"/><net_sink comp="1053" pin=0"/></net>

<net id="1057"><net_src comp="1053" pin="1"/><net_sink comp="358" pin=12"/></net>

<net id="1061"><net_src comp="546" pin="1"/><net_sink comp="1058" pin=0"/></net>

<net id="1062"><net_src comp="1058" pin="1"/><net_sink comp="358" pin=13"/></net>

<net id="1066"><net_src comp="551" pin="1"/><net_sink comp="1063" pin=0"/></net>

<net id="1067"><net_src comp="1063" pin="1"/><net_sink comp="358" pin=14"/></net>

<net id="1071"><net_src comp="556" pin="1"/><net_sink comp="1068" pin=0"/></net>

<net id="1072"><net_src comp="1068" pin="1"/><net_sink comp="358" pin=15"/></net>

<net id="1076"><net_src comp="561" pin="1"/><net_sink comp="1073" pin=0"/></net>

<net id="1077"><net_src comp="1073" pin="1"/><net_sink comp="358" pin=16"/></net>

<net id="1081"><net_src comp="566" pin="1"/><net_sink comp="1078" pin=0"/></net>

<net id="1082"><net_src comp="1078" pin="1"/><net_sink comp="358" pin=17"/></net>

<net id="1086"><net_src comp="571" pin="1"/><net_sink comp="1083" pin=0"/></net>

<net id="1087"><net_src comp="1083" pin="1"/><net_sink comp="358" pin=18"/></net>

<net id="1091"><net_src comp="576" pin="1"/><net_sink comp="1088" pin=0"/></net>

<net id="1092"><net_src comp="1088" pin="1"/><net_sink comp="358" pin=19"/></net>

<net id="1096"><net_src comp="581" pin="1"/><net_sink comp="1093" pin=0"/></net>

<net id="1097"><net_src comp="1093" pin="1"/><net_sink comp="358" pin=20"/></net>

<net id="1101"><net_src comp="586" pin="1"/><net_sink comp="1098" pin=0"/></net>

<net id="1102"><net_src comp="1098" pin="1"/><net_sink comp="358" pin=21"/></net>

<net id="1106"><net_src comp="591" pin="1"/><net_sink comp="1103" pin=0"/></net>

<net id="1107"><net_src comp="1103" pin="1"/><net_sink comp="358" pin=22"/></net>

<net id="1111"><net_src comp="596" pin="1"/><net_sink comp="1108" pin=0"/></net>

<net id="1112"><net_src comp="1108" pin="1"/><net_sink comp="358" pin=23"/></net>

<net id="1116"><net_src comp="601" pin="1"/><net_sink comp="1113" pin=0"/></net>

<net id="1117"><net_src comp="1113" pin="1"/><net_sink comp="358" pin=24"/></net>

<net id="1121"><net_src comp="606" pin="1"/><net_sink comp="1118" pin=0"/></net>

<net id="1122"><net_src comp="1118" pin="1"/><net_sink comp="358" pin=25"/></net>

<net id="1126"><net_src comp="611" pin="1"/><net_sink comp="1123" pin=0"/></net>

<net id="1127"><net_src comp="1123" pin="1"/><net_sink comp="358" pin=26"/></net>

<net id="1131"><net_src comp="616" pin="1"/><net_sink comp="1128" pin=0"/></net>

<net id="1132"><net_src comp="1128" pin="1"/><net_sink comp="358" pin=27"/></net>

<net id="1136"><net_src comp="621" pin="1"/><net_sink comp="1133" pin=0"/></net>

<net id="1137"><net_src comp="1133" pin="1"/><net_sink comp="358" pin=28"/></net>

<net id="1141"><net_src comp="626" pin="1"/><net_sink comp="1138" pin=0"/></net>

<net id="1142"><net_src comp="1138" pin="1"/><net_sink comp="358" pin=29"/></net>

<net id="1146"><net_src comp="631" pin="1"/><net_sink comp="1143" pin=0"/></net>

<net id="1147"><net_src comp="1143" pin="1"/><net_sink comp="358" pin=30"/></net>

<net id="1151"><net_src comp="636" pin="1"/><net_sink comp="1148" pin=0"/></net>

<net id="1152"><net_src comp="1148" pin="1"/><net_sink comp="358" pin=31"/></net>

<net id="1156"><net_src comp="641" pin="1"/><net_sink comp="1153" pin=0"/></net>

<net id="1157"><net_src comp="1153" pin="1"/><net_sink comp="358" pin=32"/></net>

<net id="1161"><net_src comp="646" pin="1"/><net_sink comp="1158" pin=0"/></net>

<net id="1162"><net_src comp="1158" pin="1"/><net_sink comp="358" pin=33"/></net>

<net id="1166"><net_src comp="651" pin="1"/><net_sink comp="1163" pin=0"/></net>

<net id="1167"><net_src comp="1163" pin="1"/><net_sink comp="358" pin=34"/></net>

<net id="1171"><net_src comp="656" pin="1"/><net_sink comp="1168" pin=0"/></net>

<net id="1172"><net_src comp="1168" pin="1"/><net_sink comp="358" pin=35"/></net>

<net id="1176"><net_src comp="661" pin="1"/><net_sink comp="1173" pin=0"/></net>

<net id="1177"><net_src comp="1173" pin="1"/><net_sink comp="358" pin=36"/></net>

<net id="1181"><net_src comp="666" pin="1"/><net_sink comp="1178" pin=0"/></net>

<net id="1182"><net_src comp="1178" pin="1"/><net_sink comp="358" pin=37"/></net>

<net id="1186"><net_src comp="671" pin="1"/><net_sink comp="1183" pin=0"/></net>

<net id="1187"><net_src comp="1183" pin="1"/><net_sink comp="358" pin=38"/></net>

<net id="1191"><net_src comp="676" pin="1"/><net_sink comp="1188" pin=0"/></net>

<net id="1192"><net_src comp="1188" pin="1"/><net_sink comp="358" pin=39"/></net>

<net id="1196"><net_src comp="681" pin="1"/><net_sink comp="1193" pin=0"/></net>

<net id="1197"><net_src comp="1193" pin="1"/><net_sink comp="358" pin=40"/></net>

<net id="1201"><net_src comp="686" pin="1"/><net_sink comp="1198" pin=0"/></net>

<net id="1202"><net_src comp="1198" pin="1"/><net_sink comp="358" pin=41"/></net>

<net id="1206"><net_src comp="691" pin="1"/><net_sink comp="1203" pin=0"/></net>

<net id="1207"><net_src comp="1203" pin="1"/><net_sink comp="358" pin=42"/></net>

<net id="1211"><net_src comp="696" pin="1"/><net_sink comp="1208" pin=0"/></net>

<net id="1212"><net_src comp="1208" pin="1"/><net_sink comp="358" pin=43"/></net>

<net id="1216"><net_src comp="701" pin="1"/><net_sink comp="1213" pin=0"/></net>

<net id="1217"><net_src comp="1213" pin="1"/><net_sink comp="358" pin=44"/></net>

<net id="1221"><net_src comp="706" pin="1"/><net_sink comp="1218" pin=0"/></net>

<net id="1222"><net_src comp="1218" pin="1"/><net_sink comp="358" pin=45"/></net>

<net id="1226"><net_src comp="711" pin="1"/><net_sink comp="1223" pin=0"/></net>

<net id="1227"><net_src comp="1223" pin="1"/><net_sink comp="358" pin=46"/></net>

<net id="1231"><net_src comp="716" pin="1"/><net_sink comp="1228" pin=0"/></net>

<net id="1232"><net_src comp="1228" pin="1"/><net_sink comp="358" pin=47"/></net>

<net id="1236"><net_src comp="721" pin="1"/><net_sink comp="1233" pin=0"/></net>

<net id="1237"><net_src comp="1233" pin="1"/><net_sink comp="358" pin=48"/></net>

<net id="1241"><net_src comp="726" pin="1"/><net_sink comp="1238" pin=0"/></net>

<net id="1242"><net_src comp="1238" pin="1"/><net_sink comp="358" pin=49"/></net>

<net id="1246"><net_src comp="731" pin="1"/><net_sink comp="1243" pin=0"/></net>

<net id="1247"><net_src comp="1243" pin="1"/><net_sink comp="358" pin=50"/></net>

<net id="1251"><net_src comp="736" pin="1"/><net_sink comp="1248" pin=0"/></net>

<net id="1252"><net_src comp="1248" pin="1"/><net_sink comp="358" pin=51"/></net>

<net id="1256"><net_src comp="741" pin="1"/><net_sink comp="1253" pin=0"/></net>

<net id="1257"><net_src comp="1253" pin="1"/><net_sink comp="358" pin=52"/></net>

<net id="1261"><net_src comp="746" pin="1"/><net_sink comp="1258" pin=0"/></net>

<net id="1262"><net_src comp="1258" pin="1"/><net_sink comp="358" pin=53"/></net>

<net id="1266"><net_src comp="751" pin="1"/><net_sink comp="1263" pin=0"/></net>

<net id="1267"><net_src comp="1263" pin="1"/><net_sink comp="358" pin=54"/></net>

<net id="1271"><net_src comp="756" pin="1"/><net_sink comp="1268" pin=0"/></net>

<net id="1272"><net_src comp="1268" pin="1"/><net_sink comp="358" pin=55"/></net>

<net id="1276"><net_src comp="761" pin="1"/><net_sink comp="1273" pin=0"/></net>

<net id="1277"><net_src comp="1273" pin="1"/><net_sink comp="358" pin=56"/></net>

<net id="1281"><net_src comp="766" pin="1"/><net_sink comp="1278" pin=0"/></net>

<net id="1282"><net_src comp="1278" pin="1"/><net_sink comp="358" pin=57"/></net>

<net id="1286"><net_src comp="771" pin="1"/><net_sink comp="1283" pin=0"/></net>

<net id="1287"><net_src comp="1283" pin="1"/><net_sink comp="358" pin=58"/></net>

<net id="1291"><net_src comp="776" pin="1"/><net_sink comp="1288" pin=0"/></net>

<net id="1292"><net_src comp="1288" pin="1"/><net_sink comp="358" pin=59"/></net>

<net id="1296"><net_src comp="781" pin="1"/><net_sink comp="1293" pin=0"/></net>

<net id="1297"><net_src comp="1293" pin="1"/><net_sink comp="358" pin=60"/></net>

<net id="1301"><net_src comp="786" pin="1"/><net_sink comp="1298" pin=0"/></net>

<net id="1302"><net_src comp="1298" pin="1"/><net_sink comp="358" pin=61"/></net>

<net id="1306"><net_src comp="791" pin="1"/><net_sink comp="1303" pin=0"/></net>

<net id="1307"><net_src comp="1303" pin="1"/><net_sink comp="358" pin=62"/></net>

<net id="1311"><net_src comp="796" pin="1"/><net_sink comp="1308" pin=0"/></net>

<net id="1312"><net_src comp="1308" pin="1"/><net_sink comp="358" pin=63"/></net>

<net id="1316"><net_src comp="801" pin="1"/><net_sink comp="1313" pin=0"/></net>

<net id="1317"><net_src comp="1313" pin="1"/><net_sink comp="358" pin=64"/></net>

<net id="1321"><net_src comp="806" pin="1"/><net_sink comp="1318" pin=0"/></net>

<net id="1322"><net_src comp="1318" pin="1"/><net_sink comp="358" pin=65"/></net>

<net id="1326"><net_src comp="811" pin="1"/><net_sink comp="1323" pin=0"/></net>

<net id="1327"><net_src comp="1323" pin="1"/><net_sink comp="358" pin=66"/></net>

<net id="1331"><net_src comp="816" pin="1"/><net_sink comp="1328" pin=0"/></net>

<net id="1332"><net_src comp="1328" pin="1"/><net_sink comp="358" pin=67"/></net>

<net id="1336"><net_src comp="821" pin="1"/><net_sink comp="1333" pin=0"/></net>

<net id="1337"><net_src comp="1333" pin="1"/><net_sink comp="358" pin=68"/></net>

<net id="1341"><net_src comp="826" pin="1"/><net_sink comp="1338" pin=0"/></net>

<net id="1342"><net_src comp="1338" pin="1"/><net_sink comp="358" pin=69"/></net>

<net id="1346"><net_src comp="831" pin="1"/><net_sink comp="1343" pin=0"/></net>

<net id="1347"><net_src comp="1343" pin="1"/><net_sink comp="358" pin=70"/></net>

<net id="1351"><net_src comp="836" pin="1"/><net_sink comp="1348" pin=0"/></net>

<net id="1352"><net_src comp="1348" pin="1"/><net_sink comp="358" pin=71"/></net>

<net id="1356"><net_src comp="841" pin="1"/><net_sink comp="1353" pin=0"/></net>

<net id="1357"><net_src comp="1353" pin="1"/><net_sink comp="358" pin=72"/></net>

<net id="1361"><net_src comp="846" pin="1"/><net_sink comp="1358" pin=0"/></net>

<net id="1362"><net_src comp="1358" pin="1"/><net_sink comp="358" pin=73"/></net>

<net id="1366"><net_src comp="851" pin="1"/><net_sink comp="1363" pin=0"/></net>

<net id="1367"><net_src comp="1363" pin="1"/><net_sink comp="358" pin=74"/></net>

<net id="1371"><net_src comp="856" pin="1"/><net_sink comp="1368" pin=0"/></net>

<net id="1372"><net_src comp="1368" pin="1"/><net_sink comp="358" pin=75"/></net>

<net id="1376"><net_src comp="861" pin="1"/><net_sink comp="1373" pin=0"/></net>

<net id="1377"><net_src comp="1373" pin="1"/><net_sink comp="358" pin=76"/></net>

<net id="1381"><net_src comp="866" pin="1"/><net_sink comp="1378" pin=0"/></net>

<net id="1382"><net_src comp="1378" pin="1"/><net_sink comp="358" pin=77"/></net>

<net id="1386"><net_src comp="871" pin="1"/><net_sink comp="1383" pin=0"/></net>

<net id="1387"><net_src comp="1383" pin="1"/><net_sink comp="358" pin=78"/></net>

<net id="1391"><net_src comp="876" pin="1"/><net_sink comp="1388" pin=0"/></net>

<net id="1392"><net_src comp="1388" pin="1"/><net_sink comp="358" pin=79"/></net>

<net id="1396"><net_src comp="881" pin="1"/><net_sink comp="1393" pin=0"/></net>

<net id="1397"><net_src comp="1393" pin="1"/><net_sink comp="358" pin=80"/></net>

<net id="1401"><net_src comp="886" pin="1"/><net_sink comp="1398" pin=0"/></net>

<net id="1402"><net_src comp="1398" pin="1"/><net_sink comp="358" pin=81"/></net>

<net id="1406"><net_src comp="891" pin="1"/><net_sink comp="1403" pin=0"/></net>

<net id="1407"><net_src comp="1403" pin="1"/><net_sink comp="358" pin=82"/></net>

<net id="1411"><net_src comp="896" pin="1"/><net_sink comp="1408" pin=0"/></net>

<net id="1412"><net_src comp="1408" pin="1"/><net_sink comp="358" pin=83"/></net>

<net id="1416"><net_src comp="901" pin="1"/><net_sink comp="1413" pin=0"/></net>

<net id="1417"><net_src comp="1413" pin="1"/><net_sink comp="358" pin=84"/></net>

<net id="1421"><net_src comp="906" pin="1"/><net_sink comp="1418" pin=0"/></net>

<net id="1422"><net_src comp="1418" pin="1"/><net_sink comp="358" pin=85"/></net>

<net id="1426"><net_src comp="911" pin="1"/><net_sink comp="1423" pin=0"/></net>

<net id="1427"><net_src comp="1423" pin="1"/><net_sink comp="358" pin=86"/></net>

<net id="1431"><net_src comp="916" pin="1"/><net_sink comp="1428" pin=0"/></net>

<net id="1432"><net_src comp="1428" pin="1"/><net_sink comp="358" pin=87"/></net>

<net id="1436"><net_src comp="921" pin="1"/><net_sink comp="1433" pin=0"/></net>

<net id="1437"><net_src comp="1433" pin="1"/><net_sink comp="358" pin=88"/></net>

<net id="1441"><net_src comp="926" pin="1"/><net_sink comp="1438" pin=0"/></net>

<net id="1442"><net_src comp="1438" pin="1"/><net_sink comp="358" pin=89"/></net>

<net id="1446"><net_src comp="931" pin="1"/><net_sink comp="1443" pin=0"/></net>

<net id="1447"><net_src comp="1443" pin="1"/><net_sink comp="358" pin=90"/></net>

<net id="1451"><net_src comp="936" pin="1"/><net_sink comp="1448" pin=0"/></net>

<net id="1452"><net_src comp="1448" pin="1"/><net_sink comp="358" pin=91"/></net>

<net id="1456"><net_src comp="941" pin="1"/><net_sink comp="1453" pin=0"/></net>

<net id="1457"><net_src comp="1453" pin="1"/><net_sink comp="358" pin=92"/></net>

<net id="1461"><net_src comp="946" pin="1"/><net_sink comp="1458" pin=0"/></net>

<net id="1462"><net_src comp="1458" pin="1"/><net_sink comp="358" pin=93"/></net>

<net id="1466"><net_src comp="951" pin="1"/><net_sink comp="1463" pin=0"/></net>

<net id="1467"><net_src comp="1463" pin="1"/><net_sink comp="358" pin=94"/></net>

<net id="1471"><net_src comp="956" pin="1"/><net_sink comp="1468" pin=0"/></net>

<net id="1472"><net_src comp="1468" pin="1"/><net_sink comp="358" pin=95"/></net>

<net id="1476"><net_src comp="961" pin="1"/><net_sink comp="1473" pin=0"/></net>

<net id="1477"><net_src comp="1473" pin="1"/><net_sink comp="358" pin=96"/></net>

<net id="1481"><net_src comp="966" pin="1"/><net_sink comp="1478" pin=0"/></net>

<net id="1482"><net_src comp="1478" pin="1"/><net_sink comp="358" pin=97"/></net>

<net id="1486"><net_src comp="971" pin="1"/><net_sink comp="1483" pin=0"/></net>

<net id="1487"><net_src comp="1483" pin="1"/><net_sink comp="358" pin=98"/></net>

<net id="1491"><net_src comp="976" pin="1"/><net_sink comp="1488" pin=0"/></net>

<net id="1492"><net_src comp="1488" pin="1"/><net_sink comp="358" pin=99"/></net>

<net id="1496"><net_src comp="981" pin="1"/><net_sink comp="1493" pin=0"/></net>

<net id="1497"><net_src comp="1493" pin="1"/><net_sink comp="358" pin=100"/></net>

</net_list>

</model> 
---------------- Datapath Model END ------------------

* FSMD analyzer results:
  - Output states:
	Port: h_out_0_V | {3 4 }
	Port: h_out_1_V | {3 4 }
	Port: h_out_2_V | {3 4 }
	Port: h_out_3_V | {3 4 }
	Port: h_out_4_V | {3 4 }
	Port: h_out_5_V | {3 4 }
	Port: h_out_6_V | {3 4 }
	Port: h_out_7_V | {3 4 }
 - Input state : 
	Port: compute_bilstm : input_f_V | {2 3 }
	Port: compute_bilstm : input_b_V | {2 3 }
	Port: compute_bilstm : valid_len | {1 }
	Port: compute_bilstm : Weight_i_f_V_0 | {2 3 }
	Port: compute_bilstm : Weight_f_f_V_0 | {2 3 }
	Port: compute_bilstm : Weight_g_f_V_0 | {2 3 }
	Port: compute_bilstm : Weight_o_f_V_0 | {2 3 }
	Port: compute_bilstm : Weight_i_f_V_1 | {2 3 }
	Port: compute_bilstm : Weight_f_f_V_1 | {2 3 }
	Port: compute_bilstm : Weight_g_f_V_1 | {2 3 }
	Port: compute_bilstm : Weight_o_f_V_1 | {2 3 }
	Port: compute_bilstm : Weight_i_f_V_2 | {2 3 }
	Port: compute_bilstm : Weight_f_f_V_2 | {2 3 }
	Port: compute_bilstm : Weight_g_f_V_2 | {2 3 }
	Port: compute_bilstm : Weight_o_f_V_2 | {2 3 }
	Port: compute_bilstm : Weight_i_f_V_3 | {2 3 }
	Port: compute_bilstm : Weight_f_f_V_3 | {2 3 }
	Port: compute_bilstm : Weight_g_f_V_3 | {2 3 }
	Port: compute_bilstm : Weight_o_f_V_3 | {2 3 }
	Port: compute_bilstm : Weight_i_f_V_4 | {2 3 }
	Port: compute_bilstm : Weight_f_f_V_4 | {2 3 }
	Port: compute_bilstm : Weight_g_f_V_4 | {2 3 }
	Port: compute_bilstm : Weight_o_f_V_4 | {2 3 }
	Port: compute_bilstm : Weight_i_f_V_5 | {2 3 }
	Port: compute_bilstm : Weight_f_f_V_5 | {2 3 }
	Port: compute_bilstm : Weight_g_f_V_5 | {2 3 }
	Port: compute_bilstm : Weight_o_f_V_5 | {2 3 }
	Port: compute_bilstm : Weight_i_f_V_6 | {2 3 }
	Port: compute_bilstm : Weight_f_f_V_6 | {2 3 }
	Port: compute_bilstm : Weight_g_f_V_6 | {2 3 }
	Port: compute_bilstm : Weight_o_f_V_6 | {2 3 }
	Port: compute_bilstm : Weight_i_f_V_7 | {2 3 }
	Port: compute_bilstm : Weight_f_f_V_7 | {2 3 }
	Port: compute_bilstm : Weight_g_f_V_7 | {2 3 }
	Port: compute_bilstm : Weight_o_f_V_7 | {2 3 }
	Port: compute_bilstm : sigmoid_lut_V | {2 3 }
	Port: compute_bilstm : tanh_lut_V163 | {2 3 }
	Port: compute_bilstm : tanh_lut_V162 | {2 3 }
	Port: compute_bilstm : tanh_lut_V | {2 3 }
	Port: compute_bilstm : Weight_i_b_V_0 | {2 3 }
	Port: compute_bilstm : Weight_f_b_V_0 | {2 3 }
	Port: compute_bilstm : Weight_g_b_V_0 | {2 3 }
	Port: compute_bilstm : Weight_o_b_V_0 | {2 3 }
	Port: compute_bilstm : Weight_i_b_V_1 | {2 3 }
	Port: compute_bilstm : Weight_f_b_V_1 | {2 3 }
	Port: compute_bilstm : Weight_g_b_V_1 | {2 3 }
	Port: compute_bilstm : Weight_o_b_V_1 | {2 3 }
	Port: compute_bilstm : Weight_i_b_V_2 | {2 3 }
	Port: compute_bilstm : Weight_f_b_V_2 | {2 3 }
	Port: compute_bilstm : Weight_g_b_V_2 | {2 3 }
	Port: compute_bilstm : Weight_o_b_V_2 | {2 3 }
	Port: compute_bilstm : Weight_i_b_V_3 | {2 3 }
	Port: compute_bilstm : Weight_f_b_V_3 | {2 3 }
	Port: compute_bilstm : Weight_g_b_V_3 | {2 3 }
	Port: compute_bilstm : Weight_o_b_V_3 | {2 3 }
	Port: compute_bilstm : Weight_i_b_V_4 | {2 3 }
	Port: compute_bilstm : Weight_f_b_V_4 | {2 3 }
	Port: compute_bilstm : Weight_g_b_V_4 | {2 3 }
	Port: compute_bilstm : Weight_o_b_V_4 | {2 3 }
	Port: compute_bilstm : Weight_i_b_V_5 | {2 3 }
	Port: compute_bilstm : Weight_f_b_V_5 | {2 3 }
	Port: compute_bilstm : Weight_g_b_V_5 | {2 3 }
	Port: compute_bilstm : Weight_o_b_V_5 | {2 3 }
	Port: compute_bilstm : Weight_i_b_V_6 | {2 3 }
	Port: compute_bilstm : Weight_f_b_V_6 | {2 3 }
	Port: compute_bilstm : Weight_g_b_V_6 | {2 3 }
	Port: compute_bilstm : Weight_o_b_V_6 | {2 3 }
	Port: compute_bilstm : Weight_i_b_V_7 | {2 3 }
	Port: compute_bilstm : Weight_f_b_V_7 | {2 3 }
	Port: compute_bilstm : Weight_g_b_V_7 | {2 3 }
	Port: compute_bilstm : Weight_o_b_V_7 | {2 3 }
  - Chain level:
	State 1
		StgValue_7 : 1
	State 2
	State 3
		h_f_0_0_V : 1
		h_f_0_1_V : 1
		h_f_0_2_V : 1
		h_f_0_3_V : 1
		h_f_0_4_V : 1
		h_f_0_5_V : 1
		h_f_0_6_V : 1
		h_f_1_0_V : 1
		h_f_1_1_V : 1
		h_f_1_2_V : 1
		h_f_1_3_V : 1
		h_f_1_4_V : 1
		h_f_1_5_V : 1
		h_f_1_6_V : 1
		h_f_2_0_V : 1
		h_f_2_1_V : 1
		h_f_2_2_V : 1
		h_f_2_3_V : 1
		h_f_2_4_V : 1
		h_f_2_5_V : 1
		h_f_3_0_V : 1
		h_f_3_1_V : 1
		h_f_3_2_V : 1
		h_f_3_3_V : 1
		h_f_3_4_V : 1
		h_f_3_5_V : 1
		h_f_4_0_V : 1
		h_f_4_1_V : 1
		h_f_4_2_V : 1
		h_f_4_3_V : 1
		h_f_4_4_V : 1
		h_f_4_5_V : 1
		h_f_5_0_V : 1
		h_f_5_1_V : 1
		h_f_5_2_V : 1
		h_f_5_3_V : 1
		h_f_5_4_V : 1
		h_f_5_5_V : 1
		h_f_6_0_V : 1
		h_f_6_1_V : 1
		h_f_6_2_V : 1
		h_f_6_3_V : 1
		h_f_6_4_V : 1
		h_f_6_5_V : 1
		h_f_7_0_V : 1
		h_f_7_1_V : 1
		h_f_7_2_V : 1
		h_f_7_3_V : 1
		h_f_7_4_V : 1
		h_f_7_5_V : 1
		h_b_0_0_V : 1
		h_b_0_1_V : 1
		h_b_0_2_V : 1
		h_b_0_3_V : 1
		h_b_0_4_V : 1
		h_b_0_5_V : 1
		h_b_0_6_V : 1
		h_b_1_0_V : 1
		h_b_1_1_V : 1
		h_b_1_2_V : 1
		h_b_1_3_V : 1
		h_b_1_4_V : 1
		h_b_1_5_V : 1
		h_b_1_6_V : 1
		h_b_2_0_V : 1
		h_b_2_1_V : 1
		h_b_2_2_V : 1
		h_b_2_3_V : 1
		h_b_2_4_V : 1
		h_b_2_5_V : 1
		h_b_3_0_V : 1
		h_b_3_1_V : 1
		h_b_3_2_V : 1
		h_b_3_3_V : 1
		h_b_3_4_V : 1
		h_b_3_5_V : 1
		h_b_4_0_V : 1
		h_b_4_1_V : 1
		h_b_4_2_V : 1
		h_b_4_3_V : 1
		h_b_4_4_V : 1
		h_b_4_5_V : 1
		h_b_5_0_V : 1
		h_b_5_1_V : 1
		h_b_5_2_V : 1
		h_b_5_3_V : 1
		h_b_5_4_V : 1
		h_b_5_5_V : 1
		h_b_6_0_V : 1
		h_b_6_1_V : 1
		h_b_6_2_V : 1
		h_b_6_3_V : 1
		h_b_6_4_V : 1
		h_b_6_5_V : 1
		h_b_7_0_V : 1
		h_b_7_1_V : 1
		h_b_7_2_V : 1
		h_b_7_3_V : 1
		h_b_7_4_V : 1
		h_b_7_5_V : 1
		StgValue_112 : 2
	State 4


============================================================
+ Verbose Summary: Datapath Resource usage 
============================================================

* Functional unit list:
|----------|----------------------------------------|---------|---------|---------|---------|---------|
| Operation|             Functional Unit            |   BRAM  |  DSP48E |  Delay  |    FF   |   LUT   |
|----------|----------------------------------------|---------|---------|---------|---------|---------|
|          |        grp_lstm_backward_fu_204        |    56   |   226   | 285.955 |  10828  |   6737  |
|   call   |         grp_lstm_forward_fu_281        |    56   |   224   | 284.371 |  10751  |   5964  |
|          |         grp_merge_output_fu_358        |    0    |    0    |  30.552 |    0    |   128   |
|          | StgValue_7_compute_bilstm_entry_fu_478 |    0    |    0    |    0    |    0    |    0    |
|----------|----------------------------------------|---------|---------|---------|---------|---------|
|          |            h_f_0_0_V_fu_486            |    0    |    0    |    0    |    0    |    0    |
|          |            h_f_0_1_V_fu_491            |    0    |    0    |    0    |    0    |    0    |
|          |            h_f_0_2_V_fu_496            |    0    |    0    |    0    |    0    |    0    |
|          |            h_f_0_3_V_fu_501            |    0    |    0    |    0    |    0    |    0    |
|          |            h_f_0_4_V_fu_506            |    0    |    0    |    0    |    0    |    0    |
|          |            h_f_0_5_V_fu_511            |    0    |    0    |    0    |    0    |    0    |
|          |            h_f_0_6_V_fu_516            |    0    |    0    |    0    |    0    |    0    |
|          |            h_f_1_0_V_fu_521            |    0    |    0    |    0    |    0    |    0    |
|          |            h_f_1_1_V_fu_526            |    0    |    0    |    0    |    0    |    0    |
|          |            h_f_1_2_V_fu_531            |    0    |    0    |    0    |    0    |    0    |
|          |            h_f_1_3_V_fu_536            |    0    |    0    |    0    |    0    |    0    |
|          |            h_f_1_4_V_fu_541            |    0    |    0    |    0    |    0    |    0    |
|          |            h_f_1_5_V_fu_546            |    0    |    0    |    0    |    0    |    0    |
|          |            h_f_1_6_V_fu_551            |    0    |    0    |    0    |    0    |    0    |
|          |            h_f_2_0_V_fu_556            |    0    |    0    |    0    |    0    |    0    |
|          |            h_f_2_1_V_fu_561            |    0    |    0    |    0    |    0    |    0    |
|          |            h_f_2_2_V_fu_566            |    0    |    0    |    0    |    0    |    0    |
|          |            h_f_2_3_V_fu_571            |    0    |    0    |    0    |    0    |    0    |
|          |            h_f_2_4_V_fu_576            |    0    |    0    |    0    |    0    |    0    |
|          |            h_f_2_5_V_fu_581            |    0    |    0    |    0    |    0    |    0    |
|          |            h_f_3_0_V_fu_586            |    0    |    0    |    0    |    0    |    0    |
|          |            h_f_3_1_V_fu_591            |    0    |    0    |    0    |    0    |    0    |
|          |            h_f_3_2_V_fu_596            |    0    |    0    |    0    |    0    |    0    |
|          |            h_f_3_3_V_fu_601            |    0    |    0    |    0    |    0    |    0    |
|          |            h_f_3_4_V_fu_606            |    0    |    0    |    0    |    0    |    0    |
|          |            h_f_3_5_V_fu_611            |    0    |    0    |    0    |    0    |    0    |
|          |            h_f_4_0_V_fu_616            |    0    |    0    |    0    |    0    |    0    |
|          |            h_f_4_1_V_fu_621            |    0    |    0    |    0    |    0    |    0    |
|          |            h_f_4_2_V_fu_626            |    0    |    0    |    0    |    0    |    0    |
|          |            h_f_4_3_V_fu_631            |    0    |    0    |    0    |    0    |    0    |
|          |            h_f_4_4_V_fu_636            |    0    |    0    |    0    |    0    |    0    |
|          |            h_f_4_5_V_fu_641            |    0    |    0    |    0    |    0    |    0    |
|          |            h_f_5_0_V_fu_646            |    0    |    0    |    0    |    0    |    0    |
|          |            h_f_5_1_V_fu_651            |    0    |    0    |    0    |    0    |    0    |
|          |            h_f_5_2_V_fu_656            |    0    |    0    |    0    |    0    |    0    |
|          |            h_f_5_3_V_fu_661            |    0    |    0    |    0    |    0    |    0    |
|          |            h_f_5_4_V_fu_666            |    0    |    0    |    0    |    0    |    0    |
|          |            h_f_5_5_V_fu_671            |    0    |    0    |    0    |    0    |    0    |
|          |            h_f_6_0_V_fu_676            |    0    |    0    |    0    |    0    |    0    |
|          |            h_f_6_1_V_fu_681            |    0    |    0    |    0    |    0    |    0    |
|          |            h_f_6_2_V_fu_686            |    0    |    0    |    0    |    0    |    0    |
|          |            h_f_6_3_V_fu_691            |    0    |    0    |    0    |    0    |    0    |
|          |            h_f_6_4_V_fu_696            |    0    |    0    |    0    |    0    |    0    |
|          |            h_f_6_5_V_fu_701            |    0    |    0    |    0    |    0    |    0    |
|          |            h_f_7_0_V_fu_706            |    0    |    0    |    0    |    0    |    0    |
|          |            h_f_7_1_V_fu_711            |    0    |    0    |    0    |    0    |    0    |
|          |            h_f_7_2_V_fu_716            |    0    |    0    |    0    |    0    |    0    |
|          |            h_f_7_3_V_fu_721            |    0    |    0    |    0    |    0    |    0    |
|          |            h_f_7_4_V_fu_726            |    0    |    0    |    0    |    0    |    0    |
|extractvalue|            h_f_7_5_V_fu_731            |    0    |    0    |    0    |    0    |    0    |
|          |            h_b_0_0_V_fu_736            |    0    |    0    |    0    |    0    |    0    |
|          |            h_b_0_1_V_fu_741            |    0    |    0    |    0    |    0    |    0    |
|          |            h_b_0_2_V_fu_746            |    0    |    0    |    0    |    0    |    0    |
|          |            h_b_0_3_V_fu_751            |    0    |    0    |    0    |    0    |    0    |
|          |            h_b_0_4_V_fu_756            |    0    |    0    |    0    |    0    |    0    |
|          |            h_b_0_5_V_fu_761            |    0    |    0    |    0    |    0    |    0    |
|          |            h_b_0_6_V_fu_766            |    0    |    0    |    0    |    0    |    0    |
|          |            h_b_1_0_V_fu_771            |    0    |    0    |    0    |    0    |    0    |
|          |            h_b_1_1_V_fu_776            |    0    |    0    |    0    |    0    |    0    |
|          |            h_b_1_2_V_fu_781            |    0    |    0    |    0    |    0    |    0    |
|          |            h_b_1_3_V_fu_786            |    0    |    0    |    0    |    0    |    0    |
|          |            h_b_1_4_V_fu_791            |    0    |    0    |    0    |    0    |    0    |
|          |            h_b_1_5_V_fu_796            |    0    |    0    |    0    |    0    |    0    |
|          |            h_b_1_6_V_fu_801            |    0    |    0    |    0    |    0    |    0    |
|          |            h_b_2_0_V_fu_806            |    0    |    0    |    0    |    0    |    0    |
|          |            h_b_2_1_V_fu_811            |    0    |    0    |    0    |    0    |    0    |
|          |            h_b_2_2_V_fu_816            |    0    |    0    |    0    |    0    |    0    |
|          |            h_b_2_3_V_fu_821            |    0    |    0    |    0    |    0    |    0    |
|          |            h_b_2_4_V_fu_826            |    0    |    0    |    0    |    0    |    0    |
|          |            h_b_2_5_V_fu_831            |    0    |    0    |    0    |    0    |    0    |
|          |            h_b_3_0_V_fu_836            |    0    |    0    |    0    |    0    |    0    |
|          |            h_b_3_1_V_fu_841            |    0    |    0    |    0    |    0    |    0    |
|          |            h_b_3_2_V_fu_846            |    0    |    0    |    0    |    0    |    0    |
|          |            h_b_3_3_V_fu_851            |    0    |    0    |    0    |    0    |    0    |
|          |            h_b_3_4_V_fu_856            |    0    |    0    |    0    |    0    |    0    |
|          |            h_b_3_5_V_fu_861            |    0    |    0    |    0    |    0    |    0    |
|          |            h_b_4_0_V_fu_866            |    0    |    0    |    0    |    0    |    0    |
|          |            h_b_4_1_V_fu_871            |    0    |    0    |    0    |    0    |    0    |
|          |            h_b_4_2_V_fu_876            |    0    |    0    |    0    |    0    |    0    |
|          |            h_b_4_3_V_fu_881            |    0    |    0    |    0    |    0    |    0    |
|          |            h_b_4_4_V_fu_886            |    0    |    0    |    0    |    0    |    0    |
|          |            h_b_4_5_V_fu_891            |    0    |    0    |    0    |    0    |    0    |
|          |            h_b_5_0_V_fu_896            |    0    |    0    |    0    |    0    |    0    |
|          |            h_b_5_1_V_fu_901            |    0    |    0    |    0    |    0    |    0    |
|          |            h_b_5_2_V_fu_906            |    0    |    0    |    0    |    0    |    0    |
|          |            h_b_5_3_V_fu_911            |    0    |    0    |    0    |    0    |    0    |
|          |            h_b_5_4_V_fu_916            |    0    |    0    |    0    |    0    |    0    |
|          |            h_b_5_5_V_fu_921            |    0    |    0    |    0    |    0    |    0    |
|          |            h_b_6_0_V_fu_926            |    0    |    0    |    0    |    0    |    0    |
|          |            h_b_6_1_V_fu_931            |    0    |    0    |    0    |    0    |    0    |
|          |            h_b_6_2_V_fu_936            |    0    |    0    |    0    |    0    |    0    |
|          |            h_b_6_3_V_fu_941            |    0    |    0    |    0    |    0    |    0    |
|          |            h_b_6_4_V_fu_946            |    0    |    0    |    0    |    0    |    0    |
|          |            h_b_6_5_V_fu_951            |    0    |    0    |    0    |    0    |    0    |
|          |            h_b_7_0_V_fu_956            |    0    |    0    |    0    |    0    |    0    |
|          |            h_b_7_1_V_fu_961            |    0    |    0    |    0    |    0    |    0    |
|          |            h_b_7_2_V_fu_966            |    0    |    0    |    0    |    0    |    0    |
|          |            h_b_7_3_V_fu_971            |    0    |    0    |    0    |    0    |    0    |
|          |            h_b_7_4_V_fu_976            |    0    |    0    |    0    |    0    |    0    |
|          |            h_b_7_5_V_fu_981            |    0    |    0    |    0    |    0    |    0    |
|----------|----------------------------------------|---------|---------|---------|---------|---------|
|   Total  |                                        |   112   |   450   | 600.878 |  21579  |  12829  |
|----------|----------------------------------------|---------|---------|---------|---------|---------|

Memories:
N/A

* Register list:
+-----------------------+--------+
|                       |   FF   |
+-----------------------+--------+
|   h_b_0_0_V_reg_1248  |   16   |
|   h_b_0_1_V_reg_1253  |   16   |
|   h_b_0_2_V_reg_1258  |   16   |
|   h_b_0_3_V_reg_1263  |   16   |
|   h_b_0_4_V_reg_1268  |   16   |
|   h_b_0_5_V_reg_1273  |   16   |
|   h_b_0_6_V_reg_1278  |   16   |
|   h_b_1_0_V_reg_1283  |   16   |
|   h_b_1_1_V_reg_1288  |   16   |
|   h_b_1_2_V_reg_1293  |   16   |
|   h_b_1_3_V_reg_1298  |   16   |
|   h_b_1_4_V_reg_1303  |   16   |
|   h_b_1_5_V_reg_1308  |   16   |
|   h_b_1_6_V_reg_1313  |   16   |
|   h_b_2_0_V_reg_1318  |   16   |
|   h_b_2_1_V_reg_1323  |   16   |
|   h_b_2_2_V_reg_1328  |   16   |
|   h_b_2_3_V_reg_1333  |   16   |
|   h_b_2_4_V_reg_1338  |   16   |
|   h_b_2_5_V_reg_1343  |   16   |
|   h_b_3_0_V_reg_1348  |   16   |
|   h_b_3_1_V_reg_1353  |   16   |
|   h_b_3_2_V_reg_1358  |   16   |
|   h_b_3_3_V_reg_1363  |   16   |
|   h_b_3_4_V_reg_1368  |   16   |
|   h_b_3_5_V_reg_1373  |   16   |
|   h_b_4_0_V_reg_1378  |   16   |
|   h_b_4_1_V_reg_1383  |   16   |
|   h_b_4_2_V_reg_1388  |   16   |
|   h_b_4_3_V_reg_1393  |   16   |
|   h_b_4_4_V_reg_1398  |   16   |
|   h_b_4_5_V_reg_1403  |   16   |
|   h_b_5_0_V_reg_1408  |   16   |
|   h_b_5_1_V_reg_1413  |   16   |
|   h_b_5_2_V_reg_1418  |   16   |
|   h_b_5_3_V_reg_1423  |   16   |
|   h_b_5_4_V_reg_1428  |   16   |
|   h_b_5_5_V_reg_1433  |   16   |
|   h_b_6_0_V_reg_1438  |   16   |
|   h_b_6_1_V_reg_1443  |   16   |
|   h_b_6_2_V_reg_1448  |   16   |
|   h_b_6_3_V_reg_1453  |   16   |
|   h_b_6_4_V_reg_1458  |   16   |
|   h_b_6_5_V_reg_1463  |   16   |
|   h_b_7_0_V_reg_1468  |   16   |
|   h_b_7_1_V_reg_1473  |   16   |
|   h_b_7_2_V_reg_1478  |   16   |
|   h_b_7_3_V_reg_1483  |   16   |
|   h_b_7_4_V_reg_1488  |   16   |
|   h_b_7_5_V_reg_1493  |   16   |
|   h_f_0_0_V_reg_998   |   16   |
|   h_f_0_1_V_reg_1003  |   16   |
|   h_f_0_2_V_reg_1008  |   16   |
|   h_f_0_3_V_reg_1013  |   16   |
|   h_f_0_4_V_reg_1018  |   16   |
|   h_f_0_5_V_reg_1023  |   16   |
|   h_f_0_6_V_reg_1028  |   16   |
|   h_f_1_0_V_reg_1033  |   16   |
|   h_f_1_1_V_reg_1038  |   16   |
|   h_f_1_2_V_reg_1043  |   16   |
|   h_f_1_3_V_reg_1048  |   16   |
|   h_f_1_4_V_reg_1053  |   16   |
|   h_f_1_5_V_reg_1058  |   16   |
|   h_f_1_6_V_reg_1063  |   16   |
|   h_f_2_0_V_reg_1068  |   16   |
|   h_f_2_1_V_reg_1073  |   16   |
|   h_f_2_2_V_reg_1078  |   16   |
|   h_f_2_3_V_reg_1083  |   16   |
|   h_f_2_4_V_reg_1088  |   16   |
|   h_f_2_5_V_reg_1093  |   16   |
|   h_f_3_0_V_reg_1098  |   16   |
|   h_f_3_1_V_reg_1103  |   16   |
|   h_f_3_2_V_reg_1108  |   16   |
|   h_f_3_3_V_reg_1113  |   16   |
|   h_f_3_4_V_reg_1118  |   16   |
|   h_f_3_5_V_reg_1123  |   16   |
|   h_f_4_0_V_reg_1128  |   16   |
|   h_f_4_1_V_reg_1133  |   16   |
|   h_f_4_2_V_reg_1138  |   16   |
|   h_f_4_3_V_reg_1143  |   16   |
|   h_f_4_4_V_reg_1148  |   16   |
|   h_f_4_5_V_reg_1153  |   16   |
|   h_f_5_0_V_reg_1158  |   16   |
|   h_f_5_1_V_reg_1163  |   16   |
|   h_f_5_2_V_reg_1168  |   16   |
|   h_f_5_3_V_reg_1173  |   16   |
|   h_f_5_4_V_reg_1178  |   16   |
|   h_f_5_5_V_reg_1183  |   16   |
|   h_f_6_0_V_reg_1188  |   16   |
|   h_f_6_1_V_reg_1193  |   16   |
|   h_f_6_2_V_reg_1198  |   16   |
|   h_f_6_3_V_reg_1203  |   16   |
|   h_f_6_4_V_reg_1208  |   16   |
|   h_f_6_5_V_reg_1213  |   16   |
|   h_f_7_0_V_reg_1218  |   16   |
|   h_f_7_1_V_reg_1223  |   16   |
|   h_f_7_2_V_reg_1228  |   16   |
|   h_f_7_3_V_reg_1233  |   16   |
|   h_f_7_4_V_reg_1238  |   16   |
|   h_f_7_5_V_reg_1243  |   16   |
|valid_len_c10_i_reg_986|    7   |
| valid_len_c_i_reg_992 |    7   |
+-----------------------+--------+
|         Total         |  1614  |
+-----------------------+--------+

* Multiplexer (MUX) list: 
|-------------------------|------|------|------|--------||---------||---------|
|           Comp          |  Pin | Size |  BW  | S x BW ||  Delay  ||   LUT   |
|-------------------------|------|------|------|--------||---------||---------|
| grp_merge_output_fu_358 |  p1  |   2  |  16  |   32   ||    3    |
| grp_merge_output_fu_358 |  p2  |   2  |  16  |   32   ||    3    |
| grp_merge_output_fu_358 |  p3  |   2  |  16  |   32   ||    3    |
| grp_merge_output_fu_358 |  p4  |   2  |  16  |   32   ||    3    |
| grp_merge_output_fu_358 |  p5  |   2  |  16  |   32   ||    3    |
| grp_merge_output_fu_358 |  p6  |   2  |  16  |   32   ||    3    |
| grp_merge_output_fu_358 |  p7  |   2  |  16  |   32   ||    3    |
| grp_merge_output_fu_358 |  p8  |   2  |  16  |   32   ||    3    |
| grp_merge_output_fu_358 |  p9  |   2  |  16  |   32   ||    3    |
| grp_merge_output_fu_358 |  p10 |   2  |  16  |   32   ||    3    |
| grp_merge_output_fu_358 |  p11 |   2  |  16  |   32   ||    3    |
| grp_merge_output_fu_358 |  p12 |   2  |  16  |   32   ||    3    |
| grp_merge_output_fu_358 |  p13 |   2  |  16  |   32   ||    3    |
| grp_merge_output_fu_358 |  p14 |   2  |  16  |   32   ||    3    |
| grp_merge_output_fu_358 |  p15 |   2  |  16  |   32   ||    3    |
| grp_merge_output_fu_358 |  p16 |   2  |  16  |   32   ||    3    |
| grp_merge_output_fu_358 |  p17 |   2  |  16  |   32   ||    3    |
| grp_merge_output_fu_358 |  p18 |   2  |  16  |   32   ||    3    |
| grp_merge_output_fu_358 |  p19 |   2  |  16  |   32   ||    3    |
| grp_merge_output_fu_358 |  p20 |   2  |  16  |   32   ||    3    |
| grp_merge_output_fu_358 |  p21 |   2  |  16  |   32   ||    3    |
| grp_merge_output_fu_358 |  p22 |   2  |  16  |   32   ||    3    |
| grp_merge_output_fu_358 |  p23 |   2  |  16  |   32   ||    3    |
| grp_merge_output_fu_358 |  p24 |   2  |  16  |   32   ||    3    |
| grp_merge_output_fu_358 |  p25 |   2  |  16  |   32   ||    3    |
| grp_merge_output_fu_358 |  p26 |   2  |  16  |   32   ||    3    |
| grp_merge_output_fu_358 |  p27 |   2  |  16  |   32   ||    3    |
| grp_merge_output_fu_358 |  p28 |   2  |  16  |   32   ||    3    |
| grp_merge_output_fu_358 |  p29 |   2  |  16  |   32   ||    3    |
| grp_merge_output_fu_358 |  p30 |   2  |  16  |   32   ||    3    |
| grp_merge_output_fu_358 |  p31 |   2  |  16  |   32   ||    3    |
| grp_merge_output_fu_358 |  p32 |   2  |  16  |   32   ||    3    |
| grp_merge_output_fu_358 |  p33 |   2  |  16  |   32   ||    3    |
| grp_merge_output_fu_358 |  p34 |   2  |  16  |   32   ||    3    |
| grp_merge_output_fu_358 |  p35 |   2  |  16  |   32   ||    3    |
| grp_merge_output_fu_358 |  p36 |   2  |  16  |   32   ||    3    |
| grp_merge_output_fu_358 |  p37 |   2  |  16  |   32   ||    3    |
| grp_merge_output_fu_358 |  p38 |   2  |  16  |   32   ||    3    |
| grp_merge_output_fu_358 |  p39 |   2  |  16  |   32   ||    3    |
| grp_merge_output_fu_358 |  p40 |   2  |  16  |   32   ||    3    |
| grp_merge_output_fu_358 |  p41 |   2  |  16  |   32   ||    3    |
| grp_merge_output_fu_358 |  p42 |   2  |  16  |   32   ||    3    |
| grp_merge_output_fu_358 |  p43 |   2  |  16  |   32   ||    3    |
| grp_merge_output_fu_358 |  p44 |   2  |  16  |   32   ||    3    |
| grp_merge_output_fu_358 |  p45 |   2  |  16  |   32   ||    3    |
| grp_merge_output_fu_358 |  p46 |   2  |  16  |   32   ||    3    |
| grp_merge_output_fu_358 |  p47 |   2  |  16  |   32   ||    3    |
| grp_merge_output_fu_358 |  p48 |   2  |  16  |   32   ||    3    |
| grp_merge_output_fu_358 |  p49 |   2  |  16  |   32   ||    3    |
| grp_merge_output_fu_358 |  p50 |   2  |  16  |   32   ||    3    |
| grp_merge_output_fu_358 |  p51 |   2  |  16  |   32   ||    3    |
| grp_merge_output_fu_358 |  p52 |   2  |  16  |   32   ||    3    |
| grp_merge_output_fu_358 |  p53 |   2  |  16  |   32   ||    3    |
| grp_merge_output_fu_358 |  p54 |   2  |  16  |   32   ||    3    |
| grp_merge_output_fu_358 |  p55 |   2  |  16  |   32   ||    3    |
| grp_merge_output_fu_358 |  p56 |   2  |  16  |   32   ||    3    |
| grp_merge_output_fu_358 |  p57 |   2  |  16  |   32   ||    3    |
| grp_merge_output_fu_358 |  p58 |   2  |  16  |   32   ||    3    |
| grp_merge_output_fu_358 |  p59 |   2  |  16  |   32   ||    3    |
| grp_merge_output_fu_358 |  p60 |   2  |  16  |   32   ||    3    |
| grp_merge_output_fu_358 |  p61 |   2  |  16  |   32   ||    3    |
| grp_merge_output_fu_358 |  p62 |   2  |  16  |   32   ||    3    |
| grp_merge_output_fu_358 |  p63 |   2  |  16  |   32   ||    3    |
| grp_merge_output_fu_358 |  p64 |   2  |  16  |   32   ||    3    |
| grp_merge_output_fu_358 |  p65 |   2  |  16  |   32   ||    3    |
| grp_merge_output_fu_358 |  p66 |   2  |  16  |   32   ||    3    |
| grp_merge_output_fu_358 |  p67 |   2  |  16  |   32   ||    3    |
| grp_merge_output_fu_358 |  p68 |   2  |  16  |   32   ||    3    |
| grp_merge_output_fu_358 |  p69 |   2  |  16  |   32   ||    3    |
| grp_merge_output_fu_358 |  p70 |   2  |  16  |   32   ||    3    |
| grp_merge_output_fu_358 |  p71 |   2  |  16  |   32   ||    3    |
| grp_merge_output_fu_358 |  p72 |   2  |  16  |   32   ||    3    |
| grp_merge_output_fu_358 |  p73 |   2  |  16  |   32   ||    3    |
| grp_merge_output_fu_358 |  p74 |   2  |  16  |   32   ||    3    |
| grp_merge_output_fu_358 |  p75 |   2  |  16  |   32   ||    3    |
| grp_merge_output_fu_358 |  p76 |   2  |  16  |   32   ||    3    |
| grp_merge_output_fu_358 |  p77 |   2  |  16  |   32   ||    3    |
| grp_merge_output_fu_358 |  p78 |   2  |  16  |   32   ||    3    |
| grp_merge_output_fu_358 |  p79 |   2  |  16  |   32   ||    3    |
| grp_merge_output_fu_358 |  p80 |   2  |  16  |   32   ||    3    |
| grp_merge_output_fu_358 |  p81 |   2  |  16  |   32   ||    3    |
| grp_merge_output_fu_358 |  p82 |   2  |  16  |   32   ||    3    |
| grp_merge_output_fu_358 |  p83 |   2  |  16  |   32   ||    3    |
| grp_merge_output_fu_358 |  p84 |   2  |  16  |   32   ||    3    |
| grp_merge_output_fu_358 |  p85 |   2  |  16  |   32   ||    3    |
| grp_merge_output_fu_358 |  p86 |   2  |  16  |   32   ||    3    |
| grp_merge_output_fu_358 |  p87 |   2  |  16  |   32   ||    3    |
| grp_merge_output_fu_358 |  p88 |   2  |  16  |   32   ||    3    |
| grp_merge_output_fu_358 |  p89 |   2  |  16  |   32   ||    3    |
| grp_merge_output_fu_358 |  p90 |   2  |  16  |   32   ||    3    |
| grp_merge_output_fu_358 |  p91 |   2  |  16  |   32   ||    3    |
| grp_merge_output_fu_358 |  p92 |   2  |  16  |   32   ||    3    |
| grp_merge_output_fu_358 |  p93 |   2  |  16  |   32   ||    3    |
| grp_merge_output_fu_358 |  p94 |   2  |  16  |   32   ||    3    |
| grp_merge_output_fu_358 |  p95 |   2  |  16  |   32   ||    3    |
| grp_merge_output_fu_358 |  p96 |   2  |  16  |   32   ||    3    |
| grp_merge_output_fu_358 |  p97 |   2  |  16  |   32   ||    3    |
| grp_merge_output_fu_358 |  p98 |   2  |  16  |   32   ||    3    |
| grp_merge_output_fu_358 |  p99 |   2  |  16  |   32   ||    3    |
| grp_merge_output_fu_358 | p100 |   2  |  16  |   32   ||    3    |
|-------------------------|------|------|------|--------||---------||---------|
|          Total          |      |      |      |  3200  ||   46.6  ||   300   |
|-------------------------|------|------|------|--------||---------||---------|



* Summary:
+-----------+--------+--------+--------+--------+--------+
|           |  BRAM  | DSP48E |  Delay |   FF   |   LUT  |
+-----------+--------+--------+--------+--------+--------+
|  Function |   112  |   450  |   600  |  21579 |  12829 |
|   Memory  |    -   |    -   |    -   |    -   |    -   |
|Multiplexer|    -   |    -   |   46   |    -   |   300  |
|  Register |    -   |    -   |    -   |  1614  |    -   |
+-----------+--------+--------+--------+--------+--------+
|   Total   |   112  |   450  |   647  |  23193 |  13129 |
+-----------+--------+--------+--------+--------+--------+
