

================================================================
== Vivado HLS Report for 'lstm_infer_Loop_3_pr'
================================================================
* Date:           Sat Apr 19 01:58:17 2025

* Version:        2018.3 (Build 2405991 on Thu Dec 06 23:56:15 MST 2018)
* Project:        bi_lstm
* Solution:       solution1
* Product family: zynq
* Target device:  xc7z020clg400-2


================================================================
== Performance Estimates
================================================================
+ Timing (ns): 
    * Summary: 
    +--------+-------+----------+------------+
    |  Clock | Target| Estimated| Uncertainty|
    +--------+-------+----------+------------+
    |ap_clk  |  10.00|     8.321|        1.25|
    +--------+-------+----------+------------+

+ Latency (clock cycles): 
    * Summary: 
    +-----+-----+-----+-----+---------+
    |  Latency  |  Interval | Pipeline|
    | min | max | min | max |   Type  |
    +-----+-----+-----+-----+---------+
    |  103|  103|  103|  103|   none  |
    +-----+-----+-----+-----+---------+

    + Detail: 
        * Instance: 
        N/A

        * Loop: 
        +----------+-----+-----+----------+-----------+-----------+------+----------+
        |          |  Latency  | Iteration|  Initiation Interval  | Trip |          |
        | Loop Name| min | max |  Latency |  achieved |   target  | Count| Pipelined|
        +----------+-----+-----+----------+-----------+-----------+------+----------+
        |- Loop 1  |  101|  101|         4|          2|          1|    50|    yes   |
        +----------+-----+-----+----------+-----------+-----------+------+----------+

============================================================
+ Verbose Summary: Synthesis Manager
============================================================
InlineROM: 1
ExposeGlobal: 0
============================================================
+ Verbose Summary: CDFG Model
============================================================
IsTopModel: 0
ResetActiveHigh: 1
IsCombinational: 2
IsDatapathOnly: 0
HasWiredReturn: 1
HasMFsm: 0
HasVarLatency: 1
IsPipeline: 0
IsRtlPipelined: 0
IsInstanceOverlapped: 0
IsDontTouch: 0
HasImplIP: 0
IsGatedGlobalClock: 0

+ Individual pipeline summary: 
  * Pipeline-0: initiation interval (II) = 2, depth = 4


============================================================
+ Verbose Summary: Schedule
============================================================
* Number of FSM states : 6
* Pipeline : 1
  Pipeline-0 : II = 2, D = 4, States = { 2 3 4 5 }
* Dataflow Pipeline: 0

* FSM state transitions: 
1 --> 
	2  / true
2 --> 
	6  / (exitcond5)
	3  / (!exitcond5)
3 --> 
	4  / true
4 --> 
	5  / true
5 --> 
	2  / true
6 --> 

* FSM state operations: 

State 1 <SV = 0> <Delay = 0.46>
ST_1 : Operation 7 [1/1] (0.00ns)   --->   "call void (...)* @_ssdm_op_SpecMemCore([100 x i7]* @Weight_fc2_V_4, [1 x i8]* @p_str22, [12 x i8]* @p_str40, [1 x i8]* @p_str22, i32 -1, [1 x i8]* @p_str22, [1 x i8]* @p_str22, [1 x i8]* @p_str22, [1 x i8]* @p_str22, [1 x i8]* @p_str22)"   --->   Operation 7 'specmemcore' <Predicate = true> <Delay = 0.00>
ST_1 : Operation 8 [1/1] (0.00ns)   --->   "call void (...)* @_ssdm_op_SpecMemCore([100 x i7]* @Weight_fc2_V_3, [1 x i8]* @p_str22, [12 x i8]* @p_str40, [1 x i8]* @p_str22, i32 -1, [1 x i8]* @p_str22, [1 x i8]* @p_str22, [1 x i8]* @p_str22, [1 x i8]* @p_str22, [1 x i8]* @p_str22)"   --->   Operation 8 'specmemcore' <Predicate = true> <Delay = 0.00>
ST_1 : Operation 9 [1/1] (0.00ns)   --->   "call void (...)* @_ssdm_op_SpecMemCore([100 x i7]* @Weight_fc2_V_2, [1 x i8]* @p_str22, [12 x i8]* @p_str40, [1 x i8]* @p_str22, i32 -1, [1 x i8]* @p_str22, [1 x i8]* @p_str22, [1 x i8]* @p_str22, [1 x i8]* @p_str22, [1 x i8]* @p_str22)"   --->   Operation 9 'specmemcore' <Predicate = true> <Delay = 0.00>
ST_1 : Operation 10 [1/1] (0.00ns)   --->   "call void (...)* @_ssdm_op_SpecMemCore([100 x i7]* @Weight_fc2_V_1, [1 x i8]* @p_str22, [12 x i8]* @p_str40, [1 x i8]* @p_str22, i32 -1, [1 x i8]* @p_str22, [1 x i8]* @p_str22, [1 x i8]* @p_str22, [1 x i8]* @p_str22, [1 x i8]* @p_str22)"   --->   Operation 10 'specmemcore' <Predicate = true> <Delay = 0.00>
ST_1 : Operation 11 [1/1] (0.00ns)   --->   "call void (...)* @_ssdm_op_SpecMemCore([100 x i7]* @Weight_fc2_V_0, [1 x i8]* @p_str22, [12 x i8]* @p_str40, [1 x i8]* @p_str22, i32 -1, [1 x i8]* @p_str22, [1 x i8]* @p_str22, [1 x i8]* @p_str22, [1 x i8]* @p_str22, [1 x i8]* @p_str22)"   --->   Operation 11 'specmemcore' <Predicate = true> <Delay = 0.00>
ST_1 : Operation 12 [1/1] (0.46ns)   --->   "br label %.preheader378"   --->   Operation 12 'br' <Predicate = true> <Delay = 0.46>

State 2 <SV = 1> <Delay = 2.77>
ST_2 : Operation 13 [1/1] (0.00ns)   --->   "%fc2_out_V_9_out = phi i16 [ %fc2_out_9_V, %_ZN8ap_fixedILi16ELi5EL9ap_q_mode5EL9ap_o_mode3ELi0EEC1Ei.exit13 ], [ 0, %newFuncRoot ]"   --->   Operation 13 'phi' 'fc2_out_V_9_out' <Predicate = true> <Delay = 0.00>
ST_2 : Operation 14 [1/1] (0.00ns)   --->   "%fc2_out_V_8_out = phi i16 [ %fc2_out_8_V, %_ZN8ap_fixedILi16ELi5EL9ap_q_mode5EL9ap_o_mode3ELi0EEC1Ei.exit13 ], [ -368, %newFuncRoot ]"   --->   Operation 14 'phi' 'fc2_out_V_8_out' <Predicate = true> <Delay = 0.00>
ST_2 : Operation 15 [1/1] (0.00ns)   --->   "%fc2_out_V_7_out = phi i16 [ %fc2_out_7_V, %_ZN8ap_fixedILi16ELi5EL9ap_q_mode5EL9ap_o_mode3ELi0EEC1Ei.exit13 ], [ 128, %newFuncRoot ]"   --->   Operation 15 'phi' 'fc2_out_V_7_out' <Predicate = true> <Delay = 0.00>
ST_2 : Operation 16 [1/1] (0.00ns)   --->   "%fc2_out_V_6_out = phi i16 [ %fc2_out_6_V, %_ZN8ap_fixedILi16ELi5EL9ap_q_mode5EL9ap_o_mode3ELi0EEC1Ei.exit13 ], [ 512, %newFuncRoot ]"   --->   Operation 16 'phi' 'fc2_out_V_6_out' <Predicate = true> <Delay = 0.00>
ST_2 : Operation 17 [1/1] (0.00ns)   --->   "%fc2_out_V_5_out = phi i16 [ %fc2_out_5_V, %_ZN8ap_fixedILi16ELi5EL9ap_q_mode5EL9ap_o_mode3ELi0EEC1Ei.exit13 ], [ -80, %newFuncRoot ]"   --->   Operation 17 'phi' 'fc2_out_V_5_out' <Predicate = true> <Delay = 0.00>
ST_2 : Operation 18 [1/1] (0.00ns)   --->   "%fc2_out_V_4_out = phi i16 [ %fc2_out_4_V, %_ZN8ap_fixedILi16ELi5EL9ap_q_mode5EL9ap_o_mode3ELi0EEC1Ei.exit13 ], [ -320, %newFuncRoot ]"   --->   Operation 18 'phi' 'fc2_out_V_4_out' <Predicate = true> <Delay = 0.00>
ST_2 : Operation 19 [1/1] (0.00ns)   --->   "%fc2_out_V_3_out = phi i16 [ %fc2_out_3_V, %_ZN8ap_fixedILi16ELi5EL9ap_q_mode5EL9ap_o_mode3ELi0EEC1Ei.exit13 ], [ -144, %newFuncRoot ]"   --->   Operation 19 'phi' 'fc2_out_V_3_out' <Predicate = true> <Delay = 0.00>
ST_2 : Operation 20 [1/1] (0.00ns)   --->   "%fc2_out_V_2_out = phi i16 [ %fc2_out_2_V, %_ZN8ap_fixedILi16ELi5EL9ap_q_mode5EL9ap_o_mode3ELi0EEC1Ei.exit13 ], [ 384, %newFuncRoot ]"   --->   Operation 20 'phi' 'fc2_out_V_2_out' <Predicate = true> <Delay = 0.00>
ST_2 : Operation 21 [1/1] (0.00ns)   --->   "%fc2_out_V_1_out = phi i16 [ %fc2_out_1_V, %_ZN8ap_fixedILi16ELi5EL9ap_q_mode5EL9ap_o_mode3ELi0EEC1Ei.exit13 ], [ -192, %newFuncRoot ]"   --->   Operation 21 'phi' 'fc2_out_V_1_out' <Predicate = true> <Delay = 0.00>
ST_2 : Operation 22 [1/1] (0.00ns)   --->   "%fc2_out_V_0_out = phi i16 [ %fc2_out_0_V, %_ZN8ap_fixedILi16ELi5EL9ap_q_mode5EL9ap_o_mode3ELi0EEC1Ei.exit13 ], [ 48, %newFuncRoot ]"   --->   Operation 22 'phi' 'fc2_out_V_0_out' <Predicate = true> <Delay = 0.00>
ST_2 : Operation 23 [1/1] (0.00ns)   --->   "%j8 = phi i6 [ %j, %_ZN8ap_fixedILi16ELi5EL9ap_q_mode5EL9ap_o_mode3ELi0EEC1Ei.exit13 ], [ 0, %newFuncRoot ]"   --->   Operation 23 'phi' 'j8' <Predicate = true> <Delay = 0.00>
ST_2 : Operation 24 [1/1] (0.00ns)   --->   "%phi_mul = phi i13 [ %next_mul, %_ZN8ap_fixedILi16ELi5EL9ap_q_mode5EL9ap_o_mode3ELi0EEC1Ei.exit13 ], [ 0, %newFuncRoot ]"   --->   Operation 24 'phi' 'phi_mul' <Predicate = true> <Delay = 0.00>
ST_2 : Operation 25 [1/1] (0.00ns)   --->   "%phi_urem = phi i6 [ %idx_urem, %_ZN8ap_fixedILi16ELi5EL9ap_q_mode5EL9ap_o_mode3ELi0EEC1Ei.exit13 ], [ 0, %newFuncRoot ]"   --->   Operation 25 'phi' 'phi_urem' <Predicate = true> <Delay = 0.00>
ST_2 : Operation 26 [1/1] (1.07ns)   --->   "%exitcond5 = icmp eq i6 %j8, -14" [bi_lstm/src/rnn.cpp:338]   --->   Operation 26 'icmp' 'exitcond5' <Predicate = true> <Delay = 1.07> <Core = "Cmp">   --->   Core 25 'Cmp' <Latency = 0> <II = 1> <Delay = 1.07> <FuncUnit> <Opcode : 'icmp'> <InPorts = 2> <OutPorts = 1>
ST_2 : Operation 27 [1/1] (0.00ns)   --->   "%empty = call i32 (...)* @_ssdm_op_SpecLoopTripCount(i64 50, i64 50, i64 50)"   --->   Operation 27 'speclooptripcount' 'empty' <Predicate = true> <Delay = 0.00>
ST_2 : Operation 28 [1/1] (1.28ns)   --->   "%j = add i6 %j8, 1" [bi_lstm/src/rnn.cpp:338]   --->   Operation 28 'add' 'j' <Predicate = true> <Delay = 1.28> <Core = "AddSub">   --->   Core 14 'AddSub' <Latency = 0> <II = 1> <Delay = 1.53> <FuncUnit> <Opcode : 'add' 'sub'> <InPorts = 2> <OutPorts = 1>
ST_2 : Operation 29 [1/1] (0.00ns)   --->   "br i1 %exitcond5, label %.preheader.0.exitStub, label %_ZN8ap_fixedILi16ELi5EL9ap_q_mode5EL9ap_o_mode3ELi0EEC1Ei.exit13" [bi_lstm/src/rnn.cpp:338]   --->   Operation 29 'br' <Predicate = true> <Delay = 0.00>
ST_2 : Operation 30 [1/1] (0.00ns)   --->   "%tmp_16 = zext i6 %j8 to i64" [bi_lstm/src/rnn.cpp:340]   --->   Operation 30 'zext' 'tmp_16' <Predicate = (!exitcond5)> <Delay = 0.00>
ST_2 : Operation 31 [1/1] (0.00ns)   --->   "%tmp_16_cast = zext i6 %j8 to i7" [bi_lstm/src/rnn.cpp:343]   --->   Operation 31 'zext' 'tmp_16_cast' <Predicate = (!exitcond5)> <Delay = 0.00>
ST_2 : Operation 32 [1/1] (0.00ns)   --->   "%Weight_fc2_V_0_addr = getelementptr [100 x i7]* @Weight_fc2_V_0, i64 0, i64 %tmp_16" [bi_lstm/src/rnn.cpp:343]   --->   Operation 32 'getelementptr' 'Weight_fc2_V_0_addr' <Predicate = (!exitcond5)> <Delay = 0.00>
ST_2 : Operation 33 [1/1] (1.31ns)   --->   "%tmp = add i7 50, %tmp_16_cast" [bi_lstm/src/rnn.cpp:343]   --->   Operation 33 'add' 'tmp' <Predicate = (!exitcond5)> <Delay = 1.31> <Core = "AddSub">   --->   Core 14 'AddSub' <Latency = 0> <II = 1> <Delay = 1.53> <FuncUnit> <Opcode : 'add' 'sub'> <InPorts = 2> <OutPorts = 1>
ST_2 : Operation 34 [1/1] (0.00ns)   --->   "%Weight_fc2_V_1_addr = getelementptr [100 x i7]* @Weight_fc2_V_1, i64 0, i64 %tmp_16" [bi_lstm/src/rnn.cpp:343]   --->   Operation 34 'getelementptr' 'Weight_fc2_V_1_addr' <Predicate = (!exitcond5)> <Delay = 0.00>
ST_2 : Operation 35 [1/1] (0.00ns)   --->   "%Weight_fc2_V_2_addr = getelementptr [100 x i7]* @Weight_fc2_V_2, i64 0, i64 %tmp_16" [bi_lstm/src/rnn.cpp:343]   --->   Operation 35 'getelementptr' 'Weight_fc2_V_2_addr' <Predicate = (!exitcond5)> <Delay = 0.00>
ST_2 : Operation 36 [1/1] (0.00ns)   --->   "%tmp_117 = call i3 @_ssdm_op_PartSelect.i3.i13.i32.i32(i13 %phi_mul, i32 10, i32 12)" [bi_lstm/src/rnn.cpp:340]   --->   Operation 36 'partselect' 'tmp_117' <Predicate = (!exitcond5)> <Delay = 0.00>
ST_2 : Operation 37 [1/1] (0.00ns)   --->   "%newIndex5 = zext i3 %tmp_117 to i64" [bi_lstm/src/rnn.cpp:340]   --->   Operation 37 'zext' 'newIndex5' <Predicate = (!exitcond5)> <Delay = 0.00>
ST_2 : Operation 38 [1/1] (0.00ns)   --->   "%fc1_out_0_V_addr = getelementptr [5 x i16]* %fc1_out_0_V, i64 0, i64 %newIndex5" [bi_lstm/src/rnn.cpp:340]   --->   Operation 38 'getelementptr' 'fc1_out_0_V_addr' <Predicate = (!exitcond5)> <Delay = 0.00>
ST_2 : Operation 39 [2/2] (1.75ns)   --->   "%fc1_out_0_V_load = load i16* %fc1_out_0_V_addr, align 2" [bi_lstm/src/rnn.cpp:340]   --->   Operation 39 'load' 'fc1_out_0_V_load' <Predicate = (!exitcond5)> <Delay = 1.75> <Core = "RAM">   --->   Core 37 'RAM' <Latency = 1> <II = 1> <Delay = 1.75> <Storage> <Opcode : 'load' 'store'> <Ports = 2> <Width = 16> <Depth = 5> <RAM>
ST_2 : Operation 40 [1/1] (0.00ns)   --->   "%fc1_out_1_V_addr = getelementptr [5 x i16]* %fc1_out_1_V, i64 0, i64 %newIndex5" [bi_lstm/src/rnn.cpp:340]   --->   Operation 40 'getelementptr' 'fc1_out_1_V_addr' <Predicate = (!exitcond5)> <Delay = 0.00>
ST_2 : Operation 41 [2/2] (1.75ns)   --->   "%fc1_out_1_V_load = load i16* %fc1_out_1_V_addr, align 2" [bi_lstm/src/rnn.cpp:340]   --->   Operation 41 'load' 'fc1_out_1_V_load' <Predicate = (!exitcond5)> <Delay = 1.75> <Core = "RAM">   --->   Core 37 'RAM' <Latency = 1> <II = 1> <Delay = 1.75> <Storage> <Opcode : 'load' 'store'> <Ports = 2> <Width = 16> <Depth = 5> <RAM>
ST_2 : Operation 42 [1/1] (0.00ns)   --->   "%fc1_out_2_V_addr = getelementptr [5 x i16]* %fc1_out_2_V, i64 0, i64 %newIndex5" [bi_lstm/src/rnn.cpp:340]   --->   Operation 42 'getelementptr' 'fc1_out_2_V_addr' <Predicate = (!exitcond5)> <Delay = 0.00>
ST_2 : Operation 43 [2/2] (1.75ns)   --->   "%fc1_out_2_V_load = load i16* %fc1_out_2_V_addr, align 2" [bi_lstm/src/rnn.cpp:340]   --->   Operation 43 'load' 'fc1_out_2_V_load' <Predicate = (!exitcond5)> <Delay = 1.75> <Core = "RAM">   --->   Core 37 'RAM' <Latency = 1> <II = 1> <Delay = 1.75> <Storage> <Opcode : 'load' 'store'> <Ports = 2> <Width = 16> <Depth = 5> <RAM>
ST_2 : Operation 44 [1/1] (0.00ns)   --->   "%fc1_out_3_V_addr = getelementptr [5 x i16]* %fc1_out_3_V, i64 0, i64 %newIndex5" [bi_lstm/src/rnn.cpp:340]   --->   Operation 44 'getelementptr' 'fc1_out_3_V_addr' <Predicate = (!exitcond5)> <Delay = 0.00>
ST_2 : Operation 45 [2/2] (1.75ns)   --->   "%fc1_out_3_V_load = load i16* %fc1_out_3_V_addr, align 2" [bi_lstm/src/rnn.cpp:340]   --->   Operation 45 'load' 'fc1_out_3_V_load' <Predicate = (!exitcond5)> <Delay = 1.75> <Core = "RAM">   --->   Core 37 'RAM' <Latency = 1> <II = 1> <Delay = 1.75> <Storage> <Opcode : 'load' 'store'> <Ports = 2> <Width = 16> <Depth = 5> <RAM>
ST_2 : Operation 46 [1/1] (0.00ns)   --->   "%fc1_out_4_V_addr = getelementptr [5 x i16]* %fc1_out_4_V, i64 0, i64 %newIndex5" [bi_lstm/src/rnn.cpp:340]   --->   Operation 46 'getelementptr' 'fc1_out_4_V_addr' <Predicate = (!exitcond5)> <Delay = 0.00>
ST_2 : Operation 47 [2/2] (1.75ns)   --->   "%fc1_out_4_V_load = load i16* %fc1_out_4_V_addr, align 2" [bi_lstm/src/rnn.cpp:340]   --->   Operation 47 'load' 'fc1_out_4_V_load' <Predicate = (!exitcond5)> <Delay = 1.75> <Core = "RAM">   --->   Core 37 'RAM' <Latency = 1> <II = 1> <Delay = 1.75> <Storage> <Opcode : 'load' 'store'> <Ports = 2> <Width = 16> <Depth = 5> <RAM>
ST_2 : Operation 48 [1/1] (0.00ns)   --->   "%fc1_out_5_V_addr = getelementptr [5 x i16]* %fc1_out_5_V, i64 0, i64 %newIndex5" [bi_lstm/src/rnn.cpp:340]   --->   Operation 48 'getelementptr' 'fc1_out_5_V_addr' <Predicate = (!exitcond5)> <Delay = 0.00>
ST_2 : Operation 49 [2/2] (1.75ns)   --->   "%fc1_out_5_V_load = load i16* %fc1_out_5_V_addr, align 2" [bi_lstm/src/rnn.cpp:340]   --->   Operation 49 'load' 'fc1_out_5_V_load' <Predicate = (!exitcond5)> <Delay = 1.75> <Core = "RAM">   --->   Core 37 'RAM' <Latency = 1> <II = 1> <Delay = 1.75> <Storage> <Opcode : 'load' 'store'> <Ports = 2> <Width = 16> <Depth = 5> <RAM>
ST_2 : Operation 50 [1/1] (0.00ns)   --->   "%fc1_out_6_V_addr = getelementptr [5 x i16]* %fc1_out_6_V, i64 0, i64 %newIndex5" [bi_lstm/src/rnn.cpp:340]   --->   Operation 50 'getelementptr' 'fc1_out_6_V_addr' <Predicate = (!exitcond5)> <Delay = 0.00>
ST_2 : Operation 51 [2/2] (1.75ns)   --->   "%fc1_out_6_V_load = load i16* %fc1_out_6_V_addr, align 2" [bi_lstm/src/rnn.cpp:340]   --->   Operation 51 'load' 'fc1_out_6_V_load' <Predicate = (!exitcond5)> <Delay = 1.75> <Core = "RAM">   --->   Core 37 'RAM' <Latency = 1> <II = 1> <Delay = 1.75> <Storage> <Opcode : 'load' 'store'> <Ports = 2> <Width = 16> <Depth = 5> <RAM>
ST_2 : Operation 52 [1/1] (0.00ns)   --->   "%fc1_out_7_V_addr = getelementptr [5 x i16]* %fc1_out_7_V, i64 0, i64 %newIndex5" [bi_lstm/src/rnn.cpp:340]   --->   Operation 52 'getelementptr' 'fc1_out_7_V_addr' <Predicate = (!exitcond5)> <Delay = 0.00>
ST_2 : Operation 53 [2/2] (1.75ns)   --->   "%fc1_out_7_V_load = load i16* %fc1_out_7_V_addr, align 2" [bi_lstm/src/rnn.cpp:340]   --->   Operation 53 'load' 'fc1_out_7_V_load' <Predicate = (!exitcond5)> <Delay = 1.75> <Core = "RAM">   --->   Core 37 'RAM' <Latency = 1> <II = 1> <Delay = 1.75> <Storage> <Opcode : 'load' 'store'> <Ports = 2> <Width = 16> <Depth = 5> <RAM>
ST_2 : Operation 54 [1/1] (0.00ns)   --->   "%fc1_out_8_V_addr = getelementptr [5 x i16]* %fc1_out_8_V, i64 0, i64 %newIndex5" [bi_lstm/src/rnn.cpp:340]   --->   Operation 54 'getelementptr' 'fc1_out_8_V_addr' <Predicate = (!exitcond5)> <Delay = 0.00>
ST_2 : Operation 55 [2/2] (1.75ns)   --->   "%fc1_out_8_V_load = load i16* %fc1_out_8_V_addr, align 2" [bi_lstm/src/rnn.cpp:340]   --->   Operation 55 'load' 'fc1_out_8_V_load' <Predicate = (!exitcond5)> <Delay = 1.75> <Core = "RAM">   --->   Core 37 'RAM' <Latency = 1> <II = 1> <Delay = 1.75> <Storage> <Opcode : 'load' 'store'> <Ports = 2> <Width = 16> <Depth = 5> <RAM>
ST_2 : Operation 56 [1/1] (0.00ns)   --->   "%fc1_out_9_V_addr = getelementptr [5 x i16]* %fc1_out_9_V, i64 0, i64 %newIndex5" [bi_lstm/src/rnn.cpp:340]   --->   Operation 56 'getelementptr' 'fc1_out_9_V_addr' <Predicate = (!exitcond5)> <Delay = 0.00>
ST_2 : Operation 57 [2/2] (1.75ns)   --->   "%fc1_out_9_V_load = load i16* %fc1_out_9_V_addr, align 2" [bi_lstm/src/rnn.cpp:340]   --->   Operation 57 'load' 'fc1_out_9_V_load' <Predicate = (!exitcond5)> <Delay = 1.75> <Core = "RAM">   --->   Core 37 'RAM' <Latency = 1> <II = 1> <Delay = 1.75> <Storage> <Opcode : 'load' 'store'> <Ports = 2> <Width = 16> <Depth = 5> <RAM>
ST_2 : Operation 58 [2/2] (2.77ns)   --->   "%Weight_fc2_V_0_load = load i7* %Weight_fc2_V_0_addr, align 1" [bi_lstm/src/rnn.cpp:343]   --->   Operation 58 'load' 'Weight_fc2_V_0_load' <Predicate = (!exitcond5)> <Delay = 2.77> <Core = "ROM_1P_BRAM">   --->   Core 61 'ROM_1P_BRAM' <Latency = 1> <II = 1> <Delay = 2.77> <Storage> <Opcode : 'load'> <Ports = 1> <Width = 7> <Depth = 100> <ROM>
ST_2 : Operation 59 [2/2] (2.77ns)   --->   "%Weight_fc2_V_1_load = load i7* %Weight_fc2_V_1_addr, align 1" [bi_lstm/src/rnn.cpp:343]   --->   Operation 59 'load' 'Weight_fc2_V_1_load' <Predicate = (!exitcond5)> <Delay = 2.77> <Core = "ROM_1P_BRAM">   --->   Core 61 'ROM_1P_BRAM' <Latency = 1> <II = 1> <Delay = 2.77> <Storage> <Opcode : 'load'> <Ports = 1> <Width = 7> <Depth = 100> <ROM>
ST_2 : Operation 60 [2/2] (2.77ns)   --->   "%Weight_fc2_V_2_load = load i7* %Weight_fc2_V_2_addr, align 1" [bi_lstm/src/rnn.cpp:343]   --->   Operation 60 'load' 'Weight_fc2_V_2_load' <Predicate = (!exitcond5)> <Delay = 2.77> <Core = "ROM_1P_BRAM">   --->   Core 61 'ROM_1P_BRAM' <Latency = 1> <II = 1> <Delay = 2.77> <Storage> <Opcode : 'load'> <Ports = 1> <Width = 7> <Depth = 100> <ROM>

State 3 <SV = 2> <Delay = 6.29>
ST_3 : Operation 61 [1/1] (1.28ns)   --->   "%next_urem = add i6 1, %phi_urem"   --->   Operation 61 'add' 'next_urem' <Predicate = (!exitcond5)> <Delay = 1.28> <Core = "AddSub">   --->   Core 14 'AddSub' <Latency = 0> <II = 1> <Delay = 1.53> <FuncUnit> <Opcode : 'add' 'sub'> <InPorts = 2> <OutPorts = 1>
ST_3 : Operation 62 [1/1] (0.00ns)   --->   "%tmp_cast = zext i7 %tmp to i64" [bi_lstm/src/rnn.cpp:343]   --->   Operation 62 'zext' 'tmp_cast' <Predicate = (!exitcond5)> <Delay = 0.00>
ST_3 : Operation 63 [1/1] (0.00ns)   --->   "%Weight_fc2_V_0_addr_1 = getelementptr [100 x i7]* @Weight_fc2_V_0, i64 0, i64 %tmp_cast" [bi_lstm/src/rnn.cpp:343]   --->   Operation 63 'getelementptr' 'Weight_fc2_V_0_addr_1' <Predicate = (!exitcond5)> <Delay = 0.00>
ST_3 : Operation 64 [1/1] (0.00ns)   --->   "%Weight_fc2_V_1_addr_1 = getelementptr [100 x i7]* @Weight_fc2_V_1, i64 0, i64 %tmp_cast" [bi_lstm/src/rnn.cpp:343]   --->   Operation 64 'getelementptr' 'Weight_fc2_V_1_addr_1' <Predicate = (!exitcond5)> <Delay = 0.00>
ST_3 : Operation 65 [1/1] (0.00ns)   --->   "%Weight_fc2_V_2_addr_1 = getelementptr [100 x i7]* @Weight_fc2_V_2, i64 0, i64 %tmp_cast" [bi_lstm/src/rnn.cpp:343]   --->   Operation 65 'getelementptr' 'Weight_fc2_V_2_addr_1' <Predicate = (!exitcond5)> <Delay = 0.00>
ST_3 : Operation 66 [1/1] (0.00ns)   --->   "%Weight_fc2_V_3_addr_1 = getelementptr [100 x i7]* @Weight_fc2_V_3, i64 0, i64 %tmp_cast" [bi_lstm/src/rnn.cpp:343]   --->   Operation 66 'getelementptr' 'Weight_fc2_V_3_addr_1' <Predicate = (!exitcond5)> <Delay = 0.00>
ST_3 : Operation 67 [1/1] (0.00ns)   --->   "%Weight_fc2_V_4_addr_1 = getelementptr [100 x i7]* @Weight_fc2_V_4, i64 0, i64 %tmp_cast" [bi_lstm/src/rnn.cpp:343]   --->   Operation 67 'getelementptr' 'Weight_fc2_V_4_addr_1' <Predicate = (!exitcond5)> <Delay = 0.00>
ST_3 : Operation 68 [1/1] (0.00ns)   --->   "%arrayNo_cast = zext i6 %phi_urem to i32" [bi_lstm/src/rnn.cpp:340]   --->   Operation 68 'zext' 'arrayNo_cast' <Predicate = (!exitcond5)> <Delay = 0.00>
ST_3 : Operation 69 [1/1] (1.53ns)   --->   "%next_mul = add i13 103, %phi_mul"   --->   Operation 69 'add' 'next_mul' <Predicate = (!exitcond5)> <Delay = 1.53> <Core = "AddSub">   --->   Core 14 'AddSub' <Latency = 0> <II = 1> <Delay = 1.53> <FuncUnit> <Opcode : 'add' 'sub'> <InPorts = 2> <OutPorts = 1>
ST_3 : Operation 70 [1/2] (1.75ns)   --->   "%fc1_out_0_V_load = load i16* %fc1_out_0_V_addr, align 2" [bi_lstm/src/rnn.cpp:340]   --->   Operation 70 'load' 'fc1_out_0_V_load' <Predicate = (!exitcond5)> <Delay = 1.75> <Core = "RAM">   --->   Core 37 'RAM' <Latency = 1> <II = 1> <Delay = 1.75> <Storage> <Opcode : 'load' 'store'> <Ports = 2> <Width = 16> <Depth = 5> <RAM>
ST_3 : Operation 71 [1/2] (1.75ns)   --->   "%fc1_out_1_V_load = load i16* %fc1_out_1_V_addr, align 2" [bi_lstm/src/rnn.cpp:340]   --->   Operation 71 'load' 'fc1_out_1_V_load' <Predicate = (!exitcond5)> <Delay = 1.75> <Core = "RAM">   --->   Core 37 'RAM' <Latency = 1> <II = 1> <Delay = 1.75> <Storage> <Opcode : 'load' 'store'> <Ports = 2> <Width = 16> <Depth = 5> <RAM>
ST_3 : Operation 72 [1/2] (1.75ns)   --->   "%fc1_out_2_V_load = load i16* %fc1_out_2_V_addr, align 2" [bi_lstm/src/rnn.cpp:340]   --->   Operation 72 'load' 'fc1_out_2_V_load' <Predicate = (!exitcond5)> <Delay = 1.75> <Core = "RAM">   --->   Core 37 'RAM' <Latency = 1> <II = 1> <Delay = 1.75> <Storage> <Opcode : 'load' 'store'> <Ports = 2> <Width = 16> <Depth = 5> <RAM>
ST_3 : Operation 73 [1/2] (1.75ns)   --->   "%fc1_out_3_V_load = load i16* %fc1_out_3_V_addr, align 2" [bi_lstm/src/rnn.cpp:340]   --->   Operation 73 'load' 'fc1_out_3_V_load' <Predicate = (!exitcond5)> <Delay = 1.75> <Core = "RAM">   --->   Core 37 'RAM' <Latency = 1> <II = 1> <Delay = 1.75> <Storage> <Opcode : 'load' 'store'> <Ports = 2> <Width = 16> <Depth = 5> <RAM>
ST_3 : Operation 74 [1/2] (1.75ns)   --->   "%fc1_out_4_V_load = load i16* %fc1_out_4_V_addr, align 2" [bi_lstm/src/rnn.cpp:340]   --->   Operation 74 'load' 'fc1_out_4_V_load' <Predicate = (!exitcond5)> <Delay = 1.75> <Core = "RAM">   --->   Core 37 'RAM' <Latency = 1> <II = 1> <Delay = 1.75> <Storage> <Opcode : 'load' 'store'> <Ports = 2> <Width = 16> <Depth = 5> <RAM>
ST_3 : Operation 75 [1/2] (1.75ns)   --->   "%fc1_out_5_V_load = load i16* %fc1_out_5_V_addr, align 2" [bi_lstm/src/rnn.cpp:340]   --->   Operation 75 'load' 'fc1_out_5_V_load' <Predicate = (!exitcond5)> <Delay = 1.75> <Core = "RAM">   --->   Core 37 'RAM' <Latency = 1> <II = 1> <Delay = 1.75> <Storage> <Opcode : 'load' 'store'> <Ports = 2> <Width = 16> <Depth = 5> <RAM>
ST_3 : Operation 76 [1/2] (1.75ns)   --->   "%fc1_out_6_V_load = load i16* %fc1_out_6_V_addr, align 2" [bi_lstm/src/rnn.cpp:340]   --->   Operation 76 'load' 'fc1_out_6_V_load' <Predicate = (!exitcond5)> <Delay = 1.75> <Core = "RAM">   --->   Core 37 'RAM' <Latency = 1> <II = 1> <Delay = 1.75> <Storage> <Opcode : 'load' 'store'> <Ports = 2> <Width = 16> <Depth = 5> <RAM>
ST_3 : Operation 77 [1/2] (1.75ns)   --->   "%fc1_out_7_V_load = load i16* %fc1_out_7_V_addr, align 2" [bi_lstm/src/rnn.cpp:340]   --->   Operation 77 'load' 'fc1_out_7_V_load' <Predicate = (!exitcond5)> <Delay = 1.75> <Core = "RAM">   --->   Core 37 'RAM' <Latency = 1> <II = 1> <Delay = 1.75> <Storage> <Opcode : 'load' 'store'> <Ports = 2> <Width = 16> <Depth = 5> <RAM>
ST_3 : Operation 78 [1/2] (1.75ns)   --->   "%fc1_out_8_V_load = load i16* %fc1_out_8_V_addr, align 2" [bi_lstm/src/rnn.cpp:340]   --->   Operation 78 'load' 'fc1_out_8_V_load' <Predicate = (!exitcond5)> <Delay = 1.75> <Core = "RAM">   --->   Core 37 'RAM' <Latency = 1> <II = 1> <Delay = 1.75> <Storage> <Opcode : 'load' 'store'> <Ports = 2> <Width = 16> <Depth = 5> <RAM>
ST_3 : Operation 79 [1/2] (1.75ns)   --->   "%fc1_out_9_V_load = load i16* %fc1_out_9_V_addr, align 2" [bi_lstm/src/rnn.cpp:340]   --->   Operation 79 'load' 'fc1_out_9_V_load' <Predicate = (!exitcond5)> <Delay = 1.75> <Core = "RAM">   --->   Core 37 'RAM' <Latency = 1> <II = 1> <Delay = 1.75> <Storage> <Opcode : 'load' 'store'> <Ports = 2> <Width = 16> <Depth = 5> <RAM>
ST_3 : Operation 80 [1/1] (1.79ns)   --->   "%fc1_V = call i16 @_ssdm_op_Mux.ap_auto.10i16.i32(i16 %fc1_out_0_V_load, i16 %fc1_out_1_V_load, i16 %fc1_out_2_V_load, i16 %fc1_out_3_V_load, i16 %fc1_out_4_V_load, i16 %fc1_out_5_V_load, i16 %fc1_out_6_V_load, i16 %fc1_out_7_V_load, i16 %fc1_out_8_V_load, i16 %fc1_out_9_V_load, i32 %arrayNo_cast)" [bi_lstm/src/rnn.cpp:340]   --->   Operation 80 'mux' 'fc1_V' <Predicate = (!exitcond5)> <Delay = 1.79> <Core = "MuxnS">   --->   Core 31 'MuxnS' <Latency = 0> <II = 1> <Delay = 1.79> <FuncUnit> <Opcode : 'mux'> <InPorts = 2> <OutPorts = 1>
ST_3 : Operation 81 [1/1] (2.13ns)   --->   "%tmp_17 = icmp sgt i16 %fc1_V, 0" [bi_lstm/src/rnn.cpp:340]   --->   Operation 81 'icmp' 'tmp_17' <Predicate = (!exitcond5)> <Delay = 2.13> <Core = "Cmp">   --->   Core 25 'Cmp' <Latency = 0> <II = 1> <Delay = 1.07> <FuncUnit> <Opcode : 'icmp'> <InPorts = 2> <OutPorts = 1>
ST_3 : Operation 82 [1/1] (0.00ns)   --->   "%tmp_118 = trunc i16 %fc1_V to i15" [bi_lstm/src/rnn.cpp:343]   --->   Operation 82 'trunc' 'tmp_118' <Predicate = (!exitcond5)> <Delay = 0.00>
ST_3 : Operation 83 [1/1] (0.60ns)   --->   "%tmp_119 = select i1 %tmp_17, i15 %tmp_118, i15 0" [bi_lstm/src/rnn.cpp:340]   --->   Operation 83 'select' 'tmp_119' <Predicate = (!exitcond5)> <Delay = 0.60> <Core = "Sel">   --->   Core 26 'Sel' <Latency = 0> <II = 1> <Delay = 0.97> <FuncUnit> <Opcode : 'select'> <InPorts = 3> <OutPorts = 1>
ST_3 : Operation 84 [1/2] (2.77ns)   --->   "%Weight_fc2_V_0_load = load i7* %Weight_fc2_V_0_addr, align 1" [bi_lstm/src/rnn.cpp:343]   --->   Operation 84 'load' 'Weight_fc2_V_0_load' <Predicate = (!exitcond5)> <Delay = 2.77> <Core = "ROM_1P_BRAM">   --->   Core 61 'ROM_1P_BRAM' <Latency = 1> <II = 1> <Delay = 2.77> <Storage> <Opcode : 'load'> <Ports = 1> <Width = 7> <Depth = 100> <ROM>
ST_3 : Operation 85 [1/1] (0.00ns)   --->   "%lhs_V_3 = call i23 @_ssdm_op_BitConcatenate.i23.i16.i7(i16 %fc2_out_V_0_out, i7 0)" [bi_lstm/src/rnn.cpp:343]   --->   Operation 85 'bitconcatenate' 'lhs_V_3' <Predicate = (!exitcond5)> <Delay = 0.00>
ST_3 : Operation 86 [2/2] (2.77ns)   --->   "%Weight_fc2_V_0_load_1 = load i7* %Weight_fc2_V_0_addr_1, align 1" [bi_lstm/src/rnn.cpp:343]   --->   Operation 86 'load' 'Weight_fc2_V_0_load_1' <Predicate = (!exitcond5)> <Delay = 2.77> <Core = "ROM_1P_BRAM">   --->   Core 61 'ROM_1P_BRAM' <Latency = 1> <II = 1> <Delay = 2.77> <Storage> <Opcode : 'load'> <Ports = 1> <Width = 7> <Depth = 100> <ROM>
ST_3 : Operation 87 [1/1] (0.00ns)   --->   "%lhs_V_3_1 = call i23 @_ssdm_op_BitConcatenate.i23.i16.i7(i16 %fc2_out_V_1_out, i7 0)" [bi_lstm/src/rnn.cpp:343]   --->   Operation 87 'bitconcatenate' 'lhs_V_3_1' <Predicate = (!exitcond5)> <Delay = 0.00>
ST_3 : Operation 88 [1/2] (2.77ns)   --->   "%Weight_fc2_V_1_load = load i7* %Weight_fc2_V_1_addr, align 1" [bi_lstm/src/rnn.cpp:343]   --->   Operation 88 'load' 'Weight_fc2_V_1_load' <Predicate = (!exitcond5)> <Delay = 2.77> <Core = "ROM_1P_BRAM">   --->   Core 61 'ROM_1P_BRAM' <Latency = 1> <II = 1> <Delay = 2.77> <Storage> <Opcode : 'load'> <Ports = 1> <Width = 7> <Depth = 100> <ROM>
ST_3 : Operation 89 [1/1] (0.00ns)   --->   "%lhs_V_3_2 = call i23 @_ssdm_op_BitConcatenate.i23.i16.i7(i16 %fc2_out_V_2_out, i7 0)" [bi_lstm/src/rnn.cpp:343]   --->   Operation 89 'bitconcatenate' 'lhs_V_3_2' <Predicate = (!exitcond5)> <Delay = 0.00>
ST_3 : Operation 90 [2/2] (2.77ns)   --->   "%Weight_fc2_V_1_load_1 = load i7* %Weight_fc2_V_1_addr_1, align 1" [bi_lstm/src/rnn.cpp:343]   --->   Operation 90 'load' 'Weight_fc2_V_1_load_1' <Predicate = (!exitcond5)> <Delay = 2.77> <Core = "ROM_1P_BRAM">   --->   Core 61 'ROM_1P_BRAM' <Latency = 1> <II = 1> <Delay = 2.77> <Storage> <Opcode : 'load'> <Ports = 1> <Width = 7> <Depth = 100> <ROM>
ST_3 : Operation 91 [1/1] (0.00ns)   --->   "%lhs_V_3_3 = call i23 @_ssdm_op_BitConcatenate.i23.i16.i7(i16 %fc2_out_V_3_out, i7 0)" [bi_lstm/src/rnn.cpp:343]   --->   Operation 91 'bitconcatenate' 'lhs_V_3_3' <Predicate = (!exitcond5)> <Delay = 0.00>
ST_3 : Operation 92 [1/2] (2.77ns)   --->   "%Weight_fc2_V_2_load = load i7* %Weight_fc2_V_2_addr, align 1" [bi_lstm/src/rnn.cpp:343]   --->   Operation 92 'load' 'Weight_fc2_V_2_load' <Predicate = (!exitcond5)> <Delay = 2.77> <Core = "ROM_1P_BRAM">   --->   Core 61 'ROM_1P_BRAM' <Latency = 1> <II = 1> <Delay = 2.77> <Storage> <Opcode : 'load'> <Ports = 1> <Width = 7> <Depth = 100> <ROM>
ST_3 : Operation 93 [1/1] (0.00ns)   --->   "%lhs_V_3_4 = call i23 @_ssdm_op_BitConcatenate.i23.i16.i7(i16 %fc2_out_V_4_out, i7 0)" [bi_lstm/src/rnn.cpp:343]   --->   Operation 93 'bitconcatenate' 'lhs_V_3_4' <Predicate = (!exitcond5)> <Delay = 0.00>
ST_3 : Operation 94 [2/2] (2.77ns)   --->   "%Weight_fc2_V_2_load_1 = load i7* %Weight_fc2_V_2_addr_1, align 1" [bi_lstm/src/rnn.cpp:343]   --->   Operation 94 'load' 'Weight_fc2_V_2_load_1' <Predicate = (!exitcond5)> <Delay = 2.77> <Core = "ROM_1P_BRAM">   --->   Core 61 'ROM_1P_BRAM' <Latency = 1> <II = 1> <Delay = 2.77> <Storage> <Opcode : 'load'> <Ports = 1> <Width = 7> <Depth = 100> <ROM>
ST_3 : Operation 95 [2/2] (2.77ns)   --->   "%Weight_fc2_V_3_load_1 = load i7* %Weight_fc2_V_3_addr_1, align 1" [bi_lstm/src/rnn.cpp:343]   --->   Operation 95 'load' 'Weight_fc2_V_3_load_1' <Predicate = (!exitcond5)> <Delay = 2.77> <Core = "ROM_1P_BRAM">   --->   Core 61 'ROM_1P_BRAM' <Latency = 1> <II = 1> <Delay = 2.77> <Storage> <Opcode : 'load'> <Ports = 1> <Width = 7> <Depth = 100> <ROM>
ST_3 : Operation 96 [2/2] (2.77ns)   --->   "%Weight_fc2_V_4_load_1 = load i7* %Weight_fc2_V_4_addr_1, align 1" [bi_lstm/src/rnn.cpp:343]   --->   Operation 96 'load' 'Weight_fc2_V_4_load_1' <Predicate = (!exitcond5)> <Delay = 2.77> <Core = "ROM_1P_BRAM">   --->   Core 61 'ROM_1P_BRAM' <Latency = 1> <II = 1> <Delay = 2.77> <Storage> <Opcode : 'load'> <Ports = 1> <Width = 7> <Depth = 100> <ROM>

State 4 <SV = 3> <Delay = 8.32>
ST_4 : Operation 97 [1/1] (1.07ns)   --->   "%tmp_116 = icmp ult i6 %next_urem, 10"   --->   Operation 97 'icmp' 'tmp_116' <Predicate = (!exitcond5)> <Delay = 1.07> <Core = "Cmp">   --->   Core 25 'Cmp' <Latency = 0> <II = 1> <Delay = 1.07> <FuncUnit> <Opcode : 'icmp'> <InPorts = 2> <OutPorts = 1>
ST_4 : Operation 98 [1/1] (0.97ns)   --->   "%idx_urem = select i1 %tmp_116, i6 %next_urem, i6 0"   --->   Operation 98 'select' 'idx_urem' <Predicate = (!exitcond5)> <Delay = 0.97> <Core = "Sel">   --->   Core 26 'Sel' <Latency = 0> <II = 1> <Delay = 0.97> <FuncUnit> <Opcode : 'select'> <InPorts = 3> <OutPorts = 1>
ST_4 : Operation 99 [1/1] (0.00ns)   --->   "%Weight_fc2_V_3_addr = getelementptr [100 x i7]* @Weight_fc2_V_3, i64 0, i64 %tmp_16" [bi_lstm/src/rnn.cpp:343]   --->   Operation 99 'getelementptr' 'Weight_fc2_V_3_addr' <Predicate = (!exitcond5)> <Delay = 0.00>
ST_4 : Operation 100 [1/1] (0.00ns)   --->   "%Weight_fc2_V_4_addr = getelementptr [100 x i7]* @Weight_fc2_V_4, i64 0, i64 %tmp_16" [bi_lstm/src/rnn.cpp:343]   --->   Operation 100 'getelementptr' 'Weight_fc2_V_4_addr' <Predicate = (!exitcond5)> <Delay = 0.00>
ST_4 : Operation 101 [1/1] (0.00ns)   --->   "%tmp_18_cast_cast = zext i15 %tmp_119 to i22" [bi_lstm/src/rnn.cpp:343]   --->   Operation 101 'zext' 'tmp_18_cast_cast' <Predicate = (!exitcond5)> <Delay = 0.00>
ST_4 : Operation 102 [1/1] (0.00ns)   --->   "%r_V_6_cast_cast = sext i7 %Weight_fc2_V_0_load to i22" [bi_lstm/src/rnn.cpp:343]   --->   Operation 102 'sext' 'r_V_6_cast_cast' <Predicate = (!exitcond5)> <Delay = 0.00>
ST_4 : Operation 103 [1/1] (2.82ns) (grouped into DSP with root node ret_V_5)   --->   "%r_V_9 = mul i22 %r_V_6_cast_cast, %tmp_18_cast_cast" [bi_lstm/src/rnn.cpp:343]   --->   Operation 103 'mul' 'r_V_9' <Predicate = (!exitcond5)> <Delay = 2.82> <Core = "DSP48">   --->   Core 65 'DSP48' <Latency = 0> <II = 1> <Delay = 5.55> <IPBlock> <Opcode : 'mul' 'add' 'sub' 'select'> <InPorts = 0> <OutPorts = 1> <Sync> <CReg>
ST_4 : Operation 104 [1/1] (0.00ns) (grouped into DSP with root node ret_V_5)   --->   "%r_V_9_cast = sext i22 %r_V_9 to i23" [bi_lstm/src/rnn.cpp:343]   --->   Operation 104 'sext' 'r_V_9_cast' <Predicate = (!exitcond5)> <Delay = 0.00>
ST_4 : Operation 105 [1/1] (2.73ns) (root node of the DSP)   --->   "%ret_V_5 = add i23 %r_V_9_cast, %lhs_V_3" [bi_lstm/src/rnn.cpp:343]   --->   Operation 105 'add' 'ret_V_5' <Predicate = (!exitcond5)> <Delay = 2.73> <Core = "DSP48">   --->   Core 65 'DSP48' <Latency = 0> <II = 1> <Delay = 5.55> <IPBlock> <Opcode : 'mul' 'add' 'sub' 'select'> <InPorts = 0> <OutPorts = 1> <Sync> <CReg>
ST_4 : Operation 106 [1/1] (0.00ns)   --->   "%fc2_out_0_V = call i16 @_ssdm_op_PartSelect.i16.i23.i32.i32(i23 %ret_V_5, i32 7, i32 22)" [bi_lstm/src/rnn.cpp:343]   --->   Operation 106 'partselect' 'fc2_out_0_V' <Predicate = (!exitcond5)> <Delay = 0.00>
ST_4 : Operation 107 [1/2] (2.77ns)   --->   "%Weight_fc2_V_0_load_1 = load i7* %Weight_fc2_V_0_addr_1, align 1" [bi_lstm/src/rnn.cpp:343]   --->   Operation 107 'load' 'Weight_fc2_V_0_load_1' <Predicate = (!exitcond5)> <Delay = 2.77> <Core = "ROM_1P_BRAM">   --->   Core 61 'ROM_1P_BRAM' <Latency = 1> <II = 1> <Delay = 2.77> <Storage> <Opcode : 'load'> <Ports = 1> <Width = 7> <Depth = 100> <ROM>
ST_4 : Operation 108 [1/1] (0.00ns)   --->   "%r_V_6_1_cast_cast = sext i7 %Weight_fc2_V_0_load_1 to i22" [bi_lstm/src/rnn.cpp:343]   --->   Operation 108 'sext' 'r_V_6_1_cast_cast' <Predicate = (!exitcond5)> <Delay = 0.00>
ST_4 : Operation 109 [1/1] (2.82ns) (grouped into DSP with root node ret_V_5_1)   --->   "%r_V_9_1 = mul i22 %r_V_6_1_cast_cast, %tmp_18_cast_cast" [bi_lstm/src/rnn.cpp:343]   --->   Operation 109 'mul' 'r_V_9_1' <Predicate = (!exitcond5)> <Delay = 2.82> <Core = "DSP48">   --->   Core 65 'DSP48' <Latency = 0> <II = 1> <Delay = 5.55> <IPBlock> <Opcode : 'mul' 'add' 'sub' 'select'> <InPorts = 0> <OutPorts = 1> <Sync> <CReg>
ST_4 : Operation 110 [1/1] (0.00ns) (grouped into DSP with root node ret_V_5_1)   --->   "%r_V_9_1_cast = sext i22 %r_V_9_1 to i23" [bi_lstm/src/rnn.cpp:343]   --->   Operation 110 'sext' 'r_V_9_1_cast' <Predicate = (!exitcond5)> <Delay = 0.00>
ST_4 : Operation 111 [1/1] (2.73ns) (root node of the DSP)   --->   "%ret_V_5_1 = add i23 %r_V_9_1_cast, %lhs_V_3_1" [bi_lstm/src/rnn.cpp:343]   --->   Operation 111 'add' 'ret_V_5_1' <Predicate = (!exitcond5)> <Delay = 2.73> <Core = "DSP48">   --->   Core 65 'DSP48' <Latency = 0> <II = 1> <Delay = 5.55> <IPBlock> <Opcode : 'mul' 'add' 'sub' 'select'> <InPorts = 0> <OutPorts = 1> <Sync> <CReg>
ST_4 : Operation 112 [1/1] (0.00ns)   --->   "%fc2_out_1_V = call i16 @_ssdm_op_PartSelect.i16.i23.i32.i32(i23 %ret_V_5_1, i32 7, i32 22)" [bi_lstm/src/rnn.cpp:343]   --->   Operation 112 'partselect' 'fc2_out_1_V' <Predicate = (!exitcond5)> <Delay = 0.00>
ST_4 : Operation 113 [1/1] (0.00ns)   --->   "%r_V_6_2_cast_cast = sext i7 %Weight_fc2_V_1_load to i22" [bi_lstm/src/rnn.cpp:343]   --->   Operation 113 'sext' 'r_V_6_2_cast_cast' <Predicate = (!exitcond5)> <Delay = 0.00>
ST_4 : Operation 114 [1/1] (2.82ns) (grouped into DSP with root node ret_V_5_2)   --->   "%r_V_9_2 = mul i22 %r_V_6_2_cast_cast, %tmp_18_cast_cast" [bi_lstm/src/rnn.cpp:343]   --->   Operation 114 'mul' 'r_V_9_2' <Predicate = (!exitcond5)> <Delay = 2.82> <Core = "DSP48">   --->   Core 65 'DSP48' <Latency = 0> <II = 1> <Delay = 5.55> <IPBlock> <Opcode : 'mul' 'add' 'sub' 'select'> <InPorts = 0> <OutPorts = 1> <Sync> <CReg>
ST_4 : Operation 115 [1/1] (0.00ns) (grouped into DSP with root node ret_V_5_2)   --->   "%r_V_9_2_cast = sext i22 %r_V_9_2 to i23" [bi_lstm/src/rnn.cpp:343]   --->   Operation 115 'sext' 'r_V_9_2_cast' <Predicate = (!exitcond5)> <Delay = 0.00>
ST_4 : Operation 116 [1/1] (2.73ns) (root node of the DSP)   --->   "%ret_V_5_2 = add i23 %r_V_9_2_cast, %lhs_V_3_2" [bi_lstm/src/rnn.cpp:343]   --->   Operation 116 'add' 'ret_V_5_2' <Predicate = (!exitcond5)> <Delay = 2.73> <Core = "DSP48">   --->   Core 65 'DSP48' <Latency = 0> <II = 1> <Delay = 5.55> <IPBlock> <Opcode : 'mul' 'add' 'sub' 'select'> <InPorts = 0> <OutPorts = 1> <Sync> <CReg>
ST_4 : Operation 117 [1/1] (0.00ns)   --->   "%fc2_out_2_V = call i16 @_ssdm_op_PartSelect.i16.i23.i32.i32(i23 %ret_V_5_2, i32 7, i32 22)" [bi_lstm/src/rnn.cpp:343]   --->   Operation 117 'partselect' 'fc2_out_2_V' <Predicate = (!exitcond5)> <Delay = 0.00>
ST_4 : Operation 118 [1/2] (2.77ns)   --->   "%Weight_fc2_V_1_load_1 = load i7* %Weight_fc2_V_1_addr_1, align 1" [bi_lstm/src/rnn.cpp:343]   --->   Operation 118 'load' 'Weight_fc2_V_1_load_1' <Predicate = (!exitcond5)> <Delay = 2.77> <Core = "ROM_1P_BRAM">   --->   Core 61 'ROM_1P_BRAM' <Latency = 1> <II = 1> <Delay = 2.77> <Storage> <Opcode : 'load'> <Ports = 1> <Width = 7> <Depth = 100> <ROM>
ST_4 : Operation 119 [1/1] (0.00ns)   --->   "%r_V_6_3_cast_cast = sext i7 %Weight_fc2_V_1_load_1 to i22" [bi_lstm/src/rnn.cpp:343]   --->   Operation 119 'sext' 'r_V_6_3_cast_cast' <Predicate = (!exitcond5)> <Delay = 0.00>
ST_4 : Operation 120 [1/1] (2.82ns) (grouped into DSP with root node ret_V_5_3)   --->   "%r_V_9_3 = mul i22 %r_V_6_3_cast_cast, %tmp_18_cast_cast" [bi_lstm/src/rnn.cpp:343]   --->   Operation 120 'mul' 'r_V_9_3' <Predicate = (!exitcond5)> <Delay = 2.82> <Core = "DSP48">   --->   Core 65 'DSP48' <Latency = 0> <II = 1> <Delay = 5.55> <IPBlock> <Opcode : 'mul' 'add' 'sub' 'select'> <InPorts = 0> <OutPorts = 1> <Sync> <CReg>
ST_4 : Operation 121 [1/1] (0.00ns) (grouped into DSP with root node ret_V_5_3)   --->   "%r_V_9_3_cast = sext i22 %r_V_9_3 to i23" [bi_lstm/src/rnn.cpp:343]   --->   Operation 121 'sext' 'r_V_9_3_cast' <Predicate = (!exitcond5)> <Delay = 0.00>
ST_4 : Operation 122 [1/1] (2.73ns) (root node of the DSP)   --->   "%ret_V_5_3 = add i23 %r_V_9_3_cast, %lhs_V_3_3" [bi_lstm/src/rnn.cpp:343]   --->   Operation 122 'add' 'ret_V_5_3' <Predicate = (!exitcond5)> <Delay = 2.73> <Core = "DSP48">   --->   Core 65 'DSP48' <Latency = 0> <II = 1> <Delay = 5.55> <IPBlock> <Opcode : 'mul' 'add' 'sub' 'select'> <InPorts = 0> <OutPorts = 1> <Sync> <CReg>
ST_4 : Operation 123 [1/1] (0.00ns)   --->   "%fc2_out_3_V = call i16 @_ssdm_op_PartSelect.i16.i23.i32.i32(i23 %ret_V_5_3, i32 7, i32 22)" [bi_lstm/src/rnn.cpp:343]   --->   Operation 123 'partselect' 'fc2_out_3_V' <Predicate = (!exitcond5)> <Delay = 0.00>
ST_4 : Operation 124 [1/1] (0.00ns)   --->   "%r_V_6_4_cast_cast = sext i7 %Weight_fc2_V_2_load to i22" [bi_lstm/src/rnn.cpp:343]   --->   Operation 124 'sext' 'r_V_6_4_cast_cast' <Predicate = (!exitcond5)> <Delay = 0.00>
ST_4 : Operation 125 [1/1] (2.82ns) (grouped into DSP with root node ret_V_5_4)   --->   "%r_V_9_4 = mul i22 %r_V_6_4_cast_cast, %tmp_18_cast_cast" [bi_lstm/src/rnn.cpp:343]   --->   Operation 125 'mul' 'r_V_9_4' <Predicate = (!exitcond5)> <Delay = 2.82> <Core = "DSP48">   --->   Core 65 'DSP48' <Latency = 0> <II = 1> <Delay = 5.55> <IPBlock> <Opcode : 'mul' 'add' 'sub' 'select'> <InPorts = 0> <OutPorts = 1> <Sync> <CReg>
ST_4 : Operation 126 [1/1] (0.00ns) (grouped into DSP with root node ret_V_5_4)   --->   "%r_V_9_4_cast = sext i22 %r_V_9_4 to i23" [bi_lstm/src/rnn.cpp:343]   --->   Operation 126 'sext' 'r_V_9_4_cast' <Predicate = (!exitcond5)> <Delay = 0.00>
ST_4 : Operation 127 [1/1] (2.73ns) (root node of the DSP)   --->   "%ret_V_5_4 = add i23 %r_V_9_4_cast, %lhs_V_3_4" [bi_lstm/src/rnn.cpp:343]   --->   Operation 127 'add' 'ret_V_5_4' <Predicate = (!exitcond5)> <Delay = 2.73> <Core = "DSP48">   --->   Core 65 'DSP48' <Latency = 0> <II = 1> <Delay = 5.55> <IPBlock> <Opcode : 'mul' 'add' 'sub' 'select'> <InPorts = 0> <OutPorts = 1> <Sync> <CReg>
ST_4 : Operation 128 [1/1] (0.00ns)   --->   "%fc2_out_4_V = call i16 @_ssdm_op_PartSelect.i16.i23.i32.i32(i23 %ret_V_5_4, i32 7, i32 22)" [bi_lstm/src/rnn.cpp:343]   --->   Operation 128 'partselect' 'fc2_out_4_V' <Predicate = (!exitcond5)> <Delay = 0.00>
ST_4 : Operation 129 [1/2] (2.77ns)   --->   "%Weight_fc2_V_2_load_1 = load i7* %Weight_fc2_V_2_addr_1, align 1" [bi_lstm/src/rnn.cpp:343]   --->   Operation 129 'load' 'Weight_fc2_V_2_load_1' <Predicate = (!exitcond5)> <Delay = 2.77> <Core = "ROM_1P_BRAM">   --->   Core 61 'ROM_1P_BRAM' <Latency = 1> <II = 1> <Delay = 2.77> <Storage> <Opcode : 'load'> <Ports = 1> <Width = 7> <Depth = 100> <ROM>
ST_4 : Operation 130 [1/1] (0.00ns)   --->   "%lhs_V_3_5 = call i23 @_ssdm_op_BitConcatenate.i23.i16.i7(i16 %fc2_out_V_5_out, i7 0)" [bi_lstm/src/rnn.cpp:343]   --->   Operation 130 'bitconcatenate' 'lhs_V_3_5' <Predicate = (!exitcond5)> <Delay = 0.00>
ST_4 : Operation 131 [2/2] (2.77ns)   --->   "%Weight_fc2_V_3_load = load i7* %Weight_fc2_V_3_addr, align 1" [bi_lstm/src/rnn.cpp:343]   --->   Operation 131 'load' 'Weight_fc2_V_3_load' <Predicate = (!exitcond5)> <Delay = 2.77> <Core = "ROM_1P_BRAM">   --->   Core 61 'ROM_1P_BRAM' <Latency = 1> <II = 1> <Delay = 2.77> <Storage> <Opcode : 'load'> <Ports = 1> <Width = 7> <Depth = 100> <ROM>
ST_4 : Operation 132 [1/1] (0.00ns)   --->   "%lhs_V_3_6 = call i23 @_ssdm_op_BitConcatenate.i23.i16.i7(i16 %fc2_out_V_6_out, i7 0)" [bi_lstm/src/rnn.cpp:343]   --->   Operation 132 'bitconcatenate' 'lhs_V_3_6' <Predicate = (!exitcond5)> <Delay = 0.00>
ST_4 : Operation 133 [1/2] (2.77ns)   --->   "%Weight_fc2_V_3_load_1 = load i7* %Weight_fc2_V_3_addr_1, align 1" [bi_lstm/src/rnn.cpp:343]   --->   Operation 133 'load' 'Weight_fc2_V_3_load_1' <Predicate = (!exitcond5)> <Delay = 2.77> <Core = "ROM_1P_BRAM">   --->   Core 61 'ROM_1P_BRAM' <Latency = 1> <II = 1> <Delay = 2.77> <Storage> <Opcode : 'load'> <Ports = 1> <Width = 7> <Depth = 100> <ROM>
ST_4 : Operation 134 [1/1] (0.00ns)   --->   "%lhs_V_3_7 = call i23 @_ssdm_op_BitConcatenate.i23.i16.i7(i16 %fc2_out_V_7_out, i7 0)" [bi_lstm/src/rnn.cpp:343]   --->   Operation 134 'bitconcatenate' 'lhs_V_3_7' <Predicate = (!exitcond5)> <Delay = 0.00>
ST_4 : Operation 135 [2/2] (2.77ns)   --->   "%Weight_fc2_V_4_load = load i7* %Weight_fc2_V_4_addr, align 1" [bi_lstm/src/rnn.cpp:343]   --->   Operation 135 'load' 'Weight_fc2_V_4_load' <Predicate = (!exitcond5)> <Delay = 2.77> <Core = "ROM_1P_BRAM">   --->   Core 61 'ROM_1P_BRAM' <Latency = 1> <II = 1> <Delay = 2.77> <Storage> <Opcode : 'load'> <Ports = 1> <Width = 7> <Depth = 100> <ROM>
ST_4 : Operation 136 [1/1] (0.00ns)   --->   "%lhs_V_3_8 = call i23 @_ssdm_op_BitConcatenate.i23.i16.i7(i16 %fc2_out_V_8_out, i7 0)" [bi_lstm/src/rnn.cpp:343]   --->   Operation 136 'bitconcatenate' 'lhs_V_3_8' <Predicate = (!exitcond5)> <Delay = 0.00>
ST_4 : Operation 137 [1/2] (2.77ns)   --->   "%Weight_fc2_V_4_load_1 = load i7* %Weight_fc2_V_4_addr_1, align 1" [bi_lstm/src/rnn.cpp:343]   --->   Operation 137 'load' 'Weight_fc2_V_4_load_1' <Predicate = (!exitcond5)> <Delay = 2.77> <Core = "ROM_1P_BRAM">   --->   Core 61 'ROM_1P_BRAM' <Latency = 1> <II = 1> <Delay = 2.77> <Storage> <Opcode : 'load'> <Ports = 1> <Width = 7> <Depth = 100> <ROM>
ST_4 : Operation 138 [1/1] (0.00ns)   --->   "%lhs_V_3_9 = call i23 @_ssdm_op_BitConcatenate.i23.i16.i7(i16 %fc2_out_V_9_out, i7 0)" [bi_lstm/src/rnn.cpp:343]   --->   Operation 138 'bitconcatenate' 'lhs_V_3_9' <Predicate = (!exitcond5)> <Delay = 0.00>

State 5 <SV = 4> <Delay = 8.32>
ST_5 : Operation 139 [1/1] (0.00ns)   --->   "%tmp_s = call i32 (...)* @_ssdm_op_SpecRegionBegin([13 x i8]* @p_str48)" [bi_lstm/src/rnn.cpp:338]   --->   Operation 139 'specregionbegin' 'tmp_s' <Predicate = (!exitcond5)> <Delay = 0.00>
ST_5 : Operation 140 [1/1] (0.00ns)   --->   "call void (...)* @_ssdm_op_SpecPipeline(i32 -1, i32 1, i32 1, i32 0, [1 x i8]* @p_str22) nounwind" [bi_lstm/src/rnn.cpp:339]   --->   Operation 140 'specpipeline' <Predicate = (!exitcond5)> <Delay = 0.00>
ST_5 : Operation 141 [1/1] (0.00ns)   --->   "%r_V_6_5_cast_cast = sext i7 %Weight_fc2_V_2_load_1 to i22" [bi_lstm/src/rnn.cpp:343]   --->   Operation 141 'sext' 'r_V_6_5_cast_cast' <Predicate = (!exitcond5)> <Delay = 0.00>
ST_5 : Operation 142 [1/1] (2.82ns) (grouped into DSP with root node ret_V_5_5)   --->   "%r_V_9_5 = mul i22 %r_V_6_5_cast_cast, %tmp_18_cast_cast" [bi_lstm/src/rnn.cpp:343]   --->   Operation 142 'mul' 'r_V_9_5' <Predicate = (!exitcond5)> <Delay = 2.82> <Core = "DSP48">   --->   Core 65 'DSP48' <Latency = 0> <II = 1> <Delay = 5.55> <IPBlock> <Opcode : 'mul' 'add' 'sub' 'select'> <InPorts = 0> <OutPorts = 1> <Sync> <CReg>
ST_5 : Operation 143 [1/1] (0.00ns) (grouped into DSP with root node ret_V_5_5)   --->   "%r_V_9_5_cast = sext i22 %r_V_9_5 to i23" [bi_lstm/src/rnn.cpp:343]   --->   Operation 143 'sext' 'r_V_9_5_cast' <Predicate = (!exitcond5)> <Delay = 0.00>
ST_5 : Operation 144 [1/1] (2.73ns) (root node of the DSP)   --->   "%ret_V_5_5 = add i23 %r_V_9_5_cast, %lhs_V_3_5" [bi_lstm/src/rnn.cpp:343]   --->   Operation 144 'add' 'ret_V_5_5' <Predicate = (!exitcond5)> <Delay = 2.73> <Core = "DSP48">   --->   Core 65 'DSP48' <Latency = 0> <II = 1> <Delay = 5.55> <IPBlock> <Opcode : 'mul' 'add' 'sub' 'select'> <InPorts = 0> <OutPorts = 1> <Sync> <CReg>
ST_5 : Operation 145 [1/1] (0.00ns)   --->   "%fc2_out_5_V = call i16 @_ssdm_op_PartSelect.i16.i23.i32.i32(i23 %ret_V_5_5, i32 7, i32 22)" [bi_lstm/src/rnn.cpp:343]   --->   Operation 145 'partselect' 'fc2_out_5_V' <Predicate = (!exitcond5)> <Delay = 0.00>
ST_5 : Operation 146 [1/2] (2.77ns)   --->   "%Weight_fc2_V_3_load = load i7* %Weight_fc2_V_3_addr, align 1" [bi_lstm/src/rnn.cpp:343]   --->   Operation 146 'load' 'Weight_fc2_V_3_load' <Predicate = (!exitcond5)> <Delay = 2.77> <Core = "ROM_1P_BRAM">   --->   Core 61 'ROM_1P_BRAM' <Latency = 1> <II = 1> <Delay = 2.77> <Storage> <Opcode : 'load'> <Ports = 1> <Width = 7> <Depth = 100> <ROM>
ST_5 : Operation 147 [1/1] (0.00ns)   --->   "%r_V_6_6_cast_cast = sext i7 %Weight_fc2_V_3_load to i22" [bi_lstm/src/rnn.cpp:343]   --->   Operation 147 'sext' 'r_V_6_6_cast_cast' <Predicate = (!exitcond5)> <Delay = 0.00>
ST_5 : Operation 148 [1/1] (2.82ns) (grouped into DSP with root node ret_V_5_6)   --->   "%r_V_9_6 = mul i22 %r_V_6_6_cast_cast, %tmp_18_cast_cast" [bi_lstm/src/rnn.cpp:343]   --->   Operation 148 'mul' 'r_V_9_6' <Predicate = (!exitcond5)> <Delay = 2.82> <Core = "DSP48">   --->   Core 65 'DSP48' <Latency = 0> <II = 1> <Delay = 5.55> <IPBlock> <Opcode : 'mul' 'add' 'sub' 'select'> <InPorts = 0> <OutPorts = 1> <Sync> <CReg>
ST_5 : Operation 149 [1/1] (0.00ns) (grouped into DSP with root node ret_V_5_6)   --->   "%r_V_9_6_cast = sext i22 %r_V_9_6 to i23" [bi_lstm/src/rnn.cpp:343]   --->   Operation 149 'sext' 'r_V_9_6_cast' <Predicate = (!exitcond5)> <Delay = 0.00>
ST_5 : Operation 150 [1/1] (2.73ns) (root node of the DSP)   --->   "%ret_V_5_6 = add i23 %r_V_9_6_cast, %lhs_V_3_6" [bi_lstm/src/rnn.cpp:343]   --->   Operation 150 'add' 'ret_V_5_6' <Predicate = (!exitcond5)> <Delay = 2.73> <Core = "DSP48">   --->   Core 65 'DSP48' <Latency = 0> <II = 1> <Delay = 5.55> <IPBlock> <Opcode : 'mul' 'add' 'sub' 'select'> <InPorts = 0> <OutPorts = 1> <Sync> <CReg>
ST_5 : Operation 151 [1/1] (0.00ns)   --->   "%fc2_out_6_V = call i16 @_ssdm_op_PartSelect.i16.i23.i32.i32(i23 %ret_V_5_6, i32 7, i32 22)" [bi_lstm/src/rnn.cpp:343]   --->   Operation 151 'partselect' 'fc2_out_6_V' <Predicate = (!exitcond5)> <Delay = 0.00>
ST_5 : Operation 152 [1/1] (0.00ns)   --->   "%r_V_6_7_cast_cast = sext i7 %Weight_fc2_V_3_load_1 to i22" [bi_lstm/src/rnn.cpp:343]   --->   Operation 152 'sext' 'r_V_6_7_cast_cast' <Predicate = (!exitcond5)> <Delay = 0.00>
ST_5 : Operation 153 [1/1] (2.82ns) (grouped into DSP with root node ret_V_5_7)   --->   "%r_V_9_7 = mul i22 %r_V_6_7_cast_cast, %tmp_18_cast_cast" [bi_lstm/src/rnn.cpp:343]   --->   Operation 153 'mul' 'r_V_9_7' <Predicate = (!exitcond5)> <Delay = 2.82> <Core = "DSP48">   --->   Core 65 'DSP48' <Latency = 0> <II = 1> <Delay = 5.55> <IPBlock> <Opcode : 'mul' 'add' 'sub' 'select'> <InPorts = 0> <OutPorts = 1> <Sync> <CReg>
ST_5 : Operation 154 [1/1] (0.00ns) (grouped into DSP with root node ret_V_5_7)   --->   "%r_V_9_7_cast = sext i22 %r_V_9_7 to i23" [bi_lstm/src/rnn.cpp:343]   --->   Operation 154 'sext' 'r_V_9_7_cast' <Predicate = (!exitcond5)> <Delay = 0.00>
ST_5 : Operation 155 [1/1] (2.73ns) (root node of the DSP)   --->   "%ret_V_5_7 = add i23 %r_V_9_7_cast, %lhs_V_3_7" [bi_lstm/src/rnn.cpp:343]   --->   Operation 155 'add' 'ret_V_5_7' <Predicate = (!exitcond5)> <Delay = 2.73> <Core = "DSP48">   --->   Core 65 'DSP48' <Latency = 0> <II = 1> <Delay = 5.55> <IPBlock> <Opcode : 'mul' 'add' 'sub' 'select'> <InPorts = 0> <OutPorts = 1> <Sync> <CReg>
ST_5 : Operation 156 [1/1] (0.00ns)   --->   "%fc2_out_7_V = call i16 @_ssdm_op_PartSelect.i16.i23.i32.i32(i23 %ret_V_5_7, i32 7, i32 22)" [bi_lstm/src/rnn.cpp:343]   --->   Operation 156 'partselect' 'fc2_out_7_V' <Predicate = (!exitcond5)> <Delay = 0.00>
ST_5 : Operation 157 [1/2] (2.77ns)   --->   "%Weight_fc2_V_4_load = load i7* %Weight_fc2_V_4_addr, align 1" [bi_lstm/src/rnn.cpp:343]   --->   Operation 157 'load' 'Weight_fc2_V_4_load' <Predicate = (!exitcond5)> <Delay = 2.77> <Core = "ROM_1P_BRAM">   --->   Core 61 'ROM_1P_BRAM' <Latency = 1> <II = 1> <Delay = 2.77> <Storage> <Opcode : 'load'> <Ports = 1> <Width = 7> <Depth = 100> <ROM>
ST_5 : Operation 158 [1/1] (0.00ns)   --->   "%r_V_6_8_cast_cast = sext i7 %Weight_fc2_V_4_load to i22" [bi_lstm/src/rnn.cpp:343]   --->   Operation 158 'sext' 'r_V_6_8_cast_cast' <Predicate = (!exitcond5)> <Delay = 0.00>
ST_5 : Operation 159 [1/1] (2.82ns) (grouped into DSP with root node ret_V_5_8)   --->   "%r_V_9_8 = mul i22 %r_V_6_8_cast_cast, %tmp_18_cast_cast" [bi_lstm/src/rnn.cpp:343]   --->   Operation 159 'mul' 'r_V_9_8' <Predicate = (!exitcond5)> <Delay = 2.82> <Core = "DSP48">   --->   Core 65 'DSP48' <Latency = 0> <II = 1> <Delay = 5.55> <IPBlock> <Opcode : 'mul' 'add' 'sub' 'select'> <InPorts = 0> <OutPorts = 1> <Sync> <CReg>
ST_5 : Operation 160 [1/1] (0.00ns) (grouped into DSP with root node ret_V_5_8)   --->   "%r_V_9_8_cast = sext i22 %r_V_9_8 to i23" [bi_lstm/src/rnn.cpp:343]   --->   Operation 160 'sext' 'r_V_9_8_cast' <Predicate = (!exitcond5)> <Delay = 0.00>
ST_5 : Operation 161 [1/1] (2.73ns) (root node of the DSP)   --->   "%ret_V_5_8 = add i23 %r_V_9_8_cast, %lhs_V_3_8" [bi_lstm/src/rnn.cpp:343]   --->   Operation 161 'add' 'ret_V_5_8' <Predicate = (!exitcond5)> <Delay = 2.73> <Core = "DSP48">   --->   Core 65 'DSP48' <Latency = 0> <II = 1> <Delay = 5.55> <IPBlock> <Opcode : 'mul' 'add' 'sub' 'select'> <InPorts = 0> <OutPorts = 1> <Sync> <CReg>
ST_5 : Operation 162 [1/1] (0.00ns)   --->   "%fc2_out_8_V = call i16 @_ssdm_op_PartSelect.i16.i23.i32.i32(i23 %ret_V_5_8, i32 7, i32 22)" [bi_lstm/src/rnn.cpp:343]   --->   Operation 162 'partselect' 'fc2_out_8_V' <Predicate = (!exitcond5)> <Delay = 0.00>
ST_5 : Operation 163 [1/1] (0.00ns)   --->   "%r_V_6_9_cast_cast = sext i7 %Weight_fc2_V_4_load_1 to i22" [bi_lstm/src/rnn.cpp:343]   --->   Operation 163 'sext' 'r_V_6_9_cast_cast' <Predicate = (!exitcond5)> <Delay = 0.00>
ST_5 : Operation 164 [1/1] (2.82ns) (grouped into DSP with root node ret_V_5_9)   --->   "%r_V_9_9 = mul i22 %r_V_6_9_cast_cast, %tmp_18_cast_cast" [bi_lstm/src/rnn.cpp:343]   --->   Operation 164 'mul' 'r_V_9_9' <Predicate = (!exitcond5)> <Delay = 2.82> <Core = "DSP48">   --->   Core 65 'DSP48' <Latency = 0> <II = 1> <Delay = 5.55> <IPBlock> <Opcode : 'mul' 'add' 'sub' 'select'> <InPorts = 0> <OutPorts = 1> <Sync> <CReg>
ST_5 : Operation 165 [1/1] (0.00ns) (grouped into DSP with root node ret_V_5_9)   --->   "%r_V_9_9_cast = sext i22 %r_V_9_9 to i23" [bi_lstm/src/rnn.cpp:343]   --->   Operation 165 'sext' 'r_V_9_9_cast' <Predicate = (!exitcond5)> <Delay = 0.00>
ST_5 : Operation 166 [1/1] (2.73ns) (root node of the DSP)   --->   "%ret_V_5_9 = add i23 %r_V_9_9_cast, %lhs_V_3_9" [bi_lstm/src/rnn.cpp:343]   --->   Operation 166 'add' 'ret_V_5_9' <Predicate = (!exitcond5)> <Delay = 2.73> <Core = "DSP48">   --->   Core 65 'DSP48' <Latency = 0> <II = 1> <Delay = 5.55> <IPBlock> <Opcode : 'mul' 'add' 'sub' 'select'> <InPorts = 0> <OutPorts = 1> <Sync> <CReg>
ST_5 : Operation 167 [1/1] (0.00ns)   --->   "%fc2_out_9_V = call i16 @_ssdm_op_PartSelect.i16.i23.i32.i32(i23 %ret_V_5_9, i32 7, i32 22)" [bi_lstm/src/rnn.cpp:343]   --->   Operation 167 'partselect' 'fc2_out_9_V' <Predicate = (!exitcond5)> <Delay = 0.00>
ST_5 : Operation 168 [1/1] (0.00ns)   --->   "%empty_50 = call i32 (...)* @_ssdm_op_SpecRegionEnd([13 x i8]* @p_str48, i32 %tmp_s)" [bi_lstm/src/rnn.cpp:345]   --->   Operation 168 'specregionend' 'empty_50' <Predicate = (!exitcond5)> <Delay = 0.00>
ST_5 : Operation 169 [1/1] (0.00ns)   --->   "br label %.preheader378" [bi_lstm/src/rnn.cpp:338]   --->   Operation 169 'br' <Predicate = (!exitcond5)> <Delay = 0.00>

State 6 <SV = 2> <Delay = 0.00>
ST_6 : Operation 170 [1/1] (0.00ns)   --->   "%mrv = insertvalue { i16, i16, i16, i16, i16, i16, i16, i16, i16, i16 } undef, i16 %fc2_out_V_9_out, 0" [bi_lstm/src/rnn.cpp:343]   --->   Operation 170 'insertvalue' 'mrv' <Predicate = true> <Delay = 0.00>
ST_6 : Operation 171 [1/1] (0.00ns)   --->   "%mrv_1 = insertvalue { i16, i16, i16, i16, i16, i16, i16, i16, i16, i16 } %mrv, i16 %fc2_out_V_8_out, 1" [bi_lstm/src/rnn.cpp:343]   --->   Operation 171 'insertvalue' 'mrv_1' <Predicate = true> <Delay = 0.00>
ST_6 : Operation 172 [1/1] (0.00ns)   --->   "%mrv_2 = insertvalue { i16, i16, i16, i16, i16, i16, i16, i16, i16, i16 } %mrv_1, i16 %fc2_out_V_7_out, 2" [bi_lstm/src/rnn.cpp:343]   --->   Operation 172 'insertvalue' 'mrv_2' <Predicate = true> <Delay = 0.00>
ST_6 : Operation 173 [1/1] (0.00ns)   --->   "%mrv_3 = insertvalue { i16, i16, i16, i16, i16, i16, i16, i16, i16, i16 } %mrv_2, i16 %fc2_out_V_6_out, 3" [bi_lstm/src/rnn.cpp:343]   --->   Operation 173 'insertvalue' 'mrv_3' <Predicate = true> <Delay = 0.00>
ST_6 : Operation 174 [1/1] (0.00ns)   --->   "%mrv_4 = insertvalue { i16, i16, i16, i16, i16, i16, i16, i16, i16, i16 } %mrv_3, i16 %fc2_out_V_5_out, 4" [bi_lstm/src/rnn.cpp:343]   --->   Operation 174 'insertvalue' 'mrv_4' <Predicate = true> <Delay = 0.00>
ST_6 : Operation 175 [1/1] (0.00ns)   --->   "%mrv_5 = insertvalue { i16, i16, i16, i16, i16, i16, i16, i16, i16, i16 } %mrv_4, i16 %fc2_out_V_4_out, 5" [bi_lstm/src/rnn.cpp:343]   --->   Operation 175 'insertvalue' 'mrv_5' <Predicate = true> <Delay = 0.00>
ST_6 : Operation 176 [1/1] (0.00ns)   --->   "%mrv_6 = insertvalue { i16, i16, i16, i16, i16, i16, i16, i16, i16, i16 } %mrv_5, i16 %fc2_out_V_3_out, 6" [bi_lstm/src/rnn.cpp:343]   --->   Operation 176 'insertvalue' 'mrv_6' <Predicate = true> <Delay = 0.00>
ST_6 : Operation 177 [1/1] (0.00ns)   --->   "%mrv_7 = insertvalue { i16, i16, i16, i16, i16, i16, i16, i16, i16, i16 } %mrv_6, i16 %fc2_out_V_2_out, 7" [bi_lstm/src/rnn.cpp:343]   --->   Operation 177 'insertvalue' 'mrv_7' <Predicate = true> <Delay = 0.00>
ST_6 : Operation 178 [1/1] (0.00ns)   --->   "%mrv_8 = insertvalue { i16, i16, i16, i16, i16, i16, i16, i16, i16, i16 } %mrv_7, i16 %fc2_out_V_1_out, 8" [bi_lstm/src/rnn.cpp:343]   --->   Operation 178 'insertvalue' 'mrv_8' <Predicate = true> <Delay = 0.00>
ST_6 : Operation 179 [1/1] (0.00ns)   --->   "%mrv_9 = insertvalue { i16, i16, i16, i16, i16, i16, i16, i16, i16, i16 } %mrv_8, i16 %fc2_out_V_0_out, 9" [bi_lstm/src/rnn.cpp:343]   --->   Operation 179 'insertvalue' 'mrv_9' <Predicate = true> <Delay = 0.00>
ST_6 : Operation 180 [1/1] (0.00ns)   --->   "ret { i16, i16, i16, i16, i16, i16, i16, i16, i16, i16 } %mrv_9" [bi_lstm/src/rnn.cpp:343]   --->   Operation 180 'ret' <Predicate = true> <Delay = 0.00>


============================================================
+ Verbose Summary: Binding
============================================================
STG Binding: 
---------------- STG Properties BEGIN ----------------
- Is combinational: 0
- Is one-state seq: 0
- Is datapath-only: 0
- Is pipelined: 0
- Is top level: 0
Port [ Return ] is wired: 1; IO mode=ap_ctrl_hs:ce=0
Port [ fc1_out_0_V]:  wired=1; compound=1; hidden=0; nouse=0; global=0; static=0; extern=0; dir=0; type=1; pingpong=1; private_global=0; MemPort=[13]; IO mode=ap_memory:ce=0
Port [ fc1_out_1_V]:  wired=1; compound=1; hidden=0; nouse=0; global=0; static=0; extern=0; dir=0; type=1; pingpong=1; private_global=0; MemPort=[13]; IO mode=ap_memory:ce=0
Port [ fc1_out_2_V]:  wired=1; compound=1; hidden=0; nouse=0; global=0; static=0; extern=0; dir=0; type=1; pingpong=1; private_global=0; MemPort=[13]; IO mode=ap_memory:ce=0
Port [ fc1_out_3_V]:  wired=1; compound=1; hidden=0; nouse=0; global=0; static=0; extern=0; dir=0; type=1; pingpong=1; private_global=0; MemPort=[13]; IO mode=ap_memory:ce=0
Port [ fc1_out_4_V]:  wired=1; compound=1; hidden=0; nouse=0; global=0; static=0; extern=0; dir=0; type=1; pingpong=1; private_global=0; MemPort=[13]; IO mode=ap_memory:ce=0
Port [ fc1_out_5_V]:  wired=1; compound=1; hidden=0; nouse=0; global=0; static=0; extern=0; dir=0; type=1; pingpong=1; private_global=0; MemPort=[13]; IO mode=ap_memory:ce=0
Port [ fc1_out_6_V]:  wired=1; compound=1; hidden=0; nouse=0; global=0; static=0; extern=0; dir=0; type=1; pingpong=1; private_global=0; MemPort=[13]; IO mode=ap_memory:ce=0
Port [ fc1_out_7_V]:  wired=1; compound=1; hidden=0; nouse=0; global=0; static=0; extern=0; dir=0; type=1; pingpong=1; private_global=0; MemPort=[13]; IO mode=ap_memory:ce=0
Port [ fc1_out_8_V]:  wired=1; compound=1; hidden=0; nouse=0; global=0; static=0; extern=0; dir=0; type=1; pingpong=1; private_global=0; MemPort=[13]; IO mode=ap_memory:ce=0
Port [ fc1_out_9_V]:  wired=1; compound=1; hidden=0; nouse=0; global=0; static=0; extern=0; dir=0; type=1; pingpong=1; private_global=0; MemPort=[13]; IO mode=ap_memory:ce=0
Port [ Weight_fc2_V_0]:  wired=0; compound=1; hidden=1; nouse=0; global=1; static=0; extern=0; dir=0; type=1; pingpong=0; private_global=1; linkage=0; visibility=0; MemPort=[1]; IO mode=ap_memory:ce=0
Port [ Weight_fc2_V_1]:  wired=0; compound=1; hidden=1; nouse=0; global=1; static=0; extern=0; dir=0; type=1; pingpong=0; private_global=1; linkage=0; visibility=0; MemPort=[1]; IO mode=ap_memory:ce=0
Port [ Weight_fc2_V_2]:  wired=0; compound=1; hidden=1; nouse=0; global=1; static=0; extern=0; dir=0; type=1; pingpong=0; private_global=1; linkage=0; visibility=0; MemPort=[1]; IO mode=ap_memory:ce=0
Port [ Weight_fc2_V_3]:  wired=0; compound=1; hidden=1; nouse=0; global=1; static=0; extern=0; dir=0; type=1; pingpong=0; private_global=1; linkage=0; visibility=0; MemPort=[1]; IO mode=ap_memory:ce=0
Port [ Weight_fc2_V_4]:  wired=0; compound=1; hidden=1; nouse=0; global=1; static=0; extern=0; dir=0; type=1; pingpong=0; private_global=1; linkage=0; visibility=0; MemPort=[1]; IO mode=ap_memory:ce=0
---------------- STG Properties END ------------------

---------------- Datapath Model BEGIN ----------------

<LifeTime>
<method=bitvector/>
StgValue_7            (specmemcore      ) [ 0000000]
StgValue_8            (specmemcore      ) [ 0000000]
StgValue_9            (specmemcore      ) [ 0000000]
StgValue_10           (specmemcore      ) [ 0000000]
StgValue_11           (specmemcore      ) [ 0000000]
StgValue_12           (br               ) [ 0111110]
fc2_out_V_9_out       (phi              ) [ 0011101]
fc2_out_V_8_out       (phi              ) [ 0011101]
fc2_out_V_7_out       (phi              ) [ 0011101]
fc2_out_V_6_out       (phi              ) [ 0011101]
fc2_out_V_5_out       (phi              ) [ 0011101]
fc2_out_V_4_out       (phi              ) [ 0011001]
fc2_out_V_3_out       (phi              ) [ 0011001]
fc2_out_V_2_out       (phi              ) [ 0011001]
fc2_out_V_1_out       (phi              ) [ 0011001]
fc2_out_V_0_out       (phi              ) [ 0011001]
j8                    (phi              ) [ 0010000]
phi_mul               (phi              ) [ 0011000]
phi_urem              (phi              ) [ 0011000]
exitcond5             (icmp             ) [ 0011110]
empty                 (speclooptripcount) [ 0000000]
j                     (add              ) [ 0111110]
StgValue_29           (br               ) [ 0000000]
tmp_16                (zext             ) [ 0011100]
tmp_16_cast           (zext             ) [ 0000000]
Weight_fc2_V_0_addr   (getelementptr    ) [ 0001000]
tmp                   (add              ) [ 0001000]
Weight_fc2_V_1_addr   (getelementptr    ) [ 0001000]
Weight_fc2_V_2_addr   (getelementptr    ) [ 0001000]
tmp_117               (partselect       ) [ 0000000]
newIndex5             (zext             ) [ 0000000]
fc1_out_0_V_addr      (getelementptr    ) [ 0001000]
fc1_out_1_V_addr      (getelementptr    ) [ 0001000]
fc1_out_2_V_addr      (getelementptr    ) [ 0001000]
fc1_out_3_V_addr      (getelementptr    ) [ 0001000]
fc1_out_4_V_addr      (getelementptr    ) [ 0001000]
fc1_out_5_V_addr      (getelementptr    ) [ 0001000]
fc1_out_6_V_addr      (getelementptr    ) [ 0001000]
fc1_out_7_V_addr      (getelementptr    ) [ 0001000]
fc1_out_8_V_addr      (getelementptr    ) [ 0001000]
fc1_out_9_V_addr      (getelementptr    ) [ 0001000]
next_urem             (add              ) [ 0010100]
tmp_cast              (zext             ) [ 0000000]
Weight_fc2_V_0_addr_1 (getelementptr    ) [ 0010100]
Weight_fc2_V_1_addr_1 (getelementptr    ) [ 0010100]
Weight_fc2_V_2_addr_1 (getelementptr    ) [ 0010100]
Weight_fc2_V_3_addr_1 (getelementptr    ) [ 0010100]
Weight_fc2_V_4_addr_1 (getelementptr    ) [ 0010100]
arrayNo_cast          (zext             ) [ 0000000]
next_mul              (add              ) [ 0111110]
fc1_out_0_V_load      (load             ) [ 0000000]
fc1_out_1_V_load      (load             ) [ 0000000]
fc1_out_2_V_load      (load             ) [ 0000000]
fc1_out_3_V_load      (load             ) [ 0000000]
fc1_out_4_V_load      (load             ) [ 0000000]
fc1_out_5_V_load      (load             ) [ 0000000]
fc1_out_6_V_load      (load             ) [ 0000000]
fc1_out_7_V_load      (load             ) [ 0000000]
fc1_out_8_V_load      (load             ) [ 0000000]
fc1_out_9_V_load      (load             ) [ 0000000]
fc1_V                 (mux              ) [ 0000000]
tmp_17                (icmp             ) [ 0000000]
tmp_118               (trunc            ) [ 0000000]
tmp_119               (select           ) [ 0010100]
Weight_fc2_V_0_load   (load             ) [ 0010100]
lhs_V_3               (bitconcatenate   ) [ 0010100]
lhs_V_3_1             (bitconcatenate   ) [ 0010100]
Weight_fc2_V_1_load   (load             ) [ 0010100]
lhs_V_3_2             (bitconcatenate   ) [ 0010100]
lhs_V_3_3             (bitconcatenate   ) [ 0010100]
Weight_fc2_V_2_load   (load             ) [ 0010100]
lhs_V_3_4             (bitconcatenate   ) [ 0010100]
tmp_116               (icmp             ) [ 0000000]
idx_urem              (select           ) [ 0111010]
Weight_fc2_V_3_addr   (getelementptr    ) [ 0001010]
Weight_fc2_V_4_addr   (getelementptr    ) [ 0001010]
tmp_18_cast_cast      (zext             ) [ 0001010]
r_V_6_cast_cast       (sext             ) [ 0000000]
r_V_9                 (mul              ) [ 0000000]
r_V_9_cast            (sext             ) [ 0000000]
ret_V_5               (add              ) [ 0000000]
fc2_out_0_V           (partselect       ) [ 0111010]
Weight_fc2_V_0_load_1 (load             ) [ 0000000]
r_V_6_1_cast_cast     (sext             ) [ 0000000]
r_V_9_1               (mul              ) [ 0000000]
r_V_9_1_cast          (sext             ) [ 0000000]
ret_V_5_1             (add              ) [ 0000000]
fc2_out_1_V           (partselect       ) [ 0111010]
r_V_6_2_cast_cast     (sext             ) [ 0000000]
r_V_9_2               (mul              ) [ 0000000]
r_V_9_2_cast          (sext             ) [ 0000000]
ret_V_5_2             (add              ) [ 0000000]
fc2_out_2_V           (partselect       ) [ 0111010]
Weight_fc2_V_1_load_1 (load             ) [ 0000000]
r_V_6_3_cast_cast     (sext             ) [ 0000000]
r_V_9_3               (mul              ) [ 0000000]
r_V_9_3_cast          (sext             ) [ 0000000]
ret_V_5_3             (add              ) [ 0000000]
fc2_out_3_V           (partselect       ) [ 0111010]
r_V_6_4_cast_cast     (sext             ) [ 0000000]
r_V_9_4               (mul              ) [ 0000000]
r_V_9_4_cast          (sext             ) [ 0000000]
ret_V_5_4             (add              ) [ 0000000]
fc2_out_4_V           (partselect       ) [ 0111010]
Weight_fc2_V_2_load_1 (load             ) [ 0001010]
lhs_V_3_5             (bitconcatenate   ) [ 0001010]
lhs_V_3_6             (bitconcatenate   ) [ 0001010]
Weight_fc2_V_3_load_1 (load             ) [ 0001010]
lhs_V_3_7             (bitconcatenate   ) [ 0001010]
lhs_V_3_8             (bitconcatenate   ) [ 0001010]
Weight_fc2_V_4_load_1 (load             ) [ 0001010]
lhs_V_3_9             (bitconcatenate   ) [ 0001010]
tmp_s                 (specregionbegin  ) [ 0000000]
StgValue_140          (specpipeline     ) [ 0000000]
r_V_6_5_cast_cast     (sext             ) [ 0000000]
r_V_9_5               (mul              ) [ 0000000]
r_V_9_5_cast          (sext             ) [ 0000000]
ret_V_5_5             (add              ) [ 0000000]
fc2_out_5_V           (partselect       ) [ 0111110]
Weight_fc2_V_3_load   (load             ) [ 0000000]
r_V_6_6_cast_cast     (sext             ) [ 0000000]
r_V_9_6               (mul              ) [ 0000000]
r_V_9_6_cast          (sext             ) [ 0000000]
ret_V_5_6             (add              ) [ 0000000]
fc2_out_6_V           (partselect       ) [ 0111110]
r_V_6_7_cast_cast     (sext             ) [ 0000000]
r_V_9_7               (mul              ) [ 0000000]
r_V_9_7_cast          (sext             ) [ 0000000]
ret_V_5_7             (add              ) [ 0000000]
fc2_out_7_V           (partselect       ) [ 0111110]
Weight_fc2_V_4_load   (load             ) [ 0000000]
r_V_6_8_cast_cast     (sext             ) [ 0000000]
r_V_9_8               (mul              ) [ 0000000]
r_V_9_8_cast          (sext             ) [ 0000000]
ret_V_5_8             (add              ) [ 0000000]
fc2_out_8_V           (partselect       ) [ 0111110]
r_V_6_9_cast_cast     (sext             ) [ 0000000]
r_V_9_9               (mul              ) [ 0000000]
r_V_9_9_cast          (sext             ) [ 0000000]
ret_V_5_9             (add              ) [ 0000000]
fc2_out_9_V           (partselect       ) [ 0111110]
empty_50              (specregionend    ) [ 0000000]
StgValue_169          (br               ) [ 0111110]
mrv                   (insertvalue      ) [ 0000000]
mrv_1                 (insertvalue      ) [ 0000000]
mrv_2                 (insertvalue      ) [ 0000000]
mrv_3                 (insertvalue      ) [ 0000000]
mrv_4                 (insertvalue      ) [ 0000000]
mrv_5                 (insertvalue      ) [ 0000000]
mrv_6                 (insertvalue      ) [ 0000000]
mrv_7                 (insertvalue      ) [ 0000000]
mrv_8                 (insertvalue      ) [ 0000000]
mrv_9                 (insertvalue      ) [ 0000000]
StgValue_180          (ret              ) [ 0000000]
</LifeTime>

<model>

<comp_list>
<comp id="0" class="1000" name="fc1_out_0_V">
<pin_list>
<pin id="1" dir="1" index="0" bw="1" slack="0"/>
</pin_list>
<bind>
<StgValue><ssdm name="fc1_out_0_V"/><MemPortTyVec>1 3 </MemPortTyVec>
</StgValue>
</bind>
</comp>

<comp id="2" class="1000" name="fc1_out_1_V">
<pin_list>
<pin id="3" dir="1" index="0" bw="1" slack="0"/>
</pin_list>
<bind>
<StgValue><ssdm name="fc1_out_1_V"/><MemPortTyVec>1 3 </MemPortTyVec>
</StgValue>
</bind>
</comp>

<comp id="4" class="1000" name="fc1_out_2_V">
<pin_list>
<pin id="5" dir="1" index="0" bw="1" slack="0"/>
</pin_list>
<bind>
<StgValue><ssdm name="fc1_out_2_V"/><MemPortTyVec>1 3 </MemPortTyVec>
</StgValue>
</bind>
</comp>

<comp id="6" class="1000" name="fc1_out_3_V">
<pin_list>
<pin id="7" dir="1" index="0" bw="1" slack="0"/>
</pin_list>
<bind>
<StgValue><ssdm name="fc1_out_3_V"/><MemPortTyVec>1 3 </MemPortTyVec>
</StgValue>
</bind>
</comp>

<comp id="8" class="1000" name="fc1_out_4_V">
<pin_list>
<pin id="9" dir="1" index="0" bw="1" slack="0"/>
</pin_list>
<bind>
<StgValue><ssdm name="fc1_out_4_V"/><MemPortTyVec>1 3 </MemPortTyVec>
</StgValue>
</bind>
</comp>

<comp id="10" class="1000" name="fc1_out_5_V">
<pin_list>
<pin id="11" dir="1" index="0" bw="1" slack="0"/>
</pin_list>
<bind>
<StgValue><ssdm name="fc1_out_5_V"/><MemPortTyVec>1 3 </MemPortTyVec>
</StgValue>
</bind>
</comp>

<comp id="12" class="1000" name="fc1_out_6_V">
<pin_list>
<pin id="13" dir="1" index="0" bw="1" slack="0"/>
</pin_list>
<bind>
<StgValue><ssdm name="fc1_out_6_V"/><MemPortTyVec>1 3 </MemPortTyVec>
</StgValue>
</bind>
</comp>

<comp id="14" class="1000" name="fc1_out_7_V">
<pin_list>
<pin id="15" dir="1" index="0" bw="1" slack="0"/>
</pin_list>
<bind>
<StgValue><ssdm name="fc1_out_7_V"/><MemPortTyVec>1 3 </MemPortTyVec>
</StgValue>
</bind>
</comp>

<comp id="16" class="1000" name="fc1_out_8_V">
<pin_list>
<pin id="17" dir="1" index="0" bw="1" slack="0"/>
</pin_list>
<bind>
<StgValue><ssdm name="fc1_out_8_V"/><MemPortTyVec>1 3 </MemPortTyVec>
</StgValue>
</bind>
</comp>

<comp id="18" class="1000" name="fc1_out_9_V">
<pin_list>
<pin id="19" dir="1" index="0" bw="1" slack="0"/>
</pin_list>
<bind>
<StgValue><ssdm name="fc1_out_9_V"/><MemPortTyVec>1 3 </MemPortTyVec>
</StgValue>
</bind>
</comp>

<comp id="20" class="1000" name="Weight_fc2_V_0">
<pin_list>
<pin id="21" dir="1" index="0" bw="1" slack="0"/>
</pin_list>
<bind>
<StgValue><ssdm name="Weight_fc2_V_0"/><MemPortTyVec>1 </MemPortTyVec>
</StgValue>
</bind>
</comp>

<comp id="22" class="1000" name="Weight_fc2_V_1">
<pin_list>
<pin id="23" dir="1" index="0" bw="1" slack="0"/>
</pin_list>
<bind>
<StgValue><ssdm name="Weight_fc2_V_1"/><MemPortTyVec>1 </MemPortTyVec>
</StgValue>
</bind>
</comp>

<comp id="24" class="1000" name="Weight_fc2_V_2">
<pin_list>
<pin id="25" dir="1" index="0" bw="1" slack="0"/>
</pin_list>
<bind>
<StgValue><ssdm name="Weight_fc2_V_2"/><MemPortTyVec>1 </MemPortTyVec>
</StgValue>
</bind>
</comp>

<comp id="26" class="1000" name="Weight_fc2_V_3">
<pin_list>
<pin id="27" dir="1" index="0" bw="1" slack="0"/>
</pin_list>
<bind>
<StgValue><ssdm name="Weight_fc2_V_3"/><MemPortTyVec>1 </MemPortTyVec>
</StgValue>
</bind>
</comp>

<comp id="28" class="1000" name="Weight_fc2_V_4">
<pin_list>
<pin id="29" dir="1" index="0" bw="1" slack="0"/>
</pin_list>
<bind>
<StgValue><ssdm name="Weight_fc2_V_4"/><MemPortTyVec>1 </MemPortTyVec>
</StgValue>
</bind>
</comp>

<comp id="30" class="1001" name="const_30">
<pin_list>
<pin id="31" dir="1" index="0" bw="1" slack="2147483647"/>
</pin_list>
<bind>
<StgValue><ssdm name="_ssdm_op_SpecMemCore"/></StgValue>
</bind>
</comp>

<comp id="32" class="1001" name="const_32">
<pin_list>
<pin id="33" dir="1" index="0" bw="1" slack="2147483647"/>
</pin_list>
<bind>
<StgValue><ssdm name="p_str22"/></StgValue>
</bind>
</comp>

<comp id="34" class="1001" name="const_34">
<pin_list>
<pin id="35" dir="1" index="0" bw="1" slack="2147483647"/>
</pin_list>
<bind>
<StgValue><ssdm name="p_str40"/></StgValue>
</bind>
</comp>

<comp id="36" class="1001" name="const_36">
<pin_list>
<pin id="37" dir="1" index="0" bw="1" slack="2147483647"/>
</pin_list>
<bind>
<StgValue><ssdm name=""/></StgValue>
</bind>
</comp>

<comp id="38" class="1001" name="const_38">
<pin_list>
<pin id="39" dir="1" index="0" bw="1" slack="0"/>
</pin_list>
<bind>
<StgValue><ssdm name=""/></StgValue>
</bind>
</comp>

<comp id="40" class="1001" name="const_40">
<pin_list>
<pin id="41" dir="1" index="0" bw="1" slack="1"/>
</pin_list>
<bind>
<StgValue><ssdm name=""/></StgValue>
</bind>
</comp>

<comp id="42" class="1001" name="const_42">
<pin_list>
<pin id="43" dir="1" index="0" bw="1" slack="1"/>
</pin_list>
<bind>
<StgValue><ssdm name=""/></StgValue>
</bind>
</comp>

<comp id="44" class="1001" name="const_44">
<pin_list>
<pin id="45" dir="1" index="0" bw="1" slack="1"/>
</pin_list>
<bind>
<StgValue><ssdm name=""/></StgValue>
</bind>
</comp>

<comp id="46" class="1001" name="const_46">
<pin_list>
<pin id="47" dir="1" index="0" bw="1" slack="1"/>
</pin_list>
<bind>
<StgValue><ssdm name=""/></StgValue>
</bind>
</comp>

<comp id="48" class="1001" name="const_48">
<pin_list>
<pin id="49" dir="1" index="0" bw="1" slack="1"/>
</pin_list>
<bind>
<StgValue><ssdm name=""/></StgValue>
</bind>
</comp>

<comp id="50" class="1001" name="const_50">
<pin_list>
<pin id="51" dir="1" index="0" bw="1" slack="1"/>
</pin_list>
<bind>
<StgValue><ssdm name=""/></StgValue>
</bind>
</comp>

<comp id="52" class="1001" name="const_52">
<pin_list>
<pin id="53" dir="1" index="0" bw="1" slack="1"/>
</pin_list>
<bind>
<StgValue><ssdm name=""/></StgValue>
</bind>
</comp>

<comp id="54" class="1001" name="const_54">
<pin_list>
<pin id="55" dir="1" index="0" bw="1" slack="1"/>
</pin_list>
<bind>
<StgValue><ssdm name=""/></StgValue>
</bind>
</comp>

<comp id="56" class="1001" name="const_56">
<pin_list>
<pin id="57" dir="1" index="0" bw="1" slack="1"/>
</pin_list>
<bind>
<StgValue><ssdm name=""/></StgValue>
</bind>
</comp>

<comp id="58" class="1001" name="const_58">
<pin_list>
<pin id="59" dir="1" index="0" bw="1" slack="0"/>
</pin_list>
<bind>
<StgValue><ssdm name=""/></StgValue>
</bind>
</comp>

<comp id="60" class="1001" name="const_60">
<pin_list>
<pin id="61" dir="1" index="0" bw="1" slack="1"/>
</pin_list>
<bind>
<StgValue><ssdm name=""/></StgValue>
</bind>
</comp>

<comp id="62" class="1001" name="const_62">
<pin_list>
<pin id="63" dir="1" index="0" bw="1" slack="0"/>
</pin_list>
<bind>
<StgValue><ssdm name=""/></StgValue>
</bind>
</comp>

<comp id="64" class="1001" name="const_64">
<pin_list>
<pin id="65" dir="1" index="0" bw="1" slack="2147483647"/>
</pin_list>
<bind>
<StgValue><ssdm name="_ssdm_op_SpecLoopTripCount"/></StgValue>
</bind>
</comp>

<comp id="66" class="1001" name="const_66">
<pin_list>
<pin id="67" dir="1" index="0" bw="1" slack="2147483647"/>
</pin_list>
<bind>
<StgValue><ssdm name=""/></StgValue>
</bind>
</comp>

<comp id="68" class="1001" name="const_68">
<pin_list>
<pin id="69" dir="1" index="0" bw="1" slack="0"/>
</pin_list>
<bind>
<StgValue><ssdm name=""/></StgValue>
</bind>
</comp>

<comp id="70" class="1001" name="const_70">
<pin_list>
<pin id="71" dir="1" index="0" bw="1" slack="0"/>
</pin_list>
<bind>
<StgValue><ssdm name=""/></StgValue>
</bind>
</comp>

<comp id="72" class="1001" name="const_72">
<pin_list>
<pin id="73" dir="1" index="0" bw="1" slack="0"/>
</pin_list>
<bind>
<StgValue><ssdm name=""/></StgValue>
</bind>
</comp>

<comp id="74" class="1001" name="const_74">
<pin_list>
<pin id="75" dir="1" index="0" bw="1" slack="0"/>
</pin_list>
<bind>
<StgValue><ssdm name="_ssdm_op_PartSelect.i3.i13.i32.i32"/></StgValue>
</bind>
</comp>

<comp id="76" class="1001" name="const_76">
<pin_list>
<pin id="77" dir="1" index="0" bw="1" slack="0"/>
</pin_list>
<bind>
<StgValue><ssdm name=""/></StgValue>
</bind>
</comp>

<comp id="78" class="1001" name="const_78">
<pin_list>
<pin id="79" dir="1" index="0" bw="1" slack="0"/>
</pin_list>
<bind>
<StgValue><ssdm name=""/></StgValue>
</bind>
</comp>

<comp id="80" class="1001" name="const_80">
<pin_list>
<pin id="81" dir="1" index="0" bw="1" slack="0"/>
</pin_list>
<bind>
<StgValue><ssdm name=""/></StgValue>
</bind>
</comp>

<comp id="82" class="1001" name="const_82">
<pin_list>
<pin id="83" dir="1" index="0" bw="1" slack="0"/>
</pin_list>
<bind>
<StgValue><ssdm name="_ssdm_op_Mux.ap_auto.10i16.i32"/></StgValue>
</bind>
</comp>

<comp id="84" class="1001" name="const_84">
<pin_list>
<pin id="85" dir="1" index="0" bw="1" slack="0"/>
</pin_list>
<bind>
<StgValue><ssdm name=""/></StgValue>
</bind>
</comp>

<comp id="86" class="1001" name="const_86">
<pin_list>
<pin id="87" dir="1" index="0" bw="1" slack="0"/>
</pin_list>
<bind>
<StgValue><ssdm name="_ssdm_op_BitConcatenate.i23.i16.i7"/></StgValue>
</bind>
</comp>

<comp id="88" class="1001" name="const_88">
<pin_list>
<pin id="89" dir="1" index="0" bw="1" slack="0"/>
</pin_list>
<bind>
<StgValue><ssdm name=""/></StgValue>
</bind>
</comp>

<comp id="90" class="1001" name="const_90">
<pin_list>
<pin id="91" dir="1" index="0" bw="1" slack="0"/>
</pin_list>
<bind>
<StgValue><ssdm name=""/></StgValue>
</bind>
</comp>

<comp id="92" class="1001" name="const_92">
<pin_list>
<pin id="93" dir="1" index="0" bw="1" slack="0"/>
</pin_list>
<bind>
<StgValue><ssdm name="_ssdm_op_PartSelect.i16.i23.i32.i32"/></StgValue>
</bind>
</comp>

<comp id="94" class="1001" name="const_94">
<pin_list>
<pin id="95" dir="1" index="0" bw="1" slack="0"/>
</pin_list>
<bind>
<StgValue><ssdm name=""/></StgValue>
</bind>
</comp>

<comp id="96" class="1001" name="const_96">
<pin_list>
<pin id="97" dir="1" index="0" bw="1" slack="0"/>
</pin_list>
<bind>
<StgValue><ssdm name=""/></StgValue>
</bind>
</comp>

<comp id="98" class="1001" name="const_98">
<pin_list>
<pin id="99" dir="1" index="0" bw="1" slack="2147483647"/>
</pin_list>
<bind>
<StgValue><ssdm name="_ssdm_op_SpecRegionBegin"/></StgValue>
</bind>
</comp>

<comp id="100" class="1001" name="const_100">
<pin_list>
<pin id="101" dir="1" index="0" bw="1" slack="2147483647"/>
</pin_list>
<bind>
<StgValue><ssdm name="p_str48"/></StgValue>
</bind>
</comp>

<comp id="102" class="1001" name="const_102">
<pin_list>
<pin id="103" dir="1" index="0" bw="1" slack="2147483647"/>
</pin_list>
<bind>
<StgValue><ssdm name="_ssdm_op_SpecPipeline"/></StgValue>
</bind>
</comp>

<comp id="104" class="1001" name="const_104">
<pin_list>
<pin id="105" dir="1" index="0" bw="1" slack="2147483647"/>
</pin_list>
<bind>
<StgValue><ssdm name=""/></StgValue>
</bind>
</comp>

<comp id="106" class="1001" name="const_106">
<pin_list>
<pin id="107" dir="1" index="0" bw="1" slack="2147483647"/>
</pin_list>
<bind>
<StgValue><ssdm name=""/></StgValue>
</bind>
</comp>

<comp id="108" class="1001" name="const_108">
<pin_list>
<pin id="109" dir="1" index="0" bw="1" slack="2147483647"/>
</pin_list>
<bind>
<StgValue><ssdm name="_ssdm_op_SpecRegionEnd"/></StgValue>
</bind>
</comp>

<comp id="110" class="1001" name="const_110">
<pin_list>
<pin id="111" dir="1" index="0" bw="1" slack="0"/>
</pin_list>
<bind>
<StgValue><ssdm name=""/></StgValue>
</bind>
</comp>

<comp id="112" class="1004" name="Weight_fc2_V_0_addr_gep_fu_112">
<pin_list>
<pin id="113" dir="0" index="0" bw="7" slack="0"/>
<pin id="114" dir="0" index="1" bw="1" slack="0"/>
<pin id="115" dir="0" index="2" bw="6" slack="0"/>
<pin id="116" dir="1" index="3" bw="7" slack="0"/>
</pin_list>
<bind>
<opcode="getelementptr(29) " fcode="getelementptr"/>
<opset="Weight_fc2_V_0_addr/2 "/>
</bind>
</comp>

<comp id="119" class="1004" name="Weight_fc2_V_1_addr_gep_fu_119">
<pin_list>
<pin id="120" dir="0" index="0" bw="7" slack="0"/>
<pin id="121" dir="0" index="1" bw="1" slack="0"/>
<pin id="122" dir="0" index="2" bw="6" slack="0"/>
<pin id="123" dir="1" index="3" bw="7" slack="0"/>
</pin_list>
<bind>
<opcode="getelementptr(29) " fcode="getelementptr"/>
<opset="Weight_fc2_V_1_addr/2 "/>
</bind>
</comp>

<comp id="126" class="1004" name="Weight_fc2_V_2_addr_gep_fu_126">
<pin_list>
<pin id="127" dir="0" index="0" bw="7" slack="0"/>
<pin id="128" dir="0" index="1" bw="1" slack="0"/>
<pin id="129" dir="0" index="2" bw="6" slack="0"/>
<pin id="130" dir="1" index="3" bw="7" slack="0"/>
</pin_list>
<bind>
<opcode="getelementptr(29) " fcode="getelementptr"/>
<opset="Weight_fc2_V_2_addr/2 "/>
</bind>
</comp>

<comp id="133" class="1004" name="fc1_out_0_V_addr_gep_fu_133">
<pin_list>
<pin id="134" dir="0" index="0" bw="16" slack="0"/>
<pin id="135" dir="0" index="1" bw="1" slack="0"/>
<pin id="136" dir="0" index="2" bw="3" slack="0"/>
<pin id="137" dir="1" index="3" bw="3" slack="0"/>
</pin_list>
<bind>
<opcode="getelementptr(29) " fcode="getelementptr"/>
<opset="fc1_out_0_V_addr/2 "/>
</bind>
</comp>

<comp id="140" class="1004" name="grp_access_fu_140">
<pin_list>
<pin id="141" dir="0" index="0" bw="3" slack="0"/>
<pin id="142" dir="0" index="1" bw="16" slack="2147483647"/>
<pin id="143" dir="0" index="2" bw="0" slack="2147483647"/>
<pin id="144" dir="1" index="3" bw="16" slack="0"/>
</pin_list>
<bind>
<opcode="load(27) " fcode="load"/>
<opset="fc1_out_0_V_load/2 "/>
</bind>
</comp>

<comp id="146" class="1004" name="fc1_out_1_V_addr_gep_fu_146">
<pin_list>
<pin id="147" dir="0" index="0" bw="16" slack="0"/>
<pin id="148" dir="0" index="1" bw="1" slack="0"/>
<pin id="149" dir="0" index="2" bw="3" slack="0"/>
<pin id="150" dir="1" index="3" bw="3" slack="0"/>
</pin_list>
<bind>
<opcode="getelementptr(29) " fcode="getelementptr"/>
<opset="fc1_out_1_V_addr/2 "/>
</bind>
</comp>

<comp id="153" class="1004" name="grp_access_fu_153">
<pin_list>
<pin id="154" dir="0" index="0" bw="3" slack="0"/>
<pin id="155" dir="0" index="1" bw="16" slack="2147483647"/>
<pin id="156" dir="0" index="2" bw="0" slack="2147483647"/>
<pin id="157" dir="1" index="3" bw="16" slack="0"/>
</pin_list>
<bind>
<opcode="load(27) " fcode="load"/>
<opset="fc1_out_1_V_load/2 "/>
</bind>
</comp>

<comp id="159" class="1004" name="fc1_out_2_V_addr_gep_fu_159">
<pin_list>
<pin id="160" dir="0" index="0" bw="16" slack="0"/>
<pin id="161" dir="0" index="1" bw="1" slack="0"/>
<pin id="162" dir="0" index="2" bw="3" slack="0"/>
<pin id="163" dir="1" index="3" bw="3" slack="0"/>
</pin_list>
<bind>
<opcode="getelementptr(29) " fcode="getelementptr"/>
<opset="fc1_out_2_V_addr/2 "/>
</bind>
</comp>

<comp id="166" class="1004" name="grp_access_fu_166">
<pin_list>
<pin id="167" dir="0" index="0" bw="3" slack="0"/>
<pin id="168" dir="0" index="1" bw="16" slack="2147483647"/>
<pin id="169" dir="0" index="2" bw="0" slack="2147483647"/>
<pin id="170" dir="1" index="3" bw="16" slack="0"/>
</pin_list>
<bind>
<opcode="load(27) " fcode="load"/>
<opset="fc1_out_2_V_load/2 "/>
</bind>
</comp>

<comp id="172" class="1004" name="fc1_out_3_V_addr_gep_fu_172">
<pin_list>
<pin id="173" dir="0" index="0" bw="16" slack="0"/>
<pin id="174" dir="0" index="1" bw="1" slack="0"/>
<pin id="175" dir="0" index="2" bw="3" slack="0"/>
<pin id="176" dir="1" index="3" bw="3" slack="0"/>
</pin_list>
<bind>
<opcode="getelementptr(29) " fcode="getelementptr"/>
<opset="fc1_out_3_V_addr/2 "/>
</bind>
</comp>

<comp id="179" class="1004" name="grp_access_fu_179">
<pin_list>
<pin id="180" dir="0" index="0" bw="3" slack="0"/>
<pin id="181" dir="0" index="1" bw="16" slack="2147483647"/>
<pin id="182" dir="0" index="2" bw="0" slack="2147483647"/>
<pin id="183" dir="1" index="3" bw="16" slack="0"/>
</pin_list>
<bind>
<opcode="load(27) " fcode="load"/>
<opset="fc1_out_3_V_load/2 "/>
</bind>
</comp>

<comp id="185" class="1004" name="fc1_out_4_V_addr_gep_fu_185">
<pin_list>
<pin id="186" dir="0" index="0" bw="16" slack="0"/>
<pin id="187" dir="0" index="1" bw="1" slack="0"/>
<pin id="188" dir="0" index="2" bw="3" slack="0"/>
<pin id="189" dir="1" index="3" bw="3" slack="0"/>
</pin_list>
<bind>
<opcode="getelementptr(29) " fcode="getelementptr"/>
<opset="fc1_out_4_V_addr/2 "/>
</bind>
</comp>

<comp id="192" class="1004" name="grp_access_fu_192">
<pin_list>
<pin id="193" dir="0" index="0" bw="3" slack="0"/>
<pin id="194" dir="0" index="1" bw="16" slack="2147483647"/>
<pin id="195" dir="0" index="2" bw="0" slack="2147483647"/>
<pin id="196" dir="1" index="3" bw="16" slack="0"/>
</pin_list>
<bind>
<opcode="load(27) " fcode="load"/>
<opset="fc1_out_4_V_load/2 "/>
</bind>
</comp>

<comp id="198" class="1004" name="fc1_out_5_V_addr_gep_fu_198">
<pin_list>
<pin id="199" dir="0" index="0" bw="16" slack="0"/>
<pin id="200" dir="0" index="1" bw="1" slack="0"/>
<pin id="201" dir="0" index="2" bw="3" slack="0"/>
<pin id="202" dir="1" index="3" bw="3" slack="0"/>
</pin_list>
<bind>
<opcode="getelementptr(29) " fcode="getelementptr"/>
<opset="fc1_out_5_V_addr/2 "/>
</bind>
</comp>

<comp id="205" class="1004" name="grp_access_fu_205">
<pin_list>
<pin id="206" dir="0" index="0" bw="3" slack="0"/>
<pin id="207" dir="0" index="1" bw="16" slack="2147483647"/>
<pin id="208" dir="0" index="2" bw="0" slack="2147483647"/>
<pin id="209" dir="1" index="3" bw="16" slack="0"/>
</pin_list>
<bind>
<opcode="load(27) " fcode="load"/>
<opset="fc1_out_5_V_load/2 "/>
</bind>
</comp>

<comp id="211" class="1004" name="fc1_out_6_V_addr_gep_fu_211">
<pin_list>
<pin id="212" dir="0" index="0" bw="16" slack="0"/>
<pin id="213" dir="0" index="1" bw="1" slack="0"/>
<pin id="214" dir="0" index="2" bw="3" slack="0"/>
<pin id="215" dir="1" index="3" bw="3" slack="0"/>
</pin_list>
<bind>
<opcode="getelementptr(29) " fcode="getelementptr"/>
<opset="fc1_out_6_V_addr/2 "/>
</bind>
</comp>

<comp id="218" class="1004" name="grp_access_fu_218">
<pin_list>
<pin id="219" dir="0" index="0" bw="3" slack="0"/>
<pin id="220" dir="0" index="1" bw="16" slack="2147483647"/>
<pin id="221" dir="0" index="2" bw="0" slack="2147483647"/>
<pin id="222" dir="1" index="3" bw="16" slack="0"/>
</pin_list>
<bind>
<opcode="load(27) " fcode="load"/>
<opset="fc1_out_6_V_load/2 "/>
</bind>
</comp>

<comp id="224" class="1004" name="fc1_out_7_V_addr_gep_fu_224">
<pin_list>
<pin id="225" dir="0" index="0" bw="16" slack="0"/>
<pin id="226" dir="0" index="1" bw="1" slack="0"/>
<pin id="227" dir="0" index="2" bw="3" slack="0"/>
<pin id="228" dir="1" index="3" bw="3" slack="0"/>
</pin_list>
<bind>
<opcode="getelementptr(29) " fcode="getelementptr"/>
<opset="fc1_out_7_V_addr/2 "/>
</bind>
</comp>

<comp id="231" class="1004" name="grp_access_fu_231">
<pin_list>
<pin id="232" dir="0" index="0" bw="3" slack="0"/>
<pin id="233" dir="0" index="1" bw="16" slack="2147483647"/>
<pin id="234" dir="0" index="2" bw="0" slack="2147483647"/>
<pin id="235" dir="1" index="3" bw="16" slack="0"/>
</pin_list>
<bind>
<opcode="load(27) " fcode="load"/>
<opset="fc1_out_7_V_load/2 "/>
</bind>
</comp>

<comp id="237" class="1004" name="fc1_out_8_V_addr_gep_fu_237">
<pin_list>
<pin id="238" dir="0" index="0" bw="16" slack="0"/>
<pin id="239" dir="0" index="1" bw="1" slack="0"/>
<pin id="240" dir="0" index="2" bw="3" slack="0"/>
<pin id="241" dir="1" index="3" bw="3" slack="0"/>
</pin_list>
<bind>
<opcode="getelementptr(29) " fcode="getelementptr"/>
<opset="fc1_out_8_V_addr/2 "/>
</bind>
</comp>

<comp id="244" class="1004" name="grp_access_fu_244">
<pin_list>
<pin id="245" dir="0" index="0" bw="3" slack="0"/>
<pin id="246" dir="0" index="1" bw="16" slack="2147483647"/>
<pin id="247" dir="0" index="2" bw="0" slack="2147483647"/>
<pin id="248" dir="1" index="3" bw="16" slack="0"/>
</pin_list>
<bind>
<opcode="load(27) " fcode="load"/>
<opset="fc1_out_8_V_load/2 "/>
</bind>
</comp>

<comp id="250" class="1004" name="fc1_out_9_V_addr_gep_fu_250">
<pin_list>
<pin id="251" dir="0" index="0" bw="16" slack="0"/>
<pin id="252" dir="0" index="1" bw="1" slack="0"/>
<pin id="253" dir="0" index="2" bw="3" slack="0"/>
<pin id="254" dir="1" index="3" bw="3" slack="0"/>
</pin_list>
<bind>
<opcode="getelementptr(29) " fcode="getelementptr"/>
<opset="fc1_out_9_V_addr/2 "/>
</bind>
</comp>

<comp id="257" class="1004" name="grp_access_fu_257">
<pin_list>
<pin id="258" dir="0" index="0" bw="3" slack="0"/>
<pin id="259" dir="0" index="1" bw="16" slack="2147483647"/>
<pin id="260" dir="0" index="2" bw="0" slack="2147483647"/>
<pin id="261" dir="1" index="3" bw="16" slack="0"/>
</pin_list>
<bind>
<opcode="load(27) " fcode="load"/>
<opset="fc1_out_9_V_load/2 "/>
</bind>
</comp>

<comp id="263" class="1004" name="grp_access_fu_263">
<pin_list>
<pin id="264" dir="0" index="0" bw="7" slack="0"/>
<pin id="265" dir="0" index="1" bw="7" slack="2147483647"/>
<pin id="266" dir="0" index="2" bw="0" slack="2147483647"/>
<pin id="267" dir="1" index="3" bw="7" slack="0"/>
</pin_list>
<bind>
<opcode="load(27) " fcode="load"/>
<opset="Weight_fc2_V_0_load/2 Weight_fc2_V_0_load_1/3 "/>
</bind>
</comp>

<comp id="269" class="1004" name="grp_access_fu_269">
<pin_list>
<pin id="270" dir="0" index="0" bw="7" slack="0"/>
<pin id="271" dir="0" index="1" bw="7" slack="2147483647"/>
<pin id="272" dir="0" index="2" bw="0" slack="2147483647"/>
<pin id="273" dir="1" index="3" bw="7" slack="0"/>
</pin_list>
<bind>
<opcode="load(27) " fcode="load"/>
<opset="Weight_fc2_V_1_load/2 Weight_fc2_V_1_load_1/3 "/>
</bind>
</comp>

<comp id="275" class="1004" name="grp_access_fu_275">
<pin_list>
<pin id="276" dir="0" index="0" bw="7" slack="0"/>
<pin id="277" dir="0" index="1" bw="7" slack="2147483647"/>
<pin id="278" dir="0" index="2" bw="0" slack="2147483647"/>
<pin id="279" dir="1" index="3" bw="7" slack="1"/>
</pin_list>
<bind>
<opcode="load(27) " fcode="load"/>
<opset="Weight_fc2_V_2_load/2 Weight_fc2_V_2_load_1/3 "/>
</bind>
</comp>

<comp id="281" class="1004" name="Weight_fc2_V_0_addr_1_gep_fu_281">
<pin_list>
<pin id="282" dir="0" index="0" bw="7" slack="0"/>
<pin id="283" dir="0" index="1" bw="1" slack="0"/>
<pin id="284" dir="0" index="2" bw="7" slack="0"/>
<pin id="285" dir="1" index="3" bw="7" slack="0"/>
</pin_list>
<bind>
<opcode="getelementptr(29) " fcode="getelementptr"/>
<opset="Weight_fc2_V_0_addr_1/3 "/>
</bind>
</comp>

<comp id="288" class="1004" name="Weight_fc2_V_1_addr_1_gep_fu_288">
<pin_list>
<pin id="289" dir="0" index="0" bw="7" slack="0"/>
<pin id="290" dir="0" index="1" bw="1" slack="0"/>
<pin id="291" dir="0" index="2" bw="7" slack="0"/>
<pin id="292" dir="1" index="3" bw="7" slack="0"/>
</pin_list>
<bind>
<opcode="getelementptr(29) " fcode="getelementptr"/>
<opset="Weight_fc2_V_1_addr_1/3 "/>
</bind>
</comp>

<comp id="295" class="1004" name="Weight_fc2_V_2_addr_1_gep_fu_295">
<pin_list>
<pin id="296" dir="0" index="0" bw="7" slack="0"/>
<pin id="297" dir="0" index="1" bw="1" slack="0"/>
<pin id="298" dir="0" index="2" bw="7" slack="0"/>
<pin id="299" dir="1" index="3" bw="7" slack="0"/>
</pin_list>
<bind>
<opcode="getelementptr(29) " fcode="getelementptr"/>
<opset="Weight_fc2_V_2_addr_1/3 "/>
</bind>
</comp>

<comp id="302" class="1004" name="Weight_fc2_V_3_addr_1_gep_fu_302">
<pin_list>
<pin id="303" dir="0" index="0" bw="7" slack="0"/>
<pin id="304" dir="0" index="1" bw="1" slack="0"/>
<pin id="305" dir="0" index="2" bw="7" slack="0"/>
<pin id="306" dir="1" index="3" bw="7" slack="0"/>
</pin_list>
<bind>
<opcode="getelementptr(29) " fcode="getelementptr"/>
<opset="Weight_fc2_V_3_addr_1/3 "/>
</bind>
</comp>

<comp id="309" class="1004" name="Weight_fc2_V_4_addr_1_gep_fu_309">
<pin_list>
<pin id="310" dir="0" index="0" bw="7" slack="0"/>
<pin id="311" dir="0" index="1" bw="1" slack="0"/>
<pin id="312" dir="0" index="2" bw="7" slack="0"/>
<pin id="313" dir="1" index="3" bw="7" slack="0"/>
</pin_list>
<bind>
<opcode="getelementptr(29) " fcode="getelementptr"/>
<opset="Weight_fc2_V_4_addr_1/3 "/>
</bind>
</comp>

<comp id="319" class="1004" name="grp_access_fu_319">
<pin_list>
<pin id="320" dir="0" index="0" bw="7" slack="0"/>
<pin id="321" dir="0" index="1" bw="7" slack="2147483647"/>
<pin id="322" dir="0" index="2" bw="0" slack="2147483647"/>
<pin id="323" dir="1" index="3" bw="7" slack="0"/>
</pin_list>
<bind>
<opcode="load(27) " fcode="load"/>
<opset="Weight_fc2_V_3_load_1/3 Weight_fc2_V_3_load/4 "/>
</bind>
</comp>

<comp id="325" class="1004" name="grp_access_fu_325">
<pin_list>
<pin id="326" dir="0" index="0" bw="7" slack="0"/>
<pin id="327" dir="0" index="1" bw="7" slack="2147483647"/>
<pin id="328" dir="0" index="2" bw="0" slack="2147483647"/>
<pin id="329" dir="1" index="3" bw="7" slack="0"/>
</pin_list>
<bind>
<opcode="load(27) " fcode="load"/>
<opset="Weight_fc2_V_4_load_1/3 Weight_fc2_V_4_load/4 "/>
</bind>
</comp>

<comp id="331" class="1004" name="Weight_fc2_V_3_addr_gep_fu_331">
<pin_list>
<pin id="332" dir="0" index="0" bw="7" slack="0"/>
<pin id="333" dir="0" index="1" bw="1" slack="0"/>
<pin id="334" dir="0" index="2" bw="6" slack="2"/>
<pin id="335" dir="1" index="3" bw="7" slack="0"/>
</pin_list>
<bind>
<opcode="getelementptr(29) " fcode="getelementptr"/>
<opset="Weight_fc2_V_3_addr/4 "/>
</bind>
</comp>

<comp id="338" class="1004" name="Weight_fc2_V_4_addr_gep_fu_338">
<pin_list>
<pin id="339" dir="0" index="0" bw="7" slack="0"/>
<pin id="340" dir="0" index="1" bw="1" slack="0"/>
<pin id="341" dir="0" index="2" bw="6" slack="2"/>
<pin id="342" dir="1" index="3" bw="7" slack="0"/>
</pin_list>
<bind>
<opcode="getelementptr(29) " fcode="getelementptr"/>
<opset="Weight_fc2_V_4_addr/4 "/>
</bind>
</comp>

<comp id="347" class="1005" name="fc2_out_V_9_out_reg_347">
<pin_list>
<pin id="348" dir="0" index="0" bw="16" slack="1"/>
<pin id="349" dir="1" index="1" bw="16" slack="1"/>
</pin_list>
<bind>
<opset="fc2_out_V_9_out (phireg) "/>
</bind>
</comp>

<comp id="351" class="1004" name="fc2_out_V_9_out_phi_fu_351">
<pin_list>
<pin id="352" dir="0" index="0" bw="16" slack="1"/>
<pin id="353" dir="0" index="1" bw="0" slack="2147483647"/>
<pin id="354" dir="0" index="2" bw="1" slack="1"/>
<pin id="355" dir="0" index="3" bw="0" slack="2147483647"/>
<pin id="356" dir="1" index="4" bw="16" slack="1"/>
</pin_list>
<bind>
<opcode="phi(47) " fcode="phi"/>
<opset="fc2_out_V_9_out/2 "/>
</bind>
</comp>

<comp id="359" class="1005" name="fc2_out_V_8_out_reg_359">
<pin_list>
<pin id="360" dir="0" index="0" bw="16" slack="1"/>
<pin id="361" dir="1" index="1" bw="16" slack="1"/>
</pin_list>
<bind>
<opset="fc2_out_V_8_out (phireg) "/>
</bind>
</comp>

<comp id="363" class="1004" name="fc2_out_V_8_out_phi_fu_363">
<pin_list>
<pin id="364" dir="0" index="0" bw="16" slack="1"/>
<pin id="365" dir="0" index="1" bw="0" slack="2147483647"/>
<pin id="366" dir="0" index="2" bw="10" slack="1"/>
<pin id="367" dir="0" index="3" bw="0" slack="2147483647"/>
<pin id="368" dir="1" index="4" bw="16" slack="1"/>
</pin_list>
<bind>
<opcode="phi(47) " fcode="phi"/>
<opset="fc2_out_V_8_out/2 "/>
</bind>
</comp>

<comp id="371" class="1005" name="fc2_out_V_7_out_reg_371">
<pin_list>
<pin id="372" dir="0" index="0" bw="16" slack="1"/>
<pin id="373" dir="1" index="1" bw="16" slack="1"/>
</pin_list>
<bind>
<opset="fc2_out_V_7_out (phireg) "/>
</bind>
</comp>

<comp id="375" class="1004" name="fc2_out_V_7_out_phi_fu_375">
<pin_list>
<pin id="376" dir="0" index="0" bw="16" slack="1"/>
<pin id="377" dir="0" index="1" bw="0" slack="2147483647"/>
<pin id="378" dir="0" index="2" bw="9" slack="1"/>
<pin id="379" dir="0" index="3" bw="0" slack="2147483647"/>
<pin id="380" dir="1" index="4" bw="16" slack="1"/>
</pin_list>
<bind>
<opcode="phi(47) " fcode="phi"/>
<opset="fc2_out_V_7_out/2 "/>
</bind>
</comp>

<comp id="383" class="1005" name="fc2_out_V_6_out_reg_383">
<pin_list>
<pin id="384" dir="0" index="0" bw="16" slack="1"/>
<pin id="385" dir="1" index="1" bw="16" slack="1"/>
</pin_list>
<bind>
<opset="fc2_out_V_6_out (phireg) "/>
</bind>
</comp>

<comp id="387" class="1004" name="fc2_out_V_6_out_phi_fu_387">
<pin_list>
<pin id="388" dir="0" index="0" bw="16" slack="1"/>
<pin id="389" dir="0" index="1" bw="0" slack="2147483647"/>
<pin id="390" dir="0" index="2" bw="11" slack="1"/>
<pin id="391" dir="0" index="3" bw="0" slack="2147483647"/>
<pin id="392" dir="1" index="4" bw="16" slack="1"/>
</pin_list>
<bind>
<opcode="phi(47) " fcode="phi"/>
<opset="fc2_out_V_6_out/2 "/>
</bind>
</comp>

<comp id="395" class="1005" name="fc2_out_V_5_out_reg_395">
<pin_list>
<pin id="396" dir="0" index="0" bw="16" slack="1"/>
<pin id="397" dir="1" index="1" bw="16" slack="1"/>
</pin_list>
<bind>
<opset="fc2_out_V_5_out (phireg) "/>
</bind>
</comp>

<comp id="399" class="1004" name="fc2_out_V_5_out_phi_fu_399">
<pin_list>
<pin id="400" dir="0" index="0" bw="16" slack="1"/>
<pin id="401" dir="0" index="1" bw="0" slack="2147483647"/>
<pin id="402" dir="0" index="2" bw="8" slack="1"/>
<pin id="403" dir="0" index="3" bw="0" slack="2147483647"/>
<pin id="404" dir="1" index="4" bw="16" slack="1"/>
</pin_list>
<bind>
<opcode="phi(47) " fcode="phi"/>
<opset="fc2_out_V_5_out/2 "/>
</bind>
</comp>

<comp id="407" class="1005" name="fc2_out_V_4_out_reg_407">
<pin_list>
<pin id="408" dir="0" index="0" bw="16" slack="1"/>
<pin id="409" dir="1" index="1" bw="16" slack="1"/>
</pin_list>
<bind>
<opset="fc2_out_V_4_out (phireg) "/>
</bind>
</comp>

<comp id="411" class="1004" name="fc2_out_V_4_out_phi_fu_411">
<pin_list>
<pin id="412" dir="0" index="0" bw="16" slack="1"/>
<pin id="413" dir="0" index="1" bw="0" slack="2147483647"/>
<pin id="414" dir="0" index="2" bw="10" slack="1"/>
<pin id="415" dir="0" index="3" bw="0" slack="2147483647"/>
<pin id="416" dir="1" index="4" bw="16" slack="1"/>
</pin_list>
<bind>
<opcode="phi(47) " fcode="phi"/>
<opset="fc2_out_V_4_out/2 "/>
</bind>
</comp>

<comp id="419" class="1005" name="fc2_out_V_3_out_reg_419">
<pin_list>
<pin id="420" dir="0" index="0" bw="16" slack="1"/>
<pin id="421" dir="1" index="1" bw="16" slack="1"/>
</pin_list>
<bind>
<opset="fc2_out_V_3_out (phireg) "/>
</bind>
</comp>

<comp id="423" class="1004" name="fc2_out_V_3_out_phi_fu_423">
<pin_list>
<pin id="424" dir="0" index="0" bw="16" slack="1"/>
<pin id="425" dir="0" index="1" bw="0" slack="2147483647"/>
<pin id="426" dir="0" index="2" bw="9" slack="1"/>
<pin id="427" dir="0" index="3" bw="0" slack="2147483647"/>
<pin id="428" dir="1" index="4" bw="16" slack="1"/>
</pin_list>
<bind>
<opcode="phi(47) " fcode="phi"/>
<opset="fc2_out_V_3_out/2 "/>
</bind>
</comp>

<comp id="431" class="1005" name="fc2_out_V_2_out_reg_431">
<pin_list>
<pin id="432" dir="0" index="0" bw="16" slack="1"/>
<pin id="433" dir="1" index="1" bw="16" slack="1"/>
</pin_list>
<bind>
<opset="fc2_out_V_2_out (phireg) "/>
</bind>
</comp>

<comp id="435" class="1004" name="fc2_out_V_2_out_phi_fu_435">
<pin_list>
<pin id="436" dir="0" index="0" bw="16" slack="1"/>
<pin id="437" dir="0" index="1" bw="0" slack="2147483647"/>
<pin id="438" dir="0" index="2" bw="10" slack="1"/>
<pin id="439" dir="0" index="3" bw="0" slack="2147483647"/>
<pin id="440" dir="1" index="4" bw="16" slack="1"/>
</pin_list>
<bind>
<opcode="phi(47) " fcode="phi"/>
<opset="fc2_out_V_2_out/2 "/>
</bind>
</comp>

<comp id="443" class="1005" name="fc2_out_V_1_out_reg_443">
<pin_list>
<pin id="444" dir="0" index="0" bw="16" slack="1"/>
<pin id="445" dir="1" index="1" bw="16" slack="1"/>
</pin_list>
<bind>
<opset="fc2_out_V_1_out (phireg) "/>
</bind>
</comp>

<comp id="447" class="1004" name="fc2_out_V_1_out_phi_fu_447">
<pin_list>
<pin id="448" dir="0" index="0" bw="16" slack="1"/>
<pin id="449" dir="0" index="1" bw="0" slack="2147483647"/>
<pin id="450" dir="0" index="2" bw="9" slack="1"/>
<pin id="451" dir="0" index="3" bw="0" slack="2147483647"/>
<pin id="452" dir="1" index="4" bw="16" slack="1"/>
</pin_list>
<bind>
<opcode="phi(47) " fcode="phi"/>
<opset="fc2_out_V_1_out/2 "/>
</bind>
</comp>

<comp id="455" class="1005" name="fc2_out_V_0_out_reg_455">
<pin_list>
<pin id="456" dir="0" index="0" bw="16" slack="1"/>
<pin id="457" dir="1" index="1" bw="16" slack="1"/>
</pin_list>
<bind>
<opset="fc2_out_V_0_out (phireg) "/>
</bind>
</comp>

<comp id="459" class="1004" name="fc2_out_V_0_out_phi_fu_459">
<pin_list>
<pin id="460" dir="0" index="0" bw="16" slack="1"/>
<pin id="461" dir="0" index="1" bw="0" slack="2147483647"/>
<pin id="462" dir="0" index="2" bw="7" slack="1"/>
<pin id="463" dir="0" index="3" bw="0" slack="2147483647"/>
<pin id="464" dir="1" index="4" bw="16" slack="1"/>
</pin_list>
<bind>
<opcode="phi(47) " fcode="phi"/>
<opset="fc2_out_V_0_out/2 "/>
</bind>
</comp>

<comp id="467" class="1005" name="j8_reg_467">
<pin_list>
<pin id="468" dir="0" index="0" bw="6" slack="1"/>
<pin id="469" dir="1" index="1" bw="6" slack="1"/>
</pin_list>
<bind>
<opset="j8 (phireg) "/>
</bind>
</comp>

<comp id="471" class="1004" name="j8_phi_fu_471">
<pin_list>
<pin id="472" dir="0" index="0" bw="6" slack="0"/>
<pin id="473" dir="0" index="1" bw="0" slack="2147483647"/>
<pin id="474" dir="0" index="2" bw="1" slack="1"/>
<pin id="475" dir="0" index="3" bw="0" slack="2147483647"/>
<pin id="476" dir="1" index="4" bw="6" slack="0"/>
</pin_list>
<bind>
<opcode="phi(47) " fcode="phi"/>
<opset="j8/2 "/>
</bind>
</comp>

<comp id="478" class="1005" name="phi_mul_reg_478">
<pin_list>
<pin id="479" dir="0" index="0" bw="13" slack="1"/>
<pin id="480" dir="1" index="1" bw="13" slack="1"/>
</pin_list>
<bind>
<opset="phi_mul (phireg) "/>
</bind>
</comp>

<comp id="482" class="1004" name="phi_mul_phi_fu_482">
<pin_list>
<pin id="483" dir="0" index="0" bw="13" slack="1"/>
<pin id="484" dir="0" index="1" bw="0" slack="2147483647"/>
<pin id="485" dir="0" index="2" bw="1" slack="1"/>
<pin id="486" dir="0" index="3" bw="0" slack="2147483647"/>
<pin id="487" dir="1" index="4" bw="13" slack="0"/>
</pin_list>
<bind>
<opcode="phi(47) " fcode="phi"/>
<opset="phi_mul/2 "/>
</bind>
</comp>

<comp id="490" class="1005" name="phi_urem_reg_490">
<pin_list>
<pin id="491" dir="0" index="0" bw="6" slack="1"/>
<pin id="492" dir="1" index="1" bw="6" slack="1"/>
</pin_list>
<bind>
<opset="phi_urem (phireg) "/>
</bind>
</comp>

<comp id="494" class="1004" name="phi_urem_phi_fu_494">
<pin_list>
<pin id="495" dir="0" index="0" bw="6" slack="1"/>
<pin id="496" dir="0" index="1" bw="0" slack="2147483647"/>
<pin id="497" dir="0" index="2" bw="1" slack="1"/>
<pin id="498" dir="0" index="3" bw="0" slack="2147483647"/>
<pin id="499" dir="1" index="4" bw="6" slack="1"/>
</pin_list>
<bind>
<opcode="phi(47) " fcode="phi"/>
<opset="phi_urem/2 "/>
</bind>
</comp>

<comp id="502" class="1005" name="reg_502">
<pin_list>
<pin id="503" dir="0" index="0" bw="7" slack="1"/>
<pin id="504" dir="1" index="1" bw="7" slack="1"/>
</pin_list>
<bind>
<opset="Weight_fc2_V_2_load Weight_fc2_V_2_load_1 "/>
</bind>
</comp>

<comp id="506" class="1004" name="exitcond5_fu_506">
<pin_list>
<pin id="507" dir="0" index="0" bw="6" slack="0"/>
<pin id="508" dir="0" index="1" bw="5" slack="0"/>
<pin id="509" dir="1" index="2" bw="1" slack="1"/>
</pin_list>
<bind>
<opcode="icmp(45) " fcode="icmp"/>
<opset="exitcond5/2 "/>
</bind>
</comp>

<comp id="512" class="1004" name="j_fu_512">
<pin_list>
<pin id="513" dir="0" index="0" bw="6" slack="0"/>
<pin id="514" dir="0" index="1" bw="1" slack="0"/>
<pin id="515" dir="1" index="2" bw="6" slack="0"/>
</pin_list>
<bind>
<opcode="add(8) " fcode="add"/>
<opset="j/2 "/>
</bind>
</comp>

<comp id="518" class="1004" name="tmp_16_fu_518">
<pin_list>
<pin id="519" dir="0" index="0" bw="6" slack="0"/>
<pin id="520" dir="1" index="1" bw="64" slack="0"/>
</pin_list>
<bind>
<opcode="zext(34) " fcode="zext"/>
<opset="tmp_16/2 "/>
</bind>
</comp>

<comp id="525" class="1004" name="tmp_16_cast_fu_525">
<pin_list>
<pin id="526" dir="0" index="0" bw="6" slack="0"/>
<pin id="527" dir="1" index="1" bw="7" slack="0"/>
</pin_list>
<bind>
<opcode="zext(34) " fcode="zext"/>
<opset="tmp_16_cast/2 "/>
</bind>
</comp>

<comp id="529" class="1004" name="tmp_fu_529">
<pin_list>
<pin id="530" dir="0" index="0" bw="7" slack="0"/>
<pin id="531" dir="0" index="1" bw="6" slack="0"/>
<pin id="532" dir="1" index="2" bw="7" slack="1"/>
</pin_list>
<bind>
<opcode="add(8) " fcode="add"/>
<opset="tmp/2 "/>
</bind>
</comp>

<comp id="535" class="1004" name="tmp_117_fu_535">
<pin_list>
<pin id="536" dir="0" index="0" bw="3" slack="0"/>
<pin id="537" dir="0" index="1" bw="13" slack="0"/>
<pin id="538" dir="0" index="2" bw="5" slack="0"/>
<pin id="539" dir="0" index="3" bw="5" slack="0"/>
<pin id="540" dir="1" index="4" bw="3" slack="0"/>
</pin_list>
<bind>
<opcode="partselect(1002) " fcode="partselect"/>
<opset="tmp_117/2 "/>
</bind>
</comp>

<comp id="545" class="1004" name="newIndex5_fu_545">
<pin_list>
<pin id="546" dir="0" index="0" bw="3" slack="0"/>
<pin id="547" dir="1" index="1" bw="64" slack="0"/>
</pin_list>
<bind>
<opcode="zext(34) " fcode="zext"/>
<opset="newIndex5/2 "/>
</bind>
</comp>

<comp id="559" class="1004" name="next_urem_fu_559">
<pin_list>
<pin id="560" dir="0" index="0" bw="1" slack="0"/>
<pin id="561" dir="0" index="1" bw="6" slack="1"/>
<pin id="562" dir="1" index="2" bw="6" slack="1"/>
</pin_list>
<bind>
<opcode="add(8) " fcode="add"/>
<opset="next_urem/3 "/>
</bind>
</comp>

<comp id="565" class="1004" name="tmp_cast_fu_565">
<pin_list>
<pin id="566" dir="0" index="0" bw="7" slack="1"/>
<pin id="567" dir="1" index="1" bw="64" slack="0"/>
</pin_list>
<bind>
<opcode="zext(34) " fcode="zext"/>
<opset="tmp_cast/3 "/>
</bind>
</comp>

<comp id="573" class="1004" name="arrayNo_cast_fu_573">
<pin_list>
<pin id="574" dir="0" index="0" bw="6" slack="1"/>
<pin id="575" dir="1" index="1" bw="32" slack="0"/>
</pin_list>
<bind>
<opcode="zext(34) " fcode="zext"/>
<opset="arrayNo_cast/3 "/>
</bind>
</comp>

<comp id="577" class="1004" name="next_mul_fu_577">
<pin_list>
<pin id="578" dir="0" index="0" bw="8" slack="0"/>
<pin id="579" dir="0" index="1" bw="13" slack="1"/>
<pin id="580" dir="1" index="2" bw="13" slack="1"/>
</pin_list>
<bind>
<opcode="add(8) " fcode="add"/>
<opset="next_mul/3 "/>
</bind>
</comp>

<comp id="583" class="1004" name="fc1_V_fu_583">
<pin_list>
<pin id="584" dir="0" index="0" bw="16" slack="0"/>
<pin id="585" dir="0" index="1" bw="16" slack="0"/>
<pin id="586" dir="0" index="2" bw="16" slack="0"/>
<pin id="587" dir="0" index="3" bw="16" slack="0"/>
<pin id="588" dir="0" index="4" bw="16" slack="0"/>
<pin id="589" dir="0" index="5" bw="16" slack="0"/>
<pin id="590" dir="0" index="6" bw="16" slack="0"/>
<pin id="591" dir="0" index="7" bw="16" slack="0"/>
<pin id="592" dir="0" index="8" bw="16" slack="0"/>
<pin id="593" dir="0" index="9" bw="16" slack="0"/>
<pin id="594" dir="0" index="10" bw="16" slack="0"/>
<pin id="595" dir="0" index="11" bw="6" slack="0"/>
<pin id="596" dir="1" index="12" bw="16" slack="0"/>
</pin_list>
<bind>
<opcode="mux(1196) " fcode="mux"/>
<opset="fc1_V/3 "/>
</bind>
</comp>

<comp id="609" class="1004" name="tmp_17_fu_609">
<pin_list>
<pin id="610" dir="0" index="0" bw="16" slack="0"/>
<pin id="611" dir="0" index="1" bw="1" slack="0"/>
<pin id="612" dir="1" index="2" bw="1" slack="0"/>
</pin_list>
<bind>
<opcode="icmp(45) " fcode="icmp"/>
<opset="tmp_17/3 "/>
</bind>
</comp>

<comp id="615" class="1004" name="tmp_118_fu_615">
<pin_list>
<pin id="616" dir="0" index="0" bw="16" slack="0"/>
<pin id="617" dir="1" index="1" bw="15" slack="0"/>
</pin_list>
<bind>
<opcode="trunc(33) " fcode="trunc"/>
<opset="tmp_118/3 "/>
</bind>
</comp>

<comp id="619" class="1004" name="tmp_119_fu_619">
<pin_list>
<pin id="620" dir="0" index="0" bw="1" slack="0"/>
<pin id="621" dir="0" index="1" bw="15" slack="0"/>
<pin id="622" dir="0" index="2" bw="1" slack="0"/>
<pin id="623" dir="1" index="3" bw="15" slack="1"/>
</pin_list>
<bind>
<opcode="select(49) " fcode="select"/>
<opset="tmp_119/3 "/>
</bind>
</comp>

<comp id="627" class="1004" name="lhs_V_3_fu_627">
<pin_list>
<pin id="628" dir="0" index="0" bw="23" slack="0"/>
<pin id="629" dir="0" index="1" bw="16" slack="1"/>
<pin id="630" dir="0" index="2" bw="1" slack="0"/>
<pin id="631" dir="1" index="3" bw="23" slack="1"/>
</pin_list>
<bind>
<opcode="bitconcatenate(1004) " fcode="bitconcatenate"/>
<opset="lhs_V_3/3 "/>
</bind>
</comp>

<comp id="635" class="1004" name="lhs_V_3_1_fu_635">
<pin_list>
<pin id="636" dir="0" index="0" bw="23" slack="0"/>
<pin id="637" dir="0" index="1" bw="16" slack="1"/>
<pin id="638" dir="0" index="2" bw="1" slack="0"/>
<pin id="639" dir="1" index="3" bw="23" slack="1"/>
</pin_list>
<bind>
<opcode="bitconcatenate(1004) " fcode="bitconcatenate"/>
<opset="lhs_V_3_1/3 "/>
</bind>
</comp>

<comp id="643" class="1004" name="lhs_V_3_2_fu_643">
<pin_list>
<pin id="644" dir="0" index="0" bw="23" slack="0"/>
<pin id="645" dir="0" index="1" bw="16" slack="1"/>
<pin id="646" dir="0" index="2" bw="1" slack="0"/>
<pin id="647" dir="1" index="3" bw="23" slack="1"/>
</pin_list>
<bind>
<opcode="bitconcatenate(1004) " fcode="bitconcatenate"/>
<opset="lhs_V_3_2/3 "/>
</bind>
</comp>

<comp id="651" class="1004" name="lhs_V_3_3_fu_651">
<pin_list>
<pin id="652" dir="0" index="0" bw="23" slack="0"/>
<pin id="653" dir="0" index="1" bw="16" slack="1"/>
<pin id="654" dir="0" index="2" bw="1" slack="0"/>
<pin id="655" dir="1" index="3" bw="23" slack="1"/>
</pin_list>
<bind>
<opcode="bitconcatenate(1004) " fcode="bitconcatenate"/>
<opset="lhs_V_3_3/3 "/>
</bind>
</comp>

<comp id="659" class="1004" name="lhs_V_3_4_fu_659">
<pin_list>
<pin id="660" dir="0" index="0" bw="23" slack="0"/>
<pin id="661" dir="0" index="1" bw="16" slack="1"/>
<pin id="662" dir="0" index="2" bw="1" slack="0"/>
<pin id="663" dir="1" index="3" bw="23" slack="1"/>
</pin_list>
<bind>
<opcode="bitconcatenate(1004) " fcode="bitconcatenate"/>
<opset="lhs_V_3_4/3 "/>
</bind>
</comp>

<comp id="667" class="1004" name="tmp_116_fu_667">
<pin_list>
<pin id="668" dir="0" index="0" bw="6" slack="1"/>
<pin id="669" dir="0" index="1" bw="5" slack="0"/>
<pin id="670" dir="1" index="2" bw="1" slack="0"/>
</pin_list>
<bind>
<opcode="icmp(45) " fcode="icmp"/>
<opset="tmp_116/4 "/>
</bind>
</comp>

<comp id="672" class="1004" name="idx_urem_fu_672">
<pin_list>
<pin id="673" dir="0" index="0" bw="1" slack="0"/>
<pin id="674" dir="0" index="1" bw="6" slack="1"/>
<pin id="675" dir="0" index="2" bw="1" slack="0"/>
<pin id="676" dir="1" index="3" bw="6" slack="1"/>
</pin_list>
<bind>
<opcode="select(49) " fcode="select"/>
<opset="idx_urem/4 "/>
</bind>
</comp>

<comp id="679" class="1004" name="tmp_18_cast_cast_fu_679">
<pin_list>
<pin id="680" dir="0" index="0" bw="15" slack="1"/>
<pin id="681" dir="1" index="1" bw="22" slack="0"/>
</pin_list>
<bind>
<opcode="zext(34) " fcode="zext"/>
<opset="tmp_18_cast_cast/4 "/>
</bind>
</comp>

<comp id="682" class="1004" name="r_V_6_cast_cast_fu_682">
<pin_list>
<pin id="683" dir="0" index="0" bw="7" slack="1"/>
<pin id="684" dir="1" index="1" bw="22" slack="0"/>
</pin_list>
<bind>
<opcode="sext(35) " fcode="sext"/>
<opset="r_V_6_cast_cast/4 "/>
</bind>
</comp>

<comp id="685" class="1004" name="fc2_out_0_V_fu_685">
<pin_list>
<pin id="686" dir="0" index="0" bw="16" slack="0"/>
<pin id="687" dir="0" index="1" bw="23" slack="0"/>
<pin id="688" dir="0" index="2" bw="4" slack="0"/>
<pin id="689" dir="0" index="3" bw="6" slack="0"/>
<pin id="690" dir="1" index="4" bw="16" slack="1"/>
</pin_list>
<bind>
<opcode="partselect(1002) " fcode="partselect"/>
<opset="fc2_out_0_V/4 "/>
</bind>
</comp>

<comp id="694" class="1004" name="r_V_6_1_cast_cast_fu_694">
<pin_list>
<pin id="695" dir="0" index="0" bw="7" slack="0"/>
<pin id="696" dir="1" index="1" bw="22" slack="0"/>
</pin_list>
<bind>
<opcode="sext(35) " fcode="sext"/>
<opset="r_V_6_1_cast_cast/4 "/>
</bind>
</comp>

<comp id="698" class="1004" name="fc2_out_1_V_fu_698">
<pin_list>
<pin id="699" dir="0" index="0" bw="16" slack="0"/>
<pin id="700" dir="0" index="1" bw="23" slack="0"/>
<pin id="701" dir="0" index="2" bw="4" slack="0"/>
<pin id="702" dir="0" index="3" bw="6" slack="0"/>
<pin id="703" dir="1" index="4" bw="16" slack="1"/>
</pin_list>
<bind>
<opcode="partselect(1002) " fcode="partselect"/>
<opset="fc2_out_1_V/4 "/>
</bind>
</comp>

<comp id="707" class="1004" name="r_V_6_2_cast_cast_fu_707">
<pin_list>
<pin id="708" dir="0" index="0" bw="7" slack="1"/>
<pin id="709" dir="1" index="1" bw="22" slack="0"/>
</pin_list>
<bind>
<opcode="sext(35) " fcode="sext"/>
<opset="r_V_6_2_cast_cast/4 "/>
</bind>
</comp>

<comp id="710" class="1004" name="fc2_out_2_V_fu_710">
<pin_list>
<pin id="711" dir="0" index="0" bw="16" slack="0"/>
<pin id="712" dir="0" index="1" bw="23" slack="0"/>
<pin id="713" dir="0" index="2" bw="4" slack="0"/>
<pin id="714" dir="0" index="3" bw="6" slack="0"/>
<pin id="715" dir="1" index="4" bw="16" slack="1"/>
</pin_list>
<bind>
<opcode="partselect(1002) " fcode="partselect"/>
<opset="fc2_out_2_V/4 "/>
</bind>
</comp>

<comp id="719" class="1004" name="r_V_6_3_cast_cast_fu_719">
<pin_list>
<pin id="720" dir="0" index="0" bw="7" slack="0"/>
<pin id="721" dir="1" index="1" bw="22" slack="0"/>
</pin_list>
<bind>
<opcode="sext(35) " fcode="sext"/>
<opset="r_V_6_3_cast_cast/4 "/>
</bind>
</comp>

<comp id="723" class="1004" name="fc2_out_3_V_fu_723">
<pin_list>
<pin id="724" dir="0" index="0" bw="16" slack="0"/>
<pin id="725" dir="0" index="1" bw="23" slack="0"/>
<pin id="726" dir="0" index="2" bw="4" slack="0"/>
<pin id="727" dir="0" index="3" bw="6" slack="0"/>
<pin id="728" dir="1" index="4" bw="16" slack="1"/>
</pin_list>
<bind>
<opcode="partselect(1002) " fcode="partselect"/>
<opset="fc2_out_3_V/4 "/>
</bind>
</comp>

<comp id="732" class="1004" name="r_V_6_4_cast_cast_fu_732">
<pin_list>
<pin id="733" dir="0" index="0" bw="7" slack="1"/>
<pin id="734" dir="1" index="1" bw="22" slack="0"/>
</pin_list>
<bind>
<opcode="sext(35) " fcode="sext"/>
<opset="r_V_6_4_cast_cast/4 "/>
</bind>
</comp>

<comp id="736" class="1004" name="fc2_out_4_V_fu_736">
<pin_list>
<pin id="737" dir="0" index="0" bw="16" slack="0"/>
<pin id="738" dir="0" index="1" bw="23" slack="0"/>
<pin id="739" dir="0" index="2" bw="4" slack="0"/>
<pin id="740" dir="0" index="3" bw="6" slack="0"/>
<pin id="741" dir="1" index="4" bw="16" slack="1"/>
</pin_list>
<bind>
<opcode="partselect(1002) " fcode="partselect"/>
<opset="fc2_out_4_V/4 "/>
</bind>
</comp>

<comp id="745" class="1004" name="lhs_V_3_5_fu_745">
<pin_list>
<pin id="746" dir="0" index="0" bw="23" slack="0"/>
<pin id="747" dir="0" index="1" bw="16" slack="2"/>
<pin id="748" dir="0" index="2" bw="1" slack="0"/>
<pin id="749" dir="1" index="3" bw="23" slack="1"/>
</pin_list>
<bind>
<opcode="bitconcatenate(1004) " fcode="bitconcatenate"/>
<opset="lhs_V_3_5/4 "/>
</bind>
</comp>

<comp id="753" class="1004" name="lhs_V_3_6_fu_753">
<pin_list>
<pin id="754" dir="0" index="0" bw="23" slack="0"/>
<pin id="755" dir="0" index="1" bw="16" slack="2"/>
<pin id="756" dir="0" index="2" bw="1" slack="0"/>
<pin id="757" dir="1" index="3" bw="23" slack="1"/>
</pin_list>
<bind>
<opcode="bitconcatenate(1004) " fcode="bitconcatenate"/>
<opset="lhs_V_3_6/4 "/>
</bind>
</comp>

<comp id="761" class="1004" name="lhs_V_3_7_fu_761">
<pin_list>
<pin id="762" dir="0" index="0" bw="23" slack="0"/>
<pin id="763" dir="0" index="1" bw="16" slack="2"/>
<pin id="764" dir="0" index="2" bw="1" slack="0"/>
<pin id="765" dir="1" index="3" bw="23" slack="1"/>
</pin_list>
<bind>
<opcode="bitconcatenate(1004) " fcode="bitconcatenate"/>
<opset="lhs_V_3_7/4 "/>
</bind>
</comp>

<comp id="769" class="1004" name="lhs_V_3_8_fu_769">
<pin_list>
<pin id="770" dir="0" index="0" bw="23" slack="0"/>
<pin id="771" dir="0" index="1" bw="16" slack="2"/>
<pin id="772" dir="0" index="2" bw="1" slack="0"/>
<pin id="773" dir="1" index="3" bw="23" slack="1"/>
</pin_list>
<bind>
<opcode="bitconcatenate(1004) " fcode="bitconcatenate"/>
<opset="lhs_V_3_8/4 "/>
</bind>
</comp>

<comp id="777" class="1004" name="lhs_V_3_9_fu_777">
<pin_list>
<pin id="778" dir="0" index="0" bw="23" slack="0"/>
<pin id="779" dir="0" index="1" bw="16" slack="2"/>
<pin id="780" dir="0" index="2" bw="1" slack="0"/>
<pin id="781" dir="1" index="3" bw="23" slack="1"/>
</pin_list>
<bind>
<opcode="bitconcatenate(1004) " fcode="bitconcatenate"/>
<opset="lhs_V_3_9/4 "/>
</bind>
</comp>

<comp id="785" class="1004" name="r_V_6_5_cast_cast_fu_785">
<pin_list>
<pin id="786" dir="0" index="0" bw="7" slack="1"/>
<pin id="787" dir="1" index="1" bw="22" slack="0"/>
</pin_list>
<bind>
<opcode="sext(35) " fcode="sext"/>
<opset="r_V_6_5_cast_cast/5 "/>
</bind>
</comp>

<comp id="789" class="1004" name="fc2_out_5_V_fu_789">
<pin_list>
<pin id="790" dir="0" index="0" bw="16" slack="0"/>
<pin id="791" dir="0" index="1" bw="23" slack="0"/>
<pin id="792" dir="0" index="2" bw="4" slack="0"/>
<pin id="793" dir="0" index="3" bw="6" slack="0"/>
<pin id="794" dir="1" index="4" bw="16" slack="1"/>
</pin_list>
<bind>
<opcode="partselect(1002) " fcode="partselect"/>
<opset="fc2_out_5_V/5 "/>
</bind>
</comp>

<comp id="798" class="1004" name="r_V_6_6_cast_cast_fu_798">
<pin_list>
<pin id="799" dir="0" index="0" bw="7" slack="0"/>
<pin id="800" dir="1" index="1" bw="22" slack="0"/>
</pin_list>
<bind>
<opcode="sext(35) " fcode="sext"/>
<opset="r_V_6_6_cast_cast/5 "/>
</bind>
</comp>

<comp id="802" class="1004" name="fc2_out_6_V_fu_802">
<pin_list>
<pin id="803" dir="0" index="0" bw="16" slack="0"/>
<pin id="804" dir="0" index="1" bw="23" slack="0"/>
<pin id="805" dir="0" index="2" bw="4" slack="0"/>
<pin id="806" dir="0" index="3" bw="6" slack="0"/>
<pin id="807" dir="1" index="4" bw="16" slack="1"/>
</pin_list>
<bind>
<opcode="partselect(1002) " fcode="partselect"/>
<opset="fc2_out_6_V/5 "/>
</bind>
</comp>

<comp id="811" class="1004" name="r_V_6_7_cast_cast_fu_811">
<pin_list>
<pin id="812" dir="0" index="0" bw="7" slack="1"/>
<pin id="813" dir="1" index="1" bw="22" slack="0"/>
</pin_list>
<bind>
<opcode="sext(35) " fcode="sext"/>
<opset="r_V_6_7_cast_cast/5 "/>
</bind>
</comp>

<comp id="814" class="1004" name="fc2_out_7_V_fu_814">
<pin_list>
<pin id="815" dir="0" index="0" bw="16" slack="0"/>
<pin id="816" dir="0" index="1" bw="23" slack="0"/>
<pin id="817" dir="0" index="2" bw="4" slack="0"/>
<pin id="818" dir="0" index="3" bw="6" slack="0"/>
<pin id="819" dir="1" index="4" bw="16" slack="1"/>
</pin_list>
<bind>
<opcode="partselect(1002) " fcode="partselect"/>
<opset="fc2_out_7_V/5 "/>
</bind>
</comp>

<comp id="823" class="1004" name="r_V_6_8_cast_cast_fu_823">
<pin_list>
<pin id="824" dir="0" index="0" bw="7" slack="0"/>
<pin id="825" dir="1" index="1" bw="22" slack="0"/>
</pin_list>
<bind>
<opcode="sext(35) " fcode="sext"/>
<opset="r_V_6_8_cast_cast/5 "/>
</bind>
</comp>

<comp id="827" class="1004" name="fc2_out_8_V_fu_827">
<pin_list>
<pin id="828" dir="0" index="0" bw="16" slack="0"/>
<pin id="829" dir="0" index="1" bw="23" slack="0"/>
<pin id="830" dir="0" index="2" bw="4" slack="0"/>
<pin id="831" dir="0" index="3" bw="6" slack="0"/>
<pin id="832" dir="1" index="4" bw="16" slack="1"/>
</pin_list>
<bind>
<opcode="partselect(1002) " fcode="partselect"/>
<opset="fc2_out_8_V/5 "/>
</bind>
</comp>

<comp id="836" class="1004" name="r_V_6_9_cast_cast_fu_836">
<pin_list>
<pin id="837" dir="0" index="0" bw="7" slack="1"/>
<pin id="838" dir="1" index="1" bw="22" slack="0"/>
</pin_list>
<bind>
<opcode="sext(35) " fcode="sext"/>
<opset="r_V_6_9_cast_cast/5 "/>
</bind>
</comp>

<comp id="839" class="1004" name="fc2_out_9_V_fu_839">
<pin_list>
<pin id="840" dir="0" index="0" bw="16" slack="0"/>
<pin id="841" dir="0" index="1" bw="23" slack="0"/>
<pin id="842" dir="0" index="2" bw="4" slack="0"/>
<pin id="843" dir="0" index="3" bw="6" slack="0"/>
<pin id="844" dir="1" index="4" bw="16" slack="1"/>
</pin_list>
<bind>
<opcode="partselect(1002) " fcode="partselect"/>
<opset="fc2_out_9_V/5 "/>
</bind>
</comp>

<comp id="848" class="1004" name="mrv_fu_848">
<pin_list>
<pin id="849" dir="0" index="0" bw="160" slack="0"/>
<pin id="850" dir="0" index="1" bw="16" slack="1"/>
<pin id="851" dir="1" index="2" bw="160" slack="0"/>
</pin_list>
<bind>
<opcode="insertvalue(57) " fcode="insertvalue"/>
<opset="mrv/6 "/>
</bind>
</comp>

<comp id="854" class="1004" name="mrv_1_fu_854">
<pin_list>
<pin id="855" dir="0" index="0" bw="160" slack="0"/>
<pin id="856" dir="0" index="1" bw="16" slack="1"/>
<pin id="857" dir="1" index="2" bw="160" slack="0"/>
</pin_list>
<bind>
<opcode="insertvalue(57) " fcode="insertvalue"/>
<opset="mrv_1/6 "/>
</bind>
</comp>

<comp id="860" class="1004" name="mrv_2_fu_860">
<pin_list>
<pin id="861" dir="0" index="0" bw="160" slack="0"/>
<pin id="862" dir="0" index="1" bw="16" slack="1"/>
<pin id="863" dir="1" index="2" bw="160" slack="0"/>
</pin_list>
<bind>
<opcode="insertvalue(57) " fcode="insertvalue"/>
<opset="mrv_2/6 "/>
</bind>
</comp>

<comp id="866" class="1004" name="mrv_3_fu_866">
<pin_list>
<pin id="867" dir="0" index="0" bw="160" slack="0"/>
<pin id="868" dir="0" index="1" bw="16" slack="1"/>
<pin id="869" dir="1" index="2" bw="160" slack="0"/>
</pin_list>
<bind>
<opcode="insertvalue(57) " fcode="insertvalue"/>
<opset="mrv_3/6 "/>
</bind>
</comp>

<comp id="872" class="1004" name="mrv_4_fu_872">
<pin_list>
<pin id="873" dir="0" index="0" bw="160" slack="0"/>
<pin id="874" dir="0" index="1" bw="16" slack="1"/>
<pin id="875" dir="1" index="2" bw="160" slack="0"/>
</pin_list>
<bind>
<opcode="insertvalue(57) " fcode="insertvalue"/>
<opset="mrv_4/6 "/>
</bind>
</comp>

<comp id="878" class="1004" name="mrv_5_fu_878">
<pin_list>
<pin id="879" dir="0" index="0" bw="160" slack="0"/>
<pin id="880" dir="0" index="1" bw="16" slack="1"/>
<pin id="881" dir="1" index="2" bw="160" slack="0"/>
</pin_list>
<bind>
<opcode="insertvalue(57) " fcode="insertvalue"/>
<opset="mrv_5/6 "/>
</bind>
</comp>

<comp id="884" class="1004" name="mrv_6_fu_884">
<pin_list>
<pin id="885" dir="0" index="0" bw="160" slack="0"/>
<pin id="886" dir="0" index="1" bw="16" slack="1"/>
<pin id="887" dir="1" index="2" bw="160" slack="0"/>
</pin_list>
<bind>
<opcode="insertvalue(57) " fcode="insertvalue"/>
<opset="mrv_6/6 "/>
</bind>
</comp>

<comp id="890" class="1004" name="mrv_7_fu_890">
<pin_list>
<pin id="891" dir="0" index="0" bw="160" slack="0"/>
<pin id="892" dir="0" index="1" bw="16" slack="1"/>
<pin id="893" dir="1" index="2" bw="160" slack="0"/>
</pin_list>
<bind>
<opcode="insertvalue(57) " fcode="insertvalue"/>
<opset="mrv_7/6 "/>
</bind>
</comp>

<comp id="896" class="1004" name="mrv_8_fu_896">
<pin_list>
<pin id="897" dir="0" index="0" bw="160" slack="0"/>
<pin id="898" dir="0" index="1" bw="16" slack="1"/>
<pin id="899" dir="1" index="2" bw="160" slack="0"/>
</pin_list>
<bind>
<opcode="insertvalue(57) " fcode="insertvalue"/>
<opset="mrv_8/6 "/>
</bind>
</comp>

<comp id="902" class="1004" name="mrv_9_fu_902">
<pin_list>
<pin id="903" dir="0" index="0" bw="160" slack="0"/>
<pin id="904" dir="0" index="1" bw="16" slack="1"/>
<pin id="905" dir="1" index="2" bw="160" slack="2147483647"/>
</pin_list>
<bind>
<opcode="insertvalue(57) " fcode="insertvalue"/>
<opset="mrv_9/6 "/>
</bind>
</comp>

<comp id="908" class="1007" name="grp_fu_908">
<pin_list>
<pin id="909" dir="0" index="0" bw="7" slack="0"/>
<pin id="910" dir="0" index="1" bw="15" slack="0"/>
<pin id="911" dir="0" index="2" bw="23" slack="2147483647"/>
<pin id="912" dir="1" index="3" bw="23" slack="0"/>
</pin_list>
<bind>
<opcode="muladd(1172) " fcode="muladd"/>
<opset="r_V_9/4 r_V_9_cast/4 ret_V_5/4 "/>
</bind>
</comp>

<comp id="916" class="1007" name="grp_fu_916">
<pin_list>
<pin id="917" dir="0" index="0" bw="7" slack="0"/>
<pin id="918" dir="0" index="1" bw="15" slack="0"/>
<pin id="919" dir="0" index="2" bw="23" slack="2147483647"/>
<pin id="920" dir="1" index="3" bw="23" slack="0"/>
</pin_list>
<bind>
<opcode="muladd(1172) " fcode="muladd"/>
<opset="r_V_9_1/4 r_V_9_1_cast/4 ret_V_5_1/4 "/>
</bind>
</comp>

<comp id="924" class="1007" name="grp_fu_924">
<pin_list>
<pin id="925" dir="0" index="0" bw="7" slack="0"/>
<pin id="926" dir="0" index="1" bw="15" slack="0"/>
<pin id="927" dir="0" index="2" bw="23" slack="2147483647"/>
<pin id="928" dir="1" index="3" bw="23" slack="0"/>
</pin_list>
<bind>
<opcode="muladd(1172) " fcode="muladd"/>
<opset="r_V_9_2/4 r_V_9_2_cast/4 ret_V_5_2/4 "/>
</bind>
</comp>

<comp id="932" class="1007" name="grp_fu_932">
<pin_list>
<pin id="933" dir="0" index="0" bw="7" slack="0"/>
<pin id="934" dir="0" index="1" bw="15" slack="0"/>
<pin id="935" dir="0" index="2" bw="23" slack="2147483647"/>
<pin id="936" dir="1" index="3" bw="23" slack="0"/>
</pin_list>
<bind>
<opcode="muladd(1172) " fcode="muladd"/>
<opset="r_V_9_3/4 r_V_9_3_cast/4 ret_V_5_3/4 "/>
</bind>
</comp>

<comp id="940" class="1007" name="grp_fu_940">
<pin_list>
<pin id="941" dir="0" index="0" bw="7" slack="0"/>
<pin id="942" dir="0" index="1" bw="15" slack="0"/>
<pin id="943" dir="0" index="2" bw="23" slack="2147483647"/>
<pin id="944" dir="1" index="3" bw="23" slack="0"/>
</pin_list>
<bind>
<opcode="muladd(1172) " fcode="muladd"/>
<opset="r_V_9_4/4 r_V_9_4_cast/4 ret_V_5_4/4 "/>
</bind>
</comp>

<comp id="948" class="1007" name="grp_fu_948">
<pin_list>
<pin id="949" dir="0" index="0" bw="7" slack="0"/>
<pin id="950" dir="0" index="1" bw="15" slack="1"/>
<pin id="951" dir="0" index="2" bw="23" slack="2147483647"/>
<pin id="952" dir="1" index="3" bw="23" slack="0"/>
</pin_list>
<bind>
<opcode="muladd(1172) " fcode="muladd"/>
<opset="r_V_9_5/5 r_V_9_5_cast/5 ret_V_5_5/5 "/>
</bind>
</comp>

<comp id="955" class="1007" name="grp_fu_955">
<pin_list>
<pin id="956" dir="0" index="0" bw="7" slack="0"/>
<pin id="957" dir="0" index="1" bw="15" slack="1"/>
<pin id="958" dir="0" index="2" bw="23" slack="2147483647"/>
<pin id="959" dir="1" index="3" bw="23" slack="0"/>
</pin_list>
<bind>
<opcode="muladd(1172) " fcode="muladd"/>
<opset="r_V_9_6/5 r_V_9_6_cast/5 ret_V_5_6/5 "/>
</bind>
</comp>

<comp id="962" class="1007" name="grp_fu_962">
<pin_list>
<pin id="963" dir="0" index="0" bw="7" slack="0"/>
<pin id="964" dir="0" index="1" bw="15" slack="1"/>
<pin id="965" dir="0" index="2" bw="23" slack="2147483647"/>
<pin id="966" dir="1" index="3" bw="23" slack="0"/>
</pin_list>
<bind>
<opcode="muladd(1172) " fcode="muladd"/>
<opset="r_V_9_7/5 r_V_9_7_cast/5 ret_V_5_7/5 "/>
</bind>
</comp>

<comp id="969" class="1007" name="grp_fu_969">
<pin_list>
<pin id="970" dir="0" index="0" bw="7" slack="0"/>
<pin id="971" dir="0" index="1" bw="15" slack="1"/>
<pin id="972" dir="0" index="2" bw="23" slack="2147483647"/>
<pin id="973" dir="1" index="3" bw="23" slack="0"/>
</pin_list>
<bind>
<opcode="muladd(1172) " fcode="muladd"/>
<opset="r_V_9_8/5 r_V_9_8_cast/5 ret_V_5_8/5 "/>
</bind>
</comp>

<comp id="976" class="1007" name="grp_fu_976">
<pin_list>
<pin id="977" dir="0" index="0" bw="7" slack="0"/>
<pin id="978" dir="0" index="1" bw="15" slack="1"/>
<pin id="979" dir="0" index="2" bw="23" slack="2147483647"/>
<pin id="980" dir="1" index="3" bw="23" slack="0"/>
</pin_list>
<bind>
<opcode="muladd(1172) " fcode="muladd"/>
<opset="r_V_9_9/5 r_V_9_9_cast/5 ret_V_5_9/5 "/>
</bind>
</comp>

<comp id="983" class="1005" name="exitcond5_reg_983">
<pin_list>
<pin id="984" dir="0" index="0" bw="1" slack="1"/>
<pin id="985" dir="1" index="1" bw="1" slack="2147483647"/>
</pin_list>
<bind>
<opset="exitcond5 "/>
</bind>
</comp>

<comp id="987" class="1005" name="j_reg_987">
<pin_list>
<pin id="988" dir="0" index="0" bw="6" slack="0"/>
<pin id="989" dir="1" index="1" bw="6" slack="0"/>
</pin_list>
<bind>
<opset="j "/>
</bind>
</comp>

<comp id="992" class="1005" name="tmp_16_reg_992">
<pin_list>
<pin id="993" dir="0" index="0" bw="64" slack="2"/>
<pin id="994" dir="1" index="1" bw="64" slack="2"/>
</pin_list>
<bind>
<opset="tmp_16 "/>
</bind>
</comp>

<comp id="998" class="1005" name="Weight_fc2_V_0_addr_reg_998">
<pin_list>
<pin id="999" dir="0" index="0" bw="7" slack="1"/>
<pin id="1000" dir="1" index="1" bw="7" slack="1"/>
</pin_list>
<bind>
<opset="Weight_fc2_V_0_addr "/>
</bind>
</comp>

<comp id="1003" class="1005" name="tmp_reg_1003">
<pin_list>
<pin id="1004" dir="0" index="0" bw="7" slack="1"/>
<pin id="1005" dir="1" index="1" bw="7" slack="1"/>
</pin_list>
<bind>
<opset="tmp "/>
</bind>
</comp>

<comp id="1008" class="1005" name="Weight_fc2_V_1_addr_reg_1008">
<pin_list>
<pin id="1009" dir="0" index="0" bw="7" slack="1"/>
<pin id="1010" dir="1" index="1" bw="7" slack="1"/>
</pin_list>
<bind>
<opset="Weight_fc2_V_1_addr "/>
</bind>
</comp>

<comp id="1013" class="1005" name="Weight_fc2_V_2_addr_reg_1013">
<pin_list>
<pin id="1014" dir="0" index="0" bw="7" slack="1"/>
<pin id="1015" dir="1" index="1" bw="7" slack="1"/>
</pin_list>
<bind>
<opset="Weight_fc2_V_2_addr "/>
</bind>
</comp>

<comp id="1018" class="1005" name="fc1_out_0_V_addr_reg_1018">
<pin_list>
<pin id="1019" dir="0" index="0" bw="3" slack="1"/>
<pin id="1020" dir="1" index="1" bw="3" slack="1"/>
</pin_list>
<bind>
<opset="fc1_out_0_V_addr "/>
</bind>
</comp>

<comp id="1023" class="1005" name="fc1_out_1_V_addr_reg_1023">
<pin_list>
<pin id="1024" dir="0" index="0" bw="3" slack="1"/>
<pin id="1025" dir="1" index="1" bw="3" slack="1"/>
</pin_list>
<bind>
<opset="fc1_out_1_V_addr "/>
</bind>
</comp>

<comp id="1028" class="1005" name="fc1_out_2_V_addr_reg_1028">
<pin_list>
<pin id="1029" dir="0" index="0" bw="3" slack="1"/>
<pin id="1030" dir="1" index="1" bw="3" slack="1"/>
</pin_list>
<bind>
<opset="fc1_out_2_V_addr "/>
</bind>
</comp>

<comp id="1033" class="1005" name="fc1_out_3_V_addr_reg_1033">
<pin_list>
<pin id="1034" dir="0" index="0" bw="3" slack="1"/>
<pin id="1035" dir="1" index="1" bw="3" slack="1"/>
</pin_list>
<bind>
<opset="fc1_out_3_V_addr "/>
</bind>
</comp>

<comp id="1038" class="1005" name="fc1_out_4_V_addr_reg_1038">
<pin_list>
<pin id="1039" dir="0" index="0" bw="3" slack="1"/>
<pin id="1040" dir="1" index="1" bw="3" slack="1"/>
</pin_list>
<bind>
<opset="fc1_out_4_V_addr "/>
</bind>
</comp>

<comp id="1043" class="1005" name="fc1_out_5_V_addr_reg_1043">
<pin_list>
<pin id="1044" dir="0" index="0" bw="3" slack="1"/>
<pin id="1045" dir="1" index="1" bw="3" slack="1"/>
</pin_list>
<bind>
<opset="fc1_out_5_V_addr "/>
</bind>
</comp>

<comp id="1048" class="1005" name="fc1_out_6_V_addr_reg_1048">
<pin_list>
<pin id="1049" dir="0" index="0" bw="3" slack="1"/>
<pin id="1050" dir="1" index="1" bw="3" slack="1"/>
</pin_list>
<bind>
<opset="fc1_out_6_V_addr "/>
</bind>
</comp>

<comp id="1053" class="1005" name="fc1_out_7_V_addr_reg_1053">
<pin_list>
<pin id="1054" dir="0" index="0" bw="3" slack="1"/>
<pin id="1055" dir="1" index="1" bw="3" slack="1"/>
</pin_list>
<bind>
<opset="fc1_out_7_V_addr "/>
</bind>
</comp>

<comp id="1058" class="1005" name="fc1_out_8_V_addr_reg_1058">
<pin_list>
<pin id="1059" dir="0" index="0" bw="3" slack="1"/>
<pin id="1060" dir="1" index="1" bw="3" slack="1"/>
</pin_list>
<bind>
<opset="fc1_out_8_V_addr "/>
</bind>
</comp>

<comp id="1063" class="1005" name="fc1_out_9_V_addr_reg_1063">
<pin_list>
<pin id="1064" dir="0" index="0" bw="3" slack="1"/>
<pin id="1065" dir="1" index="1" bw="3" slack="1"/>
</pin_list>
<bind>
<opset="fc1_out_9_V_addr "/>
</bind>
</comp>

<comp id="1068" class="1005" name="next_urem_reg_1068">
<pin_list>
<pin id="1069" dir="0" index="0" bw="6" slack="1"/>
<pin id="1070" dir="1" index="1" bw="6" slack="1"/>
</pin_list>
<bind>
<opset="next_urem "/>
</bind>
</comp>

<comp id="1074" class="1005" name="Weight_fc2_V_0_addr_1_reg_1074">
<pin_list>
<pin id="1075" dir="0" index="0" bw="7" slack="1"/>
<pin id="1076" dir="1" index="1" bw="7" slack="1"/>
</pin_list>
<bind>
<opset="Weight_fc2_V_0_addr_1 "/>
</bind>
</comp>

<comp id="1079" class="1005" name="Weight_fc2_V_1_addr_1_reg_1079">
<pin_list>
<pin id="1080" dir="0" index="0" bw="7" slack="1"/>
<pin id="1081" dir="1" index="1" bw="7" slack="1"/>
</pin_list>
<bind>
<opset="Weight_fc2_V_1_addr_1 "/>
</bind>
</comp>

<comp id="1084" class="1005" name="Weight_fc2_V_2_addr_1_reg_1084">
<pin_list>
<pin id="1085" dir="0" index="0" bw="7" slack="1"/>
<pin id="1086" dir="1" index="1" bw="7" slack="1"/>
</pin_list>
<bind>
<opset="Weight_fc2_V_2_addr_1 "/>
</bind>
</comp>

<comp id="1089" class="1005" name="Weight_fc2_V_3_addr_1_reg_1089">
<pin_list>
<pin id="1090" dir="0" index="0" bw="7" slack="1"/>
<pin id="1091" dir="1" index="1" bw="7" slack="1"/>
</pin_list>
<bind>
<opset="Weight_fc2_V_3_addr_1 "/>
</bind>
</comp>

<comp id="1094" class="1005" name="Weight_fc2_V_4_addr_1_reg_1094">
<pin_list>
<pin id="1095" dir="0" index="0" bw="7" slack="1"/>
<pin id="1096" dir="1" index="1" bw="7" slack="1"/>
</pin_list>
<bind>
<opset="Weight_fc2_V_4_addr_1 "/>
</bind>
</comp>

<comp id="1099" class="1005" name="next_mul_reg_1099">
<pin_list>
<pin id="1100" dir="0" index="0" bw="13" slack="1"/>
<pin id="1101" dir="1" index="1" bw="13" slack="1"/>
</pin_list>
<bind>
<opset="next_mul "/>
</bind>
</comp>

<comp id="1104" class="1005" name="tmp_119_reg_1104">
<pin_list>
<pin id="1105" dir="0" index="0" bw="15" slack="1"/>
<pin id="1106" dir="1" index="1" bw="15" slack="1"/>
</pin_list>
<bind>
<opset="tmp_119 "/>
</bind>
</comp>

<comp id="1109" class="1005" name="Weight_fc2_V_0_load_reg_1109">
<pin_list>
<pin id="1110" dir="0" index="0" bw="7" slack="1"/>
<pin id="1111" dir="1" index="1" bw="7" slack="1"/>
</pin_list>
<bind>
<opset="Weight_fc2_V_0_load "/>
</bind>
</comp>

<comp id="1114" class="1005" name="lhs_V_3_reg_1114">
<pin_list>
<pin id="1115" dir="0" index="0" bw="23" slack="1"/>
<pin id="1116" dir="1" index="1" bw="23" slack="1"/>
</pin_list>
<bind>
<opset="lhs_V_3 "/>
</bind>
</comp>

<comp id="1119" class="1005" name="lhs_V_3_1_reg_1119">
<pin_list>
<pin id="1120" dir="0" index="0" bw="23" slack="1"/>
<pin id="1121" dir="1" index="1" bw="23" slack="1"/>
</pin_list>
<bind>
<opset="lhs_V_3_1 "/>
</bind>
</comp>

<comp id="1124" class="1005" name="Weight_fc2_V_1_load_reg_1124">
<pin_list>
<pin id="1125" dir="0" index="0" bw="7" slack="1"/>
<pin id="1126" dir="1" index="1" bw="7" slack="1"/>
</pin_list>
<bind>
<opset="Weight_fc2_V_1_load "/>
</bind>
</comp>

<comp id="1129" class="1005" name="lhs_V_3_2_reg_1129">
<pin_list>
<pin id="1130" dir="0" index="0" bw="23" slack="1"/>
<pin id="1131" dir="1" index="1" bw="23" slack="1"/>
</pin_list>
<bind>
<opset="lhs_V_3_2 "/>
</bind>
</comp>

<comp id="1134" class="1005" name="lhs_V_3_3_reg_1134">
<pin_list>
<pin id="1135" dir="0" index="0" bw="23" slack="1"/>
<pin id="1136" dir="1" index="1" bw="23" slack="1"/>
</pin_list>
<bind>
<opset="lhs_V_3_3 "/>
</bind>
</comp>

<comp id="1139" class="1005" name="lhs_V_3_4_reg_1139">
<pin_list>
<pin id="1140" dir="0" index="0" bw="23" slack="1"/>
<pin id="1141" dir="1" index="1" bw="23" slack="1"/>
</pin_list>
<bind>
<opset="lhs_V_3_4 "/>
</bind>
</comp>

<comp id="1144" class="1005" name="idx_urem_reg_1144">
<pin_list>
<pin id="1145" dir="0" index="0" bw="6" slack="1"/>
<pin id="1146" dir="1" index="1" bw="6" slack="1"/>
</pin_list>
<bind>
<opset="idx_urem "/>
</bind>
</comp>

<comp id="1149" class="1005" name="Weight_fc2_V_3_addr_reg_1149">
<pin_list>
<pin id="1150" dir="0" index="0" bw="7" slack="1"/>
<pin id="1151" dir="1" index="1" bw="7" slack="1"/>
</pin_list>
<bind>
<opset="Weight_fc2_V_3_addr "/>
</bind>
</comp>

<comp id="1154" class="1005" name="Weight_fc2_V_4_addr_reg_1154">
<pin_list>
<pin id="1155" dir="0" index="0" bw="7" slack="1"/>
<pin id="1156" dir="1" index="1" bw="7" slack="1"/>
</pin_list>
<bind>
<opset="Weight_fc2_V_4_addr "/>
</bind>
</comp>

<comp id="1159" class="1005" name="tmp_18_cast_cast_reg_1159">
<pin_list>
<pin id="1160" dir="0" index="0" bw="22" slack="1"/>
<pin id="1161" dir="1" index="1" bw="22" slack="1"/>
</pin_list>
<bind>
<opset="tmp_18_cast_cast "/>
</bind>
</comp>

<comp id="1168" class="1005" name="fc2_out_0_V_reg_1168">
<pin_list>
<pin id="1169" dir="0" index="0" bw="16" slack="1"/>
<pin id="1170" dir="1" index="1" bw="16" slack="1"/>
</pin_list>
<bind>
<opset="fc2_out_0_V "/>
</bind>
</comp>

<comp id="1173" class="1005" name="fc2_out_1_V_reg_1173">
<pin_list>
<pin id="1174" dir="0" index="0" bw="16" slack="1"/>
<pin id="1175" dir="1" index="1" bw="16" slack="1"/>
</pin_list>
<bind>
<opset="fc2_out_1_V "/>
</bind>
</comp>

<comp id="1178" class="1005" name="fc2_out_2_V_reg_1178">
<pin_list>
<pin id="1179" dir="0" index="0" bw="16" slack="1"/>
<pin id="1180" dir="1" index="1" bw="16" slack="1"/>
</pin_list>
<bind>
<opset="fc2_out_2_V "/>
</bind>
</comp>

<comp id="1183" class="1005" name="fc2_out_3_V_reg_1183">
<pin_list>
<pin id="1184" dir="0" index="0" bw="16" slack="1"/>
<pin id="1185" dir="1" index="1" bw="16" slack="1"/>
</pin_list>
<bind>
<opset="fc2_out_3_V "/>
</bind>
</comp>

<comp id="1188" class="1005" name="fc2_out_4_V_reg_1188">
<pin_list>
<pin id="1189" dir="0" index="0" bw="16" slack="1"/>
<pin id="1190" dir="1" index="1" bw="16" slack="1"/>
</pin_list>
<bind>
<opset="fc2_out_4_V "/>
</bind>
</comp>

<comp id="1193" class="1005" name="lhs_V_3_5_reg_1193">
<pin_list>
<pin id="1194" dir="0" index="0" bw="23" slack="1"/>
<pin id="1195" dir="1" index="1" bw="23" slack="1"/>
</pin_list>
<bind>
<opset="lhs_V_3_5 "/>
</bind>
</comp>

<comp id="1198" class="1005" name="lhs_V_3_6_reg_1198">
<pin_list>
<pin id="1199" dir="0" index="0" bw="23" slack="1"/>
<pin id="1200" dir="1" index="1" bw="23" slack="1"/>
</pin_list>
<bind>
<opset="lhs_V_3_6 "/>
</bind>
</comp>

<comp id="1203" class="1005" name="Weight_fc2_V_3_load_1_reg_1203">
<pin_list>
<pin id="1204" dir="0" index="0" bw="7" slack="1"/>
<pin id="1205" dir="1" index="1" bw="7" slack="1"/>
</pin_list>
<bind>
<opset="Weight_fc2_V_3_load_1 "/>
</bind>
</comp>

<comp id="1208" class="1005" name="lhs_V_3_7_reg_1208">
<pin_list>
<pin id="1209" dir="0" index="0" bw="23" slack="1"/>
<pin id="1210" dir="1" index="1" bw="23" slack="1"/>
</pin_list>
<bind>
<opset="lhs_V_3_7 "/>
</bind>
</comp>

<comp id="1213" class="1005" name="lhs_V_3_8_reg_1213">
<pin_list>
<pin id="1214" dir="0" index="0" bw="23" slack="1"/>
<pin id="1215" dir="1" index="1" bw="23" slack="1"/>
</pin_list>
<bind>
<opset="lhs_V_3_8 "/>
</bind>
</comp>

<comp id="1218" class="1005" name="Weight_fc2_V_4_load_1_reg_1218">
<pin_list>
<pin id="1219" dir="0" index="0" bw="7" slack="1"/>
<pin id="1220" dir="1" index="1" bw="7" slack="1"/>
</pin_list>
<bind>
<opset="Weight_fc2_V_4_load_1 "/>
</bind>
</comp>

<comp id="1223" class="1005" name="lhs_V_3_9_reg_1223">
<pin_list>
<pin id="1224" dir="0" index="0" bw="23" slack="1"/>
<pin id="1225" dir="1" index="1" bw="23" slack="1"/>
</pin_list>
<bind>
<opset="lhs_V_3_9 "/>
</bind>
</comp>

<comp id="1228" class="1005" name="fc2_out_5_V_reg_1228">
<pin_list>
<pin id="1229" dir="0" index="0" bw="16" slack="1"/>
<pin id="1230" dir="1" index="1" bw="16" slack="1"/>
</pin_list>
<bind>
<opset="fc2_out_5_V "/>
</bind>
</comp>

<comp id="1233" class="1005" name="fc2_out_6_V_reg_1233">
<pin_list>
<pin id="1234" dir="0" index="0" bw="16" slack="1"/>
<pin id="1235" dir="1" index="1" bw="16" slack="1"/>
</pin_list>
<bind>
<opset="fc2_out_6_V "/>
</bind>
</comp>

<comp id="1238" class="1005" name="fc2_out_7_V_reg_1238">
<pin_list>
<pin id="1239" dir="0" index="0" bw="16" slack="1"/>
<pin id="1240" dir="1" index="1" bw="16" slack="1"/>
</pin_list>
<bind>
<opset="fc2_out_7_V "/>
</bind>
</comp>

<comp id="1243" class="1005" name="fc2_out_8_V_reg_1243">
<pin_list>
<pin id="1244" dir="0" index="0" bw="16" slack="1"/>
<pin id="1245" dir="1" index="1" bw="16" slack="1"/>
</pin_list>
<bind>
<opset="fc2_out_8_V "/>
</bind>
</comp>

<comp id="1248" class="1005" name="fc2_out_9_V_reg_1248">
<pin_list>
<pin id="1249" dir="0" index="0" bw="16" slack="1"/>
<pin id="1250" dir="1" index="1" bw="16" slack="1"/>
</pin_list>
<bind>
<opset="fc2_out_9_V "/>
</bind>
</comp>

</comp_list>

<net_list>
<net id="117"><net_src comp="20" pin="0"/><net_sink comp="112" pin=0"/></net>

<net id="118"><net_src comp="70" pin="0"/><net_sink comp="112" pin=1"/></net>

<net id="124"><net_src comp="22" pin="0"/><net_sink comp="119" pin=0"/></net>

<net id="125"><net_src comp="70" pin="0"/><net_sink comp="119" pin=1"/></net>

<net id="131"><net_src comp="24" pin="0"/><net_sink comp="126" pin=0"/></net>

<net id="132"><net_src comp="70" pin="0"/><net_sink comp="126" pin=1"/></net>

<net id="138"><net_src comp="0" pin="0"/><net_sink comp="133" pin=0"/></net>

<net id="139"><net_src comp="70" pin="0"/><net_sink comp="133" pin=1"/></net>

<net id="145"><net_src comp="133" pin="3"/><net_sink comp="140" pin=0"/></net>

<net id="151"><net_src comp="2" pin="0"/><net_sink comp="146" pin=0"/></net>

<net id="152"><net_src comp="70" pin="0"/><net_sink comp="146" pin=1"/></net>

<net id="158"><net_src comp="146" pin="3"/><net_sink comp="153" pin=0"/></net>

<net id="164"><net_src comp="4" pin="0"/><net_sink comp="159" pin=0"/></net>

<net id="165"><net_src comp="70" pin="0"/><net_sink comp="159" pin=1"/></net>

<net id="171"><net_src comp="159" pin="3"/><net_sink comp="166" pin=0"/></net>

<net id="177"><net_src comp="6" pin="0"/><net_sink comp="172" pin=0"/></net>

<net id="178"><net_src comp="70" pin="0"/><net_sink comp="172" pin=1"/></net>

<net id="184"><net_src comp="172" pin="3"/><net_sink comp="179" pin=0"/></net>

<net id="190"><net_src comp="8" pin="0"/><net_sink comp="185" pin=0"/></net>

<net id="191"><net_src comp="70" pin="0"/><net_sink comp="185" pin=1"/></net>

<net id="197"><net_src comp="185" pin="3"/><net_sink comp="192" pin=0"/></net>

<net id="203"><net_src comp="10" pin="0"/><net_sink comp="198" pin=0"/></net>

<net id="204"><net_src comp="70" pin="0"/><net_sink comp="198" pin=1"/></net>

<net id="210"><net_src comp="198" pin="3"/><net_sink comp="205" pin=0"/></net>

<net id="216"><net_src comp="12" pin="0"/><net_sink comp="211" pin=0"/></net>

<net id="217"><net_src comp="70" pin="0"/><net_sink comp="211" pin=1"/></net>

<net id="223"><net_src comp="211" pin="3"/><net_sink comp="218" pin=0"/></net>

<net id="229"><net_src comp="14" pin="0"/><net_sink comp="224" pin=0"/></net>

<net id="230"><net_src comp="70" pin="0"/><net_sink comp="224" pin=1"/></net>

<net id="236"><net_src comp="224" pin="3"/><net_sink comp="231" pin=0"/></net>

<net id="242"><net_src comp="16" pin="0"/><net_sink comp="237" pin=0"/></net>

<net id="243"><net_src comp="70" pin="0"/><net_sink comp="237" pin=1"/></net>

<net id="249"><net_src comp="237" pin="3"/><net_sink comp="244" pin=0"/></net>

<net id="255"><net_src comp="18" pin="0"/><net_sink comp="250" pin=0"/></net>

<net id="256"><net_src comp="70" pin="0"/><net_sink comp="250" pin=1"/></net>

<net id="262"><net_src comp="250" pin="3"/><net_sink comp="257" pin=0"/></net>

<net id="268"><net_src comp="112" pin="3"/><net_sink comp="263" pin=0"/></net>

<net id="274"><net_src comp="119" pin="3"/><net_sink comp="269" pin=0"/></net>

<net id="280"><net_src comp="126" pin="3"/><net_sink comp="275" pin=0"/></net>

<net id="286"><net_src comp="20" pin="0"/><net_sink comp="281" pin=0"/></net>

<net id="287"><net_src comp="70" pin="0"/><net_sink comp="281" pin=1"/></net>

<net id="293"><net_src comp="22" pin="0"/><net_sink comp="288" pin=0"/></net>

<net id="294"><net_src comp="70" pin="0"/><net_sink comp="288" pin=1"/></net>

<net id="300"><net_src comp="24" pin="0"/><net_sink comp="295" pin=0"/></net>

<net id="301"><net_src comp="70" pin="0"/><net_sink comp="295" pin=1"/></net>

<net id="307"><net_src comp="26" pin="0"/><net_sink comp="302" pin=0"/></net>

<net id="308"><net_src comp="70" pin="0"/><net_sink comp="302" pin=1"/></net>

<net id="314"><net_src comp="28" pin="0"/><net_sink comp="309" pin=0"/></net>

<net id="315"><net_src comp="70" pin="0"/><net_sink comp="309" pin=1"/></net>

<net id="316"><net_src comp="281" pin="3"/><net_sink comp="263" pin=0"/></net>

<net id="317"><net_src comp="288" pin="3"/><net_sink comp="269" pin=0"/></net>

<net id="318"><net_src comp="295" pin="3"/><net_sink comp="275" pin=0"/></net>

<net id="324"><net_src comp="302" pin="3"/><net_sink comp="319" pin=0"/></net>

<net id="330"><net_src comp="309" pin="3"/><net_sink comp="325" pin=0"/></net>

<net id="336"><net_src comp="26" pin="0"/><net_sink comp="331" pin=0"/></net>

<net id="337"><net_src comp="70" pin="0"/><net_sink comp="331" pin=1"/></net>

<net id="343"><net_src comp="28" pin="0"/><net_sink comp="338" pin=0"/></net>

<net id="344"><net_src comp="70" pin="0"/><net_sink comp="338" pin=1"/></net>

<net id="345"><net_src comp="331" pin="3"/><net_sink comp="319" pin=0"/></net>

<net id="346"><net_src comp="338" pin="3"/><net_sink comp="325" pin=0"/></net>

<net id="350"><net_src comp="38" pin="0"/><net_sink comp="347" pin=0"/></net>

<net id="357"><net_src comp="347" pin="1"/><net_sink comp="351" pin=2"/></net>

<net id="358"><net_src comp="351" pin="4"/><net_sink comp="347" pin=0"/></net>

<net id="362"><net_src comp="40" pin="0"/><net_sink comp="359" pin=0"/></net>

<net id="369"><net_src comp="359" pin="1"/><net_sink comp="363" pin=2"/></net>

<net id="370"><net_src comp="363" pin="4"/><net_sink comp="359" pin=0"/></net>

<net id="374"><net_src comp="42" pin="0"/><net_sink comp="371" pin=0"/></net>

<net id="381"><net_src comp="371" pin="1"/><net_sink comp="375" pin=2"/></net>

<net id="382"><net_src comp="375" pin="4"/><net_sink comp="371" pin=0"/></net>

<net id="386"><net_src comp="44" pin="0"/><net_sink comp="383" pin=0"/></net>

<net id="393"><net_src comp="383" pin="1"/><net_sink comp="387" pin=2"/></net>

<net id="394"><net_src comp="387" pin="4"/><net_sink comp="383" pin=0"/></net>

<net id="398"><net_src comp="46" pin="0"/><net_sink comp="395" pin=0"/></net>

<net id="405"><net_src comp="395" pin="1"/><net_sink comp="399" pin=2"/></net>

<net id="406"><net_src comp="399" pin="4"/><net_sink comp="395" pin=0"/></net>

<net id="410"><net_src comp="48" pin="0"/><net_sink comp="407" pin=0"/></net>

<net id="417"><net_src comp="407" pin="1"/><net_sink comp="411" pin=2"/></net>

<net id="418"><net_src comp="411" pin="4"/><net_sink comp="407" pin=0"/></net>

<net id="422"><net_src comp="50" pin="0"/><net_sink comp="419" pin=0"/></net>

<net id="429"><net_src comp="419" pin="1"/><net_sink comp="423" pin=2"/></net>

<net id="430"><net_src comp="423" pin="4"/><net_sink comp="419" pin=0"/></net>

<net id="434"><net_src comp="52" pin="0"/><net_sink comp="431" pin=0"/></net>

<net id="441"><net_src comp="431" pin="1"/><net_sink comp="435" pin=2"/></net>

<net id="442"><net_src comp="435" pin="4"/><net_sink comp="431" pin=0"/></net>

<net id="446"><net_src comp="54" pin="0"/><net_sink comp="443" pin=0"/></net>

<net id="453"><net_src comp="443" pin="1"/><net_sink comp="447" pin=2"/></net>

<net id="454"><net_src comp="447" pin="4"/><net_sink comp="443" pin=0"/></net>

<net id="458"><net_src comp="56" pin="0"/><net_sink comp="455" pin=0"/></net>

<net id="465"><net_src comp="455" pin="1"/><net_sink comp="459" pin=2"/></net>

<net id="466"><net_src comp="459" pin="4"/><net_sink comp="455" pin=0"/></net>

<net id="470"><net_src comp="58" pin="0"/><net_sink comp="467" pin=0"/></net>

<net id="477"><net_src comp="467" pin="1"/><net_sink comp="471" pin=2"/></net>

<net id="481"><net_src comp="60" pin="0"/><net_sink comp="478" pin=0"/></net>

<net id="488"><net_src comp="478" pin="1"/><net_sink comp="482" pin=2"/></net>

<net id="489"><net_src comp="482" pin="4"/><net_sink comp="478" pin=0"/></net>

<net id="493"><net_src comp="58" pin="0"/><net_sink comp="490" pin=0"/></net>

<net id="500"><net_src comp="490" pin="1"/><net_sink comp="494" pin=2"/></net>

<net id="501"><net_src comp="494" pin="4"/><net_sink comp="490" pin=0"/></net>

<net id="505"><net_src comp="275" pin="3"/><net_sink comp="502" pin=0"/></net>

<net id="510"><net_src comp="471" pin="4"/><net_sink comp="506" pin=0"/></net>

<net id="511"><net_src comp="62" pin="0"/><net_sink comp="506" pin=1"/></net>

<net id="516"><net_src comp="471" pin="4"/><net_sink comp="512" pin=0"/></net>

<net id="517"><net_src comp="68" pin="0"/><net_sink comp="512" pin=1"/></net>

<net id="521"><net_src comp="471" pin="4"/><net_sink comp="518" pin=0"/></net>

<net id="522"><net_src comp="518" pin="1"/><net_sink comp="112" pin=2"/></net>

<net id="523"><net_src comp="518" pin="1"/><net_sink comp="119" pin=2"/></net>

<net id="524"><net_src comp="518" pin="1"/><net_sink comp="126" pin=2"/></net>

<net id="528"><net_src comp="471" pin="4"/><net_sink comp="525" pin=0"/></net>

<net id="533"><net_src comp="72" pin="0"/><net_sink comp="529" pin=0"/></net>

<net id="534"><net_src comp="525" pin="1"/><net_sink comp="529" pin=1"/></net>

<net id="541"><net_src comp="74" pin="0"/><net_sink comp="535" pin=0"/></net>

<net id="542"><net_src comp="482" pin="4"/><net_sink comp="535" pin=1"/></net>

<net id="543"><net_src comp="76" pin="0"/><net_sink comp="535" pin=2"/></net>

<net id="544"><net_src comp="78" pin="0"/><net_sink comp="535" pin=3"/></net>

<net id="548"><net_src comp="535" pin="4"/><net_sink comp="545" pin=0"/></net>

<net id="549"><net_src comp="545" pin="1"/><net_sink comp="133" pin=2"/></net>

<net id="550"><net_src comp="545" pin="1"/><net_sink comp="146" pin=2"/></net>

<net id="551"><net_src comp="545" pin="1"/><net_sink comp="159" pin=2"/></net>

<net id="552"><net_src comp="545" pin="1"/><net_sink comp="172" pin=2"/></net>

<net id="553"><net_src comp="545" pin="1"/><net_sink comp="185" pin=2"/></net>

<net id="554"><net_src comp="545" pin="1"/><net_sink comp="198" pin=2"/></net>

<net id="555"><net_src comp="545" pin="1"/><net_sink comp="211" pin=2"/></net>

<net id="556"><net_src comp="545" pin="1"/><net_sink comp="224" pin=2"/></net>

<net id="557"><net_src comp="545" pin="1"/><net_sink comp="237" pin=2"/></net>

<net id="558"><net_src comp="545" pin="1"/><net_sink comp="250" pin=2"/></net>

<net id="563"><net_src comp="68" pin="0"/><net_sink comp="559" pin=0"/></net>

<net id="564"><net_src comp="490" pin="1"/><net_sink comp="559" pin=1"/></net>

<net id="568"><net_src comp="565" pin="1"/><net_sink comp="281" pin=2"/></net>

<net id="569"><net_src comp="565" pin="1"/><net_sink comp="288" pin=2"/></net>

<net id="570"><net_src comp="565" pin="1"/><net_sink comp="295" pin=2"/></net>

<net id="571"><net_src comp="565" pin="1"/><net_sink comp="302" pin=2"/></net>

<net id="572"><net_src comp="565" pin="1"/><net_sink comp="309" pin=2"/></net>

<net id="576"><net_src comp="490" pin="1"/><net_sink comp="573" pin=0"/></net>

<net id="581"><net_src comp="80" pin="0"/><net_sink comp="577" pin=0"/></net>

<net id="582"><net_src comp="478" pin="1"/><net_sink comp="577" pin=1"/></net>

<net id="597"><net_src comp="82" pin="0"/><net_sink comp="583" pin=0"/></net>

<net id="598"><net_src comp="140" pin="3"/><net_sink comp="583" pin=1"/></net>

<net id="599"><net_src comp="153" pin="3"/><net_sink comp="583" pin=2"/></net>

<net id="600"><net_src comp="166" pin="3"/><net_sink comp="583" pin=3"/></net>

<net id="601"><net_src comp="179" pin="3"/><net_sink comp="583" pin=4"/></net>

<net id="602"><net_src comp="192" pin="3"/><net_sink comp="583" pin=5"/></net>

<net id="603"><net_src comp="205" pin="3"/><net_sink comp="583" pin=6"/></net>

<net id="604"><net_src comp="218" pin="3"/><net_sink comp="583" pin=7"/></net>

<net id="605"><net_src comp="231" pin="3"/><net_sink comp="583" pin=8"/></net>

<net id="606"><net_src comp="244" pin="3"/><net_sink comp="583" pin=9"/></net>

<net id="607"><net_src comp="257" pin="3"/><net_sink comp="583" pin=10"/></net>

<net id="608"><net_src comp="573" pin="1"/><net_sink comp="583" pin=11"/></net>

<net id="613"><net_src comp="583" pin="12"/><net_sink comp="609" pin=0"/></net>

<net id="614"><net_src comp="38" pin="0"/><net_sink comp="609" pin=1"/></net>

<net id="618"><net_src comp="583" pin="12"/><net_sink comp="615" pin=0"/></net>

<net id="624"><net_src comp="609" pin="2"/><net_sink comp="619" pin=0"/></net>

<net id="625"><net_src comp="615" pin="1"/><net_sink comp="619" pin=1"/></net>

<net id="626"><net_src comp="84" pin="0"/><net_sink comp="619" pin=2"/></net>

<net id="632"><net_src comp="86" pin="0"/><net_sink comp="627" pin=0"/></net>

<net id="633"><net_src comp="455" pin="1"/><net_sink comp="627" pin=1"/></net>

<net id="634"><net_src comp="88" pin="0"/><net_sink comp="627" pin=2"/></net>

<net id="640"><net_src comp="86" pin="0"/><net_sink comp="635" pin=0"/></net>

<net id="641"><net_src comp="443" pin="1"/><net_sink comp="635" pin=1"/></net>

<net id="642"><net_src comp="88" pin="0"/><net_sink comp="635" pin=2"/></net>

<net id="648"><net_src comp="86" pin="0"/><net_sink comp="643" pin=0"/></net>

<net id="649"><net_src comp="431" pin="1"/><net_sink comp="643" pin=1"/></net>

<net id="650"><net_src comp="88" pin="0"/><net_sink comp="643" pin=2"/></net>

<net id="656"><net_src comp="86" pin="0"/><net_sink comp="651" pin=0"/></net>

<net id="657"><net_src comp="419" pin="1"/><net_sink comp="651" pin=1"/></net>

<net id="658"><net_src comp="88" pin="0"/><net_sink comp="651" pin=2"/></net>

<net id="664"><net_src comp="86" pin="0"/><net_sink comp="659" pin=0"/></net>

<net id="665"><net_src comp="407" pin="1"/><net_sink comp="659" pin=1"/></net>

<net id="666"><net_src comp="88" pin="0"/><net_sink comp="659" pin=2"/></net>

<net id="671"><net_src comp="90" pin="0"/><net_sink comp="667" pin=1"/></net>

<net id="677"><net_src comp="667" pin="2"/><net_sink comp="672" pin=0"/></net>

<net id="678"><net_src comp="58" pin="0"/><net_sink comp="672" pin=2"/></net>

<net id="691"><net_src comp="92" pin="0"/><net_sink comp="685" pin=0"/></net>

<net id="692"><net_src comp="94" pin="0"/><net_sink comp="685" pin=2"/></net>

<net id="693"><net_src comp="96" pin="0"/><net_sink comp="685" pin=3"/></net>

<net id="697"><net_src comp="263" pin="3"/><net_sink comp="694" pin=0"/></net>

<net id="704"><net_src comp="92" pin="0"/><net_sink comp="698" pin=0"/></net>

<net id="705"><net_src comp="94" pin="0"/><net_sink comp="698" pin=2"/></net>

<net id="706"><net_src comp="96" pin="0"/><net_sink comp="698" pin=3"/></net>

<net id="716"><net_src comp="92" pin="0"/><net_sink comp="710" pin=0"/></net>

<net id="717"><net_src comp="94" pin="0"/><net_sink comp="710" pin=2"/></net>

<net id="718"><net_src comp="96" pin="0"/><net_sink comp="710" pin=3"/></net>

<net id="722"><net_src comp="269" pin="3"/><net_sink comp="719" pin=0"/></net>

<net id="729"><net_src comp="92" pin="0"/><net_sink comp="723" pin=0"/></net>

<net id="730"><net_src comp="94" pin="0"/><net_sink comp="723" pin=2"/></net>

<net id="731"><net_src comp="96" pin="0"/><net_sink comp="723" pin=3"/></net>

<net id="735"><net_src comp="502" pin="1"/><net_sink comp="732" pin=0"/></net>

<net id="742"><net_src comp="92" pin="0"/><net_sink comp="736" pin=0"/></net>

<net id="743"><net_src comp="94" pin="0"/><net_sink comp="736" pin=2"/></net>

<net id="744"><net_src comp="96" pin="0"/><net_sink comp="736" pin=3"/></net>

<net id="750"><net_src comp="86" pin="0"/><net_sink comp="745" pin=0"/></net>

<net id="751"><net_src comp="395" pin="1"/><net_sink comp="745" pin=1"/></net>

<net id="752"><net_src comp="88" pin="0"/><net_sink comp="745" pin=2"/></net>

<net id="758"><net_src comp="86" pin="0"/><net_sink comp="753" pin=0"/></net>

<net id="759"><net_src comp="383" pin="1"/><net_sink comp="753" pin=1"/></net>

<net id="760"><net_src comp="88" pin="0"/><net_sink comp="753" pin=2"/></net>

<net id="766"><net_src comp="86" pin="0"/><net_sink comp="761" pin=0"/></net>

<net id="767"><net_src comp="371" pin="1"/><net_sink comp="761" pin=1"/></net>

<net id="768"><net_src comp="88" pin="0"/><net_sink comp="761" pin=2"/></net>

<net id="774"><net_src comp="86" pin="0"/><net_sink comp="769" pin=0"/></net>

<net id="775"><net_src comp="359" pin="1"/><net_sink comp="769" pin=1"/></net>

<net id="776"><net_src comp="88" pin="0"/><net_sink comp="769" pin=2"/></net>

<net id="782"><net_src comp="86" pin="0"/><net_sink comp="777" pin=0"/></net>

<net id="783"><net_src comp="347" pin="1"/><net_sink comp="777" pin=1"/></net>

<net id="784"><net_src comp="88" pin="0"/><net_sink comp="777" pin=2"/></net>

<net id="788"><net_src comp="502" pin="1"/><net_sink comp="785" pin=0"/></net>

<net id="795"><net_src comp="92" pin="0"/><net_sink comp="789" pin=0"/></net>

<net id="796"><net_src comp="94" pin="0"/><net_sink comp="789" pin=2"/></net>

<net id="797"><net_src comp="96" pin="0"/><net_sink comp="789" pin=3"/></net>

<net id="801"><net_src comp="319" pin="3"/><net_sink comp="798" pin=0"/></net>

<net id="808"><net_src comp="92" pin="0"/><net_sink comp="802" pin=0"/></net>

<net id="809"><net_src comp="94" pin="0"/><net_sink comp="802" pin=2"/></net>

<net id="810"><net_src comp="96" pin="0"/><net_sink comp="802" pin=3"/></net>

<net id="820"><net_src comp="92" pin="0"/><net_sink comp="814" pin=0"/></net>

<net id="821"><net_src comp="94" pin="0"/><net_sink comp="814" pin=2"/></net>

<net id="822"><net_src comp="96" pin="0"/><net_sink comp="814" pin=3"/></net>

<net id="826"><net_src comp="325" pin="3"/><net_sink comp="823" pin=0"/></net>

<net id="833"><net_src comp="92" pin="0"/><net_sink comp="827" pin=0"/></net>

<net id="834"><net_src comp="94" pin="0"/><net_sink comp="827" pin=2"/></net>

<net id="835"><net_src comp="96" pin="0"/><net_sink comp="827" pin=3"/></net>

<net id="845"><net_src comp="92" pin="0"/><net_sink comp="839" pin=0"/></net>

<net id="846"><net_src comp="94" pin="0"/><net_sink comp="839" pin=2"/></net>

<net id="847"><net_src comp="96" pin="0"/><net_sink comp="839" pin=3"/></net>

<net id="852"><net_src comp="110" pin="0"/><net_sink comp="848" pin=0"/></net>

<net id="853"><net_src comp="347" pin="1"/><net_sink comp="848" pin=1"/></net>

<net id="858"><net_src comp="848" pin="2"/><net_sink comp="854" pin=0"/></net>

<net id="859"><net_src comp="359" pin="1"/><net_sink comp="854" pin=1"/></net>

<net id="864"><net_src comp="854" pin="2"/><net_sink comp="860" pin=0"/></net>

<net id="865"><net_src comp="371" pin="1"/><net_sink comp="860" pin=1"/></net>

<net id="870"><net_src comp="860" pin="2"/><net_sink comp="866" pin=0"/></net>

<net id="871"><net_src comp="383" pin="1"/><net_sink comp="866" pin=1"/></net>

<net id="876"><net_src comp="866" pin="2"/><net_sink comp="872" pin=0"/></net>

<net id="877"><net_src comp="395" pin="1"/><net_sink comp="872" pin=1"/></net>

<net id="882"><net_src comp="872" pin="2"/><net_sink comp="878" pin=0"/></net>

<net id="883"><net_src comp="407" pin="1"/><net_sink comp="878" pin=1"/></net>

<net id="888"><net_src comp="878" pin="2"/><net_sink comp="884" pin=0"/></net>

<net id="889"><net_src comp="419" pin="1"/><net_sink comp="884" pin=1"/></net>

<net id="894"><net_src comp="884" pin="2"/><net_sink comp="890" pin=0"/></net>

<net id="895"><net_src comp="431" pin="1"/><net_sink comp="890" pin=1"/></net>

<net id="900"><net_src comp="890" pin="2"/><net_sink comp="896" pin=0"/></net>

<net id="901"><net_src comp="443" pin="1"/><net_sink comp="896" pin=1"/></net>

<net id="906"><net_src comp="896" pin="2"/><net_sink comp="902" pin=0"/></net>

<net id="907"><net_src comp="455" pin="1"/><net_sink comp="902" pin=1"/></net>

<net id="913"><net_src comp="682" pin="1"/><net_sink comp="908" pin=0"/></net>

<net id="914"><net_src comp="679" pin="1"/><net_sink comp="908" pin=1"/></net>

<net id="915"><net_src comp="908" pin="3"/><net_sink comp="685" pin=1"/></net>

<net id="921"><net_src comp="694" pin="1"/><net_sink comp="916" pin=0"/></net>

<net id="922"><net_src comp="679" pin="1"/><net_sink comp="916" pin=1"/></net>

<net id="923"><net_src comp="916" pin="3"/><net_sink comp="698" pin=1"/></net>

<net id="929"><net_src comp="707" pin="1"/><net_sink comp="924" pin=0"/></net>

<net id="930"><net_src comp="679" pin="1"/><net_sink comp="924" pin=1"/></net>

<net id="931"><net_src comp="924" pin="3"/><net_sink comp="710" pin=1"/></net>

<net id="937"><net_src comp="719" pin="1"/><net_sink comp="932" pin=0"/></net>

<net id="938"><net_src comp="679" pin="1"/><net_sink comp="932" pin=1"/></net>

<net id="939"><net_src comp="932" pin="3"/><net_sink comp="723" pin=1"/></net>

<net id="945"><net_src comp="732" pin="1"/><net_sink comp="940" pin=0"/></net>

<net id="946"><net_src comp="679" pin="1"/><net_sink comp="940" pin=1"/></net>

<net id="947"><net_src comp="940" pin="3"/><net_sink comp="736" pin=1"/></net>

<net id="953"><net_src comp="785" pin="1"/><net_sink comp="948" pin=0"/></net>

<net id="954"><net_src comp="948" pin="3"/><net_sink comp="789" pin=1"/></net>

<net id="960"><net_src comp="798" pin="1"/><net_sink comp="955" pin=0"/></net>

<net id="961"><net_src comp="955" pin="3"/><net_sink comp="802" pin=1"/></net>

<net id="967"><net_src comp="811" pin="1"/><net_sink comp="962" pin=0"/></net>

<net id="968"><net_src comp="962" pin="3"/><net_sink comp="814" pin=1"/></net>

<net id="974"><net_src comp="823" pin="1"/><net_sink comp="969" pin=0"/></net>

<net id="975"><net_src comp="969" pin="3"/><net_sink comp="827" pin=1"/></net>

<net id="981"><net_src comp="836" pin="1"/><net_sink comp="976" pin=0"/></net>

<net id="982"><net_src comp="976" pin="3"/><net_sink comp="839" pin=1"/></net>

<net id="986"><net_src comp="506" pin="2"/><net_sink comp="983" pin=0"/></net>

<net id="990"><net_src comp="512" pin="2"/><net_sink comp="987" pin=0"/></net>

<net id="991"><net_src comp="987" pin="1"/><net_sink comp="471" pin=0"/></net>

<net id="995"><net_src comp="518" pin="1"/><net_sink comp="992" pin=0"/></net>

<net id="996"><net_src comp="992" pin="1"/><net_sink comp="331" pin=2"/></net>

<net id="997"><net_src comp="992" pin="1"/><net_sink comp="338" pin=2"/></net>

<net id="1001"><net_src comp="112" pin="3"/><net_sink comp="998" pin=0"/></net>

<net id="1002"><net_src comp="998" pin="1"/><net_sink comp="263" pin=0"/></net>

<net id="1006"><net_src comp="529" pin="2"/><net_sink comp="1003" pin=0"/></net>

<net id="1007"><net_src comp="1003" pin="1"/><net_sink comp="565" pin=0"/></net>

<net id="1011"><net_src comp="119" pin="3"/><net_sink comp="1008" pin=0"/></net>

<net id="1012"><net_src comp="1008" pin="1"/><net_sink comp="269" pin=0"/></net>

<net id="1016"><net_src comp="126" pin="3"/><net_sink comp="1013" pin=0"/></net>

<net id="1017"><net_src comp="1013" pin="1"/><net_sink comp="275" pin=0"/></net>

<net id="1021"><net_src comp="133" pin="3"/><net_sink comp="1018" pin=0"/></net>

<net id="1022"><net_src comp="1018" pin="1"/><net_sink comp="140" pin=0"/></net>

<net id="1026"><net_src comp="146" pin="3"/><net_sink comp="1023" pin=0"/></net>

<net id="1027"><net_src comp="1023" pin="1"/><net_sink comp="153" pin=0"/></net>

<net id="1031"><net_src comp="159" pin="3"/><net_sink comp="1028" pin=0"/></net>

<net id="1032"><net_src comp="1028" pin="1"/><net_sink comp="166" pin=0"/></net>

<net id="1036"><net_src comp="172" pin="3"/><net_sink comp="1033" pin=0"/></net>

<net id="1037"><net_src comp="1033" pin="1"/><net_sink comp="179" pin=0"/></net>

<net id="1041"><net_src comp="185" pin="3"/><net_sink comp="1038" pin=0"/></net>

<net id="1042"><net_src comp="1038" pin="1"/><net_sink comp="192" pin=0"/></net>

<net id="1046"><net_src comp="198" pin="3"/><net_sink comp="1043" pin=0"/></net>

<net id="1047"><net_src comp="1043" pin="1"/><net_sink comp="205" pin=0"/></net>

<net id="1051"><net_src comp="211" pin="3"/><net_sink comp="1048" pin=0"/></net>

<net id="1052"><net_src comp="1048" pin="1"/><net_sink comp="218" pin=0"/></net>

<net id="1056"><net_src comp="224" pin="3"/><net_sink comp="1053" pin=0"/></net>

<net id="1057"><net_src comp="1053" pin="1"/><net_sink comp="231" pin=0"/></net>

<net id="1061"><net_src comp="237" pin="3"/><net_sink comp="1058" pin=0"/></net>

<net id="1062"><net_src comp="1058" pin="1"/><net_sink comp="244" pin=0"/></net>

<net id="1066"><net_src comp="250" pin="3"/><net_sink comp="1063" pin=0"/></net>

<net id="1067"><net_src comp="1063" pin="1"/><net_sink comp="257" pin=0"/></net>

<net id="1071"><net_src comp="559" pin="2"/><net_sink comp="1068" pin=0"/></net>

<net id="1072"><net_src comp="1068" pin="1"/><net_sink comp="667" pin=0"/></net>

<net id="1073"><net_src comp="1068" pin="1"/><net_sink comp="672" pin=1"/></net>

<net id="1077"><net_src comp="281" pin="3"/><net_sink comp="1074" pin=0"/></net>

<net id="1078"><net_src comp="1074" pin="1"/><net_sink comp="263" pin=0"/></net>

<net id="1082"><net_src comp="288" pin="3"/><net_sink comp="1079" pin=0"/></net>

<net id="1083"><net_src comp="1079" pin="1"/><net_sink comp="269" pin=0"/></net>

<net id="1087"><net_src comp="295" pin="3"/><net_sink comp="1084" pin=0"/></net>

<net id="1088"><net_src comp="1084" pin="1"/><net_sink comp="275" pin=0"/></net>

<net id="1092"><net_src comp="302" pin="3"/><net_sink comp="1089" pin=0"/></net>

<net id="1093"><net_src comp="1089" pin="1"/><net_sink comp="319" pin=0"/></net>

<net id="1097"><net_src comp="309" pin="3"/><net_sink comp="1094" pin=0"/></net>

<net id="1098"><net_src comp="1094" pin="1"/><net_sink comp="325" pin=0"/></net>

<net id="1102"><net_src comp="577" pin="2"/><net_sink comp="1099" pin=0"/></net>

<net id="1103"><net_src comp="1099" pin="1"/><net_sink comp="482" pin=0"/></net>

<net id="1107"><net_src comp="619" pin="3"/><net_sink comp="1104" pin=0"/></net>

<net id="1108"><net_src comp="1104" pin="1"/><net_sink comp="679" pin=0"/></net>

<net id="1112"><net_src comp="263" pin="3"/><net_sink comp="1109" pin=0"/></net>

<net id="1113"><net_src comp="1109" pin="1"/><net_sink comp="682" pin=0"/></net>

<net id="1117"><net_src comp="627" pin="3"/><net_sink comp="1114" pin=0"/></net>

<net id="1118"><net_src comp="1114" pin="1"/><net_sink comp="908" pin=1"/></net>

<net id="1122"><net_src comp="635" pin="3"/><net_sink comp="1119" pin=0"/></net>

<net id="1123"><net_src comp="1119" pin="1"/><net_sink comp="916" pin=1"/></net>

<net id="1127"><net_src comp="269" pin="3"/><net_sink comp="1124" pin=0"/></net>

<net id="1128"><net_src comp="1124" pin="1"/><net_sink comp="707" pin=0"/></net>

<net id="1132"><net_src comp="643" pin="3"/><net_sink comp="1129" pin=0"/></net>

<net id="1133"><net_src comp="1129" pin="1"/><net_sink comp="924" pin=1"/></net>

<net id="1137"><net_src comp="651" pin="3"/><net_sink comp="1134" pin=0"/></net>

<net id="1138"><net_src comp="1134" pin="1"/><net_sink comp="932" pin=1"/></net>

<net id="1142"><net_src comp="659" pin="3"/><net_sink comp="1139" pin=0"/></net>

<net id="1143"><net_src comp="1139" pin="1"/><net_sink comp="940" pin=1"/></net>

<net id="1147"><net_src comp="672" pin="3"/><net_sink comp="1144" pin=0"/></net>

<net id="1148"><net_src comp="1144" pin="1"/><net_sink comp="494" pin=0"/></net>

<net id="1152"><net_src comp="331" pin="3"/><net_sink comp="1149" pin=0"/></net>

<net id="1153"><net_src comp="1149" pin="1"/><net_sink comp="319" pin=0"/></net>

<net id="1157"><net_src comp="338" pin="3"/><net_sink comp="1154" pin=0"/></net>

<net id="1158"><net_src comp="1154" pin="1"/><net_sink comp="325" pin=0"/></net>

<net id="1162"><net_src comp="679" pin="1"/><net_sink comp="1159" pin=0"/></net>

<net id="1163"><net_src comp="1159" pin="1"/><net_sink comp="948" pin=1"/></net>

<net id="1164"><net_src comp="1159" pin="1"/><net_sink comp="955" pin=1"/></net>

<net id="1165"><net_src comp="1159" pin="1"/><net_sink comp="962" pin=1"/></net>

<net id="1166"><net_src comp="1159" pin="1"/><net_sink comp="969" pin=1"/></net>

<net id="1167"><net_src comp="1159" pin="1"/><net_sink comp="976" pin=1"/></net>

<net id="1171"><net_src comp="685" pin="4"/><net_sink comp="1168" pin=0"/></net>

<net id="1172"><net_src comp="1168" pin="1"/><net_sink comp="459" pin=0"/></net>

<net id="1176"><net_src comp="698" pin="4"/><net_sink comp="1173" pin=0"/></net>

<net id="1177"><net_src comp="1173" pin="1"/><net_sink comp="447" pin=0"/></net>

<net id="1181"><net_src comp="710" pin="4"/><net_sink comp="1178" pin=0"/></net>

<net id="1182"><net_src comp="1178" pin="1"/><net_sink comp="435" pin=0"/></net>

<net id="1186"><net_src comp="723" pin="4"/><net_sink comp="1183" pin=0"/></net>

<net id="1187"><net_src comp="1183" pin="1"/><net_sink comp="423" pin=0"/></net>

<net id="1191"><net_src comp="736" pin="4"/><net_sink comp="1188" pin=0"/></net>

<net id="1192"><net_src comp="1188" pin="1"/><net_sink comp="411" pin=0"/></net>

<net id="1196"><net_src comp="745" pin="3"/><net_sink comp="1193" pin=0"/></net>

<net id="1197"><net_src comp="1193" pin="1"/><net_sink comp="948" pin=1"/></net>

<net id="1201"><net_src comp="753" pin="3"/><net_sink comp="1198" pin=0"/></net>

<net id="1202"><net_src comp="1198" pin="1"/><net_sink comp="955" pin=1"/></net>

<net id="1206"><net_src comp="319" pin="3"/><net_sink comp="1203" pin=0"/></net>

<net id="1207"><net_src comp="1203" pin="1"/><net_sink comp="811" pin=0"/></net>

<net id="1211"><net_src comp="761" pin="3"/><net_sink comp="1208" pin=0"/></net>

<net id="1212"><net_src comp="1208" pin="1"/><net_sink comp="962" pin=1"/></net>

<net id="1216"><net_src comp="769" pin="3"/><net_sink comp="1213" pin=0"/></net>

<net id="1217"><net_src comp="1213" pin="1"/><net_sink comp="969" pin=1"/></net>

<net id="1221"><net_src comp="325" pin="3"/><net_sink comp="1218" pin=0"/></net>

<net id="1222"><net_src comp="1218" pin="1"/><net_sink comp="836" pin=0"/></net>

<net id="1226"><net_src comp="777" pin="3"/><net_sink comp="1223" pin=0"/></net>

<net id="1227"><net_src comp="1223" pin="1"/><net_sink comp="976" pin=1"/></net>

<net id="1231"><net_src comp="789" pin="4"/><net_sink comp="1228" pin=0"/></net>

<net id="1232"><net_src comp="1228" pin="1"/><net_sink comp="399" pin=0"/></net>

<net id="1236"><net_src comp="802" pin="4"/><net_sink comp="1233" pin=0"/></net>

<net id="1237"><net_src comp="1233" pin="1"/><net_sink comp="387" pin=0"/></net>

<net id="1241"><net_src comp="814" pin="4"/><net_sink comp="1238" pin=0"/></net>

<net id="1242"><net_src comp="1238" pin="1"/><net_sink comp="375" pin=0"/></net>

<net id="1246"><net_src comp="827" pin="4"/><net_sink comp="1243" pin=0"/></net>

<net id="1247"><net_src comp="1243" pin="1"/><net_sink comp="363" pin=0"/></net>

<net id="1251"><net_src comp="839" pin="4"/><net_sink comp="1248" pin=0"/></net>

<net id="1252"><net_src comp="1248" pin="1"/><net_sink comp="351" pin=0"/></net>

</net_list>

</model> 
---------------- Datapath Model END ------------------

* FSMD analyzer results:
  - Output states:
 - Input state : 
	Port: lstm_infer_Loop_3_pr : fc1_out_0_V | {2 3 }
	Port: lstm_infer_Loop_3_pr : fc1_out_1_V | {2 3 }
	Port: lstm_infer_Loop_3_pr : fc1_out_2_V | {2 3 }
	Port: lstm_infer_Loop_3_pr : fc1_out_3_V | {2 3 }
	Port: lstm_infer_Loop_3_pr : fc1_out_4_V | {2 3 }
	Port: lstm_infer_Loop_3_pr : fc1_out_5_V | {2 3 }
	Port: lstm_infer_Loop_3_pr : fc1_out_6_V | {2 3 }
	Port: lstm_infer_Loop_3_pr : fc1_out_7_V | {2 3 }
	Port: lstm_infer_Loop_3_pr : fc1_out_8_V | {2 3 }
	Port: lstm_infer_Loop_3_pr : fc1_out_9_V | {2 3 }
	Port: lstm_infer_Loop_3_pr : Weight_fc2_V_0 | {2 3 4 }
	Port: lstm_infer_Loop_3_pr : Weight_fc2_V_1 | {2 3 4 }
	Port: lstm_infer_Loop_3_pr : Weight_fc2_V_2 | {2 3 4 }
	Port: lstm_infer_Loop_3_pr : Weight_fc2_V_3 | {3 4 5 }
	Port: lstm_infer_Loop_3_pr : Weight_fc2_V_4 | {3 4 5 }
  - Chain level:
	State 1
	State 2
		exitcond5 : 1
		j : 1
		StgValue_29 : 2
		tmp_16 : 1
		tmp_16_cast : 1
		Weight_fc2_V_0_addr : 2
		tmp : 2
		Weight_fc2_V_1_addr : 2
		Weight_fc2_V_2_addr : 2
		tmp_117 : 1
		newIndex5 : 2
		fc1_out_0_V_addr : 3
		fc1_out_0_V_load : 4
		fc1_out_1_V_addr : 3
		fc1_out_1_V_load : 4
		fc1_out_2_V_addr : 3
		fc1_out_2_V_load : 4
		fc1_out_3_V_addr : 3
		fc1_out_3_V_load : 4
		fc1_out_4_V_addr : 3
		fc1_out_4_V_load : 4
		fc1_out_5_V_addr : 3
		fc1_out_5_V_load : 4
		fc1_out_6_V_addr : 3
		fc1_out_6_V_load : 4
		fc1_out_7_V_addr : 3
		fc1_out_7_V_load : 4
		fc1_out_8_V_addr : 3
		fc1_out_8_V_load : 4
		fc1_out_9_V_addr : 3
		fc1_out_9_V_load : 4
		Weight_fc2_V_0_load : 3
		Weight_fc2_V_1_load : 3
		Weight_fc2_V_2_load : 3
	State 3
		Weight_fc2_V_0_addr_1 : 1
		Weight_fc2_V_1_addr_1 : 1
		Weight_fc2_V_2_addr_1 : 1
		Weight_fc2_V_3_addr_1 : 1
		Weight_fc2_V_4_addr_1 : 1
		fc1_V : 1
		tmp_17 : 2
		tmp_118 : 2
		tmp_119 : 3
		Weight_fc2_V_0_load_1 : 2
		Weight_fc2_V_1_load_1 : 2
		Weight_fc2_V_2_load_1 : 2
		Weight_fc2_V_3_load_1 : 2
		Weight_fc2_V_4_load_1 : 2
	State 4
		idx_urem : 1
		r_V_9 : 1
		r_V_9_cast : 2
		ret_V_5 : 3
		fc2_out_0_V : 4
		r_V_6_1_cast_cast : 1
		r_V_9_1 : 2
		r_V_9_1_cast : 3
		ret_V_5_1 : 4
		fc2_out_1_V : 5
		r_V_9_2 : 1
		r_V_9_2_cast : 2
		ret_V_5_2 : 3
		fc2_out_2_V : 4
		r_V_6_3_cast_cast : 1
		r_V_9_3 : 2
		r_V_9_3_cast : 3
		ret_V_5_3 : 4
		fc2_out_3_V : 5
		r_V_9_4 : 1
		r_V_9_4_cast : 2
		ret_V_5_4 : 3
		fc2_out_4_V : 4
		Weight_fc2_V_3_load : 1
		Weight_fc2_V_4_load : 1
	State 5
		r_V_9_5 : 1
		r_V_9_5_cast : 2
		ret_V_5_5 : 3
		fc2_out_5_V : 4
		r_V_6_6_cast_cast : 1
		r_V_9_6 : 2
		r_V_9_6_cast : 3
		ret_V_5_6 : 4
		fc2_out_6_V : 5
		r_V_9_7 : 1
		r_V_9_7_cast : 2
		ret_V_5_7 : 3
		fc2_out_7_V : 4
		r_V_6_8_cast_cast : 1
		r_V_9_8 : 2
		r_V_9_8_cast : 3
		ret_V_5_8 : 4
		fc2_out_8_V : 5
		r_V_9_9 : 1
		r_V_9_9_cast : 2
		ret_V_5_9 : 3
		fc2_out_9_V : 4
		empty_50 : 1
	State 6
		mrv_1 : 1
		mrv_2 : 2
		mrv_3 : 3
		mrv_4 : 4
		mrv_5 : 5
		mrv_6 : 6
		mrv_7 : 7
		mrv_8 : 8
		mrv_9 : 9
		StgValue_180 : 10


============================================================
+ Verbose Summary: Datapath Resource usage 
============================================================

* Functional unit list:
|----------|--------------------------|---------|---------|---------|
| Operation|      Functional Unit     |  DSP48E |    FF   |   LUT   |
|----------|--------------------------|---------|---------|---------|
|    mux   |       fc1_V_fu_583       |    0    |    0    |    47   |
|----------|--------------------------|---------|---------|---------|
|          |         j_fu_512         |    0    |    0    |    6    |
|    add   |        tmp_fu_529        |    0    |    0    |    7    |
|          |     next_urem_fu_559     |    0    |    0    |    6    |
|          |      next_mul_fu_577     |    0    |    0    |    13   |
|----------|--------------------------|---------|---------|---------|
|  select  |      tmp_119_fu_619      |    0    |    0    |    15   |
|          |      idx_urem_fu_672     |    0    |    0    |    6    |
|----------|--------------------------|---------|---------|---------|
|          |     exitcond5_fu_506     |    0    |    0    |    3    |
|   icmp   |       tmp_17_fu_609      |    0    |    0    |    7    |
|          |      tmp_116_fu_667      |    0    |    0    |    3    |
|----------|--------------------------|---------|---------|---------|
|          |        grp_fu_908        |    1    |    0    |    0    |
|          |        grp_fu_916        |    1    |    0    |    0    |
|          |        grp_fu_924        |    1    |    0    |    0    |
|          |        grp_fu_932        |    1    |    0    |    0    |
|  muladd  |        grp_fu_940        |    1    |    0    |    0    |
|          |        grp_fu_948        |    1    |    0    |    0    |
|          |        grp_fu_955        |    1    |    0    |    0    |
|          |        grp_fu_962        |    1    |    0    |    0    |
|          |        grp_fu_969        |    1    |    0    |    0    |
|          |        grp_fu_976        |    1    |    0    |    0    |
|----------|--------------------------|---------|---------|---------|
|          |       tmp_16_fu_518      |    0    |    0    |    0    |
|          |    tmp_16_cast_fu_525    |    0    |    0    |    0    |
|   zext   |     newIndex5_fu_545     |    0    |    0    |    0    |
|          |      tmp_cast_fu_565     |    0    |    0    |    0    |
|          |    arrayNo_cast_fu_573   |    0    |    0    |    0    |
|          |  tmp_18_cast_cast_fu_679 |    0    |    0    |    0    |
|----------|--------------------------|---------|---------|---------|
|          |      tmp_117_fu_535      |    0    |    0    |    0    |
|          |    fc2_out_0_V_fu_685    |    0    |    0    |    0    |
|          |    fc2_out_1_V_fu_698    |    0    |    0    |    0    |
|          |    fc2_out_2_V_fu_710    |    0    |    0    |    0    |
|          |    fc2_out_3_V_fu_723    |    0    |    0    |    0    |
|partselect|    fc2_out_4_V_fu_736    |    0    |    0    |    0    |
|          |    fc2_out_5_V_fu_789    |    0    |    0    |    0    |
|          |    fc2_out_6_V_fu_802    |    0    |    0    |    0    |
|          |    fc2_out_7_V_fu_814    |    0    |    0    |    0    |
|          |    fc2_out_8_V_fu_827    |    0    |    0    |    0    |
|          |    fc2_out_9_V_fu_839    |    0    |    0    |    0    |
|----------|--------------------------|---------|---------|---------|
|   trunc  |      tmp_118_fu_615      |    0    |    0    |    0    |
|----------|--------------------------|---------|---------|---------|
|          |      lhs_V_3_fu_627      |    0    |    0    |    0    |
|          |     lhs_V_3_1_fu_635     |    0    |    0    |    0    |
|          |     lhs_V_3_2_fu_643     |    0    |    0    |    0    |
|          |     lhs_V_3_3_fu_651     |    0    |    0    |    0    |
|bitconcatenate|     lhs_V_3_4_fu_659     |    0    |    0    |    0    |
|          |     lhs_V_3_5_fu_745     |    0    |    0    |    0    |
|          |     lhs_V_3_6_fu_753     |    0    |    0    |    0    |
|          |     lhs_V_3_7_fu_761     |    0    |    0    |    0    |
|          |     lhs_V_3_8_fu_769     |    0    |    0    |    0    |
|          |     lhs_V_3_9_fu_777     |    0    |    0    |    0    |
|----------|--------------------------|---------|---------|---------|
|          |  r_V_6_cast_cast_fu_682  |    0    |    0    |    0    |
|          | r_V_6_1_cast_cast_fu_694 |    0    |    0    |    0    |
|          | r_V_6_2_cast_cast_fu_707 |    0    |    0    |    0    |
|          | r_V_6_3_cast_cast_fu_719 |    0    |    0    |    0    |
|   sext   | r_V_6_4_cast_cast_fu_732 |    0    |    0    |    0    |
|          | r_V_6_5_cast_cast_fu_785 |    0    |    0    |    0    |
|          | r_V_6_6_cast_cast_fu_798 |    0    |    0    |    0    |
|          | r_V_6_7_cast_cast_fu_811 |    0    |    0    |    0    |
|          | r_V_6_8_cast_cast_fu_823 |    0    |    0    |    0    |
|          | r_V_6_9_cast_cast_fu_836 |    0    |    0    |    0    |
|----------|--------------------------|---------|---------|---------|
|          |        mrv_fu_848        |    0    |    0    |    0    |
|          |       mrv_1_fu_854       |    0    |    0    |    0    |
|          |       mrv_2_fu_860       |    0    |    0    |    0    |
|          |       mrv_3_fu_866       |    0    |    0    |    0    |
|insertvalue|       mrv_4_fu_872       |    0    |    0    |    0    |
|          |       mrv_5_fu_878       |    0    |    0    |    0    |
|          |       mrv_6_fu_884       |    0    |    0    |    0    |
|          |       mrv_7_fu_890       |    0    |    0    |    0    |
|          |       mrv_8_fu_896       |    0    |    0    |    0    |
|          |       mrv_9_fu_902       |    0    |    0    |    0    |
|----------|--------------------------|---------|---------|---------|
|   Total  |                          |    10   |    0    |   113   |
|----------|--------------------------|---------|---------|---------|

Memories:
N/A

* Register list:
+------------------------------+--------+
|                              |   FF   |
+------------------------------+--------+
|Weight_fc2_V_0_addr_1_reg_1074|    7   |
|  Weight_fc2_V_0_addr_reg_998 |    7   |
| Weight_fc2_V_0_load_reg_1109 |    7   |
|Weight_fc2_V_1_addr_1_reg_1079|    7   |
| Weight_fc2_V_1_addr_reg_1008 |    7   |
| Weight_fc2_V_1_load_reg_1124 |    7   |
|Weight_fc2_V_2_addr_1_reg_1084|    7   |
| Weight_fc2_V_2_addr_reg_1013 |    7   |
|Weight_fc2_V_3_addr_1_reg_1089|    7   |
| Weight_fc2_V_3_addr_reg_1149 |    7   |
|Weight_fc2_V_3_load_1_reg_1203|    7   |
|Weight_fc2_V_4_addr_1_reg_1094|    7   |
| Weight_fc2_V_4_addr_reg_1154 |    7   |
|Weight_fc2_V_4_load_1_reg_1218|    7   |
|       exitcond5_reg_983      |    1   |
|   fc1_out_0_V_addr_reg_1018  |    3   |
|   fc1_out_1_V_addr_reg_1023  |    3   |
|   fc1_out_2_V_addr_reg_1028  |    3   |
|   fc1_out_3_V_addr_reg_1033  |    3   |
|   fc1_out_4_V_addr_reg_1038  |    3   |
|   fc1_out_5_V_addr_reg_1043  |    3   |
|   fc1_out_6_V_addr_reg_1048  |    3   |
|   fc1_out_7_V_addr_reg_1053  |    3   |
|   fc1_out_8_V_addr_reg_1058  |    3   |
|   fc1_out_9_V_addr_reg_1063  |    3   |
|     fc2_out_0_V_reg_1168     |   16   |
|     fc2_out_1_V_reg_1173     |   16   |
|     fc2_out_2_V_reg_1178     |   16   |
|     fc2_out_3_V_reg_1183     |   16   |
|     fc2_out_4_V_reg_1188     |   16   |
|     fc2_out_5_V_reg_1228     |   16   |
|     fc2_out_6_V_reg_1233     |   16   |
|     fc2_out_7_V_reg_1238     |   16   |
|     fc2_out_8_V_reg_1243     |   16   |
|     fc2_out_9_V_reg_1248     |   16   |
|    fc2_out_V_0_out_reg_455   |   16   |
|    fc2_out_V_1_out_reg_443   |   16   |
|    fc2_out_V_2_out_reg_431   |   16   |
|    fc2_out_V_3_out_reg_419   |   16   |
|    fc2_out_V_4_out_reg_407   |   16   |
|    fc2_out_V_5_out_reg_395   |   16   |
|    fc2_out_V_6_out_reg_383   |   16   |
|    fc2_out_V_7_out_reg_371   |   16   |
|    fc2_out_V_8_out_reg_359   |   16   |
|    fc2_out_V_9_out_reg_347   |   16   |
|       idx_urem_reg_1144      |    6   |
|          j8_reg_467          |    6   |
|           j_reg_987          |    6   |
|      lhs_V_3_1_reg_1119      |   23   |
|      lhs_V_3_2_reg_1129      |   23   |
|      lhs_V_3_3_reg_1134      |   23   |
|      lhs_V_3_4_reg_1139      |   23   |
|      lhs_V_3_5_reg_1193      |   23   |
|      lhs_V_3_6_reg_1198      |   23   |
|      lhs_V_3_7_reg_1208      |   23   |
|      lhs_V_3_8_reg_1213      |   23   |
|      lhs_V_3_9_reg_1223      |   23   |
|       lhs_V_3_reg_1114       |   23   |
|       next_mul_reg_1099      |   13   |
|      next_urem_reg_1068      |    6   |
|        phi_mul_reg_478       |   13   |
|       phi_urem_reg_490       |    6   |
|            reg_502           |    7   |
|       tmp_119_reg_1104       |   15   |
|        tmp_16_reg_992        |   64   |
|   tmp_18_cast_cast_reg_1159  |   22   |
|         tmp_reg_1003         |    7   |
+------------------------------+--------+
|             Total            |   850  |
+------------------------------+--------+

* Multiplexer (MUX) list: 
|-------------------------|------|------|------|--------||---------||---------|
|           Comp          |  Pin | Size |  BW  | S x BW ||  Delay  ||   LUT   |
|-------------------------|------|------|------|--------||---------||---------|
|    grp_access_fu_140    |  p0  |   2  |   3  |    6   ||    3    |
|    grp_access_fu_153    |  p0  |   2  |   3  |    6   ||    3    |
|    grp_access_fu_166    |  p0  |   2  |   3  |    6   ||    3    |
|    grp_access_fu_179    |  p0  |   2  |   3  |    6   ||    3    |
|    grp_access_fu_192    |  p0  |   2  |   3  |    6   ||    3    |
|    grp_access_fu_205    |  p0  |   2  |   3  |    6   ||    3    |
|    grp_access_fu_218    |  p0  |   2  |   3  |    6   ||    3    |
|    grp_access_fu_231    |  p0  |   2  |   3  |    6   ||    3    |
|    grp_access_fu_244    |  p0  |   2  |   3  |    6   ||    3    |
|    grp_access_fu_257    |  p0  |   2  |   3  |    6   ||    3    |
|    grp_access_fu_263    |  p0  |   4  |   7  |   28   ||    3    |
|    grp_access_fu_269    |  p0  |   4  |   7  |   28   ||    3    |
|    grp_access_fu_275    |  p0  |   4  |   7  |   28   ||    3    |
|    grp_access_fu_319    |  p0  |   4  |   7  |   28   ||    3    |
|    grp_access_fu_325    |  p0  |   4  |   7  |   28   ||    3    |
| fc2_out_V_9_out_reg_347 |  p0  |   2  |  16  |   32   ||    3    |
| fc2_out_V_8_out_reg_359 |  p0  |   2  |  16  |   32   ||    3    |
| fc2_out_V_7_out_reg_371 |  p0  |   2  |  16  |   32   ||    3    |
| fc2_out_V_6_out_reg_383 |  p0  |   2  |  16  |   32   ||    3    |
| fc2_out_V_5_out_reg_395 |  p0  |   2  |  16  |   32   ||    3    |
| fc2_out_V_4_out_reg_407 |  p0  |   2  |  16  |   32   ||    3    |
| fc2_out_V_3_out_reg_419 |  p0  |   2  |  16  |   32   ||    3    |
| fc2_out_V_2_out_reg_431 |  p0  |   2  |  16  |   32   ||    3    |
| fc2_out_V_1_out_reg_443 |  p0  |   2  |  16  |   32   ||    3    |
| fc2_out_V_0_out_reg_455 |  p0  |   2  |  16  |   32   ||    3    |
|     phi_mul_reg_478     |  p0  |   2  |  13  |   26   ||    3    |
|     phi_urem_reg_490    |  p0  |   2  |   6  |   12   ||    3    |
|        grp_fu_908       |  p1  |   2  |  15  |   30   ||    3    |
|        grp_fu_916       |  p1  |   2  |  15  |   30   ||    3    |
|        grp_fu_924       |  p1  |   2  |  15  |   30   ||    3    |
|        grp_fu_932       |  p1  |   2  |  15  |   30   ||    3    |
|        grp_fu_940       |  p1  |   2  |  15  |   30   ||    3    |
|        grp_fu_948       |  p1  |   2  |  15  |   30   ||    3    |
|        grp_fu_955       |  p1  |   2  |  15  |   30   ||    3    |
|        grp_fu_962       |  p1  |   2  |  15  |   30   ||    3    |
|        grp_fu_969       |  p1  |   2  |  15  |   30   ||    3    |
|        grp_fu_976       |  p1  |   2  |  15  |   30   ||    3    |
|-------------------------|------|------|------|--------||---------||---------|
|          Total          |      |      |      |   858  ||  20.337 ||   111   |
|-------------------------|------|------|------|--------||---------||---------|



* Summary:
+-----------+--------+--------+--------+--------+
|           | DSP48E |  Delay |   FF   |   LUT  |
+-----------+--------+--------+--------+--------+
|  Function |   10   |    -   |    0   |   113  |
|   Memory  |    -   |    -   |    -   |    -   |
|Multiplexer|    -   |   20   |    -   |   111  |
|  Register |    -   |    -   |   850  |    -   |
+-----------+--------+--------+--------+--------+
|   Total   |   10   |   20   |   850  |   224  |
+-----------+--------+--------+--------+--------+
