

================================================================
== Vivado HLS Report for 'lstm_infer_Block_pr'
================================================================
* Date:           Sat Apr 19 01:59:34 2025

* Version:        2018.3 (Build 2405991 on Thu Dec 06 23:56:15 MST 2018)
* Project:        bi_lstm
* Solution:       solution1
* Product family: zynq
* Target device:  xc7z020clg400-2


================================================================
== Performance Estimates
================================================================
+ Timing (ns): 
    * Summary: 
    +--------+-------+----------+------------+
    |  Clock | Target| Estimated| Uncertainty|
    +--------+-------+----------+------------+
    |ap_clk  |  10.00|     7.594|        1.25|
    +--------+-------+----------+------------+

+ Latency (clock cycles): 
    * Summary: 
    +-----+-----+-----+-----+---------+
    |  Latency  |  Interval | Pipeline|
    | min | max | min | max |   Type  |
    +-----+-----+-----+-----+---------+
    |    2|    2|    2|    2|   none  |
    +-----+-----+-----+-----+---------+

    + Detail: 
        * Instance: 
        N/A

        * Loop: 
        N/A



================================================================
== Utilization Estimates
================================================================
* Summary: 
+-----------------+---------+-------+--------+-------+
|       Name      | BRAM_18K| DSP48E|   FF   |  LUT  |
+-----------------+---------+-------+--------+-------+
|DSP              |        -|      -|       -|      -|
|Expression       |        -|      -|     400|   6021|
|FIFO             |        -|      -|       -|      -|
|Instance         |        -|      -|       -|      -|
|Memory           |        -|      -|       -|      -|
|Multiplexer      |        -|      -|       -|      6|
|Register         |        -|      -|    1114|      -|
+-----------------+---------+-------+--------+-------+
|Total            |        0|      0|    1514|   6027|
+-----------------+---------+-------+--------+-------+
|Available        |      280|    220|  106400|  53200|
+-----------------+---------+-------+--------+-------+
|Utilization (%)  |        0|      0|       1|     11|
+-----------------+---------+-------+--------+-------+

+ Detail: 
    * Instance: 
    N/A

    * DSP48: 
    N/A

    * Memory: 
    N/A

    * FIFO: 
    N/A

    * Expression: 
    +----------------------------------+----------+-------+----+----+------------+------------+
    |           Variable Name          | Operation| DSP48E| FF | LUT| Bitwidth P0| Bitwidth P1|
    +----------------------------------+----------+-------+----+----+------------+------------+
    |lsb_index_1_i_fu_1114_p2          |     +    |      0|   0|  32|           6|          32|
    |lsb_index_2_i_fu_1276_p2          |     +    |      0|   0|  32|           6|          32|
    |lsb_index_3_i_fu_1438_p2          |     +    |      0|   0|  32|           6|          32|
    |lsb_index_4_i_fu_1600_p2          |     +    |      0|   0|  32|           6|          32|
    |lsb_index_5_i_fu_1762_p2          |     +    |      0|   0|  32|           6|          32|
    |lsb_index_6_i_fu_1924_p2          |     +    |      0|   0|  32|           6|          32|
    |lsb_index_7_i_fu_2086_p2          |     +    |      0|   0|  32|           6|          32|
    |lsb_index_8_i_fu_2248_p2          |     +    |      0|   0|  32|           6|          32|
    |lsb_index_9_i_fu_2410_p2          |     +    |      0|   0|  32|           6|          32|
    |lsb_index_i_fu_952_p2             |     +    |      0|   0|  32|           6|          32|
    |m_2_1_i_fu_1252_p2                |     +    |      0|   0|  32|          32|          32|
    |m_2_2_i_fu_1414_p2                |     +    |      0|   0|  32|          32|          32|
    |m_2_3_i_fu_1576_p2                |     +    |      0|   0|  32|          32|          32|
    |m_2_4_i_fu_1738_p2                |     +    |      0|   0|  32|          32|          32|
    |m_2_5_i_fu_1900_p2                |     +    |      0|   0|  32|          32|          32|
    |m_2_6_i_fu_2062_p2                |     +    |      0|   0|  32|          32|          32|
    |m_2_7_i_fu_2224_p2                |     +    |      0|   0|  32|          32|          32|
    |m_2_8_i_fu_2386_p2                |     +    |      0|   0|  32|          32|          32|
    |m_2_9_i_fu_2548_p2                |     +    |      0|   0|  32|          32|          32|
    |m_2_i_fu_1090_p2                  |     +    |      0|   0|  32|          32|          32|
    |p_Repl2_2_trunc_1_s_fu_2639_p2    |     +    |      0|   0|   8|           8|           8|
    |p_Repl2_2_trunc_2_s_fu_2691_p2    |     +    |      0|   0|   8|           8|           8|
    |p_Repl2_2_trunc_3_s_fu_2743_p2    |     +    |      0|   0|   8|           8|           8|
    |p_Repl2_2_trunc_4_s_fu_2795_p2    |     +    |      0|   0|   8|           8|           8|
    |p_Repl2_2_trunc_5_s_fu_2847_p2    |     +    |      0|   0|   8|           8|           8|
    |p_Repl2_2_trunc_6_s_fu_2899_p2    |     +    |      0|   0|   8|           8|           8|
    |p_Repl2_2_trunc_7_s_fu_2951_p2    |     +    |      0|   0|   8|           8|           8|
    |p_Repl2_2_trunc_8_s_fu_3003_p2    |     +    |      0|   0|   8|           8|           8|
    |p_Repl2_2_trunc_9_s_fu_3055_p2    |     +    |      0|   0|   8|           8|           8|
    |p_Repl2_2_trunc_i_fu_2587_p2      |     +    |      0|   0|   8|           8|           8|
    |tmp_79_1_i_fu_1181_p2             |     +    |      0|   0|  16|           6|          16|
    |tmp_79_2_i_fu_1343_p2             |     +    |      0|   0|  16|           6|          16|
    |tmp_79_3_i_fu_1505_p2             |     +    |      0|   0|  16|           6|          16|
    |tmp_79_4_i_fu_1667_p2             |     +    |      0|   0|  16|           6|          16|
    |tmp_79_5_i_fu_1829_p2             |     +    |      0|   0|  16|           6|          16|
    |tmp_79_6_i_fu_1991_p2             |     +    |      0|   0|  16|           6|          16|
    |tmp_79_7_i_fu_2153_p2             |     +    |      0|   0|  16|           6|          16|
    |tmp_79_8_i_fu_2315_p2             |     +    |      0|   0|  16|           6|          16|
    |tmp_79_9_i_fu_2477_p2             |     +    |      0|   0|  16|           6|          16|
    |tmp_79_i_fu_1019_p2               |     +    |      0|   0|  16|           6|          16|
    |tmp_851_i_fu_1060_p2              |     +    |      0|   0|  32|           6|          32|
    |tmp_85_1_i_fu_1222_p2             |     +    |      0|   0|  32|           6|          32|
    |tmp_85_2_i_fu_1384_p2             |     +    |      0|   0|  32|           6|          32|
    |tmp_85_3_i_fu_1546_p2             |     +    |      0|   0|  32|           6|          32|
    |tmp_85_4_i_fu_1708_p2             |     +    |      0|   0|  32|           6|          32|
    |tmp_85_5_i_fu_1870_p2             |     +    |      0|   0|  32|           6|          32|
    |tmp_85_6_i_fu_2032_p2             |     +    |      0|   0|  32|           6|          32|
    |tmp_85_7_i_fu_2194_p2             |     +    |      0|   0|  32|           6|          32|
    |tmp_85_8_i_fu_2356_p2             |     +    |      0|   0|  32|           6|          32|
    |tmp_85_9_i_fu_2518_p2             |     +    |      0|   0|  32|           6|          32|
    |tmp_100_i_fu_2634_p2              |     -    |      0|   0|   8|           3|           8|
    |tmp_108_i_fu_2686_p2              |     -    |      0|   0|   8|           3|           8|
    |tmp_116_i_fu_2738_p2              |     -    |      0|   0|   8|           3|           8|
    |tmp_124_i_fu_2790_p2              |     -    |      0|   0|   8|           3|           8|
    |tmp_132_fu_973_p2                 |     -    |      0|   0|   7|           4|           5|
    |tmp_132_i_fu_2842_p2              |     -    |      0|   0|   8|           3|           8|
    |tmp_140_i_fu_2894_p2              |     -    |      0|   0|   8|           3|           8|
    |tmp_143_fu_1135_p2                |     -    |      0|   0|   7|           4|           5|
    |tmp_148_i_fu_2946_p2              |     -    |      0|   0|   8|           3|           8|
    |tmp_154_fu_1297_p2                |     -    |      0|   0|   7|           4|           5|
    |tmp_156_i_fu_2998_p2              |     -    |      0|   0|   8|           3|           8|
    |tmp_164_i_fu_3050_p2              |     -    |      0|   0|   8|           3|           8|
    |tmp_165_fu_1459_p2                |     -    |      0|   0|   7|           4|           5|
    |tmp_176_fu_1621_p2                |     -    |      0|   0|   7|           4|           5|
    |tmp_187_fu_1783_p2                |     -    |      0|   0|   7|           4|           5|
    |tmp_198_fu_1945_p2                |     -    |      0|   0|   7|           4|           5|
    |tmp_209_fu_2107_p2                |     -    |      0|   0|   7|           4|           5|
    |tmp_220_fu_2269_p2                |     -    |      0|   0|   7|           4|           5|
    |tmp_231_fu_2431_p2                |     -    |      0|   0|   7|           4|           5|
    |tmp_741_i_fu_286_p2               |     -    |      0|   0|  32|           5|          32|
    |tmp_74_1_i_fu_358_p2              |     -    |      0|   0|  32|           5|          32|
    |tmp_74_2_i_fu_430_p2              |     -    |      0|   0|  32|           5|          32|
    |tmp_74_3_i_fu_502_p2              |     -    |      0|   0|  32|           5|          32|
    |tmp_74_4_i_fu_574_p2              |     -    |      0|   0|  32|           5|          32|
    |tmp_74_5_i_fu_646_p2              |     -    |      0|   0|  32|           5|          32|
    |tmp_74_6_i_fu_718_p2              |     -    |      0|   0|  32|           5|          32|
    |tmp_74_7_i_fu_790_p2              |     -    |      0|   0|  32|           5|          32|
    |tmp_74_8_i_fu_862_p2              |     -    |      0|   0|  32|           5|          32|
    |tmp_74_9_i_fu_934_p2              |     -    |      0|   0|  32|           5|          32|
    |tmp_87_1_i_fu_1233_p2             |     -    |      0|   0|  32|           5|          32|
    |tmp_87_2_i_fu_1395_p2             |     -    |      0|   0|  32|           5|          32|
    |tmp_87_3_i_fu_1557_p2             |     -    |      0|   0|  32|           5|          32|
    |tmp_87_4_i_fu_1719_p2             |     -    |      0|   0|  32|           5|          32|
    |tmp_87_5_i_fu_1881_p2             |     -    |      0|   0|  32|           5|          32|
    |tmp_87_6_i_fu_2043_p2             |     -    |      0|   0|  32|           5|          32|
    |tmp_87_7_i_fu_2205_p2             |     -    |      0|   0|  32|           5|          32|
    |tmp_87_8_i_fu_2367_p2             |     -    |      0|   0|  32|           5|          32|
    |tmp_87_9_i_fu_2529_p2             |     -    |      0|   0|  32|           5|          32|
    |tmp_87_i_fu_1071_p2               |     -    |      0|   0|  32|           5|          32|
    |tmp_92_i_fu_2582_p2               |     -    |      0|   0|   8|           3|           8|
    |tmp_V_1_i_fu_318_p2               |     -    |      0|   0|  16|           1|          16|
    |tmp_V_2_i_fu_390_p2               |     -    |      0|   0|  16|           1|          16|
    |tmp_V_3_i_fu_462_p2               |     -    |      0|   0|  16|           1|          16|
    |tmp_V_4_i_fu_534_p2               |     -    |      0|   0|  16|           1|          16|
    |tmp_V_5_i_fu_606_p2               |     -    |      0|   0|  16|           1|          16|
    |tmp_V_6_i_fu_678_p2               |     -    |      0|   0|  16|           1|          16|
    |tmp_V_7_i_fu_750_p2               |     -    |      0|   0|  16|           1|          16|
    |tmp_V_8_i_fu_822_p2               |     -    |      0|   0|  16|           1|          16|
    |tmp_V_9_i_fu_894_p2               |     -    |      0|   0|  16|           1|          16|
    |tmp_V_i_fu_246_p2                 |     -    |      0|   0|  16|           1|          16|
    |a_1_i_fu_1161_p2                  |    and   |      0|   0|   1|           1|           1|
    |a_2_i_fu_1323_p2                  |    and   |      0|   0|   1|           1|           1|
    |a_3_i_fu_1485_p2                  |    and   |      0|   0|   1|           1|           1|
    |a_4_i_fu_1647_p2                  |    and   |      0|   0|   1|           1|           1|
    |a_5_i_fu_1809_p2                  |    and   |      0|   0|   1|           1|           1|
    |a_6_i_fu_1971_p2                  |    and   |      0|   0|   1|           1|           1|
    |a_7_i_fu_2133_p2                  |    and   |      0|   0|   1|           1|           1|
    |a_8_i_fu_2295_p2                  |    and   |      0|   0|   1|           1|           1|
    |a_9_i_fu_2457_p2                  |    and   |      0|   0|   1|           1|           1|
    |a_i_fu_999_p2                     |    and   |      0|   0|   1|           1|           1|
    |tmp_135_fu_988_p2                 |    and   |      0|   0|  16|          16|          16|
    |tmp_146_fu_1150_p2                |    and   |      0|   0|  16|          16|          16|
    |tmp_157_fu_1312_p2                |    and   |      0|   0|  16|          16|          16|
    |tmp_168_fu_1474_p2                |    and   |      0|   0|  16|          16|          16|
    |tmp_179_fu_1636_p2                |    and   |      0|   0|  16|          16|          16|
    |tmp_190_fu_1798_p2                |    and   |      0|   0|  16|          16|          16|
    |tmp_201_fu_1960_p2                |    and   |      0|   0|  16|          16|          16|
    |tmp_212_fu_2122_p2                |    and   |      0|   0|  16|          16|          16|
    |tmp_223_fu_2284_p2                |    and   |      0|   0|  16|          16|          16|
    |tmp_234_fu_2446_p2                |    and   |      0|   0|  16|          16|          16|
    |tmp_81_1_i_fu_1193_p2             |    and   |      0|   0|   1|           1|           1|
    |tmp_81_2_i_fu_1355_p2             |    and   |      0|   0|   1|           1|           1|
    |tmp_81_3_i_fu_1517_p2             |    and   |      0|   0|   1|           1|           1|
    |tmp_81_4_i_fu_1679_p2             |    and   |      0|   0|   1|           1|           1|
    |tmp_81_5_i_fu_1841_p2             |    and   |      0|   0|   1|           1|           1|
    |tmp_81_6_i_fu_2003_p2             |    and   |      0|   0|   1|           1|           1|
    |tmp_81_7_i_fu_2165_p2             |    and   |      0|   0|   1|           1|           1|
    |tmp_81_8_i_fu_2327_p2             |    and   |      0|   0|   1|           1|           1|
    |tmp_81_9_i_fu_2489_p2             |    and   |      0|   0|   1|           1|           1|
    |tmp_81_i_fu_1031_p2               |    and   |      0|   0|   1|           1|           1|
    |l_1_i_fu_350_p3                   |   cttz   |      0|  40|  36|          32|           0|
    |l_2_i_fu_422_p3                   |   cttz   |      0|  40|  36|          32|           0|
    |l_3_i_fu_494_p3                   |   cttz   |      0|  40|  36|          32|           0|
    |l_4_i_fu_566_p3                   |   cttz   |      0|  40|  36|          32|           0|
    |l_5_i_fu_638_p3                   |   cttz   |      0|  40|  36|          32|           0|
    |l_6_i_fu_710_p3                   |   cttz   |      0|  40|  36|          32|           0|
    |l_7_i_fu_782_p3                   |   cttz   |      0|  40|  36|          32|           0|
    |l_8_i_fu_854_p3                   |   cttz   |      0|  40|  36|          32|           0|
    |l_9_i_fu_926_p3                   |   cttz   |      0|  40|  36|          32|           0|
    |l_i_fu_278_p3                     |   cttz   |      0|  40|  36|          32|           0|
    |icmp1_fu_1129_p2                  |   icmp   |      0|   0|  12|          31|           1|
    |icmp2_fu_1291_p2                  |   icmp   |      0|   0|  12|          31|           1|
    |icmp3_fu_1453_p2                  |   icmp   |      0|   0|  12|          31|           1|
    |icmp4_fu_1615_p2                  |   icmp   |      0|   0|  12|          31|           1|
    |icmp5_fu_1777_p2                  |   icmp   |      0|   0|  12|          31|           1|
    |icmp6_fu_1939_p2                  |   icmp   |      0|   0|  12|          31|           1|
    |icmp7_fu_2101_p2                  |   icmp   |      0|   0|  12|          31|           1|
    |icmp8_fu_2263_p2                  |   icmp   |      0|   0|  12|          31|           1|
    |icmp9_fu_2425_p2                  |   icmp   |      0|   0|  12|          31|           1|
    |icmp_fu_967_p2                    |   icmp   |      0|   0|  12|          31|           1|
    |tmp_701_i_fu_232_p2               |   icmp   |      0|   0|   7|          16|           1|
    |tmp_70_1_i_fu_304_p2              |   icmp   |      0|   0|   7|          16|           1|
    |tmp_70_2_i_fu_376_p2              |   icmp   |      0|   0|   7|          16|           1|
    |tmp_70_3_i_fu_448_p2              |   icmp   |      0|   0|   7|          16|           1|
    |tmp_70_4_i_fu_520_p2              |   icmp   |      0|   0|   7|          16|           1|
    |tmp_70_5_i_fu_592_p2              |   icmp   |      0|   0|   7|          16|           1|
    |tmp_70_6_i_fu_664_p2              |   icmp   |      0|   0|   7|          16|           1|
    |tmp_70_7_i_fu_736_p2              |   icmp   |      0|   0|   7|          16|           1|
    |tmp_70_8_i_fu_808_p2              |   icmp   |      0|   0|   7|          16|           1|
    |tmp_70_9_i_fu_880_p2              |   icmp   |      0|   0|   7|          16|           1|
    |tmp_77_1_i_fu_1155_p2             |   icmp   |      0|   0|   7|          16|           1|
    |tmp_77_2_i_fu_1317_p2             |   icmp   |      0|   0|   7|          16|           1|
    |tmp_77_3_i_fu_1479_p2             |   icmp   |      0|   0|   7|          16|           1|
    |tmp_77_4_i_fu_1641_p2             |   icmp   |      0|   0|   7|          16|           1|
    |tmp_77_5_i_fu_1803_p2             |   icmp   |      0|   0|   7|          16|           1|
    |tmp_77_6_i_fu_1965_p2             |   icmp   |      0|   0|   7|          16|           1|
    |tmp_77_7_i_fu_2127_p2             |   icmp   |      0|   0|   7|          16|           1|
    |tmp_77_8_i_fu_2289_p2             |   icmp   |      0|   0|   7|          16|           1|
    |tmp_77_9_i_fu_2451_p2             |   icmp   |      0|   0|   7|          16|           1|
    |tmp_77_i_fu_993_p2                |   icmp   |      0|   0|   7|          16|           1|
    |tmp_841_i_fu_1054_p2              |   icmp   |      0|   0|  12|          32|           1|
    |tmp_84_1_i_fu_1216_p2             |   icmp   |      0|   0|  12|          32|           1|
    |tmp_84_2_i_fu_1378_p2             |   icmp   |      0|   0|  12|          32|           1|
    |tmp_84_3_i_fu_1540_p2             |   icmp   |      0|   0|  12|          32|           1|
    |tmp_84_4_i_fu_1702_p2             |   icmp   |      0|   0|  12|          32|           1|
    |tmp_84_5_i_fu_1864_p2             |   icmp   |      0|   0|  12|          32|           1|
    |tmp_84_6_i_fu_2026_p2             |   icmp   |      0|   0|  12|          32|           1|
    |tmp_84_7_i_fu_2188_p2             |   icmp   |      0|   0|  12|          32|           1|
    |tmp_84_8_i_fu_2350_p2             |   icmp   |      0|   0|  12|          32|           1|
    |tmp_84_9_i_fu_2512_p2             |   icmp   |      0|   0|  12|          32|           1|
    |tmp_134_fu_982_p2                 |   lshr   |      0|   0|  35|           2|          16|
    |tmp_145_fu_1144_p2                |   lshr   |      0|   0|  35|           2|          16|
    |tmp_156_fu_1306_p2                |   lshr   |      0|   0|  35|           2|          16|
    |tmp_167_fu_1468_p2                |   lshr   |      0|   0|  35|           2|          16|
    |tmp_178_fu_1630_p2                |   lshr   |      0|   0|  35|           2|          16|
    |tmp_189_fu_1792_p2                |   lshr   |      0|   0|  35|           2|          16|
    |tmp_200_fu_1954_p2                |   lshr   |      0|   0|  35|           2|          16|
    |tmp_211_fu_2116_p2                |   lshr   |      0|   0|  35|           2|          16|
    |tmp_222_fu_2278_p2                |   lshr   |      0|   0|  35|           2|          16|
    |tmp_233_fu_2440_p2                |   lshr   |      0|   0|  35|           2|          16|
    |tmp_861_i_fu_1065_p2              |   lshr   |      0|   0|  85|          32|          32|
    |tmp_86_1_i_fu_1227_p2             |   lshr   |      0|   0|  85|          32|          32|
    |tmp_86_2_i_fu_1389_p2             |   lshr   |      0|   0|  85|          32|          32|
    |tmp_86_3_i_fu_1551_p2             |   lshr   |      0|   0|  85|          32|          32|
    |tmp_86_4_i_fu_1713_p2             |   lshr   |      0|   0|  85|          32|          32|
    |tmp_86_5_i_fu_1875_p2             |   lshr   |      0|   0|  85|          32|          32|
    |tmp_86_6_i_fu_2037_p2             |   lshr   |      0|   0|  85|          32|          32|
    |tmp_86_7_i_fu_2199_p2             |   lshr   |      0|   0|  85|          32|          32|
    |tmp_86_8_i_fu_2361_p2             |   lshr   |      0|   0|  85|          32|          32|
    |tmp_86_9_i_fu_2523_p2             |   lshr   |      0|   0|  85|          32|          32|
    |ap_block_state1                   |    or    |      0|   0|   1|           1|           1|
    |tmp_104_i_fu_1361_p2              |    or    |      0|   0|   1|           1|           1|
    |tmp_112_i_fu_1523_p2              |    or    |      0|   0|   1|           1|           1|
    |tmp_120_i_fu_1685_p2              |    or    |      0|   0|   1|           1|           1|
    |tmp_128_i_fu_1847_p2              |    or    |      0|   0|   1|           1|           1|
    |tmp_136_i_fu_2009_p2              |    or    |      0|   0|   1|           1|           1|
    |tmp_144_i_fu_2171_p2              |    or    |      0|   0|   1|           1|           1|
    |tmp_152_i_fu_2333_p2              |    or    |      0|   0|   1|           1|           1|
    |tmp_160_i_fu_2495_p2              |    or    |      0|   0|   1|           1|           1|
    |tmp_83_i_fu_1037_p2               |    or    |      0|   0|   1|           1|           1|
    |tmp_96_i_fu_1199_p2               |    or    |      0|   0|   1|           1|           1|
    |m_1_1_i_fu_1244_p3                |  select  |      0|   0|  32|           1|          32|
    |m_1_2_i_fu_1406_p3                |  select  |      0|   0|  32|           1|          32|
    |m_1_3_i_fu_1568_p3                |  select  |      0|   0|  32|           1|          32|
    |m_1_4_i_fu_1730_p3                |  select  |      0|   0|  32|           1|          32|
    |m_1_5_i_fu_1892_p3                |  select  |      0|   0|  32|           1|          32|
    |m_1_6_i_fu_2054_p3                |  select  |      0|   0|  32|           1|          32|
    |m_1_7_i_fu_2216_p3                |  select  |      0|   0|  32|           1|          32|
    |m_1_8_i_fu_2378_p3                |  select  |      0|   0|  32|           1|          32|
    |m_1_9_i_fu_2540_p3                |  select  |      0|   0|  32|           1|          32|
    |m_1_i_fu_1082_p3                  |  select  |      0|   0|  32|           1|          32|
    |p_Val2_1_i_54_fu_324_p3           |  select  |      0|   0|  16|           1|          16|
    |p_Val2_1_i_fu_252_p3              |  select  |      0|   0|  16|           1|          16|
    |p_Val2_2_i_fu_396_p3              |  select  |      0|   0|  16|           1|          16|
    |p_Val2_3_i_fu_468_p3              |  select  |      0|   0|  16|           1|          16|
    |p_Val2_4_i_fu_540_p3              |  select  |      0|   0|  16|           1|          16|
    |p_Val2_5_i_fu_612_p3              |  select  |      0|   0|  16|           1|          16|
    |p_Val2_6_i_fu_684_p3              |  select  |      0|   0|  16|           1|          16|
    |p_Val2_7_i_fu_756_p3              |  select  |      0|   0|  16|           1|          16|
    |p_Val2_8_i_fu_828_p3              |  select  |      0|   0|  16|           1|          16|
    |p_Val2_9_i_fu_900_p3              |  select  |      0|   0|  16|           1|          16|
    |ress_0                            |  select  |      0|   0|  32|           1|           1|
    |ress_1                            |  select  |      0|   0|  32|           1|           1|
    |ress_2                            |  select  |      0|   0|  32|           1|           1|
    |ress_3                            |  select  |      0|   0|  32|           1|           1|
    |ress_4                            |  select  |      0|   0|  32|           1|           1|
    |ress_5                            |  select  |      0|   0|  32|           1|           1|
    |ress_6                            |  select  |      0|   0|  32|           1|           1|
    |ress_7                            |  select  |      0|   0|  32|           1|           1|
    |ress_8                            |  select  |      0|   0|  32|           1|           1|
    |ress_9                            |  select  |      0|   0|  32|           1|           1|
    |tmp_106_cast_i_cast_s_fu_2679_p3  |  select  |      0|   0|   7|           1|           7|
    |tmp_114_cast_i_cast_s_fu_2731_p3  |  select  |      0|   0|   7|           1|           7|
    |tmp_122_cast_i_cast_s_fu_2783_p3  |  select  |      0|   0|   7|           1|           7|
    |tmp_130_cast_i_cast_s_fu_2835_p3  |  select  |      0|   0|   7|           1|           7|
    |tmp_138_cast_i_cast_s_fu_2887_p3  |  select  |      0|   0|   7|           1|           7|
    |tmp_146_cast_i_cast_s_fu_2939_p3  |  select  |      0|   0|   7|           1|           7|
    |tmp_154_cast_i_cast_s_fu_2991_p3  |  select  |      0|   0|   7|           1|           7|
    |tmp_162_cast_i_cast_s_fu_3043_p3  |  select  |      0|   0|   7|           1|           7|
    |tmp_90_cast_i_cast_c_fu_2575_p3   |  select  |      0|   0|   7|           1|           7|
    |tmp_98_cast_i_cast_c_fu_2627_p3   |  select  |      0|   0|   7|           1|           7|
    |tmp_88_1_i_fu_1238_p2             |    shl   |      0|   0|  85|          32|          32|
    |tmp_88_2_i_fu_1400_p2             |    shl   |      0|   0|  85|          32|          32|
    |tmp_88_3_i_fu_1562_p2             |    shl   |      0|   0|  85|          32|          32|
    |tmp_88_4_i_fu_1724_p2             |    shl   |      0|   0|  85|          32|          32|
    |tmp_88_5_i_fu_1886_p2             |    shl   |      0|   0|  85|          32|          32|
    |tmp_88_6_i_fu_2048_p2             |    shl   |      0|   0|  85|          32|          32|
    |tmp_88_7_i_fu_2210_p2             |    shl   |      0|   0|  85|          32|          32|
    |tmp_88_8_i_fu_2372_p2             |    shl   |      0|   0|  85|          32|          32|
    |tmp_88_9_i_fu_2534_p2             |    shl   |      0|   0|  85|          32|          32|
    |tmp_88_i_fu_1076_p2               |    shl   |      0|   0|  85|          32|          32|
    |rev1_fu_1175_p2                   |    xor   |      0|   0|   2|           1|           2|
    |rev2_fu_1337_p2                   |    xor   |      0|   0|   2|           1|           2|
    |rev3_fu_1499_p2                   |    xor   |      0|   0|   2|           1|           2|
    |rev4_fu_1661_p2                   |    xor   |      0|   0|   2|           1|           2|
    |rev5_fu_1823_p2                   |    xor   |      0|   0|   2|           1|           2|
    |rev6_fu_1985_p2                   |    xor   |      0|   0|   2|           1|           2|
    |rev7_fu_2147_p2                   |    xor   |      0|   0|   2|           1|           2|
    |rev8_fu_2309_p2                   |    xor   |      0|   0|   2|           1|           2|
    |rev9_fu_2471_p2                   |    xor   |      0|   0|   2|           1|           2|
    |rev_fu_1013_p2                    |    xor   |      0|   0|   2|           1|           2|
    +----------------------------------+----------+-------+----+----+------------+------------+
    |Total                             |          |      0| 400|6021|        2931|        3741|
    +----------------------------------+----------+-------+----+----+------------+------------+

    * Multiplexer: 
    +-----------+----+-----------+-----+-----------+
    |    Name   | LUT| Input Size| Bits| Total Bits|
    +-----------+----+-----------+-----+-----------+
    |ap_NS_fsm  |   3|          4|    1|          4|
    |ap_done    |   3|          2|    1|          2|
    +-----------+----+-----------+-----+-----------+
    |Total      |   6|          6|    2|          6|
    +-----------+----+-----------+-----+-----------+

    * Register: 
    +------------------------+----+----+-----+-----------+
    |          Name          | FF | LUT| Bits| Const Bits|
    +------------------------+----+----+-----+-----------+
    |ap_CS_fsm               |   3|   0|    3|          0|
    |ap_done_reg             |   1|   0|    1|          0|
    |m_6_1_i_reg_3492        |  31|   0|   31|          0|
    |m_6_2_i_reg_3502        |  31|   0|   31|          0|
    |m_6_3_i_reg_3512        |  31|   0|   31|          0|
    |m_6_4_i_reg_3522        |  31|   0|   31|          0|
    |m_6_5_i_reg_3532        |  31|   0|   31|          0|
    |m_6_6_i_reg_3542        |  31|   0|   31|          0|
    |m_6_7_i_reg_3552        |  31|   0|   31|          0|
    |m_6_8_i_reg_3562        |  31|   0|   31|          0|
    |m_6_9_i_reg_3572        |  31|   0|   31|          0|
    |m_6_i_reg_3482          |  31|   0|   31|          0|
    |p_Val2_1_i_54_reg_3141  |  16|   0|   16|          0|
    |p_Val2_1_i_reg_3102     |  16|   0|   16|          0|
    |p_Val2_2_i_reg_3180     |  16|   0|   16|          0|
    |p_Val2_3_i_reg_3219     |  16|   0|   16|          0|
    |p_Val2_4_i_reg_3258     |  16|   0|   16|          0|
    |p_Val2_5_i_reg_3297     |  16|   0|   16|          0|
    |p_Val2_6_i_reg_3336     |  16|   0|   16|          0|
    |p_Val2_7_i_reg_3375     |  16|   0|   16|          0|
    |p_Val2_8_i_reg_3414     |  16|   0|   16|          0|
    |p_Val2_9_i_reg_3453     |  16|   0|   16|          0|
    |tmp_128_reg_3097        |   1|   0|    1|          0|
    |tmp_129_reg_3116        |  16|   0|   16|          0|
    |tmp_131_reg_3121        |   5|   0|    5|          0|
    |tmp_137_reg_3487        |   1|   0|    1|          0|
    |tmp_138_reg_3126        |   8|   0|    8|          0|
    |tmp_139_reg_3136        |   1|   0|    1|          0|
    |tmp_140_reg_3155        |  16|   0|   16|          0|
    |tmp_142_reg_3160        |   5|   0|    5|          0|
    |tmp_148_reg_3497        |   1|   0|    1|          0|
    |tmp_149_reg_3165        |   8|   0|    8|          0|
    |tmp_150_reg_3175        |   1|   0|    1|          0|
    |tmp_151_reg_3194        |  16|   0|   16|          0|
    |tmp_153_reg_3199        |   5|   0|    5|          0|
    |tmp_159_reg_3507        |   1|   0|    1|          0|
    |tmp_160_reg_3204        |   8|   0|    8|          0|
    |tmp_161_reg_3214        |   1|   0|    1|          0|
    |tmp_162_reg_3233        |  16|   0|   16|          0|
    |tmp_164_reg_3238        |   5|   0|    5|          0|
    |tmp_170_reg_3517        |   1|   0|    1|          0|
    |tmp_171_reg_3243        |   8|   0|    8|          0|
    |tmp_172_reg_3253        |   1|   0|    1|          0|
    |tmp_173_reg_3272        |  16|   0|   16|          0|
    |tmp_175_reg_3277        |   5|   0|    5|          0|
    |tmp_181_reg_3527        |   1|   0|    1|          0|
    |tmp_182_reg_3282        |   8|   0|    8|          0|
    |tmp_183_reg_3292        |   1|   0|    1|          0|
    |tmp_184_reg_3311        |  16|   0|   16|          0|
    |tmp_186_reg_3316        |   5|   0|    5|          0|
    |tmp_192_reg_3537        |   1|   0|    1|          0|
    |tmp_193_reg_3321        |   8|   0|    8|          0|
    |tmp_194_reg_3331        |   1|   0|    1|          0|
    |tmp_195_reg_3350        |  16|   0|   16|          0|
    |tmp_197_reg_3355        |   5|   0|    5|          0|
    |tmp_203_reg_3547        |   1|   0|    1|          0|
    |tmp_204_reg_3360        |   8|   0|    8|          0|
    |tmp_205_reg_3370        |   1|   0|    1|          0|
    |tmp_206_reg_3389        |  16|   0|   16|          0|
    |tmp_208_reg_3394        |   5|   0|    5|          0|
    |tmp_214_reg_3557        |   1|   0|    1|          0|
    |tmp_215_reg_3399        |   8|   0|    8|          0|
    |tmp_216_reg_3409        |   1|   0|    1|          0|
    |tmp_217_reg_3428        |  16|   0|   16|          0|
    |tmp_219_reg_3433        |   5|   0|    5|          0|
    |tmp_225_reg_3567        |   1|   0|    1|          0|
    |tmp_226_reg_3438        |   8|   0|    8|          0|
    |tmp_227_reg_3448        |   1|   0|    1|          0|
    |tmp_228_reg_3467        |  16|   0|   16|          0|
    |tmp_230_reg_3472        |   5|   0|    5|          0|
    |tmp_236_reg_3577        |   1|   0|    1|          0|
    |tmp_237_reg_3477        |   8|   0|    8|          0|
    |tmp_701_i_reg_3092      |   1|   0|    1|          0|
    |tmp_70_1_i_reg_3131     |   1|   0|    1|          0|
    |tmp_70_2_i_reg_3170     |   1|   0|    1|          0|
    |tmp_70_3_i_reg_3209     |   1|   0|    1|          0|
    |tmp_70_4_i_reg_3248     |   1|   0|    1|          0|
    |tmp_70_5_i_reg_3287     |   1|   0|    1|          0|
    |tmp_70_6_i_reg_3326     |   1|   0|    1|          0|
    |tmp_70_7_i_reg_3365     |   1|   0|    1|          0|
    |tmp_70_8_i_reg_3404     |   1|   0|    1|          0|
    |tmp_70_9_i_reg_3443     |   1|   0|    1|          0|
    |tmp_741_i_reg_3109      |  32|   0|   32|          0|
    |tmp_74_1_i_reg_3148     |  32|   0|   32|          0|
    |tmp_74_2_i_reg_3187     |  32|   0|   32|          0|
    |tmp_74_3_i_reg_3226     |  32|   0|   32|          0|
    |tmp_74_4_i_reg_3265     |  32|   0|   32|          0|
    |tmp_74_5_i_reg_3304     |  32|   0|   32|          0|
    |tmp_74_6_i_reg_3343     |  32|   0|   32|          0|
    |tmp_74_7_i_reg_3382     |  32|   0|   32|          0|
    |tmp_74_8_i_reg_3421     |  32|   0|   32|          0|
    |tmp_74_9_i_reg_3460     |  32|   0|   32|          0|
    +------------------------+----+----+-----+-----------+
    |Total                   |1114|   0| 1114|          0|
    +------------------------+----+----+-----+-----------+



================================================================
== Interface
================================================================
* Summary: 
+---------------+-----+-----+------------+----------------------+--------------+
|   RTL Ports   | Dir | Bits|  Protocol  |     Source Object    |    C Type    |
+---------------+-----+-----+------------+----------------------+--------------+
|ap_clk         |  in |    1| ap_ctrl_hs | lstm_infer_Block_.pr | return value |
|ap_rst         |  in |    1| ap_ctrl_hs | lstm_infer_Block_.pr | return value |
|ap_start       |  in |    1| ap_ctrl_hs | lstm_infer_Block_.pr | return value |
|ap_done        | out |    1| ap_ctrl_hs | lstm_infer_Block_.pr | return value |
|ap_continue    |  in |    1| ap_ctrl_hs | lstm_infer_Block_.pr | return value |
|ap_idle        | out |    1| ap_ctrl_hs | lstm_infer_Block_.pr | return value |
|ap_ready       | out |    1| ap_ctrl_hs | lstm_infer_Block_.pr | return value |
|p_read         |  in |   16|   ap_none  |        p_read        |    scalar    |
|ress_0         | out |   32|   ap_vld   |        ress_0        |    pointer   |
|ress_0_ap_vld  | out |    1|   ap_vld   |        ress_0        |    pointer   |
|p_read1        |  in |   16|   ap_none  |        p_read1       |    scalar    |
|ress_1         | out |   32|   ap_vld   |        ress_1        |    pointer   |
|ress_1_ap_vld  | out |    1|   ap_vld   |        ress_1        |    pointer   |
|p_read2        |  in |   16|   ap_none  |        p_read2       |    scalar    |
|ress_2         | out |   32|   ap_vld   |        ress_2        |    pointer   |
|ress_2_ap_vld  | out |    1|   ap_vld   |        ress_2        |    pointer   |
|p_read3        |  in |   16|   ap_none  |        p_read3       |    scalar    |
|ress_3         | out |   32|   ap_vld   |        ress_3        |    pointer   |
|ress_3_ap_vld  | out |    1|   ap_vld   |        ress_3        |    pointer   |
|p_read4        |  in |   16|   ap_none  |        p_read4       |    scalar    |
|ress_4         | out |   32|   ap_vld   |        ress_4        |    pointer   |
|ress_4_ap_vld  | out |    1|   ap_vld   |        ress_4        |    pointer   |
|p_read5        |  in |   16|   ap_none  |        p_read5       |    scalar    |
|ress_5         | out |   32|   ap_vld   |        ress_5        |    pointer   |
|ress_5_ap_vld  | out |    1|   ap_vld   |        ress_5        |    pointer   |
|p_read6        |  in |   16|   ap_none  |        p_read6       |    scalar    |
|ress_6         | out |   32|   ap_vld   |        ress_6        |    pointer   |
|ress_6_ap_vld  | out |    1|   ap_vld   |        ress_6        |    pointer   |
|p_read7        |  in |   16|   ap_none  |        p_read7       |    scalar    |
|ress_7         | out |   32|   ap_vld   |        ress_7        |    pointer   |
|ress_7_ap_vld  | out |    1|   ap_vld   |        ress_7        |    pointer   |
|p_read8        |  in |   16|   ap_none  |        p_read8       |    scalar    |
|ress_8         | out |   32|   ap_vld   |        ress_8        |    pointer   |
|ress_8_ap_vld  | out |    1|   ap_vld   |        ress_8        |    pointer   |
|p_read9        |  in |   16|   ap_none  |        p_read9       |    scalar    |
|ress_9         | out |   32|   ap_vld   |        ress_9        |    pointer   |
|ress_9_ap_vld  | out |    1|   ap_vld   |        ress_9        |    pointer   |
+---------------+-----+-----+------------+----------------------+--------------+

============================================================
+ Verbose Summary: Synthesis Manager
============================================================
InlineROM: 1
ExposeGlobal: 0
============================================================
+ Verbose Summary: CDFG Model
============================================================
IsTopModel: 0
ResetActiveHigh: 1
IsCombinational: 2
IsDatapathOnly: 0
HasWiredReturn: 1
HasMFsm: 0
HasVarLatency: 1
IsPipeline: 0
IsRtlPipelined: 0
IsInstanceOverlapped: 0
IsDontTouch: 0
HasImplIP: 0
IsGatedGlobalClock: 0


============================================================
+ Verbose Summary: Schedule
============================================================
* Number of FSM states : 3
* Pipeline : 0
* Dataflow Pipeline: 0

* FSM state transitions: 
1 --> 
	2  / true
2 --> 
	3  / true
3 --> 

* FSM state operations: 

State 1 <SV = 0> <Delay = 6.86>
ST_1 : Operation 4 [1/1] (0.00ns)   --->   "%p_read_2 = call i16 @_ssdm_op_Read.ap_auto.i16(i16 %p_read9)" [bi_lstm/src/rnn.cpp:349]   --->   Operation 4 'read' 'p_read_2' <Predicate = true> <Delay = 0.00>
ST_1 : Operation 5 [1/1] (0.00ns)   --->   "%p_read_3 = call i16 @_ssdm_op_Read.ap_auto.i16(i16 %p_read8)" [bi_lstm/src/rnn.cpp:349]   --->   Operation 5 'read' 'p_read_3' <Predicate = true> <Delay = 0.00>
ST_1 : Operation 6 [1/1] (0.00ns)   --->   "%p_read_4 = call i16 @_ssdm_op_Read.ap_auto.i16(i16 %p_read7)" [bi_lstm/src/rnn.cpp:349]   --->   Operation 6 'read' 'p_read_4' <Predicate = true> <Delay = 0.00>
ST_1 : Operation 7 [1/1] (0.00ns)   --->   "%p_read_5 = call i16 @_ssdm_op_Read.ap_auto.i16(i16 %p_read6)" [bi_lstm/src/rnn.cpp:349]   --->   Operation 7 'read' 'p_read_5' <Predicate = true> <Delay = 0.00>
ST_1 : Operation 8 [1/1] (0.00ns)   --->   "%p_read_6 = call i16 @_ssdm_op_Read.ap_auto.i16(i16 %p_read5)" [bi_lstm/src/rnn.cpp:349]   --->   Operation 8 'read' 'p_read_6' <Predicate = true> <Delay = 0.00>
ST_1 : Operation 9 [1/1] (0.00ns)   --->   "%p_read_7 = call i16 @_ssdm_op_Read.ap_auto.i16(i16 %p_read4)" [bi_lstm/src/rnn.cpp:349]   --->   Operation 9 'read' 'p_read_7' <Predicate = true> <Delay = 0.00>
ST_1 : Operation 10 [1/1] (0.00ns)   --->   "%p_read_8 = call i16 @_ssdm_op_Read.ap_auto.i16(i16 %p_read3)" [bi_lstm/src/rnn.cpp:349]   --->   Operation 10 'read' 'p_read_8' <Predicate = true> <Delay = 0.00>
ST_1 : Operation 11 [1/1] (0.00ns)   --->   "%p_read_9 = call i16 @_ssdm_op_Read.ap_auto.i16(i16 %p_read2)" [bi_lstm/src/rnn.cpp:349]   --->   Operation 11 'read' 'p_read_9' <Predicate = true> <Delay = 0.00>
ST_1 : Operation 12 [1/1] (0.00ns)   --->   "%p_read_10 = call i16 @_ssdm_op_Read.ap_auto.i16(i16 %p_read1)" [bi_lstm/src/rnn.cpp:349]   --->   Operation 12 'read' 'p_read_10' <Predicate = true> <Delay = 0.00>
ST_1 : Operation 13 [1/1] (0.00ns)   --->   "%p_read11 = call i16 @_ssdm_op_Read.ap_auto.i16(i16 %p_read)" [bi_lstm/src/rnn.cpp:349]   --->   Operation 13 'read' 'p_read11' <Predicate = true> <Delay = 0.00>
ST_1 : Operation 14 [1/1] (2.13ns)   --->   "%tmp_701_i = icmp eq i16 %p_read11, 0" [bi_lstm/src/rnn.cpp:349]   --->   Operation 14 'icmp' 'tmp_701_i' <Predicate = true> <Delay = 2.13> <Core = "Cmp">   --->   Core 25 'Cmp' <Latency = 0> <II = 1> <Delay = 1.96> <FuncUnit> <Opcode : 'icmp'> <InPorts = 2> <OutPorts = 1>
ST_1 : Operation 15 [1/1] (0.00ns)   --->   "%tmp_128 = call i1 @_ssdm_op_BitSelect.i1.i16.i32(i16 %p_read11, i32 15)" [bi_lstm/src/rnn.cpp:349]   --->   Operation 15 'bitselect' 'tmp_128' <Predicate = true> <Delay = 0.00>
ST_1 : Operation 16 [1/1] (1.54ns)   --->   "%tmp_V_i = sub i16 0, %p_read11" [bi_lstm/src/rnn.cpp:349]   --->   Operation 16 'sub' 'tmp_V_i' <Predicate = true> <Delay = 1.54> <Core = "AddSub">   --->   Core 14 'AddSub' <Latency = 0> <II = 1> <Delay = 1.54> <FuncUnit> <Opcode : 'add' 'sub'> <InPorts = 2> <OutPorts = 1>
ST_1 : Operation 17 [1/1] (0.62ns)   --->   "%p_Val2_1_i = select i1 %tmp_128, i16 %tmp_V_i, i16 %p_read11" [bi_lstm/src/rnn.cpp:349]   --->   Operation 17 'select' 'p_Val2_1_i' <Predicate = true> <Delay = 0.62> <Core = "Sel">   --->   Core 26 'Sel' <Latency = 0> <II = 1> <Delay = 0.80> <FuncUnit> <Opcode : 'select'> <InPorts = 3> <OutPorts = 1>
ST_1 : Operation 18 [1/1] (0.00ns)   --->   "%p_Result_17_i = call i16 @llvm.part.select.i16(i16 %p_Val2_1_i, i32 15, i32 0) nounwind" [bi_lstm/src/rnn.cpp:349]   --->   Operation 18 'partselect' 'p_Result_17_i' <Predicate = true> <Delay = 0.00>
ST_1 : Operation 19 [1/1] (0.00ns)   --->   "%p_Result_27_i = call i32 @_ssdm_op_BitConcatenate.i32.i16.i16(i16 -1, i16 %p_Result_17_i)" [bi_lstm/src/rnn.cpp:349]   --->   Operation 19 'bitconcatenate' 'p_Result_27_i' <Predicate = true> <Delay = 0.00>
ST_1 : Operation 20 [1/1] (2.79ns)   --->   "%l_i = call i32 @llvm.cttz.i32(i32 %p_Result_27_i, i1 true) nounwind" [bi_lstm/src/rnn.cpp:349]   --->   Operation 20 'cttz' 'l_i' <Predicate = true> <Delay = 2.79> <Core = "CTTZ">   --->   Core 64 'CTTZ' <Latency = 0> <II = 1> <Delay = 2.79> <FuncUnit> <Opcode : 'cttz'> <InPorts = 1> <OutPorts = 1>
ST_1 : Operation 21 [1/1] (1.89ns)   --->   "%tmp_741_i = sub nsw i32 16, %l_i" [bi_lstm/src/rnn.cpp:349]   --->   Operation 21 'sub' 'tmp_741_i' <Predicate = true> <Delay = 1.89> <Core = "AddSub">   --->   Core 14 'AddSub' <Latency = 0> <II = 1> <Delay = 1.54> <FuncUnit> <Opcode : 'add' 'sub'> <InPorts = 2> <OutPorts = 1>
ST_1 : Operation 22 [1/1] (0.00ns)   --->   "%tmp_129 = trunc i32 %tmp_741_i to i16" [bi_lstm/src/rnn.cpp:349]   --->   Operation 22 'trunc' 'tmp_129' <Predicate = true> <Delay = 0.00>
ST_1 : Operation 23 [1/1] (0.00ns)   --->   "%tmp_131 = trunc i32 %tmp_741_i to i5" [bi_lstm/src/rnn.cpp:349]   --->   Operation 23 'trunc' 'tmp_131' <Predicate = true> <Delay = 0.00>
ST_1 : Operation 24 [1/1] (0.00ns)   --->   "%tmp_138 = trunc i32 %l_i to i8" [bi_lstm/src/rnn.cpp:349]   --->   Operation 24 'trunc' 'tmp_138' <Predicate = true> <Delay = 0.00>
ST_1 : Operation 25 [1/1] (2.13ns)   --->   "%tmp_70_1_i = icmp eq i16 %p_read_10, 0" [bi_lstm/src/rnn.cpp:349]   --->   Operation 25 'icmp' 'tmp_70_1_i' <Predicate = true> <Delay = 2.13> <Core = "Cmp">   --->   Core 25 'Cmp' <Latency = 0> <II = 1> <Delay = 1.96> <FuncUnit> <Opcode : 'icmp'> <InPorts = 2> <OutPorts = 1>
ST_1 : Operation 26 [1/1] (0.00ns)   --->   "%tmp_139 = call i1 @_ssdm_op_BitSelect.i1.i16.i32(i16 %p_read_10, i32 15)" [bi_lstm/src/rnn.cpp:349]   --->   Operation 26 'bitselect' 'tmp_139' <Predicate = true> <Delay = 0.00>
ST_1 : Operation 27 [1/1] (1.54ns)   --->   "%tmp_V_1_i = sub i16 0, %p_read_10" [bi_lstm/src/rnn.cpp:349]   --->   Operation 27 'sub' 'tmp_V_1_i' <Predicate = true> <Delay = 1.54> <Core = "AddSub">   --->   Core 14 'AddSub' <Latency = 0> <II = 1> <Delay = 1.54> <FuncUnit> <Opcode : 'add' 'sub'> <InPorts = 2> <OutPorts = 1>
ST_1 : Operation 28 [1/1] (0.62ns)   --->   "%p_Val2_1_i_54 = select i1 %tmp_139, i16 %tmp_V_1_i, i16 %p_read_10" [bi_lstm/src/rnn.cpp:349]   --->   Operation 28 'select' 'p_Val2_1_i_54' <Predicate = true> <Delay = 0.62> <Core = "Sel">   --->   Core 26 'Sel' <Latency = 0> <II = 1> <Delay = 0.80> <FuncUnit> <Opcode : 'select'> <InPorts = 3> <OutPorts = 1>
ST_1 : Operation 29 [1/1] (0.00ns)   --->   "%p_Result_17_1_i = call i16 @llvm.part.select.i16(i16 %p_Val2_1_i_54, i32 15, i32 0) nounwind" [bi_lstm/src/rnn.cpp:349]   --->   Operation 29 'partselect' 'p_Result_17_1_i' <Predicate = true> <Delay = 0.00>
ST_1 : Operation 30 [1/1] (0.00ns)   --->   "%p_Result_27_1_i = call i32 @_ssdm_op_BitConcatenate.i32.i16.i16(i16 -1, i16 %p_Result_17_1_i)" [bi_lstm/src/rnn.cpp:349]   --->   Operation 30 'bitconcatenate' 'p_Result_27_1_i' <Predicate = true> <Delay = 0.00>
ST_1 : Operation 31 [1/1] (2.79ns)   --->   "%l_1_i = call i32 @llvm.cttz.i32(i32 %p_Result_27_1_i, i1 true) nounwind" [bi_lstm/src/rnn.cpp:349]   --->   Operation 31 'cttz' 'l_1_i' <Predicate = true> <Delay = 2.79> <Core = "CTTZ">   --->   Core 64 'CTTZ' <Latency = 0> <II = 1> <Delay = 2.79> <FuncUnit> <Opcode : 'cttz'> <InPorts = 1> <OutPorts = 1>
ST_1 : Operation 32 [1/1] (1.89ns)   --->   "%tmp_74_1_i = sub nsw i32 16, %l_1_i" [bi_lstm/src/rnn.cpp:349]   --->   Operation 32 'sub' 'tmp_74_1_i' <Predicate = true> <Delay = 1.89> <Core = "AddSub">   --->   Core 14 'AddSub' <Latency = 0> <II = 1> <Delay = 1.54> <FuncUnit> <Opcode : 'add' 'sub'> <InPorts = 2> <OutPorts = 1>
ST_1 : Operation 33 [1/1] (0.00ns)   --->   "%tmp_140 = trunc i32 %tmp_74_1_i to i16" [bi_lstm/src/rnn.cpp:349]   --->   Operation 33 'trunc' 'tmp_140' <Predicate = true> <Delay = 0.00>
ST_1 : Operation 34 [1/1] (0.00ns)   --->   "%tmp_142 = trunc i32 %tmp_74_1_i to i5" [bi_lstm/src/rnn.cpp:349]   --->   Operation 34 'trunc' 'tmp_142' <Predicate = true> <Delay = 0.00>
ST_1 : Operation 35 [1/1] (0.00ns)   --->   "%tmp_149 = trunc i32 %l_1_i to i8" [bi_lstm/src/rnn.cpp:349]   --->   Operation 35 'trunc' 'tmp_149' <Predicate = true> <Delay = 0.00>
ST_1 : Operation 36 [1/1] (2.13ns)   --->   "%tmp_70_2_i = icmp eq i16 %p_read_9, 0" [bi_lstm/src/rnn.cpp:349]   --->   Operation 36 'icmp' 'tmp_70_2_i' <Predicate = true> <Delay = 2.13> <Core = "Cmp">   --->   Core 25 'Cmp' <Latency = 0> <II = 1> <Delay = 1.96> <FuncUnit> <Opcode : 'icmp'> <InPorts = 2> <OutPorts = 1>
ST_1 : Operation 37 [1/1] (0.00ns)   --->   "%tmp_150 = call i1 @_ssdm_op_BitSelect.i1.i16.i32(i16 %p_read_9, i32 15)" [bi_lstm/src/rnn.cpp:349]   --->   Operation 37 'bitselect' 'tmp_150' <Predicate = true> <Delay = 0.00>
ST_1 : Operation 38 [1/1] (1.54ns)   --->   "%tmp_V_2_i = sub i16 0, %p_read_9" [bi_lstm/src/rnn.cpp:349]   --->   Operation 38 'sub' 'tmp_V_2_i' <Predicate = true> <Delay = 1.54> <Core = "AddSub">   --->   Core 14 'AddSub' <Latency = 0> <II = 1> <Delay = 1.54> <FuncUnit> <Opcode : 'add' 'sub'> <InPorts = 2> <OutPorts = 1>
ST_1 : Operation 39 [1/1] (0.62ns)   --->   "%p_Val2_2_i = select i1 %tmp_150, i16 %tmp_V_2_i, i16 %p_read_9" [bi_lstm/src/rnn.cpp:349]   --->   Operation 39 'select' 'p_Val2_2_i' <Predicate = true> <Delay = 0.62> <Core = "Sel">   --->   Core 26 'Sel' <Latency = 0> <II = 1> <Delay = 0.80> <FuncUnit> <Opcode : 'select'> <InPorts = 3> <OutPorts = 1>
ST_1 : Operation 40 [1/1] (0.00ns)   --->   "%p_Result_17_2_i = call i16 @llvm.part.select.i16(i16 %p_Val2_2_i, i32 15, i32 0) nounwind" [bi_lstm/src/rnn.cpp:349]   --->   Operation 40 'partselect' 'p_Result_17_2_i' <Predicate = true> <Delay = 0.00>
ST_1 : Operation 41 [1/1] (0.00ns)   --->   "%p_Result_27_2_i = call i32 @_ssdm_op_BitConcatenate.i32.i16.i16(i16 -1, i16 %p_Result_17_2_i)" [bi_lstm/src/rnn.cpp:349]   --->   Operation 41 'bitconcatenate' 'p_Result_27_2_i' <Predicate = true> <Delay = 0.00>
ST_1 : Operation 42 [1/1] (2.79ns)   --->   "%l_2_i = call i32 @llvm.cttz.i32(i32 %p_Result_27_2_i, i1 true) nounwind" [bi_lstm/src/rnn.cpp:349]   --->   Operation 42 'cttz' 'l_2_i' <Predicate = true> <Delay = 2.79> <Core = "CTTZ">   --->   Core 64 'CTTZ' <Latency = 0> <II = 1> <Delay = 2.79> <FuncUnit> <Opcode : 'cttz'> <InPorts = 1> <OutPorts = 1>
ST_1 : Operation 43 [1/1] (1.89ns)   --->   "%tmp_74_2_i = sub nsw i32 16, %l_2_i" [bi_lstm/src/rnn.cpp:349]   --->   Operation 43 'sub' 'tmp_74_2_i' <Predicate = true> <Delay = 1.89> <Core = "AddSub">   --->   Core 14 'AddSub' <Latency = 0> <II = 1> <Delay = 1.54> <FuncUnit> <Opcode : 'add' 'sub'> <InPorts = 2> <OutPorts = 1>
ST_1 : Operation 44 [1/1] (0.00ns)   --->   "%tmp_151 = trunc i32 %tmp_74_2_i to i16" [bi_lstm/src/rnn.cpp:349]   --->   Operation 44 'trunc' 'tmp_151' <Predicate = true> <Delay = 0.00>
ST_1 : Operation 45 [1/1] (0.00ns)   --->   "%tmp_153 = trunc i32 %tmp_74_2_i to i5" [bi_lstm/src/rnn.cpp:349]   --->   Operation 45 'trunc' 'tmp_153' <Predicate = true> <Delay = 0.00>
ST_1 : Operation 46 [1/1] (0.00ns)   --->   "%tmp_160 = trunc i32 %l_2_i to i8" [bi_lstm/src/rnn.cpp:349]   --->   Operation 46 'trunc' 'tmp_160' <Predicate = true> <Delay = 0.00>
ST_1 : Operation 47 [1/1] (2.13ns)   --->   "%tmp_70_3_i = icmp eq i16 %p_read_8, 0" [bi_lstm/src/rnn.cpp:349]   --->   Operation 47 'icmp' 'tmp_70_3_i' <Predicate = true> <Delay = 2.13> <Core = "Cmp">   --->   Core 25 'Cmp' <Latency = 0> <II = 1> <Delay = 1.96> <FuncUnit> <Opcode : 'icmp'> <InPorts = 2> <OutPorts = 1>
ST_1 : Operation 48 [1/1] (0.00ns)   --->   "%tmp_161 = call i1 @_ssdm_op_BitSelect.i1.i16.i32(i16 %p_read_8, i32 15)" [bi_lstm/src/rnn.cpp:349]   --->   Operation 48 'bitselect' 'tmp_161' <Predicate = true> <Delay = 0.00>
ST_1 : Operation 49 [1/1] (1.54ns)   --->   "%tmp_V_3_i = sub i16 0, %p_read_8" [bi_lstm/src/rnn.cpp:349]   --->   Operation 49 'sub' 'tmp_V_3_i' <Predicate = true> <Delay = 1.54> <Core = "AddSub">   --->   Core 14 'AddSub' <Latency = 0> <II = 1> <Delay = 1.54> <FuncUnit> <Opcode : 'add' 'sub'> <InPorts = 2> <OutPorts = 1>
ST_1 : Operation 50 [1/1] (0.62ns)   --->   "%p_Val2_3_i = select i1 %tmp_161, i16 %tmp_V_3_i, i16 %p_read_8" [bi_lstm/src/rnn.cpp:349]   --->   Operation 50 'select' 'p_Val2_3_i' <Predicate = true> <Delay = 0.62> <Core = "Sel">   --->   Core 26 'Sel' <Latency = 0> <II = 1> <Delay = 0.80> <FuncUnit> <Opcode : 'select'> <InPorts = 3> <OutPorts = 1>
ST_1 : Operation 51 [1/1] (0.00ns)   --->   "%p_Result_17_3_i = call i16 @llvm.part.select.i16(i16 %p_Val2_3_i, i32 15, i32 0) nounwind" [bi_lstm/src/rnn.cpp:349]   --->   Operation 51 'partselect' 'p_Result_17_3_i' <Predicate = true> <Delay = 0.00>
ST_1 : Operation 52 [1/1] (0.00ns)   --->   "%p_Result_27_3_i = call i32 @_ssdm_op_BitConcatenate.i32.i16.i16(i16 -1, i16 %p_Result_17_3_i)" [bi_lstm/src/rnn.cpp:349]   --->   Operation 52 'bitconcatenate' 'p_Result_27_3_i' <Predicate = true> <Delay = 0.00>
ST_1 : Operation 53 [1/1] (2.79ns)   --->   "%l_3_i = call i32 @llvm.cttz.i32(i32 %p_Result_27_3_i, i1 true) nounwind" [bi_lstm/src/rnn.cpp:349]   --->   Operation 53 'cttz' 'l_3_i' <Predicate = true> <Delay = 2.79> <Core = "CTTZ">   --->   Core 64 'CTTZ' <Latency = 0> <II = 1> <Delay = 2.79> <FuncUnit> <Opcode : 'cttz'> <InPorts = 1> <OutPorts = 1>
ST_1 : Operation 54 [1/1] (1.89ns)   --->   "%tmp_74_3_i = sub nsw i32 16, %l_3_i" [bi_lstm/src/rnn.cpp:349]   --->   Operation 54 'sub' 'tmp_74_3_i' <Predicate = true> <Delay = 1.89> <Core = "AddSub">   --->   Core 14 'AddSub' <Latency = 0> <II = 1> <Delay = 1.54> <FuncUnit> <Opcode : 'add' 'sub'> <InPorts = 2> <OutPorts = 1>
ST_1 : Operation 55 [1/1] (0.00ns)   --->   "%tmp_162 = trunc i32 %tmp_74_3_i to i16" [bi_lstm/src/rnn.cpp:349]   --->   Operation 55 'trunc' 'tmp_162' <Predicate = true> <Delay = 0.00>
ST_1 : Operation 56 [1/1] (0.00ns)   --->   "%tmp_164 = trunc i32 %tmp_74_3_i to i5" [bi_lstm/src/rnn.cpp:349]   --->   Operation 56 'trunc' 'tmp_164' <Predicate = true> <Delay = 0.00>
ST_1 : Operation 57 [1/1] (0.00ns)   --->   "%tmp_171 = trunc i32 %l_3_i to i8" [bi_lstm/src/rnn.cpp:349]   --->   Operation 57 'trunc' 'tmp_171' <Predicate = true> <Delay = 0.00>
ST_1 : Operation 58 [1/1] (2.13ns)   --->   "%tmp_70_4_i = icmp eq i16 %p_read_7, 0" [bi_lstm/src/rnn.cpp:349]   --->   Operation 58 'icmp' 'tmp_70_4_i' <Predicate = true> <Delay = 2.13> <Core = "Cmp">   --->   Core 25 'Cmp' <Latency = 0> <II = 1> <Delay = 1.96> <FuncUnit> <Opcode : 'icmp'> <InPorts = 2> <OutPorts = 1>
ST_1 : Operation 59 [1/1] (0.00ns)   --->   "%tmp_172 = call i1 @_ssdm_op_BitSelect.i1.i16.i32(i16 %p_read_7, i32 15)" [bi_lstm/src/rnn.cpp:349]   --->   Operation 59 'bitselect' 'tmp_172' <Predicate = true> <Delay = 0.00>
ST_1 : Operation 60 [1/1] (1.54ns)   --->   "%tmp_V_4_i = sub i16 0, %p_read_7" [bi_lstm/src/rnn.cpp:349]   --->   Operation 60 'sub' 'tmp_V_4_i' <Predicate = true> <Delay = 1.54> <Core = "AddSub">   --->   Core 14 'AddSub' <Latency = 0> <II = 1> <Delay = 1.54> <FuncUnit> <Opcode : 'add' 'sub'> <InPorts = 2> <OutPorts = 1>
ST_1 : Operation 61 [1/1] (0.62ns)   --->   "%p_Val2_4_i = select i1 %tmp_172, i16 %tmp_V_4_i, i16 %p_read_7" [bi_lstm/src/rnn.cpp:349]   --->   Operation 61 'select' 'p_Val2_4_i' <Predicate = true> <Delay = 0.62> <Core = "Sel">   --->   Core 26 'Sel' <Latency = 0> <II = 1> <Delay = 0.80> <FuncUnit> <Opcode : 'select'> <InPorts = 3> <OutPorts = 1>
ST_1 : Operation 62 [1/1] (0.00ns)   --->   "%p_Result_17_4_i = call i16 @llvm.part.select.i16(i16 %p_Val2_4_i, i32 15, i32 0) nounwind" [bi_lstm/src/rnn.cpp:349]   --->   Operation 62 'partselect' 'p_Result_17_4_i' <Predicate = true> <Delay = 0.00>
ST_1 : Operation 63 [1/1] (0.00ns)   --->   "%p_Result_27_4_i = call i32 @_ssdm_op_BitConcatenate.i32.i16.i16(i16 -1, i16 %p_Result_17_4_i)" [bi_lstm/src/rnn.cpp:349]   --->   Operation 63 'bitconcatenate' 'p_Result_27_4_i' <Predicate = true> <Delay = 0.00>
ST_1 : Operation 64 [1/1] (2.79ns)   --->   "%l_4_i = call i32 @llvm.cttz.i32(i32 %p_Result_27_4_i, i1 true) nounwind" [bi_lstm/src/rnn.cpp:349]   --->   Operation 64 'cttz' 'l_4_i' <Predicate = true> <Delay = 2.79> <Core = "CTTZ">   --->   Core 64 'CTTZ' <Latency = 0> <II = 1> <Delay = 2.79> <FuncUnit> <Opcode : 'cttz'> <InPorts = 1> <OutPorts = 1>
ST_1 : Operation 65 [1/1] (1.89ns)   --->   "%tmp_74_4_i = sub nsw i32 16, %l_4_i" [bi_lstm/src/rnn.cpp:349]   --->   Operation 65 'sub' 'tmp_74_4_i' <Predicate = true> <Delay = 1.89> <Core = "AddSub">   --->   Core 14 'AddSub' <Latency = 0> <II = 1> <Delay = 1.54> <FuncUnit> <Opcode : 'add' 'sub'> <InPorts = 2> <OutPorts = 1>
ST_1 : Operation 66 [1/1] (0.00ns)   --->   "%tmp_173 = trunc i32 %tmp_74_4_i to i16" [bi_lstm/src/rnn.cpp:349]   --->   Operation 66 'trunc' 'tmp_173' <Predicate = true> <Delay = 0.00>
ST_1 : Operation 67 [1/1] (0.00ns)   --->   "%tmp_175 = trunc i32 %tmp_74_4_i to i5" [bi_lstm/src/rnn.cpp:349]   --->   Operation 67 'trunc' 'tmp_175' <Predicate = true> <Delay = 0.00>
ST_1 : Operation 68 [1/1] (0.00ns)   --->   "%tmp_182 = trunc i32 %l_4_i to i8" [bi_lstm/src/rnn.cpp:349]   --->   Operation 68 'trunc' 'tmp_182' <Predicate = true> <Delay = 0.00>
ST_1 : Operation 69 [1/1] (2.13ns)   --->   "%tmp_70_5_i = icmp eq i16 %p_read_6, 0" [bi_lstm/src/rnn.cpp:349]   --->   Operation 69 'icmp' 'tmp_70_5_i' <Predicate = true> <Delay = 2.13> <Core = "Cmp">   --->   Core 25 'Cmp' <Latency = 0> <II = 1> <Delay = 1.96> <FuncUnit> <Opcode : 'icmp'> <InPorts = 2> <OutPorts = 1>
ST_1 : Operation 70 [1/1] (0.00ns)   --->   "%tmp_183 = call i1 @_ssdm_op_BitSelect.i1.i16.i32(i16 %p_read_6, i32 15)" [bi_lstm/src/rnn.cpp:349]   --->   Operation 70 'bitselect' 'tmp_183' <Predicate = true> <Delay = 0.00>
ST_1 : Operation 71 [1/1] (1.54ns)   --->   "%tmp_V_5_i = sub i16 0, %p_read_6" [bi_lstm/src/rnn.cpp:349]   --->   Operation 71 'sub' 'tmp_V_5_i' <Predicate = true> <Delay = 1.54> <Core = "AddSub">   --->   Core 14 'AddSub' <Latency = 0> <II = 1> <Delay = 1.54> <FuncUnit> <Opcode : 'add' 'sub'> <InPorts = 2> <OutPorts = 1>
ST_1 : Operation 72 [1/1] (0.62ns)   --->   "%p_Val2_5_i = select i1 %tmp_183, i16 %tmp_V_5_i, i16 %p_read_6" [bi_lstm/src/rnn.cpp:349]   --->   Operation 72 'select' 'p_Val2_5_i' <Predicate = true> <Delay = 0.62> <Core = "Sel">   --->   Core 26 'Sel' <Latency = 0> <II = 1> <Delay = 0.80> <FuncUnit> <Opcode : 'select'> <InPorts = 3> <OutPorts = 1>
ST_1 : Operation 73 [1/1] (0.00ns)   --->   "%p_Result_17_5_i = call i16 @llvm.part.select.i16(i16 %p_Val2_5_i, i32 15, i32 0) nounwind" [bi_lstm/src/rnn.cpp:349]   --->   Operation 73 'partselect' 'p_Result_17_5_i' <Predicate = true> <Delay = 0.00>
ST_1 : Operation 74 [1/1] (0.00ns)   --->   "%p_Result_27_5_i = call i32 @_ssdm_op_BitConcatenate.i32.i16.i16(i16 -1, i16 %p_Result_17_5_i)" [bi_lstm/src/rnn.cpp:349]   --->   Operation 74 'bitconcatenate' 'p_Result_27_5_i' <Predicate = true> <Delay = 0.00>
ST_1 : Operation 75 [1/1] (2.79ns)   --->   "%l_5_i = call i32 @llvm.cttz.i32(i32 %p_Result_27_5_i, i1 true) nounwind" [bi_lstm/src/rnn.cpp:349]   --->   Operation 75 'cttz' 'l_5_i' <Predicate = true> <Delay = 2.79> <Core = "CTTZ">   --->   Core 64 'CTTZ' <Latency = 0> <II = 1> <Delay = 2.79> <FuncUnit> <Opcode : 'cttz'> <InPorts = 1> <OutPorts = 1>
ST_1 : Operation 76 [1/1] (1.89ns)   --->   "%tmp_74_5_i = sub nsw i32 16, %l_5_i" [bi_lstm/src/rnn.cpp:349]   --->   Operation 76 'sub' 'tmp_74_5_i' <Predicate = true> <Delay = 1.89> <Core = "AddSub">   --->   Core 14 'AddSub' <Latency = 0> <II = 1> <Delay = 1.54> <FuncUnit> <Opcode : 'add' 'sub'> <InPorts = 2> <OutPorts = 1>
ST_1 : Operation 77 [1/1] (0.00ns)   --->   "%tmp_184 = trunc i32 %tmp_74_5_i to i16" [bi_lstm/src/rnn.cpp:349]   --->   Operation 77 'trunc' 'tmp_184' <Predicate = true> <Delay = 0.00>
ST_1 : Operation 78 [1/1] (0.00ns)   --->   "%tmp_186 = trunc i32 %tmp_74_5_i to i5" [bi_lstm/src/rnn.cpp:349]   --->   Operation 78 'trunc' 'tmp_186' <Predicate = true> <Delay = 0.00>
ST_1 : Operation 79 [1/1] (0.00ns)   --->   "%tmp_193 = trunc i32 %l_5_i to i8" [bi_lstm/src/rnn.cpp:349]   --->   Operation 79 'trunc' 'tmp_193' <Predicate = true> <Delay = 0.00>
ST_1 : Operation 80 [1/1] (2.13ns)   --->   "%tmp_70_6_i = icmp eq i16 %p_read_5, 0" [bi_lstm/src/rnn.cpp:349]   --->   Operation 80 'icmp' 'tmp_70_6_i' <Predicate = true> <Delay = 2.13> <Core = "Cmp">   --->   Core 25 'Cmp' <Latency = 0> <II = 1> <Delay = 1.96> <FuncUnit> <Opcode : 'icmp'> <InPorts = 2> <OutPorts = 1>
ST_1 : Operation 81 [1/1] (0.00ns)   --->   "%tmp_194 = call i1 @_ssdm_op_BitSelect.i1.i16.i32(i16 %p_read_5, i32 15)" [bi_lstm/src/rnn.cpp:349]   --->   Operation 81 'bitselect' 'tmp_194' <Predicate = true> <Delay = 0.00>
ST_1 : Operation 82 [1/1] (1.54ns)   --->   "%tmp_V_6_i = sub i16 0, %p_read_5" [bi_lstm/src/rnn.cpp:349]   --->   Operation 82 'sub' 'tmp_V_6_i' <Predicate = true> <Delay = 1.54> <Core = "AddSub">   --->   Core 14 'AddSub' <Latency = 0> <II = 1> <Delay = 1.54> <FuncUnit> <Opcode : 'add' 'sub'> <InPorts = 2> <OutPorts = 1>
ST_1 : Operation 83 [1/1] (0.62ns)   --->   "%p_Val2_6_i = select i1 %tmp_194, i16 %tmp_V_6_i, i16 %p_read_5" [bi_lstm/src/rnn.cpp:349]   --->   Operation 83 'select' 'p_Val2_6_i' <Predicate = true> <Delay = 0.62> <Core = "Sel">   --->   Core 26 'Sel' <Latency = 0> <II = 1> <Delay = 0.80> <FuncUnit> <Opcode : 'select'> <InPorts = 3> <OutPorts = 1>
ST_1 : Operation 84 [1/1] (0.00ns)   --->   "%p_Result_17_6_i = call i16 @llvm.part.select.i16(i16 %p_Val2_6_i, i32 15, i32 0) nounwind" [bi_lstm/src/rnn.cpp:349]   --->   Operation 84 'partselect' 'p_Result_17_6_i' <Predicate = true> <Delay = 0.00>
ST_1 : Operation 85 [1/1] (0.00ns)   --->   "%p_Result_27_6_i = call i32 @_ssdm_op_BitConcatenate.i32.i16.i16(i16 -1, i16 %p_Result_17_6_i)" [bi_lstm/src/rnn.cpp:349]   --->   Operation 85 'bitconcatenate' 'p_Result_27_6_i' <Predicate = true> <Delay = 0.00>
ST_1 : Operation 86 [1/1] (2.79ns)   --->   "%l_6_i = call i32 @llvm.cttz.i32(i32 %p_Result_27_6_i, i1 true) nounwind" [bi_lstm/src/rnn.cpp:349]   --->   Operation 86 'cttz' 'l_6_i' <Predicate = true> <Delay = 2.79> <Core = "CTTZ">   --->   Core 64 'CTTZ' <Latency = 0> <II = 1> <Delay = 2.79> <FuncUnit> <Opcode : 'cttz'> <InPorts = 1> <OutPorts = 1>
ST_1 : Operation 87 [1/1] (1.89ns)   --->   "%tmp_74_6_i = sub nsw i32 16, %l_6_i" [bi_lstm/src/rnn.cpp:349]   --->   Operation 87 'sub' 'tmp_74_6_i' <Predicate = true> <Delay = 1.89> <Core = "AddSub">   --->   Core 14 'AddSub' <Latency = 0> <II = 1> <Delay = 1.54> <FuncUnit> <Opcode : 'add' 'sub'> <InPorts = 2> <OutPorts = 1>
ST_1 : Operation 88 [1/1] (0.00ns)   --->   "%tmp_195 = trunc i32 %tmp_74_6_i to i16" [bi_lstm/src/rnn.cpp:349]   --->   Operation 88 'trunc' 'tmp_195' <Predicate = true> <Delay = 0.00>
ST_1 : Operation 89 [1/1] (0.00ns)   --->   "%tmp_197 = trunc i32 %tmp_74_6_i to i5" [bi_lstm/src/rnn.cpp:349]   --->   Operation 89 'trunc' 'tmp_197' <Predicate = true> <Delay = 0.00>
ST_1 : Operation 90 [1/1] (0.00ns)   --->   "%tmp_204 = trunc i32 %l_6_i to i8" [bi_lstm/src/rnn.cpp:349]   --->   Operation 90 'trunc' 'tmp_204' <Predicate = true> <Delay = 0.00>
ST_1 : Operation 91 [1/1] (2.13ns)   --->   "%tmp_70_7_i = icmp eq i16 %p_read_4, 0" [bi_lstm/src/rnn.cpp:349]   --->   Operation 91 'icmp' 'tmp_70_7_i' <Predicate = true> <Delay = 2.13> <Core = "Cmp">   --->   Core 25 'Cmp' <Latency = 0> <II = 1> <Delay = 1.96> <FuncUnit> <Opcode : 'icmp'> <InPorts = 2> <OutPorts = 1>
ST_1 : Operation 92 [1/1] (0.00ns)   --->   "%tmp_205 = call i1 @_ssdm_op_BitSelect.i1.i16.i32(i16 %p_read_4, i32 15)" [bi_lstm/src/rnn.cpp:349]   --->   Operation 92 'bitselect' 'tmp_205' <Predicate = true> <Delay = 0.00>
ST_1 : Operation 93 [1/1] (1.54ns)   --->   "%tmp_V_7_i = sub i16 0, %p_read_4" [bi_lstm/src/rnn.cpp:349]   --->   Operation 93 'sub' 'tmp_V_7_i' <Predicate = true> <Delay = 1.54> <Core = "AddSub">   --->   Core 14 'AddSub' <Latency = 0> <II = 1> <Delay = 1.54> <FuncUnit> <Opcode : 'add' 'sub'> <InPorts = 2> <OutPorts = 1>
ST_1 : Operation 94 [1/1] (0.62ns)   --->   "%p_Val2_7_i = select i1 %tmp_205, i16 %tmp_V_7_i, i16 %p_read_4" [bi_lstm/src/rnn.cpp:349]   --->   Operation 94 'select' 'p_Val2_7_i' <Predicate = true> <Delay = 0.62> <Core = "Sel">   --->   Core 26 'Sel' <Latency = 0> <II = 1> <Delay = 0.80> <FuncUnit> <Opcode : 'select'> <InPorts = 3> <OutPorts = 1>
ST_1 : Operation 95 [1/1] (0.00ns)   --->   "%p_Result_17_7_i = call i16 @llvm.part.select.i16(i16 %p_Val2_7_i, i32 15, i32 0) nounwind" [bi_lstm/src/rnn.cpp:349]   --->   Operation 95 'partselect' 'p_Result_17_7_i' <Predicate = true> <Delay = 0.00>
ST_1 : Operation 96 [1/1] (0.00ns)   --->   "%p_Result_27_7_i = call i32 @_ssdm_op_BitConcatenate.i32.i16.i16(i16 -1, i16 %p_Result_17_7_i)" [bi_lstm/src/rnn.cpp:349]   --->   Operation 96 'bitconcatenate' 'p_Result_27_7_i' <Predicate = true> <Delay = 0.00>
ST_1 : Operation 97 [1/1] (2.79ns)   --->   "%l_7_i = call i32 @llvm.cttz.i32(i32 %p_Result_27_7_i, i1 true) nounwind" [bi_lstm/src/rnn.cpp:349]   --->   Operation 97 'cttz' 'l_7_i' <Predicate = true> <Delay = 2.79> <Core = "CTTZ">   --->   Core 64 'CTTZ' <Latency = 0> <II = 1> <Delay = 2.79> <FuncUnit> <Opcode : 'cttz'> <InPorts = 1> <OutPorts = 1>
ST_1 : Operation 98 [1/1] (1.89ns)   --->   "%tmp_74_7_i = sub nsw i32 16, %l_7_i" [bi_lstm/src/rnn.cpp:349]   --->   Operation 98 'sub' 'tmp_74_7_i' <Predicate = true> <Delay = 1.89> <Core = "AddSub">   --->   Core 14 'AddSub' <Latency = 0> <II = 1> <Delay = 1.54> <FuncUnit> <Opcode : 'add' 'sub'> <InPorts = 2> <OutPorts = 1>
ST_1 : Operation 99 [1/1] (0.00ns)   --->   "%tmp_206 = trunc i32 %tmp_74_7_i to i16" [bi_lstm/src/rnn.cpp:349]   --->   Operation 99 'trunc' 'tmp_206' <Predicate = true> <Delay = 0.00>
ST_1 : Operation 100 [1/1] (0.00ns)   --->   "%tmp_208 = trunc i32 %tmp_74_7_i to i5" [bi_lstm/src/rnn.cpp:349]   --->   Operation 100 'trunc' 'tmp_208' <Predicate = true> <Delay = 0.00>
ST_1 : Operation 101 [1/1] (0.00ns)   --->   "%tmp_215 = trunc i32 %l_7_i to i8" [bi_lstm/src/rnn.cpp:349]   --->   Operation 101 'trunc' 'tmp_215' <Predicate = true> <Delay = 0.00>
ST_1 : Operation 102 [1/1] (2.13ns)   --->   "%tmp_70_8_i = icmp eq i16 %p_read_3, 0" [bi_lstm/src/rnn.cpp:349]   --->   Operation 102 'icmp' 'tmp_70_8_i' <Predicate = true> <Delay = 2.13> <Core = "Cmp">   --->   Core 25 'Cmp' <Latency = 0> <II = 1> <Delay = 1.96> <FuncUnit> <Opcode : 'icmp'> <InPorts = 2> <OutPorts = 1>
ST_1 : Operation 103 [1/1] (0.00ns)   --->   "%tmp_216 = call i1 @_ssdm_op_BitSelect.i1.i16.i32(i16 %p_read_3, i32 15)" [bi_lstm/src/rnn.cpp:349]   --->   Operation 103 'bitselect' 'tmp_216' <Predicate = true> <Delay = 0.00>
ST_1 : Operation 104 [1/1] (1.54ns)   --->   "%tmp_V_8_i = sub i16 0, %p_read_3" [bi_lstm/src/rnn.cpp:349]   --->   Operation 104 'sub' 'tmp_V_8_i' <Predicate = true> <Delay = 1.54> <Core = "AddSub">   --->   Core 14 'AddSub' <Latency = 0> <II = 1> <Delay = 1.54> <FuncUnit> <Opcode : 'add' 'sub'> <InPorts = 2> <OutPorts = 1>
ST_1 : Operation 105 [1/1] (0.62ns)   --->   "%p_Val2_8_i = select i1 %tmp_216, i16 %tmp_V_8_i, i16 %p_read_3" [bi_lstm/src/rnn.cpp:349]   --->   Operation 105 'select' 'p_Val2_8_i' <Predicate = true> <Delay = 0.62> <Core = "Sel">   --->   Core 26 'Sel' <Latency = 0> <II = 1> <Delay = 0.80> <FuncUnit> <Opcode : 'select'> <InPorts = 3> <OutPorts = 1>
ST_1 : Operation 106 [1/1] (0.00ns)   --->   "%p_Result_17_8_i = call i16 @llvm.part.select.i16(i16 %p_Val2_8_i, i32 15, i32 0) nounwind" [bi_lstm/src/rnn.cpp:349]   --->   Operation 106 'partselect' 'p_Result_17_8_i' <Predicate = true> <Delay = 0.00>
ST_1 : Operation 107 [1/1] (0.00ns)   --->   "%p_Result_27_8_i = call i32 @_ssdm_op_BitConcatenate.i32.i16.i16(i16 -1, i16 %p_Result_17_8_i)" [bi_lstm/src/rnn.cpp:349]   --->   Operation 107 'bitconcatenate' 'p_Result_27_8_i' <Predicate = true> <Delay = 0.00>
ST_1 : Operation 108 [1/1] (2.79ns)   --->   "%l_8_i = call i32 @llvm.cttz.i32(i32 %p_Result_27_8_i, i1 true) nounwind" [bi_lstm/src/rnn.cpp:349]   --->   Operation 108 'cttz' 'l_8_i' <Predicate = true> <Delay = 2.79> <Core = "CTTZ">   --->   Core 64 'CTTZ' <Latency = 0> <II = 1> <Delay = 2.79> <FuncUnit> <Opcode : 'cttz'> <InPorts = 1> <OutPorts = 1>
ST_1 : Operation 109 [1/1] (1.89ns)   --->   "%tmp_74_8_i = sub nsw i32 16, %l_8_i" [bi_lstm/src/rnn.cpp:349]   --->   Operation 109 'sub' 'tmp_74_8_i' <Predicate = true> <Delay = 1.89> <Core = "AddSub">   --->   Core 14 'AddSub' <Latency = 0> <II = 1> <Delay = 1.54> <FuncUnit> <Opcode : 'add' 'sub'> <InPorts = 2> <OutPorts = 1>
ST_1 : Operation 110 [1/1] (0.00ns)   --->   "%tmp_217 = trunc i32 %tmp_74_8_i to i16" [bi_lstm/src/rnn.cpp:349]   --->   Operation 110 'trunc' 'tmp_217' <Predicate = true> <Delay = 0.00>
ST_1 : Operation 111 [1/1] (0.00ns)   --->   "%tmp_219 = trunc i32 %tmp_74_8_i to i5" [bi_lstm/src/rnn.cpp:349]   --->   Operation 111 'trunc' 'tmp_219' <Predicate = true> <Delay = 0.00>
ST_1 : Operation 112 [1/1] (0.00ns)   --->   "%tmp_226 = trunc i32 %l_8_i to i8" [bi_lstm/src/rnn.cpp:349]   --->   Operation 112 'trunc' 'tmp_226' <Predicate = true> <Delay = 0.00>
ST_1 : Operation 113 [1/1] (2.13ns)   --->   "%tmp_70_9_i = icmp eq i16 %p_read_2, 0" [bi_lstm/src/rnn.cpp:349]   --->   Operation 113 'icmp' 'tmp_70_9_i' <Predicate = true> <Delay = 2.13> <Core = "Cmp">   --->   Core 25 'Cmp' <Latency = 0> <II = 1> <Delay = 1.96> <FuncUnit> <Opcode : 'icmp'> <InPorts = 2> <OutPorts = 1>
ST_1 : Operation 114 [1/1] (0.00ns)   --->   "%tmp_227 = call i1 @_ssdm_op_BitSelect.i1.i16.i32(i16 %p_read_2, i32 15)" [bi_lstm/src/rnn.cpp:349]   --->   Operation 114 'bitselect' 'tmp_227' <Predicate = true> <Delay = 0.00>
ST_1 : Operation 115 [1/1] (1.54ns)   --->   "%tmp_V_9_i = sub i16 0, %p_read_2" [bi_lstm/src/rnn.cpp:349]   --->   Operation 115 'sub' 'tmp_V_9_i' <Predicate = true> <Delay = 1.54> <Core = "AddSub">   --->   Core 14 'AddSub' <Latency = 0> <II = 1> <Delay = 1.54> <FuncUnit> <Opcode : 'add' 'sub'> <InPorts = 2> <OutPorts = 1>
ST_1 : Operation 116 [1/1] (0.62ns)   --->   "%p_Val2_9_i = select i1 %tmp_227, i16 %tmp_V_9_i, i16 %p_read_2" [bi_lstm/src/rnn.cpp:349]   --->   Operation 116 'select' 'p_Val2_9_i' <Predicate = true> <Delay = 0.62> <Core = "Sel">   --->   Core 26 'Sel' <Latency = 0> <II = 1> <Delay = 0.80> <FuncUnit> <Opcode : 'select'> <InPorts = 3> <OutPorts = 1>
ST_1 : Operation 117 [1/1] (0.00ns)   --->   "%p_Result_17_9_i = call i16 @llvm.part.select.i16(i16 %p_Val2_9_i, i32 15, i32 0) nounwind" [bi_lstm/src/rnn.cpp:349]   --->   Operation 117 'partselect' 'p_Result_17_9_i' <Predicate = true> <Delay = 0.00>
ST_1 : Operation 118 [1/1] (0.00ns)   --->   "%p_Result_27_9_i = call i32 @_ssdm_op_BitConcatenate.i32.i16.i16(i16 -1, i16 %p_Result_17_9_i)" [bi_lstm/src/rnn.cpp:349]   --->   Operation 118 'bitconcatenate' 'p_Result_27_9_i' <Predicate = true> <Delay = 0.00>
ST_1 : Operation 119 [1/1] (2.79ns)   --->   "%l_9_i = call i32 @llvm.cttz.i32(i32 %p_Result_27_9_i, i1 true) nounwind" [bi_lstm/src/rnn.cpp:349]   --->   Operation 119 'cttz' 'l_9_i' <Predicate = true> <Delay = 2.79> <Core = "CTTZ">   --->   Core 64 'CTTZ' <Latency = 0> <II = 1> <Delay = 2.79> <FuncUnit> <Opcode : 'cttz'> <InPorts = 1> <OutPorts = 1>
ST_1 : Operation 120 [1/1] (1.89ns)   --->   "%tmp_74_9_i = sub nsw i32 16, %l_9_i" [bi_lstm/src/rnn.cpp:349]   --->   Operation 120 'sub' 'tmp_74_9_i' <Predicate = true> <Delay = 1.89> <Core = "AddSub">   --->   Core 14 'AddSub' <Latency = 0> <II = 1> <Delay = 1.54> <FuncUnit> <Opcode : 'add' 'sub'> <InPorts = 2> <OutPorts = 1>
ST_1 : Operation 121 [1/1] (0.00ns)   --->   "%tmp_228 = trunc i32 %tmp_74_9_i to i16" [bi_lstm/src/rnn.cpp:349]   --->   Operation 121 'trunc' 'tmp_228' <Predicate = true> <Delay = 0.00>
ST_1 : Operation 122 [1/1] (0.00ns)   --->   "%tmp_230 = trunc i32 %tmp_74_9_i to i5" [bi_lstm/src/rnn.cpp:349]   --->   Operation 122 'trunc' 'tmp_230' <Predicate = true> <Delay = 0.00>
ST_1 : Operation 123 [1/1] (0.00ns)   --->   "%tmp_237 = trunc i32 %l_9_i to i8" [bi_lstm/src/rnn.cpp:349]   --->   Operation 123 'trunc' 'tmp_237' <Predicate = true> <Delay = 0.00>

State 2 <SV = 1> <Delay = 7.59>
ST_2 : Operation 124 [1/1] (1.89ns)   --->   "%lsb_index_i = add nsw i32 -24, %tmp_741_i" [bi_lstm/src/rnn.cpp:349]   --->   Operation 124 'add' 'lsb_index_i' <Predicate = (!tmp_701_i)> <Delay = 1.89> <Core = "AddSub">   --->   Core 14 'AddSub' <Latency = 0> <II = 1> <Delay = 1.54> <FuncUnit> <Opcode : 'add' 'sub'> <InPorts = 2> <OutPorts = 1>
ST_2 : Operation 125 [1/1] (0.00ns)   --->   "%tmp_130 = call i31 @_ssdm_op_PartSelect.i31.i32.i32.i32(i32 %lsb_index_i, i32 1, i32 31)" [bi_lstm/src/rnn.cpp:349]   --->   Operation 125 'partselect' 'tmp_130' <Predicate = (!tmp_701_i)> <Delay = 0.00>
ST_2 : Operation 126 [1/1] (1.96ns)   --->   "%icmp = icmp sgt i31 %tmp_130, 0" [bi_lstm/src/rnn.cpp:349]   --->   Operation 126 'icmp' 'icmp' <Predicate = (!tmp_701_i)> <Delay = 1.96> <Core = "Cmp">   --->   Core 25 'Cmp' <Latency = 0> <II = 1> <Delay = 1.96> <FuncUnit> <Opcode : 'icmp'> <InPorts = 2> <OutPorts = 1>
ST_2 : Operation 127 [1/1] (1.02ns)   --->   "%tmp_132 = sub i5 9, %tmp_131" [bi_lstm/src/rnn.cpp:349]   --->   Operation 127 'sub' 'tmp_132' <Predicate = (!tmp_701_i)> <Delay = 1.02> <Core = "AddSub">   --->   Core 14 'AddSub' <Latency = 0> <II = 1> <Delay = 1.54> <FuncUnit> <Opcode : 'add' 'sub'> <InPorts = 2> <OutPorts = 1>
ST_2 : Operation 128 [1/1] (0.00ns) (grouped into LUT with out node tmp_77_i)   --->   "%tmp_133 = zext i5 %tmp_132 to i16" [bi_lstm/src/rnn.cpp:349]   --->   Operation 128 'zext' 'tmp_133' <Predicate = (!tmp_701_i)> <Delay = 0.00>
ST_2 : Operation 129 [1/1] (0.00ns) (grouped into LUT with out node tmp_77_i)   --->   "%tmp_134 = lshr i16 -1, %tmp_133" [bi_lstm/src/rnn.cpp:349]   --->   Operation 129 'lshr' 'tmp_134' <Predicate = (!tmp_701_i)> <Delay = 0.00> <Core = "Shift">   --->   Core 28 'Shift' <Latency = 0> <II = 1> <Delay = 2.93> <FuncUnit> <Opcode : 'shl' 'lshr' 'ashr'> <InPorts = 2> <OutPorts = 1>
ST_2 : Operation 130 [1/1] (0.00ns) (grouped into LUT with out node tmp_77_i)   --->   "%tmp_135 = and i16 %p_Val2_1_i, %tmp_134" [bi_lstm/src/rnn.cpp:349]   --->   Operation 130 'and' 'tmp_135' <Predicate = (!tmp_701_i)> <Delay = 0.00> <Core = "LogicGate">   --->   Core 27 'LogicGate' <Latency = 0> <II = 1> <Delay = 0.80> <FuncUnit> <Opcode : 'and' 'or' 'xor'> <InPorts = 2> <OutPorts = 1>
ST_2 : Operation 131 [1/1] (2.18ns) (out node of the LUT)   --->   "%tmp_77_i = icmp ne i16 %tmp_135, 0" [bi_lstm/src/rnn.cpp:349]   --->   Operation 131 'icmp' 'tmp_77_i' <Predicate = (!tmp_701_i)> <Delay = 2.18> <Core = "Cmp">   --->   Core 25 'Cmp' <Latency = 0> <II = 1> <Delay = 1.96> <FuncUnit> <Opcode : 'icmp'> <InPorts = 2> <OutPorts = 1>
ST_2 : Operation 132 [1/1] (0.00ns) (grouped into LUT with out node tmp_831_i)   --->   "%a_i = and i1 %icmp, %tmp_77_i" [bi_lstm/src/rnn.cpp:349]   --->   Operation 132 'and' 'a_i' <Predicate = (!tmp_701_i)> <Delay = 0.00> <Core = "LogicGate">   --->   Core 27 'LogicGate' <Latency = 0> <II = 1> <Delay = 0.80> <FuncUnit> <Opcode : 'and' 'or' 'xor'> <InPorts = 2> <OutPorts = 1>
ST_2 : Operation 133 [1/1] (0.00ns) (grouped into LUT with out node tmp_831_i)   --->   "%tmp_136 = call i1 @_ssdm_op_BitSelect.i1.i32.i32(i32 %lsb_index_i, i32 31)" [bi_lstm/src/rnn.cpp:349]   --->   Operation 133 'bitselect' 'tmp_136' <Predicate = (!tmp_701_i)> <Delay = 0.00>
ST_2 : Operation 134 [1/1] (0.00ns) (grouped into LUT with out node tmp_831_i)   --->   "%rev = xor i1 %tmp_136, true" [bi_lstm/src/rnn.cpp:349]   --->   Operation 134 'xor' 'rev' <Predicate = (!tmp_701_i)> <Delay = 0.00> <Core = "LogicGate">   --->   Core 27 'LogicGate' <Latency = 0> <II = 1> <Delay = 0.80> <FuncUnit> <Opcode : 'and' 'or' 'xor'> <InPorts = 2> <OutPorts = 1>
ST_2 : Operation 135 [1/1] (1.54ns)   --->   "%tmp_79_i = add i16 -24, %tmp_129" [bi_lstm/src/rnn.cpp:349]   --->   Operation 135 'add' 'tmp_79_i' <Predicate = (!tmp_701_i)> <Delay = 1.54> <Core = "AddSub">   --->   Core 14 'AddSub' <Latency = 0> <II = 1> <Delay = 1.54> <FuncUnit> <Opcode : 'add' 'sub'> <InPorts = 2> <OutPorts = 1>
ST_2 : Operation 136 [1/1] (0.00ns) (grouped into LUT with out node tmp_831_i)   --->   "%p_Result_20_i = call i1 @_ssdm_op_BitSelect.i1.i16.i16(i16 %p_Val2_1_i, i16 %tmp_79_i)" [bi_lstm/src/rnn.cpp:349]   --->   Operation 136 'bitselect' 'p_Result_20_i' <Predicate = (!tmp_701_i)> <Delay = 0.00>
ST_2 : Operation 137 [1/1] (0.00ns) (grouped into LUT with out node tmp_831_i)   --->   "%tmp_81_i = and i1 %p_Result_20_i, %rev" [bi_lstm/src/rnn.cpp:349]   --->   Operation 137 'and' 'tmp_81_i' <Predicate = (!tmp_701_i)> <Delay = 0.00> <Core = "LogicGate">   --->   Core 27 'LogicGate' <Latency = 0> <II = 1> <Delay = 0.80> <FuncUnit> <Opcode : 'and' 'or' 'xor'> <InPorts = 2> <OutPorts = 1>
ST_2 : Operation 138 [1/1] (0.00ns) (grouped into LUT with out node tmp_831_i)   --->   "%tmp_83_i = or i1 %tmp_81_i, %a_i" [bi_lstm/src/rnn.cpp:349]   --->   Operation 138 'or' 'tmp_83_i' <Predicate = (!tmp_701_i)> <Delay = 0.00> <Core = "LogicGate">   --->   Core 27 'LogicGate' <Latency = 0> <II = 1> <Delay = 0.80> <FuncUnit> <Opcode : 'and' 'or' 'xor'> <InPorts = 2> <OutPorts = 1>
ST_2 : Operation 139 [1/1] (0.80ns) (out node of the LUT)   --->   "%tmp_831_i = call i32 @_ssdm_op_BitConcatenate.i32.i31.i1(i31 0, i1 %tmp_83_i)" [bi_lstm/src/rnn.cpp:349]   --->   Operation 139 'bitconcatenate' 'tmp_831_i' <Predicate = (!tmp_701_i)> <Delay = 0.80>
ST_2 : Operation 140 [1/1] (0.00ns)   --->   "%m_i = zext i16 %p_Val2_1_i to i32" [bi_lstm/src/rnn.cpp:349]   --->   Operation 140 'zext' 'm_i' <Predicate = (!tmp_701_i)> <Delay = 0.00>
ST_2 : Operation 141 [1/1] (1.96ns)   --->   "%tmp_841_i = icmp sgt i32 %lsb_index_i, 0" [bi_lstm/src/rnn.cpp:349]   --->   Operation 141 'icmp' 'tmp_841_i' <Predicate = (!tmp_701_i)> <Delay = 1.96> <Core = "Cmp">   --->   Core 25 'Cmp' <Latency = 0> <II = 1> <Delay = 1.96> <FuncUnit> <Opcode : 'icmp'> <InPorts = 2> <OutPorts = 1>
ST_2 : Operation 142 [1/1] (1.89ns)   --->   "%tmp_851_i = add nsw i32 -25, %tmp_741_i" [bi_lstm/src/rnn.cpp:349]   --->   Operation 142 'add' 'tmp_851_i' <Predicate = (!tmp_701_i)> <Delay = 1.89> <Core = "AddSub">   --->   Core 14 'AddSub' <Latency = 0> <II = 1> <Delay = 1.54> <FuncUnit> <Opcode : 'add' 'sub'> <InPorts = 2> <OutPorts = 1>
ST_2 : Operation 143 [1/1] (0.00ns) (grouped into LUT with out node m_2_i)   --->   "%tmp_861_i = lshr i32 %m_i, %tmp_851_i" [bi_lstm/src/rnn.cpp:349]   --->   Operation 143 'lshr' 'tmp_861_i' <Predicate = (!tmp_701_i)> <Delay = 0.00> <Core = "Shift">   --->   Core 28 'Shift' <Latency = 0> <II = 1> <Delay = 2.93> <FuncUnit> <Opcode : 'shl' 'lshr' 'ashr'> <InPorts = 2> <OutPorts = 1>
ST_2 : Operation 144 [1/1] (1.89ns)   --->   "%tmp_87_i = sub i32 25, %tmp_741_i" [bi_lstm/src/rnn.cpp:349]   --->   Operation 144 'sub' 'tmp_87_i' <Predicate = (!tmp_701_i)> <Delay = 1.89> <Core = "AddSub">   --->   Core 14 'AddSub' <Latency = 0> <II = 1> <Delay = 1.54> <FuncUnit> <Opcode : 'add' 'sub'> <InPorts = 2> <OutPorts = 1>
ST_2 : Operation 145 [1/1] (0.00ns) (grouped into LUT with out node m_2_i)   --->   "%tmp_88_i = shl i32 %m_i, %tmp_87_i" [bi_lstm/src/rnn.cpp:349]   --->   Operation 145 'shl' 'tmp_88_i' <Predicate = (!tmp_701_i)> <Delay = 0.00> <Core = "Shift">   --->   Core 28 'Shift' <Latency = 0> <II = 1> <Delay = 2.93> <FuncUnit> <Opcode : 'shl' 'lshr' 'ashr'> <InPorts = 2> <OutPorts = 1>
ST_2 : Operation 146 [1/1] (0.00ns) (grouped into LUT with out node m_2_i)   --->   "%m_1_i = select i1 %tmp_841_i, i32 %tmp_861_i, i32 %tmp_88_i" [bi_lstm/src/rnn.cpp:349]   --->   Operation 146 'select' 'm_1_i' <Predicate = (!tmp_701_i)> <Delay = 0.00> <Core = "Sel">   --->   Core 26 'Sel' <Latency = 0> <II = 1> <Delay = 0.80> <FuncUnit> <Opcode : 'select'> <InPorts = 3> <OutPorts = 1>
ST_2 : Operation 147 [1/1] (2.93ns) (out node of the LUT)   --->   "%m_2_i = add i32 %tmp_831_i, %m_1_i" [bi_lstm/src/rnn.cpp:349]   --->   Operation 147 'add' 'm_2_i' <Predicate = (!tmp_701_i)> <Delay = 2.93> <Core = "AddSub">   --->   Core 14 'AddSub' <Latency = 0> <II = 1> <Delay = 1.54> <FuncUnit> <Opcode : 'add' 'sub'> <InPorts = 2> <OutPorts = 1>
ST_2 : Operation 148 [1/1] (0.00ns)   --->   "%m_6_i = call i31 @_ssdm_op_PartSelect.i31.i32.i32.i32(i32 %m_2_i, i32 1, i32 31)" [bi_lstm/src/rnn.cpp:349]   --->   Operation 148 'partselect' 'm_6_i' <Predicate = (!tmp_701_i)> <Delay = 0.00>
ST_2 : Operation 149 [1/1] (0.00ns)   --->   "%tmp_137 = call i1 @_ssdm_op_BitSelect.i1.i32.i32(i32 %m_2_i, i32 25)" [bi_lstm/src/rnn.cpp:349]   --->   Operation 149 'bitselect' 'tmp_137' <Predicate = (!tmp_701_i)> <Delay = 0.00>
ST_2 : Operation 150 [1/1] (1.89ns)   --->   "%lsb_index_1_i = add nsw i32 -24, %tmp_74_1_i" [bi_lstm/src/rnn.cpp:349]   --->   Operation 150 'add' 'lsb_index_1_i' <Predicate = (!tmp_70_1_i)> <Delay = 1.89> <Core = "AddSub">   --->   Core 14 'AddSub' <Latency = 0> <II = 1> <Delay = 1.54> <FuncUnit> <Opcode : 'add' 'sub'> <InPorts = 2> <OutPorts = 1>
ST_2 : Operation 151 [1/1] (0.00ns)   --->   "%tmp_141 = call i31 @_ssdm_op_PartSelect.i31.i32.i32.i32(i32 %lsb_index_1_i, i32 1, i32 31)" [bi_lstm/src/rnn.cpp:349]   --->   Operation 151 'partselect' 'tmp_141' <Predicate = (!tmp_70_1_i)> <Delay = 0.00>
ST_2 : Operation 152 [1/1] (1.96ns)   --->   "%icmp1 = icmp sgt i31 %tmp_141, 0" [bi_lstm/src/rnn.cpp:349]   --->   Operation 152 'icmp' 'icmp1' <Predicate = (!tmp_70_1_i)> <Delay = 1.96> <Core = "Cmp">   --->   Core 25 'Cmp' <Latency = 0> <II = 1> <Delay = 1.96> <FuncUnit> <Opcode : 'icmp'> <InPorts = 2> <OutPorts = 1>
ST_2 : Operation 153 [1/1] (1.02ns)   --->   "%tmp_143 = sub i5 9, %tmp_142" [bi_lstm/src/rnn.cpp:349]   --->   Operation 153 'sub' 'tmp_143' <Predicate = (!tmp_70_1_i)> <Delay = 1.02> <Core = "AddSub">   --->   Core 14 'AddSub' <Latency = 0> <II = 1> <Delay = 1.54> <FuncUnit> <Opcode : 'add' 'sub'> <InPorts = 2> <OutPorts = 1>
ST_2 : Operation 154 [1/1] (0.00ns) (grouped into LUT with out node tmp_77_1_i)   --->   "%tmp_144 = zext i5 %tmp_143 to i16" [bi_lstm/src/rnn.cpp:349]   --->   Operation 154 'zext' 'tmp_144' <Predicate = (!tmp_70_1_i)> <Delay = 0.00>
ST_2 : Operation 155 [1/1] (0.00ns) (grouped into LUT with out node tmp_77_1_i)   --->   "%tmp_145 = lshr i16 -1, %tmp_144" [bi_lstm/src/rnn.cpp:349]   --->   Operation 155 'lshr' 'tmp_145' <Predicate = (!tmp_70_1_i)> <Delay = 0.00> <Core = "Shift">   --->   Core 28 'Shift' <Latency = 0> <II = 1> <Delay = 2.93> <FuncUnit> <Opcode : 'shl' 'lshr' 'ashr'> <InPorts = 2> <OutPorts = 1>
ST_2 : Operation 156 [1/1] (0.00ns) (grouped into LUT with out node tmp_77_1_i)   --->   "%tmp_146 = and i16 %p_Val2_1_i_54, %tmp_145" [bi_lstm/src/rnn.cpp:349]   --->   Operation 156 'and' 'tmp_146' <Predicate = (!tmp_70_1_i)> <Delay = 0.00> <Core = "LogicGate">   --->   Core 27 'LogicGate' <Latency = 0> <II = 1> <Delay = 0.80> <FuncUnit> <Opcode : 'and' 'or' 'xor'> <InPorts = 2> <OutPorts = 1>
ST_2 : Operation 157 [1/1] (2.18ns) (out node of the LUT)   --->   "%tmp_77_1_i = icmp ne i16 %tmp_146, 0" [bi_lstm/src/rnn.cpp:349]   --->   Operation 157 'icmp' 'tmp_77_1_i' <Predicate = (!tmp_70_1_i)> <Delay = 2.18> <Core = "Cmp">   --->   Core 25 'Cmp' <Latency = 0> <II = 1> <Delay = 1.96> <FuncUnit> <Opcode : 'icmp'> <InPorts = 2> <OutPorts = 1>
ST_2 : Operation 158 [1/1] (0.00ns) (grouped into LUT with out node tmp_83_1_i)   --->   "%a_1_i = and i1 %icmp1, %tmp_77_1_i" [bi_lstm/src/rnn.cpp:349]   --->   Operation 158 'and' 'a_1_i' <Predicate = (!tmp_70_1_i)> <Delay = 0.00> <Core = "LogicGate">   --->   Core 27 'LogicGate' <Latency = 0> <II = 1> <Delay = 0.80> <FuncUnit> <Opcode : 'and' 'or' 'xor'> <InPorts = 2> <OutPorts = 1>
ST_2 : Operation 159 [1/1] (0.00ns) (grouped into LUT with out node tmp_83_1_i)   --->   "%tmp_147 = call i1 @_ssdm_op_BitSelect.i1.i32.i32(i32 %lsb_index_1_i, i32 31)" [bi_lstm/src/rnn.cpp:349]   --->   Operation 159 'bitselect' 'tmp_147' <Predicate = (!tmp_70_1_i)> <Delay = 0.00>
ST_2 : Operation 160 [1/1] (0.00ns) (grouped into LUT with out node tmp_83_1_i)   --->   "%rev1 = xor i1 %tmp_147, true" [bi_lstm/src/rnn.cpp:349]   --->   Operation 160 'xor' 'rev1' <Predicate = (!tmp_70_1_i)> <Delay = 0.00> <Core = "LogicGate">   --->   Core 27 'LogicGate' <Latency = 0> <II = 1> <Delay = 0.80> <FuncUnit> <Opcode : 'and' 'or' 'xor'> <InPorts = 2> <OutPorts = 1>
ST_2 : Operation 161 [1/1] (1.54ns)   --->   "%tmp_79_1_i = add i16 -24, %tmp_140" [bi_lstm/src/rnn.cpp:349]   --->   Operation 161 'add' 'tmp_79_1_i' <Predicate = (!tmp_70_1_i)> <Delay = 1.54> <Core = "AddSub">   --->   Core 14 'AddSub' <Latency = 0> <II = 1> <Delay = 1.54> <FuncUnit> <Opcode : 'add' 'sub'> <InPorts = 2> <OutPorts = 1>
ST_2 : Operation 162 [1/1] (0.00ns) (grouped into LUT with out node tmp_83_1_i)   --->   "%p_Result_20_1_i = call i1 @_ssdm_op_BitSelect.i1.i16.i16(i16 %p_Val2_1_i_54, i16 %tmp_79_1_i)" [bi_lstm/src/rnn.cpp:349]   --->   Operation 162 'bitselect' 'p_Result_20_1_i' <Predicate = (!tmp_70_1_i)> <Delay = 0.00>
ST_2 : Operation 163 [1/1] (0.00ns) (grouped into LUT with out node tmp_83_1_i)   --->   "%tmp_81_1_i = and i1 %p_Result_20_1_i, %rev1" [bi_lstm/src/rnn.cpp:349]   --->   Operation 163 'and' 'tmp_81_1_i' <Predicate = (!tmp_70_1_i)> <Delay = 0.00> <Core = "LogicGate">   --->   Core 27 'LogicGate' <Latency = 0> <II = 1> <Delay = 0.80> <FuncUnit> <Opcode : 'and' 'or' 'xor'> <InPorts = 2> <OutPorts = 1>
ST_2 : Operation 164 [1/1] (0.00ns) (grouped into LUT with out node tmp_83_1_i)   --->   "%tmp_96_i = or i1 %tmp_81_1_i, %a_1_i" [bi_lstm/src/rnn.cpp:349]   --->   Operation 164 'or' 'tmp_96_i' <Predicate = (!tmp_70_1_i)> <Delay = 0.00> <Core = "LogicGate">   --->   Core 27 'LogicGate' <Latency = 0> <II = 1> <Delay = 0.80> <FuncUnit> <Opcode : 'and' 'or' 'xor'> <InPorts = 2> <OutPorts = 1>
ST_2 : Operation 165 [1/1] (0.80ns) (out node of the LUT)   --->   "%tmp_83_1_i = call i32 @_ssdm_op_BitConcatenate.i32.i31.i1(i31 0, i1 %tmp_96_i)" [bi_lstm/src/rnn.cpp:349]   --->   Operation 165 'bitconcatenate' 'tmp_83_1_i' <Predicate = (!tmp_70_1_i)> <Delay = 0.80>
ST_2 : Operation 166 [1/1] (0.00ns)   --->   "%m_i_55 = zext i16 %p_Val2_1_i_54 to i32" [bi_lstm/src/rnn.cpp:349]   --->   Operation 166 'zext' 'm_i_55' <Predicate = (!tmp_70_1_i)> <Delay = 0.00>
ST_2 : Operation 167 [1/1] (1.96ns)   --->   "%tmp_84_1_i = icmp sgt i32 %lsb_index_1_i, 0" [bi_lstm/src/rnn.cpp:349]   --->   Operation 167 'icmp' 'tmp_84_1_i' <Predicate = (!tmp_70_1_i)> <Delay = 1.96> <Core = "Cmp">   --->   Core 25 'Cmp' <Latency = 0> <II = 1> <Delay = 1.96> <FuncUnit> <Opcode : 'icmp'> <InPorts = 2> <OutPorts = 1>
ST_2 : Operation 168 [1/1] (1.89ns)   --->   "%tmp_85_1_i = add nsw i32 -25, %tmp_74_1_i" [bi_lstm/src/rnn.cpp:349]   --->   Operation 168 'add' 'tmp_85_1_i' <Predicate = (!tmp_70_1_i)> <Delay = 1.89> <Core = "AddSub">   --->   Core 14 'AddSub' <Latency = 0> <II = 1> <Delay = 1.54> <FuncUnit> <Opcode : 'add' 'sub'> <InPorts = 2> <OutPorts = 1>
ST_2 : Operation 169 [1/1] (0.00ns) (grouped into LUT with out node m_2_1_i)   --->   "%tmp_86_1_i = lshr i32 %m_i_55, %tmp_85_1_i" [bi_lstm/src/rnn.cpp:349]   --->   Operation 169 'lshr' 'tmp_86_1_i' <Predicate = (!tmp_70_1_i)> <Delay = 0.00> <Core = "Shift">   --->   Core 28 'Shift' <Latency = 0> <II = 1> <Delay = 2.93> <FuncUnit> <Opcode : 'shl' 'lshr' 'ashr'> <InPorts = 2> <OutPorts = 1>
ST_2 : Operation 170 [1/1] (1.89ns)   --->   "%tmp_87_1_i = sub i32 25, %tmp_74_1_i" [bi_lstm/src/rnn.cpp:349]   --->   Operation 170 'sub' 'tmp_87_1_i' <Predicate = (!tmp_70_1_i)> <Delay = 1.89> <Core = "AddSub">   --->   Core 14 'AddSub' <Latency = 0> <II = 1> <Delay = 1.54> <FuncUnit> <Opcode : 'add' 'sub'> <InPorts = 2> <OutPorts = 1>
ST_2 : Operation 171 [1/1] (0.00ns) (grouped into LUT with out node m_2_1_i)   --->   "%tmp_88_1_i = shl i32 %m_i_55, %tmp_87_1_i" [bi_lstm/src/rnn.cpp:349]   --->   Operation 171 'shl' 'tmp_88_1_i' <Predicate = (!tmp_70_1_i)> <Delay = 0.00> <Core = "Shift">   --->   Core 28 'Shift' <Latency = 0> <II = 1> <Delay = 2.93> <FuncUnit> <Opcode : 'shl' 'lshr' 'ashr'> <InPorts = 2> <OutPorts = 1>
ST_2 : Operation 172 [1/1] (0.00ns) (grouped into LUT with out node m_2_1_i)   --->   "%m_1_1_i = select i1 %tmp_84_1_i, i32 %tmp_86_1_i, i32 %tmp_88_1_i" [bi_lstm/src/rnn.cpp:349]   --->   Operation 172 'select' 'm_1_1_i' <Predicate = (!tmp_70_1_i)> <Delay = 0.00> <Core = "Sel">   --->   Core 26 'Sel' <Latency = 0> <II = 1> <Delay = 0.80> <FuncUnit> <Opcode : 'select'> <InPorts = 3> <OutPorts = 1>
ST_2 : Operation 173 [1/1] (2.93ns) (out node of the LUT)   --->   "%m_2_1_i = add i32 %tmp_83_1_i, %m_1_1_i" [bi_lstm/src/rnn.cpp:349]   --->   Operation 173 'add' 'm_2_1_i' <Predicate = (!tmp_70_1_i)> <Delay = 2.93> <Core = "AddSub">   --->   Core 14 'AddSub' <Latency = 0> <II = 1> <Delay = 1.54> <FuncUnit> <Opcode : 'add' 'sub'> <InPorts = 2> <OutPorts = 1>
ST_2 : Operation 174 [1/1] (0.00ns)   --->   "%m_6_1_i = call i31 @_ssdm_op_PartSelect.i31.i32.i32.i32(i32 %m_2_1_i, i32 1, i32 31)" [bi_lstm/src/rnn.cpp:349]   --->   Operation 174 'partselect' 'm_6_1_i' <Predicate = (!tmp_70_1_i)> <Delay = 0.00>
ST_2 : Operation 175 [1/1] (0.00ns)   --->   "%tmp_148 = call i1 @_ssdm_op_BitSelect.i1.i32.i32(i32 %m_2_1_i, i32 25)" [bi_lstm/src/rnn.cpp:349]   --->   Operation 175 'bitselect' 'tmp_148' <Predicate = (!tmp_70_1_i)> <Delay = 0.00>
ST_2 : Operation 176 [1/1] (1.89ns)   --->   "%lsb_index_2_i = add nsw i32 -24, %tmp_74_2_i" [bi_lstm/src/rnn.cpp:349]   --->   Operation 176 'add' 'lsb_index_2_i' <Predicate = (!tmp_70_2_i)> <Delay = 1.89> <Core = "AddSub">   --->   Core 14 'AddSub' <Latency = 0> <II = 1> <Delay = 1.54> <FuncUnit> <Opcode : 'add' 'sub'> <InPorts = 2> <OutPorts = 1>
ST_2 : Operation 177 [1/1] (0.00ns)   --->   "%tmp_152 = call i31 @_ssdm_op_PartSelect.i31.i32.i32.i32(i32 %lsb_index_2_i, i32 1, i32 31)" [bi_lstm/src/rnn.cpp:349]   --->   Operation 177 'partselect' 'tmp_152' <Predicate = (!tmp_70_2_i)> <Delay = 0.00>
ST_2 : Operation 178 [1/1] (1.96ns)   --->   "%icmp2 = icmp sgt i31 %tmp_152, 0" [bi_lstm/src/rnn.cpp:349]   --->   Operation 178 'icmp' 'icmp2' <Predicate = (!tmp_70_2_i)> <Delay = 1.96> <Core = "Cmp">   --->   Core 25 'Cmp' <Latency = 0> <II = 1> <Delay = 1.96> <FuncUnit> <Opcode : 'icmp'> <InPorts = 2> <OutPorts = 1>
ST_2 : Operation 179 [1/1] (1.02ns)   --->   "%tmp_154 = sub i5 9, %tmp_153" [bi_lstm/src/rnn.cpp:349]   --->   Operation 179 'sub' 'tmp_154' <Predicate = (!tmp_70_2_i)> <Delay = 1.02> <Core = "AddSub">   --->   Core 14 'AddSub' <Latency = 0> <II = 1> <Delay = 1.54> <FuncUnit> <Opcode : 'add' 'sub'> <InPorts = 2> <OutPorts = 1>
ST_2 : Operation 180 [1/1] (0.00ns) (grouped into LUT with out node tmp_77_2_i)   --->   "%tmp_155 = zext i5 %tmp_154 to i16" [bi_lstm/src/rnn.cpp:349]   --->   Operation 180 'zext' 'tmp_155' <Predicate = (!tmp_70_2_i)> <Delay = 0.00>
ST_2 : Operation 181 [1/1] (0.00ns) (grouped into LUT with out node tmp_77_2_i)   --->   "%tmp_156 = lshr i16 -1, %tmp_155" [bi_lstm/src/rnn.cpp:349]   --->   Operation 181 'lshr' 'tmp_156' <Predicate = (!tmp_70_2_i)> <Delay = 0.00> <Core = "Shift">   --->   Core 28 'Shift' <Latency = 0> <II = 1> <Delay = 2.93> <FuncUnit> <Opcode : 'shl' 'lshr' 'ashr'> <InPorts = 2> <OutPorts = 1>
ST_2 : Operation 182 [1/1] (0.00ns) (grouped into LUT with out node tmp_77_2_i)   --->   "%tmp_157 = and i16 %p_Val2_2_i, %tmp_156" [bi_lstm/src/rnn.cpp:349]   --->   Operation 182 'and' 'tmp_157' <Predicate = (!tmp_70_2_i)> <Delay = 0.00> <Core = "LogicGate">   --->   Core 27 'LogicGate' <Latency = 0> <II = 1> <Delay = 0.80> <FuncUnit> <Opcode : 'and' 'or' 'xor'> <InPorts = 2> <OutPorts = 1>
ST_2 : Operation 183 [1/1] (2.18ns) (out node of the LUT)   --->   "%tmp_77_2_i = icmp ne i16 %tmp_157, 0" [bi_lstm/src/rnn.cpp:349]   --->   Operation 183 'icmp' 'tmp_77_2_i' <Predicate = (!tmp_70_2_i)> <Delay = 2.18> <Core = "Cmp">   --->   Core 25 'Cmp' <Latency = 0> <II = 1> <Delay = 1.96> <FuncUnit> <Opcode : 'icmp'> <InPorts = 2> <OutPorts = 1>
ST_2 : Operation 184 [1/1] (0.00ns) (grouped into LUT with out node tmp_83_2_i)   --->   "%a_2_i = and i1 %icmp2, %tmp_77_2_i" [bi_lstm/src/rnn.cpp:349]   --->   Operation 184 'and' 'a_2_i' <Predicate = (!tmp_70_2_i)> <Delay = 0.00> <Core = "LogicGate">   --->   Core 27 'LogicGate' <Latency = 0> <II = 1> <Delay = 0.80> <FuncUnit> <Opcode : 'and' 'or' 'xor'> <InPorts = 2> <OutPorts = 1>
ST_2 : Operation 185 [1/1] (0.00ns) (grouped into LUT with out node tmp_83_2_i)   --->   "%tmp_158 = call i1 @_ssdm_op_BitSelect.i1.i32.i32(i32 %lsb_index_2_i, i32 31)" [bi_lstm/src/rnn.cpp:349]   --->   Operation 185 'bitselect' 'tmp_158' <Predicate = (!tmp_70_2_i)> <Delay = 0.00>
ST_2 : Operation 186 [1/1] (0.00ns) (grouped into LUT with out node tmp_83_2_i)   --->   "%rev2 = xor i1 %tmp_158, true" [bi_lstm/src/rnn.cpp:349]   --->   Operation 186 'xor' 'rev2' <Predicate = (!tmp_70_2_i)> <Delay = 0.00> <Core = "LogicGate">   --->   Core 27 'LogicGate' <Latency = 0> <II = 1> <Delay = 0.80> <FuncUnit> <Opcode : 'and' 'or' 'xor'> <InPorts = 2> <OutPorts = 1>
ST_2 : Operation 187 [1/1] (1.54ns)   --->   "%tmp_79_2_i = add i16 -24, %tmp_151" [bi_lstm/src/rnn.cpp:349]   --->   Operation 187 'add' 'tmp_79_2_i' <Predicate = (!tmp_70_2_i)> <Delay = 1.54> <Core = "AddSub">   --->   Core 14 'AddSub' <Latency = 0> <II = 1> <Delay = 1.54> <FuncUnit> <Opcode : 'add' 'sub'> <InPorts = 2> <OutPorts = 1>
ST_2 : Operation 188 [1/1] (0.00ns) (grouped into LUT with out node tmp_83_2_i)   --->   "%p_Result_20_2_i = call i1 @_ssdm_op_BitSelect.i1.i16.i16(i16 %p_Val2_2_i, i16 %tmp_79_2_i)" [bi_lstm/src/rnn.cpp:349]   --->   Operation 188 'bitselect' 'p_Result_20_2_i' <Predicate = (!tmp_70_2_i)> <Delay = 0.00>
ST_2 : Operation 189 [1/1] (0.00ns) (grouped into LUT with out node tmp_83_2_i)   --->   "%tmp_81_2_i = and i1 %p_Result_20_2_i, %rev2" [bi_lstm/src/rnn.cpp:349]   --->   Operation 189 'and' 'tmp_81_2_i' <Predicate = (!tmp_70_2_i)> <Delay = 0.00> <Core = "LogicGate">   --->   Core 27 'LogicGate' <Latency = 0> <II = 1> <Delay = 0.80> <FuncUnit> <Opcode : 'and' 'or' 'xor'> <InPorts = 2> <OutPorts = 1>
ST_2 : Operation 190 [1/1] (0.00ns) (grouped into LUT with out node tmp_83_2_i)   --->   "%tmp_104_i = or i1 %tmp_81_2_i, %a_2_i" [bi_lstm/src/rnn.cpp:349]   --->   Operation 190 'or' 'tmp_104_i' <Predicate = (!tmp_70_2_i)> <Delay = 0.00> <Core = "LogicGate">   --->   Core 27 'LogicGate' <Latency = 0> <II = 1> <Delay = 0.80> <FuncUnit> <Opcode : 'and' 'or' 'xor'> <InPorts = 2> <OutPorts = 1>
ST_2 : Operation 191 [1/1] (0.80ns) (out node of the LUT)   --->   "%tmp_83_2_i = call i32 @_ssdm_op_BitConcatenate.i32.i31.i1(i31 0, i1 %tmp_104_i)" [bi_lstm/src/rnn.cpp:349]   --->   Operation 191 'bitconcatenate' 'tmp_83_2_i' <Predicate = (!tmp_70_2_i)> <Delay = 0.80>
ST_2 : Operation 192 [1/1] (0.00ns)   --->   "%m_10_i = zext i16 %p_Val2_2_i to i32" [bi_lstm/src/rnn.cpp:349]   --->   Operation 192 'zext' 'm_10_i' <Predicate = (!tmp_70_2_i)> <Delay = 0.00>
ST_2 : Operation 193 [1/1] (1.96ns)   --->   "%tmp_84_2_i = icmp sgt i32 %lsb_index_2_i, 0" [bi_lstm/src/rnn.cpp:349]   --->   Operation 193 'icmp' 'tmp_84_2_i' <Predicate = (!tmp_70_2_i)> <Delay = 1.96> <Core = "Cmp">   --->   Core 25 'Cmp' <Latency = 0> <II = 1> <Delay = 1.96> <FuncUnit> <Opcode : 'icmp'> <InPorts = 2> <OutPorts = 1>
ST_2 : Operation 194 [1/1] (1.89ns)   --->   "%tmp_85_2_i = add nsw i32 -25, %tmp_74_2_i" [bi_lstm/src/rnn.cpp:349]   --->   Operation 194 'add' 'tmp_85_2_i' <Predicate = (!tmp_70_2_i)> <Delay = 1.89> <Core = "AddSub">   --->   Core 14 'AddSub' <Latency = 0> <II = 1> <Delay = 1.54> <FuncUnit> <Opcode : 'add' 'sub'> <InPorts = 2> <OutPorts = 1>
ST_2 : Operation 195 [1/1] (0.00ns) (grouped into LUT with out node m_2_2_i)   --->   "%tmp_86_2_i = lshr i32 %m_10_i, %tmp_85_2_i" [bi_lstm/src/rnn.cpp:349]   --->   Operation 195 'lshr' 'tmp_86_2_i' <Predicate = (!tmp_70_2_i)> <Delay = 0.00> <Core = "Shift">   --->   Core 28 'Shift' <Latency = 0> <II = 1> <Delay = 2.93> <FuncUnit> <Opcode : 'shl' 'lshr' 'ashr'> <InPorts = 2> <OutPorts = 1>
ST_2 : Operation 196 [1/1] (1.89ns)   --->   "%tmp_87_2_i = sub i32 25, %tmp_74_2_i" [bi_lstm/src/rnn.cpp:349]   --->   Operation 196 'sub' 'tmp_87_2_i' <Predicate = (!tmp_70_2_i)> <Delay = 1.89> <Core = "AddSub">   --->   Core 14 'AddSub' <Latency = 0> <II = 1> <Delay = 1.54> <FuncUnit> <Opcode : 'add' 'sub'> <InPorts = 2> <OutPorts = 1>
ST_2 : Operation 197 [1/1] (0.00ns) (grouped into LUT with out node m_2_2_i)   --->   "%tmp_88_2_i = shl i32 %m_10_i, %tmp_87_2_i" [bi_lstm/src/rnn.cpp:349]   --->   Operation 197 'shl' 'tmp_88_2_i' <Predicate = (!tmp_70_2_i)> <Delay = 0.00> <Core = "Shift">   --->   Core 28 'Shift' <Latency = 0> <II = 1> <Delay = 2.93> <FuncUnit> <Opcode : 'shl' 'lshr' 'ashr'> <InPorts = 2> <OutPorts = 1>
ST_2 : Operation 198 [1/1] (0.00ns) (grouped into LUT with out node m_2_2_i)   --->   "%m_1_2_i = select i1 %tmp_84_2_i, i32 %tmp_86_2_i, i32 %tmp_88_2_i" [bi_lstm/src/rnn.cpp:349]   --->   Operation 198 'select' 'm_1_2_i' <Predicate = (!tmp_70_2_i)> <Delay = 0.00> <Core = "Sel">   --->   Core 26 'Sel' <Latency = 0> <II = 1> <Delay = 0.80> <FuncUnit> <Opcode : 'select'> <InPorts = 3> <OutPorts = 1>
ST_2 : Operation 199 [1/1] (2.93ns) (out node of the LUT)   --->   "%m_2_2_i = add i32 %tmp_83_2_i, %m_1_2_i" [bi_lstm/src/rnn.cpp:349]   --->   Operation 199 'add' 'm_2_2_i' <Predicate = (!tmp_70_2_i)> <Delay = 2.93> <Core = "AddSub">   --->   Core 14 'AddSub' <Latency = 0> <II = 1> <Delay = 1.54> <FuncUnit> <Opcode : 'add' 'sub'> <InPorts = 2> <OutPorts = 1>
ST_2 : Operation 200 [1/1] (0.00ns)   --->   "%m_6_2_i = call i31 @_ssdm_op_PartSelect.i31.i32.i32.i32(i32 %m_2_2_i, i32 1, i32 31)" [bi_lstm/src/rnn.cpp:349]   --->   Operation 200 'partselect' 'm_6_2_i' <Predicate = (!tmp_70_2_i)> <Delay = 0.00>
ST_2 : Operation 201 [1/1] (0.00ns)   --->   "%tmp_159 = call i1 @_ssdm_op_BitSelect.i1.i32.i32(i32 %m_2_2_i, i32 25)" [bi_lstm/src/rnn.cpp:349]   --->   Operation 201 'bitselect' 'tmp_159' <Predicate = (!tmp_70_2_i)> <Delay = 0.00>
ST_2 : Operation 202 [1/1] (1.89ns)   --->   "%lsb_index_3_i = add nsw i32 -24, %tmp_74_3_i" [bi_lstm/src/rnn.cpp:349]   --->   Operation 202 'add' 'lsb_index_3_i' <Predicate = (!tmp_70_3_i)> <Delay = 1.89> <Core = "AddSub">   --->   Core 14 'AddSub' <Latency = 0> <II = 1> <Delay = 1.54> <FuncUnit> <Opcode : 'add' 'sub'> <InPorts = 2> <OutPorts = 1>
ST_2 : Operation 203 [1/1] (0.00ns)   --->   "%tmp_163 = call i31 @_ssdm_op_PartSelect.i31.i32.i32.i32(i32 %lsb_index_3_i, i32 1, i32 31)" [bi_lstm/src/rnn.cpp:349]   --->   Operation 203 'partselect' 'tmp_163' <Predicate = (!tmp_70_3_i)> <Delay = 0.00>
ST_2 : Operation 204 [1/1] (1.96ns)   --->   "%icmp3 = icmp sgt i31 %tmp_163, 0" [bi_lstm/src/rnn.cpp:349]   --->   Operation 204 'icmp' 'icmp3' <Predicate = (!tmp_70_3_i)> <Delay = 1.96> <Core = "Cmp">   --->   Core 25 'Cmp' <Latency = 0> <II = 1> <Delay = 1.96> <FuncUnit> <Opcode : 'icmp'> <InPorts = 2> <OutPorts = 1>
ST_2 : Operation 205 [1/1] (1.02ns)   --->   "%tmp_165 = sub i5 9, %tmp_164" [bi_lstm/src/rnn.cpp:349]   --->   Operation 205 'sub' 'tmp_165' <Predicate = (!tmp_70_3_i)> <Delay = 1.02> <Core = "AddSub">   --->   Core 14 'AddSub' <Latency = 0> <II = 1> <Delay = 1.54> <FuncUnit> <Opcode : 'add' 'sub'> <InPorts = 2> <OutPorts = 1>
ST_2 : Operation 206 [1/1] (0.00ns) (grouped into LUT with out node tmp_77_3_i)   --->   "%tmp_166 = zext i5 %tmp_165 to i16" [bi_lstm/src/rnn.cpp:349]   --->   Operation 206 'zext' 'tmp_166' <Predicate = (!tmp_70_3_i)> <Delay = 0.00>
ST_2 : Operation 207 [1/1] (0.00ns) (grouped into LUT with out node tmp_77_3_i)   --->   "%tmp_167 = lshr i16 -1, %tmp_166" [bi_lstm/src/rnn.cpp:349]   --->   Operation 207 'lshr' 'tmp_167' <Predicate = (!tmp_70_3_i)> <Delay = 0.00> <Core = "Shift">   --->   Core 28 'Shift' <Latency = 0> <II = 1> <Delay = 2.93> <FuncUnit> <Opcode : 'shl' 'lshr' 'ashr'> <InPorts = 2> <OutPorts = 1>
ST_2 : Operation 208 [1/1] (0.00ns) (grouped into LUT with out node tmp_77_3_i)   --->   "%tmp_168 = and i16 %p_Val2_3_i, %tmp_167" [bi_lstm/src/rnn.cpp:349]   --->   Operation 208 'and' 'tmp_168' <Predicate = (!tmp_70_3_i)> <Delay = 0.00> <Core = "LogicGate">   --->   Core 27 'LogicGate' <Latency = 0> <II = 1> <Delay = 0.80> <FuncUnit> <Opcode : 'and' 'or' 'xor'> <InPorts = 2> <OutPorts = 1>
ST_2 : Operation 209 [1/1] (2.18ns) (out node of the LUT)   --->   "%tmp_77_3_i = icmp ne i16 %tmp_168, 0" [bi_lstm/src/rnn.cpp:349]   --->   Operation 209 'icmp' 'tmp_77_3_i' <Predicate = (!tmp_70_3_i)> <Delay = 2.18> <Core = "Cmp">   --->   Core 25 'Cmp' <Latency = 0> <II = 1> <Delay = 1.96> <FuncUnit> <Opcode : 'icmp'> <InPorts = 2> <OutPorts = 1>
ST_2 : Operation 210 [1/1] (0.00ns) (grouped into LUT with out node tmp_83_3_i)   --->   "%a_3_i = and i1 %icmp3, %tmp_77_3_i" [bi_lstm/src/rnn.cpp:349]   --->   Operation 210 'and' 'a_3_i' <Predicate = (!tmp_70_3_i)> <Delay = 0.00> <Core = "LogicGate">   --->   Core 27 'LogicGate' <Latency = 0> <II = 1> <Delay = 0.80> <FuncUnit> <Opcode : 'and' 'or' 'xor'> <InPorts = 2> <OutPorts = 1>
ST_2 : Operation 211 [1/1] (0.00ns) (grouped into LUT with out node tmp_83_3_i)   --->   "%tmp_169 = call i1 @_ssdm_op_BitSelect.i1.i32.i32(i32 %lsb_index_3_i, i32 31)" [bi_lstm/src/rnn.cpp:349]   --->   Operation 211 'bitselect' 'tmp_169' <Predicate = (!tmp_70_3_i)> <Delay = 0.00>
ST_2 : Operation 212 [1/1] (0.00ns) (grouped into LUT with out node tmp_83_3_i)   --->   "%rev3 = xor i1 %tmp_169, true" [bi_lstm/src/rnn.cpp:349]   --->   Operation 212 'xor' 'rev3' <Predicate = (!tmp_70_3_i)> <Delay = 0.00> <Core = "LogicGate">   --->   Core 27 'LogicGate' <Latency = 0> <II = 1> <Delay = 0.80> <FuncUnit> <Opcode : 'and' 'or' 'xor'> <InPorts = 2> <OutPorts = 1>
ST_2 : Operation 213 [1/1] (1.54ns)   --->   "%tmp_79_3_i = add i16 -24, %tmp_162" [bi_lstm/src/rnn.cpp:349]   --->   Operation 213 'add' 'tmp_79_3_i' <Predicate = (!tmp_70_3_i)> <Delay = 1.54> <Core = "AddSub">   --->   Core 14 'AddSub' <Latency = 0> <II = 1> <Delay = 1.54> <FuncUnit> <Opcode : 'add' 'sub'> <InPorts = 2> <OutPorts = 1>
ST_2 : Operation 214 [1/1] (0.00ns) (grouped into LUT with out node tmp_83_3_i)   --->   "%p_Result_20_3_i = call i1 @_ssdm_op_BitSelect.i1.i16.i16(i16 %p_Val2_3_i, i16 %tmp_79_3_i)" [bi_lstm/src/rnn.cpp:349]   --->   Operation 214 'bitselect' 'p_Result_20_3_i' <Predicate = (!tmp_70_3_i)> <Delay = 0.00>
ST_2 : Operation 215 [1/1] (0.00ns) (grouped into LUT with out node tmp_83_3_i)   --->   "%tmp_81_3_i = and i1 %p_Result_20_3_i, %rev3" [bi_lstm/src/rnn.cpp:349]   --->   Operation 215 'and' 'tmp_81_3_i' <Predicate = (!tmp_70_3_i)> <Delay = 0.00> <Core = "LogicGate">   --->   Core 27 'LogicGate' <Latency = 0> <II = 1> <Delay = 0.80> <FuncUnit> <Opcode : 'and' 'or' 'xor'> <InPorts = 2> <OutPorts = 1>
ST_2 : Operation 216 [1/1] (0.00ns) (grouped into LUT with out node tmp_83_3_i)   --->   "%tmp_112_i = or i1 %tmp_81_3_i, %a_3_i" [bi_lstm/src/rnn.cpp:349]   --->   Operation 216 'or' 'tmp_112_i' <Predicate = (!tmp_70_3_i)> <Delay = 0.00> <Core = "LogicGate">   --->   Core 27 'LogicGate' <Latency = 0> <II = 1> <Delay = 0.80> <FuncUnit> <Opcode : 'and' 'or' 'xor'> <InPorts = 2> <OutPorts = 1>
ST_2 : Operation 217 [1/1] (0.80ns) (out node of the LUT)   --->   "%tmp_83_3_i = call i32 @_ssdm_op_BitConcatenate.i32.i31.i1(i31 0, i1 %tmp_112_i)" [bi_lstm/src/rnn.cpp:349]   --->   Operation 217 'bitconcatenate' 'tmp_83_3_i' <Predicate = (!tmp_70_3_i)> <Delay = 0.80>
ST_2 : Operation 218 [1/1] (0.00ns)   --->   "%m_3_i = zext i16 %p_Val2_3_i to i32" [bi_lstm/src/rnn.cpp:349]   --->   Operation 218 'zext' 'm_3_i' <Predicate = (!tmp_70_3_i)> <Delay = 0.00>
ST_2 : Operation 219 [1/1] (1.96ns)   --->   "%tmp_84_3_i = icmp sgt i32 %lsb_index_3_i, 0" [bi_lstm/src/rnn.cpp:349]   --->   Operation 219 'icmp' 'tmp_84_3_i' <Predicate = (!tmp_70_3_i)> <Delay = 1.96> <Core = "Cmp">   --->   Core 25 'Cmp' <Latency = 0> <II = 1> <Delay = 1.96> <FuncUnit> <Opcode : 'icmp'> <InPorts = 2> <OutPorts = 1>
ST_2 : Operation 220 [1/1] (1.89ns)   --->   "%tmp_85_3_i = add nsw i32 -25, %tmp_74_3_i" [bi_lstm/src/rnn.cpp:349]   --->   Operation 220 'add' 'tmp_85_3_i' <Predicate = (!tmp_70_3_i)> <Delay = 1.89> <Core = "AddSub">   --->   Core 14 'AddSub' <Latency = 0> <II = 1> <Delay = 1.54> <FuncUnit> <Opcode : 'add' 'sub'> <InPorts = 2> <OutPorts = 1>
ST_2 : Operation 221 [1/1] (0.00ns) (grouped into LUT with out node m_2_3_i)   --->   "%tmp_86_3_i = lshr i32 %m_3_i, %tmp_85_3_i" [bi_lstm/src/rnn.cpp:349]   --->   Operation 221 'lshr' 'tmp_86_3_i' <Predicate = (!tmp_70_3_i)> <Delay = 0.00> <Core = "Shift">   --->   Core 28 'Shift' <Latency = 0> <II = 1> <Delay = 2.93> <FuncUnit> <Opcode : 'shl' 'lshr' 'ashr'> <InPorts = 2> <OutPorts = 1>
ST_2 : Operation 222 [1/1] (1.89ns)   --->   "%tmp_87_3_i = sub i32 25, %tmp_74_3_i" [bi_lstm/src/rnn.cpp:349]   --->   Operation 222 'sub' 'tmp_87_3_i' <Predicate = (!tmp_70_3_i)> <Delay = 1.89> <Core = "AddSub">   --->   Core 14 'AddSub' <Latency = 0> <II = 1> <Delay = 1.54> <FuncUnit> <Opcode : 'add' 'sub'> <InPorts = 2> <OutPorts = 1>
ST_2 : Operation 223 [1/1] (0.00ns) (grouped into LUT with out node m_2_3_i)   --->   "%tmp_88_3_i = shl i32 %m_3_i, %tmp_87_3_i" [bi_lstm/src/rnn.cpp:349]   --->   Operation 223 'shl' 'tmp_88_3_i' <Predicate = (!tmp_70_3_i)> <Delay = 0.00> <Core = "Shift">   --->   Core 28 'Shift' <Latency = 0> <II = 1> <Delay = 2.93> <FuncUnit> <Opcode : 'shl' 'lshr' 'ashr'> <InPorts = 2> <OutPorts = 1>
ST_2 : Operation 224 [1/1] (0.00ns) (grouped into LUT with out node m_2_3_i)   --->   "%m_1_3_i = select i1 %tmp_84_3_i, i32 %tmp_86_3_i, i32 %tmp_88_3_i" [bi_lstm/src/rnn.cpp:349]   --->   Operation 224 'select' 'm_1_3_i' <Predicate = (!tmp_70_3_i)> <Delay = 0.00> <Core = "Sel">   --->   Core 26 'Sel' <Latency = 0> <II = 1> <Delay = 0.80> <FuncUnit> <Opcode : 'select'> <InPorts = 3> <OutPorts = 1>
ST_2 : Operation 225 [1/1] (2.93ns) (out node of the LUT)   --->   "%m_2_3_i = add i32 %tmp_83_3_i, %m_1_3_i" [bi_lstm/src/rnn.cpp:349]   --->   Operation 225 'add' 'm_2_3_i' <Predicate = (!tmp_70_3_i)> <Delay = 2.93> <Core = "AddSub">   --->   Core 14 'AddSub' <Latency = 0> <II = 1> <Delay = 1.54> <FuncUnit> <Opcode : 'add' 'sub'> <InPorts = 2> <OutPorts = 1>
ST_2 : Operation 226 [1/1] (0.00ns)   --->   "%m_6_3_i = call i31 @_ssdm_op_PartSelect.i31.i32.i32.i32(i32 %m_2_3_i, i32 1, i32 31)" [bi_lstm/src/rnn.cpp:349]   --->   Operation 226 'partselect' 'm_6_3_i' <Predicate = (!tmp_70_3_i)> <Delay = 0.00>
ST_2 : Operation 227 [1/1] (0.00ns)   --->   "%tmp_170 = call i1 @_ssdm_op_BitSelect.i1.i32.i32(i32 %m_2_3_i, i32 25)" [bi_lstm/src/rnn.cpp:349]   --->   Operation 227 'bitselect' 'tmp_170' <Predicate = (!tmp_70_3_i)> <Delay = 0.00>
ST_2 : Operation 228 [1/1] (1.89ns)   --->   "%lsb_index_4_i = add nsw i32 -24, %tmp_74_4_i" [bi_lstm/src/rnn.cpp:349]   --->   Operation 228 'add' 'lsb_index_4_i' <Predicate = (!tmp_70_4_i)> <Delay = 1.89> <Core = "AddSub">   --->   Core 14 'AddSub' <Latency = 0> <II = 1> <Delay = 1.54> <FuncUnit> <Opcode : 'add' 'sub'> <InPorts = 2> <OutPorts = 1>
ST_2 : Operation 229 [1/1] (0.00ns)   --->   "%tmp_174 = call i31 @_ssdm_op_PartSelect.i31.i32.i32.i32(i32 %lsb_index_4_i, i32 1, i32 31)" [bi_lstm/src/rnn.cpp:349]   --->   Operation 229 'partselect' 'tmp_174' <Predicate = (!tmp_70_4_i)> <Delay = 0.00>
ST_2 : Operation 230 [1/1] (1.96ns)   --->   "%icmp4 = icmp sgt i31 %tmp_174, 0" [bi_lstm/src/rnn.cpp:349]   --->   Operation 230 'icmp' 'icmp4' <Predicate = (!tmp_70_4_i)> <Delay = 1.96> <Core = "Cmp">   --->   Core 25 'Cmp' <Latency = 0> <II = 1> <Delay = 1.96> <FuncUnit> <Opcode : 'icmp'> <InPorts = 2> <OutPorts = 1>
ST_2 : Operation 231 [1/1] (1.02ns)   --->   "%tmp_176 = sub i5 9, %tmp_175" [bi_lstm/src/rnn.cpp:349]   --->   Operation 231 'sub' 'tmp_176' <Predicate = (!tmp_70_4_i)> <Delay = 1.02> <Core = "AddSub">   --->   Core 14 'AddSub' <Latency = 0> <II = 1> <Delay = 1.54> <FuncUnit> <Opcode : 'add' 'sub'> <InPorts = 2> <OutPorts = 1>
ST_2 : Operation 232 [1/1] (0.00ns) (grouped into LUT with out node tmp_77_4_i)   --->   "%tmp_177 = zext i5 %tmp_176 to i16" [bi_lstm/src/rnn.cpp:349]   --->   Operation 232 'zext' 'tmp_177' <Predicate = (!tmp_70_4_i)> <Delay = 0.00>
ST_2 : Operation 233 [1/1] (0.00ns) (grouped into LUT with out node tmp_77_4_i)   --->   "%tmp_178 = lshr i16 -1, %tmp_177" [bi_lstm/src/rnn.cpp:349]   --->   Operation 233 'lshr' 'tmp_178' <Predicate = (!tmp_70_4_i)> <Delay = 0.00> <Core = "Shift">   --->   Core 28 'Shift' <Latency = 0> <II = 1> <Delay = 2.93> <FuncUnit> <Opcode : 'shl' 'lshr' 'ashr'> <InPorts = 2> <OutPorts = 1>
ST_2 : Operation 234 [1/1] (0.00ns) (grouped into LUT with out node tmp_77_4_i)   --->   "%tmp_179 = and i16 %p_Val2_4_i, %tmp_178" [bi_lstm/src/rnn.cpp:349]   --->   Operation 234 'and' 'tmp_179' <Predicate = (!tmp_70_4_i)> <Delay = 0.00> <Core = "LogicGate">   --->   Core 27 'LogicGate' <Latency = 0> <II = 1> <Delay = 0.80> <FuncUnit> <Opcode : 'and' 'or' 'xor'> <InPorts = 2> <OutPorts = 1>
ST_2 : Operation 235 [1/1] (2.18ns) (out node of the LUT)   --->   "%tmp_77_4_i = icmp ne i16 %tmp_179, 0" [bi_lstm/src/rnn.cpp:349]   --->   Operation 235 'icmp' 'tmp_77_4_i' <Predicate = (!tmp_70_4_i)> <Delay = 2.18> <Core = "Cmp">   --->   Core 25 'Cmp' <Latency = 0> <II = 1> <Delay = 1.96> <FuncUnit> <Opcode : 'icmp'> <InPorts = 2> <OutPorts = 1>
ST_2 : Operation 236 [1/1] (0.00ns) (grouped into LUT with out node tmp_83_4_i)   --->   "%a_4_i = and i1 %icmp4, %tmp_77_4_i" [bi_lstm/src/rnn.cpp:349]   --->   Operation 236 'and' 'a_4_i' <Predicate = (!tmp_70_4_i)> <Delay = 0.00> <Core = "LogicGate">   --->   Core 27 'LogicGate' <Latency = 0> <II = 1> <Delay = 0.80> <FuncUnit> <Opcode : 'and' 'or' 'xor'> <InPorts = 2> <OutPorts = 1>
ST_2 : Operation 237 [1/1] (0.00ns) (grouped into LUT with out node tmp_83_4_i)   --->   "%tmp_180 = call i1 @_ssdm_op_BitSelect.i1.i32.i32(i32 %lsb_index_4_i, i32 31)" [bi_lstm/src/rnn.cpp:349]   --->   Operation 237 'bitselect' 'tmp_180' <Predicate = (!tmp_70_4_i)> <Delay = 0.00>
ST_2 : Operation 238 [1/1] (0.00ns) (grouped into LUT with out node tmp_83_4_i)   --->   "%rev4 = xor i1 %tmp_180, true" [bi_lstm/src/rnn.cpp:349]   --->   Operation 238 'xor' 'rev4' <Predicate = (!tmp_70_4_i)> <Delay = 0.00> <Core = "LogicGate">   --->   Core 27 'LogicGate' <Latency = 0> <II = 1> <Delay = 0.80> <FuncUnit> <Opcode : 'and' 'or' 'xor'> <InPorts = 2> <OutPorts = 1>
ST_2 : Operation 239 [1/1] (1.54ns)   --->   "%tmp_79_4_i = add i16 -24, %tmp_173" [bi_lstm/src/rnn.cpp:349]   --->   Operation 239 'add' 'tmp_79_4_i' <Predicate = (!tmp_70_4_i)> <Delay = 1.54> <Core = "AddSub">   --->   Core 14 'AddSub' <Latency = 0> <II = 1> <Delay = 1.54> <FuncUnit> <Opcode : 'add' 'sub'> <InPorts = 2> <OutPorts = 1>
ST_2 : Operation 240 [1/1] (0.00ns) (grouped into LUT with out node tmp_83_4_i)   --->   "%p_Result_20_4_i = call i1 @_ssdm_op_BitSelect.i1.i16.i16(i16 %p_Val2_4_i, i16 %tmp_79_4_i)" [bi_lstm/src/rnn.cpp:349]   --->   Operation 240 'bitselect' 'p_Result_20_4_i' <Predicate = (!tmp_70_4_i)> <Delay = 0.00>
ST_2 : Operation 241 [1/1] (0.00ns) (grouped into LUT with out node tmp_83_4_i)   --->   "%tmp_81_4_i = and i1 %p_Result_20_4_i, %rev4" [bi_lstm/src/rnn.cpp:349]   --->   Operation 241 'and' 'tmp_81_4_i' <Predicate = (!tmp_70_4_i)> <Delay = 0.00> <Core = "LogicGate">   --->   Core 27 'LogicGate' <Latency = 0> <II = 1> <Delay = 0.80> <FuncUnit> <Opcode : 'and' 'or' 'xor'> <InPorts = 2> <OutPorts = 1>
ST_2 : Operation 242 [1/1] (0.00ns) (grouped into LUT with out node tmp_83_4_i)   --->   "%tmp_120_i = or i1 %tmp_81_4_i, %a_4_i" [bi_lstm/src/rnn.cpp:349]   --->   Operation 242 'or' 'tmp_120_i' <Predicate = (!tmp_70_4_i)> <Delay = 0.00> <Core = "LogicGate">   --->   Core 27 'LogicGate' <Latency = 0> <II = 1> <Delay = 0.80> <FuncUnit> <Opcode : 'and' 'or' 'xor'> <InPorts = 2> <OutPorts = 1>
ST_2 : Operation 243 [1/1] (0.80ns) (out node of the LUT)   --->   "%tmp_83_4_i = call i32 @_ssdm_op_BitConcatenate.i32.i31.i1(i31 0, i1 %tmp_120_i)" [bi_lstm/src/rnn.cpp:349]   --->   Operation 243 'bitconcatenate' 'tmp_83_4_i' <Predicate = (!tmp_70_4_i)> <Delay = 0.80>
ST_2 : Operation 244 [1/1] (0.00ns)   --->   "%m_4_i = zext i16 %p_Val2_4_i to i32" [bi_lstm/src/rnn.cpp:349]   --->   Operation 244 'zext' 'm_4_i' <Predicate = (!tmp_70_4_i)> <Delay = 0.00>
ST_2 : Operation 245 [1/1] (1.96ns)   --->   "%tmp_84_4_i = icmp sgt i32 %lsb_index_4_i, 0" [bi_lstm/src/rnn.cpp:349]   --->   Operation 245 'icmp' 'tmp_84_4_i' <Predicate = (!tmp_70_4_i)> <Delay = 1.96> <Core = "Cmp">   --->   Core 25 'Cmp' <Latency = 0> <II = 1> <Delay = 1.96> <FuncUnit> <Opcode : 'icmp'> <InPorts = 2> <OutPorts = 1>
ST_2 : Operation 246 [1/1] (1.89ns)   --->   "%tmp_85_4_i = add nsw i32 -25, %tmp_74_4_i" [bi_lstm/src/rnn.cpp:349]   --->   Operation 246 'add' 'tmp_85_4_i' <Predicate = (!tmp_70_4_i)> <Delay = 1.89> <Core = "AddSub">   --->   Core 14 'AddSub' <Latency = 0> <II = 1> <Delay = 1.54> <FuncUnit> <Opcode : 'add' 'sub'> <InPorts = 2> <OutPorts = 1>
ST_2 : Operation 247 [1/1] (0.00ns) (grouped into LUT with out node m_2_4_i)   --->   "%tmp_86_4_i = lshr i32 %m_4_i, %tmp_85_4_i" [bi_lstm/src/rnn.cpp:349]   --->   Operation 247 'lshr' 'tmp_86_4_i' <Predicate = (!tmp_70_4_i)> <Delay = 0.00> <Core = "Shift">   --->   Core 28 'Shift' <Latency = 0> <II = 1> <Delay = 2.93> <FuncUnit> <Opcode : 'shl' 'lshr' 'ashr'> <InPorts = 2> <OutPorts = 1>
ST_2 : Operation 248 [1/1] (1.89ns)   --->   "%tmp_87_4_i = sub i32 25, %tmp_74_4_i" [bi_lstm/src/rnn.cpp:349]   --->   Operation 248 'sub' 'tmp_87_4_i' <Predicate = (!tmp_70_4_i)> <Delay = 1.89> <Core = "AddSub">   --->   Core 14 'AddSub' <Latency = 0> <II = 1> <Delay = 1.54> <FuncUnit> <Opcode : 'add' 'sub'> <InPorts = 2> <OutPorts = 1>
ST_2 : Operation 249 [1/1] (0.00ns) (grouped into LUT with out node m_2_4_i)   --->   "%tmp_88_4_i = shl i32 %m_4_i, %tmp_87_4_i" [bi_lstm/src/rnn.cpp:349]   --->   Operation 249 'shl' 'tmp_88_4_i' <Predicate = (!tmp_70_4_i)> <Delay = 0.00> <Core = "Shift">   --->   Core 28 'Shift' <Latency = 0> <II = 1> <Delay = 2.93> <FuncUnit> <Opcode : 'shl' 'lshr' 'ashr'> <InPorts = 2> <OutPorts = 1>
ST_2 : Operation 250 [1/1] (0.00ns) (grouped into LUT with out node m_2_4_i)   --->   "%m_1_4_i = select i1 %tmp_84_4_i, i32 %tmp_86_4_i, i32 %tmp_88_4_i" [bi_lstm/src/rnn.cpp:349]   --->   Operation 250 'select' 'm_1_4_i' <Predicate = (!tmp_70_4_i)> <Delay = 0.00> <Core = "Sel">   --->   Core 26 'Sel' <Latency = 0> <II = 1> <Delay = 0.80> <FuncUnit> <Opcode : 'select'> <InPorts = 3> <OutPorts = 1>
ST_2 : Operation 251 [1/1] (2.93ns) (out node of the LUT)   --->   "%m_2_4_i = add i32 %tmp_83_4_i, %m_1_4_i" [bi_lstm/src/rnn.cpp:349]   --->   Operation 251 'add' 'm_2_4_i' <Predicate = (!tmp_70_4_i)> <Delay = 2.93> <Core = "AddSub">   --->   Core 14 'AddSub' <Latency = 0> <II = 1> <Delay = 1.54> <FuncUnit> <Opcode : 'add' 'sub'> <InPorts = 2> <OutPorts = 1>
ST_2 : Operation 252 [1/1] (0.00ns)   --->   "%m_6_4_i = call i31 @_ssdm_op_PartSelect.i31.i32.i32.i32(i32 %m_2_4_i, i32 1, i32 31)" [bi_lstm/src/rnn.cpp:349]   --->   Operation 252 'partselect' 'm_6_4_i' <Predicate = (!tmp_70_4_i)> <Delay = 0.00>
ST_2 : Operation 253 [1/1] (0.00ns)   --->   "%tmp_181 = call i1 @_ssdm_op_BitSelect.i1.i32.i32(i32 %m_2_4_i, i32 25)" [bi_lstm/src/rnn.cpp:349]   --->   Operation 253 'bitselect' 'tmp_181' <Predicate = (!tmp_70_4_i)> <Delay = 0.00>
ST_2 : Operation 254 [1/1] (1.89ns)   --->   "%lsb_index_5_i = add nsw i32 -24, %tmp_74_5_i" [bi_lstm/src/rnn.cpp:349]   --->   Operation 254 'add' 'lsb_index_5_i' <Predicate = (!tmp_70_5_i)> <Delay = 1.89> <Core = "AddSub">   --->   Core 14 'AddSub' <Latency = 0> <II = 1> <Delay = 1.54> <FuncUnit> <Opcode : 'add' 'sub'> <InPorts = 2> <OutPorts = 1>
ST_2 : Operation 255 [1/1] (0.00ns)   --->   "%tmp_185 = call i31 @_ssdm_op_PartSelect.i31.i32.i32.i32(i32 %lsb_index_5_i, i32 1, i32 31)" [bi_lstm/src/rnn.cpp:349]   --->   Operation 255 'partselect' 'tmp_185' <Predicate = (!tmp_70_5_i)> <Delay = 0.00>
ST_2 : Operation 256 [1/1] (1.96ns)   --->   "%icmp5 = icmp sgt i31 %tmp_185, 0" [bi_lstm/src/rnn.cpp:349]   --->   Operation 256 'icmp' 'icmp5' <Predicate = (!tmp_70_5_i)> <Delay = 1.96> <Core = "Cmp">   --->   Core 25 'Cmp' <Latency = 0> <II = 1> <Delay = 1.96> <FuncUnit> <Opcode : 'icmp'> <InPorts = 2> <OutPorts = 1>
ST_2 : Operation 257 [1/1] (1.02ns)   --->   "%tmp_187 = sub i5 9, %tmp_186" [bi_lstm/src/rnn.cpp:349]   --->   Operation 257 'sub' 'tmp_187' <Predicate = (!tmp_70_5_i)> <Delay = 1.02> <Core = "AddSub">   --->   Core 14 'AddSub' <Latency = 0> <II = 1> <Delay = 1.54> <FuncUnit> <Opcode : 'add' 'sub'> <InPorts = 2> <OutPorts = 1>
ST_2 : Operation 258 [1/1] (0.00ns) (grouped into LUT with out node tmp_77_5_i)   --->   "%tmp_188 = zext i5 %tmp_187 to i16" [bi_lstm/src/rnn.cpp:349]   --->   Operation 258 'zext' 'tmp_188' <Predicate = (!tmp_70_5_i)> <Delay = 0.00>
ST_2 : Operation 259 [1/1] (0.00ns) (grouped into LUT with out node tmp_77_5_i)   --->   "%tmp_189 = lshr i16 -1, %tmp_188" [bi_lstm/src/rnn.cpp:349]   --->   Operation 259 'lshr' 'tmp_189' <Predicate = (!tmp_70_5_i)> <Delay = 0.00> <Core = "Shift">   --->   Core 28 'Shift' <Latency = 0> <II = 1> <Delay = 2.93> <FuncUnit> <Opcode : 'shl' 'lshr' 'ashr'> <InPorts = 2> <OutPorts = 1>
ST_2 : Operation 260 [1/1] (0.00ns) (grouped into LUT with out node tmp_77_5_i)   --->   "%tmp_190 = and i16 %p_Val2_5_i, %tmp_189" [bi_lstm/src/rnn.cpp:349]   --->   Operation 260 'and' 'tmp_190' <Predicate = (!tmp_70_5_i)> <Delay = 0.00> <Core = "LogicGate">   --->   Core 27 'LogicGate' <Latency = 0> <II = 1> <Delay = 0.80> <FuncUnit> <Opcode : 'and' 'or' 'xor'> <InPorts = 2> <OutPorts = 1>
ST_2 : Operation 261 [1/1] (2.18ns) (out node of the LUT)   --->   "%tmp_77_5_i = icmp ne i16 %tmp_190, 0" [bi_lstm/src/rnn.cpp:349]   --->   Operation 261 'icmp' 'tmp_77_5_i' <Predicate = (!tmp_70_5_i)> <Delay = 2.18> <Core = "Cmp">   --->   Core 25 'Cmp' <Latency = 0> <II = 1> <Delay = 1.96> <FuncUnit> <Opcode : 'icmp'> <InPorts = 2> <OutPorts = 1>
ST_2 : Operation 262 [1/1] (0.00ns) (grouped into LUT with out node tmp_83_5_i)   --->   "%a_5_i = and i1 %icmp5, %tmp_77_5_i" [bi_lstm/src/rnn.cpp:349]   --->   Operation 262 'and' 'a_5_i' <Predicate = (!tmp_70_5_i)> <Delay = 0.00> <Core = "LogicGate">   --->   Core 27 'LogicGate' <Latency = 0> <II = 1> <Delay = 0.80> <FuncUnit> <Opcode : 'and' 'or' 'xor'> <InPorts = 2> <OutPorts = 1>
ST_2 : Operation 263 [1/1] (0.00ns) (grouped into LUT with out node tmp_83_5_i)   --->   "%tmp_191 = call i1 @_ssdm_op_BitSelect.i1.i32.i32(i32 %lsb_index_5_i, i32 31)" [bi_lstm/src/rnn.cpp:349]   --->   Operation 263 'bitselect' 'tmp_191' <Predicate = (!tmp_70_5_i)> <Delay = 0.00>
ST_2 : Operation 264 [1/1] (0.00ns) (grouped into LUT with out node tmp_83_5_i)   --->   "%rev5 = xor i1 %tmp_191, true" [bi_lstm/src/rnn.cpp:349]   --->   Operation 264 'xor' 'rev5' <Predicate = (!tmp_70_5_i)> <Delay = 0.00> <Core = "LogicGate">   --->   Core 27 'LogicGate' <Latency = 0> <II = 1> <Delay = 0.80> <FuncUnit> <Opcode : 'and' 'or' 'xor'> <InPorts = 2> <OutPorts = 1>
ST_2 : Operation 265 [1/1] (1.54ns)   --->   "%tmp_79_5_i = add i16 -24, %tmp_184" [bi_lstm/src/rnn.cpp:349]   --->   Operation 265 'add' 'tmp_79_5_i' <Predicate = (!tmp_70_5_i)> <Delay = 1.54> <Core = "AddSub">   --->   Core 14 'AddSub' <Latency = 0> <II = 1> <Delay = 1.54> <FuncUnit> <Opcode : 'add' 'sub'> <InPorts = 2> <OutPorts = 1>
ST_2 : Operation 266 [1/1] (0.00ns) (grouped into LUT with out node tmp_83_5_i)   --->   "%p_Result_20_5_i = call i1 @_ssdm_op_BitSelect.i1.i16.i16(i16 %p_Val2_5_i, i16 %tmp_79_5_i)" [bi_lstm/src/rnn.cpp:349]   --->   Operation 266 'bitselect' 'p_Result_20_5_i' <Predicate = (!tmp_70_5_i)> <Delay = 0.00>
ST_2 : Operation 267 [1/1] (0.00ns) (grouped into LUT with out node tmp_83_5_i)   --->   "%tmp_81_5_i = and i1 %p_Result_20_5_i, %rev5" [bi_lstm/src/rnn.cpp:349]   --->   Operation 267 'and' 'tmp_81_5_i' <Predicate = (!tmp_70_5_i)> <Delay = 0.00> <Core = "LogicGate">   --->   Core 27 'LogicGate' <Latency = 0> <II = 1> <Delay = 0.80> <FuncUnit> <Opcode : 'and' 'or' 'xor'> <InPorts = 2> <OutPorts = 1>
ST_2 : Operation 268 [1/1] (0.00ns) (grouped into LUT with out node tmp_83_5_i)   --->   "%tmp_128_i = or i1 %tmp_81_5_i, %a_5_i" [bi_lstm/src/rnn.cpp:349]   --->   Operation 268 'or' 'tmp_128_i' <Predicate = (!tmp_70_5_i)> <Delay = 0.00> <Core = "LogicGate">   --->   Core 27 'LogicGate' <Latency = 0> <II = 1> <Delay = 0.80> <FuncUnit> <Opcode : 'and' 'or' 'xor'> <InPorts = 2> <OutPorts = 1>
ST_2 : Operation 269 [1/1] (0.80ns) (out node of the LUT)   --->   "%tmp_83_5_i = call i32 @_ssdm_op_BitConcatenate.i32.i31.i1(i31 0, i1 %tmp_128_i)" [bi_lstm/src/rnn.cpp:349]   --->   Operation 269 'bitconcatenate' 'tmp_83_5_i' <Predicate = (!tmp_70_5_i)> <Delay = 0.80>
ST_2 : Operation 270 [1/1] (0.00ns)   --->   "%m_5_i = zext i16 %p_Val2_5_i to i32" [bi_lstm/src/rnn.cpp:349]   --->   Operation 270 'zext' 'm_5_i' <Predicate = (!tmp_70_5_i)> <Delay = 0.00>
ST_2 : Operation 271 [1/1] (1.96ns)   --->   "%tmp_84_5_i = icmp sgt i32 %lsb_index_5_i, 0" [bi_lstm/src/rnn.cpp:349]   --->   Operation 271 'icmp' 'tmp_84_5_i' <Predicate = (!tmp_70_5_i)> <Delay = 1.96> <Core = "Cmp">   --->   Core 25 'Cmp' <Latency = 0> <II = 1> <Delay = 1.96> <FuncUnit> <Opcode : 'icmp'> <InPorts = 2> <OutPorts = 1>
ST_2 : Operation 272 [1/1] (1.89ns)   --->   "%tmp_85_5_i = add nsw i32 -25, %tmp_74_5_i" [bi_lstm/src/rnn.cpp:349]   --->   Operation 272 'add' 'tmp_85_5_i' <Predicate = (!tmp_70_5_i)> <Delay = 1.89> <Core = "AddSub">   --->   Core 14 'AddSub' <Latency = 0> <II = 1> <Delay = 1.54> <FuncUnit> <Opcode : 'add' 'sub'> <InPorts = 2> <OutPorts = 1>
ST_2 : Operation 273 [1/1] (0.00ns) (grouped into LUT with out node m_2_5_i)   --->   "%tmp_86_5_i = lshr i32 %m_5_i, %tmp_85_5_i" [bi_lstm/src/rnn.cpp:349]   --->   Operation 273 'lshr' 'tmp_86_5_i' <Predicate = (!tmp_70_5_i)> <Delay = 0.00> <Core = "Shift">   --->   Core 28 'Shift' <Latency = 0> <II = 1> <Delay = 2.93> <FuncUnit> <Opcode : 'shl' 'lshr' 'ashr'> <InPorts = 2> <OutPorts = 1>
ST_2 : Operation 274 [1/1] (1.89ns)   --->   "%tmp_87_5_i = sub i32 25, %tmp_74_5_i" [bi_lstm/src/rnn.cpp:349]   --->   Operation 274 'sub' 'tmp_87_5_i' <Predicate = (!tmp_70_5_i)> <Delay = 1.89> <Core = "AddSub">   --->   Core 14 'AddSub' <Latency = 0> <II = 1> <Delay = 1.54> <FuncUnit> <Opcode : 'add' 'sub'> <InPorts = 2> <OutPorts = 1>
ST_2 : Operation 275 [1/1] (0.00ns) (grouped into LUT with out node m_2_5_i)   --->   "%tmp_88_5_i = shl i32 %m_5_i, %tmp_87_5_i" [bi_lstm/src/rnn.cpp:349]   --->   Operation 275 'shl' 'tmp_88_5_i' <Predicate = (!tmp_70_5_i)> <Delay = 0.00> <Core = "Shift">   --->   Core 28 'Shift' <Latency = 0> <II = 1> <Delay = 2.93> <FuncUnit> <Opcode : 'shl' 'lshr' 'ashr'> <InPorts = 2> <OutPorts = 1>
ST_2 : Operation 276 [1/1] (0.00ns) (grouped into LUT with out node m_2_5_i)   --->   "%m_1_5_i = select i1 %tmp_84_5_i, i32 %tmp_86_5_i, i32 %tmp_88_5_i" [bi_lstm/src/rnn.cpp:349]   --->   Operation 276 'select' 'm_1_5_i' <Predicate = (!tmp_70_5_i)> <Delay = 0.00> <Core = "Sel">   --->   Core 26 'Sel' <Latency = 0> <II = 1> <Delay = 0.80> <FuncUnit> <Opcode : 'select'> <InPorts = 3> <OutPorts = 1>
ST_2 : Operation 277 [1/1] (2.93ns) (out node of the LUT)   --->   "%m_2_5_i = add i32 %tmp_83_5_i, %m_1_5_i" [bi_lstm/src/rnn.cpp:349]   --->   Operation 277 'add' 'm_2_5_i' <Predicate = (!tmp_70_5_i)> <Delay = 2.93> <Core = "AddSub">   --->   Core 14 'AddSub' <Latency = 0> <II = 1> <Delay = 1.54> <FuncUnit> <Opcode : 'add' 'sub'> <InPorts = 2> <OutPorts = 1>
ST_2 : Operation 278 [1/1] (0.00ns)   --->   "%m_6_5_i = call i31 @_ssdm_op_PartSelect.i31.i32.i32.i32(i32 %m_2_5_i, i32 1, i32 31)" [bi_lstm/src/rnn.cpp:349]   --->   Operation 278 'partselect' 'm_6_5_i' <Predicate = (!tmp_70_5_i)> <Delay = 0.00>
ST_2 : Operation 279 [1/1] (0.00ns)   --->   "%tmp_192 = call i1 @_ssdm_op_BitSelect.i1.i32.i32(i32 %m_2_5_i, i32 25)" [bi_lstm/src/rnn.cpp:349]   --->   Operation 279 'bitselect' 'tmp_192' <Predicate = (!tmp_70_5_i)> <Delay = 0.00>
ST_2 : Operation 280 [1/1] (1.89ns)   --->   "%lsb_index_6_i = add nsw i32 -24, %tmp_74_6_i" [bi_lstm/src/rnn.cpp:349]   --->   Operation 280 'add' 'lsb_index_6_i' <Predicate = (!tmp_70_6_i)> <Delay = 1.89> <Core = "AddSub">   --->   Core 14 'AddSub' <Latency = 0> <II = 1> <Delay = 1.54> <FuncUnit> <Opcode : 'add' 'sub'> <InPorts = 2> <OutPorts = 1>
ST_2 : Operation 281 [1/1] (0.00ns)   --->   "%tmp_196 = call i31 @_ssdm_op_PartSelect.i31.i32.i32.i32(i32 %lsb_index_6_i, i32 1, i32 31)" [bi_lstm/src/rnn.cpp:349]   --->   Operation 281 'partselect' 'tmp_196' <Predicate = (!tmp_70_6_i)> <Delay = 0.00>
ST_2 : Operation 282 [1/1] (1.96ns)   --->   "%icmp6 = icmp sgt i31 %tmp_196, 0" [bi_lstm/src/rnn.cpp:349]   --->   Operation 282 'icmp' 'icmp6' <Predicate = (!tmp_70_6_i)> <Delay = 1.96> <Core = "Cmp">   --->   Core 25 'Cmp' <Latency = 0> <II = 1> <Delay = 1.96> <FuncUnit> <Opcode : 'icmp'> <InPorts = 2> <OutPorts = 1>
ST_2 : Operation 283 [1/1] (1.02ns)   --->   "%tmp_198 = sub i5 9, %tmp_197" [bi_lstm/src/rnn.cpp:349]   --->   Operation 283 'sub' 'tmp_198' <Predicate = (!tmp_70_6_i)> <Delay = 1.02> <Core = "AddSub">   --->   Core 14 'AddSub' <Latency = 0> <II = 1> <Delay = 1.54> <FuncUnit> <Opcode : 'add' 'sub'> <InPorts = 2> <OutPorts = 1>
ST_2 : Operation 284 [1/1] (0.00ns) (grouped into LUT with out node tmp_77_6_i)   --->   "%tmp_199 = zext i5 %tmp_198 to i16" [bi_lstm/src/rnn.cpp:349]   --->   Operation 284 'zext' 'tmp_199' <Predicate = (!tmp_70_6_i)> <Delay = 0.00>
ST_2 : Operation 285 [1/1] (0.00ns) (grouped into LUT with out node tmp_77_6_i)   --->   "%tmp_200 = lshr i16 -1, %tmp_199" [bi_lstm/src/rnn.cpp:349]   --->   Operation 285 'lshr' 'tmp_200' <Predicate = (!tmp_70_6_i)> <Delay = 0.00> <Core = "Shift">   --->   Core 28 'Shift' <Latency = 0> <II = 1> <Delay = 2.93> <FuncUnit> <Opcode : 'shl' 'lshr' 'ashr'> <InPorts = 2> <OutPorts = 1>
ST_2 : Operation 286 [1/1] (0.00ns) (grouped into LUT with out node tmp_77_6_i)   --->   "%tmp_201 = and i16 %p_Val2_6_i, %tmp_200" [bi_lstm/src/rnn.cpp:349]   --->   Operation 286 'and' 'tmp_201' <Predicate = (!tmp_70_6_i)> <Delay = 0.00> <Core = "LogicGate">   --->   Core 27 'LogicGate' <Latency = 0> <II = 1> <Delay = 0.80> <FuncUnit> <Opcode : 'and' 'or' 'xor'> <InPorts = 2> <OutPorts = 1>
ST_2 : Operation 287 [1/1] (2.18ns) (out node of the LUT)   --->   "%tmp_77_6_i = icmp ne i16 %tmp_201, 0" [bi_lstm/src/rnn.cpp:349]   --->   Operation 287 'icmp' 'tmp_77_6_i' <Predicate = (!tmp_70_6_i)> <Delay = 2.18> <Core = "Cmp">   --->   Core 25 'Cmp' <Latency = 0> <II = 1> <Delay = 1.96> <FuncUnit> <Opcode : 'icmp'> <InPorts = 2> <OutPorts = 1>
ST_2 : Operation 288 [1/1] (0.00ns) (grouped into LUT with out node tmp_83_6_i)   --->   "%a_6_i = and i1 %icmp6, %tmp_77_6_i" [bi_lstm/src/rnn.cpp:349]   --->   Operation 288 'and' 'a_6_i' <Predicate = (!tmp_70_6_i)> <Delay = 0.00> <Core = "LogicGate">   --->   Core 27 'LogicGate' <Latency = 0> <II = 1> <Delay = 0.80> <FuncUnit> <Opcode : 'and' 'or' 'xor'> <InPorts = 2> <OutPorts = 1>
ST_2 : Operation 289 [1/1] (0.00ns) (grouped into LUT with out node tmp_83_6_i)   --->   "%tmp_202 = call i1 @_ssdm_op_BitSelect.i1.i32.i32(i32 %lsb_index_6_i, i32 31)" [bi_lstm/src/rnn.cpp:349]   --->   Operation 289 'bitselect' 'tmp_202' <Predicate = (!tmp_70_6_i)> <Delay = 0.00>
ST_2 : Operation 290 [1/1] (0.00ns) (grouped into LUT with out node tmp_83_6_i)   --->   "%rev6 = xor i1 %tmp_202, true" [bi_lstm/src/rnn.cpp:349]   --->   Operation 290 'xor' 'rev6' <Predicate = (!tmp_70_6_i)> <Delay = 0.00> <Core = "LogicGate">   --->   Core 27 'LogicGate' <Latency = 0> <II = 1> <Delay = 0.80> <FuncUnit> <Opcode : 'and' 'or' 'xor'> <InPorts = 2> <OutPorts = 1>
ST_2 : Operation 291 [1/1] (1.54ns)   --->   "%tmp_79_6_i = add i16 -24, %tmp_195" [bi_lstm/src/rnn.cpp:349]   --->   Operation 291 'add' 'tmp_79_6_i' <Predicate = (!tmp_70_6_i)> <Delay = 1.54> <Core = "AddSub">   --->   Core 14 'AddSub' <Latency = 0> <II = 1> <Delay = 1.54> <FuncUnit> <Opcode : 'add' 'sub'> <InPorts = 2> <OutPorts = 1>
ST_2 : Operation 292 [1/1] (0.00ns) (grouped into LUT with out node tmp_83_6_i)   --->   "%p_Result_20_6_i = call i1 @_ssdm_op_BitSelect.i1.i16.i16(i16 %p_Val2_6_i, i16 %tmp_79_6_i)" [bi_lstm/src/rnn.cpp:349]   --->   Operation 292 'bitselect' 'p_Result_20_6_i' <Predicate = (!tmp_70_6_i)> <Delay = 0.00>
ST_2 : Operation 293 [1/1] (0.00ns) (grouped into LUT with out node tmp_83_6_i)   --->   "%tmp_81_6_i = and i1 %p_Result_20_6_i, %rev6" [bi_lstm/src/rnn.cpp:349]   --->   Operation 293 'and' 'tmp_81_6_i' <Predicate = (!tmp_70_6_i)> <Delay = 0.00> <Core = "LogicGate">   --->   Core 27 'LogicGate' <Latency = 0> <II = 1> <Delay = 0.80> <FuncUnit> <Opcode : 'and' 'or' 'xor'> <InPorts = 2> <OutPorts = 1>
ST_2 : Operation 294 [1/1] (0.00ns) (grouped into LUT with out node tmp_83_6_i)   --->   "%tmp_136_i = or i1 %tmp_81_6_i, %a_6_i" [bi_lstm/src/rnn.cpp:349]   --->   Operation 294 'or' 'tmp_136_i' <Predicate = (!tmp_70_6_i)> <Delay = 0.00> <Core = "LogicGate">   --->   Core 27 'LogicGate' <Latency = 0> <II = 1> <Delay = 0.80> <FuncUnit> <Opcode : 'and' 'or' 'xor'> <InPorts = 2> <OutPorts = 1>
ST_2 : Operation 295 [1/1] (0.80ns) (out node of the LUT)   --->   "%tmp_83_6_i = call i32 @_ssdm_op_BitConcatenate.i32.i31.i1(i31 0, i1 %tmp_136_i)" [bi_lstm/src/rnn.cpp:349]   --->   Operation 295 'bitconcatenate' 'tmp_83_6_i' <Predicate = (!tmp_70_6_i)> <Delay = 0.80>
ST_2 : Operation 296 [1/1] (0.00ns)   --->   "%m_11_i = zext i16 %p_Val2_6_i to i32" [bi_lstm/src/rnn.cpp:349]   --->   Operation 296 'zext' 'm_11_i' <Predicate = (!tmp_70_6_i)> <Delay = 0.00>
ST_2 : Operation 297 [1/1] (1.96ns)   --->   "%tmp_84_6_i = icmp sgt i32 %lsb_index_6_i, 0" [bi_lstm/src/rnn.cpp:349]   --->   Operation 297 'icmp' 'tmp_84_6_i' <Predicate = (!tmp_70_6_i)> <Delay = 1.96> <Core = "Cmp">   --->   Core 25 'Cmp' <Latency = 0> <II = 1> <Delay = 1.96> <FuncUnit> <Opcode : 'icmp'> <InPorts = 2> <OutPorts = 1>
ST_2 : Operation 298 [1/1] (1.89ns)   --->   "%tmp_85_6_i = add nsw i32 -25, %tmp_74_6_i" [bi_lstm/src/rnn.cpp:349]   --->   Operation 298 'add' 'tmp_85_6_i' <Predicate = (!tmp_70_6_i)> <Delay = 1.89> <Core = "AddSub">   --->   Core 14 'AddSub' <Latency = 0> <II = 1> <Delay = 1.54> <FuncUnit> <Opcode : 'add' 'sub'> <InPorts = 2> <OutPorts = 1>
ST_2 : Operation 299 [1/1] (0.00ns) (grouped into LUT with out node m_2_6_i)   --->   "%tmp_86_6_i = lshr i32 %m_11_i, %tmp_85_6_i" [bi_lstm/src/rnn.cpp:349]   --->   Operation 299 'lshr' 'tmp_86_6_i' <Predicate = (!tmp_70_6_i)> <Delay = 0.00> <Core = "Shift">   --->   Core 28 'Shift' <Latency = 0> <II = 1> <Delay = 2.93> <FuncUnit> <Opcode : 'shl' 'lshr' 'ashr'> <InPorts = 2> <OutPorts = 1>
ST_2 : Operation 300 [1/1] (1.89ns)   --->   "%tmp_87_6_i = sub i32 25, %tmp_74_6_i" [bi_lstm/src/rnn.cpp:349]   --->   Operation 300 'sub' 'tmp_87_6_i' <Predicate = (!tmp_70_6_i)> <Delay = 1.89> <Core = "AddSub">   --->   Core 14 'AddSub' <Latency = 0> <II = 1> <Delay = 1.54> <FuncUnit> <Opcode : 'add' 'sub'> <InPorts = 2> <OutPorts = 1>
ST_2 : Operation 301 [1/1] (0.00ns) (grouped into LUT with out node m_2_6_i)   --->   "%tmp_88_6_i = shl i32 %m_11_i, %tmp_87_6_i" [bi_lstm/src/rnn.cpp:349]   --->   Operation 301 'shl' 'tmp_88_6_i' <Predicate = (!tmp_70_6_i)> <Delay = 0.00> <Core = "Shift">   --->   Core 28 'Shift' <Latency = 0> <II = 1> <Delay = 2.93> <FuncUnit> <Opcode : 'shl' 'lshr' 'ashr'> <InPorts = 2> <OutPorts = 1>
ST_2 : Operation 302 [1/1] (0.00ns) (grouped into LUT with out node m_2_6_i)   --->   "%m_1_6_i = select i1 %tmp_84_6_i, i32 %tmp_86_6_i, i32 %tmp_88_6_i" [bi_lstm/src/rnn.cpp:349]   --->   Operation 302 'select' 'm_1_6_i' <Predicate = (!tmp_70_6_i)> <Delay = 0.00> <Core = "Sel">   --->   Core 26 'Sel' <Latency = 0> <II = 1> <Delay = 0.80> <FuncUnit> <Opcode : 'select'> <InPorts = 3> <OutPorts = 1>
ST_2 : Operation 303 [1/1] (2.93ns) (out node of the LUT)   --->   "%m_2_6_i = add i32 %tmp_83_6_i, %m_1_6_i" [bi_lstm/src/rnn.cpp:349]   --->   Operation 303 'add' 'm_2_6_i' <Predicate = (!tmp_70_6_i)> <Delay = 2.93> <Core = "AddSub">   --->   Core 14 'AddSub' <Latency = 0> <II = 1> <Delay = 1.54> <FuncUnit> <Opcode : 'add' 'sub'> <InPorts = 2> <OutPorts = 1>
ST_2 : Operation 304 [1/1] (0.00ns)   --->   "%m_6_6_i = call i31 @_ssdm_op_PartSelect.i31.i32.i32.i32(i32 %m_2_6_i, i32 1, i32 31)" [bi_lstm/src/rnn.cpp:349]   --->   Operation 304 'partselect' 'm_6_6_i' <Predicate = (!tmp_70_6_i)> <Delay = 0.00>
ST_2 : Operation 305 [1/1] (0.00ns)   --->   "%tmp_203 = call i1 @_ssdm_op_BitSelect.i1.i32.i32(i32 %m_2_6_i, i32 25)" [bi_lstm/src/rnn.cpp:349]   --->   Operation 305 'bitselect' 'tmp_203' <Predicate = (!tmp_70_6_i)> <Delay = 0.00>
ST_2 : Operation 306 [1/1] (1.89ns)   --->   "%lsb_index_7_i = add nsw i32 -24, %tmp_74_7_i" [bi_lstm/src/rnn.cpp:349]   --->   Operation 306 'add' 'lsb_index_7_i' <Predicate = (!tmp_70_7_i)> <Delay = 1.89> <Core = "AddSub">   --->   Core 14 'AddSub' <Latency = 0> <II = 1> <Delay = 1.54> <FuncUnit> <Opcode : 'add' 'sub'> <InPorts = 2> <OutPorts = 1>
ST_2 : Operation 307 [1/1] (0.00ns)   --->   "%tmp_207 = call i31 @_ssdm_op_PartSelect.i31.i32.i32.i32(i32 %lsb_index_7_i, i32 1, i32 31)" [bi_lstm/src/rnn.cpp:349]   --->   Operation 307 'partselect' 'tmp_207' <Predicate = (!tmp_70_7_i)> <Delay = 0.00>
ST_2 : Operation 308 [1/1] (1.96ns)   --->   "%icmp7 = icmp sgt i31 %tmp_207, 0" [bi_lstm/src/rnn.cpp:349]   --->   Operation 308 'icmp' 'icmp7' <Predicate = (!tmp_70_7_i)> <Delay = 1.96> <Core = "Cmp">   --->   Core 25 'Cmp' <Latency = 0> <II = 1> <Delay = 1.96> <FuncUnit> <Opcode : 'icmp'> <InPorts = 2> <OutPorts = 1>
ST_2 : Operation 309 [1/1] (1.02ns)   --->   "%tmp_209 = sub i5 9, %tmp_208" [bi_lstm/src/rnn.cpp:349]   --->   Operation 309 'sub' 'tmp_209' <Predicate = (!tmp_70_7_i)> <Delay = 1.02> <Core = "AddSub">   --->   Core 14 'AddSub' <Latency = 0> <II = 1> <Delay = 1.54> <FuncUnit> <Opcode : 'add' 'sub'> <InPorts = 2> <OutPorts = 1>
ST_2 : Operation 310 [1/1] (0.00ns) (grouped into LUT with out node tmp_77_7_i)   --->   "%tmp_210 = zext i5 %tmp_209 to i16" [bi_lstm/src/rnn.cpp:349]   --->   Operation 310 'zext' 'tmp_210' <Predicate = (!tmp_70_7_i)> <Delay = 0.00>
ST_2 : Operation 311 [1/1] (0.00ns) (grouped into LUT with out node tmp_77_7_i)   --->   "%tmp_211 = lshr i16 -1, %tmp_210" [bi_lstm/src/rnn.cpp:349]   --->   Operation 311 'lshr' 'tmp_211' <Predicate = (!tmp_70_7_i)> <Delay = 0.00> <Core = "Shift">   --->   Core 28 'Shift' <Latency = 0> <II = 1> <Delay = 2.93> <FuncUnit> <Opcode : 'shl' 'lshr' 'ashr'> <InPorts = 2> <OutPorts = 1>
ST_2 : Operation 312 [1/1] (0.00ns) (grouped into LUT with out node tmp_77_7_i)   --->   "%tmp_212 = and i16 %p_Val2_7_i, %tmp_211" [bi_lstm/src/rnn.cpp:349]   --->   Operation 312 'and' 'tmp_212' <Predicate = (!tmp_70_7_i)> <Delay = 0.00> <Core = "LogicGate">   --->   Core 27 'LogicGate' <Latency = 0> <II = 1> <Delay = 0.80> <FuncUnit> <Opcode : 'and' 'or' 'xor'> <InPorts = 2> <OutPorts = 1>
ST_2 : Operation 313 [1/1] (2.18ns) (out node of the LUT)   --->   "%tmp_77_7_i = icmp ne i16 %tmp_212, 0" [bi_lstm/src/rnn.cpp:349]   --->   Operation 313 'icmp' 'tmp_77_7_i' <Predicate = (!tmp_70_7_i)> <Delay = 2.18> <Core = "Cmp">   --->   Core 25 'Cmp' <Latency = 0> <II = 1> <Delay = 1.96> <FuncUnit> <Opcode : 'icmp'> <InPorts = 2> <OutPorts = 1>
ST_2 : Operation 314 [1/1] (0.00ns) (grouped into LUT with out node tmp_83_7_i)   --->   "%a_7_i = and i1 %icmp7, %tmp_77_7_i" [bi_lstm/src/rnn.cpp:349]   --->   Operation 314 'and' 'a_7_i' <Predicate = (!tmp_70_7_i)> <Delay = 0.00> <Core = "LogicGate">   --->   Core 27 'LogicGate' <Latency = 0> <II = 1> <Delay = 0.80> <FuncUnit> <Opcode : 'and' 'or' 'xor'> <InPorts = 2> <OutPorts = 1>
ST_2 : Operation 315 [1/1] (0.00ns) (grouped into LUT with out node tmp_83_7_i)   --->   "%tmp_213 = call i1 @_ssdm_op_BitSelect.i1.i32.i32(i32 %lsb_index_7_i, i32 31)" [bi_lstm/src/rnn.cpp:349]   --->   Operation 315 'bitselect' 'tmp_213' <Predicate = (!tmp_70_7_i)> <Delay = 0.00>
ST_2 : Operation 316 [1/1] (0.00ns) (grouped into LUT with out node tmp_83_7_i)   --->   "%rev7 = xor i1 %tmp_213, true" [bi_lstm/src/rnn.cpp:349]   --->   Operation 316 'xor' 'rev7' <Predicate = (!tmp_70_7_i)> <Delay = 0.00> <Core = "LogicGate">   --->   Core 27 'LogicGate' <Latency = 0> <II = 1> <Delay = 0.80> <FuncUnit> <Opcode : 'and' 'or' 'xor'> <InPorts = 2> <OutPorts = 1>
ST_2 : Operation 317 [1/1] (1.54ns)   --->   "%tmp_79_7_i = add i16 -24, %tmp_206" [bi_lstm/src/rnn.cpp:349]   --->   Operation 317 'add' 'tmp_79_7_i' <Predicate = (!tmp_70_7_i)> <Delay = 1.54> <Core = "AddSub">   --->   Core 14 'AddSub' <Latency = 0> <II = 1> <Delay = 1.54> <FuncUnit> <Opcode : 'add' 'sub'> <InPorts = 2> <OutPorts = 1>
ST_2 : Operation 318 [1/1] (0.00ns) (grouped into LUT with out node tmp_83_7_i)   --->   "%p_Result_20_7_i = call i1 @_ssdm_op_BitSelect.i1.i16.i16(i16 %p_Val2_7_i, i16 %tmp_79_7_i)" [bi_lstm/src/rnn.cpp:349]   --->   Operation 318 'bitselect' 'p_Result_20_7_i' <Predicate = (!tmp_70_7_i)> <Delay = 0.00>
ST_2 : Operation 319 [1/1] (0.00ns) (grouped into LUT with out node tmp_83_7_i)   --->   "%tmp_81_7_i = and i1 %p_Result_20_7_i, %rev7" [bi_lstm/src/rnn.cpp:349]   --->   Operation 319 'and' 'tmp_81_7_i' <Predicate = (!tmp_70_7_i)> <Delay = 0.00> <Core = "LogicGate">   --->   Core 27 'LogicGate' <Latency = 0> <II = 1> <Delay = 0.80> <FuncUnit> <Opcode : 'and' 'or' 'xor'> <InPorts = 2> <OutPorts = 1>
ST_2 : Operation 320 [1/1] (0.00ns) (grouped into LUT with out node tmp_83_7_i)   --->   "%tmp_144_i = or i1 %tmp_81_7_i, %a_7_i" [bi_lstm/src/rnn.cpp:349]   --->   Operation 320 'or' 'tmp_144_i' <Predicate = (!tmp_70_7_i)> <Delay = 0.00> <Core = "LogicGate">   --->   Core 27 'LogicGate' <Latency = 0> <II = 1> <Delay = 0.80> <FuncUnit> <Opcode : 'and' 'or' 'xor'> <InPorts = 2> <OutPorts = 1>
ST_2 : Operation 321 [1/1] (0.80ns) (out node of the LUT)   --->   "%tmp_83_7_i = call i32 @_ssdm_op_BitConcatenate.i32.i31.i1(i31 0, i1 %tmp_144_i)" [bi_lstm/src/rnn.cpp:349]   --->   Operation 321 'bitconcatenate' 'tmp_83_7_i' <Predicate = (!tmp_70_7_i)> <Delay = 0.80>
ST_2 : Operation 322 [1/1] (0.00ns)   --->   "%m_7_i = zext i16 %p_Val2_7_i to i32" [bi_lstm/src/rnn.cpp:349]   --->   Operation 322 'zext' 'm_7_i' <Predicate = (!tmp_70_7_i)> <Delay = 0.00>
ST_2 : Operation 323 [1/1] (1.96ns)   --->   "%tmp_84_7_i = icmp sgt i32 %lsb_index_7_i, 0" [bi_lstm/src/rnn.cpp:349]   --->   Operation 323 'icmp' 'tmp_84_7_i' <Predicate = (!tmp_70_7_i)> <Delay = 1.96> <Core = "Cmp">   --->   Core 25 'Cmp' <Latency = 0> <II = 1> <Delay = 1.96> <FuncUnit> <Opcode : 'icmp'> <InPorts = 2> <OutPorts = 1>
ST_2 : Operation 324 [1/1] (1.89ns)   --->   "%tmp_85_7_i = add nsw i32 -25, %tmp_74_7_i" [bi_lstm/src/rnn.cpp:349]   --->   Operation 324 'add' 'tmp_85_7_i' <Predicate = (!tmp_70_7_i)> <Delay = 1.89> <Core = "AddSub">   --->   Core 14 'AddSub' <Latency = 0> <II = 1> <Delay = 1.54> <FuncUnit> <Opcode : 'add' 'sub'> <InPorts = 2> <OutPorts = 1>
ST_2 : Operation 325 [1/1] (0.00ns) (grouped into LUT with out node m_2_7_i)   --->   "%tmp_86_7_i = lshr i32 %m_7_i, %tmp_85_7_i" [bi_lstm/src/rnn.cpp:349]   --->   Operation 325 'lshr' 'tmp_86_7_i' <Predicate = (!tmp_70_7_i)> <Delay = 0.00> <Core = "Shift">   --->   Core 28 'Shift' <Latency = 0> <II = 1> <Delay = 2.93> <FuncUnit> <Opcode : 'shl' 'lshr' 'ashr'> <InPorts = 2> <OutPorts = 1>
ST_2 : Operation 326 [1/1] (1.89ns)   --->   "%tmp_87_7_i = sub i32 25, %tmp_74_7_i" [bi_lstm/src/rnn.cpp:349]   --->   Operation 326 'sub' 'tmp_87_7_i' <Predicate = (!tmp_70_7_i)> <Delay = 1.89> <Core = "AddSub">   --->   Core 14 'AddSub' <Latency = 0> <II = 1> <Delay = 1.54> <FuncUnit> <Opcode : 'add' 'sub'> <InPorts = 2> <OutPorts = 1>
ST_2 : Operation 327 [1/1] (0.00ns) (grouped into LUT with out node m_2_7_i)   --->   "%tmp_88_7_i = shl i32 %m_7_i, %tmp_87_7_i" [bi_lstm/src/rnn.cpp:349]   --->   Operation 327 'shl' 'tmp_88_7_i' <Predicate = (!tmp_70_7_i)> <Delay = 0.00> <Core = "Shift">   --->   Core 28 'Shift' <Latency = 0> <II = 1> <Delay = 2.93> <FuncUnit> <Opcode : 'shl' 'lshr' 'ashr'> <InPorts = 2> <OutPorts = 1>
ST_2 : Operation 328 [1/1] (0.00ns) (grouped into LUT with out node m_2_7_i)   --->   "%m_1_7_i = select i1 %tmp_84_7_i, i32 %tmp_86_7_i, i32 %tmp_88_7_i" [bi_lstm/src/rnn.cpp:349]   --->   Operation 328 'select' 'm_1_7_i' <Predicate = (!tmp_70_7_i)> <Delay = 0.00> <Core = "Sel">   --->   Core 26 'Sel' <Latency = 0> <II = 1> <Delay = 0.80> <FuncUnit> <Opcode : 'select'> <InPorts = 3> <OutPorts = 1>
ST_2 : Operation 329 [1/1] (2.93ns) (out node of the LUT)   --->   "%m_2_7_i = add i32 %tmp_83_7_i, %m_1_7_i" [bi_lstm/src/rnn.cpp:349]   --->   Operation 329 'add' 'm_2_7_i' <Predicate = (!tmp_70_7_i)> <Delay = 2.93> <Core = "AddSub">   --->   Core 14 'AddSub' <Latency = 0> <II = 1> <Delay = 1.54> <FuncUnit> <Opcode : 'add' 'sub'> <InPorts = 2> <OutPorts = 1>
ST_2 : Operation 330 [1/1] (0.00ns)   --->   "%m_6_7_i = call i31 @_ssdm_op_PartSelect.i31.i32.i32.i32(i32 %m_2_7_i, i32 1, i32 31)" [bi_lstm/src/rnn.cpp:349]   --->   Operation 330 'partselect' 'm_6_7_i' <Predicate = (!tmp_70_7_i)> <Delay = 0.00>
ST_2 : Operation 331 [1/1] (0.00ns)   --->   "%tmp_214 = call i1 @_ssdm_op_BitSelect.i1.i32.i32(i32 %m_2_7_i, i32 25)" [bi_lstm/src/rnn.cpp:349]   --->   Operation 331 'bitselect' 'tmp_214' <Predicate = (!tmp_70_7_i)> <Delay = 0.00>
ST_2 : Operation 332 [1/1] (1.89ns)   --->   "%lsb_index_8_i = add nsw i32 -24, %tmp_74_8_i" [bi_lstm/src/rnn.cpp:349]   --->   Operation 332 'add' 'lsb_index_8_i' <Predicate = (!tmp_70_8_i)> <Delay = 1.89> <Core = "AddSub">   --->   Core 14 'AddSub' <Latency = 0> <II = 1> <Delay = 1.54> <FuncUnit> <Opcode : 'add' 'sub'> <InPorts = 2> <OutPorts = 1>
ST_2 : Operation 333 [1/1] (0.00ns)   --->   "%tmp_218 = call i31 @_ssdm_op_PartSelect.i31.i32.i32.i32(i32 %lsb_index_8_i, i32 1, i32 31)" [bi_lstm/src/rnn.cpp:349]   --->   Operation 333 'partselect' 'tmp_218' <Predicate = (!tmp_70_8_i)> <Delay = 0.00>
ST_2 : Operation 334 [1/1] (1.96ns)   --->   "%icmp8 = icmp sgt i31 %tmp_218, 0" [bi_lstm/src/rnn.cpp:349]   --->   Operation 334 'icmp' 'icmp8' <Predicate = (!tmp_70_8_i)> <Delay = 1.96> <Core = "Cmp">   --->   Core 25 'Cmp' <Latency = 0> <II = 1> <Delay = 1.96> <FuncUnit> <Opcode : 'icmp'> <InPorts = 2> <OutPorts = 1>
ST_2 : Operation 335 [1/1] (1.02ns)   --->   "%tmp_220 = sub i5 9, %tmp_219" [bi_lstm/src/rnn.cpp:349]   --->   Operation 335 'sub' 'tmp_220' <Predicate = (!tmp_70_8_i)> <Delay = 1.02> <Core = "AddSub">   --->   Core 14 'AddSub' <Latency = 0> <II = 1> <Delay = 1.54> <FuncUnit> <Opcode : 'add' 'sub'> <InPorts = 2> <OutPorts = 1>
ST_2 : Operation 336 [1/1] (0.00ns) (grouped into LUT with out node tmp_77_8_i)   --->   "%tmp_221 = zext i5 %tmp_220 to i16" [bi_lstm/src/rnn.cpp:349]   --->   Operation 336 'zext' 'tmp_221' <Predicate = (!tmp_70_8_i)> <Delay = 0.00>
ST_2 : Operation 337 [1/1] (0.00ns) (grouped into LUT with out node tmp_77_8_i)   --->   "%tmp_222 = lshr i16 -1, %tmp_221" [bi_lstm/src/rnn.cpp:349]   --->   Operation 337 'lshr' 'tmp_222' <Predicate = (!tmp_70_8_i)> <Delay = 0.00> <Core = "Shift">   --->   Core 28 'Shift' <Latency = 0> <II = 1> <Delay = 2.93> <FuncUnit> <Opcode : 'shl' 'lshr' 'ashr'> <InPorts = 2> <OutPorts = 1>
ST_2 : Operation 338 [1/1] (0.00ns) (grouped into LUT with out node tmp_77_8_i)   --->   "%tmp_223 = and i16 %p_Val2_8_i, %tmp_222" [bi_lstm/src/rnn.cpp:349]   --->   Operation 338 'and' 'tmp_223' <Predicate = (!tmp_70_8_i)> <Delay = 0.00> <Core = "LogicGate">   --->   Core 27 'LogicGate' <Latency = 0> <II = 1> <Delay = 0.80> <FuncUnit> <Opcode : 'and' 'or' 'xor'> <InPorts = 2> <OutPorts = 1>
ST_2 : Operation 339 [1/1] (2.18ns) (out node of the LUT)   --->   "%tmp_77_8_i = icmp ne i16 %tmp_223, 0" [bi_lstm/src/rnn.cpp:349]   --->   Operation 339 'icmp' 'tmp_77_8_i' <Predicate = (!tmp_70_8_i)> <Delay = 2.18> <Core = "Cmp">   --->   Core 25 'Cmp' <Latency = 0> <II = 1> <Delay = 1.96> <FuncUnit> <Opcode : 'icmp'> <InPorts = 2> <OutPorts = 1>
ST_2 : Operation 340 [1/1] (0.00ns) (grouped into LUT with out node tmp_83_8_i)   --->   "%a_8_i = and i1 %icmp8, %tmp_77_8_i" [bi_lstm/src/rnn.cpp:349]   --->   Operation 340 'and' 'a_8_i' <Predicate = (!tmp_70_8_i)> <Delay = 0.00> <Core = "LogicGate">   --->   Core 27 'LogicGate' <Latency = 0> <II = 1> <Delay = 0.80> <FuncUnit> <Opcode : 'and' 'or' 'xor'> <InPorts = 2> <OutPorts = 1>
ST_2 : Operation 341 [1/1] (0.00ns) (grouped into LUT with out node tmp_83_8_i)   --->   "%tmp_224 = call i1 @_ssdm_op_BitSelect.i1.i32.i32(i32 %lsb_index_8_i, i32 31)" [bi_lstm/src/rnn.cpp:349]   --->   Operation 341 'bitselect' 'tmp_224' <Predicate = (!tmp_70_8_i)> <Delay = 0.00>
ST_2 : Operation 342 [1/1] (0.00ns) (grouped into LUT with out node tmp_83_8_i)   --->   "%rev8 = xor i1 %tmp_224, true" [bi_lstm/src/rnn.cpp:349]   --->   Operation 342 'xor' 'rev8' <Predicate = (!tmp_70_8_i)> <Delay = 0.00> <Core = "LogicGate">   --->   Core 27 'LogicGate' <Latency = 0> <II = 1> <Delay = 0.80> <FuncUnit> <Opcode : 'and' 'or' 'xor'> <InPorts = 2> <OutPorts = 1>
ST_2 : Operation 343 [1/1] (1.54ns)   --->   "%tmp_79_8_i = add i16 -24, %tmp_217" [bi_lstm/src/rnn.cpp:349]   --->   Operation 343 'add' 'tmp_79_8_i' <Predicate = (!tmp_70_8_i)> <Delay = 1.54> <Core = "AddSub">   --->   Core 14 'AddSub' <Latency = 0> <II = 1> <Delay = 1.54> <FuncUnit> <Opcode : 'add' 'sub'> <InPorts = 2> <OutPorts = 1>
ST_2 : Operation 344 [1/1] (0.00ns) (grouped into LUT with out node tmp_83_8_i)   --->   "%p_Result_20_8_i = call i1 @_ssdm_op_BitSelect.i1.i16.i16(i16 %p_Val2_8_i, i16 %tmp_79_8_i)" [bi_lstm/src/rnn.cpp:349]   --->   Operation 344 'bitselect' 'p_Result_20_8_i' <Predicate = (!tmp_70_8_i)> <Delay = 0.00>
ST_2 : Operation 345 [1/1] (0.00ns) (grouped into LUT with out node tmp_83_8_i)   --->   "%tmp_81_8_i = and i1 %p_Result_20_8_i, %rev8" [bi_lstm/src/rnn.cpp:349]   --->   Operation 345 'and' 'tmp_81_8_i' <Predicate = (!tmp_70_8_i)> <Delay = 0.00> <Core = "LogicGate">   --->   Core 27 'LogicGate' <Latency = 0> <II = 1> <Delay = 0.80> <FuncUnit> <Opcode : 'and' 'or' 'xor'> <InPorts = 2> <OutPorts = 1>
ST_2 : Operation 346 [1/1] (0.00ns) (grouped into LUT with out node tmp_83_8_i)   --->   "%tmp_152_i = or i1 %tmp_81_8_i, %a_8_i" [bi_lstm/src/rnn.cpp:349]   --->   Operation 346 'or' 'tmp_152_i' <Predicate = (!tmp_70_8_i)> <Delay = 0.00> <Core = "LogicGate">   --->   Core 27 'LogicGate' <Latency = 0> <II = 1> <Delay = 0.80> <FuncUnit> <Opcode : 'and' 'or' 'xor'> <InPorts = 2> <OutPorts = 1>
ST_2 : Operation 347 [1/1] (0.80ns) (out node of the LUT)   --->   "%tmp_83_8_i = call i32 @_ssdm_op_BitConcatenate.i32.i31.i1(i31 0, i1 %tmp_152_i)" [bi_lstm/src/rnn.cpp:349]   --->   Operation 347 'bitconcatenate' 'tmp_83_8_i' <Predicate = (!tmp_70_8_i)> <Delay = 0.80>
ST_2 : Operation 348 [1/1] (0.00ns)   --->   "%m_8_i = zext i16 %p_Val2_8_i to i32" [bi_lstm/src/rnn.cpp:349]   --->   Operation 348 'zext' 'm_8_i' <Predicate = (!tmp_70_8_i)> <Delay = 0.00>
ST_2 : Operation 349 [1/1] (1.96ns)   --->   "%tmp_84_8_i = icmp sgt i32 %lsb_index_8_i, 0" [bi_lstm/src/rnn.cpp:349]   --->   Operation 349 'icmp' 'tmp_84_8_i' <Predicate = (!tmp_70_8_i)> <Delay = 1.96> <Core = "Cmp">   --->   Core 25 'Cmp' <Latency = 0> <II = 1> <Delay = 1.96> <FuncUnit> <Opcode : 'icmp'> <InPorts = 2> <OutPorts = 1>
ST_2 : Operation 350 [1/1] (1.89ns)   --->   "%tmp_85_8_i = add nsw i32 -25, %tmp_74_8_i" [bi_lstm/src/rnn.cpp:349]   --->   Operation 350 'add' 'tmp_85_8_i' <Predicate = (!tmp_70_8_i)> <Delay = 1.89> <Core = "AddSub">   --->   Core 14 'AddSub' <Latency = 0> <II = 1> <Delay = 1.54> <FuncUnit> <Opcode : 'add' 'sub'> <InPorts = 2> <OutPorts = 1>
ST_2 : Operation 351 [1/1] (0.00ns) (grouped into LUT with out node m_2_8_i)   --->   "%tmp_86_8_i = lshr i32 %m_8_i, %tmp_85_8_i" [bi_lstm/src/rnn.cpp:349]   --->   Operation 351 'lshr' 'tmp_86_8_i' <Predicate = (!tmp_70_8_i)> <Delay = 0.00> <Core = "Shift">   --->   Core 28 'Shift' <Latency = 0> <II = 1> <Delay = 2.93> <FuncUnit> <Opcode : 'shl' 'lshr' 'ashr'> <InPorts = 2> <OutPorts = 1>
ST_2 : Operation 352 [1/1] (1.89ns)   --->   "%tmp_87_8_i = sub i32 25, %tmp_74_8_i" [bi_lstm/src/rnn.cpp:349]   --->   Operation 352 'sub' 'tmp_87_8_i' <Predicate = (!tmp_70_8_i)> <Delay = 1.89> <Core = "AddSub">   --->   Core 14 'AddSub' <Latency = 0> <II = 1> <Delay = 1.54> <FuncUnit> <Opcode : 'add' 'sub'> <InPorts = 2> <OutPorts = 1>
ST_2 : Operation 353 [1/1] (0.00ns) (grouped into LUT with out node m_2_8_i)   --->   "%tmp_88_8_i = shl i32 %m_8_i, %tmp_87_8_i" [bi_lstm/src/rnn.cpp:349]   --->   Operation 353 'shl' 'tmp_88_8_i' <Predicate = (!tmp_70_8_i)> <Delay = 0.00> <Core = "Shift">   --->   Core 28 'Shift' <Latency = 0> <II = 1> <Delay = 2.93> <FuncUnit> <Opcode : 'shl' 'lshr' 'ashr'> <InPorts = 2> <OutPorts = 1>
ST_2 : Operation 354 [1/1] (0.00ns) (grouped into LUT with out node m_2_8_i)   --->   "%m_1_8_i = select i1 %tmp_84_8_i, i32 %tmp_86_8_i, i32 %tmp_88_8_i" [bi_lstm/src/rnn.cpp:349]   --->   Operation 354 'select' 'm_1_8_i' <Predicate = (!tmp_70_8_i)> <Delay = 0.00> <Core = "Sel">   --->   Core 26 'Sel' <Latency = 0> <II = 1> <Delay = 0.80> <FuncUnit> <Opcode : 'select'> <InPorts = 3> <OutPorts = 1>
ST_2 : Operation 355 [1/1] (2.93ns) (out node of the LUT)   --->   "%m_2_8_i = add i32 %tmp_83_8_i, %m_1_8_i" [bi_lstm/src/rnn.cpp:349]   --->   Operation 355 'add' 'm_2_8_i' <Predicate = (!tmp_70_8_i)> <Delay = 2.93> <Core = "AddSub">   --->   Core 14 'AddSub' <Latency = 0> <II = 1> <Delay = 1.54> <FuncUnit> <Opcode : 'add' 'sub'> <InPorts = 2> <OutPorts = 1>
ST_2 : Operation 356 [1/1] (0.00ns)   --->   "%m_6_8_i = call i31 @_ssdm_op_PartSelect.i31.i32.i32.i32(i32 %m_2_8_i, i32 1, i32 31)" [bi_lstm/src/rnn.cpp:349]   --->   Operation 356 'partselect' 'm_6_8_i' <Predicate = (!tmp_70_8_i)> <Delay = 0.00>
ST_2 : Operation 357 [1/1] (0.00ns)   --->   "%tmp_225 = call i1 @_ssdm_op_BitSelect.i1.i32.i32(i32 %m_2_8_i, i32 25)" [bi_lstm/src/rnn.cpp:349]   --->   Operation 357 'bitselect' 'tmp_225' <Predicate = (!tmp_70_8_i)> <Delay = 0.00>
ST_2 : Operation 358 [1/1] (1.89ns)   --->   "%lsb_index_9_i = add nsw i32 -24, %tmp_74_9_i" [bi_lstm/src/rnn.cpp:349]   --->   Operation 358 'add' 'lsb_index_9_i' <Predicate = (!tmp_70_9_i)> <Delay = 1.89> <Core = "AddSub">   --->   Core 14 'AddSub' <Latency = 0> <II = 1> <Delay = 1.54> <FuncUnit> <Opcode : 'add' 'sub'> <InPorts = 2> <OutPorts = 1>
ST_2 : Operation 359 [1/1] (0.00ns)   --->   "%tmp_229 = call i31 @_ssdm_op_PartSelect.i31.i32.i32.i32(i32 %lsb_index_9_i, i32 1, i32 31)" [bi_lstm/src/rnn.cpp:349]   --->   Operation 359 'partselect' 'tmp_229' <Predicate = (!tmp_70_9_i)> <Delay = 0.00>
ST_2 : Operation 360 [1/1] (1.96ns)   --->   "%icmp9 = icmp sgt i31 %tmp_229, 0" [bi_lstm/src/rnn.cpp:349]   --->   Operation 360 'icmp' 'icmp9' <Predicate = (!tmp_70_9_i)> <Delay = 1.96> <Core = "Cmp">   --->   Core 25 'Cmp' <Latency = 0> <II = 1> <Delay = 1.96> <FuncUnit> <Opcode : 'icmp'> <InPorts = 2> <OutPorts = 1>
ST_2 : Operation 361 [1/1] (1.02ns)   --->   "%tmp_231 = sub i5 9, %tmp_230" [bi_lstm/src/rnn.cpp:349]   --->   Operation 361 'sub' 'tmp_231' <Predicate = (!tmp_70_9_i)> <Delay = 1.02> <Core = "AddSub">   --->   Core 14 'AddSub' <Latency = 0> <II = 1> <Delay = 1.54> <FuncUnit> <Opcode : 'add' 'sub'> <InPorts = 2> <OutPorts = 1>
ST_2 : Operation 362 [1/1] (0.00ns) (grouped into LUT with out node tmp_77_9_i)   --->   "%tmp_232 = zext i5 %tmp_231 to i16" [bi_lstm/src/rnn.cpp:349]   --->   Operation 362 'zext' 'tmp_232' <Predicate = (!tmp_70_9_i)> <Delay = 0.00>
ST_2 : Operation 363 [1/1] (0.00ns) (grouped into LUT with out node tmp_77_9_i)   --->   "%tmp_233 = lshr i16 -1, %tmp_232" [bi_lstm/src/rnn.cpp:349]   --->   Operation 363 'lshr' 'tmp_233' <Predicate = (!tmp_70_9_i)> <Delay = 0.00> <Core = "Shift">   --->   Core 28 'Shift' <Latency = 0> <II = 1> <Delay = 2.93> <FuncUnit> <Opcode : 'shl' 'lshr' 'ashr'> <InPorts = 2> <OutPorts = 1>
ST_2 : Operation 364 [1/1] (0.00ns) (grouped into LUT with out node tmp_77_9_i)   --->   "%tmp_234 = and i16 %p_Val2_9_i, %tmp_233" [bi_lstm/src/rnn.cpp:349]   --->   Operation 364 'and' 'tmp_234' <Predicate = (!tmp_70_9_i)> <Delay = 0.00> <Core = "LogicGate">   --->   Core 27 'LogicGate' <Latency = 0> <II = 1> <Delay = 0.80> <FuncUnit> <Opcode : 'and' 'or' 'xor'> <InPorts = 2> <OutPorts = 1>
ST_2 : Operation 365 [1/1] (2.18ns) (out node of the LUT)   --->   "%tmp_77_9_i = icmp ne i16 %tmp_234, 0" [bi_lstm/src/rnn.cpp:349]   --->   Operation 365 'icmp' 'tmp_77_9_i' <Predicate = (!tmp_70_9_i)> <Delay = 2.18> <Core = "Cmp">   --->   Core 25 'Cmp' <Latency = 0> <II = 1> <Delay = 1.96> <FuncUnit> <Opcode : 'icmp'> <InPorts = 2> <OutPorts = 1>
ST_2 : Operation 366 [1/1] (0.00ns) (grouped into LUT with out node tmp_83_9_i)   --->   "%a_9_i = and i1 %icmp9, %tmp_77_9_i" [bi_lstm/src/rnn.cpp:349]   --->   Operation 366 'and' 'a_9_i' <Predicate = (!tmp_70_9_i)> <Delay = 0.00> <Core = "LogicGate">   --->   Core 27 'LogicGate' <Latency = 0> <II = 1> <Delay = 0.80> <FuncUnit> <Opcode : 'and' 'or' 'xor'> <InPorts = 2> <OutPorts = 1>
ST_2 : Operation 367 [1/1] (0.00ns) (grouped into LUT with out node tmp_83_9_i)   --->   "%tmp_235 = call i1 @_ssdm_op_BitSelect.i1.i32.i32(i32 %lsb_index_9_i, i32 31)" [bi_lstm/src/rnn.cpp:349]   --->   Operation 367 'bitselect' 'tmp_235' <Predicate = (!tmp_70_9_i)> <Delay = 0.00>
ST_2 : Operation 368 [1/1] (0.00ns) (grouped into LUT with out node tmp_83_9_i)   --->   "%rev9 = xor i1 %tmp_235, true" [bi_lstm/src/rnn.cpp:349]   --->   Operation 368 'xor' 'rev9' <Predicate = (!tmp_70_9_i)> <Delay = 0.00> <Core = "LogicGate">   --->   Core 27 'LogicGate' <Latency = 0> <II = 1> <Delay = 0.80> <FuncUnit> <Opcode : 'and' 'or' 'xor'> <InPorts = 2> <OutPorts = 1>
ST_2 : Operation 369 [1/1] (1.54ns)   --->   "%tmp_79_9_i = add i16 -24, %tmp_228" [bi_lstm/src/rnn.cpp:349]   --->   Operation 369 'add' 'tmp_79_9_i' <Predicate = (!tmp_70_9_i)> <Delay = 1.54> <Core = "AddSub">   --->   Core 14 'AddSub' <Latency = 0> <II = 1> <Delay = 1.54> <FuncUnit> <Opcode : 'add' 'sub'> <InPorts = 2> <OutPorts = 1>
ST_2 : Operation 370 [1/1] (0.00ns) (grouped into LUT with out node tmp_83_9_i)   --->   "%p_Result_20_9_i = call i1 @_ssdm_op_BitSelect.i1.i16.i16(i16 %p_Val2_9_i, i16 %tmp_79_9_i)" [bi_lstm/src/rnn.cpp:349]   --->   Operation 370 'bitselect' 'p_Result_20_9_i' <Predicate = (!tmp_70_9_i)> <Delay = 0.00>
ST_2 : Operation 371 [1/1] (0.00ns) (grouped into LUT with out node tmp_83_9_i)   --->   "%tmp_81_9_i = and i1 %p_Result_20_9_i, %rev9" [bi_lstm/src/rnn.cpp:349]   --->   Operation 371 'and' 'tmp_81_9_i' <Predicate = (!tmp_70_9_i)> <Delay = 0.00> <Core = "LogicGate">   --->   Core 27 'LogicGate' <Latency = 0> <II = 1> <Delay = 0.80> <FuncUnit> <Opcode : 'and' 'or' 'xor'> <InPorts = 2> <OutPorts = 1>
ST_2 : Operation 372 [1/1] (0.00ns) (grouped into LUT with out node tmp_83_9_i)   --->   "%tmp_160_i = or i1 %tmp_81_9_i, %a_9_i" [bi_lstm/src/rnn.cpp:349]   --->   Operation 372 'or' 'tmp_160_i' <Predicate = (!tmp_70_9_i)> <Delay = 0.00> <Core = "LogicGate">   --->   Core 27 'LogicGate' <Latency = 0> <II = 1> <Delay = 0.80> <FuncUnit> <Opcode : 'and' 'or' 'xor'> <InPorts = 2> <OutPorts = 1>
ST_2 : Operation 373 [1/1] (0.80ns) (out node of the LUT)   --->   "%tmp_83_9_i = call i32 @_ssdm_op_BitConcatenate.i32.i31.i1(i31 0, i1 %tmp_160_i)" [bi_lstm/src/rnn.cpp:349]   --->   Operation 373 'bitconcatenate' 'tmp_83_9_i' <Predicate = (!tmp_70_9_i)> <Delay = 0.80>
ST_2 : Operation 374 [1/1] (0.00ns)   --->   "%m_9_i = zext i16 %p_Val2_9_i to i32" [bi_lstm/src/rnn.cpp:349]   --->   Operation 374 'zext' 'm_9_i' <Predicate = (!tmp_70_9_i)> <Delay = 0.00>
ST_2 : Operation 375 [1/1] (1.96ns)   --->   "%tmp_84_9_i = icmp sgt i32 %lsb_index_9_i, 0" [bi_lstm/src/rnn.cpp:349]   --->   Operation 375 'icmp' 'tmp_84_9_i' <Predicate = (!tmp_70_9_i)> <Delay = 1.96> <Core = "Cmp">   --->   Core 25 'Cmp' <Latency = 0> <II = 1> <Delay = 1.96> <FuncUnit> <Opcode : 'icmp'> <InPorts = 2> <OutPorts = 1>
ST_2 : Operation 376 [1/1] (1.89ns)   --->   "%tmp_85_9_i = add nsw i32 -25, %tmp_74_9_i" [bi_lstm/src/rnn.cpp:349]   --->   Operation 376 'add' 'tmp_85_9_i' <Predicate = (!tmp_70_9_i)> <Delay = 1.89> <Core = "AddSub">   --->   Core 14 'AddSub' <Latency = 0> <II = 1> <Delay = 1.54> <FuncUnit> <Opcode : 'add' 'sub'> <InPorts = 2> <OutPorts = 1>
ST_2 : Operation 377 [1/1] (0.00ns) (grouped into LUT with out node m_2_9_i)   --->   "%tmp_86_9_i = lshr i32 %m_9_i, %tmp_85_9_i" [bi_lstm/src/rnn.cpp:349]   --->   Operation 377 'lshr' 'tmp_86_9_i' <Predicate = (!tmp_70_9_i)> <Delay = 0.00> <Core = "Shift">   --->   Core 28 'Shift' <Latency = 0> <II = 1> <Delay = 2.93> <FuncUnit> <Opcode : 'shl' 'lshr' 'ashr'> <InPorts = 2> <OutPorts = 1>
ST_2 : Operation 378 [1/1] (1.89ns)   --->   "%tmp_87_9_i = sub i32 25, %tmp_74_9_i" [bi_lstm/src/rnn.cpp:349]   --->   Operation 378 'sub' 'tmp_87_9_i' <Predicate = (!tmp_70_9_i)> <Delay = 1.89> <Core = "AddSub">   --->   Core 14 'AddSub' <Latency = 0> <II = 1> <Delay = 1.54> <FuncUnit> <Opcode : 'add' 'sub'> <InPorts = 2> <OutPorts = 1>
ST_2 : Operation 379 [1/1] (0.00ns) (grouped into LUT with out node m_2_9_i)   --->   "%tmp_88_9_i = shl i32 %m_9_i, %tmp_87_9_i" [bi_lstm/src/rnn.cpp:349]   --->   Operation 379 'shl' 'tmp_88_9_i' <Predicate = (!tmp_70_9_i)> <Delay = 0.00> <Core = "Shift">   --->   Core 28 'Shift' <Latency = 0> <II = 1> <Delay = 2.93> <FuncUnit> <Opcode : 'shl' 'lshr' 'ashr'> <InPorts = 2> <OutPorts = 1>
ST_2 : Operation 380 [1/1] (0.00ns) (grouped into LUT with out node m_2_9_i)   --->   "%m_1_9_i = select i1 %tmp_84_9_i, i32 %tmp_86_9_i, i32 %tmp_88_9_i" [bi_lstm/src/rnn.cpp:349]   --->   Operation 380 'select' 'm_1_9_i' <Predicate = (!tmp_70_9_i)> <Delay = 0.00> <Core = "Sel">   --->   Core 26 'Sel' <Latency = 0> <II = 1> <Delay = 0.80> <FuncUnit> <Opcode : 'select'> <InPorts = 3> <OutPorts = 1>
ST_2 : Operation 381 [1/1] (2.93ns) (out node of the LUT)   --->   "%m_2_9_i = add i32 %tmp_83_9_i, %m_1_9_i" [bi_lstm/src/rnn.cpp:349]   --->   Operation 381 'add' 'm_2_9_i' <Predicate = (!tmp_70_9_i)> <Delay = 2.93> <Core = "AddSub">   --->   Core 14 'AddSub' <Latency = 0> <II = 1> <Delay = 1.54> <FuncUnit> <Opcode : 'add' 'sub'> <InPorts = 2> <OutPorts = 1>
ST_2 : Operation 382 [1/1] (0.00ns)   --->   "%m_6_9_i = call i31 @_ssdm_op_PartSelect.i31.i32.i32.i32(i32 %m_2_9_i, i32 1, i32 31)" [bi_lstm/src/rnn.cpp:349]   --->   Operation 382 'partselect' 'm_6_9_i' <Predicate = (!tmp_70_9_i)> <Delay = 0.00>
ST_2 : Operation 383 [1/1] (0.00ns)   --->   "%tmp_236 = call i1 @_ssdm_op_BitSelect.i1.i32.i32(i32 %m_2_9_i, i32 25)" [bi_lstm/src/rnn.cpp:349]   --->   Operation 383 'bitselect' 'tmp_236' <Predicate = (!tmp_70_9_i)> <Delay = 0.00>

State 3 <SV = 2> <Delay = 4.11>
ST_3 : Operation 384 [1/1] (0.00ns)   --->   "%tmp = zext i31 %m_6_i to i32" [bi_lstm/src/rnn.cpp:349]   --->   Operation 384 'zext' 'tmp' <Predicate = (!tmp_701_i)> <Delay = 0.00>
ST_3 : Operation 385 [1/1] (0.44ns)   --->   "%tmp_90_cast_i_cast_c = select i1 %tmp_137, i8 127, i8 126" [bi_lstm/src/rnn.cpp:349]   --->   Operation 385 'select' 'tmp_90_cast_i_cast_c' <Predicate = (!tmp_701_i)> <Delay = 0.44> <Core = "Sel">   --->   Core 26 'Sel' <Latency = 0> <II = 1> <Delay = 0.80> <FuncUnit> <Opcode : 'select'> <InPorts = 3> <OutPorts = 1>
ST_3 : Operation 386 [1/1] (0.00ns) (grouped into TernaryAdder)   --->   "%tmp_92_i = sub i8 5, %tmp_138" [bi_lstm/src/rnn.cpp:349]   --->   Operation 386 'sub' 'tmp_92_i' <Predicate = (!tmp_701_i)> <Delay = 0.00> <Core = "TAddSub">   --->   Core 84 'TAddSub' <Latency = 0> <II = 1> <Delay = 1.48> <IPBlock> <Opcode : 'add' 'sub'> <InPorts = 3> <OutPorts = 1> <Sync> <CReg>
ST_3 : Operation 387 [1/1] (2.96ns) (root node of TernaryAdder)   --->   "%p_Repl2_2_trunc_i = add i8 %tmp_92_i, %tmp_90_cast_i_cast_c" [bi_lstm/src/rnn.cpp:349]   --->   Operation 387 'add' 'p_Repl2_2_trunc_i' <Predicate = (!tmp_701_i)> <Delay = 2.96> <Core = "TAddSub">   --->   Core 84 'TAddSub' <Latency = 0> <II = 1> <Delay = 1.48> <IPBlock> <Opcode : 'add' 'sub'> <InPorts = 3> <OutPorts = 1> <Sync> <CReg>
ST_3 : Operation 388 [1/1] (0.00ns)   --->   "%tmp_93_i = call i9 @_ssdm_op_BitConcatenate.i9.i1.i8(i1 %tmp_128, i8 %p_Repl2_2_trunc_i)" [bi_lstm/src/rnn.cpp:349]   --->   Operation 388 'bitconcatenate' 'tmp_93_i' <Predicate = (!tmp_701_i)> <Delay = 0.00>
ST_3 : Operation 389 [1/1] (0.00ns)   --->   "%p_Result_29_i = call i32 @_ssdm_op_PartSet.i32.i32.i9.i32.i32(i32 %tmp, i9 %tmp_93_i, i32 23, i32 31)" [bi_lstm/src/rnn.cpp:349]   --->   Operation 389 'partset' 'p_Result_29_i' <Predicate = (!tmp_701_i)> <Delay = 0.00>
ST_3 : Operation 390 [1/1] (0.00ns)   --->   "%tmp_911_i = bitcast i32 %p_Result_29_i to float" [bi_lstm/src/rnn.cpp:349]   --->   Operation 390 'bitcast' 'tmp_911_i' <Predicate = (!tmp_701_i)> <Delay = 0.00>
ST_3 : Operation 391 [1/1] (0.70ns)   --->   "%p_1_i = select i1 %tmp_701_i, float 0.000000e+00, float %tmp_911_i" [bi_lstm/src/rnn.cpp:349]   --->   Operation 391 'select' 'p_1_i' <Predicate = true> <Delay = 0.70> <Core = "Sel">   --->   Core 26 'Sel' <Latency = 0> <II = 1> <Delay = 0.80> <FuncUnit> <Opcode : 'select'> <InPorts = 3> <OutPorts = 1>
ST_3 : Operation 392 [1/1] (0.00ns)   --->   "call void @_ssdm_op_Write.ap_auto.floatP(float* %ress_0, float %p_1_i)" [bi_lstm/src/rnn.cpp:349]   --->   Operation 392 'write' <Predicate = true> <Delay = 0.00>
ST_3 : Operation 393 [1/1] (0.00ns)   --->   "%tmp_59 = zext i31 %m_6_1_i to i32" [bi_lstm/src/rnn.cpp:349]   --->   Operation 393 'zext' 'tmp_59' <Predicate = (!tmp_70_1_i)> <Delay = 0.00>
ST_3 : Operation 394 [1/1] (0.44ns)   --->   "%tmp_98_cast_i_cast_c = select i1 %tmp_148, i8 127, i8 126" [bi_lstm/src/rnn.cpp:349]   --->   Operation 394 'select' 'tmp_98_cast_i_cast_c' <Predicate = (!tmp_70_1_i)> <Delay = 0.44> <Core = "Sel">   --->   Core 26 'Sel' <Latency = 0> <II = 1> <Delay = 0.80> <FuncUnit> <Opcode : 'select'> <InPorts = 3> <OutPorts = 1>
ST_3 : Operation 395 [1/1] (0.00ns) (grouped into TernaryAdder)   --->   "%tmp_100_i = sub i8 5, %tmp_149" [bi_lstm/src/rnn.cpp:349]   --->   Operation 395 'sub' 'tmp_100_i' <Predicate = (!tmp_70_1_i)> <Delay = 0.00> <Core = "TAddSub">   --->   Core 84 'TAddSub' <Latency = 0> <II = 1> <Delay = 1.48> <IPBlock> <Opcode : 'add' 'sub'> <InPorts = 3> <OutPorts = 1> <Sync> <CReg>
ST_3 : Operation 396 [1/1] (2.96ns) (root node of TernaryAdder)   --->   "%p_Repl2_2_trunc_1_s = add i8 %tmp_100_i, %tmp_98_cast_i_cast_c" [bi_lstm/src/rnn.cpp:349]   --->   Operation 396 'add' 'p_Repl2_2_trunc_1_s' <Predicate = (!tmp_70_1_i)> <Delay = 2.96> <Core = "TAddSub">   --->   Core 84 'TAddSub' <Latency = 0> <II = 1> <Delay = 1.48> <IPBlock> <Opcode : 'add' 'sub'> <InPorts = 3> <OutPorts = 1> <Sync> <CReg>
ST_3 : Operation 397 [1/1] (0.00ns)   --->   "%tmp_101_i = call i9 @_ssdm_op_BitConcatenate.i9.i1.i8(i1 %tmp_139, i8 %p_Repl2_2_trunc_1_s)" [bi_lstm/src/rnn.cpp:349]   --->   Operation 397 'bitconcatenate' 'tmp_101_i' <Predicate = (!tmp_70_1_i)> <Delay = 0.00>
ST_3 : Operation 398 [1/1] (0.00ns)   --->   "%p_Result_29_1_i = call i32 @_ssdm_op_PartSet.i32.i32.i9.i32.i32(i32 %tmp_59, i9 %tmp_101_i, i32 23, i32 31)" [bi_lstm/src/rnn.cpp:349]   --->   Operation 398 'partset' 'p_Result_29_1_i' <Predicate = (!tmp_70_1_i)> <Delay = 0.00>
ST_3 : Operation 399 [1/1] (0.00ns)   --->   "%tmp_91_1_i = bitcast i32 %p_Result_29_1_i to float" [bi_lstm/src/rnn.cpp:349]   --->   Operation 399 'bitcast' 'tmp_91_1_i' <Predicate = (!tmp_70_1_i)> <Delay = 0.00>
ST_3 : Operation 400 [1/1] (0.70ns)   --->   "%p_1_i_56 = select i1 %tmp_70_1_i, float 0.000000e+00, float %tmp_91_1_i" [bi_lstm/src/rnn.cpp:349]   --->   Operation 400 'select' 'p_1_i_56' <Predicate = true> <Delay = 0.70> <Core = "Sel">   --->   Core 26 'Sel' <Latency = 0> <II = 1> <Delay = 0.80> <FuncUnit> <Opcode : 'select'> <InPorts = 3> <OutPorts = 1>
ST_3 : Operation 401 [1/1] (0.00ns)   --->   "call void @_ssdm_op_Write.ap_auto.floatP(float* %ress_1, float %p_1_i_56)" [bi_lstm/src/rnn.cpp:349]   --->   Operation 401 'write' <Predicate = true> <Delay = 0.00>
ST_3 : Operation 402 [1/1] (0.00ns)   --->   "%tmp_60 = zext i31 %m_6_2_i to i32" [bi_lstm/src/rnn.cpp:349]   --->   Operation 402 'zext' 'tmp_60' <Predicate = (!tmp_70_2_i)> <Delay = 0.00>
ST_3 : Operation 403 [1/1] (0.44ns)   --->   "%tmp_106_cast_i_cast_s = select i1 %tmp_159, i8 127, i8 126" [bi_lstm/src/rnn.cpp:349]   --->   Operation 403 'select' 'tmp_106_cast_i_cast_s' <Predicate = (!tmp_70_2_i)> <Delay = 0.44> <Core = "Sel">   --->   Core 26 'Sel' <Latency = 0> <II = 1> <Delay = 0.80> <FuncUnit> <Opcode : 'select'> <InPorts = 3> <OutPorts = 1>
ST_3 : Operation 404 [1/1] (0.00ns) (grouped into TernaryAdder)   --->   "%tmp_108_i = sub i8 5, %tmp_160" [bi_lstm/src/rnn.cpp:349]   --->   Operation 404 'sub' 'tmp_108_i' <Predicate = (!tmp_70_2_i)> <Delay = 0.00> <Core = "TAddSub">   --->   Core 84 'TAddSub' <Latency = 0> <II = 1> <Delay = 1.48> <IPBlock> <Opcode : 'add' 'sub'> <InPorts = 3> <OutPorts = 1> <Sync> <CReg>
ST_3 : Operation 405 [1/1] (2.96ns) (root node of TernaryAdder)   --->   "%p_Repl2_2_trunc_2_s = add i8 %tmp_108_i, %tmp_106_cast_i_cast_s" [bi_lstm/src/rnn.cpp:349]   --->   Operation 405 'add' 'p_Repl2_2_trunc_2_s' <Predicate = (!tmp_70_2_i)> <Delay = 2.96> <Core = "TAddSub">   --->   Core 84 'TAddSub' <Latency = 0> <II = 1> <Delay = 1.48> <IPBlock> <Opcode : 'add' 'sub'> <InPorts = 3> <OutPorts = 1> <Sync> <CReg>
ST_3 : Operation 406 [1/1] (0.00ns)   --->   "%tmp_109_i = call i9 @_ssdm_op_BitConcatenate.i9.i1.i8(i1 %tmp_150, i8 %p_Repl2_2_trunc_2_s)" [bi_lstm/src/rnn.cpp:349]   --->   Operation 406 'bitconcatenate' 'tmp_109_i' <Predicate = (!tmp_70_2_i)> <Delay = 0.00>
ST_3 : Operation 407 [1/1] (0.00ns)   --->   "%p_Result_29_2_i = call i32 @_ssdm_op_PartSet.i32.i32.i9.i32.i32(i32 %tmp_60, i9 %tmp_109_i, i32 23, i32 31)" [bi_lstm/src/rnn.cpp:349]   --->   Operation 407 'partset' 'p_Result_29_2_i' <Predicate = (!tmp_70_2_i)> <Delay = 0.00>
ST_3 : Operation 408 [1/1] (0.00ns)   --->   "%tmp_91_2_i = bitcast i32 %p_Result_29_2_i to float" [bi_lstm/src/rnn.cpp:349]   --->   Operation 408 'bitcast' 'tmp_91_2_i' <Predicate = (!tmp_70_2_i)> <Delay = 0.00>
ST_3 : Operation 409 [1/1] (0.70ns)   --->   "%p_2_i = select i1 %tmp_70_2_i, float 0.000000e+00, float %tmp_91_2_i" [bi_lstm/src/rnn.cpp:349]   --->   Operation 409 'select' 'p_2_i' <Predicate = true> <Delay = 0.70> <Core = "Sel">   --->   Core 26 'Sel' <Latency = 0> <II = 1> <Delay = 0.80> <FuncUnit> <Opcode : 'select'> <InPorts = 3> <OutPorts = 1>
ST_3 : Operation 410 [1/1] (0.00ns)   --->   "call void @_ssdm_op_Write.ap_auto.floatP(float* %ress_2, float %p_2_i)" [bi_lstm/src/rnn.cpp:349]   --->   Operation 410 'write' <Predicate = true> <Delay = 0.00>
ST_3 : Operation 411 [1/1] (0.00ns)   --->   "%tmp_61 = zext i31 %m_6_3_i to i32" [bi_lstm/src/rnn.cpp:349]   --->   Operation 411 'zext' 'tmp_61' <Predicate = (!tmp_70_3_i)> <Delay = 0.00>
ST_3 : Operation 412 [1/1] (0.44ns)   --->   "%tmp_114_cast_i_cast_s = select i1 %tmp_170, i8 127, i8 126" [bi_lstm/src/rnn.cpp:349]   --->   Operation 412 'select' 'tmp_114_cast_i_cast_s' <Predicate = (!tmp_70_3_i)> <Delay = 0.44> <Core = "Sel">   --->   Core 26 'Sel' <Latency = 0> <II = 1> <Delay = 0.80> <FuncUnit> <Opcode : 'select'> <InPorts = 3> <OutPorts = 1>
ST_3 : Operation 413 [1/1] (0.00ns) (grouped into TernaryAdder)   --->   "%tmp_116_i = sub i8 5, %tmp_171" [bi_lstm/src/rnn.cpp:349]   --->   Operation 413 'sub' 'tmp_116_i' <Predicate = (!tmp_70_3_i)> <Delay = 0.00> <Core = "TAddSub">   --->   Core 84 'TAddSub' <Latency = 0> <II = 1> <Delay = 1.48> <IPBlock> <Opcode : 'add' 'sub'> <InPorts = 3> <OutPorts = 1> <Sync> <CReg>
ST_3 : Operation 414 [1/1] (2.96ns) (root node of TernaryAdder)   --->   "%p_Repl2_2_trunc_3_s = add i8 %tmp_116_i, %tmp_114_cast_i_cast_s" [bi_lstm/src/rnn.cpp:349]   --->   Operation 414 'add' 'p_Repl2_2_trunc_3_s' <Predicate = (!tmp_70_3_i)> <Delay = 2.96> <Core = "TAddSub">   --->   Core 84 'TAddSub' <Latency = 0> <II = 1> <Delay = 1.48> <IPBlock> <Opcode : 'add' 'sub'> <InPorts = 3> <OutPorts = 1> <Sync> <CReg>
ST_3 : Operation 415 [1/1] (0.00ns)   --->   "%tmp_117_i = call i9 @_ssdm_op_BitConcatenate.i9.i1.i8(i1 %tmp_161, i8 %p_Repl2_2_trunc_3_s)" [bi_lstm/src/rnn.cpp:349]   --->   Operation 415 'bitconcatenate' 'tmp_117_i' <Predicate = (!tmp_70_3_i)> <Delay = 0.00>
ST_3 : Operation 416 [1/1] (0.00ns)   --->   "%p_Result_29_3_i = call i32 @_ssdm_op_PartSet.i32.i32.i9.i32.i32(i32 %tmp_61, i9 %tmp_117_i, i32 23, i32 31)" [bi_lstm/src/rnn.cpp:349]   --->   Operation 416 'partset' 'p_Result_29_3_i' <Predicate = (!tmp_70_3_i)> <Delay = 0.00>
ST_3 : Operation 417 [1/1] (0.00ns)   --->   "%tmp_91_3_i = bitcast i32 %p_Result_29_3_i to float" [bi_lstm/src/rnn.cpp:349]   --->   Operation 417 'bitcast' 'tmp_91_3_i' <Predicate = (!tmp_70_3_i)> <Delay = 0.00>
ST_3 : Operation 418 [1/1] (0.70ns)   --->   "%p_3_i = select i1 %tmp_70_3_i, float 0.000000e+00, float %tmp_91_3_i" [bi_lstm/src/rnn.cpp:349]   --->   Operation 418 'select' 'p_3_i' <Predicate = true> <Delay = 0.70> <Core = "Sel">   --->   Core 26 'Sel' <Latency = 0> <II = 1> <Delay = 0.80> <FuncUnit> <Opcode : 'select'> <InPorts = 3> <OutPorts = 1>
ST_3 : Operation 419 [1/1] (0.00ns)   --->   "call void @_ssdm_op_Write.ap_auto.floatP(float* %ress_3, float %p_3_i)" [bi_lstm/src/rnn.cpp:349]   --->   Operation 419 'write' <Predicate = true> <Delay = 0.00>
ST_3 : Operation 420 [1/1] (0.00ns)   --->   "%tmp_62 = zext i31 %m_6_4_i to i32" [bi_lstm/src/rnn.cpp:349]   --->   Operation 420 'zext' 'tmp_62' <Predicate = (!tmp_70_4_i)> <Delay = 0.00>
ST_3 : Operation 421 [1/1] (0.44ns)   --->   "%tmp_122_cast_i_cast_s = select i1 %tmp_181, i8 127, i8 126" [bi_lstm/src/rnn.cpp:349]   --->   Operation 421 'select' 'tmp_122_cast_i_cast_s' <Predicate = (!tmp_70_4_i)> <Delay = 0.44> <Core = "Sel">   --->   Core 26 'Sel' <Latency = 0> <II = 1> <Delay = 0.80> <FuncUnit> <Opcode : 'select'> <InPorts = 3> <OutPorts = 1>
ST_3 : Operation 422 [1/1] (0.00ns) (grouped into TernaryAdder)   --->   "%tmp_124_i = sub i8 5, %tmp_182" [bi_lstm/src/rnn.cpp:349]   --->   Operation 422 'sub' 'tmp_124_i' <Predicate = (!tmp_70_4_i)> <Delay = 0.00> <Core = "TAddSub">   --->   Core 84 'TAddSub' <Latency = 0> <II = 1> <Delay = 1.48> <IPBlock> <Opcode : 'add' 'sub'> <InPorts = 3> <OutPorts = 1> <Sync> <CReg>
ST_3 : Operation 423 [1/1] (2.96ns) (root node of TernaryAdder)   --->   "%p_Repl2_2_trunc_4_s = add i8 %tmp_124_i, %tmp_122_cast_i_cast_s" [bi_lstm/src/rnn.cpp:349]   --->   Operation 423 'add' 'p_Repl2_2_trunc_4_s' <Predicate = (!tmp_70_4_i)> <Delay = 2.96> <Core = "TAddSub">   --->   Core 84 'TAddSub' <Latency = 0> <II = 1> <Delay = 1.48> <IPBlock> <Opcode : 'add' 'sub'> <InPorts = 3> <OutPorts = 1> <Sync> <CReg>
ST_3 : Operation 424 [1/1] (0.00ns)   --->   "%tmp_125_i = call i9 @_ssdm_op_BitConcatenate.i9.i1.i8(i1 %tmp_172, i8 %p_Repl2_2_trunc_4_s)" [bi_lstm/src/rnn.cpp:349]   --->   Operation 424 'bitconcatenate' 'tmp_125_i' <Predicate = (!tmp_70_4_i)> <Delay = 0.00>
ST_3 : Operation 425 [1/1] (0.00ns)   --->   "%p_Result_29_4_i = call i32 @_ssdm_op_PartSet.i32.i32.i9.i32.i32(i32 %tmp_62, i9 %tmp_125_i, i32 23, i32 31)" [bi_lstm/src/rnn.cpp:349]   --->   Operation 425 'partset' 'p_Result_29_4_i' <Predicate = (!tmp_70_4_i)> <Delay = 0.00>
ST_3 : Operation 426 [1/1] (0.00ns)   --->   "%tmp_91_4_i = bitcast i32 %p_Result_29_4_i to float" [bi_lstm/src/rnn.cpp:349]   --->   Operation 426 'bitcast' 'tmp_91_4_i' <Predicate = (!tmp_70_4_i)> <Delay = 0.00>
ST_3 : Operation 427 [1/1] (0.70ns)   --->   "%p_4_i = select i1 %tmp_70_4_i, float 0.000000e+00, float %tmp_91_4_i" [bi_lstm/src/rnn.cpp:349]   --->   Operation 427 'select' 'p_4_i' <Predicate = true> <Delay = 0.70> <Core = "Sel">   --->   Core 26 'Sel' <Latency = 0> <II = 1> <Delay = 0.80> <FuncUnit> <Opcode : 'select'> <InPorts = 3> <OutPorts = 1>
ST_3 : Operation 428 [1/1] (0.00ns)   --->   "call void @_ssdm_op_Write.ap_auto.floatP(float* %ress_4, float %p_4_i)" [bi_lstm/src/rnn.cpp:349]   --->   Operation 428 'write' <Predicate = true> <Delay = 0.00>
ST_3 : Operation 429 [1/1] (0.00ns)   --->   "%tmp_63 = zext i31 %m_6_5_i to i32" [bi_lstm/src/rnn.cpp:349]   --->   Operation 429 'zext' 'tmp_63' <Predicate = (!tmp_70_5_i)> <Delay = 0.00>
ST_3 : Operation 430 [1/1] (0.44ns)   --->   "%tmp_130_cast_i_cast_s = select i1 %tmp_192, i8 127, i8 126" [bi_lstm/src/rnn.cpp:349]   --->   Operation 430 'select' 'tmp_130_cast_i_cast_s' <Predicate = (!tmp_70_5_i)> <Delay = 0.44> <Core = "Sel">   --->   Core 26 'Sel' <Latency = 0> <II = 1> <Delay = 0.80> <FuncUnit> <Opcode : 'select'> <InPorts = 3> <OutPorts = 1>
ST_3 : Operation 431 [1/1] (0.00ns) (grouped into TernaryAdder)   --->   "%tmp_132_i = sub i8 5, %tmp_193" [bi_lstm/src/rnn.cpp:349]   --->   Operation 431 'sub' 'tmp_132_i' <Predicate = (!tmp_70_5_i)> <Delay = 0.00> <Core = "TAddSub">   --->   Core 84 'TAddSub' <Latency = 0> <II = 1> <Delay = 1.48> <IPBlock> <Opcode : 'add' 'sub'> <InPorts = 3> <OutPorts = 1> <Sync> <CReg>
ST_3 : Operation 432 [1/1] (2.96ns) (root node of TernaryAdder)   --->   "%p_Repl2_2_trunc_5_s = add i8 %tmp_132_i, %tmp_130_cast_i_cast_s" [bi_lstm/src/rnn.cpp:349]   --->   Operation 432 'add' 'p_Repl2_2_trunc_5_s' <Predicate = (!tmp_70_5_i)> <Delay = 2.96> <Core = "TAddSub">   --->   Core 84 'TAddSub' <Latency = 0> <II = 1> <Delay = 1.48> <IPBlock> <Opcode : 'add' 'sub'> <InPorts = 3> <OutPorts = 1> <Sync> <CReg>
ST_3 : Operation 433 [1/1] (0.00ns)   --->   "%tmp_133_i = call i9 @_ssdm_op_BitConcatenate.i9.i1.i8(i1 %tmp_183, i8 %p_Repl2_2_trunc_5_s)" [bi_lstm/src/rnn.cpp:349]   --->   Operation 433 'bitconcatenate' 'tmp_133_i' <Predicate = (!tmp_70_5_i)> <Delay = 0.00>
ST_3 : Operation 434 [1/1] (0.00ns)   --->   "%p_Result_29_5_i = call i32 @_ssdm_op_PartSet.i32.i32.i9.i32.i32(i32 %tmp_63, i9 %tmp_133_i, i32 23, i32 31)" [bi_lstm/src/rnn.cpp:349]   --->   Operation 434 'partset' 'p_Result_29_5_i' <Predicate = (!tmp_70_5_i)> <Delay = 0.00>
ST_3 : Operation 435 [1/1] (0.00ns)   --->   "%tmp_91_5_i = bitcast i32 %p_Result_29_5_i to float" [bi_lstm/src/rnn.cpp:349]   --->   Operation 435 'bitcast' 'tmp_91_5_i' <Predicate = (!tmp_70_5_i)> <Delay = 0.00>
ST_3 : Operation 436 [1/1] (0.70ns)   --->   "%p_5_i = select i1 %tmp_70_5_i, float 0.000000e+00, float %tmp_91_5_i" [bi_lstm/src/rnn.cpp:349]   --->   Operation 436 'select' 'p_5_i' <Predicate = true> <Delay = 0.70> <Core = "Sel">   --->   Core 26 'Sel' <Latency = 0> <II = 1> <Delay = 0.80> <FuncUnit> <Opcode : 'select'> <InPorts = 3> <OutPorts = 1>
ST_3 : Operation 437 [1/1] (0.00ns)   --->   "call void @_ssdm_op_Write.ap_auto.floatP(float* %ress_5, float %p_5_i)" [bi_lstm/src/rnn.cpp:349]   --->   Operation 437 'write' <Predicate = true> <Delay = 0.00>
ST_3 : Operation 438 [1/1] (0.00ns)   --->   "%tmp_64 = zext i31 %m_6_6_i to i32" [bi_lstm/src/rnn.cpp:349]   --->   Operation 438 'zext' 'tmp_64' <Predicate = (!tmp_70_6_i)> <Delay = 0.00>
ST_3 : Operation 439 [1/1] (0.44ns)   --->   "%tmp_138_cast_i_cast_s = select i1 %tmp_203, i8 127, i8 126" [bi_lstm/src/rnn.cpp:349]   --->   Operation 439 'select' 'tmp_138_cast_i_cast_s' <Predicate = (!tmp_70_6_i)> <Delay = 0.44> <Core = "Sel">   --->   Core 26 'Sel' <Latency = 0> <II = 1> <Delay = 0.80> <FuncUnit> <Opcode : 'select'> <InPorts = 3> <OutPorts = 1>
ST_3 : Operation 440 [1/1] (0.00ns) (grouped into TernaryAdder)   --->   "%tmp_140_i = sub i8 5, %tmp_204" [bi_lstm/src/rnn.cpp:349]   --->   Operation 440 'sub' 'tmp_140_i' <Predicate = (!tmp_70_6_i)> <Delay = 0.00> <Core = "TAddSub">   --->   Core 84 'TAddSub' <Latency = 0> <II = 1> <Delay = 1.48> <IPBlock> <Opcode : 'add' 'sub'> <InPorts = 3> <OutPorts = 1> <Sync> <CReg>
ST_3 : Operation 441 [1/1] (2.96ns) (root node of TernaryAdder)   --->   "%p_Repl2_2_trunc_6_s = add i8 %tmp_140_i, %tmp_138_cast_i_cast_s" [bi_lstm/src/rnn.cpp:349]   --->   Operation 441 'add' 'p_Repl2_2_trunc_6_s' <Predicate = (!tmp_70_6_i)> <Delay = 2.96> <Core = "TAddSub">   --->   Core 84 'TAddSub' <Latency = 0> <II = 1> <Delay = 1.48> <IPBlock> <Opcode : 'add' 'sub'> <InPorts = 3> <OutPorts = 1> <Sync> <CReg>
ST_3 : Operation 442 [1/1] (0.00ns)   --->   "%tmp_141_i = call i9 @_ssdm_op_BitConcatenate.i9.i1.i8(i1 %tmp_194, i8 %p_Repl2_2_trunc_6_s)" [bi_lstm/src/rnn.cpp:349]   --->   Operation 442 'bitconcatenate' 'tmp_141_i' <Predicate = (!tmp_70_6_i)> <Delay = 0.00>
ST_3 : Operation 443 [1/1] (0.00ns)   --->   "%p_Result_29_6_i = call i32 @_ssdm_op_PartSet.i32.i32.i9.i32.i32(i32 %tmp_64, i9 %tmp_141_i, i32 23, i32 31)" [bi_lstm/src/rnn.cpp:349]   --->   Operation 443 'partset' 'p_Result_29_6_i' <Predicate = (!tmp_70_6_i)> <Delay = 0.00>
ST_3 : Operation 444 [1/1] (0.00ns)   --->   "%tmp_91_6_i = bitcast i32 %p_Result_29_6_i to float" [bi_lstm/src/rnn.cpp:349]   --->   Operation 444 'bitcast' 'tmp_91_6_i' <Predicate = (!tmp_70_6_i)> <Delay = 0.00>
ST_3 : Operation 445 [1/1] (0.70ns)   --->   "%p_6_i = select i1 %tmp_70_6_i, float 0.000000e+00, float %tmp_91_6_i" [bi_lstm/src/rnn.cpp:349]   --->   Operation 445 'select' 'p_6_i' <Predicate = true> <Delay = 0.70> <Core = "Sel">   --->   Core 26 'Sel' <Latency = 0> <II = 1> <Delay = 0.80> <FuncUnit> <Opcode : 'select'> <InPorts = 3> <OutPorts = 1>
ST_3 : Operation 446 [1/1] (0.00ns)   --->   "call void @_ssdm_op_Write.ap_auto.floatP(float* %ress_6, float %p_6_i)" [bi_lstm/src/rnn.cpp:349]   --->   Operation 446 'write' <Predicate = true> <Delay = 0.00>
ST_3 : Operation 447 [1/1] (0.00ns)   --->   "%tmp_65 = zext i31 %m_6_7_i to i32" [bi_lstm/src/rnn.cpp:349]   --->   Operation 447 'zext' 'tmp_65' <Predicate = (!tmp_70_7_i)> <Delay = 0.00>
ST_3 : Operation 448 [1/1] (0.44ns)   --->   "%tmp_146_cast_i_cast_s = select i1 %tmp_214, i8 127, i8 126" [bi_lstm/src/rnn.cpp:349]   --->   Operation 448 'select' 'tmp_146_cast_i_cast_s' <Predicate = (!tmp_70_7_i)> <Delay = 0.44> <Core = "Sel">   --->   Core 26 'Sel' <Latency = 0> <II = 1> <Delay = 0.80> <FuncUnit> <Opcode : 'select'> <InPorts = 3> <OutPorts = 1>
ST_3 : Operation 449 [1/1] (0.00ns) (grouped into TernaryAdder)   --->   "%tmp_148_i = sub i8 5, %tmp_215" [bi_lstm/src/rnn.cpp:349]   --->   Operation 449 'sub' 'tmp_148_i' <Predicate = (!tmp_70_7_i)> <Delay = 0.00> <Core = "TAddSub">   --->   Core 84 'TAddSub' <Latency = 0> <II = 1> <Delay = 1.48> <IPBlock> <Opcode : 'add' 'sub'> <InPorts = 3> <OutPorts = 1> <Sync> <CReg>
ST_3 : Operation 450 [1/1] (2.96ns) (root node of TernaryAdder)   --->   "%p_Repl2_2_trunc_7_s = add i8 %tmp_148_i, %tmp_146_cast_i_cast_s" [bi_lstm/src/rnn.cpp:349]   --->   Operation 450 'add' 'p_Repl2_2_trunc_7_s' <Predicate = (!tmp_70_7_i)> <Delay = 2.96> <Core = "TAddSub">   --->   Core 84 'TAddSub' <Latency = 0> <II = 1> <Delay = 1.48> <IPBlock> <Opcode : 'add' 'sub'> <InPorts = 3> <OutPorts = 1> <Sync> <CReg>
ST_3 : Operation 451 [1/1] (0.00ns)   --->   "%tmp_149_i = call i9 @_ssdm_op_BitConcatenate.i9.i1.i8(i1 %tmp_205, i8 %p_Repl2_2_trunc_7_s)" [bi_lstm/src/rnn.cpp:349]   --->   Operation 451 'bitconcatenate' 'tmp_149_i' <Predicate = (!tmp_70_7_i)> <Delay = 0.00>
ST_3 : Operation 452 [1/1] (0.00ns)   --->   "%p_Result_29_7_i = call i32 @_ssdm_op_PartSet.i32.i32.i9.i32.i32(i32 %tmp_65, i9 %tmp_149_i, i32 23, i32 31)" [bi_lstm/src/rnn.cpp:349]   --->   Operation 452 'partset' 'p_Result_29_7_i' <Predicate = (!tmp_70_7_i)> <Delay = 0.00>
ST_3 : Operation 453 [1/1] (0.00ns)   --->   "%tmp_91_7_i = bitcast i32 %p_Result_29_7_i to float" [bi_lstm/src/rnn.cpp:349]   --->   Operation 453 'bitcast' 'tmp_91_7_i' <Predicate = (!tmp_70_7_i)> <Delay = 0.00>
ST_3 : Operation 454 [1/1] (0.70ns)   --->   "%p_7_i = select i1 %tmp_70_7_i, float 0.000000e+00, float %tmp_91_7_i" [bi_lstm/src/rnn.cpp:349]   --->   Operation 454 'select' 'p_7_i' <Predicate = true> <Delay = 0.70> <Core = "Sel">   --->   Core 26 'Sel' <Latency = 0> <II = 1> <Delay = 0.80> <FuncUnit> <Opcode : 'select'> <InPorts = 3> <OutPorts = 1>
ST_3 : Operation 455 [1/1] (0.00ns)   --->   "call void @_ssdm_op_Write.ap_auto.floatP(float* %ress_7, float %p_7_i)" [bi_lstm/src/rnn.cpp:349]   --->   Operation 455 'write' <Predicate = true> <Delay = 0.00>
ST_3 : Operation 456 [1/1] (0.00ns)   --->   "%tmp_66 = zext i31 %m_6_8_i to i32" [bi_lstm/src/rnn.cpp:349]   --->   Operation 456 'zext' 'tmp_66' <Predicate = (!tmp_70_8_i)> <Delay = 0.00>
ST_3 : Operation 457 [1/1] (0.44ns)   --->   "%tmp_154_cast_i_cast_s = select i1 %tmp_225, i8 127, i8 126" [bi_lstm/src/rnn.cpp:349]   --->   Operation 457 'select' 'tmp_154_cast_i_cast_s' <Predicate = (!tmp_70_8_i)> <Delay = 0.44> <Core = "Sel">   --->   Core 26 'Sel' <Latency = 0> <II = 1> <Delay = 0.80> <FuncUnit> <Opcode : 'select'> <InPorts = 3> <OutPorts = 1>
ST_3 : Operation 458 [1/1] (0.00ns) (grouped into TernaryAdder)   --->   "%tmp_156_i = sub i8 5, %tmp_226" [bi_lstm/src/rnn.cpp:349]   --->   Operation 458 'sub' 'tmp_156_i' <Predicate = (!tmp_70_8_i)> <Delay = 0.00> <Core = "TAddSub">   --->   Core 84 'TAddSub' <Latency = 0> <II = 1> <Delay = 1.48> <IPBlock> <Opcode : 'add' 'sub'> <InPorts = 3> <OutPorts = 1> <Sync> <CReg>
ST_3 : Operation 459 [1/1] (2.96ns) (root node of TernaryAdder)   --->   "%p_Repl2_2_trunc_8_s = add i8 %tmp_156_i, %tmp_154_cast_i_cast_s" [bi_lstm/src/rnn.cpp:349]   --->   Operation 459 'add' 'p_Repl2_2_trunc_8_s' <Predicate = (!tmp_70_8_i)> <Delay = 2.96> <Core = "TAddSub">   --->   Core 84 'TAddSub' <Latency = 0> <II = 1> <Delay = 1.48> <IPBlock> <Opcode : 'add' 'sub'> <InPorts = 3> <OutPorts = 1> <Sync> <CReg>
ST_3 : Operation 460 [1/1] (0.00ns)   --->   "%tmp_157_i = call i9 @_ssdm_op_BitConcatenate.i9.i1.i8(i1 %tmp_216, i8 %p_Repl2_2_trunc_8_s)" [bi_lstm/src/rnn.cpp:349]   --->   Operation 460 'bitconcatenate' 'tmp_157_i' <Predicate = (!tmp_70_8_i)> <Delay = 0.00>
ST_3 : Operation 461 [1/1] (0.00ns)   --->   "%p_Result_29_8_i = call i32 @_ssdm_op_PartSet.i32.i32.i9.i32.i32(i32 %tmp_66, i9 %tmp_157_i, i32 23, i32 31)" [bi_lstm/src/rnn.cpp:349]   --->   Operation 461 'partset' 'p_Result_29_8_i' <Predicate = (!tmp_70_8_i)> <Delay = 0.00>
ST_3 : Operation 462 [1/1] (0.00ns)   --->   "%tmp_91_8_i = bitcast i32 %p_Result_29_8_i to float" [bi_lstm/src/rnn.cpp:349]   --->   Operation 462 'bitcast' 'tmp_91_8_i' <Predicate = (!tmp_70_8_i)> <Delay = 0.00>
ST_3 : Operation 463 [1/1] (0.70ns)   --->   "%p_8_i = select i1 %tmp_70_8_i, float 0.000000e+00, float %tmp_91_8_i" [bi_lstm/src/rnn.cpp:349]   --->   Operation 463 'select' 'p_8_i' <Predicate = true> <Delay = 0.70> <Core = "Sel">   --->   Core 26 'Sel' <Latency = 0> <II = 1> <Delay = 0.80> <FuncUnit> <Opcode : 'select'> <InPorts = 3> <OutPorts = 1>
ST_3 : Operation 464 [1/1] (0.00ns)   --->   "call void @_ssdm_op_Write.ap_auto.floatP(float* %ress_8, float %p_8_i)" [bi_lstm/src/rnn.cpp:349]   --->   Operation 464 'write' <Predicate = true> <Delay = 0.00>
ST_3 : Operation 465 [1/1] (0.00ns)   --->   "%tmp_67 = zext i31 %m_6_9_i to i32" [bi_lstm/src/rnn.cpp:349]   --->   Operation 465 'zext' 'tmp_67' <Predicate = (!tmp_70_9_i)> <Delay = 0.00>
ST_3 : Operation 466 [1/1] (0.44ns)   --->   "%tmp_162_cast_i_cast_s = select i1 %tmp_236, i8 127, i8 126" [bi_lstm/src/rnn.cpp:349]   --->   Operation 466 'select' 'tmp_162_cast_i_cast_s' <Predicate = (!tmp_70_9_i)> <Delay = 0.44> <Core = "Sel">   --->   Core 26 'Sel' <Latency = 0> <II = 1> <Delay = 0.80> <FuncUnit> <Opcode : 'select'> <InPorts = 3> <OutPorts = 1>
ST_3 : Operation 467 [1/1] (0.00ns) (grouped into TernaryAdder)   --->   "%tmp_164_i = sub i8 5, %tmp_237" [bi_lstm/src/rnn.cpp:349]   --->   Operation 467 'sub' 'tmp_164_i' <Predicate = (!tmp_70_9_i)> <Delay = 0.00> <Core = "TAddSub">   --->   Core 84 'TAddSub' <Latency = 0> <II = 1> <Delay = 1.48> <IPBlock> <Opcode : 'add' 'sub'> <InPorts = 3> <OutPorts = 1> <Sync> <CReg>
ST_3 : Operation 468 [1/1] (2.96ns) (root node of TernaryAdder)   --->   "%p_Repl2_2_trunc_9_s = add i8 %tmp_164_i, %tmp_162_cast_i_cast_s" [bi_lstm/src/rnn.cpp:349]   --->   Operation 468 'add' 'p_Repl2_2_trunc_9_s' <Predicate = (!tmp_70_9_i)> <Delay = 2.96> <Core = "TAddSub">   --->   Core 84 'TAddSub' <Latency = 0> <II = 1> <Delay = 1.48> <IPBlock> <Opcode : 'add' 'sub'> <InPorts = 3> <OutPorts = 1> <Sync> <CReg>
ST_3 : Operation 469 [1/1] (0.00ns)   --->   "%tmp_165_i = call i9 @_ssdm_op_BitConcatenate.i9.i1.i8(i1 %tmp_227, i8 %p_Repl2_2_trunc_9_s)" [bi_lstm/src/rnn.cpp:349]   --->   Operation 469 'bitconcatenate' 'tmp_165_i' <Predicate = (!tmp_70_9_i)> <Delay = 0.00>
ST_3 : Operation 470 [1/1] (0.00ns)   --->   "%p_Result_29_9_i = call i32 @_ssdm_op_PartSet.i32.i32.i9.i32.i32(i32 %tmp_67, i9 %tmp_165_i, i32 23, i32 31)" [bi_lstm/src/rnn.cpp:349]   --->   Operation 470 'partset' 'p_Result_29_9_i' <Predicate = (!tmp_70_9_i)> <Delay = 0.00>
ST_3 : Operation 471 [1/1] (0.00ns)   --->   "%tmp_91_9_i = bitcast i32 %p_Result_29_9_i to float" [bi_lstm/src/rnn.cpp:349]   --->   Operation 471 'bitcast' 'tmp_91_9_i' <Predicate = (!tmp_70_9_i)> <Delay = 0.00>
ST_3 : Operation 472 [1/1] (0.70ns)   --->   "%p_9_i = select i1 %tmp_70_9_i, float 0.000000e+00, float %tmp_91_9_i" [bi_lstm/src/rnn.cpp:349]   --->   Operation 472 'select' 'p_9_i' <Predicate = true> <Delay = 0.70> <Core = "Sel">   --->   Core 26 'Sel' <Latency = 0> <II = 1> <Delay = 0.80> <FuncUnit> <Opcode : 'select'> <InPorts = 3> <OutPorts = 1>
ST_3 : Operation 473 [1/1] (0.00ns)   --->   "call void @_ssdm_op_Write.ap_auto.floatP(float* %ress_9, float %p_9_i)" [bi_lstm/src/rnn.cpp:349]   --->   Operation 473 'write' <Predicate = true> <Delay = 0.00>
ST_3 : Operation 474 [1/1] (0.00ns)   --->   "ret void"   --->   Operation 474 'ret' <Predicate = true> <Delay = 0.00>


============================================================
+ Verbose Summary: Binding
============================================================
STG Binding: 
---------------- STG Properties BEGIN ----------------
- Is combinational: 0
- Is one-state seq: 0
- Is datapath-only: 0
- Is pipelined: 0
- Is top level: 0
Port [ Return ] is wired: 1; IO mode=ap_ctrl_hs:ce=0
Port [ p_read]:  wired=1; compound=0; hidden=0; nouse=0; global=0; static=0; extern=0; dir=0; type=0; pingpong=0; private_global=0; IO mode=ap_none:ce=0
Port [ ress_0]:  wired=1; compound=0; hidden=0; nouse=0; global=0; static=0; extern=0; dir=1; type=0; pingpong=0; private_global=0; IO mode=ap_vld:ce=0
Port [ p_read1]:  wired=1; compound=0; hidden=0; nouse=0; global=0; static=0; extern=0; dir=0; type=0; pingpong=0; private_global=0; IO mode=ap_none:ce=0
Port [ ress_1]:  wired=1; compound=0; hidden=0; nouse=0; global=0; static=0; extern=0; dir=1; type=0; pingpong=0; private_global=0; IO mode=ap_vld:ce=0
Port [ p_read2]:  wired=1; compound=0; hidden=0; nouse=0; global=0; static=0; extern=0; dir=0; type=0; pingpong=0; private_global=0; IO mode=ap_none:ce=0
Port [ ress_2]:  wired=1; compound=0; hidden=0; nouse=0; global=0; static=0; extern=0; dir=1; type=0; pingpong=0; private_global=0; IO mode=ap_vld:ce=0
Port [ p_read3]:  wired=1; compound=0; hidden=0; nouse=0; global=0; static=0; extern=0; dir=0; type=0; pingpong=0; private_global=0; IO mode=ap_none:ce=0
Port [ ress_3]:  wired=1; compound=0; hidden=0; nouse=0; global=0; static=0; extern=0; dir=1; type=0; pingpong=0; private_global=0; IO mode=ap_vld:ce=0
Port [ p_read4]:  wired=1; compound=0; hidden=0; nouse=0; global=0; static=0; extern=0; dir=0; type=0; pingpong=0; private_global=0; IO mode=ap_none:ce=0
Port [ ress_4]:  wired=1; compound=0; hidden=0; nouse=0; global=0; static=0; extern=0; dir=1; type=0; pingpong=0; private_global=0; IO mode=ap_vld:ce=0
Port [ p_read5]:  wired=1; compound=0; hidden=0; nouse=0; global=0; static=0; extern=0; dir=0; type=0; pingpong=0; private_global=0; IO mode=ap_none:ce=0
Port [ ress_5]:  wired=1; compound=0; hidden=0; nouse=0; global=0; static=0; extern=0; dir=1; type=0; pingpong=0; private_global=0; IO mode=ap_vld:ce=0
Port [ p_read6]:  wired=1; compound=0; hidden=0; nouse=0; global=0; static=0; extern=0; dir=0; type=0; pingpong=0; private_global=0; IO mode=ap_none:ce=0
Port [ ress_6]:  wired=1; compound=0; hidden=0; nouse=0; global=0; static=0; extern=0; dir=1; type=0; pingpong=0; private_global=0; IO mode=ap_vld:ce=0
Port [ p_read7]:  wired=1; compound=0; hidden=0; nouse=0; global=0; static=0; extern=0; dir=0; type=0; pingpong=0; private_global=0; IO mode=ap_none:ce=0
Port [ ress_7]:  wired=1; compound=0; hidden=0; nouse=0; global=0; static=0; extern=0; dir=1; type=0; pingpong=0; private_global=0; IO mode=ap_vld:ce=0
Port [ p_read8]:  wired=1; compound=0; hidden=0; nouse=0; global=0; static=0; extern=0; dir=0; type=0; pingpong=0; private_global=0; IO mode=ap_none:ce=0
Port [ ress_8]:  wired=1; compound=0; hidden=0; nouse=0; global=0; static=0; extern=0; dir=1; type=0; pingpong=0; private_global=0; IO mode=ap_vld:ce=0
Port [ p_read9]:  wired=1; compound=0; hidden=0; nouse=0; global=0; static=0; extern=0; dir=0; type=0; pingpong=0; private_global=0; IO mode=ap_none:ce=0
Port [ ress_9]:  wired=1; compound=0; hidden=0; nouse=0; global=0; static=0; extern=0; dir=1; type=0; pingpong=0; private_global=0; IO mode=ap_vld:ce=0
---------------- STG Properties END ------------------

---------------- Datapath Model BEGIN ----------------

<LifeTime>
<method=bitvector/>
p_read_2              (read          ) [ 0000]
p_read_3              (read          ) [ 0000]
p_read_4              (read          ) [ 0000]
p_read_5              (read          ) [ 0000]
p_read_6              (read          ) [ 0000]
p_read_7              (read          ) [ 0000]
p_read_8              (read          ) [ 0000]
p_read_9              (read          ) [ 0000]
p_read_10             (read          ) [ 0000]
p_read11              (read          ) [ 0000]
tmp_701_i             (icmp          ) [ 0011]
tmp_128               (bitselect     ) [ 0011]
tmp_V_i               (sub           ) [ 0000]
p_Val2_1_i            (select        ) [ 0010]
p_Result_17_i         (partselect    ) [ 0000]
p_Result_27_i         (bitconcatenate) [ 0000]
l_i                   (cttz          ) [ 0000]
tmp_741_i             (sub           ) [ 0010]
tmp_129               (trunc         ) [ 0010]
tmp_131               (trunc         ) [ 0010]
tmp_138               (trunc         ) [ 0011]
tmp_70_1_i            (icmp          ) [ 0011]
tmp_139               (bitselect     ) [ 0011]
tmp_V_1_i             (sub           ) [ 0000]
p_Val2_1_i_54         (select        ) [ 0010]
p_Result_17_1_i       (partselect    ) [ 0000]
p_Result_27_1_i       (bitconcatenate) [ 0000]
l_1_i                 (cttz          ) [ 0000]
tmp_74_1_i            (sub           ) [ 0010]
tmp_140               (trunc         ) [ 0010]
tmp_142               (trunc         ) [ 0010]
tmp_149               (trunc         ) [ 0011]
tmp_70_2_i            (icmp          ) [ 0011]
tmp_150               (bitselect     ) [ 0011]
tmp_V_2_i             (sub           ) [ 0000]
p_Val2_2_i            (select        ) [ 0010]
p_Result_17_2_i       (partselect    ) [ 0000]
p_Result_27_2_i       (bitconcatenate) [ 0000]
l_2_i                 (cttz          ) [ 0000]
tmp_74_2_i            (sub           ) [ 0010]
tmp_151               (trunc         ) [ 0010]
tmp_153               (trunc         ) [ 0010]
tmp_160               (trunc         ) [ 0011]
tmp_70_3_i            (icmp          ) [ 0011]
tmp_161               (bitselect     ) [ 0011]
tmp_V_3_i             (sub           ) [ 0000]
p_Val2_3_i            (select        ) [ 0010]
p_Result_17_3_i       (partselect    ) [ 0000]
p_Result_27_3_i       (bitconcatenate) [ 0000]
l_3_i                 (cttz          ) [ 0000]
tmp_74_3_i            (sub           ) [ 0010]
tmp_162               (trunc         ) [ 0010]
tmp_164               (trunc         ) [ 0010]
tmp_171               (trunc         ) [ 0011]
tmp_70_4_i            (icmp          ) [ 0011]
tmp_172               (bitselect     ) [ 0011]
tmp_V_4_i             (sub           ) [ 0000]
p_Val2_4_i            (select        ) [ 0010]
p_Result_17_4_i       (partselect    ) [ 0000]
p_Result_27_4_i       (bitconcatenate) [ 0000]
l_4_i                 (cttz          ) [ 0000]
tmp_74_4_i            (sub           ) [ 0010]
tmp_173               (trunc         ) [ 0010]
tmp_175               (trunc         ) [ 0010]
tmp_182               (trunc         ) [ 0011]
tmp_70_5_i            (icmp          ) [ 0011]
tmp_183               (bitselect     ) [ 0011]
tmp_V_5_i             (sub           ) [ 0000]
p_Val2_5_i            (select        ) [ 0010]
p_Result_17_5_i       (partselect    ) [ 0000]
p_Result_27_5_i       (bitconcatenate) [ 0000]
l_5_i                 (cttz          ) [ 0000]
tmp_74_5_i            (sub           ) [ 0010]
tmp_184               (trunc         ) [ 0010]
tmp_186               (trunc         ) [ 0010]
tmp_193               (trunc         ) [ 0011]
tmp_70_6_i            (icmp          ) [ 0011]
tmp_194               (bitselect     ) [ 0011]
tmp_V_6_i             (sub           ) [ 0000]
p_Val2_6_i            (select        ) [ 0010]
p_Result_17_6_i       (partselect    ) [ 0000]
p_Result_27_6_i       (bitconcatenate) [ 0000]
l_6_i                 (cttz          ) [ 0000]
tmp_74_6_i            (sub           ) [ 0010]
tmp_195               (trunc         ) [ 0010]
tmp_197               (trunc         ) [ 0010]
tmp_204               (trunc         ) [ 0011]
tmp_70_7_i            (icmp          ) [ 0011]
tmp_205               (bitselect     ) [ 0011]
tmp_V_7_i             (sub           ) [ 0000]
p_Val2_7_i            (select        ) [ 0010]
p_Result_17_7_i       (partselect    ) [ 0000]
p_Result_27_7_i       (bitconcatenate) [ 0000]
l_7_i                 (cttz          ) [ 0000]
tmp_74_7_i            (sub           ) [ 0010]
tmp_206               (trunc         ) [ 0010]
tmp_208               (trunc         ) [ 0010]
tmp_215               (trunc         ) [ 0011]
tmp_70_8_i            (icmp          ) [ 0011]
tmp_216               (bitselect     ) [ 0011]
tmp_V_8_i             (sub           ) [ 0000]
p_Val2_8_i            (select        ) [ 0010]
p_Result_17_8_i       (partselect    ) [ 0000]
p_Result_27_8_i       (bitconcatenate) [ 0000]
l_8_i                 (cttz          ) [ 0000]
tmp_74_8_i            (sub           ) [ 0010]
tmp_217               (trunc         ) [ 0010]
tmp_219               (trunc         ) [ 0010]
tmp_226               (trunc         ) [ 0011]
tmp_70_9_i            (icmp          ) [ 0011]
tmp_227               (bitselect     ) [ 0011]
tmp_V_9_i             (sub           ) [ 0000]
p_Val2_9_i            (select        ) [ 0010]
p_Result_17_9_i       (partselect    ) [ 0000]
p_Result_27_9_i       (bitconcatenate) [ 0000]
l_9_i                 (cttz          ) [ 0000]
tmp_74_9_i            (sub           ) [ 0010]
tmp_228               (trunc         ) [ 0010]
tmp_230               (trunc         ) [ 0010]
tmp_237               (trunc         ) [ 0011]
lsb_index_i           (add           ) [ 0000]
tmp_130               (partselect    ) [ 0000]
icmp                  (icmp          ) [ 0000]
tmp_132               (sub           ) [ 0000]
tmp_133               (zext          ) [ 0000]
tmp_134               (lshr          ) [ 0000]
tmp_135               (and           ) [ 0000]
tmp_77_i              (icmp          ) [ 0000]
a_i                   (and           ) [ 0000]
tmp_136               (bitselect     ) [ 0000]
rev                   (xor           ) [ 0000]
tmp_79_i              (add           ) [ 0000]
p_Result_20_i         (bitselect     ) [ 0000]
tmp_81_i              (and           ) [ 0000]
tmp_83_i              (or            ) [ 0000]
tmp_831_i             (bitconcatenate) [ 0000]
m_i                   (zext          ) [ 0000]
tmp_841_i             (icmp          ) [ 0000]
tmp_851_i             (add           ) [ 0000]
tmp_861_i             (lshr          ) [ 0000]
tmp_87_i              (sub           ) [ 0000]
tmp_88_i              (shl           ) [ 0000]
m_1_i                 (select        ) [ 0000]
m_2_i                 (add           ) [ 0000]
m_6_i                 (partselect    ) [ 0001]
tmp_137               (bitselect     ) [ 0001]
lsb_index_1_i         (add           ) [ 0000]
tmp_141               (partselect    ) [ 0000]
icmp1                 (icmp          ) [ 0000]
tmp_143               (sub           ) [ 0000]
tmp_144               (zext          ) [ 0000]
tmp_145               (lshr          ) [ 0000]
tmp_146               (and           ) [ 0000]
tmp_77_1_i            (icmp          ) [ 0000]
a_1_i                 (and           ) [ 0000]
tmp_147               (bitselect     ) [ 0000]
rev1                  (xor           ) [ 0000]
tmp_79_1_i            (add           ) [ 0000]
p_Result_20_1_i       (bitselect     ) [ 0000]
tmp_81_1_i            (and           ) [ 0000]
tmp_96_i              (or            ) [ 0000]
tmp_83_1_i            (bitconcatenate) [ 0000]
m_i_55                (zext          ) [ 0000]
tmp_84_1_i            (icmp          ) [ 0000]
tmp_85_1_i            (add           ) [ 0000]
tmp_86_1_i            (lshr          ) [ 0000]
tmp_87_1_i            (sub           ) [ 0000]
tmp_88_1_i            (shl           ) [ 0000]
m_1_1_i               (select        ) [ 0000]
m_2_1_i               (add           ) [ 0000]
m_6_1_i               (partselect    ) [ 0001]
tmp_148               (bitselect     ) [ 0001]
lsb_index_2_i         (add           ) [ 0000]
tmp_152               (partselect    ) [ 0000]
icmp2                 (icmp          ) [ 0000]
tmp_154               (sub           ) [ 0000]
tmp_155               (zext          ) [ 0000]
tmp_156               (lshr          ) [ 0000]
tmp_157               (and           ) [ 0000]
tmp_77_2_i            (icmp          ) [ 0000]
a_2_i                 (and           ) [ 0000]
tmp_158               (bitselect     ) [ 0000]
rev2                  (xor           ) [ 0000]
tmp_79_2_i            (add           ) [ 0000]
p_Result_20_2_i       (bitselect     ) [ 0000]
tmp_81_2_i            (and           ) [ 0000]
tmp_104_i             (or            ) [ 0000]
tmp_83_2_i            (bitconcatenate) [ 0000]
m_10_i                (zext          ) [ 0000]
tmp_84_2_i            (icmp          ) [ 0000]
tmp_85_2_i            (add           ) [ 0000]
tmp_86_2_i            (lshr          ) [ 0000]
tmp_87_2_i            (sub           ) [ 0000]
tmp_88_2_i            (shl           ) [ 0000]
m_1_2_i               (select        ) [ 0000]
m_2_2_i               (add           ) [ 0000]
m_6_2_i               (partselect    ) [ 0001]
tmp_159               (bitselect     ) [ 0001]
lsb_index_3_i         (add           ) [ 0000]
tmp_163               (partselect    ) [ 0000]
icmp3                 (icmp          ) [ 0000]
tmp_165               (sub           ) [ 0000]
tmp_166               (zext          ) [ 0000]
tmp_167               (lshr          ) [ 0000]
tmp_168               (and           ) [ 0000]
tmp_77_3_i            (icmp          ) [ 0000]
a_3_i                 (and           ) [ 0000]
tmp_169               (bitselect     ) [ 0000]
rev3                  (xor           ) [ 0000]
tmp_79_3_i            (add           ) [ 0000]
p_Result_20_3_i       (bitselect     ) [ 0000]
tmp_81_3_i            (and           ) [ 0000]
tmp_112_i             (or            ) [ 0000]
tmp_83_3_i            (bitconcatenate) [ 0000]
m_3_i                 (zext          ) [ 0000]
tmp_84_3_i            (icmp          ) [ 0000]
tmp_85_3_i            (add           ) [ 0000]
tmp_86_3_i            (lshr          ) [ 0000]
tmp_87_3_i            (sub           ) [ 0000]
tmp_88_3_i            (shl           ) [ 0000]
m_1_3_i               (select        ) [ 0000]
m_2_3_i               (add           ) [ 0000]
m_6_3_i               (partselect    ) [ 0001]
tmp_170               (bitselect     ) [ 0001]
lsb_index_4_i         (add           ) [ 0000]
tmp_174               (partselect    ) [ 0000]
icmp4                 (icmp          ) [ 0000]
tmp_176               (sub           ) [ 0000]
tmp_177               (zext          ) [ 0000]
tmp_178               (lshr          ) [ 0000]
tmp_179               (and           ) [ 0000]
tmp_77_4_i            (icmp          ) [ 0000]
a_4_i                 (and           ) [ 0000]
tmp_180               (bitselect     ) [ 0000]
rev4                  (xor           ) [ 0000]
tmp_79_4_i            (add           ) [ 0000]
p_Result_20_4_i       (bitselect     ) [ 0000]
tmp_81_4_i            (and           ) [ 0000]
tmp_120_i             (or            ) [ 0000]
tmp_83_4_i            (bitconcatenate) [ 0000]
m_4_i                 (zext          ) [ 0000]
tmp_84_4_i            (icmp          ) [ 0000]
tmp_85_4_i            (add           ) [ 0000]
tmp_86_4_i            (lshr          ) [ 0000]
tmp_87_4_i            (sub           ) [ 0000]
tmp_88_4_i            (shl           ) [ 0000]
m_1_4_i               (select        ) [ 0000]
m_2_4_i               (add           ) [ 0000]
m_6_4_i               (partselect    ) [ 0001]
tmp_181               (bitselect     ) [ 0001]
lsb_index_5_i         (add           ) [ 0000]
tmp_185               (partselect    ) [ 0000]
icmp5                 (icmp          ) [ 0000]
tmp_187               (sub           ) [ 0000]
tmp_188               (zext          ) [ 0000]
tmp_189               (lshr          ) [ 0000]
tmp_190               (and           ) [ 0000]
tmp_77_5_i            (icmp          ) [ 0000]
a_5_i                 (and           ) [ 0000]
tmp_191               (bitselect     ) [ 0000]
rev5                  (xor           ) [ 0000]
tmp_79_5_i            (add           ) [ 0000]
p_Result_20_5_i       (bitselect     ) [ 0000]
tmp_81_5_i            (and           ) [ 0000]
tmp_128_i             (or            ) [ 0000]
tmp_83_5_i            (bitconcatenate) [ 0000]
m_5_i                 (zext          ) [ 0000]
tmp_84_5_i            (icmp          ) [ 0000]
tmp_85_5_i            (add           ) [ 0000]
tmp_86_5_i            (lshr          ) [ 0000]
tmp_87_5_i            (sub           ) [ 0000]
tmp_88_5_i            (shl           ) [ 0000]
m_1_5_i               (select        ) [ 0000]
m_2_5_i               (add           ) [ 0000]
m_6_5_i               (partselect    ) [ 0001]
tmp_192               (bitselect     ) [ 0001]
lsb_index_6_i         (add           ) [ 0000]
tmp_196               (partselect    ) [ 0000]
icmp6                 (icmp          ) [ 0000]
tmp_198               (sub           ) [ 0000]
tmp_199               (zext          ) [ 0000]
tmp_200               (lshr          ) [ 0000]
tmp_201               (and           ) [ 0000]
tmp_77_6_i            (icmp          ) [ 0000]
a_6_i                 (and           ) [ 0000]
tmp_202               (bitselect     ) [ 0000]
rev6                  (xor           ) [ 0000]
tmp_79_6_i            (add           ) [ 0000]
p_Result_20_6_i       (bitselect     ) [ 0000]
tmp_81_6_i            (and           ) [ 0000]
tmp_136_i             (or            ) [ 0000]
tmp_83_6_i            (bitconcatenate) [ 0000]
m_11_i                (zext          ) [ 0000]
tmp_84_6_i            (icmp          ) [ 0000]
tmp_85_6_i            (add           ) [ 0000]
tmp_86_6_i            (lshr          ) [ 0000]
tmp_87_6_i            (sub           ) [ 0000]
tmp_88_6_i            (shl           ) [ 0000]
m_1_6_i               (select        ) [ 0000]
m_2_6_i               (add           ) [ 0000]
m_6_6_i               (partselect    ) [ 0001]
tmp_203               (bitselect     ) [ 0001]
lsb_index_7_i         (add           ) [ 0000]
tmp_207               (partselect    ) [ 0000]
icmp7                 (icmp          ) [ 0000]
tmp_209               (sub           ) [ 0000]
tmp_210               (zext          ) [ 0000]
tmp_211               (lshr          ) [ 0000]
tmp_212               (and           ) [ 0000]
tmp_77_7_i            (icmp          ) [ 0000]
a_7_i                 (and           ) [ 0000]
tmp_213               (bitselect     ) [ 0000]
rev7                  (xor           ) [ 0000]
tmp_79_7_i            (add           ) [ 0000]
p_Result_20_7_i       (bitselect     ) [ 0000]
tmp_81_7_i            (and           ) [ 0000]
tmp_144_i             (or            ) [ 0000]
tmp_83_7_i            (bitconcatenate) [ 0000]
m_7_i                 (zext          ) [ 0000]
tmp_84_7_i            (icmp          ) [ 0000]
tmp_85_7_i            (add           ) [ 0000]
tmp_86_7_i            (lshr          ) [ 0000]
tmp_87_7_i            (sub           ) [ 0000]
tmp_88_7_i            (shl           ) [ 0000]
m_1_7_i               (select        ) [ 0000]
m_2_7_i               (add           ) [ 0000]
m_6_7_i               (partselect    ) [ 0001]
tmp_214               (bitselect     ) [ 0001]
lsb_index_8_i         (add           ) [ 0000]
tmp_218               (partselect    ) [ 0000]
icmp8                 (icmp          ) [ 0000]
tmp_220               (sub           ) [ 0000]
tmp_221               (zext          ) [ 0000]
tmp_222               (lshr          ) [ 0000]
tmp_223               (and           ) [ 0000]
tmp_77_8_i            (icmp          ) [ 0000]
a_8_i                 (and           ) [ 0000]
tmp_224               (bitselect     ) [ 0000]
rev8                  (xor           ) [ 0000]
tmp_79_8_i            (add           ) [ 0000]
p_Result_20_8_i       (bitselect     ) [ 0000]
tmp_81_8_i            (and           ) [ 0000]
tmp_152_i             (or            ) [ 0000]
tmp_83_8_i            (bitconcatenate) [ 0000]
m_8_i                 (zext          ) [ 0000]
tmp_84_8_i            (icmp          ) [ 0000]
tmp_85_8_i            (add           ) [ 0000]
tmp_86_8_i            (lshr          ) [ 0000]
tmp_87_8_i            (sub           ) [ 0000]
tmp_88_8_i            (shl           ) [ 0000]
m_1_8_i               (select        ) [ 0000]
m_2_8_i               (add           ) [ 0000]
m_6_8_i               (partselect    ) [ 0001]
tmp_225               (bitselect     ) [ 0001]
lsb_index_9_i         (add           ) [ 0000]
tmp_229               (partselect    ) [ 0000]
icmp9                 (icmp          ) [ 0000]
tmp_231               (sub           ) [ 0000]
tmp_232               (zext          ) [ 0000]
tmp_233               (lshr          ) [ 0000]
tmp_234               (and           ) [ 0000]
tmp_77_9_i            (icmp          ) [ 0000]
a_9_i                 (and           ) [ 0000]
tmp_235               (bitselect     ) [ 0000]
rev9                  (xor           ) [ 0000]
tmp_79_9_i            (add           ) [ 0000]
p_Result_20_9_i       (bitselect     ) [ 0000]
tmp_81_9_i            (and           ) [ 0000]
tmp_160_i             (or            ) [ 0000]
tmp_83_9_i            (bitconcatenate) [ 0000]
m_9_i                 (zext          ) [ 0000]
tmp_84_9_i            (icmp          ) [ 0000]
tmp_85_9_i            (add           ) [ 0000]
tmp_86_9_i            (lshr          ) [ 0000]
tmp_87_9_i            (sub           ) [ 0000]
tmp_88_9_i            (shl           ) [ 0000]
m_1_9_i               (select        ) [ 0000]
m_2_9_i               (add           ) [ 0000]
m_6_9_i               (partselect    ) [ 0001]
tmp_236               (bitselect     ) [ 0001]
tmp                   (zext          ) [ 0000]
tmp_90_cast_i_cast_c  (select        ) [ 0000]
tmp_92_i              (sub           ) [ 0000]
p_Repl2_2_trunc_i     (add           ) [ 0000]
tmp_93_i              (bitconcatenate) [ 0000]
p_Result_29_i         (partset       ) [ 0000]
tmp_911_i             (bitcast       ) [ 0000]
p_1_i                 (select        ) [ 0000]
StgValue_392          (write         ) [ 0000]
tmp_59                (zext          ) [ 0000]
tmp_98_cast_i_cast_c  (select        ) [ 0000]
tmp_100_i             (sub           ) [ 0000]
p_Repl2_2_trunc_1_s   (add           ) [ 0000]
tmp_101_i             (bitconcatenate) [ 0000]
p_Result_29_1_i       (partset       ) [ 0000]
tmp_91_1_i            (bitcast       ) [ 0000]
p_1_i_56              (select        ) [ 0000]
StgValue_401          (write         ) [ 0000]
tmp_60                (zext          ) [ 0000]
tmp_106_cast_i_cast_s (select        ) [ 0000]
tmp_108_i             (sub           ) [ 0000]
p_Repl2_2_trunc_2_s   (add           ) [ 0000]
tmp_109_i             (bitconcatenate) [ 0000]
p_Result_29_2_i       (partset       ) [ 0000]
tmp_91_2_i            (bitcast       ) [ 0000]
p_2_i                 (select        ) [ 0000]
StgValue_410          (write         ) [ 0000]
tmp_61                (zext          ) [ 0000]
tmp_114_cast_i_cast_s (select        ) [ 0000]
tmp_116_i             (sub           ) [ 0000]
p_Repl2_2_trunc_3_s   (add           ) [ 0000]
tmp_117_i             (bitconcatenate) [ 0000]
p_Result_29_3_i       (partset       ) [ 0000]
tmp_91_3_i            (bitcast       ) [ 0000]
p_3_i                 (select        ) [ 0000]
StgValue_419          (write         ) [ 0000]
tmp_62                (zext          ) [ 0000]
tmp_122_cast_i_cast_s (select        ) [ 0000]
tmp_124_i             (sub           ) [ 0000]
p_Repl2_2_trunc_4_s   (add           ) [ 0000]
tmp_125_i             (bitconcatenate) [ 0000]
p_Result_29_4_i       (partset       ) [ 0000]
tmp_91_4_i            (bitcast       ) [ 0000]
p_4_i                 (select        ) [ 0000]
StgValue_428          (write         ) [ 0000]
tmp_63                (zext          ) [ 0000]
tmp_130_cast_i_cast_s (select        ) [ 0000]
tmp_132_i             (sub           ) [ 0000]
p_Repl2_2_trunc_5_s   (add           ) [ 0000]
tmp_133_i             (bitconcatenate) [ 0000]
p_Result_29_5_i       (partset       ) [ 0000]
tmp_91_5_i            (bitcast       ) [ 0000]
p_5_i                 (select        ) [ 0000]
StgValue_437          (write         ) [ 0000]
tmp_64                (zext          ) [ 0000]
tmp_138_cast_i_cast_s (select        ) [ 0000]
tmp_140_i             (sub           ) [ 0000]
p_Repl2_2_trunc_6_s   (add           ) [ 0000]
tmp_141_i             (bitconcatenate) [ 0000]
p_Result_29_6_i       (partset       ) [ 0000]
tmp_91_6_i            (bitcast       ) [ 0000]
p_6_i                 (select        ) [ 0000]
StgValue_446          (write         ) [ 0000]
tmp_65                (zext          ) [ 0000]
tmp_146_cast_i_cast_s (select        ) [ 0000]
tmp_148_i             (sub           ) [ 0000]
p_Repl2_2_trunc_7_s   (add           ) [ 0000]
tmp_149_i             (bitconcatenate) [ 0000]
p_Result_29_7_i       (partset       ) [ 0000]
tmp_91_7_i            (bitcast       ) [ 0000]
p_7_i                 (select        ) [ 0000]
StgValue_455          (write         ) [ 0000]
tmp_66                (zext          ) [ 0000]
tmp_154_cast_i_cast_s (select        ) [ 0000]
tmp_156_i             (sub           ) [ 0000]
p_Repl2_2_trunc_8_s   (add           ) [ 0000]
tmp_157_i             (bitconcatenate) [ 0000]
p_Result_29_8_i       (partset       ) [ 0000]
tmp_91_8_i            (bitcast       ) [ 0000]
p_8_i                 (select        ) [ 0000]
StgValue_464          (write         ) [ 0000]
tmp_67                (zext          ) [ 0000]
tmp_162_cast_i_cast_s (select        ) [ 0000]
tmp_164_i             (sub           ) [ 0000]
p_Repl2_2_trunc_9_s   (add           ) [ 0000]
tmp_165_i             (bitconcatenate) [ 0000]
p_Result_29_9_i       (partset       ) [ 0000]
tmp_91_9_i            (bitcast       ) [ 0000]
p_9_i                 (select        ) [ 0000]
StgValue_473          (write         ) [ 0000]
StgValue_474          (ret           ) [ 0000]
</LifeTime>

<model>

<comp_list>
<comp id="0" class="1000" name="p_read">
<pin_list>
<pin id="1" dir="1" index="0" bw="1" slack="0"/>
</pin_list>
<bind>
<StgValue><ssdm name="p_read"/></StgValue>
</bind>
</comp>

<comp id="2" class="1000" name="ress_0">
<pin_list>
<pin id="3" dir="1" index="0" bw="1" slack="0"/>
</pin_list>
<bind>
<StgValue><ssdm name="ress_0"/></StgValue>
</bind>
</comp>

<comp id="4" class="1000" name="p_read1">
<pin_list>
<pin id="5" dir="1" index="0" bw="1" slack="0"/>
</pin_list>
<bind>
<StgValue><ssdm name="p_read1"/></StgValue>
</bind>
</comp>

<comp id="6" class="1000" name="ress_1">
<pin_list>
<pin id="7" dir="1" index="0" bw="1" slack="0"/>
</pin_list>
<bind>
<StgValue><ssdm name="ress_1"/></StgValue>
</bind>
</comp>

<comp id="8" class="1000" name="p_read2">
<pin_list>
<pin id="9" dir="1" index="0" bw="1" slack="0"/>
</pin_list>
<bind>
<StgValue><ssdm name="p_read2"/></StgValue>
</bind>
</comp>

<comp id="10" class="1000" name="ress_2">
<pin_list>
<pin id="11" dir="1" index="0" bw="1" slack="0"/>
</pin_list>
<bind>
<StgValue><ssdm name="ress_2"/></StgValue>
</bind>
</comp>

<comp id="12" class="1000" name="p_read3">
<pin_list>
<pin id="13" dir="1" index="0" bw="1" slack="0"/>
</pin_list>
<bind>
<StgValue><ssdm name="p_read3"/></StgValue>
</bind>
</comp>

<comp id="14" class="1000" name="ress_3">
<pin_list>
<pin id="15" dir="1" index="0" bw="1" slack="0"/>
</pin_list>
<bind>
<StgValue><ssdm name="ress_3"/></StgValue>
</bind>
</comp>

<comp id="16" class="1000" name="p_read4">
<pin_list>
<pin id="17" dir="1" index="0" bw="1" slack="0"/>
</pin_list>
<bind>
<StgValue><ssdm name="p_read4"/></StgValue>
</bind>
</comp>

<comp id="18" class="1000" name="ress_4">
<pin_list>
<pin id="19" dir="1" index="0" bw="1" slack="0"/>
</pin_list>
<bind>
<StgValue><ssdm name="ress_4"/></StgValue>
</bind>
</comp>

<comp id="20" class="1000" name="p_read5">
<pin_list>
<pin id="21" dir="1" index="0" bw="1" slack="0"/>
</pin_list>
<bind>
<StgValue><ssdm name="p_read5"/></StgValue>
</bind>
</comp>

<comp id="22" class="1000" name="ress_5">
<pin_list>
<pin id="23" dir="1" index="0" bw="1" slack="0"/>
</pin_list>
<bind>
<StgValue><ssdm name="ress_5"/></StgValue>
</bind>
</comp>

<comp id="24" class="1000" name="p_read6">
<pin_list>
<pin id="25" dir="1" index="0" bw="1" slack="0"/>
</pin_list>
<bind>
<StgValue><ssdm name="p_read6"/></StgValue>
</bind>
</comp>

<comp id="26" class="1000" name="ress_6">
<pin_list>
<pin id="27" dir="1" index="0" bw="1" slack="0"/>
</pin_list>
<bind>
<StgValue><ssdm name="ress_6"/></StgValue>
</bind>
</comp>

<comp id="28" class="1000" name="p_read7">
<pin_list>
<pin id="29" dir="1" index="0" bw="1" slack="0"/>
</pin_list>
<bind>
<StgValue><ssdm name="p_read7"/></StgValue>
</bind>
</comp>

<comp id="30" class="1000" name="ress_7">
<pin_list>
<pin id="31" dir="1" index="0" bw="1" slack="0"/>
</pin_list>
<bind>
<StgValue><ssdm name="ress_7"/></StgValue>
</bind>
</comp>

<comp id="32" class="1000" name="p_read8">
<pin_list>
<pin id="33" dir="1" index="0" bw="1" slack="0"/>
</pin_list>
<bind>
<StgValue><ssdm name="p_read8"/></StgValue>
</bind>
</comp>

<comp id="34" class="1000" name="ress_8">
<pin_list>
<pin id="35" dir="1" index="0" bw="1" slack="0"/>
</pin_list>
<bind>
<StgValue><ssdm name="ress_8"/></StgValue>
</bind>
</comp>

<comp id="36" class="1000" name="p_read9">
<pin_list>
<pin id="37" dir="1" index="0" bw="1" slack="0"/>
</pin_list>
<bind>
<StgValue><ssdm name="p_read9"/></StgValue>
</bind>
</comp>

<comp id="38" class="1000" name="ress_9">
<pin_list>
<pin id="39" dir="1" index="0" bw="1" slack="0"/>
</pin_list>
<bind>
<StgValue><ssdm name="ress_9"/></StgValue>
</bind>
</comp>

<comp id="40" class="1001" name="const_40">
<pin_list>
<pin id="41" dir="1" index="0" bw="1" slack="0"/>
</pin_list>
<bind>
<StgValue><ssdm name="_ssdm_op_Read.ap_auto.i16"/></StgValue>
</bind>
</comp>

<comp id="42" class="1001" name="const_42">
<pin_list>
<pin id="43" dir="1" index="0" bw="1" slack="0"/>
</pin_list>
<bind>
<StgValue><ssdm name=""/></StgValue>
</bind>
</comp>

<comp id="44" class="1001" name="const_44">
<pin_list>
<pin id="45" dir="1" index="0" bw="1" slack="0"/>
</pin_list>
<bind>
<StgValue><ssdm name="_ssdm_op_BitSelect.i1.i16.i32"/></StgValue>
</bind>
</comp>

<comp id="46" class="1001" name="const_46">
<pin_list>
<pin id="47" dir="1" index="0" bw="1" slack="0"/>
</pin_list>
<bind>
<StgValue><ssdm name=""/></StgValue>
</bind>
</comp>

<comp id="48" class="1001" name="const_48">
<pin_list>
<pin id="49" dir="1" index="0" bw="1" slack="0"/>
</pin_list>
<bind>
<StgValue><ssdm name="llvm.part.select.i16"/></StgValue>
</bind>
</comp>

<comp id="50" class="1001" name="const_50">
<pin_list>
<pin id="51" dir="1" index="0" bw="1" slack="0"/>
</pin_list>
<bind>
<StgValue><ssdm name=""/></StgValue>
</bind>
</comp>

<comp id="52" class="1001" name="const_52">
<pin_list>
<pin id="53" dir="1" index="0" bw="1" slack="0"/>
</pin_list>
<bind>
<StgValue><ssdm name="_ssdm_op_BitConcatenate.i32.i16.i16"/></StgValue>
</bind>
</comp>

<comp id="54" class="1001" name="const_54">
<pin_list>
<pin id="55" dir="1" index="0" bw="1" slack="0"/>
</pin_list>
<bind>
<StgValue><ssdm name=""/></StgValue>
</bind>
</comp>

<comp id="56" class="1001" name="const_56">
<pin_list>
<pin id="57" dir="1" index="0" bw="1" slack="0"/>
</pin_list>
<bind>
<StgValue><ssdm name="llvm.cttz.i32"/></StgValue>
</bind>
</comp>

<comp id="58" class="1001" name="const_58">
<pin_list>
<pin id="59" dir="1" index="0" bw="1" slack="0"/>
</pin_list>
<bind>
<StgValue><ssdm name=""/></StgValue>
</bind>
</comp>

<comp id="60" class="1001" name="const_60">
<pin_list>
<pin id="61" dir="1" index="0" bw="1" slack="0"/>
</pin_list>
<bind>
<StgValue><ssdm name=""/></StgValue>
</bind>
</comp>

<comp id="62" class="1001" name="const_62">
<pin_list>
<pin id="63" dir="1" index="0" bw="1" slack="0"/>
</pin_list>
<bind>
<StgValue><ssdm name=""/></StgValue>
</bind>
</comp>

<comp id="64" class="1001" name="const_64">
<pin_list>
<pin id="65" dir="1" index="0" bw="1" slack="0"/>
</pin_list>
<bind>
<StgValue><ssdm name="_ssdm_op_PartSelect.i31.i32.i32.i32"/></StgValue>
</bind>
</comp>

<comp id="66" class="1001" name="const_66">
<pin_list>
<pin id="67" dir="1" index="0" bw="1" slack="0"/>
</pin_list>
<bind>
<StgValue><ssdm name=""/></StgValue>
</bind>
</comp>

<comp id="68" class="1001" name="const_68">
<pin_list>
<pin id="69" dir="1" index="0" bw="1" slack="0"/>
</pin_list>
<bind>
<StgValue><ssdm name=""/></StgValue>
</bind>
</comp>

<comp id="70" class="1001" name="const_70">
<pin_list>
<pin id="71" dir="1" index="0" bw="1" slack="0"/>
</pin_list>
<bind>
<StgValue><ssdm name=""/></StgValue>
</bind>
</comp>

<comp id="72" class="1001" name="const_72">
<pin_list>
<pin id="73" dir="1" index="0" bw="1" slack="0"/>
</pin_list>
<bind>
<StgValue><ssdm name=""/></StgValue>
</bind>
</comp>

<comp id="74" class="1001" name="const_74">
<pin_list>
<pin id="75" dir="1" index="0" bw="1" slack="0"/>
</pin_list>
<bind>
<StgValue><ssdm name="_ssdm_op_BitSelect.i1.i32.i32"/></StgValue>
</bind>
</comp>

<comp id="76" class="1001" name="const_76">
<pin_list>
<pin id="77" dir="1" index="0" bw="1" slack="0"/>
</pin_list>
<bind>
<StgValue><ssdm name=""/></StgValue>
</bind>
</comp>

<comp id="78" class="1001" name="const_78">
<pin_list>
<pin id="79" dir="1" index="0" bw="1" slack="0"/>
</pin_list>
<bind>
<StgValue><ssdm name="_ssdm_op_BitSelect.i1.i16.i16"/></StgValue>
</bind>
</comp>

<comp id="80" class="1001" name="const_80">
<pin_list>
<pin id="81" dir="1" index="0" bw="1" slack="0"/>
</pin_list>
<bind>
<StgValue><ssdm name="_ssdm_op_BitConcatenate.i32.i31.i1"/></StgValue>
</bind>
</comp>

<comp id="82" class="1001" name="const_82">
<pin_list>
<pin id="83" dir="1" index="0" bw="1" slack="0"/>
</pin_list>
<bind>
<StgValue><ssdm name=""/></StgValue>
</bind>
</comp>

<comp id="84" class="1001" name="const_84">
<pin_list>
<pin id="85" dir="1" index="0" bw="1" slack="0"/>
</pin_list>
<bind>
<StgValue><ssdm name=""/></StgValue>
</bind>
</comp>

<comp id="86" class="1001" name="const_86">
<pin_list>
<pin id="87" dir="1" index="0" bw="1" slack="0"/>
</pin_list>
<bind>
<StgValue><ssdm name=""/></StgValue>
</bind>
</comp>

<comp id="88" class="1001" name="const_88">
<pin_list>
<pin id="89" dir="1" index="0" bw="1" slack="0"/>
</pin_list>
<bind>
<StgValue><ssdm name=""/></StgValue>
</bind>
</comp>

<comp id="90" class="1001" name="const_90">
<pin_list>
<pin id="91" dir="1" index="0" bw="1" slack="0"/>
</pin_list>
<bind>
<StgValue><ssdm name=""/></StgValue>
</bind>
</comp>

<comp id="92" class="1001" name="const_92">
<pin_list>
<pin id="93" dir="1" index="0" bw="1" slack="0"/>
</pin_list>
<bind>
<StgValue><ssdm name="_ssdm_op_BitConcatenate.i9.i1.i8"/></StgValue>
</bind>
</comp>

<comp id="94" class="1001" name="const_94">
<pin_list>
<pin id="95" dir="1" index="0" bw="1" slack="0"/>
</pin_list>
<bind>
<StgValue><ssdm name="_ssdm_op_PartSet.i32.i32.i9.i32.i32"/></StgValue>
</bind>
</comp>

<comp id="96" class="1001" name="const_96">
<pin_list>
<pin id="97" dir="1" index="0" bw="1" slack="0"/>
</pin_list>
<bind>
<StgValue><ssdm name=""/></StgValue>
</bind>
</comp>

<comp id="98" class="1001" name="const_98">
<pin_list>
<pin id="99" dir="1" index="0" bw="1" slack="0"/>
</pin_list>
<bind>
<StgValue><ssdm name=""/></StgValue>
</bind>
</comp>

<comp id="100" class="1001" name="const_100">
<pin_list>
<pin id="101" dir="1" index="0" bw="1" slack="0"/>
</pin_list>
<bind>
<StgValue><ssdm name="_ssdm_op_Write.ap_auto.floatP"/></StgValue>
</bind>
</comp>

<comp id="102" class="1004" name="p_read_2_read_fu_102">
<pin_list>
<pin id="103" dir="0" index="0" bw="16" slack="0"/>
<pin id="104" dir="0" index="1" bw="16" slack="0"/>
<pin id="105" dir="1" index="2" bw="16" slack="0"/>
</pin_list>
<bind>
<opcode="read(1150) " fcode="read"/>
<opset="p_read_2/1 "/>
</bind>
</comp>

<comp id="108" class="1004" name="p_read_3_read_fu_108">
<pin_list>
<pin id="109" dir="0" index="0" bw="16" slack="0"/>
<pin id="110" dir="0" index="1" bw="16" slack="0"/>
<pin id="111" dir="1" index="2" bw="16" slack="0"/>
</pin_list>
<bind>
<opcode="read(1150) " fcode="read"/>
<opset="p_read_3/1 "/>
</bind>
</comp>

<comp id="114" class="1004" name="p_read_4_read_fu_114">
<pin_list>
<pin id="115" dir="0" index="0" bw="16" slack="0"/>
<pin id="116" dir="0" index="1" bw="16" slack="0"/>
<pin id="117" dir="1" index="2" bw="16" slack="0"/>
</pin_list>
<bind>
<opcode="read(1150) " fcode="read"/>
<opset="p_read_4/1 "/>
</bind>
</comp>

<comp id="120" class="1004" name="p_read_5_read_fu_120">
<pin_list>
<pin id="121" dir="0" index="0" bw="16" slack="0"/>
<pin id="122" dir="0" index="1" bw="16" slack="0"/>
<pin id="123" dir="1" index="2" bw="16" slack="0"/>
</pin_list>
<bind>
<opcode="read(1150) " fcode="read"/>
<opset="p_read_5/1 "/>
</bind>
</comp>

<comp id="126" class="1004" name="p_read_6_read_fu_126">
<pin_list>
<pin id="127" dir="0" index="0" bw="16" slack="0"/>
<pin id="128" dir="0" index="1" bw="16" slack="0"/>
<pin id="129" dir="1" index="2" bw="16" slack="0"/>
</pin_list>
<bind>
<opcode="read(1150) " fcode="read"/>
<opset="p_read_6/1 "/>
</bind>
</comp>

<comp id="132" class="1004" name="p_read_7_read_fu_132">
<pin_list>
<pin id="133" dir="0" index="0" bw="16" slack="0"/>
<pin id="134" dir="0" index="1" bw="16" slack="0"/>
<pin id="135" dir="1" index="2" bw="16" slack="0"/>
</pin_list>
<bind>
<opcode="read(1150) " fcode="read"/>
<opset="p_read_7/1 "/>
</bind>
</comp>

<comp id="138" class="1004" name="p_read_8_read_fu_138">
<pin_list>
<pin id="139" dir="0" index="0" bw="16" slack="0"/>
<pin id="140" dir="0" index="1" bw="16" slack="0"/>
<pin id="141" dir="1" index="2" bw="16" slack="0"/>
</pin_list>
<bind>
<opcode="read(1150) " fcode="read"/>
<opset="p_read_8/1 "/>
</bind>
</comp>

<comp id="144" class="1004" name="p_read_9_read_fu_144">
<pin_list>
<pin id="145" dir="0" index="0" bw="16" slack="0"/>
<pin id="146" dir="0" index="1" bw="16" slack="0"/>
<pin id="147" dir="1" index="2" bw="16" slack="0"/>
</pin_list>
<bind>
<opcode="read(1150) " fcode="read"/>
<opset="p_read_9/1 "/>
</bind>
</comp>

<comp id="150" class="1004" name="p_read_10_read_fu_150">
<pin_list>
<pin id="151" dir="0" index="0" bw="16" slack="0"/>
<pin id="152" dir="0" index="1" bw="16" slack="0"/>
<pin id="153" dir="1" index="2" bw="16" slack="0"/>
</pin_list>
<bind>
<opcode="read(1150) " fcode="read"/>
<opset="p_read_10/1 "/>
</bind>
</comp>

<comp id="156" class="1004" name="p_read11_read_fu_156">
<pin_list>
<pin id="157" dir="0" index="0" bw="16" slack="0"/>
<pin id="158" dir="0" index="1" bw="16" slack="0"/>
<pin id="159" dir="1" index="2" bw="16" slack="0"/>
</pin_list>
<bind>
<opcode="read(1150) " fcode="read"/>
<opset="p_read11/1 "/>
</bind>
</comp>

<comp id="162" class="1004" name="StgValue_392_write_fu_162">
<pin_list>
<pin id="163" dir="0" index="0" bw="0" slack="0"/>
<pin id="164" dir="0" index="1" bw="32" slack="0"/>
<pin id="165" dir="0" index="2" bw="32" slack="0"/>
<pin id="166" dir="1" index="3" bw="0" slack="2147483647"/>
</pin_list>
<bind>
<opcode="write(1151) " fcode="write"/>
<opset="StgValue_392/3 "/>
</bind>
</comp>

<comp id="169" class="1004" name="StgValue_401_write_fu_169">
<pin_list>
<pin id="170" dir="0" index="0" bw="0" slack="0"/>
<pin id="171" dir="0" index="1" bw="32" slack="0"/>
<pin id="172" dir="0" index="2" bw="32" slack="0"/>
<pin id="173" dir="1" index="3" bw="0" slack="2147483647"/>
</pin_list>
<bind>
<opcode="write(1151) " fcode="write"/>
<opset="StgValue_401/3 "/>
</bind>
</comp>

<comp id="176" class="1004" name="StgValue_410_write_fu_176">
<pin_list>
<pin id="177" dir="0" index="0" bw="0" slack="0"/>
<pin id="178" dir="0" index="1" bw="32" slack="0"/>
<pin id="179" dir="0" index="2" bw="32" slack="0"/>
<pin id="180" dir="1" index="3" bw="0" slack="2147483647"/>
</pin_list>
<bind>
<opcode="write(1151) " fcode="write"/>
<opset="StgValue_410/3 "/>
</bind>
</comp>

<comp id="183" class="1004" name="StgValue_419_write_fu_183">
<pin_list>
<pin id="184" dir="0" index="0" bw="0" slack="0"/>
<pin id="185" dir="0" index="1" bw="32" slack="0"/>
<pin id="186" dir="0" index="2" bw="32" slack="0"/>
<pin id="187" dir="1" index="3" bw="0" slack="2147483647"/>
</pin_list>
<bind>
<opcode="write(1151) " fcode="write"/>
<opset="StgValue_419/3 "/>
</bind>
</comp>

<comp id="190" class="1004" name="StgValue_428_write_fu_190">
<pin_list>
<pin id="191" dir="0" index="0" bw="0" slack="0"/>
<pin id="192" dir="0" index="1" bw="32" slack="0"/>
<pin id="193" dir="0" index="2" bw="32" slack="0"/>
<pin id="194" dir="1" index="3" bw="0" slack="2147483647"/>
</pin_list>
<bind>
<opcode="write(1151) " fcode="write"/>
<opset="StgValue_428/3 "/>
</bind>
</comp>

<comp id="197" class="1004" name="StgValue_437_write_fu_197">
<pin_list>
<pin id="198" dir="0" index="0" bw="0" slack="0"/>
<pin id="199" dir="0" index="1" bw="32" slack="0"/>
<pin id="200" dir="0" index="2" bw="32" slack="0"/>
<pin id="201" dir="1" index="3" bw="0" slack="2147483647"/>
</pin_list>
<bind>
<opcode="write(1151) " fcode="write"/>
<opset="StgValue_437/3 "/>
</bind>
</comp>

<comp id="204" class="1004" name="StgValue_446_write_fu_204">
<pin_list>
<pin id="205" dir="0" index="0" bw="0" slack="0"/>
<pin id="206" dir="0" index="1" bw="32" slack="0"/>
<pin id="207" dir="0" index="2" bw="32" slack="0"/>
<pin id="208" dir="1" index="3" bw="0" slack="2147483647"/>
</pin_list>
<bind>
<opcode="write(1151) " fcode="write"/>
<opset="StgValue_446/3 "/>
</bind>
</comp>

<comp id="211" class="1004" name="StgValue_455_write_fu_211">
<pin_list>
<pin id="212" dir="0" index="0" bw="0" slack="0"/>
<pin id="213" dir="0" index="1" bw="32" slack="0"/>
<pin id="214" dir="0" index="2" bw="32" slack="0"/>
<pin id="215" dir="1" index="3" bw="0" slack="2147483647"/>
</pin_list>
<bind>
<opcode="write(1151) " fcode="write"/>
<opset="StgValue_455/3 "/>
</bind>
</comp>

<comp id="218" class="1004" name="StgValue_464_write_fu_218">
<pin_list>
<pin id="219" dir="0" index="0" bw="0" slack="0"/>
<pin id="220" dir="0" index="1" bw="32" slack="0"/>
<pin id="221" dir="0" index="2" bw="32" slack="0"/>
<pin id="222" dir="1" index="3" bw="0" slack="2147483647"/>
</pin_list>
<bind>
<opcode="write(1151) " fcode="write"/>
<opset="StgValue_464/3 "/>
</bind>
</comp>

<comp id="225" class="1004" name="StgValue_473_write_fu_225">
<pin_list>
<pin id="226" dir="0" index="0" bw="0" slack="0"/>
<pin id="227" dir="0" index="1" bw="32" slack="0"/>
<pin id="228" dir="0" index="2" bw="32" slack="0"/>
<pin id="229" dir="1" index="3" bw="0" slack="2147483647"/>
</pin_list>
<bind>
<opcode="write(1151) " fcode="write"/>
<opset="StgValue_473/3 "/>
</bind>
</comp>

<comp id="232" class="1004" name="tmp_701_i_fu_232">
<pin_list>
<pin id="233" dir="0" index="0" bw="16" slack="0"/>
<pin id="234" dir="0" index="1" bw="16" slack="0"/>
<pin id="235" dir="1" index="2" bw="1" slack="1"/>
</pin_list>
<bind>
<opcode="icmp(45) " fcode="icmp"/>
<opset="tmp_701_i/1 "/>
</bind>
</comp>

<comp id="238" class="1004" name="tmp_128_fu_238">
<pin_list>
<pin id="239" dir="0" index="0" bw="1" slack="0"/>
<pin id="240" dir="0" index="1" bw="16" slack="0"/>
<pin id="241" dir="0" index="2" bw="5" slack="0"/>
<pin id="242" dir="1" index="3" bw="1" slack="0"/>
</pin_list>
<bind>
<opcode="bitselect(1000) " fcode="bitselect"/>
<opset="tmp_128/1 "/>
</bind>
</comp>

<comp id="246" class="1004" name="tmp_V_i_fu_246">
<pin_list>
<pin id="247" dir="0" index="0" bw="1" slack="0"/>
<pin id="248" dir="0" index="1" bw="16" slack="0"/>
<pin id="249" dir="1" index="2" bw="16" slack="0"/>
</pin_list>
<bind>
<opcode="sub(10) " fcode="sub"/>
<opset="tmp_V_i/1 "/>
</bind>
</comp>

<comp id="252" class="1004" name="p_Val2_1_i_fu_252">
<pin_list>
<pin id="253" dir="0" index="0" bw="1" slack="0"/>
<pin id="254" dir="0" index="1" bw="16" slack="0"/>
<pin id="255" dir="0" index="2" bw="16" slack="0"/>
<pin id="256" dir="1" index="3" bw="16" slack="0"/>
</pin_list>
<bind>
<opcode="select(49) " fcode="select"/>
<opset="p_Val2_1_i/1 "/>
</bind>
</comp>

<comp id="260" class="1004" name="p_Result_17_i_fu_260">
<pin_list>
<pin id="261" dir="0" index="0" bw="16" slack="0"/>
<pin id="262" dir="0" index="1" bw="16" slack="0"/>
<pin id="263" dir="0" index="2" bw="5" slack="0"/>
<pin id="264" dir="0" index="3" bw="1" slack="0"/>
<pin id="265" dir="1" index="4" bw="16" slack="0"/>
</pin_list>
<bind>
<opcode="partselect(1002) " fcode="partselect"/>
<opset="p_Result_17_i/1 "/>
</bind>
</comp>

<comp id="270" class="1004" name="p_Result_27_i_fu_270">
<pin_list>
<pin id="271" dir="0" index="0" bw="32" slack="0"/>
<pin id="272" dir="0" index="1" bw="1" slack="0"/>
<pin id="273" dir="0" index="2" bw="16" slack="0"/>
<pin id="274" dir="1" index="3" bw="32" slack="0"/>
</pin_list>
<bind>
<opcode="bitconcatenate(1004) " fcode="bitconcatenate"/>
<opset="p_Result_27_i/1 "/>
</bind>
</comp>

<comp id="278" class="1004" name="l_i_fu_278">
<pin_list>
<pin id="279" dir="0" index="0" bw="32" slack="0"/>
<pin id="280" dir="0" index="1" bw="32" slack="0"/>
<pin id="281" dir="0" index="2" bw="1" slack="0"/>
<pin id="282" dir="1" index="3" bw="32" slack="0"/>
</pin_list>
<bind>
<opcode="cttz(524) " fcode="cttz"/>
<opset="l_i/1 "/>
</bind>
</comp>

<comp id="286" class="1004" name="tmp_741_i_fu_286">
<pin_list>
<pin id="287" dir="0" index="0" bw="6" slack="0"/>
<pin id="288" dir="0" index="1" bw="32" slack="0"/>
<pin id="289" dir="1" index="2" bw="32" slack="0"/>
</pin_list>
<bind>
<opcode="sub(10) " fcode="sub"/>
<opset="tmp_741_i/1 "/>
</bind>
</comp>

<comp id="292" class="1004" name="tmp_129_fu_292">
<pin_list>
<pin id="293" dir="0" index="0" bw="32" slack="0"/>
<pin id="294" dir="1" index="1" bw="16" slack="1"/>
</pin_list>
<bind>
<opcode="trunc(33) " fcode="trunc"/>
<opset="tmp_129/1 "/>
</bind>
</comp>

<comp id="296" class="1004" name="tmp_131_fu_296">
<pin_list>
<pin id="297" dir="0" index="0" bw="32" slack="0"/>
<pin id="298" dir="1" index="1" bw="5" slack="1"/>
</pin_list>
<bind>
<opcode="trunc(33) " fcode="trunc"/>
<opset="tmp_131/1 "/>
</bind>
</comp>

<comp id="300" class="1004" name="tmp_138_fu_300">
<pin_list>
<pin id="301" dir="0" index="0" bw="32" slack="0"/>
<pin id="302" dir="1" index="1" bw="8" slack="2"/>
</pin_list>
<bind>
<opcode="trunc(33) " fcode="trunc"/>
<opset="tmp_138/1 "/>
</bind>
</comp>

<comp id="304" class="1004" name="tmp_70_1_i_fu_304">
<pin_list>
<pin id="305" dir="0" index="0" bw="16" slack="0"/>
<pin id="306" dir="0" index="1" bw="16" slack="0"/>
<pin id="307" dir="1" index="2" bw="1" slack="1"/>
</pin_list>
<bind>
<opcode="icmp(45) " fcode="icmp"/>
<opset="tmp_70_1_i/1 "/>
</bind>
</comp>

<comp id="310" class="1004" name="tmp_139_fu_310">
<pin_list>
<pin id="311" dir="0" index="0" bw="1" slack="0"/>
<pin id="312" dir="0" index="1" bw="16" slack="0"/>
<pin id="313" dir="0" index="2" bw="5" slack="0"/>
<pin id="314" dir="1" index="3" bw="1" slack="0"/>
</pin_list>
<bind>
<opcode="bitselect(1000) " fcode="bitselect"/>
<opset="tmp_139/1 "/>
</bind>
</comp>

<comp id="318" class="1004" name="tmp_V_1_i_fu_318">
<pin_list>
<pin id="319" dir="0" index="0" bw="1" slack="0"/>
<pin id="320" dir="0" index="1" bw="16" slack="0"/>
<pin id="321" dir="1" index="2" bw="16" slack="0"/>
</pin_list>
<bind>
<opcode="sub(10) " fcode="sub"/>
<opset="tmp_V_1_i/1 "/>
</bind>
</comp>

<comp id="324" class="1004" name="p_Val2_1_i_54_fu_324">
<pin_list>
<pin id="325" dir="0" index="0" bw="1" slack="0"/>
<pin id="326" dir="0" index="1" bw="16" slack="0"/>
<pin id="327" dir="0" index="2" bw="16" slack="0"/>
<pin id="328" dir="1" index="3" bw="16" slack="0"/>
</pin_list>
<bind>
<opcode="select(49) " fcode="select"/>
<opset="p_Val2_1_i_54/1 "/>
</bind>
</comp>

<comp id="332" class="1004" name="p_Result_17_1_i_fu_332">
<pin_list>
<pin id="333" dir="0" index="0" bw="16" slack="0"/>
<pin id="334" dir="0" index="1" bw="16" slack="0"/>
<pin id="335" dir="0" index="2" bw="5" slack="0"/>
<pin id="336" dir="0" index="3" bw="1" slack="0"/>
<pin id="337" dir="1" index="4" bw="16" slack="0"/>
</pin_list>
<bind>
<opcode="partselect(1002) " fcode="partselect"/>
<opset="p_Result_17_1_i/1 "/>
</bind>
</comp>

<comp id="342" class="1004" name="p_Result_27_1_i_fu_342">
<pin_list>
<pin id="343" dir="0" index="0" bw="32" slack="0"/>
<pin id="344" dir="0" index="1" bw="1" slack="0"/>
<pin id="345" dir="0" index="2" bw="16" slack="0"/>
<pin id="346" dir="1" index="3" bw="32" slack="0"/>
</pin_list>
<bind>
<opcode="bitconcatenate(1004) " fcode="bitconcatenate"/>
<opset="p_Result_27_1_i/1 "/>
</bind>
</comp>

<comp id="350" class="1004" name="l_1_i_fu_350">
<pin_list>
<pin id="351" dir="0" index="0" bw="32" slack="0"/>
<pin id="352" dir="0" index="1" bw="32" slack="0"/>
<pin id="353" dir="0" index="2" bw="1" slack="0"/>
<pin id="354" dir="1" index="3" bw="32" slack="0"/>
</pin_list>
<bind>
<opcode="cttz(524) " fcode="cttz"/>
<opset="l_1_i/1 "/>
</bind>
</comp>

<comp id="358" class="1004" name="tmp_74_1_i_fu_358">
<pin_list>
<pin id="359" dir="0" index="0" bw="6" slack="0"/>
<pin id="360" dir="0" index="1" bw="32" slack="0"/>
<pin id="361" dir="1" index="2" bw="32" slack="0"/>
</pin_list>
<bind>
<opcode="sub(10) " fcode="sub"/>
<opset="tmp_74_1_i/1 "/>
</bind>
</comp>

<comp id="364" class="1004" name="tmp_140_fu_364">
<pin_list>
<pin id="365" dir="0" index="0" bw="32" slack="0"/>
<pin id="366" dir="1" index="1" bw="16" slack="1"/>
</pin_list>
<bind>
<opcode="trunc(33) " fcode="trunc"/>
<opset="tmp_140/1 "/>
</bind>
</comp>

<comp id="368" class="1004" name="tmp_142_fu_368">
<pin_list>
<pin id="369" dir="0" index="0" bw="32" slack="0"/>
<pin id="370" dir="1" index="1" bw="5" slack="1"/>
</pin_list>
<bind>
<opcode="trunc(33) " fcode="trunc"/>
<opset="tmp_142/1 "/>
</bind>
</comp>

<comp id="372" class="1004" name="tmp_149_fu_372">
<pin_list>
<pin id="373" dir="0" index="0" bw="32" slack="0"/>
<pin id="374" dir="1" index="1" bw="8" slack="2"/>
</pin_list>
<bind>
<opcode="trunc(33) " fcode="trunc"/>
<opset="tmp_149/1 "/>
</bind>
</comp>

<comp id="376" class="1004" name="tmp_70_2_i_fu_376">
<pin_list>
<pin id="377" dir="0" index="0" bw="16" slack="0"/>
<pin id="378" dir="0" index="1" bw="16" slack="0"/>
<pin id="379" dir="1" index="2" bw="1" slack="1"/>
</pin_list>
<bind>
<opcode="icmp(45) " fcode="icmp"/>
<opset="tmp_70_2_i/1 "/>
</bind>
</comp>

<comp id="382" class="1004" name="tmp_150_fu_382">
<pin_list>
<pin id="383" dir="0" index="0" bw="1" slack="0"/>
<pin id="384" dir="0" index="1" bw="16" slack="0"/>
<pin id="385" dir="0" index="2" bw="5" slack="0"/>
<pin id="386" dir="1" index="3" bw="1" slack="0"/>
</pin_list>
<bind>
<opcode="bitselect(1000) " fcode="bitselect"/>
<opset="tmp_150/1 "/>
</bind>
</comp>

<comp id="390" class="1004" name="tmp_V_2_i_fu_390">
<pin_list>
<pin id="391" dir="0" index="0" bw="1" slack="0"/>
<pin id="392" dir="0" index="1" bw="16" slack="0"/>
<pin id="393" dir="1" index="2" bw="16" slack="0"/>
</pin_list>
<bind>
<opcode="sub(10) " fcode="sub"/>
<opset="tmp_V_2_i/1 "/>
</bind>
</comp>

<comp id="396" class="1004" name="p_Val2_2_i_fu_396">
<pin_list>
<pin id="397" dir="0" index="0" bw="1" slack="0"/>
<pin id="398" dir="0" index="1" bw="16" slack="0"/>
<pin id="399" dir="0" index="2" bw="16" slack="0"/>
<pin id="400" dir="1" index="3" bw="16" slack="0"/>
</pin_list>
<bind>
<opcode="select(49) " fcode="select"/>
<opset="p_Val2_2_i/1 "/>
</bind>
</comp>

<comp id="404" class="1004" name="p_Result_17_2_i_fu_404">
<pin_list>
<pin id="405" dir="0" index="0" bw="16" slack="0"/>
<pin id="406" dir="0" index="1" bw="16" slack="0"/>
<pin id="407" dir="0" index="2" bw="5" slack="0"/>
<pin id="408" dir="0" index="3" bw="1" slack="0"/>
<pin id="409" dir="1" index="4" bw="16" slack="0"/>
</pin_list>
<bind>
<opcode="partselect(1002) " fcode="partselect"/>
<opset="p_Result_17_2_i/1 "/>
</bind>
</comp>

<comp id="414" class="1004" name="p_Result_27_2_i_fu_414">
<pin_list>
<pin id="415" dir="0" index="0" bw="32" slack="0"/>
<pin id="416" dir="0" index="1" bw="1" slack="0"/>
<pin id="417" dir="0" index="2" bw="16" slack="0"/>
<pin id="418" dir="1" index="3" bw="32" slack="0"/>
</pin_list>
<bind>
<opcode="bitconcatenate(1004) " fcode="bitconcatenate"/>
<opset="p_Result_27_2_i/1 "/>
</bind>
</comp>

<comp id="422" class="1004" name="l_2_i_fu_422">
<pin_list>
<pin id="423" dir="0" index="0" bw="32" slack="0"/>
<pin id="424" dir="0" index="1" bw="32" slack="0"/>
<pin id="425" dir="0" index="2" bw="1" slack="0"/>
<pin id="426" dir="1" index="3" bw="32" slack="0"/>
</pin_list>
<bind>
<opcode="cttz(524) " fcode="cttz"/>
<opset="l_2_i/1 "/>
</bind>
</comp>

<comp id="430" class="1004" name="tmp_74_2_i_fu_430">
<pin_list>
<pin id="431" dir="0" index="0" bw="6" slack="0"/>
<pin id="432" dir="0" index="1" bw="32" slack="0"/>
<pin id="433" dir="1" index="2" bw="32" slack="0"/>
</pin_list>
<bind>
<opcode="sub(10) " fcode="sub"/>
<opset="tmp_74_2_i/1 "/>
</bind>
</comp>

<comp id="436" class="1004" name="tmp_151_fu_436">
<pin_list>
<pin id="437" dir="0" index="0" bw="32" slack="0"/>
<pin id="438" dir="1" index="1" bw="16" slack="1"/>
</pin_list>
<bind>
<opcode="trunc(33) " fcode="trunc"/>
<opset="tmp_151/1 "/>
</bind>
</comp>

<comp id="440" class="1004" name="tmp_153_fu_440">
<pin_list>
<pin id="441" dir="0" index="0" bw="32" slack="0"/>
<pin id="442" dir="1" index="1" bw="5" slack="1"/>
</pin_list>
<bind>
<opcode="trunc(33) " fcode="trunc"/>
<opset="tmp_153/1 "/>
</bind>
</comp>

<comp id="444" class="1004" name="tmp_160_fu_444">
<pin_list>
<pin id="445" dir="0" index="0" bw="32" slack="0"/>
<pin id="446" dir="1" index="1" bw="8" slack="2"/>
</pin_list>
<bind>
<opcode="trunc(33) " fcode="trunc"/>
<opset="tmp_160/1 "/>
</bind>
</comp>

<comp id="448" class="1004" name="tmp_70_3_i_fu_448">
<pin_list>
<pin id="449" dir="0" index="0" bw="16" slack="0"/>
<pin id="450" dir="0" index="1" bw="16" slack="0"/>
<pin id="451" dir="1" index="2" bw="1" slack="1"/>
</pin_list>
<bind>
<opcode="icmp(45) " fcode="icmp"/>
<opset="tmp_70_3_i/1 "/>
</bind>
</comp>

<comp id="454" class="1004" name="tmp_161_fu_454">
<pin_list>
<pin id="455" dir="0" index="0" bw="1" slack="0"/>
<pin id="456" dir="0" index="1" bw="16" slack="0"/>
<pin id="457" dir="0" index="2" bw="5" slack="0"/>
<pin id="458" dir="1" index="3" bw="1" slack="0"/>
</pin_list>
<bind>
<opcode="bitselect(1000) " fcode="bitselect"/>
<opset="tmp_161/1 "/>
</bind>
</comp>

<comp id="462" class="1004" name="tmp_V_3_i_fu_462">
<pin_list>
<pin id="463" dir="0" index="0" bw="1" slack="0"/>
<pin id="464" dir="0" index="1" bw="16" slack="0"/>
<pin id="465" dir="1" index="2" bw="16" slack="0"/>
</pin_list>
<bind>
<opcode="sub(10) " fcode="sub"/>
<opset="tmp_V_3_i/1 "/>
</bind>
</comp>

<comp id="468" class="1004" name="p_Val2_3_i_fu_468">
<pin_list>
<pin id="469" dir="0" index="0" bw="1" slack="0"/>
<pin id="470" dir="0" index="1" bw="16" slack="0"/>
<pin id="471" dir="0" index="2" bw="16" slack="0"/>
<pin id="472" dir="1" index="3" bw="16" slack="0"/>
</pin_list>
<bind>
<opcode="select(49) " fcode="select"/>
<opset="p_Val2_3_i/1 "/>
</bind>
</comp>

<comp id="476" class="1004" name="p_Result_17_3_i_fu_476">
<pin_list>
<pin id="477" dir="0" index="0" bw="16" slack="0"/>
<pin id="478" dir="0" index="1" bw="16" slack="0"/>
<pin id="479" dir="0" index="2" bw="5" slack="0"/>
<pin id="480" dir="0" index="3" bw="1" slack="0"/>
<pin id="481" dir="1" index="4" bw="16" slack="0"/>
</pin_list>
<bind>
<opcode="partselect(1002) " fcode="partselect"/>
<opset="p_Result_17_3_i/1 "/>
</bind>
</comp>

<comp id="486" class="1004" name="p_Result_27_3_i_fu_486">
<pin_list>
<pin id="487" dir="0" index="0" bw="32" slack="0"/>
<pin id="488" dir="0" index="1" bw="1" slack="0"/>
<pin id="489" dir="0" index="2" bw="16" slack="0"/>
<pin id="490" dir="1" index="3" bw="32" slack="0"/>
</pin_list>
<bind>
<opcode="bitconcatenate(1004) " fcode="bitconcatenate"/>
<opset="p_Result_27_3_i/1 "/>
</bind>
</comp>

<comp id="494" class="1004" name="l_3_i_fu_494">
<pin_list>
<pin id="495" dir="0" index="0" bw="32" slack="0"/>
<pin id="496" dir="0" index="1" bw="32" slack="0"/>
<pin id="497" dir="0" index="2" bw="1" slack="0"/>
<pin id="498" dir="1" index="3" bw="32" slack="0"/>
</pin_list>
<bind>
<opcode="cttz(524) " fcode="cttz"/>
<opset="l_3_i/1 "/>
</bind>
</comp>

<comp id="502" class="1004" name="tmp_74_3_i_fu_502">
<pin_list>
<pin id="503" dir="0" index="0" bw="6" slack="0"/>
<pin id="504" dir="0" index="1" bw="32" slack="0"/>
<pin id="505" dir="1" index="2" bw="32" slack="0"/>
</pin_list>
<bind>
<opcode="sub(10) " fcode="sub"/>
<opset="tmp_74_3_i/1 "/>
</bind>
</comp>

<comp id="508" class="1004" name="tmp_162_fu_508">
<pin_list>
<pin id="509" dir="0" index="0" bw="32" slack="0"/>
<pin id="510" dir="1" index="1" bw="16" slack="1"/>
</pin_list>
<bind>
<opcode="trunc(33) " fcode="trunc"/>
<opset="tmp_162/1 "/>
</bind>
</comp>

<comp id="512" class="1004" name="tmp_164_fu_512">
<pin_list>
<pin id="513" dir="0" index="0" bw="32" slack="0"/>
<pin id="514" dir="1" index="1" bw="5" slack="1"/>
</pin_list>
<bind>
<opcode="trunc(33) " fcode="trunc"/>
<opset="tmp_164/1 "/>
</bind>
</comp>

<comp id="516" class="1004" name="tmp_171_fu_516">
<pin_list>
<pin id="517" dir="0" index="0" bw="32" slack="0"/>
<pin id="518" dir="1" index="1" bw="8" slack="2"/>
</pin_list>
<bind>
<opcode="trunc(33) " fcode="trunc"/>
<opset="tmp_171/1 "/>
</bind>
</comp>

<comp id="520" class="1004" name="tmp_70_4_i_fu_520">
<pin_list>
<pin id="521" dir="0" index="0" bw="16" slack="0"/>
<pin id="522" dir="0" index="1" bw="16" slack="0"/>
<pin id="523" dir="1" index="2" bw="1" slack="1"/>
</pin_list>
<bind>
<opcode="icmp(45) " fcode="icmp"/>
<opset="tmp_70_4_i/1 "/>
</bind>
</comp>

<comp id="526" class="1004" name="tmp_172_fu_526">
<pin_list>
<pin id="527" dir="0" index="0" bw="1" slack="0"/>
<pin id="528" dir="0" index="1" bw="16" slack="0"/>
<pin id="529" dir="0" index="2" bw="5" slack="0"/>
<pin id="530" dir="1" index="3" bw="1" slack="0"/>
</pin_list>
<bind>
<opcode="bitselect(1000) " fcode="bitselect"/>
<opset="tmp_172/1 "/>
</bind>
</comp>

<comp id="534" class="1004" name="tmp_V_4_i_fu_534">
<pin_list>
<pin id="535" dir="0" index="0" bw="1" slack="0"/>
<pin id="536" dir="0" index="1" bw="16" slack="0"/>
<pin id="537" dir="1" index="2" bw="16" slack="0"/>
</pin_list>
<bind>
<opcode="sub(10) " fcode="sub"/>
<opset="tmp_V_4_i/1 "/>
</bind>
</comp>

<comp id="540" class="1004" name="p_Val2_4_i_fu_540">
<pin_list>
<pin id="541" dir="0" index="0" bw="1" slack="0"/>
<pin id="542" dir="0" index="1" bw="16" slack="0"/>
<pin id="543" dir="0" index="2" bw="16" slack="0"/>
<pin id="544" dir="1" index="3" bw="16" slack="0"/>
</pin_list>
<bind>
<opcode="select(49) " fcode="select"/>
<opset="p_Val2_4_i/1 "/>
</bind>
</comp>

<comp id="548" class="1004" name="p_Result_17_4_i_fu_548">
<pin_list>
<pin id="549" dir="0" index="0" bw="16" slack="0"/>
<pin id="550" dir="0" index="1" bw="16" slack="0"/>
<pin id="551" dir="0" index="2" bw="5" slack="0"/>
<pin id="552" dir="0" index="3" bw="1" slack="0"/>
<pin id="553" dir="1" index="4" bw="16" slack="0"/>
</pin_list>
<bind>
<opcode="partselect(1002) " fcode="partselect"/>
<opset="p_Result_17_4_i/1 "/>
</bind>
</comp>

<comp id="558" class="1004" name="p_Result_27_4_i_fu_558">
<pin_list>
<pin id="559" dir="0" index="0" bw="32" slack="0"/>
<pin id="560" dir="0" index="1" bw="1" slack="0"/>
<pin id="561" dir="0" index="2" bw="16" slack="0"/>
<pin id="562" dir="1" index="3" bw="32" slack="0"/>
</pin_list>
<bind>
<opcode="bitconcatenate(1004) " fcode="bitconcatenate"/>
<opset="p_Result_27_4_i/1 "/>
</bind>
</comp>

<comp id="566" class="1004" name="l_4_i_fu_566">
<pin_list>
<pin id="567" dir="0" index="0" bw="32" slack="0"/>
<pin id="568" dir="0" index="1" bw="32" slack="0"/>
<pin id="569" dir="0" index="2" bw="1" slack="0"/>
<pin id="570" dir="1" index="3" bw="32" slack="0"/>
</pin_list>
<bind>
<opcode="cttz(524) " fcode="cttz"/>
<opset="l_4_i/1 "/>
</bind>
</comp>

<comp id="574" class="1004" name="tmp_74_4_i_fu_574">
<pin_list>
<pin id="575" dir="0" index="0" bw="6" slack="0"/>
<pin id="576" dir="0" index="1" bw="32" slack="0"/>
<pin id="577" dir="1" index="2" bw="32" slack="0"/>
</pin_list>
<bind>
<opcode="sub(10) " fcode="sub"/>
<opset="tmp_74_4_i/1 "/>
</bind>
</comp>

<comp id="580" class="1004" name="tmp_173_fu_580">
<pin_list>
<pin id="581" dir="0" index="0" bw="32" slack="0"/>
<pin id="582" dir="1" index="1" bw="16" slack="1"/>
</pin_list>
<bind>
<opcode="trunc(33) " fcode="trunc"/>
<opset="tmp_173/1 "/>
</bind>
</comp>

<comp id="584" class="1004" name="tmp_175_fu_584">
<pin_list>
<pin id="585" dir="0" index="0" bw="32" slack="0"/>
<pin id="586" dir="1" index="1" bw="5" slack="1"/>
</pin_list>
<bind>
<opcode="trunc(33) " fcode="trunc"/>
<opset="tmp_175/1 "/>
</bind>
</comp>

<comp id="588" class="1004" name="tmp_182_fu_588">
<pin_list>
<pin id="589" dir="0" index="0" bw="32" slack="0"/>
<pin id="590" dir="1" index="1" bw="8" slack="2"/>
</pin_list>
<bind>
<opcode="trunc(33) " fcode="trunc"/>
<opset="tmp_182/1 "/>
</bind>
</comp>

<comp id="592" class="1004" name="tmp_70_5_i_fu_592">
<pin_list>
<pin id="593" dir="0" index="0" bw="16" slack="0"/>
<pin id="594" dir="0" index="1" bw="16" slack="0"/>
<pin id="595" dir="1" index="2" bw="1" slack="1"/>
</pin_list>
<bind>
<opcode="icmp(45) " fcode="icmp"/>
<opset="tmp_70_5_i/1 "/>
</bind>
</comp>

<comp id="598" class="1004" name="tmp_183_fu_598">
<pin_list>
<pin id="599" dir="0" index="0" bw="1" slack="0"/>
<pin id="600" dir="0" index="1" bw="16" slack="0"/>
<pin id="601" dir="0" index="2" bw="5" slack="0"/>
<pin id="602" dir="1" index="3" bw="1" slack="0"/>
</pin_list>
<bind>
<opcode="bitselect(1000) " fcode="bitselect"/>
<opset="tmp_183/1 "/>
</bind>
</comp>

<comp id="606" class="1004" name="tmp_V_5_i_fu_606">
<pin_list>
<pin id="607" dir="0" index="0" bw="1" slack="0"/>
<pin id="608" dir="0" index="1" bw="16" slack="0"/>
<pin id="609" dir="1" index="2" bw="16" slack="0"/>
</pin_list>
<bind>
<opcode="sub(10) " fcode="sub"/>
<opset="tmp_V_5_i/1 "/>
</bind>
</comp>

<comp id="612" class="1004" name="p_Val2_5_i_fu_612">
<pin_list>
<pin id="613" dir="0" index="0" bw="1" slack="0"/>
<pin id="614" dir="0" index="1" bw="16" slack="0"/>
<pin id="615" dir="0" index="2" bw="16" slack="0"/>
<pin id="616" dir="1" index="3" bw="16" slack="0"/>
</pin_list>
<bind>
<opcode="select(49) " fcode="select"/>
<opset="p_Val2_5_i/1 "/>
</bind>
</comp>

<comp id="620" class="1004" name="p_Result_17_5_i_fu_620">
<pin_list>
<pin id="621" dir="0" index="0" bw="16" slack="0"/>
<pin id="622" dir="0" index="1" bw="16" slack="0"/>
<pin id="623" dir="0" index="2" bw="5" slack="0"/>
<pin id="624" dir="0" index="3" bw="1" slack="0"/>
<pin id="625" dir="1" index="4" bw="16" slack="0"/>
</pin_list>
<bind>
<opcode="partselect(1002) " fcode="partselect"/>
<opset="p_Result_17_5_i/1 "/>
</bind>
</comp>

<comp id="630" class="1004" name="p_Result_27_5_i_fu_630">
<pin_list>
<pin id="631" dir="0" index="0" bw="32" slack="0"/>
<pin id="632" dir="0" index="1" bw="1" slack="0"/>
<pin id="633" dir="0" index="2" bw="16" slack="0"/>
<pin id="634" dir="1" index="3" bw="32" slack="0"/>
</pin_list>
<bind>
<opcode="bitconcatenate(1004) " fcode="bitconcatenate"/>
<opset="p_Result_27_5_i/1 "/>
</bind>
</comp>

<comp id="638" class="1004" name="l_5_i_fu_638">
<pin_list>
<pin id="639" dir="0" index="0" bw="32" slack="0"/>
<pin id="640" dir="0" index="1" bw="32" slack="0"/>
<pin id="641" dir="0" index="2" bw="1" slack="0"/>
<pin id="642" dir="1" index="3" bw="32" slack="0"/>
</pin_list>
<bind>
<opcode="cttz(524) " fcode="cttz"/>
<opset="l_5_i/1 "/>
</bind>
</comp>

<comp id="646" class="1004" name="tmp_74_5_i_fu_646">
<pin_list>
<pin id="647" dir="0" index="0" bw="6" slack="0"/>
<pin id="648" dir="0" index="1" bw="32" slack="0"/>
<pin id="649" dir="1" index="2" bw="32" slack="0"/>
</pin_list>
<bind>
<opcode="sub(10) " fcode="sub"/>
<opset="tmp_74_5_i/1 "/>
</bind>
</comp>

<comp id="652" class="1004" name="tmp_184_fu_652">
<pin_list>
<pin id="653" dir="0" index="0" bw="32" slack="0"/>
<pin id="654" dir="1" index="1" bw="16" slack="1"/>
</pin_list>
<bind>
<opcode="trunc(33) " fcode="trunc"/>
<opset="tmp_184/1 "/>
</bind>
</comp>

<comp id="656" class="1004" name="tmp_186_fu_656">
<pin_list>
<pin id="657" dir="0" index="0" bw="32" slack="0"/>
<pin id="658" dir="1" index="1" bw="5" slack="1"/>
</pin_list>
<bind>
<opcode="trunc(33) " fcode="trunc"/>
<opset="tmp_186/1 "/>
</bind>
</comp>

<comp id="660" class="1004" name="tmp_193_fu_660">
<pin_list>
<pin id="661" dir="0" index="0" bw="32" slack="0"/>
<pin id="662" dir="1" index="1" bw="8" slack="2"/>
</pin_list>
<bind>
<opcode="trunc(33) " fcode="trunc"/>
<opset="tmp_193/1 "/>
</bind>
</comp>

<comp id="664" class="1004" name="tmp_70_6_i_fu_664">
<pin_list>
<pin id="665" dir="0" index="0" bw="16" slack="0"/>
<pin id="666" dir="0" index="1" bw="16" slack="0"/>
<pin id="667" dir="1" index="2" bw="1" slack="1"/>
</pin_list>
<bind>
<opcode="icmp(45) " fcode="icmp"/>
<opset="tmp_70_6_i/1 "/>
</bind>
</comp>

<comp id="670" class="1004" name="tmp_194_fu_670">
<pin_list>
<pin id="671" dir="0" index="0" bw="1" slack="0"/>
<pin id="672" dir="0" index="1" bw="16" slack="0"/>
<pin id="673" dir="0" index="2" bw="5" slack="0"/>
<pin id="674" dir="1" index="3" bw="1" slack="0"/>
</pin_list>
<bind>
<opcode="bitselect(1000) " fcode="bitselect"/>
<opset="tmp_194/1 "/>
</bind>
</comp>

<comp id="678" class="1004" name="tmp_V_6_i_fu_678">
<pin_list>
<pin id="679" dir="0" index="0" bw="1" slack="0"/>
<pin id="680" dir="0" index="1" bw="16" slack="0"/>
<pin id="681" dir="1" index="2" bw="16" slack="0"/>
</pin_list>
<bind>
<opcode="sub(10) " fcode="sub"/>
<opset="tmp_V_6_i/1 "/>
</bind>
</comp>

<comp id="684" class="1004" name="p_Val2_6_i_fu_684">
<pin_list>
<pin id="685" dir="0" index="0" bw="1" slack="0"/>
<pin id="686" dir="0" index="1" bw="16" slack="0"/>
<pin id="687" dir="0" index="2" bw="16" slack="0"/>
<pin id="688" dir="1" index="3" bw="16" slack="0"/>
</pin_list>
<bind>
<opcode="select(49) " fcode="select"/>
<opset="p_Val2_6_i/1 "/>
</bind>
</comp>

<comp id="692" class="1004" name="p_Result_17_6_i_fu_692">
<pin_list>
<pin id="693" dir="0" index="0" bw="16" slack="0"/>
<pin id="694" dir="0" index="1" bw="16" slack="0"/>
<pin id="695" dir="0" index="2" bw="5" slack="0"/>
<pin id="696" dir="0" index="3" bw="1" slack="0"/>
<pin id="697" dir="1" index="4" bw="16" slack="0"/>
</pin_list>
<bind>
<opcode="partselect(1002) " fcode="partselect"/>
<opset="p_Result_17_6_i/1 "/>
</bind>
</comp>

<comp id="702" class="1004" name="p_Result_27_6_i_fu_702">
<pin_list>
<pin id="703" dir="0" index="0" bw="32" slack="0"/>
<pin id="704" dir="0" index="1" bw="1" slack="0"/>
<pin id="705" dir="0" index="2" bw="16" slack="0"/>
<pin id="706" dir="1" index="3" bw="32" slack="0"/>
</pin_list>
<bind>
<opcode="bitconcatenate(1004) " fcode="bitconcatenate"/>
<opset="p_Result_27_6_i/1 "/>
</bind>
</comp>

<comp id="710" class="1004" name="l_6_i_fu_710">
<pin_list>
<pin id="711" dir="0" index="0" bw="32" slack="0"/>
<pin id="712" dir="0" index="1" bw="32" slack="0"/>
<pin id="713" dir="0" index="2" bw="1" slack="0"/>
<pin id="714" dir="1" index="3" bw="32" slack="0"/>
</pin_list>
<bind>
<opcode="cttz(524) " fcode="cttz"/>
<opset="l_6_i/1 "/>
</bind>
</comp>

<comp id="718" class="1004" name="tmp_74_6_i_fu_718">
<pin_list>
<pin id="719" dir="0" index="0" bw="6" slack="0"/>
<pin id="720" dir="0" index="1" bw="32" slack="0"/>
<pin id="721" dir="1" index="2" bw="32" slack="0"/>
</pin_list>
<bind>
<opcode="sub(10) " fcode="sub"/>
<opset="tmp_74_6_i/1 "/>
</bind>
</comp>

<comp id="724" class="1004" name="tmp_195_fu_724">
<pin_list>
<pin id="725" dir="0" index="0" bw="32" slack="0"/>
<pin id="726" dir="1" index="1" bw="16" slack="1"/>
</pin_list>
<bind>
<opcode="trunc(33) " fcode="trunc"/>
<opset="tmp_195/1 "/>
</bind>
</comp>

<comp id="728" class="1004" name="tmp_197_fu_728">
<pin_list>
<pin id="729" dir="0" index="0" bw="32" slack="0"/>
<pin id="730" dir="1" index="1" bw="5" slack="1"/>
</pin_list>
<bind>
<opcode="trunc(33) " fcode="trunc"/>
<opset="tmp_197/1 "/>
</bind>
</comp>

<comp id="732" class="1004" name="tmp_204_fu_732">
<pin_list>
<pin id="733" dir="0" index="0" bw="32" slack="0"/>
<pin id="734" dir="1" index="1" bw="8" slack="2"/>
</pin_list>
<bind>
<opcode="trunc(33) " fcode="trunc"/>
<opset="tmp_204/1 "/>
</bind>
</comp>

<comp id="736" class="1004" name="tmp_70_7_i_fu_736">
<pin_list>
<pin id="737" dir="0" index="0" bw="16" slack="0"/>
<pin id="738" dir="0" index="1" bw="16" slack="0"/>
<pin id="739" dir="1" index="2" bw="1" slack="1"/>
</pin_list>
<bind>
<opcode="icmp(45) " fcode="icmp"/>
<opset="tmp_70_7_i/1 "/>
</bind>
</comp>

<comp id="742" class="1004" name="tmp_205_fu_742">
<pin_list>
<pin id="743" dir="0" index="0" bw="1" slack="0"/>
<pin id="744" dir="0" index="1" bw="16" slack="0"/>
<pin id="745" dir="0" index="2" bw="5" slack="0"/>
<pin id="746" dir="1" index="3" bw="1" slack="0"/>
</pin_list>
<bind>
<opcode="bitselect(1000) " fcode="bitselect"/>
<opset="tmp_205/1 "/>
</bind>
</comp>

<comp id="750" class="1004" name="tmp_V_7_i_fu_750">
<pin_list>
<pin id="751" dir="0" index="0" bw="1" slack="0"/>
<pin id="752" dir="0" index="1" bw="16" slack="0"/>
<pin id="753" dir="1" index="2" bw="16" slack="0"/>
</pin_list>
<bind>
<opcode="sub(10) " fcode="sub"/>
<opset="tmp_V_7_i/1 "/>
</bind>
</comp>

<comp id="756" class="1004" name="p_Val2_7_i_fu_756">
<pin_list>
<pin id="757" dir="0" index="0" bw="1" slack="0"/>
<pin id="758" dir="0" index="1" bw="16" slack="0"/>
<pin id="759" dir="0" index="2" bw="16" slack="0"/>
<pin id="760" dir="1" index="3" bw="16" slack="0"/>
</pin_list>
<bind>
<opcode="select(49) " fcode="select"/>
<opset="p_Val2_7_i/1 "/>
</bind>
</comp>

<comp id="764" class="1004" name="p_Result_17_7_i_fu_764">
<pin_list>
<pin id="765" dir="0" index="0" bw="16" slack="0"/>
<pin id="766" dir="0" index="1" bw="16" slack="0"/>
<pin id="767" dir="0" index="2" bw="5" slack="0"/>
<pin id="768" dir="0" index="3" bw="1" slack="0"/>
<pin id="769" dir="1" index="4" bw="16" slack="0"/>
</pin_list>
<bind>
<opcode="partselect(1002) " fcode="partselect"/>
<opset="p_Result_17_7_i/1 "/>
</bind>
</comp>

<comp id="774" class="1004" name="p_Result_27_7_i_fu_774">
<pin_list>
<pin id="775" dir="0" index="0" bw="32" slack="0"/>
<pin id="776" dir="0" index="1" bw="1" slack="0"/>
<pin id="777" dir="0" index="2" bw="16" slack="0"/>
<pin id="778" dir="1" index="3" bw="32" slack="0"/>
</pin_list>
<bind>
<opcode="bitconcatenate(1004) " fcode="bitconcatenate"/>
<opset="p_Result_27_7_i/1 "/>
</bind>
</comp>

<comp id="782" class="1004" name="l_7_i_fu_782">
<pin_list>
<pin id="783" dir="0" index="0" bw="32" slack="0"/>
<pin id="784" dir="0" index="1" bw="32" slack="0"/>
<pin id="785" dir="0" index="2" bw="1" slack="0"/>
<pin id="786" dir="1" index="3" bw="32" slack="0"/>
</pin_list>
<bind>
<opcode="cttz(524) " fcode="cttz"/>
<opset="l_7_i/1 "/>
</bind>
</comp>

<comp id="790" class="1004" name="tmp_74_7_i_fu_790">
<pin_list>
<pin id="791" dir="0" index="0" bw="6" slack="0"/>
<pin id="792" dir="0" index="1" bw="32" slack="0"/>
<pin id="793" dir="1" index="2" bw="32" slack="0"/>
</pin_list>
<bind>
<opcode="sub(10) " fcode="sub"/>
<opset="tmp_74_7_i/1 "/>
</bind>
</comp>

<comp id="796" class="1004" name="tmp_206_fu_796">
<pin_list>
<pin id="797" dir="0" index="0" bw="32" slack="0"/>
<pin id="798" dir="1" index="1" bw="16" slack="1"/>
</pin_list>
<bind>
<opcode="trunc(33) " fcode="trunc"/>
<opset="tmp_206/1 "/>
</bind>
</comp>

<comp id="800" class="1004" name="tmp_208_fu_800">
<pin_list>
<pin id="801" dir="0" index="0" bw="32" slack="0"/>
<pin id="802" dir="1" index="1" bw="5" slack="1"/>
</pin_list>
<bind>
<opcode="trunc(33) " fcode="trunc"/>
<opset="tmp_208/1 "/>
</bind>
</comp>

<comp id="804" class="1004" name="tmp_215_fu_804">
<pin_list>
<pin id="805" dir="0" index="0" bw="32" slack="0"/>
<pin id="806" dir="1" index="1" bw="8" slack="2"/>
</pin_list>
<bind>
<opcode="trunc(33) " fcode="trunc"/>
<opset="tmp_215/1 "/>
</bind>
</comp>

<comp id="808" class="1004" name="tmp_70_8_i_fu_808">
<pin_list>
<pin id="809" dir="0" index="0" bw="16" slack="0"/>
<pin id="810" dir="0" index="1" bw="16" slack="0"/>
<pin id="811" dir="1" index="2" bw="1" slack="1"/>
</pin_list>
<bind>
<opcode="icmp(45) " fcode="icmp"/>
<opset="tmp_70_8_i/1 "/>
</bind>
</comp>

<comp id="814" class="1004" name="tmp_216_fu_814">
<pin_list>
<pin id="815" dir="0" index="0" bw="1" slack="0"/>
<pin id="816" dir="0" index="1" bw="16" slack="0"/>
<pin id="817" dir="0" index="2" bw="5" slack="0"/>
<pin id="818" dir="1" index="3" bw="1" slack="0"/>
</pin_list>
<bind>
<opcode="bitselect(1000) " fcode="bitselect"/>
<opset="tmp_216/1 "/>
</bind>
</comp>

<comp id="822" class="1004" name="tmp_V_8_i_fu_822">
<pin_list>
<pin id="823" dir="0" index="0" bw="1" slack="0"/>
<pin id="824" dir="0" index="1" bw="16" slack="0"/>
<pin id="825" dir="1" index="2" bw="16" slack="0"/>
</pin_list>
<bind>
<opcode="sub(10) " fcode="sub"/>
<opset="tmp_V_8_i/1 "/>
</bind>
</comp>

<comp id="828" class="1004" name="p_Val2_8_i_fu_828">
<pin_list>
<pin id="829" dir="0" index="0" bw="1" slack="0"/>
<pin id="830" dir="0" index="1" bw="16" slack="0"/>
<pin id="831" dir="0" index="2" bw="16" slack="0"/>
<pin id="832" dir="1" index="3" bw="16" slack="0"/>
</pin_list>
<bind>
<opcode="select(49) " fcode="select"/>
<opset="p_Val2_8_i/1 "/>
</bind>
</comp>

<comp id="836" class="1004" name="p_Result_17_8_i_fu_836">
<pin_list>
<pin id="837" dir="0" index="0" bw="16" slack="0"/>
<pin id="838" dir="0" index="1" bw="16" slack="0"/>
<pin id="839" dir="0" index="2" bw="5" slack="0"/>
<pin id="840" dir="0" index="3" bw="1" slack="0"/>
<pin id="841" dir="1" index="4" bw="16" slack="0"/>
</pin_list>
<bind>
<opcode="partselect(1002) " fcode="partselect"/>
<opset="p_Result_17_8_i/1 "/>
</bind>
</comp>

<comp id="846" class="1004" name="p_Result_27_8_i_fu_846">
<pin_list>
<pin id="847" dir="0" index="0" bw="32" slack="0"/>
<pin id="848" dir="0" index="1" bw="1" slack="0"/>
<pin id="849" dir="0" index="2" bw="16" slack="0"/>
<pin id="850" dir="1" index="3" bw="32" slack="0"/>
</pin_list>
<bind>
<opcode="bitconcatenate(1004) " fcode="bitconcatenate"/>
<opset="p_Result_27_8_i/1 "/>
</bind>
</comp>

<comp id="854" class="1004" name="l_8_i_fu_854">
<pin_list>
<pin id="855" dir="0" index="0" bw="32" slack="0"/>
<pin id="856" dir="0" index="1" bw="32" slack="0"/>
<pin id="857" dir="0" index="2" bw="1" slack="0"/>
<pin id="858" dir="1" index="3" bw="32" slack="0"/>
</pin_list>
<bind>
<opcode="cttz(524) " fcode="cttz"/>
<opset="l_8_i/1 "/>
</bind>
</comp>

<comp id="862" class="1004" name="tmp_74_8_i_fu_862">
<pin_list>
<pin id="863" dir="0" index="0" bw="6" slack="0"/>
<pin id="864" dir="0" index="1" bw="32" slack="0"/>
<pin id="865" dir="1" index="2" bw="32" slack="0"/>
</pin_list>
<bind>
<opcode="sub(10) " fcode="sub"/>
<opset="tmp_74_8_i/1 "/>
</bind>
</comp>

<comp id="868" class="1004" name="tmp_217_fu_868">
<pin_list>
<pin id="869" dir="0" index="0" bw="32" slack="0"/>
<pin id="870" dir="1" index="1" bw="16" slack="1"/>
</pin_list>
<bind>
<opcode="trunc(33) " fcode="trunc"/>
<opset="tmp_217/1 "/>
</bind>
</comp>

<comp id="872" class="1004" name="tmp_219_fu_872">
<pin_list>
<pin id="873" dir="0" index="0" bw="32" slack="0"/>
<pin id="874" dir="1" index="1" bw="5" slack="1"/>
</pin_list>
<bind>
<opcode="trunc(33) " fcode="trunc"/>
<opset="tmp_219/1 "/>
</bind>
</comp>

<comp id="876" class="1004" name="tmp_226_fu_876">
<pin_list>
<pin id="877" dir="0" index="0" bw="32" slack="0"/>
<pin id="878" dir="1" index="1" bw="8" slack="2"/>
</pin_list>
<bind>
<opcode="trunc(33) " fcode="trunc"/>
<opset="tmp_226/1 "/>
</bind>
</comp>

<comp id="880" class="1004" name="tmp_70_9_i_fu_880">
<pin_list>
<pin id="881" dir="0" index="0" bw="16" slack="0"/>
<pin id="882" dir="0" index="1" bw="16" slack="0"/>
<pin id="883" dir="1" index="2" bw="1" slack="1"/>
</pin_list>
<bind>
<opcode="icmp(45) " fcode="icmp"/>
<opset="tmp_70_9_i/1 "/>
</bind>
</comp>

<comp id="886" class="1004" name="tmp_227_fu_886">
<pin_list>
<pin id="887" dir="0" index="0" bw="1" slack="0"/>
<pin id="888" dir="0" index="1" bw="16" slack="0"/>
<pin id="889" dir="0" index="2" bw="5" slack="0"/>
<pin id="890" dir="1" index="3" bw="1" slack="0"/>
</pin_list>
<bind>
<opcode="bitselect(1000) " fcode="bitselect"/>
<opset="tmp_227/1 "/>
</bind>
</comp>

<comp id="894" class="1004" name="tmp_V_9_i_fu_894">
<pin_list>
<pin id="895" dir="0" index="0" bw="1" slack="0"/>
<pin id="896" dir="0" index="1" bw="16" slack="0"/>
<pin id="897" dir="1" index="2" bw="16" slack="0"/>
</pin_list>
<bind>
<opcode="sub(10) " fcode="sub"/>
<opset="tmp_V_9_i/1 "/>
</bind>
</comp>

<comp id="900" class="1004" name="p_Val2_9_i_fu_900">
<pin_list>
<pin id="901" dir="0" index="0" bw="1" slack="0"/>
<pin id="902" dir="0" index="1" bw="16" slack="0"/>
<pin id="903" dir="0" index="2" bw="16" slack="0"/>
<pin id="904" dir="1" index="3" bw="16" slack="0"/>
</pin_list>
<bind>
<opcode="select(49) " fcode="select"/>
<opset="p_Val2_9_i/1 "/>
</bind>
</comp>

<comp id="908" class="1004" name="p_Result_17_9_i_fu_908">
<pin_list>
<pin id="909" dir="0" index="0" bw="16" slack="0"/>
<pin id="910" dir="0" index="1" bw="16" slack="0"/>
<pin id="911" dir="0" index="2" bw="5" slack="0"/>
<pin id="912" dir="0" index="3" bw="1" slack="0"/>
<pin id="913" dir="1" index="4" bw="16" slack="0"/>
</pin_list>
<bind>
<opcode="partselect(1002) " fcode="partselect"/>
<opset="p_Result_17_9_i/1 "/>
</bind>
</comp>

<comp id="918" class="1004" name="p_Result_27_9_i_fu_918">
<pin_list>
<pin id="919" dir="0" index="0" bw="32" slack="0"/>
<pin id="920" dir="0" index="1" bw="1" slack="0"/>
<pin id="921" dir="0" index="2" bw="16" slack="0"/>
<pin id="922" dir="1" index="3" bw="32" slack="0"/>
</pin_list>
<bind>
<opcode="bitconcatenate(1004) " fcode="bitconcatenate"/>
<opset="p_Result_27_9_i/1 "/>
</bind>
</comp>

<comp id="926" class="1004" name="l_9_i_fu_926">
<pin_list>
<pin id="927" dir="0" index="0" bw="32" slack="0"/>
<pin id="928" dir="0" index="1" bw="32" slack="0"/>
<pin id="929" dir="0" index="2" bw="1" slack="0"/>
<pin id="930" dir="1" index="3" bw="32" slack="0"/>
</pin_list>
<bind>
<opcode="cttz(524) " fcode="cttz"/>
<opset="l_9_i/1 "/>
</bind>
</comp>

<comp id="934" class="1004" name="tmp_74_9_i_fu_934">
<pin_list>
<pin id="935" dir="0" index="0" bw="6" slack="0"/>
<pin id="936" dir="0" index="1" bw="32" slack="0"/>
<pin id="937" dir="1" index="2" bw="32" slack="0"/>
</pin_list>
<bind>
<opcode="sub(10) " fcode="sub"/>
<opset="tmp_74_9_i/1 "/>
</bind>
</comp>

<comp id="940" class="1004" name="tmp_228_fu_940">
<pin_list>
<pin id="941" dir="0" index="0" bw="32" slack="0"/>
<pin id="942" dir="1" index="1" bw="16" slack="1"/>
</pin_list>
<bind>
<opcode="trunc(33) " fcode="trunc"/>
<opset="tmp_228/1 "/>
</bind>
</comp>

<comp id="944" class="1004" name="tmp_230_fu_944">
<pin_list>
<pin id="945" dir="0" index="0" bw="32" slack="0"/>
<pin id="946" dir="1" index="1" bw="5" slack="1"/>
</pin_list>
<bind>
<opcode="trunc(33) " fcode="trunc"/>
<opset="tmp_230/1 "/>
</bind>
</comp>

<comp id="948" class="1004" name="tmp_237_fu_948">
<pin_list>
<pin id="949" dir="0" index="0" bw="32" slack="0"/>
<pin id="950" dir="1" index="1" bw="8" slack="2"/>
</pin_list>
<bind>
<opcode="trunc(33) " fcode="trunc"/>
<opset="tmp_237/1 "/>
</bind>
</comp>

<comp id="952" class="1004" name="lsb_index_i_fu_952">
<pin_list>
<pin id="953" dir="0" index="0" bw="6" slack="0"/>
<pin id="954" dir="0" index="1" bw="32" slack="1"/>
<pin id="955" dir="1" index="2" bw="32" slack="0"/>
</pin_list>
<bind>
<opcode="add(8) " fcode="add"/>
<opset="lsb_index_i/2 "/>
</bind>
</comp>

<comp id="957" class="1004" name="tmp_130_fu_957">
<pin_list>
<pin id="958" dir="0" index="0" bw="31" slack="0"/>
<pin id="959" dir="0" index="1" bw="32" slack="0"/>
<pin id="960" dir="0" index="2" bw="1" slack="0"/>
<pin id="961" dir="0" index="3" bw="6" slack="0"/>
<pin id="962" dir="1" index="4" bw="31" slack="0"/>
</pin_list>
<bind>
<opcode="partselect(1002) " fcode="partselect"/>
<opset="tmp_130/2 "/>
</bind>
</comp>

<comp id="967" class="1004" name="icmp_fu_967">
<pin_list>
<pin id="968" dir="0" index="0" bw="31" slack="0"/>
<pin id="969" dir="0" index="1" bw="31" slack="0"/>
<pin id="970" dir="1" index="2" bw="1" slack="0"/>
</pin_list>
<bind>
<opcode="icmp(45) " fcode="icmp"/>
<opset="icmp/2 "/>
</bind>
</comp>

<comp id="973" class="1004" name="tmp_132_fu_973">
<pin_list>
<pin id="974" dir="0" index="0" bw="5" slack="0"/>
<pin id="975" dir="0" index="1" bw="5" slack="1"/>
<pin id="976" dir="1" index="2" bw="5" slack="0"/>
</pin_list>
<bind>
<opcode="sub(10) " fcode="sub"/>
<opset="tmp_132/2 "/>
</bind>
</comp>

<comp id="978" class="1004" name="tmp_133_fu_978">
<pin_list>
<pin id="979" dir="0" index="0" bw="5" slack="0"/>
<pin id="980" dir="1" index="1" bw="16" slack="0"/>
</pin_list>
<bind>
<opcode="zext(34) " fcode="zext"/>
<opset="tmp_133/2 "/>
</bind>
</comp>

<comp id="982" class="1004" name="tmp_134_fu_982">
<pin_list>
<pin id="983" dir="0" index="0" bw="1" slack="0"/>
<pin id="984" dir="0" index="1" bw="5" slack="0"/>
<pin id="985" dir="1" index="2" bw="16" slack="0"/>
</pin_list>
<bind>
<opcode="lshr(21) " fcode="lshr"/>
<opset="tmp_134/2 "/>
</bind>
</comp>

<comp id="988" class="1004" name="tmp_135_fu_988">
<pin_list>
<pin id="989" dir="0" index="0" bw="16" slack="1"/>
<pin id="990" dir="0" index="1" bw="16" slack="0"/>
<pin id="991" dir="1" index="2" bw="16" slack="0"/>
</pin_list>
<bind>
<opcode="and(23) " fcode="and"/>
<opset="tmp_135/2 "/>
</bind>
</comp>

<comp id="993" class="1004" name="tmp_77_i_fu_993">
<pin_list>
<pin id="994" dir="0" index="0" bw="16" slack="0"/>
<pin id="995" dir="0" index="1" bw="16" slack="0"/>
<pin id="996" dir="1" index="2" bw="1" slack="0"/>
</pin_list>
<bind>
<opcode="icmp(45) " fcode="icmp"/>
<opset="tmp_77_i/2 "/>
</bind>
</comp>

<comp id="999" class="1004" name="a_i_fu_999">
<pin_list>
<pin id="1000" dir="0" index="0" bw="1" slack="0"/>
<pin id="1001" dir="0" index="1" bw="1" slack="0"/>
<pin id="1002" dir="1" index="2" bw="1" slack="0"/>
</pin_list>
<bind>
<opcode="and(23) " fcode="and"/>
<opset="a_i/2 "/>
</bind>
</comp>

<comp id="1005" class="1004" name="tmp_136_fu_1005">
<pin_list>
<pin id="1006" dir="0" index="0" bw="1" slack="0"/>
<pin id="1007" dir="0" index="1" bw="32" slack="0"/>
<pin id="1008" dir="0" index="2" bw="6" slack="0"/>
<pin id="1009" dir="1" index="3" bw="1" slack="0"/>
</pin_list>
<bind>
<opcode="bitselect(1000) " fcode="bitselect"/>
<opset="tmp_136/2 "/>
</bind>
</comp>

<comp id="1013" class="1004" name="rev_fu_1013">
<pin_list>
<pin id="1014" dir="0" index="0" bw="1" slack="0"/>
<pin id="1015" dir="0" index="1" bw="1" slack="0"/>
<pin id="1016" dir="1" index="2" bw="1" slack="0"/>
</pin_list>
<bind>
<opcode="xor(25) " fcode="xor"/>
<opset="rev/2 "/>
</bind>
</comp>

<comp id="1019" class="1004" name="tmp_79_i_fu_1019">
<pin_list>
<pin id="1020" dir="0" index="0" bw="6" slack="0"/>
<pin id="1021" dir="0" index="1" bw="16" slack="1"/>
<pin id="1022" dir="1" index="2" bw="16" slack="0"/>
</pin_list>
<bind>
<opcode="add(8) " fcode="add"/>
<opset="tmp_79_i/2 "/>
</bind>
</comp>

<comp id="1024" class="1004" name="p_Result_20_i_fu_1024">
<pin_list>
<pin id="1025" dir="0" index="0" bw="1" slack="0"/>
<pin id="1026" dir="0" index="1" bw="16" slack="1"/>
<pin id="1027" dir="0" index="2" bw="16" slack="0"/>
<pin id="1028" dir="1" index="3" bw="1" slack="0"/>
</pin_list>
<bind>
<opcode="bitselect(1000) " fcode="bitselect"/>
<opset="p_Result_20_i/2 "/>
</bind>
</comp>

<comp id="1031" class="1004" name="tmp_81_i_fu_1031">
<pin_list>
<pin id="1032" dir="0" index="0" bw="1" slack="0"/>
<pin id="1033" dir="0" index="1" bw="1" slack="0"/>
<pin id="1034" dir="1" index="2" bw="1" slack="0"/>
</pin_list>
<bind>
<opcode="and(23) " fcode="and"/>
<opset="tmp_81_i/2 "/>
</bind>
</comp>

<comp id="1037" class="1004" name="tmp_83_i_fu_1037">
<pin_list>
<pin id="1038" dir="0" index="0" bw="1" slack="0"/>
<pin id="1039" dir="0" index="1" bw="1" slack="0"/>
<pin id="1040" dir="1" index="2" bw="1" slack="0"/>
</pin_list>
<bind>
<opcode="or(24) " fcode="or"/>
<opset="tmp_83_i/2 "/>
</bind>
</comp>

<comp id="1043" class="1004" name="tmp_831_i_fu_1043">
<pin_list>
<pin id="1044" dir="0" index="0" bw="32" slack="0"/>
<pin id="1045" dir="0" index="1" bw="1" slack="0"/>
<pin id="1046" dir="0" index="2" bw="1" slack="0"/>
<pin id="1047" dir="1" index="3" bw="32" slack="0"/>
</pin_list>
<bind>
<opcode="bitconcatenate(1004) " fcode="bitconcatenate"/>
<opset="tmp_831_i/2 "/>
</bind>
</comp>

<comp id="1051" class="1004" name="m_i_fu_1051">
<pin_list>
<pin id="1052" dir="0" index="0" bw="16" slack="1"/>
<pin id="1053" dir="1" index="1" bw="32" slack="0"/>
</pin_list>
<bind>
<opcode="zext(34) " fcode="zext"/>
<opset="m_i/2 "/>
</bind>
</comp>

<comp id="1054" class="1004" name="tmp_841_i_fu_1054">
<pin_list>
<pin id="1055" dir="0" index="0" bw="32" slack="0"/>
<pin id="1056" dir="0" index="1" bw="32" slack="0"/>
<pin id="1057" dir="1" index="2" bw="1" slack="0"/>
</pin_list>
<bind>
<opcode="icmp(45) " fcode="icmp"/>
<opset="tmp_841_i/2 "/>
</bind>
</comp>

<comp id="1060" class="1004" name="tmp_851_i_fu_1060">
<pin_list>
<pin id="1061" dir="0" index="0" bw="6" slack="0"/>
<pin id="1062" dir="0" index="1" bw="32" slack="1"/>
<pin id="1063" dir="1" index="2" bw="32" slack="0"/>
</pin_list>
<bind>
<opcode="add(8) " fcode="add"/>
<opset="tmp_851_i/2 "/>
</bind>
</comp>

<comp id="1065" class="1004" name="tmp_861_i_fu_1065">
<pin_list>
<pin id="1066" dir="0" index="0" bw="16" slack="0"/>
<pin id="1067" dir="0" index="1" bw="32" slack="0"/>
<pin id="1068" dir="1" index="2" bw="32" slack="0"/>
</pin_list>
<bind>
<opcode="lshr(21) " fcode="lshr"/>
<opset="tmp_861_i/2 "/>
</bind>
</comp>

<comp id="1071" class="1004" name="tmp_87_i_fu_1071">
<pin_list>
<pin id="1072" dir="0" index="0" bw="6" slack="0"/>
<pin id="1073" dir="0" index="1" bw="32" slack="1"/>
<pin id="1074" dir="1" index="2" bw="32" slack="0"/>
</pin_list>
<bind>
<opcode="sub(10) " fcode="sub"/>
<opset="tmp_87_i/2 "/>
</bind>
</comp>

<comp id="1076" class="1004" name="tmp_88_i_fu_1076">
<pin_list>
<pin id="1077" dir="0" index="0" bw="16" slack="0"/>
<pin id="1078" dir="0" index="1" bw="32" slack="0"/>
<pin id="1079" dir="1" index="2" bw="32" slack="0"/>
</pin_list>
<bind>
<opcode="shl(20) " fcode="shl"/>
<opset="tmp_88_i/2 "/>
</bind>
</comp>

<comp id="1082" class="1004" name="m_1_i_fu_1082">
<pin_list>
<pin id="1083" dir="0" index="0" bw="1" slack="0"/>
<pin id="1084" dir="0" index="1" bw="32" slack="0"/>
<pin id="1085" dir="0" index="2" bw="32" slack="0"/>
<pin id="1086" dir="1" index="3" bw="32" slack="0"/>
</pin_list>
<bind>
<opcode="select(49) " fcode="select"/>
<opset="m_1_i/2 "/>
</bind>
</comp>

<comp id="1090" class="1004" name="m_2_i_fu_1090">
<pin_list>
<pin id="1091" dir="0" index="0" bw="32" slack="0"/>
<pin id="1092" dir="0" index="1" bw="32" slack="0"/>
<pin id="1093" dir="1" index="2" bw="32" slack="0"/>
</pin_list>
<bind>
<opcode="add(8) " fcode="add"/>
<opset="m_2_i/2 "/>
</bind>
</comp>

<comp id="1096" class="1004" name="m_6_i_fu_1096">
<pin_list>
<pin id="1097" dir="0" index="0" bw="31" slack="0"/>
<pin id="1098" dir="0" index="1" bw="32" slack="0"/>
<pin id="1099" dir="0" index="2" bw="1" slack="0"/>
<pin id="1100" dir="0" index="3" bw="6" slack="0"/>
<pin id="1101" dir="1" index="4" bw="31" slack="1"/>
</pin_list>
<bind>
<opcode="partselect(1002) " fcode="partselect"/>
<opset="m_6_i/2 "/>
</bind>
</comp>

<comp id="1106" class="1004" name="tmp_137_fu_1106">
<pin_list>
<pin id="1107" dir="0" index="0" bw="1" slack="0"/>
<pin id="1108" dir="0" index="1" bw="32" slack="0"/>
<pin id="1109" dir="0" index="2" bw="6" slack="0"/>
<pin id="1110" dir="1" index="3" bw="1" slack="1"/>
</pin_list>
<bind>
<opcode="bitselect(1000) " fcode="bitselect"/>
<opset="tmp_137/2 "/>
</bind>
</comp>

<comp id="1114" class="1004" name="lsb_index_1_i_fu_1114">
<pin_list>
<pin id="1115" dir="0" index="0" bw="6" slack="0"/>
<pin id="1116" dir="0" index="1" bw="32" slack="1"/>
<pin id="1117" dir="1" index="2" bw="32" slack="0"/>
</pin_list>
<bind>
<opcode="add(8) " fcode="add"/>
<opset="lsb_index_1_i/2 "/>
</bind>
</comp>

<comp id="1119" class="1004" name="tmp_141_fu_1119">
<pin_list>
<pin id="1120" dir="0" index="0" bw="31" slack="0"/>
<pin id="1121" dir="0" index="1" bw="32" slack="0"/>
<pin id="1122" dir="0" index="2" bw="1" slack="0"/>
<pin id="1123" dir="0" index="3" bw="6" slack="0"/>
<pin id="1124" dir="1" index="4" bw="31" slack="0"/>
</pin_list>
<bind>
<opcode="partselect(1002) " fcode="partselect"/>
<opset="tmp_141/2 "/>
</bind>
</comp>

<comp id="1129" class="1004" name="icmp1_fu_1129">
<pin_list>
<pin id="1130" dir="0" index="0" bw="31" slack="0"/>
<pin id="1131" dir="0" index="1" bw="31" slack="0"/>
<pin id="1132" dir="1" index="2" bw="1" slack="0"/>
</pin_list>
<bind>
<opcode="icmp(45) " fcode="icmp"/>
<opset="icmp1/2 "/>
</bind>
</comp>

<comp id="1135" class="1004" name="tmp_143_fu_1135">
<pin_list>
<pin id="1136" dir="0" index="0" bw="5" slack="0"/>
<pin id="1137" dir="0" index="1" bw="5" slack="1"/>
<pin id="1138" dir="1" index="2" bw="5" slack="0"/>
</pin_list>
<bind>
<opcode="sub(10) " fcode="sub"/>
<opset="tmp_143/2 "/>
</bind>
</comp>

<comp id="1140" class="1004" name="tmp_144_fu_1140">
<pin_list>
<pin id="1141" dir="0" index="0" bw="5" slack="0"/>
<pin id="1142" dir="1" index="1" bw="16" slack="0"/>
</pin_list>
<bind>
<opcode="zext(34) " fcode="zext"/>
<opset="tmp_144/2 "/>
</bind>
</comp>

<comp id="1144" class="1004" name="tmp_145_fu_1144">
<pin_list>
<pin id="1145" dir="0" index="0" bw="1" slack="0"/>
<pin id="1146" dir="0" index="1" bw="5" slack="0"/>
<pin id="1147" dir="1" index="2" bw="16" slack="0"/>
</pin_list>
<bind>
<opcode="lshr(21) " fcode="lshr"/>
<opset="tmp_145/2 "/>
</bind>
</comp>

<comp id="1150" class="1004" name="tmp_146_fu_1150">
<pin_list>
<pin id="1151" dir="0" index="0" bw="16" slack="1"/>
<pin id="1152" dir="0" index="1" bw="16" slack="0"/>
<pin id="1153" dir="1" index="2" bw="16" slack="0"/>
</pin_list>
<bind>
<opcode="and(23) " fcode="and"/>
<opset="tmp_146/2 "/>
</bind>
</comp>

<comp id="1155" class="1004" name="tmp_77_1_i_fu_1155">
<pin_list>
<pin id="1156" dir="0" index="0" bw="16" slack="0"/>
<pin id="1157" dir="0" index="1" bw="16" slack="0"/>
<pin id="1158" dir="1" index="2" bw="1" slack="0"/>
</pin_list>
<bind>
<opcode="icmp(45) " fcode="icmp"/>
<opset="tmp_77_1_i/2 "/>
</bind>
</comp>

<comp id="1161" class="1004" name="a_1_i_fu_1161">
<pin_list>
<pin id="1162" dir="0" index="0" bw="1" slack="0"/>
<pin id="1163" dir="0" index="1" bw="1" slack="0"/>
<pin id="1164" dir="1" index="2" bw="1" slack="0"/>
</pin_list>
<bind>
<opcode="and(23) " fcode="and"/>
<opset="a_1_i/2 "/>
</bind>
</comp>

<comp id="1167" class="1004" name="tmp_147_fu_1167">
<pin_list>
<pin id="1168" dir="0" index="0" bw="1" slack="0"/>
<pin id="1169" dir="0" index="1" bw="32" slack="0"/>
<pin id="1170" dir="0" index="2" bw="6" slack="0"/>
<pin id="1171" dir="1" index="3" bw="1" slack="0"/>
</pin_list>
<bind>
<opcode="bitselect(1000) " fcode="bitselect"/>
<opset="tmp_147/2 "/>
</bind>
</comp>

<comp id="1175" class="1004" name="rev1_fu_1175">
<pin_list>
<pin id="1176" dir="0" index="0" bw="1" slack="0"/>
<pin id="1177" dir="0" index="1" bw="1" slack="0"/>
<pin id="1178" dir="1" index="2" bw="1" slack="0"/>
</pin_list>
<bind>
<opcode="xor(25) " fcode="xor"/>
<opset="rev1/2 "/>
</bind>
</comp>

<comp id="1181" class="1004" name="tmp_79_1_i_fu_1181">
<pin_list>
<pin id="1182" dir="0" index="0" bw="6" slack="0"/>
<pin id="1183" dir="0" index="1" bw="16" slack="1"/>
<pin id="1184" dir="1" index="2" bw="16" slack="0"/>
</pin_list>
<bind>
<opcode="add(8) " fcode="add"/>
<opset="tmp_79_1_i/2 "/>
</bind>
</comp>

<comp id="1186" class="1004" name="p_Result_20_1_i_fu_1186">
<pin_list>
<pin id="1187" dir="0" index="0" bw="1" slack="0"/>
<pin id="1188" dir="0" index="1" bw="16" slack="1"/>
<pin id="1189" dir="0" index="2" bw="16" slack="0"/>
<pin id="1190" dir="1" index="3" bw="1" slack="0"/>
</pin_list>
<bind>
<opcode="bitselect(1000) " fcode="bitselect"/>
<opset="p_Result_20_1_i/2 "/>
</bind>
</comp>

<comp id="1193" class="1004" name="tmp_81_1_i_fu_1193">
<pin_list>
<pin id="1194" dir="0" index="0" bw="1" slack="0"/>
<pin id="1195" dir="0" index="1" bw="1" slack="0"/>
<pin id="1196" dir="1" index="2" bw="1" slack="0"/>
</pin_list>
<bind>
<opcode="and(23) " fcode="and"/>
<opset="tmp_81_1_i/2 "/>
</bind>
</comp>

<comp id="1199" class="1004" name="tmp_96_i_fu_1199">
<pin_list>
<pin id="1200" dir="0" index="0" bw="1" slack="0"/>
<pin id="1201" dir="0" index="1" bw="1" slack="0"/>
<pin id="1202" dir="1" index="2" bw="1" slack="0"/>
</pin_list>
<bind>
<opcode="or(24) " fcode="or"/>
<opset="tmp_96_i/2 "/>
</bind>
</comp>

<comp id="1205" class="1004" name="tmp_83_1_i_fu_1205">
<pin_list>
<pin id="1206" dir="0" index="0" bw="32" slack="0"/>
<pin id="1207" dir="0" index="1" bw="1" slack="0"/>
<pin id="1208" dir="0" index="2" bw="1" slack="0"/>
<pin id="1209" dir="1" index="3" bw="32" slack="0"/>
</pin_list>
<bind>
<opcode="bitconcatenate(1004) " fcode="bitconcatenate"/>
<opset="tmp_83_1_i/2 "/>
</bind>
</comp>

<comp id="1213" class="1004" name="m_i_55_fu_1213">
<pin_list>
<pin id="1214" dir="0" index="0" bw="16" slack="1"/>
<pin id="1215" dir="1" index="1" bw="32" slack="0"/>
</pin_list>
<bind>
<opcode="zext(34) " fcode="zext"/>
<opset="m_i_55/2 "/>
</bind>
</comp>

<comp id="1216" class="1004" name="tmp_84_1_i_fu_1216">
<pin_list>
<pin id="1217" dir="0" index="0" bw="32" slack="0"/>
<pin id="1218" dir="0" index="1" bw="32" slack="0"/>
<pin id="1219" dir="1" index="2" bw="1" slack="0"/>
</pin_list>
<bind>
<opcode="icmp(45) " fcode="icmp"/>
<opset="tmp_84_1_i/2 "/>
</bind>
</comp>

<comp id="1222" class="1004" name="tmp_85_1_i_fu_1222">
<pin_list>
<pin id="1223" dir="0" index="0" bw="6" slack="0"/>
<pin id="1224" dir="0" index="1" bw="32" slack="1"/>
<pin id="1225" dir="1" index="2" bw="32" slack="0"/>
</pin_list>
<bind>
<opcode="add(8) " fcode="add"/>
<opset="tmp_85_1_i/2 "/>
</bind>
</comp>

<comp id="1227" class="1004" name="tmp_86_1_i_fu_1227">
<pin_list>
<pin id="1228" dir="0" index="0" bw="16" slack="0"/>
<pin id="1229" dir="0" index="1" bw="32" slack="0"/>
<pin id="1230" dir="1" index="2" bw="32" slack="0"/>
</pin_list>
<bind>
<opcode="lshr(21) " fcode="lshr"/>
<opset="tmp_86_1_i/2 "/>
</bind>
</comp>

<comp id="1233" class="1004" name="tmp_87_1_i_fu_1233">
<pin_list>
<pin id="1234" dir="0" index="0" bw="6" slack="0"/>
<pin id="1235" dir="0" index="1" bw="32" slack="1"/>
<pin id="1236" dir="1" index="2" bw="32" slack="0"/>
</pin_list>
<bind>
<opcode="sub(10) " fcode="sub"/>
<opset="tmp_87_1_i/2 "/>
</bind>
</comp>

<comp id="1238" class="1004" name="tmp_88_1_i_fu_1238">
<pin_list>
<pin id="1239" dir="0" index="0" bw="16" slack="0"/>
<pin id="1240" dir="0" index="1" bw="32" slack="0"/>
<pin id="1241" dir="1" index="2" bw="32" slack="0"/>
</pin_list>
<bind>
<opcode="shl(20) " fcode="shl"/>
<opset="tmp_88_1_i/2 "/>
</bind>
</comp>

<comp id="1244" class="1004" name="m_1_1_i_fu_1244">
<pin_list>
<pin id="1245" dir="0" index="0" bw="1" slack="0"/>
<pin id="1246" dir="0" index="1" bw="32" slack="0"/>
<pin id="1247" dir="0" index="2" bw="32" slack="0"/>
<pin id="1248" dir="1" index="3" bw="32" slack="0"/>
</pin_list>
<bind>
<opcode="select(49) " fcode="select"/>
<opset="m_1_1_i/2 "/>
</bind>
</comp>

<comp id="1252" class="1004" name="m_2_1_i_fu_1252">
<pin_list>
<pin id="1253" dir="0" index="0" bw="32" slack="0"/>
<pin id="1254" dir="0" index="1" bw="32" slack="0"/>
<pin id="1255" dir="1" index="2" bw="32" slack="0"/>
</pin_list>
<bind>
<opcode="add(8) " fcode="add"/>
<opset="m_2_1_i/2 "/>
</bind>
</comp>

<comp id="1258" class="1004" name="m_6_1_i_fu_1258">
<pin_list>
<pin id="1259" dir="0" index="0" bw="31" slack="0"/>
<pin id="1260" dir="0" index="1" bw="32" slack="0"/>
<pin id="1261" dir="0" index="2" bw="1" slack="0"/>
<pin id="1262" dir="0" index="3" bw="6" slack="0"/>
<pin id="1263" dir="1" index="4" bw="31" slack="1"/>
</pin_list>
<bind>
<opcode="partselect(1002) " fcode="partselect"/>
<opset="m_6_1_i/2 "/>
</bind>
</comp>

<comp id="1268" class="1004" name="tmp_148_fu_1268">
<pin_list>
<pin id="1269" dir="0" index="0" bw="1" slack="0"/>
<pin id="1270" dir="0" index="1" bw="32" slack="0"/>
<pin id="1271" dir="0" index="2" bw="6" slack="0"/>
<pin id="1272" dir="1" index="3" bw="1" slack="1"/>
</pin_list>
<bind>
<opcode="bitselect(1000) " fcode="bitselect"/>
<opset="tmp_148/2 "/>
</bind>
</comp>

<comp id="1276" class="1004" name="lsb_index_2_i_fu_1276">
<pin_list>
<pin id="1277" dir="0" index="0" bw="6" slack="0"/>
<pin id="1278" dir="0" index="1" bw="32" slack="1"/>
<pin id="1279" dir="1" index="2" bw="32" slack="0"/>
</pin_list>
<bind>
<opcode="add(8) " fcode="add"/>
<opset="lsb_index_2_i/2 "/>
</bind>
</comp>

<comp id="1281" class="1004" name="tmp_152_fu_1281">
<pin_list>
<pin id="1282" dir="0" index="0" bw="31" slack="0"/>
<pin id="1283" dir="0" index="1" bw="32" slack="0"/>
<pin id="1284" dir="0" index="2" bw="1" slack="0"/>
<pin id="1285" dir="0" index="3" bw="6" slack="0"/>
<pin id="1286" dir="1" index="4" bw="31" slack="0"/>
</pin_list>
<bind>
<opcode="partselect(1002) " fcode="partselect"/>
<opset="tmp_152/2 "/>
</bind>
</comp>

<comp id="1291" class="1004" name="icmp2_fu_1291">
<pin_list>
<pin id="1292" dir="0" index="0" bw="31" slack="0"/>
<pin id="1293" dir="0" index="1" bw="31" slack="0"/>
<pin id="1294" dir="1" index="2" bw="1" slack="0"/>
</pin_list>
<bind>
<opcode="icmp(45) " fcode="icmp"/>
<opset="icmp2/2 "/>
</bind>
</comp>

<comp id="1297" class="1004" name="tmp_154_fu_1297">
<pin_list>
<pin id="1298" dir="0" index="0" bw="5" slack="0"/>
<pin id="1299" dir="0" index="1" bw="5" slack="1"/>
<pin id="1300" dir="1" index="2" bw="5" slack="0"/>
</pin_list>
<bind>
<opcode="sub(10) " fcode="sub"/>
<opset="tmp_154/2 "/>
</bind>
</comp>

<comp id="1302" class="1004" name="tmp_155_fu_1302">
<pin_list>
<pin id="1303" dir="0" index="0" bw="5" slack="0"/>
<pin id="1304" dir="1" index="1" bw="16" slack="0"/>
</pin_list>
<bind>
<opcode="zext(34) " fcode="zext"/>
<opset="tmp_155/2 "/>
</bind>
</comp>

<comp id="1306" class="1004" name="tmp_156_fu_1306">
<pin_list>
<pin id="1307" dir="0" index="0" bw="1" slack="0"/>
<pin id="1308" dir="0" index="1" bw="5" slack="0"/>
<pin id="1309" dir="1" index="2" bw="16" slack="0"/>
</pin_list>
<bind>
<opcode="lshr(21) " fcode="lshr"/>
<opset="tmp_156/2 "/>
</bind>
</comp>

<comp id="1312" class="1004" name="tmp_157_fu_1312">
<pin_list>
<pin id="1313" dir="0" index="0" bw="16" slack="1"/>
<pin id="1314" dir="0" index="1" bw="16" slack="0"/>
<pin id="1315" dir="1" index="2" bw="16" slack="0"/>
</pin_list>
<bind>
<opcode="and(23) " fcode="and"/>
<opset="tmp_157/2 "/>
</bind>
</comp>

<comp id="1317" class="1004" name="tmp_77_2_i_fu_1317">
<pin_list>
<pin id="1318" dir="0" index="0" bw="16" slack="0"/>
<pin id="1319" dir="0" index="1" bw="16" slack="0"/>
<pin id="1320" dir="1" index="2" bw="1" slack="0"/>
</pin_list>
<bind>
<opcode="icmp(45) " fcode="icmp"/>
<opset="tmp_77_2_i/2 "/>
</bind>
</comp>

<comp id="1323" class="1004" name="a_2_i_fu_1323">
<pin_list>
<pin id="1324" dir="0" index="0" bw="1" slack="0"/>
<pin id="1325" dir="0" index="1" bw="1" slack="0"/>
<pin id="1326" dir="1" index="2" bw="1" slack="0"/>
</pin_list>
<bind>
<opcode="and(23) " fcode="and"/>
<opset="a_2_i/2 "/>
</bind>
</comp>

<comp id="1329" class="1004" name="tmp_158_fu_1329">
<pin_list>
<pin id="1330" dir="0" index="0" bw="1" slack="0"/>
<pin id="1331" dir="0" index="1" bw="32" slack="0"/>
<pin id="1332" dir="0" index="2" bw="6" slack="0"/>
<pin id="1333" dir="1" index="3" bw="1" slack="0"/>
</pin_list>
<bind>
<opcode="bitselect(1000) " fcode="bitselect"/>
<opset="tmp_158/2 "/>
</bind>
</comp>

<comp id="1337" class="1004" name="rev2_fu_1337">
<pin_list>
<pin id="1338" dir="0" index="0" bw="1" slack="0"/>
<pin id="1339" dir="0" index="1" bw="1" slack="0"/>
<pin id="1340" dir="1" index="2" bw="1" slack="0"/>
</pin_list>
<bind>
<opcode="xor(25) " fcode="xor"/>
<opset="rev2/2 "/>
</bind>
</comp>

<comp id="1343" class="1004" name="tmp_79_2_i_fu_1343">
<pin_list>
<pin id="1344" dir="0" index="0" bw="6" slack="0"/>
<pin id="1345" dir="0" index="1" bw="16" slack="1"/>
<pin id="1346" dir="1" index="2" bw="16" slack="0"/>
</pin_list>
<bind>
<opcode="add(8) " fcode="add"/>
<opset="tmp_79_2_i/2 "/>
</bind>
</comp>

<comp id="1348" class="1004" name="p_Result_20_2_i_fu_1348">
<pin_list>
<pin id="1349" dir="0" index="0" bw="1" slack="0"/>
<pin id="1350" dir="0" index="1" bw="16" slack="1"/>
<pin id="1351" dir="0" index="2" bw="16" slack="0"/>
<pin id="1352" dir="1" index="3" bw="1" slack="0"/>
</pin_list>
<bind>
<opcode="bitselect(1000) " fcode="bitselect"/>
<opset="p_Result_20_2_i/2 "/>
</bind>
</comp>

<comp id="1355" class="1004" name="tmp_81_2_i_fu_1355">
<pin_list>
<pin id="1356" dir="0" index="0" bw="1" slack="0"/>
<pin id="1357" dir="0" index="1" bw="1" slack="0"/>
<pin id="1358" dir="1" index="2" bw="1" slack="0"/>
</pin_list>
<bind>
<opcode="and(23) " fcode="and"/>
<opset="tmp_81_2_i/2 "/>
</bind>
</comp>

<comp id="1361" class="1004" name="tmp_104_i_fu_1361">
<pin_list>
<pin id="1362" dir="0" index="0" bw="1" slack="0"/>
<pin id="1363" dir="0" index="1" bw="1" slack="0"/>
<pin id="1364" dir="1" index="2" bw="1" slack="0"/>
</pin_list>
<bind>
<opcode="or(24) " fcode="or"/>
<opset="tmp_104_i/2 "/>
</bind>
</comp>

<comp id="1367" class="1004" name="tmp_83_2_i_fu_1367">
<pin_list>
<pin id="1368" dir="0" index="0" bw="32" slack="0"/>
<pin id="1369" dir="0" index="1" bw="1" slack="0"/>
<pin id="1370" dir="0" index="2" bw="1" slack="0"/>
<pin id="1371" dir="1" index="3" bw="32" slack="0"/>
</pin_list>
<bind>
<opcode="bitconcatenate(1004) " fcode="bitconcatenate"/>
<opset="tmp_83_2_i/2 "/>
</bind>
</comp>

<comp id="1375" class="1004" name="m_10_i_fu_1375">
<pin_list>
<pin id="1376" dir="0" index="0" bw="16" slack="1"/>
<pin id="1377" dir="1" index="1" bw="32" slack="0"/>
</pin_list>
<bind>
<opcode="zext(34) " fcode="zext"/>
<opset="m_10_i/2 "/>
</bind>
</comp>

<comp id="1378" class="1004" name="tmp_84_2_i_fu_1378">
<pin_list>
<pin id="1379" dir="0" index="0" bw="32" slack="0"/>
<pin id="1380" dir="0" index="1" bw="32" slack="0"/>
<pin id="1381" dir="1" index="2" bw="1" slack="0"/>
</pin_list>
<bind>
<opcode="icmp(45) " fcode="icmp"/>
<opset="tmp_84_2_i/2 "/>
</bind>
</comp>

<comp id="1384" class="1004" name="tmp_85_2_i_fu_1384">
<pin_list>
<pin id="1385" dir="0" index="0" bw="6" slack="0"/>
<pin id="1386" dir="0" index="1" bw="32" slack="1"/>
<pin id="1387" dir="1" index="2" bw="32" slack="0"/>
</pin_list>
<bind>
<opcode="add(8) " fcode="add"/>
<opset="tmp_85_2_i/2 "/>
</bind>
</comp>

<comp id="1389" class="1004" name="tmp_86_2_i_fu_1389">
<pin_list>
<pin id="1390" dir="0" index="0" bw="16" slack="0"/>
<pin id="1391" dir="0" index="1" bw="32" slack="0"/>
<pin id="1392" dir="1" index="2" bw="32" slack="0"/>
</pin_list>
<bind>
<opcode="lshr(21) " fcode="lshr"/>
<opset="tmp_86_2_i/2 "/>
</bind>
</comp>

<comp id="1395" class="1004" name="tmp_87_2_i_fu_1395">
<pin_list>
<pin id="1396" dir="0" index="0" bw="6" slack="0"/>
<pin id="1397" dir="0" index="1" bw="32" slack="1"/>
<pin id="1398" dir="1" index="2" bw="32" slack="0"/>
</pin_list>
<bind>
<opcode="sub(10) " fcode="sub"/>
<opset="tmp_87_2_i/2 "/>
</bind>
</comp>

<comp id="1400" class="1004" name="tmp_88_2_i_fu_1400">
<pin_list>
<pin id="1401" dir="0" index="0" bw="16" slack="0"/>
<pin id="1402" dir="0" index="1" bw="32" slack="0"/>
<pin id="1403" dir="1" index="2" bw="32" slack="0"/>
</pin_list>
<bind>
<opcode="shl(20) " fcode="shl"/>
<opset="tmp_88_2_i/2 "/>
</bind>
</comp>

<comp id="1406" class="1004" name="m_1_2_i_fu_1406">
<pin_list>
<pin id="1407" dir="0" index="0" bw="1" slack="0"/>
<pin id="1408" dir="0" index="1" bw="32" slack="0"/>
<pin id="1409" dir="0" index="2" bw="32" slack="0"/>
<pin id="1410" dir="1" index="3" bw="32" slack="0"/>
</pin_list>
<bind>
<opcode="select(49) " fcode="select"/>
<opset="m_1_2_i/2 "/>
</bind>
</comp>

<comp id="1414" class="1004" name="m_2_2_i_fu_1414">
<pin_list>
<pin id="1415" dir="0" index="0" bw="32" slack="0"/>
<pin id="1416" dir="0" index="1" bw="32" slack="0"/>
<pin id="1417" dir="1" index="2" bw="32" slack="0"/>
</pin_list>
<bind>
<opcode="add(8) " fcode="add"/>
<opset="m_2_2_i/2 "/>
</bind>
</comp>

<comp id="1420" class="1004" name="m_6_2_i_fu_1420">
<pin_list>
<pin id="1421" dir="0" index="0" bw="31" slack="0"/>
<pin id="1422" dir="0" index="1" bw="32" slack="0"/>
<pin id="1423" dir="0" index="2" bw="1" slack="0"/>
<pin id="1424" dir="0" index="3" bw="6" slack="0"/>
<pin id="1425" dir="1" index="4" bw="31" slack="1"/>
</pin_list>
<bind>
<opcode="partselect(1002) " fcode="partselect"/>
<opset="m_6_2_i/2 "/>
</bind>
</comp>

<comp id="1430" class="1004" name="tmp_159_fu_1430">
<pin_list>
<pin id="1431" dir="0" index="0" bw="1" slack="0"/>
<pin id="1432" dir="0" index="1" bw="32" slack="0"/>
<pin id="1433" dir="0" index="2" bw="6" slack="0"/>
<pin id="1434" dir="1" index="3" bw="1" slack="1"/>
</pin_list>
<bind>
<opcode="bitselect(1000) " fcode="bitselect"/>
<opset="tmp_159/2 "/>
</bind>
</comp>

<comp id="1438" class="1004" name="lsb_index_3_i_fu_1438">
<pin_list>
<pin id="1439" dir="0" index="0" bw="6" slack="0"/>
<pin id="1440" dir="0" index="1" bw="32" slack="1"/>
<pin id="1441" dir="1" index="2" bw="32" slack="0"/>
</pin_list>
<bind>
<opcode="add(8) " fcode="add"/>
<opset="lsb_index_3_i/2 "/>
</bind>
</comp>

<comp id="1443" class="1004" name="tmp_163_fu_1443">
<pin_list>
<pin id="1444" dir="0" index="0" bw="31" slack="0"/>
<pin id="1445" dir="0" index="1" bw="32" slack="0"/>
<pin id="1446" dir="0" index="2" bw="1" slack="0"/>
<pin id="1447" dir="0" index="3" bw="6" slack="0"/>
<pin id="1448" dir="1" index="4" bw="31" slack="0"/>
</pin_list>
<bind>
<opcode="partselect(1002) " fcode="partselect"/>
<opset="tmp_163/2 "/>
</bind>
</comp>

<comp id="1453" class="1004" name="icmp3_fu_1453">
<pin_list>
<pin id="1454" dir="0" index="0" bw="31" slack="0"/>
<pin id="1455" dir="0" index="1" bw="31" slack="0"/>
<pin id="1456" dir="1" index="2" bw="1" slack="0"/>
</pin_list>
<bind>
<opcode="icmp(45) " fcode="icmp"/>
<opset="icmp3/2 "/>
</bind>
</comp>

<comp id="1459" class="1004" name="tmp_165_fu_1459">
<pin_list>
<pin id="1460" dir="0" index="0" bw="5" slack="0"/>
<pin id="1461" dir="0" index="1" bw="5" slack="1"/>
<pin id="1462" dir="1" index="2" bw="5" slack="0"/>
</pin_list>
<bind>
<opcode="sub(10) " fcode="sub"/>
<opset="tmp_165/2 "/>
</bind>
</comp>

<comp id="1464" class="1004" name="tmp_166_fu_1464">
<pin_list>
<pin id="1465" dir="0" index="0" bw="5" slack="0"/>
<pin id="1466" dir="1" index="1" bw="16" slack="0"/>
</pin_list>
<bind>
<opcode="zext(34) " fcode="zext"/>
<opset="tmp_166/2 "/>
</bind>
</comp>

<comp id="1468" class="1004" name="tmp_167_fu_1468">
<pin_list>
<pin id="1469" dir="0" index="0" bw="1" slack="0"/>
<pin id="1470" dir="0" index="1" bw="5" slack="0"/>
<pin id="1471" dir="1" index="2" bw="16" slack="0"/>
</pin_list>
<bind>
<opcode="lshr(21) " fcode="lshr"/>
<opset="tmp_167/2 "/>
</bind>
</comp>

<comp id="1474" class="1004" name="tmp_168_fu_1474">
<pin_list>
<pin id="1475" dir="0" index="0" bw="16" slack="1"/>
<pin id="1476" dir="0" index="1" bw="16" slack="0"/>
<pin id="1477" dir="1" index="2" bw="16" slack="0"/>
</pin_list>
<bind>
<opcode="and(23) " fcode="and"/>
<opset="tmp_168/2 "/>
</bind>
</comp>

<comp id="1479" class="1004" name="tmp_77_3_i_fu_1479">
<pin_list>
<pin id="1480" dir="0" index="0" bw="16" slack="0"/>
<pin id="1481" dir="0" index="1" bw="16" slack="0"/>
<pin id="1482" dir="1" index="2" bw="1" slack="0"/>
</pin_list>
<bind>
<opcode="icmp(45) " fcode="icmp"/>
<opset="tmp_77_3_i/2 "/>
</bind>
</comp>

<comp id="1485" class="1004" name="a_3_i_fu_1485">
<pin_list>
<pin id="1486" dir="0" index="0" bw="1" slack="0"/>
<pin id="1487" dir="0" index="1" bw="1" slack="0"/>
<pin id="1488" dir="1" index="2" bw="1" slack="0"/>
</pin_list>
<bind>
<opcode="and(23) " fcode="and"/>
<opset="a_3_i/2 "/>
</bind>
</comp>

<comp id="1491" class="1004" name="tmp_169_fu_1491">
<pin_list>
<pin id="1492" dir="0" index="0" bw="1" slack="0"/>
<pin id="1493" dir="0" index="1" bw="32" slack="0"/>
<pin id="1494" dir="0" index="2" bw="6" slack="0"/>
<pin id="1495" dir="1" index="3" bw="1" slack="0"/>
</pin_list>
<bind>
<opcode="bitselect(1000) " fcode="bitselect"/>
<opset="tmp_169/2 "/>
</bind>
</comp>

<comp id="1499" class="1004" name="rev3_fu_1499">
<pin_list>
<pin id="1500" dir="0" index="0" bw="1" slack="0"/>
<pin id="1501" dir="0" index="1" bw="1" slack="0"/>
<pin id="1502" dir="1" index="2" bw="1" slack="0"/>
</pin_list>
<bind>
<opcode="xor(25) " fcode="xor"/>
<opset="rev3/2 "/>
</bind>
</comp>

<comp id="1505" class="1004" name="tmp_79_3_i_fu_1505">
<pin_list>
<pin id="1506" dir="0" index="0" bw="6" slack="0"/>
<pin id="1507" dir="0" index="1" bw="16" slack="1"/>
<pin id="1508" dir="1" index="2" bw="16" slack="0"/>
</pin_list>
<bind>
<opcode="add(8) " fcode="add"/>
<opset="tmp_79_3_i/2 "/>
</bind>
</comp>

<comp id="1510" class="1004" name="p_Result_20_3_i_fu_1510">
<pin_list>
<pin id="1511" dir="0" index="0" bw="1" slack="0"/>
<pin id="1512" dir="0" index="1" bw="16" slack="1"/>
<pin id="1513" dir="0" index="2" bw="16" slack="0"/>
<pin id="1514" dir="1" index="3" bw="1" slack="0"/>
</pin_list>
<bind>
<opcode="bitselect(1000) " fcode="bitselect"/>
<opset="p_Result_20_3_i/2 "/>
</bind>
</comp>

<comp id="1517" class="1004" name="tmp_81_3_i_fu_1517">
<pin_list>
<pin id="1518" dir="0" index="0" bw="1" slack="0"/>
<pin id="1519" dir="0" index="1" bw="1" slack="0"/>
<pin id="1520" dir="1" index="2" bw="1" slack="0"/>
</pin_list>
<bind>
<opcode="and(23) " fcode="and"/>
<opset="tmp_81_3_i/2 "/>
</bind>
</comp>

<comp id="1523" class="1004" name="tmp_112_i_fu_1523">
<pin_list>
<pin id="1524" dir="0" index="0" bw="1" slack="0"/>
<pin id="1525" dir="0" index="1" bw="1" slack="0"/>
<pin id="1526" dir="1" index="2" bw="1" slack="0"/>
</pin_list>
<bind>
<opcode="or(24) " fcode="or"/>
<opset="tmp_112_i/2 "/>
</bind>
</comp>

<comp id="1529" class="1004" name="tmp_83_3_i_fu_1529">
<pin_list>
<pin id="1530" dir="0" index="0" bw="32" slack="0"/>
<pin id="1531" dir="0" index="1" bw="1" slack="0"/>
<pin id="1532" dir="0" index="2" bw="1" slack="0"/>
<pin id="1533" dir="1" index="3" bw="32" slack="0"/>
</pin_list>
<bind>
<opcode="bitconcatenate(1004) " fcode="bitconcatenate"/>
<opset="tmp_83_3_i/2 "/>
</bind>
</comp>

<comp id="1537" class="1004" name="m_3_i_fu_1537">
<pin_list>
<pin id="1538" dir="0" index="0" bw="16" slack="1"/>
<pin id="1539" dir="1" index="1" bw="32" slack="0"/>
</pin_list>
<bind>
<opcode="zext(34) " fcode="zext"/>
<opset="m_3_i/2 "/>
</bind>
</comp>

<comp id="1540" class="1004" name="tmp_84_3_i_fu_1540">
<pin_list>
<pin id="1541" dir="0" index="0" bw="32" slack="0"/>
<pin id="1542" dir="0" index="1" bw="32" slack="0"/>
<pin id="1543" dir="1" index="2" bw="1" slack="0"/>
</pin_list>
<bind>
<opcode="icmp(45) " fcode="icmp"/>
<opset="tmp_84_3_i/2 "/>
</bind>
</comp>

<comp id="1546" class="1004" name="tmp_85_3_i_fu_1546">
<pin_list>
<pin id="1547" dir="0" index="0" bw="6" slack="0"/>
<pin id="1548" dir="0" index="1" bw="32" slack="1"/>
<pin id="1549" dir="1" index="2" bw="32" slack="0"/>
</pin_list>
<bind>
<opcode="add(8) " fcode="add"/>
<opset="tmp_85_3_i/2 "/>
</bind>
</comp>

<comp id="1551" class="1004" name="tmp_86_3_i_fu_1551">
<pin_list>
<pin id="1552" dir="0" index="0" bw="16" slack="0"/>
<pin id="1553" dir="0" index="1" bw="32" slack="0"/>
<pin id="1554" dir="1" index="2" bw="32" slack="0"/>
</pin_list>
<bind>
<opcode="lshr(21) " fcode="lshr"/>
<opset="tmp_86_3_i/2 "/>
</bind>
</comp>

<comp id="1557" class="1004" name="tmp_87_3_i_fu_1557">
<pin_list>
<pin id="1558" dir="0" index="0" bw="6" slack="0"/>
<pin id="1559" dir="0" index="1" bw="32" slack="1"/>
<pin id="1560" dir="1" index="2" bw="32" slack="0"/>
</pin_list>
<bind>
<opcode="sub(10) " fcode="sub"/>
<opset="tmp_87_3_i/2 "/>
</bind>
</comp>

<comp id="1562" class="1004" name="tmp_88_3_i_fu_1562">
<pin_list>
<pin id="1563" dir="0" index="0" bw="16" slack="0"/>
<pin id="1564" dir="0" index="1" bw="32" slack="0"/>
<pin id="1565" dir="1" index="2" bw="32" slack="0"/>
</pin_list>
<bind>
<opcode="shl(20) " fcode="shl"/>
<opset="tmp_88_3_i/2 "/>
</bind>
</comp>

<comp id="1568" class="1004" name="m_1_3_i_fu_1568">
<pin_list>
<pin id="1569" dir="0" index="0" bw="1" slack="0"/>
<pin id="1570" dir="0" index="1" bw="32" slack="0"/>
<pin id="1571" dir="0" index="2" bw="32" slack="0"/>
<pin id="1572" dir="1" index="3" bw="32" slack="0"/>
</pin_list>
<bind>
<opcode="select(49) " fcode="select"/>
<opset="m_1_3_i/2 "/>
</bind>
</comp>

<comp id="1576" class="1004" name="m_2_3_i_fu_1576">
<pin_list>
<pin id="1577" dir="0" index="0" bw="32" slack="0"/>
<pin id="1578" dir="0" index="1" bw="32" slack="0"/>
<pin id="1579" dir="1" index="2" bw="32" slack="0"/>
</pin_list>
<bind>
<opcode="add(8) " fcode="add"/>
<opset="m_2_3_i/2 "/>
</bind>
</comp>

<comp id="1582" class="1004" name="m_6_3_i_fu_1582">
<pin_list>
<pin id="1583" dir="0" index="0" bw="31" slack="0"/>
<pin id="1584" dir="0" index="1" bw="32" slack="0"/>
<pin id="1585" dir="0" index="2" bw="1" slack="0"/>
<pin id="1586" dir="0" index="3" bw="6" slack="0"/>
<pin id="1587" dir="1" index="4" bw="31" slack="1"/>
</pin_list>
<bind>
<opcode="partselect(1002) " fcode="partselect"/>
<opset="m_6_3_i/2 "/>
</bind>
</comp>

<comp id="1592" class="1004" name="tmp_170_fu_1592">
<pin_list>
<pin id="1593" dir="0" index="0" bw="1" slack="0"/>
<pin id="1594" dir="0" index="1" bw="32" slack="0"/>
<pin id="1595" dir="0" index="2" bw="6" slack="0"/>
<pin id="1596" dir="1" index="3" bw="1" slack="1"/>
</pin_list>
<bind>
<opcode="bitselect(1000) " fcode="bitselect"/>
<opset="tmp_170/2 "/>
</bind>
</comp>

<comp id="1600" class="1004" name="lsb_index_4_i_fu_1600">
<pin_list>
<pin id="1601" dir="0" index="0" bw="6" slack="0"/>
<pin id="1602" dir="0" index="1" bw="32" slack="1"/>
<pin id="1603" dir="1" index="2" bw="32" slack="0"/>
</pin_list>
<bind>
<opcode="add(8) " fcode="add"/>
<opset="lsb_index_4_i/2 "/>
</bind>
</comp>

<comp id="1605" class="1004" name="tmp_174_fu_1605">
<pin_list>
<pin id="1606" dir="0" index="0" bw="31" slack="0"/>
<pin id="1607" dir="0" index="1" bw="32" slack="0"/>
<pin id="1608" dir="0" index="2" bw="1" slack="0"/>
<pin id="1609" dir="0" index="3" bw="6" slack="0"/>
<pin id="1610" dir="1" index="4" bw="31" slack="0"/>
</pin_list>
<bind>
<opcode="partselect(1002) " fcode="partselect"/>
<opset="tmp_174/2 "/>
</bind>
</comp>

<comp id="1615" class="1004" name="icmp4_fu_1615">
<pin_list>
<pin id="1616" dir="0" index="0" bw="31" slack="0"/>
<pin id="1617" dir="0" index="1" bw="31" slack="0"/>
<pin id="1618" dir="1" index="2" bw="1" slack="0"/>
</pin_list>
<bind>
<opcode="icmp(45) " fcode="icmp"/>
<opset="icmp4/2 "/>
</bind>
</comp>

<comp id="1621" class="1004" name="tmp_176_fu_1621">
<pin_list>
<pin id="1622" dir="0" index="0" bw="5" slack="0"/>
<pin id="1623" dir="0" index="1" bw="5" slack="1"/>
<pin id="1624" dir="1" index="2" bw="5" slack="0"/>
</pin_list>
<bind>
<opcode="sub(10) " fcode="sub"/>
<opset="tmp_176/2 "/>
</bind>
</comp>

<comp id="1626" class="1004" name="tmp_177_fu_1626">
<pin_list>
<pin id="1627" dir="0" index="0" bw="5" slack="0"/>
<pin id="1628" dir="1" index="1" bw="16" slack="0"/>
</pin_list>
<bind>
<opcode="zext(34) " fcode="zext"/>
<opset="tmp_177/2 "/>
</bind>
</comp>

<comp id="1630" class="1004" name="tmp_178_fu_1630">
<pin_list>
<pin id="1631" dir="0" index="0" bw="1" slack="0"/>
<pin id="1632" dir="0" index="1" bw="5" slack="0"/>
<pin id="1633" dir="1" index="2" bw="16" slack="0"/>
</pin_list>
<bind>
<opcode="lshr(21) " fcode="lshr"/>
<opset="tmp_178/2 "/>
</bind>
</comp>

<comp id="1636" class="1004" name="tmp_179_fu_1636">
<pin_list>
<pin id="1637" dir="0" index="0" bw="16" slack="1"/>
<pin id="1638" dir="0" index="1" bw="16" slack="0"/>
<pin id="1639" dir="1" index="2" bw="16" slack="0"/>
</pin_list>
<bind>
<opcode="and(23) " fcode="and"/>
<opset="tmp_179/2 "/>
</bind>
</comp>

<comp id="1641" class="1004" name="tmp_77_4_i_fu_1641">
<pin_list>
<pin id="1642" dir="0" index="0" bw="16" slack="0"/>
<pin id="1643" dir="0" index="1" bw="16" slack="0"/>
<pin id="1644" dir="1" index="2" bw="1" slack="0"/>
</pin_list>
<bind>
<opcode="icmp(45) " fcode="icmp"/>
<opset="tmp_77_4_i/2 "/>
</bind>
</comp>

<comp id="1647" class="1004" name="a_4_i_fu_1647">
<pin_list>
<pin id="1648" dir="0" index="0" bw="1" slack="0"/>
<pin id="1649" dir="0" index="1" bw="1" slack="0"/>
<pin id="1650" dir="1" index="2" bw="1" slack="0"/>
</pin_list>
<bind>
<opcode="and(23) " fcode="and"/>
<opset="a_4_i/2 "/>
</bind>
</comp>

<comp id="1653" class="1004" name="tmp_180_fu_1653">
<pin_list>
<pin id="1654" dir="0" index="0" bw="1" slack="0"/>
<pin id="1655" dir="0" index="1" bw="32" slack="0"/>
<pin id="1656" dir="0" index="2" bw="6" slack="0"/>
<pin id="1657" dir="1" index="3" bw="1" slack="0"/>
</pin_list>
<bind>
<opcode="bitselect(1000) " fcode="bitselect"/>
<opset="tmp_180/2 "/>
</bind>
</comp>

<comp id="1661" class="1004" name="rev4_fu_1661">
<pin_list>
<pin id="1662" dir="0" index="0" bw="1" slack="0"/>
<pin id="1663" dir="0" index="1" bw="1" slack="0"/>
<pin id="1664" dir="1" index="2" bw="1" slack="0"/>
</pin_list>
<bind>
<opcode="xor(25) " fcode="xor"/>
<opset="rev4/2 "/>
</bind>
</comp>

<comp id="1667" class="1004" name="tmp_79_4_i_fu_1667">
<pin_list>
<pin id="1668" dir="0" index="0" bw="6" slack="0"/>
<pin id="1669" dir="0" index="1" bw="16" slack="1"/>
<pin id="1670" dir="1" index="2" bw="16" slack="0"/>
</pin_list>
<bind>
<opcode="add(8) " fcode="add"/>
<opset="tmp_79_4_i/2 "/>
</bind>
</comp>

<comp id="1672" class="1004" name="p_Result_20_4_i_fu_1672">
<pin_list>
<pin id="1673" dir="0" index="0" bw="1" slack="0"/>
<pin id="1674" dir="0" index="1" bw="16" slack="1"/>
<pin id="1675" dir="0" index="2" bw="16" slack="0"/>
<pin id="1676" dir="1" index="3" bw="1" slack="0"/>
</pin_list>
<bind>
<opcode="bitselect(1000) " fcode="bitselect"/>
<opset="p_Result_20_4_i/2 "/>
</bind>
</comp>

<comp id="1679" class="1004" name="tmp_81_4_i_fu_1679">
<pin_list>
<pin id="1680" dir="0" index="0" bw="1" slack="0"/>
<pin id="1681" dir="0" index="1" bw="1" slack="0"/>
<pin id="1682" dir="1" index="2" bw="1" slack="0"/>
</pin_list>
<bind>
<opcode="and(23) " fcode="and"/>
<opset="tmp_81_4_i/2 "/>
</bind>
</comp>

<comp id="1685" class="1004" name="tmp_120_i_fu_1685">
<pin_list>
<pin id="1686" dir="0" index="0" bw="1" slack="0"/>
<pin id="1687" dir="0" index="1" bw="1" slack="0"/>
<pin id="1688" dir="1" index="2" bw="1" slack="0"/>
</pin_list>
<bind>
<opcode="or(24) " fcode="or"/>
<opset="tmp_120_i/2 "/>
</bind>
</comp>

<comp id="1691" class="1004" name="tmp_83_4_i_fu_1691">
<pin_list>
<pin id="1692" dir="0" index="0" bw="32" slack="0"/>
<pin id="1693" dir="0" index="1" bw="1" slack="0"/>
<pin id="1694" dir="0" index="2" bw="1" slack="0"/>
<pin id="1695" dir="1" index="3" bw="32" slack="0"/>
</pin_list>
<bind>
<opcode="bitconcatenate(1004) " fcode="bitconcatenate"/>
<opset="tmp_83_4_i/2 "/>
</bind>
</comp>

<comp id="1699" class="1004" name="m_4_i_fu_1699">
<pin_list>
<pin id="1700" dir="0" index="0" bw="16" slack="1"/>
<pin id="1701" dir="1" index="1" bw="32" slack="0"/>
</pin_list>
<bind>
<opcode="zext(34) " fcode="zext"/>
<opset="m_4_i/2 "/>
</bind>
</comp>

<comp id="1702" class="1004" name="tmp_84_4_i_fu_1702">
<pin_list>
<pin id="1703" dir="0" index="0" bw="32" slack="0"/>
<pin id="1704" dir="0" index="1" bw="32" slack="0"/>
<pin id="1705" dir="1" index="2" bw="1" slack="0"/>
</pin_list>
<bind>
<opcode="icmp(45) " fcode="icmp"/>
<opset="tmp_84_4_i/2 "/>
</bind>
</comp>

<comp id="1708" class="1004" name="tmp_85_4_i_fu_1708">
<pin_list>
<pin id="1709" dir="0" index="0" bw="6" slack="0"/>
<pin id="1710" dir="0" index="1" bw="32" slack="1"/>
<pin id="1711" dir="1" index="2" bw="32" slack="0"/>
</pin_list>
<bind>
<opcode="add(8) " fcode="add"/>
<opset="tmp_85_4_i/2 "/>
</bind>
</comp>

<comp id="1713" class="1004" name="tmp_86_4_i_fu_1713">
<pin_list>
<pin id="1714" dir="0" index="0" bw="16" slack="0"/>
<pin id="1715" dir="0" index="1" bw="32" slack="0"/>
<pin id="1716" dir="1" index="2" bw="32" slack="0"/>
</pin_list>
<bind>
<opcode="lshr(21) " fcode="lshr"/>
<opset="tmp_86_4_i/2 "/>
</bind>
</comp>

<comp id="1719" class="1004" name="tmp_87_4_i_fu_1719">
<pin_list>
<pin id="1720" dir="0" index="0" bw="6" slack="0"/>
<pin id="1721" dir="0" index="1" bw="32" slack="1"/>
<pin id="1722" dir="1" index="2" bw="32" slack="0"/>
</pin_list>
<bind>
<opcode="sub(10) " fcode="sub"/>
<opset="tmp_87_4_i/2 "/>
</bind>
</comp>

<comp id="1724" class="1004" name="tmp_88_4_i_fu_1724">
<pin_list>
<pin id="1725" dir="0" index="0" bw="16" slack="0"/>
<pin id="1726" dir="0" index="1" bw="32" slack="0"/>
<pin id="1727" dir="1" index="2" bw="32" slack="0"/>
</pin_list>
<bind>
<opcode="shl(20) " fcode="shl"/>
<opset="tmp_88_4_i/2 "/>
</bind>
</comp>

<comp id="1730" class="1004" name="m_1_4_i_fu_1730">
<pin_list>
<pin id="1731" dir="0" index="0" bw="1" slack="0"/>
<pin id="1732" dir="0" index="1" bw="32" slack="0"/>
<pin id="1733" dir="0" index="2" bw="32" slack="0"/>
<pin id="1734" dir="1" index="3" bw="32" slack="0"/>
</pin_list>
<bind>
<opcode="select(49) " fcode="select"/>
<opset="m_1_4_i/2 "/>
</bind>
</comp>

<comp id="1738" class="1004" name="m_2_4_i_fu_1738">
<pin_list>
<pin id="1739" dir="0" index="0" bw="32" slack="0"/>
<pin id="1740" dir="0" index="1" bw="32" slack="0"/>
<pin id="1741" dir="1" index="2" bw="32" slack="0"/>
</pin_list>
<bind>
<opcode="add(8) " fcode="add"/>
<opset="m_2_4_i/2 "/>
</bind>
</comp>

<comp id="1744" class="1004" name="m_6_4_i_fu_1744">
<pin_list>
<pin id="1745" dir="0" index="0" bw="31" slack="0"/>
<pin id="1746" dir="0" index="1" bw="32" slack="0"/>
<pin id="1747" dir="0" index="2" bw="1" slack="0"/>
<pin id="1748" dir="0" index="3" bw="6" slack="0"/>
<pin id="1749" dir="1" index="4" bw="31" slack="1"/>
</pin_list>
<bind>
<opcode="partselect(1002) " fcode="partselect"/>
<opset="m_6_4_i/2 "/>
</bind>
</comp>

<comp id="1754" class="1004" name="tmp_181_fu_1754">
<pin_list>
<pin id="1755" dir="0" index="0" bw="1" slack="0"/>
<pin id="1756" dir="0" index="1" bw="32" slack="0"/>
<pin id="1757" dir="0" index="2" bw="6" slack="0"/>
<pin id="1758" dir="1" index="3" bw="1" slack="1"/>
</pin_list>
<bind>
<opcode="bitselect(1000) " fcode="bitselect"/>
<opset="tmp_181/2 "/>
</bind>
</comp>

<comp id="1762" class="1004" name="lsb_index_5_i_fu_1762">
<pin_list>
<pin id="1763" dir="0" index="0" bw="6" slack="0"/>
<pin id="1764" dir="0" index="1" bw="32" slack="1"/>
<pin id="1765" dir="1" index="2" bw="32" slack="0"/>
</pin_list>
<bind>
<opcode="add(8) " fcode="add"/>
<opset="lsb_index_5_i/2 "/>
</bind>
</comp>

<comp id="1767" class="1004" name="tmp_185_fu_1767">
<pin_list>
<pin id="1768" dir="0" index="0" bw="31" slack="0"/>
<pin id="1769" dir="0" index="1" bw="32" slack="0"/>
<pin id="1770" dir="0" index="2" bw="1" slack="0"/>
<pin id="1771" dir="0" index="3" bw="6" slack="0"/>
<pin id="1772" dir="1" index="4" bw="31" slack="0"/>
</pin_list>
<bind>
<opcode="partselect(1002) " fcode="partselect"/>
<opset="tmp_185/2 "/>
</bind>
</comp>

<comp id="1777" class="1004" name="icmp5_fu_1777">
<pin_list>
<pin id="1778" dir="0" index="0" bw="31" slack="0"/>
<pin id="1779" dir="0" index="1" bw="31" slack="0"/>
<pin id="1780" dir="1" index="2" bw="1" slack="0"/>
</pin_list>
<bind>
<opcode="icmp(45) " fcode="icmp"/>
<opset="icmp5/2 "/>
</bind>
</comp>

<comp id="1783" class="1004" name="tmp_187_fu_1783">
<pin_list>
<pin id="1784" dir="0" index="0" bw="5" slack="0"/>
<pin id="1785" dir="0" index="1" bw="5" slack="1"/>
<pin id="1786" dir="1" index="2" bw="5" slack="0"/>
</pin_list>
<bind>
<opcode="sub(10) " fcode="sub"/>
<opset="tmp_187/2 "/>
</bind>
</comp>

<comp id="1788" class="1004" name="tmp_188_fu_1788">
<pin_list>
<pin id="1789" dir="0" index="0" bw="5" slack="0"/>
<pin id="1790" dir="1" index="1" bw="16" slack="0"/>
</pin_list>
<bind>
<opcode="zext(34) " fcode="zext"/>
<opset="tmp_188/2 "/>
</bind>
</comp>

<comp id="1792" class="1004" name="tmp_189_fu_1792">
<pin_list>
<pin id="1793" dir="0" index="0" bw="1" slack="0"/>
<pin id="1794" dir="0" index="1" bw="5" slack="0"/>
<pin id="1795" dir="1" index="2" bw="16" slack="0"/>
</pin_list>
<bind>
<opcode="lshr(21) " fcode="lshr"/>
<opset="tmp_189/2 "/>
</bind>
</comp>

<comp id="1798" class="1004" name="tmp_190_fu_1798">
<pin_list>
<pin id="1799" dir="0" index="0" bw="16" slack="1"/>
<pin id="1800" dir="0" index="1" bw="16" slack="0"/>
<pin id="1801" dir="1" index="2" bw="16" slack="0"/>
</pin_list>
<bind>
<opcode="and(23) " fcode="and"/>
<opset="tmp_190/2 "/>
</bind>
</comp>

<comp id="1803" class="1004" name="tmp_77_5_i_fu_1803">
<pin_list>
<pin id="1804" dir="0" index="0" bw="16" slack="0"/>
<pin id="1805" dir="0" index="1" bw="16" slack="0"/>
<pin id="1806" dir="1" index="2" bw="1" slack="0"/>
</pin_list>
<bind>
<opcode="icmp(45) " fcode="icmp"/>
<opset="tmp_77_5_i/2 "/>
</bind>
</comp>

<comp id="1809" class="1004" name="a_5_i_fu_1809">
<pin_list>
<pin id="1810" dir="0" index="0" bw="1" slack="0"/>
<pin id="1811" dir="0" index="1" bw="1" slack="0"/>
<pin id="1812" dir="1" index="2" bw="1" slack="0"/>
</pin_list>
<bind>
<opcode="and(23) " fcode="and"/>
<opset="a_5_i/2 "/>
</bind>
</comp>

<comp id="1815" class="1004" name="tmp_191_fu_1815">
<pin_list>
<pin id="1816" dir="0" index="0" bw="1" slack="0"/>
<pin id="1817" dir="0" index="1" bw="32" slack="0"/>
<pin id="1818" dir="0" index="2" bw="6" slack="0"/>
<pin id="1819" dir="1" index="3" bw="1" slack="0"/>
</pin_list>
<bind>
<opcode="bitselect(1000) " fcode="bitselect"/>
<opset="tmp_191/2 "/>
</bind>
</comp>

<comp id="1823" class="1004" name="rev5_fu_1823">
<pin_list>
<pin id="1824" dir="0" index="0" bw="1" slack="0"/>
<pin id="1825" dir="0" index="1" bw="1" slack="0"/>
<pin id="1826" dir="1" index="2" bw="1" slack="0"/>
</pin_list>
<bind>
<opcode="xor(25) " fcode="xor"/>
<opset="rev5/2 "/>
</bind>
</comp>

<comp id="1829" class="1004" name="tmp_79_5_i_fu_1829">
<pin_list>
<pin id="1830" dir="0" index="0" bw="6" slack="0"/>
<pin id="1831" dir="0" index="1" bw="16" slack="1"/>
<pin id="1832" dir="1" index="2" bw="16" slack="0"/>
</pin_list>
<bind>
<opcode="add(8) " fcode="add"/>
<opset="tmp_79_5_i/2 "/>
</bind>
</comp>

<comp id="1834" class="1004" name="p_Result_20_5_i_fu_1834">
<pin_list>
<pin id="1835" dir="0" index="0" bw="1" slack="0"/>
<pin id="1836" dir="0" index="1" bw="16" slack="1"/>
<pin id="1837" dir="0" index="2" bw="16" slack="0"/>
<pin id="1838" dir="1" index="3" bw="1" slack="0"/>
</pin_list>
<bind>
<opcode="bitselect(1000) " fcode="bitselect"/>
<opset="p_Result_20_5_i/2 "/>
</bind>
</comp>

<comp id="1841" class="1004" name="tmp_81_5_i_fu_1841">
<pin_list>
<pin id="1842" dir="0" index="0" bw="1" slack="0"/>
<pin id="1843" dir="0" index="1" bw="1" slack="0"/>
<pin id="1844" dir="1" index="2" bw="1" slack="0"/>
</pin_list>
<bind>
<opcode="and(23) " fcode="and"/>
<opset="tmp_81_5_i/2 "/>
</bind>
</comp>

<comp id="1847" class="1004" name="tmp_128_i_fu_1847">
<pin_list>
<pin id="1848" dir="0" index="0" bw="1" slack="0"/>
<pin id="1849" dir="0" index="1" bw="1" slack="0"/>
<pin id="1850" dir="1" index="2" bw="1" slack="0"/>
</pin_list>
<bind>
<opcode="or(24) " fcode="or"/>
<opset="tmp_128_i/2 "/>
</bind>
</comp>

<comp id="1853" class="1004" name="tmp_83_5_i_fu_1853">
<pin_list>
<pin id="1854" dir="0" index="0" bw="32" slack="0"/>
<pin id="1855" dir="0" index="1" bw="1" slack="0"/>
<pin id="1856" dir="0" index="2" bw="1" slack="0"/>
<pin id="1857" dir="1" index="3" bw="32" slack="0"/>
</pin_list>
<bind>
<opcode="bitconcatenate(1004) " fcode="bitconcatenate"/>
<opset="tmp_83_5_i/2 "/>
</bind>
</comp>

<comp id="1861" class="1004" name="m_5_i_fu_1861">
<pin_list>
<pin id="1862" dir="0" index="0" bw="16" slack="1"/>
<pin id="1863" dir="1" index="1" bw="32" slack="0"/>
</pin_list>
<bind>
<opcode="zext(34) " fcode="zext"/>
<opset="m_5_i/2 "/>
</bind>
</comp>

<comp id="1864" class="1004" name="tmp_84_5_i_fu_1864">
<pin_list>
<pin id="1865" dir="0" index="0" bw="32" slack="0"/>
<pin id="1866" dir="0" index="1" bw="32" slack="0"/>
<pin id="1867" dir="1" index="2" bw="1" slack="0"/>
</pin_list>
<bind>
<opcode="icmp(45) " fcode="icmp"/>
<opset="tmp_84_5_i/2 "/>
</bind>
</comp>

<comp id="1870" class="1004" name="tmp_85_5_i_fu_1870">
<pin_list>
<pin id="1871" dir="0" index="0" bw="6" slack="0"/>
<pin id="1872" dir="0" index="1" bw="32" slack="1"/>
<pin id="1873" dir="1" index="2" bw="32" slack="0"/>
</pin_list>
<bind>
<opcode="add(8) " fcode="add"/>
<opset="tmp_85_5_i/2 "/>
</bind>
</comp>

<comp id="1875" class="1004" name="tmp_86_5_i_fu_1875">
<pin_list>
<pin id="1876" dir="0" index="0" bw="16" slack="0"/>
<pin id="1877" dir="0" index="1" bw="32" slack="0"/>
<pin id="1878" dir="1" index="2" bw="32" slack="0"/>
</pin_list>
<bind>
<opcode="lshr(21) " fcode="lshr"/>
<opset="tmp_86_5_i/2 "/>
</bind>
</comp>

<comp id="1881" class="1004" name="tmp_87_5_i_fu_1881">
<pin_list>
<pin id="1882" dir="0" index="0" bw="6" slack="0"/>
<pin id="1883" dir="0" index="1" bw="32" slack="1"/>
<pin id="1884" dir="1" index="2" bw="32" slack="0"/>
</pin_list>
<bind>
<opcode="sub(10) " fcode="sub"/>
<opset="tmp_87_5_i/2 "/>
</bind>
</comp>

<comp id="1886" class="1004" name="tmp_88_5_i_fu_1886">
<pin_list>
<pin id="1887" dir="0" index="0" bw="16" slack="0"/>
<pin id="1888" dir="0" index="1" bw="32" slack="0"/>
<pin id="1889" dir="1" index="2" bw="32" slack="0"/>
</pin_list>
<bind>
<opcode="shl(20) " fcode="shl"/>
<opset="tmp_88_5_i/2 "/>
</bind>
</comp>

<comp id="1892" class="1004" name="m_1_5_i_fu_1892">
<pin_list>
<pin id="1893" dir="0" index="0" bw="1" slack="0"/>
<pin id="1894" dir="0" index="1" bw="32" slack="0"/>
<pin id="1895" dir="0" index="2" bw="32" slack="0"/>
<pin id="1896" dir="1" index="3" bw="32" slack="0"/>
</pin_list>
<bind>
<opcode="select(49) " fcode="select"/>
<opset="m_1_5_i/2 "/>
</bind>
</comp>

<comp id="1900" class="1004" name="m_2_5_i_fu_1900">
<pin_list>
<pin id="1901" dir="0" index="0" bw="32" slack="0"/>
<pin id="1902" dir="0" index="1" bw="32" slack="0"/>
<pin id="1903" dir="1" index="2" bw="32" slack="0"/>
</pin_list>
<bind>
<opcode="add(8) " fcode="add"/>
<opset="m_2_5_i/2 "/>
</bind>
</comp>

<comp id="1906" class="1004" name="m_6_5_i_fu_1906">
<pin_list>
<pin id="1907" dir="0" index="0" bw="31" slack="0"/>
<pin id="1908" dir="0" index="1" bw="32" slack="0"/>
<pin id="1909" dir="0" index="2" bw="1" slack="0"/>
<pin id="1910" dir="0" index="3" bw="6" slack="0"/>
<pin id="1911" dir="1" index="4" bw="31" slack="1"/>
</pin_list>
<bind>
<opcode="partselect(1002) " fcode="partselect"/>
<opset="m_6_5_i/2 "/>
</bind>
</comp>

<comp id="1916" class="1004" name="tmp_192_fu_1916">
<pin_list>
<pin id="1917" dir="0" index="0" bw="1" slack="0"/>
<pin id="1918" dir="0" index="1" bw="32" slack="0"/>
<pin id="1919" dir="0" index="2" bw="6" slack="0"/>
<pin id="1920" dir="1" index="3" bw="1" slack="1"/>
</pin_list>
<bind>
<opcode="bitselect(1000) " fcode="bitselect"/>
<opset="tmp_192/2 "/>
</bind>
</comp>

<comp id="1924" class="1004" name="lsb_index_6_i_fu_1924">
<pin_list>
<pin id="1925" dir="0" index="0" bw="6" slack="0"/>
<pin id="1926" dir="0" index="1" bw="32" slack="1"/>
<pin id="1927" dir="1" index="2" bw="32" slack="0"/>
</pin_list>
<bind>
<opcode="add(8) " fcode="add"/>
<opset="lsb_index_6_i/2 "/>
</bind>
</comp>

<comp id="1929" class="1004" name="tmp_196_fu_1929">
<pin_list>
<pin id="1930" dir="0" index="0" bw="31" slack="0"/>
<pin id="1931" dir="0" index="1" bw="32" slack="0"/>
<pin id="1932" dir="0" index="2" bw="1" slack="0"/>
<pin id="1933" dir="0" index="3" bw="6" slack="0"/>
<pin id="1934" dir="1" index="4" bw="31" slack="0"/>
</pin_list>
<bind>
<opcode="partselect(1002) " fcode="partselect"/>
<opset="tmp_196/2 "/>
</bind>
</comp>

<comp id="1939" class="1004" name="icmp6_fu_1939">
<pin_list>
<pin id="1940" dir="0" index="0" bw="31" slack="0"/>
<pin id="1941" dir="0" index="1" bw="31" slack="0"/>
<pin id="1942" dir="1" index="2" bw="1" slack="0"/>
</pin_list>
<bind>
<opcode="icmp(45) " fcode="icmp"/>
<opset="icmp6/2 "/>
</bind>
</comp>

<comp id="1945" class="1004" name="tmp_198_fu_1945">
<pin_list>
<pin id="1946" dir="0" index="0" bw="5" slack="0"/>
<pin id="1947" dir="0" index="1" bw="5" slack="1"/>
<pin id="1948" dir="1" index="2" bw="5" slack="0"/>
</pin_list>
<bind>
<opcode="sub(10) " fcode="sub"/>
<opset="tmp_198/2 "/>
</bind>
</comp>

<comp id="1950" class="1004" name="tmp_199_fu_1950">
<pin_list>
<pin id="1951" dir="0" index="0" bw="5" slack="0"/>
<pin id="1952" dir="1" index="1" bw="16" slack="0"/>
</pin_list>
<bind>
<opcode="zext(34) " fcode="zext"/>
<opset="tmp_199/2 "/>
</bind>
</comp>

<comp id="1954" class="1004" name="tmp_200_fu_1954">
<pin_list>
<pin id="1955" dir="0" index="0" bw="1" slack="0"/>
<pin id="1956" dir="0" index="1" bw="5" slack="0"/>
<pin id="1957" dir="1" index="2" bw="16" slack="0"/>
</pin_list>
<bind>
<opcode="lshr(21) " fcode="lshr"/>
<opset="tmp_200/2 "/>
</bind>
</comp>

<comp id="1960" class="1004" name="tmp_201_fu_1960">
<pin_list>
<pin id="1961" dir="0" index="0" bw="16" slack="1"/>
<pin id="1962" dir="0" index="1" bw="16" slack="0"/>
<pin id="1963" dir="1" index="2" bw="16" slack="0"/>
</pin_list>
<bind>
<opcode="and(23) " fcode="and"/>
<opset="tmp_201/2 "/>
</bind>
</comp>

<comp id="1965" class="1004" name="tmp_77_6_i_fu_1965">
<pin_list>
<pin id="1966" dir="0" index="0" bw="16" slack="0"/>
<pin id="1967" dir="0" index="1" bw="16" slack="0"/>
<pin id="1968" dir="1" index="2" bw="1" slack="0"/>
</pin_list>
<bind>
<opcode="icmp(45) " fcode="icmp"/>
<opset="tmp_77_6_i/2 "/>
</bind>
</comp>

<comp id="1971" class="1004" name="a_6_i_fu_1971">
<pin_list>
<pin id="1972" dir="0" index="0" bw="1" slack="0"/>
<pin id="1973" dir="0" index="1" bw="1" slack="0"/>
<pin id="1974" dir="1" index="2" bw="1" slack="0"/>
</pin_list>
<bind>
<opcode="and(23) " fcode="and"/>
<opset="a_6_i/2 "/>
</bind>
</comp>

<comp id="1977" class="1004" name="tmp_202_fu_1977">
<pin_list>
<pin id="1978" dir="0" index="0" bw="1" slack="0"/>
<pin id="1979" dir="0" index="1" bw="32" slack="0"/>
<pin id="1980" dir="0" index="2" bw="6" slack="0"/>
<pin id="1981" dir="1" index="3" bw="1" slack="0"/>
</pin_list>
<bind>
<opcode="bitselect(1000) " fcode="bitselect"/>
<opset="tmp_202/2 "/>
</bind>
</comp>

<comp id="1985" class="1004" name="rev6_fu_1985">
<pin_list>
<pin id="1986" dir="0" index="0" bw="1" slack="0"/>
<pin id="1987" dir="0" index="1" bw="1" slack="0"/>
<pin id="1988" dir="1" index="2" bw="1" slack="0"/>
</pin_list>
<bind>
<opcode="xor(25) " fcode="xor"/>
<opset="rev6/2 "/>
</bind>
</comp>

<comp id="1991" class="1004" name="tmp_79_6_i_fu_1991">
<pin_list>
<pin id="1992" dir="0" index="0" bw="6" slack="0"/>
<pin id="1993" dir="0" index="1" bw="16" slack="1"/>
<pin id="1994" dir="1" index="2" bw="16" slack="0"/>
</pin_list>
<bind>
<opcode="add(8) " fcode="add"/>
<opset="tmp_79_6_i/2 "/>
</bind>
</comp>

<comp id="1996" class="1004" name="p_Result_20_6_i_fu_1996">
<pin_list>
<pin id="1997" dir="0" index="0" bw="1" slack="0"/>
<pin id="1998" dir="0" index="1" bw="16" slack="1"/>
<pin id="1999" dir="0" index="2" bw="16" slack="0"/>
<pin id="2000" dir="1" index="3" bw="1" slack="0"/>
</pin_list>
<bind>
<opcode="bitselect(1000) " fcode="bitselect"/>
<opset="p_Result_20_6_i/2 "/>
</bind>
</comp>

<comp id="2003" class="1004" name="tmp_81_6_i_fu_2003">
<pin_list>
<pin id="2004" dir="0" index="0" bw="1" slack="0"/>
<pin id="2005" dir="0" index="1" bw="1" slack="0"/>
<pin id="2006" dir="1" index="2" bw="1" slack="0"/>
</pin_list>
<bind>
<opcode="and(23) " fcode="and"/>
<opset="tmp_81_6_i/2 "/>
</bind>
</comp>

<comp id="2009" class="1004" name="tmp_136_i_fu_2009">
<pin_list>
<pin id="2010" dir="0" index="0" bw="1" slack="0"/>
<pin id="2011" dir="0" index="1" bw="1" slack="0"/>
<pin id="2012" dir="1" index="2" bw="1" slack="0"/>
</pin_list>
<bind>
<opcode="or(24) " fcode="or"/>
<opset="tmp_136_i/2 "/>
</bind>
</comp>

<comp id="2015" class="1004" name="tmp_83_6_i_fu_2015">
<pin_list>
<pin id="2016" dir="0" index="0" bw="32" slack="0"/>
<pin id="2017" dir="0" index="1" bw="1" slack="0"/>
<pin id="2018" dir="0" index="2" bw="1" slack="0"/>
<pin id="2019" dir="1" index="3" bw="32" slack="0"/>
</pin_list>
<bind>
<opcode="bitconcatenate(1004) " fcode="bitconcatenate"/>
<opset="tmp_83_6_i/2 "/>
</bind>
</comp>

<comp id="2023" class="1004" name="m_11_i_fu_2023">
<pin_list>
<pin id="2024" dir="0" index="0" bw="16" slack="1"/>
<pin id="2025" dir="1" index="1" bw="32" slack="0"/>
</pin_list>
<bind>
<opcode="zext(34) " fcode="zext"/>
<opset="m_11_i/2 "/>
</bind>
</comp>

<comp id="2026" class="1004" name="tmp_84_6_i_fu_2026">
<pin_list>
<pin id="2027" dir="0" index="0" bw="32" slack="0"/>
<pin id="2028" dir="0" index="1" bw="32" slack="0"/>
<pin id="2029" dir="1" index="2" bw="1" slack="0"/>
</pin_list>
<bind>
<opcode="icmp(45) " fcode="icmp"/>
<opset="tmp_84_6_i/2 "/>
</bind>
</comp>

<comp id="2032" class="1004" name="tmp_85_6_i_fu_2032">
<pin_list>
<pin id="2033" dir="0" index="0" bw="6" slack="0"/>
<pin id="2034" dir="0" index="1" bw="32" slack="1"/>
<pin id="2035" dir="1" index="2" bw="32" slack="0"/>
</pin_list>
<bind>
<opcode="add(8) " fcode="add"/>
<opset="tmp_85_6_i/2 "/>
</bind>
</comp>

<comp id="2037" class="1004" name="tmp_86_6_i_fu_2037">
<pin_list>
<pin id="2038" dir="0" index="0" bw="16" slack="0"/>
<pin id="2039" dir="0" index="1" bw="32" slack="0"/>
<pin id="2040" dir="1" index="2" bw="32" slack="0"/>
</pin_list>
<bind>
<opcode="lshr(21) " fcode="lshr"/>
<opset="tmp_86_6_i/2 "/>
</bind>
</comp>

<comp id="2043" class="1004" name="tmp_87_6_i_fu_2043">
<pin_list>
<pin id="2044" dir="0" index="0" bw="6" slack="0"/>
<pin id="2045" dir="0" index="1" bw="32" slack="1"/>
<pin id="2046" dir="1" index="2" bw="32" slack="0"/>
</pin_list>
<bind>
<opcode="sub(10) " fcode="sub"/>
<opset="tmp_87_6_i/2 "/>
</bind>
</comp>

<comp id="2048" class="1004" name="tmp_88_6_i_fu_2048">
<pin_list>
<pin id="2049" dir="0" index="0" bw="16" slack="0"/>
<pin id="2050" dir="0" index="1" bw="32" slack="0"/>
<pin id="2051" dir="1" index="2" bw="32" slack="0"/>
</pin_list>
<bind>
<opcode="shl(20) " fcode="shl"/>
<opset="tmp_88_6_i/2 "/>
</bind>
</comp>

<comp id="2054" class="1004" name="m_1_6_i_fu_2054">
<pin_list>
<pin id="2055" dir="0" index="0" bw="1" slack="0"/>
<pin id="2056" dir="0" index="1" bw="32" slack="0"/>
<pin id="2057" dir="0" index="2" bw="32" slack="0"/>
<pin id="2058" dir="1" index="3" bw="32" slack="0"/>
</pin_list>
<bind>
<opcode="select(49) " fcode="select"/>
<opset="m_1_6_i/2 "/>
</bind>
</comp>

<comp id="2062" class="1004" name="m_2_6_i_fu_2062">
<pin_list>
<pin id="2063" dir="0" index="0" bw="32" slack="0"/>
<pin id="2064" dir="0" index="1" bw="32" slack="0"/>
<pin id="2065" dir="1" index="2" bw="32" slack="0"/>
</pin_list>
<bind>
<opcode="add(8) " fcode="add"/>
<opset="m_2_6_i/2 "/>
</bind>
</comp>

<comp id="2068" class="1004" name="m_6_6_i_fu_2068">
<pin_list>
<pin id="2069" dir="0" index="0" bw="31" slack="0"/>
<pin id="2070" dir="0" index="1" bw="32" slack="0"/>
<pin id="2071" dir="0" index="2" bw="1" slack="0"/>
<pin id="2072" dir="0" index="3" bw="6" slack="0"/>
<pin id="2073" dir="1" index="4" bw="31" slack="1"/>
</pin_list>
<bind>
<opcode="partselect(1002) " fcode="partselect"/>
<opset="m_6_6_i/2 "/>
</bind>
</comp>

<comp id="2078" class="1004" name="tmp_203_fu_2078">
<pin_list>
<pin id="2079" dir="0" index="0" bw="1" slack="0"/>
<pin id="2080" dir="0" index="1" bw="32" slack="0"/>
<pin id="2081" dir="0" index="2" bw="6" slack="0"/>
<pin id="2082" dir="1" index="3" bw="1" slack="1"/>
</pin_list>
<bind>
<opcode="bitselect(1000) " fcode="bitselect"/>
<opset="tmp_203/2 "/>
</bind>
</comp>

<comp id="2086" class="1004" name="lsb_index_7_i_fu_2086">
<pin_list>
<pin id="2087" dir="0" index="0" bw="6" slack="0"/>
<pin id="2088" dir="0" index="1" bw="32" slack="1"/>
<pin id="2089" dir="1" index="2" bw="32" slack="0"/>
</pin_list>
<bind>
<opcode="add(8) " fcode="add"/>
<opset="lsb_index_7_i/2 "/>
</bind>
</comp>

<comp id="2091" class="1004" name="tmp_207_fu_2091">
<pin_list>
<pin id="2092" dir="0" index="0" bw="31" slack="0"/>
<pin id="2093" dir="0" index="1" bw="32" slack="0"/>
<pin id="2094" dir="0" index="2" bw="1" slack="0"/>
<pin id="2095" dir="0" index="3" bw="6" slack="0"/>
<pin id="2096" dir="1" index="4" bw="31" slack="0"/>
</pin_list>
<bind>
<opcode="partselect(1002) " fcode="partselect"/>
<opset="tmp_207/2 "/>
</bind>
</comp>

<comp id="2101" class="1004" name="icmp7_fu_2101">
<pin_list>
<pin id="2102" dir="0" index="0" bw="31" slack="0"/>
<pin id="2103" dir="0" index="1" bw="31" slack="0"/>
<pin id="2104" dir="1" index="2" bw="1" slack="0"/>
</pin_list>
<bind>
<opcode="icmp(45) " fcode="icmp"/>
<opset="icmp7/2 "/>
</bind>
</comp>

<comp id="2107" class="1004" name="tmp_209_fu_2107">
<pin_list>
<pin id="2108" dir="0" index="0" bw="5" slack="0"/>
<pin id="2109" dir="0" index="1" bw="5" slack="1"/>
<pin id="2110" dir="1" index="2" bw="5" slack="0"/>
</pin_list>
<bind>
<opcode="sub(10) " fcode="sub"/>
<opset="tmp_209/2 "/>
</bind>
</comp>

<comp id="2112" class="1004" name="tmp_210_fu_2112">
<pin_list>
<pin id="2113" dir="0" index="0" bw="5" slack="0"/>
<pin id="2114" dir="1" index="1" bw="16" slack="0"/>
</pin_list>
<bind>
<opcode="zext(34) " fcode="zext"/>
<opset="tmp_210/2 "/>
</bind>
</comp>

<comp id="2116" class="1004" name="tmp_211_fu_2116">
<pin_list>
<pin id="2117" dir="0" index="0" bw="1" slack="0"/>
<pin id="2118" dir="0" index="1" bw="5" slack="0"/>
<pin id="2119" dir="1" index="2" bw="16" slack="0"/>
</pin_list>
<bind>
<opcode="lshr(21) " fcode="lshr"/>
<opset="tmp_211/2 "/>
</bind>
</comp>

<comp id="2122" class="1004" name="tmp_212_fu_2122">
<pin_list>
<pin id="2123" dir="0" index="0" bw="16" slack="1"/>
<pin id="2124" dir="0" index="1" bw="16" slack="0"/>
<pin id="2125" dir="1" index="2" bw="16" slack="0"/>
</pin_list>
<bind>
<opcode="and(23) " fcode="and"/>
<opset="tmp_212/2 "/>
</bind>
</comp>

<comp id="2127" class="1004" name="tmp_77_7_i_fu_2127">
<pin_list>
<pin id="2128" dir="0" index="0" bw="16" slack="0"/>
<pin id="2129" dir="0" index="1" bw="16" slack="0"/>
<pin id="2130" dir="1" index="2" bw="1" slack="0"/>
</pin_list>
<bind>
<opcode="icmp(45) " fcode="icmp"/>
<opset="tmp_77_7_i/2 "/>
</bind>
</comp>

<comp id="2133" class="1004" name="a_7_i_fu_2133">
<pin_list>
<pin id="2134" dir="0" index="0" bw="1" slack="0"/>
<pin id="2135" dir="0" index="1" bw="1" slack="0"/>
<pin id="2136" dir="1" index="2" bw="1" slack="0"/>
</pin_list>
<bind>
<opcode="and(23) " fcode="and"/>
<opset="a_7_i/2 "/>
</bind>
</comp>

<comp id="2139" class="1004" name="tmp_213_fu_2139">
<pin_list>
<pin id="2140" dir="0" index="0" bw="1" slack="0"/>
<pin id="2141" dir="0" index="1" bw="32" slack="0"/>
<pin id="2142" dir="0" index="2" bw="6" slack="0"/>
<pin id="2143" dir="1" index="3" bw="1" slack="0"/>
</pin_list>
<bind>
<opcode="bitselect(1000) " fcode="bitselect"/>
<opset="tmp_213/2 "/>
</bind>
</comp>

<comp id="2147" class="1004" name="rev7_fu_2147">
<pin_list>
<pin id="2148" dir="0" index="0" bw="1" slack="0"/>
<pin id="2149" dir="0" index="1" bw="1" slack="0"/>
<pin id="2150" dir="1" index="2" bw="1" slack="0"/>
</pin_list>
<bind>
<opcode="xor(25) " fcode="xor"/>
<opset="rev7/2 "/>
</bind>
</comp>

<comp id="2153" class="1004" name="tmp_79_7_i_fu_2153">
<pin_list>
<pin id="2154" dir="0" index="0" bw="6" slack="0"/>
<pin id="2155" dir="0" index="1" bw="16" slack="1"/>
<pin id="2156" dir="1" index="2" bw="16" slack="0"/>
</pin_list>
<bind>
<opcode="add(8) " fcode="add"/>
<opset="tmp_79_7_i/2 "/>
</bind>
</comp>

<comp id="2158" class="1004" name="p_Result_20_7_i_fu_2158">
<pin_list>
<pin id="2159" dir="0" index="0" bw="1" slack="0"/>
<pin id="2160" dir="0" index="1" bw="16" slack="1"/>
<pin id="2161" dir="0" index="2" bw="16" slack="0"/>
<pin id="2162" dir="1" index="3" bw="1" slack="0"/>
</pin_list>
<bind>
<opcode="bitselect(1000) " fcode="bitselect"/>
<opset="p_Result_20_7_i/2 "/>
</bind>
</comp>

<comp id="2165" class="1004" name="tmp_81_7_i_fu_2165">
<pin_list>
<pin id="2166" dir="0" index="0" bw="1" slack="0"/>
<pin id="2167" dir="0" index="1" bw="1" slack="0"/>
<pin id="2168" dir="1" index="2" bw="1" slack="0"/>
</pin_list>
<bind>
<opcode="and(23) " fcode="and"/>
<opset="tmp_81_7_i/2 "/>
</bind>
</comp>

<comp id="2171" class="1004" name="tmp_144_i_fu_2171">
<pin_list>
<pin id="2172" dir="0" index="0" bw="1" slack="0"/>
<pin id="2173" dir="0" index="1" bw="1" slack="0"/>
<pin id="2174" dir="1" index="2" bw="1" slack="0"/>
</pin_list>
<bind>
<opcode="or(24) " fcode="or"/>
<opset="tmp_144_i/2 "/>
</bind>
</comp>

<comp id="2177" class="1004" name="tmp_83_7_i_fu_2177">
<pin_list>
<pin id="2178" dir="0" index="0" bw="32" slack="0"/>
<pin id="2179" dir="0" index="1" bw="1" slack="0"/>
<pin id="2180" dir="0" index="2" bw="1" slack="0"/>
<pin id="2181" dir="1" index="3" bw="32" slack="0"/>
</pin_list>
<bind>
<opcode="bitconcatenate(1004) " fcode="bitconcatenate"/>
<opset="tmp_83_7_i/2 "/>
</bind>
</comp>

<comp id="2185" class="1004" name="m_7_i_fu_2185">
<pin_list>
<pin id="2186" dir="0" index="0" bw="16" slack="1"/>
<pin id="2187" dir="1" index="1" bw="32" slack="0"/>
</pin_list>
<bind>
<opcode="zext(34) " fcode="zext"/>
<opset="m_7_i/2 "/>
</bind>
</comp>

<comp id="2188" class="1004" name="tmp_84_7_i_fu_2188">
<pin_list>
<pin id="2189" dir="0" index="0" bw="32" slack="0"/>
<pin id="2190" dir="0" index="1" bw="32" slack="0"/>
<pin id="2191" dir="1" index="2" bw="1" slack="0"/>
</pin_list>
<bind>
<opcode="icmp(45) " fcode="icmp"/>
<opset="tmp_84_7_i/2 "/>
</bind>
</comp>

<comp id="2194" class="1004" name="tmp_85_7_i_fu_2194">
<pin_list>
<pin id="2195" dir="0" index="0" bw="6" slack="0"/>
<pin id="2196" dir="0" index="1" bw="32" slack="1"/>
<pin id="2197" dir="1" index="2" bw="32" slack="0"/>
</pin_list>
<bind>
<opcode="add(8) " fcode="add"/>
<opset="tmp_85_7_i/2 "/>
</bind>
</comp>

<comp id="2199" class="1004" name="tmp_86_7_i_fu_2199">
<pin_list>
<pin id="2200" dir="0" index="0" bw="16" slack="0"/>
<pin id="2201" dir="0" index="1" bw="32" slack="0"/>
<pin id="2202" dir="1" index="2" bw="32" slack="0"/>
</pin_list>
<bind>
<opcode="lshr(21) " fcode="lshr"/>
<opset="tmp_86_7_i/2 "/>
</bind>
</comp>

<comp id="2205" class="1004" name="tmp_87_7_i_fu_2205">
<pin_list>
<pin id="2206" dir="0" index="0" bw="6" slack="0"/>
<pin id="2207" dir="0" index="1" bw="32" slack="1"/>
<pin id="2208" dir="1" index="2" bw="32" slack="0"/>
</pin_list>
<bind>
<opcode="sub(10) " fcode="sub"/>
<opset="tmp_87_7_i/2 "/>
</bind>
</comp>

<comp id="2210" class="1004" name="tmp_88_7_i_fu_2210">
<pin_list>
<pin id="2211" dir="0" index="0" bw="16" slack="0"/>
<pin id="2212" dir="0" index="1" bw="32" slack="0"/>
<pin id="2213" dir="1" index="2" bw="32" slack="0"/>
</pin_list>
<bind>
<opcode="shl(20) " fcode="shl"/>
<opset="tmp_88_7_i/2 "/>
</bind>
</comp>

<comp id="2216" class="1004" name="m_1_7_i_fu_2216">
<pin_list>
<pin id="2217" dir="0" index="0" bw="1" slack="0"/>
<pin id="2218" dir="0" index="1" bw="32" slack="0"/>
<pin id="2219" dir="0" index="2" bw="32" slack="0"/>
<pin id="2220" dir="1" index="3" bw="32" slack="0"/>
</pin_list>
<bind>
<opcode="select(49) " fcode="select"/>
<opset="m_1_7_i/2 "/>
</bind>
</comp>

<comp id="2224" class="1004" name="m_2_7_i_fu_2224">
<pin_list>
<pin id="2225" dir="0" index="0" bw="32" slack="0"/>
<pin id="2226" dir="0" index="1" bw="32" slack="0"/>
<pin id="2227" dir="1" index="2" bw="32" slack="0"/>
</pin_list>
<bind>
<opcode="add(8) " fcode="add"/>
<opset="m_2_7_i/2 "/>
</bind>
</comp>

<comp id="2230" class="1004" name="m_6_7_i_fu_2230">
<pin_list>
<pin id="2231" dir="0" index="0" bw="31" slack="0"/>
<pin id="2232" dir="0" index="1" bw="32" slack="0"/>
<pin id="2233" dir="0" index="2" bw="1" slack="0"/>
<pin id="2234" dir="0" index="3" bw="6" slack="0"/>
<pin id="2235" dir="1" index="4" bw="31" slack="1"/>
</pin_list>
<bind>
<opcode="partselect(1002) " fcode="partselect"/>
<opset="m_6_7_i/2 "/>
</bind>
</comp>

<comp id="2240" class="1004" name="tmp_214_fu_2240">
<pin_list>
<pin id="2241" dir="0" index="0" bw="1" slack="0"/>
<pin id="2242" dir="0" index="1" bw="32" slack="0"/>
<pin id="2243" dir="0" index="2" bw="6" slack="0"/>
<pin id="2244" dir="1" index="3" bw="1" slack="1"/>
</pin_list>
<bind>
<opcode="bitselect(1000) " fcode="bitselect"/>
<opset="tmp_214/2 "/>
</bind>
</comp>

<comp id="2248" class="1004" name="lsb_index_8_i_fu_2248">
<pin_list>
<pin id="2249" dir="0" index="0" bw="6" slack="0"/>
<pin id="2250" dir="0" index="1" bw="32" slack="1"/>
<pin id="2251" dir="1" index="2" bw="32" slack="0"/>
</pin_list>
<bind>
<opcode="add(8) " fcode="add"/>
<opset="lsb_index_8_i/2 "/>
</bind>
</comp>

<comp id="2253" class="1004" name="tmp_218_fu_2253">
<pin_list>
<pin id="2254" dir="0" index="0" bw="31" slack="0"/>
<pin id="2255" dir="0" index="1" bw="32" slack="0"/>
<pin id="2256" dir="0" index="2" bw="1" slack="0"/>
<pin id="2257" dir="0" index="3" bw="6" slack="0"/>
<pin id="2258" dir="1" index="4" bw="31" slack="0"/>
</pin_list>
<bind>
<opcode="partselect(1002) " fcode="partselect"/>
<opset="tmp_218/2 "/>
</bind>
</comp>

<comp id="2263" class="1004" name="icmp8_fu_2263">
<pin_list>
<pin id="2264" dir="0" index="0" bw="31" slack="0"/>
<pin id="2265" dir="0" index="1" bw="31" slack="0"/>
<pin id="2266" dir="1" index="2" bw="1" slack="0"/>
</pin_list>
<bind>
<opcode="icmp(45) " fcode="icmp"/>
<opset="icmp8/2 "/>
</bind>
</comp>

<comp id="2269" class="1004" name="tmp_220_fu_2269">
<pin_list>
<pin id="2270" dir="0" index="0" bw="5" slack="0"/>
<pin id="2271" dir="0" index="1" bw="5" slack="1"/>
<pin id="2272" dir="1" index="2" bw="5" slack="0"/>
</pin_list>
<bind>
<opcode="sub(10) " fcode="sub"/>
<opset="tmp_220/2 "/>
</bind>
</comp>

<comp id="2274" class="1004" name="tmp_221_fu_2274">
<pin_list>
<pin id="2275" dir="0" index="0" bw="5" slack="0"/>
<pin id="2276" dir="1" index="1" bw="16" slack="0"/>
</pin_list>
<bind>
<opcode="zext(34) " fcode="zext"/>
<opset="tmp_221/2 "/>
</bind>
</comp>

<comp id="2278" class="1004" name="tmp_222_fu_2278">
<pin_list>
<pin id="2279" dir="0" index="0" bw="1" slack="0"/>
<pin id="2280" dir="0" index="1" bw="5" slack="0"/>
<pin id="2281" dir="1" index="2" bw="16" slack="0"/>
</pin_list>
<bind>
<opcode="lshr(21) " fcode="lshr"/>
<opset="tmp_222/2 "/>
</bind>
</comp>

<comp id="2284" class="1004" name="tmp_223_fu_2284">
<pin_list>
<pin id="2285" dir="0" index="0" bw="16" slack="1"/>
<pin id="2286" dir="0" index="1" bw="16" slack="0"/>
<pin id="2287" dir="1" index="2" bw="16" slack="0"/>
</pin_list>
<bind>
<opcode="and(23) " fcode="and"/>
<opset="tmp_223/2 "/>
</bind>
</comp>

<comp id="2289" class="1004" name="tmp_77_8_i_fu_2289">
<pin_list>
<pin id="2290" dir="0" index="0" bw="16" slack="0"/>
<pin id="2291" dir="0" index="1" bw="16" slack="0"/>
<pin id="2292" dir="1" index="2" bw="1" slack="0"/>
</pin_list>
<bind>
<opcode="icmp(45) " fcode="icmp"/>
<opset="tmp_77_8_i/2 "/>
</bind>
</comp>

<comp id="2295" class="1004" name="a_8_i_fu_2295">
<pin_list>
<pin id="2296" dir="0" index="0" bw="1" slack="0"/>
<pin id="2297" dir="0" index="1" bw="1" slack="0"/>
<pin id="2298" dir="1" index="2" bw="1" slack="0"/>
</pin_list>
<bind>
<opcode="and(23) " fcode="and"/>
<opset="a_8_i/2 "/>
</bind>
</comp>

<comp id="2301" class="1004" name="tmp_224_fu_2301">
<pin_list>
<pin id="2302" dir="0" index="0" bw="1" slack="0"/>
<pin id="2303" dir="0" index="1" bw="32" slack="0"/>
<pin id="2304" dir="0" index="2" bw="6" slack="0"/>
<pin id="2305" dir="1" index="3" bw="1" slack="0"/>
</pin_list>
<bind>
<opcode="bitselect(1000) " fcode="bitselect"/>
<opset="tmp_224/2 "/>
</bind>
</comp>

<comp id="2309" class="1004" name="rev8_fu_2309">
<pin_list>
<pin id="2310" dir="0" index="0" bw="1" slack="0"/>
<pin id="2311" dir="0" index="1" bw="1" slack="0"/>
<pin id="2312" dir="1" index="2" bw="1" slack="0"/>
</pin_list>
<bind>
<opcode="xor(25) " fcode="xor"/>
<opset="rev8/2 "/>
</bind>
</comp>

<comp id="2315" class="1004" name="tmp_79_8_i_fu_2315">
<pin_list>
<pin id="2316" dir="0" index="0" bw="6" slack="0"/>
<pin id="2317" dir="0" index="1" bw="16" slack="1"/>
<pin id="2318" dir="1" index="2" bw="16" slack="0"/>
</pin_list>
<bind>
<opcode="add(8) " fcode="add"/>
<opset="tmp_79_8_i/2 "/>
</bind>
</comp>

<comp id="2320" class="1004" name="p_Result_20_8_i_fu_2320">
<pin_list>
<pin id="2321" dir="0" index="0" bw="1" slack="0"/>
<pin id="2322" dir="0" index="1" bw="16" slack="1"/>
<pin id="2323" dir="0" index="2" bw="16" slack="0"/>
<pin id="2324" dir="1" index="3" bw="1" slack="0"/>
</pin_list>
<bind>
<opcode="bitselect(1000) " fcode="bitselect"/>
<opset="p_Result_20_8_i/2 "/>
</bind>
</comp>

<comp id="2327" class="1004" name="tmp_81_8_i_fu_2327">
<pin_list>
<pin id="2328" dir="0" index="0" bw="1" slack="0"/>
<pin id="2329" dir="0" index="1" bw="1" slack="0"/>
<pin id="2330" dir="1" index="2" bw="1" slack="0"/>
</pin_list>
<bind>
<opcode="and(23) " fcode="and"/>
<opset="tmp_81_8_i/2 "/>
</bind>
</comp>

<comp id="2333" class="1004" name="tmp_152_i_fu_2333">
<pin_list>
<pin id="2334" dir="0" index="0" bw="1" slack="0"/>
<pin id="2335" dir="0" index="1" bw="1" slack="0"/>
<pin id="2336" dir="1" index="2" bw="1" slack="0"/>
</pin_list>
<bind>
<opcode="or(24) " fcode="or"/>
<opset="tmp_152_i/2 "/>
</bind>
</comp>

<comp id="2339" class="1004" name="tmp_83_8_i_fu_2339">
<pin_list>
<pin id="2340" dir="0" index="0" bw="32" slack="0"/>
<pin id="2341" dir="0" index="1" bw="1" slack="0"/>
<pin id="2342" dir="0" index="2" bw="1" slack="0"/>
<pin id="2343" dir="1" index="3" bw="32" slack="0"/>
</pin_list>
<bind>
<opcode="bitconcatenate(1004) " fcode="bitconcatenate"/>
<opset="tmp_83_8_i/2 "/>
</bind>
</comp>

<comp id="2347" class="1004" name="m_8_i_fu_2347">
<pin_list>
<pin id="2348" dir="0" index="0" bw="16" slack="1"/>
<pin id="2349" dir="1" index="1" bw="32" slack="0"/>
</pin_list>
<bind>
<opcode="zext(34) " fcode="zext"/>
<opset="m_8_i/2 "/>
</bind>
</comp>

<comp id="2350" class="1004" name="tmp_84_8_i_fu_2350">
<pin_list>
<pin id="2351" dir="0" index="0" bw="32" slack="0"/>
<pin id="2352" dir="0" index="1" bw="32" slack="0"/>
<pin id="2353" dir="1" index="2" bw="1" slack="0"/>
</pin_list>
<bind>
<opcode="icmp(45) " fcode="icmp"/>
<opset="tmp_84_8_i/2 "/>
</bind>
</comp>

<comp id="2356" class="1004" name="tmp_85_8_i_fu_2356">
<pin_list>
<pin id="2357" dir="0" index="0" bw="6" slack="0"/>
<pin id="2358" dir="0" index="1" bw="32" slack="1"/>
<pin id="2359" dir="1" index="2" bw="32" slack="0"/>
</pin_list>
<bind>
<opcode="add(8) " fcode="add"/>
<opset="tmp_85_8_i/2 "/>
</bind>
</comp>

<comp id="2361" class="1004" name="tmp_86_8_i_fu_2361">
<pin_list>
<pin id="2362" dir="0" index="0" bw="16" slack="0"/>
<pin id="2363" dir="0" index="1" bw="32" slack="0"/>
<pin id="2364" dir="1" index="2" bw="32" slack="0"/>
</pin_list>
<bind>
<opcode="lshr(21) " fcode="lshr"/>
<opset="tmp_86_8_i/2 "/>
</bind>
</comp>

<comp id="2367" class="1004" name="tmp_87_8_i_fu_2367">
<pin_list>
<pin id="2368" dir="0" index="0" bw="6" slack="0"/>
<pin id="2369" dir="0" index="1" bw="32" slack="1"/>
<pin id="2370" dir="1" index="2" bw="32" slack="0"/>
</pin_list>
<bind>
<opcode="sub(10) " fcode="sub"/>
<opset="tmp_87_8_i/2 "/>
</bind>
</comp>

<comp id="2372" class="1004" name="tmp_88_8_i_fu_2372">
<pin_list>
<pin id="2373" dir="0" index="0" bw="16" slack="0"/>
<pin id="2374" dir="0" index="1" bw="32" slack="0"/>
<pin id="2375" dir="1" index="2" bw="32" slack="0"/>
</pin_list>
<bind>
<opcode="shl(20) " fcode="shl"/>
<opset="tmp_88_8_i/2 "/>
</bind>
</comp>

<comp id="2378" class="1004" name="m_1_8_i_fu_2378">
<pin_list>
<pin id="2379" dir="0" index="0" bw="1" slack="0"/>
<pin id="2380" dir="0" index="1" bw="32" slack="0"/>
<pin id="2381" dir="0" index="2" bw="32" slack="0"/>
<pin id="2382" dir="1" index="3" bw="32" slack="0"/>
</pin_list>
<bind>
<opcode="select(49) " fcode="select"/>
<opset="m_1_8_i/2 "/>
</bind>
</comp>

<comp id="2386" class="1004" name="m_2_8_i_fu_2386">
<pin_list>
<pin id="2387" dir="0" index="0" bw="32" slack="0"/>
<pin id="2388" dir="0" index="1" bw="32" slack="0"/>
<pin id="2389" dir="1" index="2" bw="32" slack="0"/>
</pin_list>
<bind>
<opcode="add(8) " fcode="add"/>
<opset="m_2_8_i/2 "/>
</bind>
</comp>

<comp id="2392" class="1004" name="m_6_8_i_fu_2392">
<pin_list>
<pin id="2393" dir="0" index="0" bw="31" slack="0"/>
<pin id="2394" dir="0" index="1" bw="32" slack="0"/>
<pin id="2395" dir="0" index="2" bw="1" slack="0"/>
<pin id="2396" dir="0" index="3" bw="6" slack="0"/>
<pin id="2397" dir="1" index="4" bw="31" slack="1"/>
</pin_list>
<bind>
<opcode="partselect(1002) " fcode="partselect"/>
<opset="m_6_8_i/2 "/>
</bind>
</comp>

<comp id="2402" class="1004" name="tmp_225_fu_2402">
<pin_list>
<pin id="2403" dir="0" index="0" bw="1" slack="0"/>
<pin id="2404" dir="0" index="1" bw="32" slack="0"/>
<pin id="2405" dir="0" index="2" bw="6" slack="0"/>
<pin id="2406" dir="1" index="3" bw="1" slack="1"/>
</pin_list>
<bind>
<opcode="bitselect(1000) " fcode="bitselect"/>
<opset="tmp_225/2 "/>
</bind>
</comp>

<comp id="2410" class="1004" name="lsb_index_9_i_fu_2410">
<pin_list>
<pin id="2411" dir="0" index="0" bw="6" slack="0"/>
<pin id="2412" dir="0" index="1" bw="32" slack="1"/>
<pin id="2413" dir="1" index="2" bw="32" slack="0"/>
</pin_list>
<bind>
<opcode="add(8) " fcode="add"/>
<opset="lsb_index_9_i/2 "/>
</bind>
</comp>

<comp id="2415" class="1004" name="tmp_229_fu_2415">
<pin_list>
<pin id="2416" dir="0" index="0" bw="31" slack="0"/>
<pin id="2417" dir="0" index="1" bw="32" slack="0"/>
<pin id="2418" dir="0" index="2" bw="1" slack="0"/>
<pin id="2419" dir="0" index="3" bw="6" slack="0"/>
<pin id="2420" dir="1" index="4" bw="31" slack="0"/>
</pin_list>
<bind>
<opcode="partselect(1002) " fcode="partselect"/>
<opset="tmp_229/2 "/>
</bind>
</comp>

<comp id="2425" class="1004" name="icmp9_fu_2425">
<pin_list>
<pin id="2426" dir="0" index="0" bw="31" slack="0"/>
<pin id="2427" dir="0" index="1" bw="31" slack="0"/>
<pin id="2428" dir="1" index="2" bw="1" slack="0"/>
</pin_list>
<bind>
<opcode="icmp(45) " fcode="icmp"/>
<opset="icmp9/2 "/>
</bind>
</comp>

<comp id="2431" class="1004" name="tmp_231_fu_2431">
<pin_list>
<pin id="2432" dir="0" index="0" bw="5" slack="0"/>
<pin id="2433" dir="0" index="1" bw="5" slack="1"/>
<pin id="2434" dir="1" index="2" bw="5" slack="0"/>
</pin_list>
<bind>
<opcode="sub(10) " fcode="sub"/>
<opset="tmp_231/2 "/>
</bind>
</comp>

<comp id="2436" class="1004" name="tmp_232_fu_2436">
<pin_list>
<pin id="2437" dir="0" index="0" bw="5" slack="0"/>
<pin id="2438" dir="1" index="1" bw="16" slack="0"/>
</pin_list>
<bind>
<opcode="zext(34) " fcode="zext"/>
<opset="tmp_232/2 "/>
</bind>
</comp>

<comp id="2440" class="1004" name="tmp_233_fu_2440">
<pin_list>
<pin id="2441" dir="0" index="0" bw="1" slack="0"/>
<pin id="2442" dir="0" index="1" bw="5" slack="0"/>
<pin id="2443" dir="1" index="2" bw="16" slack="0"/>
</pin_list>
<bind>
<opcode="lshr(21) " fcode="lshr"/>
<opset="tmp_233/2 "/>
</bind>
</comp>

<comp id="2446" class="1004" name="tmp_234_fu_2446">
<pin_list>
<pin id="2447" dir="0" index="0" bw="16" slack="1"/>
<pin id="2448" dir="0" index="1" bw="16" slack="0"/>
<pin id="2449" dir="1" index="2" bw="16" slack="0"/>
</pin_list>
<bind>
<opcode="and(23) " fcode="and"/>
<opset="tmp_234/2 "/>
</bind>
</comp>

<comp id="2451" class="1004" name="tmp_77_9_i_fu_2451">
<pin_list>
<pin id="2452" dir="0" index="0" bw="16" slack="0"/>
<pin id="2453" dir="0" index="1" bw="16" slack="0"/>
<pin id="2454" dir="1" index="2" bw="1" slack="0"/>
</pin_list>
<bind>
<opcode="icmp(45) " fcode="icmp"/>
<opset="tmp_77_9_i/2 "/>
</bind>
</comp>

<comp id="2457" class="1004" name="a_9_i_fu_2457">
<pin_list>
<pin id="2458" dir="0" index="0" bw="1" slack="0"/>
<pin id="2459" dir="0" index="1" bw="1" slack="0"/>
<pin id="2460" dir="1" index="2" bw="1" slack="0"/>
</pin_list>
<bind>
<opcode="and(23) " fcode="and"/>
<opset="a_9_i/2 "/>
</bind>
</comp>

<comp id="2463" class="1004" name="tmp_235_fu_2463">
<pin_list>
<pin id="2464" dir="0" index="0" bw="1" slack="0"/>
<pin id="2465" dir="0" index="1" bw="32" slack="0"/>
<pin id="2466" dir="0" index="2" bw="6" slack="0"/>
<pin id="2467" dir="1" index="3" bw="1" slack="0"/>
</pin_list>
<bind>
<opcode="bitselect(1000) " fcode="bitselect"/>
<opset="tmp_235/2 "/>
</bind>
</comp>

<comp id="2471" class="1004" name="rev9_fu_2471">
<pin_list>
<pin id="2472" dir="0" index="0" bw="1" slack="0"/>
<pin id="2473" dir="0" index="1" bw="1" slack="0"/>
<pin id="2474" dir="1" index="2" bw="1" slack="0"/>
</pin_list>
<bind>
<opcode="xor(25) " fcode="xor"/>
<opset="rev9/2 "/>
</bind>
</comp>

<comp id="2477" class="1004" name="tmp_79_9_i_fu_2477">
<pin_list>
<pin id="2478" dir="0" index="0" bw="6" slack="0"/>
<pin id="2479" dir="0" index="1" bw="16" slack="1"/>
<pin id="2480" dir="1" index="2" bw="16" slack="0"/>
</pin_list>
<bind>
<opcode="add(8) " fcode="add"/>
<opset="tmp_79_9_i/2 "/>
</bind>
</comp>

<comp id="2482" class="1004" name="p_Result_20_9_i_fu_2482">
<pin_list>
<pin id="2483" dir="0" index="0" bw="1" slack="0"/>
<pin id="2484" dir="0" index="1" bw="16" slack="1"/>
<pin id="2485" dir="0" index="2" bw="16" slack="0"/>
<pin id="2486" dir="1" index="3" bw="1" slack="0"/>
</pin_list>
<bind>
<opcode="bitselect(1000) " fcode="bitselect"/>
<opset="p_Result_20_9_i/2 "/>
</bind>
</comp>

<comp id="2489" class="1004" name="tmp_81_9_i_fu_2489">
<pin_list>
<pin id="2490" dir="0" index="0" bw="1" slack="0"/>
<pin id="2491" dir="0" index="1" bw="1" slack="0"/>
<pin id="2492" dir="1" index="2" bw="1" slack="0"/>
</pin_list>
<bind>
<opcode="and(23) " fcode="and"/>
<opset="tmp_81_9_i/2 "/>
</bind>
</comp>

<comp id="2495" class="1004" name="tmp_160_i_fu_2495">
<pin_list>
<pin id="2496" dir="0" index="0" bw="1" slack="0"/>
<pin id="2497" dir="0" index="1" bw="1" slack="0"/>
<pin id="2498" dir="1" index="2" bw="1" slack="0"/>
</pin_list>
<bind>
<opcode="or(24) " fcode="or"/>
<opset="tmp_160_i/2 "/>
</bind>
</comp>

<comp id="2501" class="1004" name="tmp_83_9_i_fu_2501">
<pin_list>
<pin id="2502" dir="0" index="0" bw="32" slack="0"/>
<pin id="2503" dir="0" index="1" bw="1" slack="0"/>
<pin id="2504" dir="0" index="2" bw="1" slack="0"/>
<pin id="2505" dir="1" index="3" bw="32" slack="0"/>
</pin_list>
<bind>
<opcode="bitconcatenate(1004) " fcode="bitconcatenate"/>
<opset="tmp_83_9_i/2 "/>
</bind>
</comp>

<comp id="2509" class="1004" name="m_9_i_fu_2509">
<pin_list>
<pin id="2510" dir="0" index="0" bw="16" slack="1"/>
<pin id="2511" dir="1" index="1" bw="32" slack="0"/>
</pin_list>
<bind>
<opcode="zext(34) " fcode="zext"/>
<opset="m_9_i/2 "/>
</bind>
</comp>

<comp id="2512" class="1004" name="tmp_84_9_i_fu_2512">
<pin_list>
<pin id="2513" dir="0" index="0" bw="32" slack="0"/>
<pin id="2514" dir="0" index="1" bw="32" slack="0"/>
<pin id="2515" dir="1" index="2" bw="1" slack="0"/>
</pin_list>
<bind>
<opcode="icmp(45) " fcode="icmp"/>
<opset="tmp_84_9_i/2 "/>
</bind>
</comp>

<comp id="2518" class="1004" name="tmp_85_9_i_fu_2518">
<pin_list>
<pin id="2519" dir="0" index="0" bw="6" slack="0"/>
<pin id="2520" dir="0" index="1" bw="32" slack="1"/>
<pin id="2521" dir="1" index="2" bw="32" slack="0"/>
</pin_list>
<bind>
<opcode="add(8) " fcode="add"/>
<opset="tmp_85_9_i/2 "/>
</bind>
</comp>

<comp id="2523" class="1004" name="tmp_86_9_i_fu_2523">
<pin_list>
<pin id="2524" dir="0" index="0" bw="16" slack="0"/>
<pin id="2525" dir="0" index="1" bw="32" slack="0"/>
<pin id="2526" dir="1" index="2" bw="32" slack="0"/>
</pin_list>
<bind>
<opcode="lshr(21) " fcode="lshr"/>
<opset="tmp_86_9_i/2 "/>
</bind>
</comp>

<comp id="2529" class="1004" name="tmp_87_9_i_fu_2529">
<pin_list>
<pin id="2530" dir="0" index="0" bw="6" slack="0"/>
<pin id="2531" dir="0" index="1" bw="32" slack="1"/>
<pin id="2532" dir="1" index="2" bw="32" slack="0"/>
</pin_list>
<bind>
<opcode="sub(10) " fcode="sub"/>
<opset="tmp_87_9_i/2 "/>
</bind>
</comp>

<comp id="2534" class="1004" name="tmp_88_9_i_fu_2534">
<pin_list>
<pin id="2535" dir="0" index="0" bw="16" slack="0"/>
<pin id="2536" dir="0" index="1" bw="32" slack="0"/>
<pin id="2537" dir="1" index="2" bw="32" slack="0"/>
</pin_list>
<bind>
<opcode="shl(20) " fcode="shl"/>
<opset="tmp_88_9_i/2 "/>
</bind>
</comp>

<comp id="2540" class="1004" name="m_1_9_i_fu_2540">
<pin_list>
<pin id="2541" dir="0" index="0" bw="1" slack="0"/>
<pin id="2542" dir="0" index="1" bw="32" slack="0"/>
<pin id="2543" dir="0" index="2" bw="32" slack="0"/>
<pin id="2544" dir="1" index="3" bw="32" slack="0"/>
</pin_list>
<bind>
<opcode="select(49) " fcode="select"/>
<opset="m_1_9_i/2 "/>
</bind>
</comp>

<comp id="2548" class="1004" name="m_2_9_i_fu_2548">
<pin_list>
<pin id="2549" dir="0" index="0" bw="32" slack="0"/>
<pin id="2550" dir="0" index="1" bw="32" slack="0"/>
<pin id="2551" dir="1" index="2" bw="32" slack="0"/>
</pin_list>
<bind>
<opcode="add(8) " fcode="add"/>
<opset="m_2_9_i/2 "/>
</bind>
</comp>

<comp id="2554" class="1004" name="m_6_9_i_fu_2554">
<pin_list>
<pin id="2555" dir="0" index="0" bw="31" slack="0"/>
<pin id="2556" dir="0" index="1" bw="32" slack="0"/>
<pin id="2557" dir="0" index="2" bw="1" slack="0"/>
<pin id="2558" dir="0" index="3" bw="6" slack="0"/>
<pin id="2559" dir="1" index="4" bw="31" slack="1"/>
</pin_list>
<bind>
<opcode="partselect(1002) " fcode="partselect"/>
<opset="m_6_9_i/2 "/>
</bind>
</comp>

<comp id="2564" class="1004" name="tmp_236_fu_2564">
<pin_list>
<pin id="2565" dir="0" index="0" bw="1" slack="0"/>
<pin id="2566" dir="0" index="1" bw="32" slack="0"/>
<pin id="2567" dir="0" index="2" bw="6" slack="0"/>
<pin id="2568" dir="1" index="3" bw="1" slack="1"/>
</pin_list>
<bind>
<opcode="bitselect(1000) " fcode="bitselect"/>
<opset="tmp_236/2 "/>
</bind>
</comp>

<comp id="2572" class="1004" name="tmp_fu_2572">
<pin_list>
<pin id="2573" dir="0" index="0" bw="31" slack="1"/>
<pin id="2574" dir="1" index="1" bw="32" slack="0"/>
</pin_list>
<bind>
<opcode="zext(34) " fcode="zext"/>
<opset="tmp/3 "/>
</bind>
</comp>

<comp id="2575" class="1004" name="tmp_90_cast_i_cast_c_fu_2575">
<pin_list>
<pin id="2576" dir="0" index="0" bw="1" slack="1"/>
<pin id="2577" dir="0" index="1" bw="8" slack="0"/>
<pin id="2578" dir="0" index="2" bw="8" slack="0"/>
<pin id="2579" dir="1" index="3" bw="8" slack="0"/>
</pin_list>
<bind>
<opcode="select(49) " fcode="select"/>
<opset="tmp_90_cast_i_cast_c/3 "/>
</bind>
</comp>

<comp id="2582" class="1004" name="tmp_92_i_fu_2582">
<pin_list>
<pin id="2583" dir="0" index="0" bw="4" slack="0"/>
<pin id="2584" dir="0" index="1" bw="8" slack="2"/>
<pin id="2585" dir="1" index="2" bw="8" slack="0"/>
</pin_list>
<bind>
<opcode="sub(10) " fcode="sub"/>
<opset="tmp_92_i/3 "/>
</bind>
</comp>

<comp id="2587" class="1004" name="p_Repl2_2_trunc_i_fu_2587">
<pin_list>
<pin id="2588" dir="0" index="0" bw="8" slack="0"/>
<pin id="2589" dir="0" index="1" bw="8" slack="0"/>
<pin id="2590" dir="1" index="2" bw="8" slack="0"/>
</pin_list>
<bind>
<opcode="add(8) " fcode="add"/>
<opset="p_Repl2_2_trunc_i/3 "/>
</bind>
</comp>

<comp id="2593" class="1004" name="tmp_93_i_fu_2593">
<pin_list>
<pin id="2594" dir="0" index="0" bw="9" slack="0"/>
<pin id="2595" dir="0" index="1" bw="1" slack="2"/>
<pin id="2596" dir="0" index="2" bw="8" slack="0"/>
<pin id="2597" dir="1" index="3" bw="9" slack="0"/>
</pin_list>
<bind>
<opcode="bitconcatenate(1004) " fcode="bitconcatenate"/>
<opset="tmp_93_i/3 "/>
</bind>
</comp>

<comp id="2600" class="1004" name="p_Result_29_i_fu_2600">
<pin_list>
<pin id="2601" dir="0" index="0" bw="32" slack="0"/>
<pin id="2602" dir="0" index="1" bw="31" slack="0"/>
<pin id="2603" dir="0" index="2" bw="9" slack="0"/>
<pin id="2604" dir="0" index="3" bw="6" slack="0"/>
<pin id="2605" dir="0" index="4" bw="6" slack="0"/>
<pin id="2606" dir="1" index="5" bw="32" slack="0"/>
</pin_list>
<bind>
<opcode="partset(1003) " fcode="partset"/>
<opset="p_Result_29_i/3 "/>
</bind>
</comp>

<comp id="2612" class="1004" name="tmp_911_i_fu_2612">
<pin_list>
<pin id="2613" dir="0" index="0" bw="32" slack="0"/>
<pin id="2614" dir="1" index="1" bw="32" slack="0"/>
</pin_list>
<bind>
<opcode="bitcast(44) " fcode="bitcast"/>
<opset="tmp_911_i/3 "/>
</bind>
</comp>

<comp id="2616" class="1004" name="p_1_i_fu_2616">
<pin_list>
<pin id="2617" dir="0" index="0" bw="1" slack="2"/>
<pin id="2618" dir="0" index="1" bw="32" slack="0"/>
<pin id="2619" dir="0" index="2" bw="32" slack="0"/>
<pin id="2620" dir="1" index="3" bw="32" slack="0"/>
</pin_list>
<bind>
<opcode="select(49) " fcode="select"/>
<opset="p_1_i/3 "/>
</bind>
</comp>

<comp id="2624" class="1004" name="tmp_59_fu_2624">
<pin_list>
<pin id="2625" dir="0" index="0" bw="31" slack="1"/>
<pin id="2626" dir="1" index="1" bw="32" slack="0"/>
</pin_list>
<bind>
<opcode="zext(34) " fcode="zext"/>
<opset="tmp_59/3 "/>
</bind>
</comp>

<comp id="2627" class="1004" name="tmp_98_cast_i_cast_c_fu_2627">
<pin_list>
<pin id="2628" dir="0" index="0" bw="1" slack="1"/>
<pin id="2629" dir="0" index="1" bw="8" slack="0"/>
<pin id="2630" dir="0" index="2" bw="8" slack="0"/>
<pin id="2631" dir="1" index="3" bw="8" slack="0"/>
</pin_list>
<bind>
<opcode="select(49) " fcode="select"/>
<opset="tmp_98_cast_i_cast_c/3 "/>
</bind>
</comp>

<comp id="2634" class="1004" name="tmp_100_i_fu_2634">
<pin_list>
<pin id="2635" dir="0" index="0" bw="4" slack="0"/>
<pin id="2636" dir="0" index="1" bw="8" slack="2"/>
<pin id="2637" dir="1" index="2" bw="8" slack="0"/>
</pin_list>
<bind>
<opcode="sub(10) " fcode="sub"/>
<opset="tmp_100_i/3 "/>
</bind>
</comp>

<comp id="2639" class="1004" name="p_Repl2_2_trunc_1_s_fu_2639">
<pin_list>
<pin id="2640" dir="0" index="0" bw="8" slack="0"/>
<pin id="2641" dir="0" index="1" bw="8" slack="0"/>
<pin id="2642" dir="1" index="2" bw="8" slack="0"/>
</pin_list>
<bind>
<opcode="add(8) " fcode="add"/>
<opset="p_Repl2_2_trunc_1_s/3 "/>
</bind>
</comp>

<comp id="2645" class="1004" name="tmp_101_i_fu_2645">
<pin_list>
<pin id="2646" dir="0" index="0" bw="9" slack="0"/>
<pin id="2647" dir="0" index="1" bw="1" slack="2"/>
<pin id="2648" dir="0" index="2" bw="8" slack="0"/>
<pin id="2649" dir="1" index="3" bw="9" slack="0"/>
</pin_list>
<bind>
<opcode="bitconcatenate(1004) " fcode="bitconcatenate"/>
<opset="tmp_101_i/3 "/>
</bind>
</comp>

<comp id="2652" class="1004" name="p_Result_29_1_i_fu_2652">
<pin_list>
<pin id="2653" dir="0" index="0" bw="32" slack="0"/>
<pin id="2654" dir="0" index="1" bw="31" slack="0"/>
<pin id="2655" dir="0" index="2" bw="9" slack="0"/>
<pin id="2656" dir="0" index="3" bw="6" slack="0"/>
<pin id="2657" dir="0" index="4" bw="6" slack="0"/>
<pin id="2658" dir="1" index="5" bw="32" slack="0"/>
</pin_list>
<bind>
<opcode="partset(1003) " fcode="partset"/>
<opset="p_Result_29_1_i/3 "/>
</bind>
</comp>

<comp id="2664" class="1004" name="tmp_91_1_i_fu_2664">
<pin_list>
<pin id="2665" dir="0" index="0" bw="32" slack="0"/>
<pin id="2666" dir="1" index="1" bw="32" slack="0"/>
</pin_list>
<bind>
<opcode="bitcast(44) " fcode="bitcast"/>
<opset="tmp_91_1_i/3 "/>
</bind>
</comp>

<comp id="2668" class="1004" name="p_1_i_56_fu_2668">
<pin_list>
<pin id="2669" dir="0" index="0" bw="1" slack="2"/>
<pin id="2670" dir="0" index="1" bw="32" slack="0"/>
<pin id="2671" dir="0" index="2" bw="32" slack="0"/>
<pin id="2672" dir="1" index="3" bw="32" slack="0"/>
</pin_list>
<bind>
<opcode="select(49) " fcode="select"/>
<opset="p_1_i_56/3 "/>
</bind>
</comp>

<comp id="2676" class="1004" name="tmp_60_fu_2676">
<pin_list>
<pin id="2677" dir="0" index="0" bw="31" slack="1"/>
<pin id="2678" dir="1" index="1" bw="32" slack="0"/>
</pin_list>
<bind>
<opcode="zext(34) " fcode="zext"/>
<opset="tmp_60/3 "/>
</bind>
</comp>

<comp id="2679" class="1004" name="tmp_106_cast_i_cast_s_fu_2679">
<pin_list>
<pin id="2680" dir="0" index="0" bw="1" slack="1"/>
<pin id="2681" dir="0" index="1" bw="8" slack="0"/>
<pin id="2682" dir="0" index="2" bw="8" slack="0"/>
<pin id="2683" dir="1" index="3" bw="8" slack="0"/>
</pin_list>
<bind>
<opcode="select(49) " fcode="select"/>
<opset="tmp_106_cast_i_cast_s/3 "/>
</bind>
</comp>

<comp id="2686" class="1004" name="tmp_108_i_fu_2686">
<pin_list>
<pin id="2687" dir="0" index="0" bw="4" slack="0"/>
<pin id="2688" dir="0" index="1" bw="8" slack="2"/>
<pin id="2689" dir="1" index="2" bw="8" slack="0"/>
</pin_list>
<bind>
<opcode="sub(10) " fcode="sub"/>
<opset="tmp_108_i/3 "/>
</bind>
</comp>

<comp id="2691" class="1004" name="p_Repl2_2_trunc_2_s_fu_2691">
<pin_list>
<pin id="2692" dir="0" index="0" bw="8" slack="0"/>
<pin id="2693" dir="0" index="1" bw="8" slack="0"/>
<pin id="2694" dir="1" index="2" bw="8" slack="0"/>
</pin_list>
<bind>
<opcode="add(8) " fcode="add"/>
<opset="p_Repl2_2_trunc_2_s/3 "/>
</bind>
</comp>

<comp id="2697" class="1004" name="tmp_109_i_fu_2697">
<pin_list>
<pin id="2698" dir="0" index="0" bw="9" slack="0"/>
<pin id="2699" dir="0" index="1" bw="1" slack="2"/>
<pin id="2700" dir="0" index="2" bw="8" slack="0"/>
<pin id="2701" dir="1" index="3" bw="9" slack="0"/>
</pin_list>
<bind>
<opcode="bitconcatenate(1004) " fcode="bitconcatenate"/>
<opset="tmp_109_i/3 "/>
</bind>
</comp>

<comp id="2704" class="1004" name="p_Result_29_2_i_fu_2704">
<pin_list>
<pin id="2705" dir="0" index="0" bw="32" slack="0"/>
<pin id="2706" dir="0" index="1" bw="31" slack="0"/>
<pin id="2707" dir="0" index="2" bw="9" slack="0"/>
<pin id="2708" dir="0" index="3" bw="6" slack="0"/>
<pin id="2709" dir="0" index="4" bw="6" slack="0"/>
<pin id="2710" dir="1" index="5" bw="32" slack="0"/>
</pin_list>
<bind>
<opcode="partset(1003) " fcode="partset"/>
<opset="p_Result_29_2_i/3 "/>
</bind>
</comp>

<comp id="2716" class="1004" name="tmp_91_2_i_fu_2716">
<pin_list>
<pin id="2717" dir="0" index="0" bw="32" slack="0"/>
<pin id="2718" dir="1" index="1" bw="32" slack="0"/>
</pin_list>
<bind>
<opcode="bitcast(44) " fcode="bitcast"/>
<opset="tmp_91_2_i/3 "/>
</bind>
</comp>

<comp id="2720" class="1004" name="p_2_i_fu_2720">
<pin_list>
<pin id="2721" dir="0" index="0" bw="1" slack="2"/>
<pin id="2722" dir="0" index="1" bw="32" slack="0"/>
<pin id="2723" dir="0" index="2" bw="32" slack="0"/>
<pin id="2724" dir="1" index="3" bw="32" slack="0"/>
</pin_list>
<bind>
<opcode="select(49) " fcode="select"/>
<opset="p_2_i/3 "/>
</bind>
</comp>

<comp id="2728" class="1004" name="tmp_61_fu_2728">
<pin_list>
<pin id="2729" dir="0" index="0" bw="31" slack="1"/>
<pin id="2730" dir="1" index="1" bw="32" slack="0"/>
</pin_list>
<bind>
<opcode="zext(34) " fcode="zext"/>
<opset="tmp_61/3 "/>
</bind>
</comp>

<comp id="2731" class="1004" name="tmp_114_cast_i_cast_s_fu_2731">
<pin_list>
<pin id="2732" dir="0" index="0" bw="1" slack="1"/>
<pin id="2733" dir="0" index="1" bw="8" slack="0"/>
<pin id="2734" dir="0" index="2" bw="8" slack="0"/>
<pin id="2735" dir="1" index="3" bw="8" slack="0"/>
</pin_list>
<bind>
<opcode="select(49) " fcode="select"/>
<opset="tmp_114_cast_i_cast_s/3 "/>
</bind>
</comp>

<comp id="2738" class="1004" name="tmp_116_i_fu_2738">
<pin_list>
<pin id="2739" dir="0" index="0" bw="4" slack="0"/>
<pin id="2740" dir="0" index="1" bw="8" slack="2"/>
<pin id="2741" dir="1" index="2" bw="8" slack="0"/>
</pin_list>
<bind>
<opcode="sub(10) " fcode="sub"/>
<opset="tmp_116_i/3 "/>
</bind>
</comp>

<comp id="2743" class="1004" name="p_Repl2_2_trunc_3_s_fu_2743">
<pin_list>
<pin id="2744" dir="0" index="0" bw="8" slack="0"/>
<pin id="2745" dir="0" index="1" bw="8" slack="0"/>
<pin id="2746" dir="1" index="2" bw="8" slack="0"/>
</pin_list>
<bind>
<opcode="add(8) " fcode="add"/>
<opset="p_Repl2_2_trunc_3_s/3 "/>
</bind>
</comp>

<comp id="2749" class="1004" name="tmp_117_i_fu_2749">
<pin_list>
<pin id="2750" dir="0" index="0" bw="9" slack="0"/>
<pin id="2751" dir="0" index="1" bw="1" slack="2"/>
<pin id="2752" dir="0" index="2" bw="8" slack="0"/>
<pin id="2753" dir="1" index="3" bw="9" slack="0"/>
</pin_list>
<bind>
<opcode="bitconcatenate(1004) " fcode="bitconcatenate"/>
<opset="tmp_117_i/3 "/>
</bind>
</comp>

<comp id="2756" class="1004" name="p_Result_29_3_i_fu_2756">
<pin_list>
<pin id="2757" dir="0" index="0" bw="32" slack="0"/>
<pin id="2758" dir="0" index="1" bw="31" slack="0"/>
<pin id="2759" dir="0" index="2" bw="9" slack="0"/>
<pin id="2760" dir="0" index="3" bw="6" slack="0"/>
<pin id="2761" dir="0" index="4" bw="6" slack="0"/>
<pin id="2762" dir="1" index="5" bw="32" slack="0"/>
</pin_list>
<bind>
<opcode="partset(1003) " fcode="partset"/>
<opset="p_Result_29_3_i/3 "/>
</bind>
</comp>

<comp id="2768" class="1004" name="tmp_91_3_i_fu_2768">
<pin_list>
<pin id="2769" dir="0" index="0" bw="32" slack="0"/>
<pin id="2770" dir="1" index="1" bw="32" slack="0"/>
</pin_list>
<bind>
<opcode="bitcast(44) " fcode="bitcast"/>
<opset="tmp_91_3_i/3 "/>
</bind>
</comp>

<comp id="2772" class="1004" name="p_3_i_fu_2772">
<pin_list>
<pin id="2773" dir="0" index="0" bw="1" slack="2"/>
<pin id="2774" dir="0" index="1" bw="32" slack="0"/>
<pin id="2775" dir="0" index="2" bw="32" slack="0"/>
<pin id="2776" dir="1" index="3" bw="32" slack="0"/>
</pin_list>
<bind>
<opcode="select(49) " fcode="select"/>
<opset="p_3_i/3 "/>
</bind>
</comp>

<comp id="2780" class="1004" name="tmp_62_fu_2780">
<pin_list>
<pin id="2781" dir="0" index="0" bw="31" slack="1"/>
<pin id="2782" dir="1" index="1" bw="32" slack="0"/>
</pin_list>
<bind>
<opcode="zext(34) " fcode="zext"/>
<opset="tmp_62/3 "/>
</bind>
</comp>

<comp id="2783" class="1004" name="tmp_122_cast_i_cast_s_fu_2783">
<pin_list>
<pin id="2784" dir="0" index="0" bw="1" slack="1"/>
<pin id="2785" dir="0" index="1" bw="8" slack="0"/>
<pin id="2786" dir="0" index="2" bw="8" slack="0"/>
<pin id="2787" dir="1" index="3" bw="8" slack="0"/>
</pin_list>
<bind>
<opcode="select(49) " fcode="select"/>
<opset="tmp_122_cast_i_cast_s/3 "/>
</bind>
</comp>

<comp id="2790" class="1004" name="tmp_124_i_fu_2790">
<pin_list>
<pin id="2791" dir="0" index="0" bw="4" slack="0"/>
<pin id="2792" dir="0" index="1" bw="8" slack="2"/>
<pin id="2793" dir="1" index="2" bw="8" slack="0"/>
</pin_list>
<bind>
<opcode="sub(10) " fcode="sub"/>
<opset="tmp_124_i/3 "/>
</bind>
</comp>

<comp id="2795" class="1004" name="p_Repl2_2_trunc_4_s_fu_2795">
<pin_list>
<pin id="2796" dir="0" index="0" bw="8" slack="0"/>
<pin id="2797" dir="0" index="1" bw="8" slack="0"/>
<pin id="2798" dir="1" index="2" bw="8" slack="0"/>
</pin_list>
<bind>
<opcode="add(8) " fcode="add"/>
<opset="p_Repl2_2_trunc_4_s/3 "/>
</bind>
</comp>

<comp id="2801" class="1004" name="tmp_125_i_fu_2801">
<pin_list>
<pin id="2802" dir="0" index="0" bw="9" slack="0"/>
<pin id="2803" dir="0" index="1" bw="1" slack="2"/>
<pin id="2804" dir="0" index="2" bw="8" slack="0"/>
<pin id="2805" dir="1" index="3" bw="9" slack="0"/>
</pin_list>
<bind>
<opcode="bitconcatenate(1004) " fcode="bitconcatenate"/>
<opset="tmp_125_i/3 "/>
</bind>
</comp>

<comp id="2808" class="1004" name="p_Result_29_4_i_fu_2808">
<pin_list>
<pin id="2809" dir="0" index="0" bw="32" slack="0"/>
<pin id="2810" dir="0" index="1" bw="31" slack="0"/>
<pin id="2811" dir="0" index="2" bw="9" slack="0"/>
<pin id="2812" dir="0" index="3" bw="6" slack="0"/>
<pin id="2813" dir="0" index="4" bw="6" slack="0"/>
<pin id="2814" dir="1" index="5" bw="32" slack="0"/>
</pin_list>
<bind>
<opcode="partset(1003) " fcode="partset"/>
<opset="p_Result_29_4_i/3 "/>
</bind>
</comp>

<comp id="2820" class="1004" name="tmp_91_4_i_fu_2820">
<pin_list>
<pin id="2821" dir="0" index="0" bw="32" slack="0"/>
<pin id="2822" dir="1" index="1" bw="32" slack="0"/>
</pin_list>
<bind>
<opcode="bitcast(44) " fcode="bitcast"/>
<opset="tmp_91_4_i/3 "/>
</bind>
</comp>

<comp id="2824" class="1004" name="p_4_i_fu_2824">
<pin_list>
<pin id="2825" dir="0" index="0" bw="1" slack="2"/>
<pin id="2826" dir="0" index="1" bw="32" slack="0"/>
<pin id="2827" dir="0" index="2" bw="32" slack="0"/>
<pin id="2828" dir="1" index="3" bw="32" slack="0"/>
</pin_list>
<bind>
<opcode="select(49) " fcode="select"/>
<opset="p_4_i/3 "/>
</bind>
</comp>

<comp id="2832" class="1004" name="tmp_63_fu_2832">
<pin_list>
<pin id="2833" dir="0" index="0" bw="31" slack="1"/>
<pin id="2834" dir="1" index="1" bw="32" slack="0"/>
</pin_list>
<bind>
<opcode="zext(34) " fcode="zext"/>
<opset="tmp_63/3 "/>
</bind>
</comp>

<comp id="2835" class="1004" name="tmp_130_cast_i_cast_s_fu_2835">
<pin_list>
<pin id="2836" dir="0" index="0" bw="1" slack="1"/>
<pin id="2837" dir="0" index="1" bw="8" slack="0"/>
<pin id="2838" dir="0" index="2" bw="8" slack="0"/>
<pin id="2839" dir="1" index="3" bw="8" slack="0"/>
</pin_list>
<bind>
<opcode="select(49) " fcode="select"/>
<opset="tmp_130_cast_i_cast_s/3 "/>
</bind>
</comp>

<comp id="2842" class="1004" name="tmp_132_i_fu_2842">
<pin_list>
<pin id="2843" dir="0" index="0" bw="4" slack="0"/>
<pin id="2844" dir="0" index="1" bw="8" slack="2"/>
<pin id="2845" dir="1" index="2" bw="8" slack="0"/>
</pin_list>
<bind>
<opcode="sub(10) " fcode="sub"/>
<opset="tmp_132_i/3 "/>
</bind>
</comp>

<comp id="2847" class="1004" name="p_Repl2_2_trunc_5_s_fu_2847">
<pin_list>
<pin id="2848" dir="0" index="0" bw="8" slack="0"/>
<pin id="2849" dir="0" index="1" bw="8" slack="0"/>
<pin id="2850" dir="1" index="2" bw="8" slack="0"/>
</pin_list>
<bind>
<opcode="add(8) " fcode="add"/>
<opset="p_Repl2_2_trunc_5_s/3 "/>
</bind>
</comp>

<comp id="2853" class="1004" name="tmp_133_i_fu_2853">
<pin_list>
<pin id="2854" dir="0" index="0" bw="9" slack="0"/>
<pin id="2855" dir="0" index="1" bw="1" slack="2"/>
<pin id="2856" dir="0" index="2" bw="8" slack="0"/>
<pin id="2857" dir="1" index="3" bw="9" slack="0"/>
</pin_list>
<bind>
<opcode="bitconcatenate(1004) " fcode="bitconcatenate"/>
<opset="tmp_133_i/3 "/>
</bind>
</comp>

<comp id="2860" class="1004" name="p_Result_29_5_i_fu_2860">
<pin_list>
<pin id="2861" dir="0" index="0" bw="32" slack="0"/>
<pin id="2862" dir="0" index="1" bw="31" slack="0"/>
<pin id="2863" dir="0" index="2" bw="9" slack="0"/>
<pin id="2864" dir="0" index="3" bw="6" slack="0"/>
<pin id="2865" dir="0" index="4" bw="6" slack="0"/>
<pin id="2866" dir="1" index="5" bw="32" slack="0"/>
</pin_list>
<bind>
<opcode="partset(1003) " fcode="partset"/>
<opset="p_Result_29_5_i/3 "/>
</bind>
</comp>

<comp id="2872" class="1004" name="tmp_91_5_i_fu_2872">
<pin_list>
<pin id="2873" dir="0" index="0" bw="32" slack="0"/>
<pin id="2874" dir="1" index="1" bw="32" slack="0"/>
</pin_list>
<bind>
<opcode="bitcast(44) " fcode="bitcast"/>
<opset="tmp_91_5_i/3 "/>
</bind>
</comp>

<comp id="2876" class="1004" name="p_5_i_fu_2876">
<pin_list>
<pin id="2877" dir="0" index="0" bw="1" slack="2"/>
<pin id="2878" dir="0" index="1" bw="32" slack="0"/>
<pin id="2879" dir="0" index="2" bw="32" slack="0"/>
<pin id="2880" dir="1" index="3" bw="32" slack="0"/>
</pin_list>
<bind>
<opcode="select(49) " fcode="select"/>
<opset="p_5_i/3 "/>
</bind>
</comp>

<comp id="2884" class="1004" name="tmp_64_fu_2884">
<pin_list>
<pin id="2885" dir="0" index="0" bw="31" slack="1"/>
<pin id="2886" dir="1" index="1" bw="32" slack="0"/>
</pin_list>
<bind>
<opcode="zext(34) " fcode="zext"/>
<opset="tmp_64/3 "/>
</bind>
</comp>

<comp id="2887" class="1004" name="tmp_138_cast_i_cast_s_fu_2887">
<pin_list>
<pin id="2888" dir="0" index="0" bw="1" slack="1"/>
<pin id="2889" dir="0" index="1" bw="8" slack="0"/>
<pin id="2890" dir="0" index="2" bw="8" slack="0"/>
<pin id="2891" dir="1" index="3" bw="8" slack="0"/>
</pin_list>
<bind>
<opcode="select(49) " fcode="select"/>
<opset="tmp_138_cast_i_cast_s/3 "/>
</bind>
</comp>

<comp id="2894" class="1004" name="tmp_140_i_fu_2894">
<pin_list>
<pin id="2895" dir="0" index="0" bw="4" slack="0"/>
<pin id="2896" dir="0" index="1" bw="8" slack="2"/>
<pin id="2897" dir="1" index="2" bw="8" slack="0"/>
</pin_list>
<bind>
<opcode="sub(10) " fcode="sub"/>
<opset="tmp_140_i/3 "/>
</bind>
</comp>

<comp id="2899" class="1004" name="p_Repl2_2_trunc_6_s_fu_2899">
<pin_list>
<pin id="2900" dir="0" index="0" bw="8" slack="0"/>
<pin id="2901" dir="0" index="1" bw="8" slack="0"/>
<pin id="2902" dir="1" index="2" bw="8" slack="0"/>
</pin_list>
<bind>
<opcode="add(8) " fcode="add"/>
<opset="p_Repl2_2_trunc_6_s/3 "/>
</bind>
</comp>

<comp id="2905" class="1004" name="tmp_141_i_fu_2905">
<pin_list>
<pin id="2906" dir="0" index="0" bw="9" slack="0"/>
<pin id="2907" dir="0" index="1" bw="1" slack="2"/>
<pin id="2908" dir="0" index="2" bw="8" slack="0"/>
<pin id="2909" dir="1" index="3" bw="9" slack="0"/>
</pin_list>
<bind>
<opcode="bitconcatenate(1004) " fcode="bitconcatenate"/>
<opset="tmp_141_i/3 "/>
</bind>
</comp>

<comp id="2912" class="1004" name="p_Result_29_6_i_fu_2912">
<pin_list>
<pin id="2913" dir="0" index="0" bw="32" slack="0"/>
<pin id="2914" dir="0" index="1" bw="31" slack="0"/>
<pin id="2915" dir="0" index="2" bw="9" slack="0"/>
<pin id="2916" dir="0" index="3" bw="6" slack="0"/>
<pin id="2917" dir="0" index="4" bw="6" slack="0"/>
<pin id="2918" dir="1" index="5" bw="32" slack="0"/>
</pin_list>
<bind>
<opcode="partset(1003) " fcode="partset"/>
<opset="p_Result_29_6_i/3 "/>
</bind>
</comp>

<comp id="2924" class="1004" name="tmp_91_6_i_fu_2924">
<pin_list>
<pin id="2925" dir="0" index="0" bw="32" slack="0"/>
<pin id="2926" dir="1" index="1" bw="32" slack="0"/>
</pin_list>
<bind>
<opcode="bitcast(44) " fcode="bitcast"/>
<opset="tmp_91_6_i/3 "/>
</bind>
</comp>

<comp id="2928" class="1004" name="p_6_i_fu_2928">
<pin_list>
<pin id="2929" dir="0" index="0" bw="1" slack="2"/>
<pin id="2930" dir="0" index="1" bw="32" slack="0"/>
<pin id="2931" dir="0" index="2" bw="32" slack="0"/>
<pin id="2932" dir="1" index="3" bw="32" slack="0"/>
</pin_list>
<bind>
<opcode="select(49) " fcode="select"/>
<opset="p_6_i/3 "/>
</bind>
</comp>

<comp id="2936" class="1004" name="tmp_65_fu_2936">
<pin_list>
<pin id="2937" dir="0" index="0" bw="31" slack="1"/>
<pin id="2938" dir="1" index="1" bw="32" slack="0"/>
</pin_list>
<bind>
<opcode="zext(34) " fcode="zext"/>
<opset="tmp_65/3 "/>
</bind>
</comp>

<comp id="2939" class="1004" name="tmp_146_cast_i_cast_s_fu_2939">
<pin_list>
<pin id="2940" dir="0" index="0" bw="1" slack="1"/>
<pin id="2941" dir="0" index="1" bw="8" slack="0"/>
<pin id="2942" dir="0" index="2" bw="8" slack="0"/>
<pin id="2943" dir="1" index="3" bw="8" slack="0"/>
</pin_list>
<bind>
<opcode="select(49) " fcode="select"/>
<opset="tmp_146_cast_i_cast_s/3 "/>
</bind>
</comp>

<comp id="2946" class="1004" name="tmp_148_i_fu_2946">
<pin_list>
<pin id="2947" dir="0" index="0" bw="4" slack="0"/>
<pin id="2948" dir="0" index="1" bw="8" slack="2"/>
<pin id="2949" dir="1" index="2" bw="8" slack="0"/>
</pin_list>
<bind>
<opcode="sub(10) " fcode="sub"/>
<opset="tmp_148_i/3 "/>
</bind>
</comp>

<comp id="2951" class="1004" name="p_Repl2_2_trunc_7_s_fu_2951">
<pin_list>
<pin id="2952" dir="0" index="0" bw="8" slack="0"/>
<pin id="2953" dir="0" index="1" bw="8" slack="0"/>
<pin id="2954" dir="1" index="2" bw="8" slack="0"/>
</pin_list>
<bind>
<opcode="add(8) " fcode="add"/>
<opset="p_Repl2_2_trunc_7_s/3 "/>
</bind>
</comp>

<comp id="2957" class="1004" name="tmp_149_i_fu_2957">
<pin_list>
<pin id="2958" dir="0" index="0" bw="9" slack="0"/>
<pin id="2959" dir="0" index="1" bw="1" slack="2"/>
<pin id="2960" dir="0" index="2" bw="8" slack="0"/>
<pin id="2961" dir="1" index="3" bw="9" slack="0"/>
</pin_list>
<bind>
<opcode="bitconcatenate(1004) " fcode="bitconcatenate"/>
<opset="tmp_149_i/3 "/>
</bind>
</comp>

<comp id="2964" class="1004" name="p_Result_29_7_i_fu_2964">
<pin_list>
<pin id="2965" dir="0" index="0" bw="32" slack="0"/>
<pin id="2966" dir="0" index="1" bw="31" slack="0"/>
<pin id="2967" dir="0" index="2" bw="9" slack="0"/>
<pin id="2968" dir="0" index="3" bw="6" slack="0"/>
<pin id="2969" dir="0" index="4" bw="6" slack="0"/>
<pin id="2970" dir="1" index="5" bw="32" slack="0"/>
</pin_list>
<bind>
<opcode="partset(1003) " fcode="partset"/>
<opset="p_Result_29_7_i/3 "/>
</bind>
</comp>

<comp id="2976" class="1004" name="tmp_91_7_i_fu_2976">
<pin_list>
<pin id="2977" dir="0" index="0" bw="32" slack="0"/>
<pin id="2978" dir="1" index="1" bw="32" slack="0"/>
</pin_list>
<bind>
<opcode="bitcast(44) " fcode="bitcast"/>
<opset="tmp_91_7_i/3 "/>
</bind>
</comp>

<comp id="2980" class="1004" name="p_7_i_fu_2980">
<pin_list>
<pin id="2981" dir="0" index="0" bw="1" slack="2"/>
<pin id="2982" dir="0" index="1" bw="32" slack="0"/>
<pin id="2983" dir="0" index="2" bw="32" slack="0"/>
<pin id="2984" dir="1" index="3" bw="32" slack="0"/>
</pin_list>
<bind>
<opcode="select(49) " fcode="select"/>
<opset="p_7_i/3 "/>
</bind>
</comp>

<comp id="2988" class="1004" name="tmp_66_fu_2988">
<pin_list>
<pin id="2989" dir="0" index="0" bw="31" slack="1"/>
<pin id="2990" dir="1" index="1" bw="32" slack="0"/>
</pin_list>
<bind>
<opcode="zext(34) " fcode="zext"/>
<opset="tmp_66/3 "/>
</bind>
</comp>

<comp id="2991" class="1004" name="tmp_154_cast_i_cast_s_fu_2991">
<pin_list>
<pin id="2992" dir="0" index="0" bw="1" slack="1"/>
<pin id="2993" dir="0" index="1" bw="8" slack="0"/>
<pin id="2994" dir="0" index="2" bw="8" slack="0"/>
<pin id="2995" dir="1" index="3" bw="8" slack="0"/>
</pin_list>
<bind>
<opcode="select(49) " fcode="select"/>
<opset="tmp_154_cast_i_cast_s/3 "/>
</bind>
</comp>

<comp id="2998" class="1004" name="tmp_156_i_fu_2998">
<pin_list>
<pin id="2999" dir="0" index="0" bw="4" slack="0"/>
<pin id="3000" dir="0" index="1" bw="8" slack="2"/>
<pin id="3001" dir="1" index="2" bw="8" slack="0"/>
</pin_list>
<bind>
<opcode="sub(10) " fcode="sub"/>
<opset="tmp_156_i/3 "/>
</bind>
</comp>

<comp id="3003" class="1004" name="p_Repl2_2_trunc_8_s_fu_3003">
<pin_list>
<pin id="3004" dir="0" index="0" bw="8" slack="0"/>
<pin id="3005" dir="0" index="1" bw="8" slack="0"/>
<pin id="3006" dir="1" index="2" bw="8" slack="0"/>
</pin_list>
<bind>
<opcode="add(8) " fcode="add"/>
<opset="p_Repl2_2_trunc_8_s/3 "/>
</bind>
</comp>

<comp id="3009" class="1004" name="tmp_157_i_fu_3009">
<pin_list>
<pin id="3010" dir="0" index="0" bw="9" slack="0"/>
<pin id="3011" dir="0" index="1" bw="1" slack="2"/>
<pin id="3012" dir="0" index="2" bw="8" slack="0"/>
<pin id="3013" dir="1" index="3" bw="9" slack="0"/>
</pin_list>
<bind>
<opcode="bitconcatenate(1004) " fcode="bitconcatenate"/>
<opset="tmp_157_i/3 "/>
</bind>
</comp>

<comp id="3016" class="1004" name="p_Result_29_8_i_fu_3016">
<pin_list>
<pin id="3017" dir="0" index="0" bw="32" slack="0"/>
<pin id="3018" dir="0" index="1" bw="31" slack="0"/>
<pin id="3019" dir="0" index="2" bw="9" slack="0"/>
<pin id="3020" dir="0" index="3" bw="6" slack="0"/>
<pin id="3021" dir="0" index="4" bw="6" slack="0"/>
<pin id="3022" dir="1" index="5" bw="32" slack="0"/>
</pin_list>
<bind>
<opcode="partset(1003) " fcode="partset"/>
<opset="p_Result_29_8_i/3 "/>
</bind>
</comp>

<comp id="3028" class="1004" name="tmp_91_8_i_fu_3028">
<pin_list>
<pin id="3029" dir="0" index="0" bw="32" slack="0"/>
<pin id="3030" dir="1" index="1" bw="32" slack="0"/>
</pin_list>
<bind>
<opcode="bitcast(44) " fcode="bitcast"/>
<opset="tmp_91_8_i/3 "/>
</bind>
</comp>

<comp id="3032" class="1004" name="p_8_i_fu_3032">
<pin_list>
<pin id="3033" dir="0" index="0" bw="1" slack="2"/>
<pin id="3034" dir="0" index="1" bw="32" slack="0"/>
<pin id="3035" dir="0" index="2" bw="32" slack="0"/>
<pin id="3036" dir="1" index="3" bw="32" slack="0"/>
</pin_list>
<bind>
<opcode="select(49) " fcode="select"/>
<opset="p_8_i/3 "/>
</bind>
</comp>

<comp id="3040" class="1004" name="tmp_67_fu_3040">
<pin_list>
<pin id="3041" dir="0" index="0" bw="31" slack="1"/>
<pin id="3042" dir="1" index="1" bw="32" slack="0"/>
</pin_list>
<bind>
<opcode="zext(34) " fcode="zext"/>
<opset="tmp_67/3 "/>
</bind>
</comp>

<comp id="3043" class="1004" name="tmp_162_cast_i_cast_s_fu_3043">
<pin_list>
<pin id="3044" dir="0" index="0" bw="1" slack="1"/>
<pin id="3045" dir="0" index="1" bw="8" slack="0"/>
<pin id="3046" dir="0" index="2" bw="8" slack="0"/>
<pin id="3047" dir="1" index="3" bw="8" slack="0"/>
</pin_list>
<bind>
<opcode="select(49) " fcode="select"/>
<opset="tmp_162_cast_i_cast_s/3 "/>
</bind>
</comp>

<comp id="3050" class="1004" name="tmp_164_i_fu_3050">
<pin_list>
<pin id="3051" dir="0" index="0" bw="4" slack="0"/>
<pin id="3052" dir="0" index="1" bw="8" slack="2"/>
<pin id="3053" dir="1" index="2" bw="8" slack="0"/>
</pin_list>
<bind>
<opcode="sub(10) " fcode="sub"/>
<opset="tmp_164_i/3 "/>
</bind>
</comp>

<comp id="3055" class="1004" name="p_Repl2_2_trunc_9_s_fu_3055">
<pin_list>
<pin id="3056" dir="0" index="0" bw="8" slack="0"/>
<pin id="3057" dir="0" index="1" bw="8" slack="0"/>
<pin id="3058" dir="1" index="2" bw="8" slack="0"/>
</pin_list>
<bind>
<opcode="add(8) " fcode="add"/>
<opset="p_Repl2_2_trunc_9_s/3 "/>
</bind>
</comp>

<comp id="3061" class="1004" name="tmp_165_i_fu_3061">
<pin_list>
<pin id="3062" dir="0" index="0" bw="9" slack="0"/>
<pin id="3063" dir="0" index="1" bw="1" slack="2"/>
<pin id="3064" dir="0" index="2" bw="8" slack="0"/>
<pin id="3065" dir="1" index="3" bw="9" slack="0"/>
</pin_list>
<bind>
<opcode="bitconcatenate(1004) " fcode="bitconcatenate"/>
<opset="tmp_165_i/3 "/>
</bind>
</comp>

<comp id="3068" class="1004" name="p_Result_29_9_i_fu_3068">
<pin_list>
<pin id="3069" dir="0" index="0" bw="32" slack="0"/>
<pin id="3070" dir="0" index="1" bw="31" slack="0"/>
<pin id="3071" dir="0" index="2" bw="9" slack="0"/>
<pin id="3072" dir="0" index="3" bw="6" slack="0"/>
<pin id="3073" dir="0" index="4" bw="6" slack="0"/>
<pin id="3074" dir="1" index="5" bw="32" slack="0"/>
</pin_list>
<bind>
<opcode="partset(1003) " fcode="partset"/>
<opset="p_Result_29_9_i/3 "/>
</bind>
</comp>

<comp id="3080" class="1004" name="tmp_91_9_i_fu_3080">
<pin_list>
<pin id="3081" dir="0" index="0" bw="32" slack="0"/>
<pin id="3082" dir="1" index="1" bw="32" slack="0"/>
</pin_list>
<bind>
<opcode="bitcast(44) " fcode="bitcast"/>
<opset="tmp_91_9_i/3 "/>
</bind>
</comp>

<comp id="3084" class="1004" name="p_9_i_fu_3084">
<pin_list>
<pin id="3085" dir="0" index="0" bw="1" slack="2"/>
<pin id="3086" dir="0" index="1" bw="32" slack="0"/>
<pin id="3087" dir="0" index="2" bw="32" slack="0"/>
<pin id="3088" dir="1" index="3" bw="32" slack="0"/>
</pin_list>
<bind>
<opcode="select(49) " fcode="select"/>
<opset="p_9_i/3 "/>
</bind>
</comp>

<comp id="3092" class="1005" name="tmp_701_i_reg_3092">
<pin_list>
<pin id="3093" dir="0" index="0" bw="1" slack="1"/>
<pin id="3094" dir="1" index="1" bw="1" slack="2"/>
</pin_list>
<bind>
<opset="tmp_701_i "/>
</bind>
</comp>

<comp id="3097" class="1005" name="tmp_128_reg_3097">
<pin_list>
<pin id="3098" dir="0" index="0" bw="1" slack="2"/>
<pin id="3099" dir="1" index="1" bw="1" slack="2"/>
</pin_list>
<bind>
<opset="tmp_128 "/>
</bind>
</comp>

<comp id="3102" class="1005" name="p_Val2_1_i_reg_3102">
<pin_list>
<pin id="3103" dir="0" index="0" bw="16" slack="1"/>
<pin id="3104" dir="1" index="1" bw="16" slack="1"/>
</pin_list>
<bind>
<opset="p_Val2_1_i "/>
</bind>
</comp>

<comp id="3109" class="1005" name="tmp_741_i_reg_3109">
<pin_list>
<pin id="3110" dir="0" index="0" bw="32" slack="1"/>
<pin id="3111" dir="1" index="1" bw="32" slack="1"/>
</pin_list>
<bind>
<opset="tmp_741_i "/>
</bind>
</comp>

<comp id="3116" class="1005" name="tmp_129_reg_3116">
<pin_list>
<pin id="3117" dir="0" index="0" bw="16" slack="1"/>
<pin id="3118" dir="1" index="1" bw="16" slack="1"/>
</pin_list>
<bind>
<opset="tmp_129 "/>
</bind>
</comp>

<comp id="3121" class="1005" name="tmp_131_reg_3121">
<pin_list>
<pin id="3122" dir="0" index="0" bw="5" slack="1"/>
<pin id="3123" dir="1" index="1" bw="5" slack="1"/>
</pin_list>
<bind>
<opset="tmp_131 "/>
</bind>
</comp>

<comp id="3126" class="1005" name="tmp_138_reg_3126">
<pin_list>
<pin id="3127" dir="0" index="0" bw="8" slack="2"/>
<pin id="3128" dir="1" index="1" bw="8" slack="2"/>
</pin_list>
<bind>
<opset="tmp_138 "/>
</bind>
</comp>

<comp id="3131" class="1005" name="tmp_70_1_i_reg_3131">
<pin_list>
<pin id="3132" dir="0" index="0" bw="1" slack="1"/>
<pin id="3133" dir="1" index="1" bw="1" slack="2"/>
</pin_list>
<bind>
<opset="tmp_70_1_i "/>
</bind>
</comp>

<comp id="3136" class="1005" name="tmp_139_reg_3136">
<pin_list>
<pin id="3137" dir="0" index="0" bw="1" slack="2"/>
<pin id="3138" dir="1" index="1" bw="1" slack="2"/>
</pin_list>
<bind>
<opset="tmp_139 "/>
</bind>
</comp>

<comp id="3141" class="1005" name="p_Val2_1_i_54_reg_3141">
<pin_list>
<pin id="3142" dir="0" index="0" bw="16" slack="1"/>
<pin id="3143" dir="1" index="1" bw="16" slack="1"/>
</pin_list>
<bind>
<opset="p_Val2_1_i_54 "/>
</bind>
</comp>

<comp id="3148" class="1005" name="tmp_74_1_i_reg_3148">
<pin_list>
<pin id="3149" dir="0" index="0" bw="32" slack="1"/>
<pin id="3150" dir="1" index="1" bw="32" slack="1"/>
</pin_list>
<bind>
<opset="tmp_74_1_i "/>
</bind>
</comp>

<comp id="3155" class="1005" name="tmp_140_reg_3155">
<pin_list>
<pin id="3156" dir="0" index="0" bw="16" slack="1"/>
<pin id="3157" dir="1" index="1" bw="16" slack="1"/>
</pin_list>
<bind>
<opset="tmp_140 "/>
</bind>
</comp>

<comp id="3160" class="1005" name="tmp_142_reg_3160">
<pin_list>
<pin id="3161" dir="0" index="0" bw="5" slack="1"/>
<pin id="3162" dir="1" index="1" bw="5" slack="1"/>
</pin_list>
<bind>
<opset="tmp_142 "/>
</bind>
</comp>

<comp id="3165" class="1005" name="tmp_149_reg_3165">
<pin_list>
<pin id="3166" dir="0" index="0" bw="8" slack="2"/>
<pin id="3167" dir="1" index="1" bw="8" slack="2"/>
</pin_list>
<bind>
<opset="tmp_149 "/>
</bind>
</comp>

<comp id="3170" class="1005" name="tmp_70_2_i_reg_3170">
<pin_list>
<pin id="3171" dir="0" index="0" bw="1" slack="1"/>
<pin id="3172" dir="1" index="1" bw="1" slack="2"/>
</pin_list>
<bind>
<opset="tmp_70_2_i "/>
</bind>
</comp>

<comp id="3175" class="1005" name="tmp_150_reg_3175">
<pin_list>
<pin id="3176" dir="0" index="0" bw="1" slack="2"/>
<pin id="3177" dir="1" index="1" bw="1" slack="2"/>
</pin_list>
<bind>
<opset="tmp_150 "/>
</bind>
</comp>

<comp id="3180" class="1005" name="p_Val2_2_i_reg_3180">
<pin_list>
<pin id="3181" dir="0" index="0" bw="16" slack="1"/>
<pin id="3182" dir="1" index="1" bw="16" slack="1"/>
</pin_list>
<bind>
<opset="p_Val2_2_i "/>
</bind>
</comp>

<comp id="3187" class="1005" name="tmp_74_2_i_reg_3187">
<pin_list>
<pin id="3188" dir="0" index="0" bw="32" slack="1"/>
<pin id="3189" dir="1" index="1" bw="32" slack="1"/>
</pin_list>
<bind>
<opset="tmp_74_2_i "/>
</bind>
</comp>

<comp id="3194" class="1005" name="tmp_151_reg_3194">
<pin_list>
<pin id="3195" dir="0" index="0" bw="16" slack="1"/>
<pin id="3196" dir="1" index="1" bw="16" slack="1"/>
</pin_list>
<bind>
<opset="tmp_151 "/>
</bind>
</comp>

<comp id="3199" class="1005" name="tmp_153_reg_3199">
<pin_list>
<pin id="3200" dir="0" index="0" bw="5" slack="1"/>
<pin id="3201" dir="1" index="1" bw="5" slack="1"/>
</pin_list>
<bind>
<opset="tmp_153 "/>
</bind>
</comp>

<comp id="3204" class="1005" name="tmp_160_reg_3204">
<pin_list>
<pin id="3205" dir="0" index="0" bw="8" slack="2"/>
<pin id="3206" dir="1" index="1" bw="8" slack="2"/>
</pin_list>
<bind>
<opset="tmp_160 "/>
</bind>
</comp>

<comp id="3209" class="1005" name="tmp_70_3_i_reg_3209">
<pin_list>
<pin id="3210" dir="0" index="0" bw="1" slack="1"/>
<pin id="3211" dir="1" index="1" bw="1" slack="2"/>
</pin_list>
<bind>
<opset="tmp_70_3_i "/>
</bind>
</comp>

<comp id="3214" class="1005" name="tmp_161_reg_3214">
<pin_list>
<pin id="3215" dir="0" index="0" bw="1" slack="2"/>
<pin id="3216" dir="1" index="1" bw="1" slack="2"/>
</pin_list>
<bind>
<opset="tmp_161 "/>
</bind>
</comp>

<comp id="3219" class="1005" name="p_Val2_3_i_reg_3219">
<pin_list>
<pin id="3220" dir="0" index="0" bw="16" slack="1"/>
<pin id="3221" dir="1" index="1" bw="16" slack="1"/>
</pin_list>
<bind>
<opset="p_Val2_3_i "/>
</bind>
</comp>

<comp id="3226" class="1005" name="tmp_74_3_i_reg_3226">
<pin_list>
<pin id="3227" dir="0" index="0" bw="32" slack="1"/>
<pin id="3228" dir="1" index="1" bw="32" slack="1"/>
</pin_list>
<bind>
<opset="tmp_74_3_i "/>
</bind>
</comp>

<comp id="3233" class="1005" name="tmp_162_reg_3233">
<pin_list>
<pin id="3234" dir="0" index="0" bw="16" slack="1"/>
<pin id="3235" dir="1" index="1" bw="16" slack="1"/>
</pin_list>
<bind>
<opset="tmp_162 "/>
</bind>
</comp>

<comp id="3238" class="1005" name="tmp_164_reg_3238">
<pin_list>
<pin id="3239" dir="0" index="0" bw="5" slack="1"/>
<pin id="3240" dir="1" index="1" bw="5" slack="1"/>
</pin_list>
<bind>
<opset="tmp_164 "/>
</bind>
</comp>

<comp id="3243" class="1005" name="tmp_171_reg_3243">
<pin_list>
<pin id="3244" dir="0" index="0" bw="8" slack="2"/>
<pin id="3245" dir="1" index="1" bw="8" slack="2"/>
</pin_list>
<bind>
<opset="tmp_171 "/>
</bind>
</comp>

<comp id="3248" class="1005" name="tmp_70_4_i_reg_3248">
<pin_list>
<pin id="3249" dir="0" index="0" bw="1" slack="1"/>
<pin id="3250" dir="1" index="1" bw="1" slack="2"/>
</pin_list>
<bind>
<opset="tmp_70_4_i "/>
</bind>
</comp>

<comp id="3253" class="1005" name="tmp_172_reg_3253">
<pin_list>
<pin id="3254" dir="0" index="0" bw="1" slack="2"/>
<pin id="3255" dir="1" index="1" bw="1" slack="2"/>
</pin_list>
<bind>
<opset="tmp_172 "/>
</bind>
</comp>

<comp id="3258" class="1005" name="p_Val2_4_i_reg_3258">
<pin_list>
<pin id="3259" dir="0" index="0" bw="16" slack="1"/>
<pin id="3260" dir="1" index="1" bw="16" slack="1"/>
</pin_list>
<bind>
<opset="p_Val2_4_i "/>
</bind>
</comp>

<comp id="3265" class="1005" name="tmp_74_4_i_reg_3265">
<pin_list>
<pin id="3266" dir="0" index="0" bw="32" slack="1"/>
<pin id="3267" dir="1" index="1" bw="32" slack="1"/>
</pin_list>
<bind>
<opset="tmp_74_4_i "/>
</bind>
</comp>

<comp id="3272" class="1005" name="tmp_173_reg_3272">
<pin_list>
<pin id="3273" dir="0" index="0" bw="16" slack="1"/>
<pin id="3274" dir="1" index="1" bw="16" slack="1"/>
</pin_list>
<bind>
<opset="tmp_173 "/>
</bind>
</comp>

<comp id="3277" class="1005" name="tmp_175_reg_3277">
<pin_list>
<pin id="3278" dir="0" index="0" bw="5" slack="1"/>
<pin id="3279" dir="1" index="1" bw="5" slack="1"/>
</pin_list>
<bind>
<opset="tmp_175 "/>
</bind>
</comp>

<comp id="3282" class="1005" name="tmp_182_reg_3282">
<pin_list>
<pin id="3283" dir="0" index="0" bw="8" slack="2"/>
<pin id="3284" dir="1" index="1" bw="8" slack="2"/>
</pin_list>
<bind>
<opset="tmp_182 "/>
</bind>
</comp>

<comp id="3287" class="1005" name="tmp_70_5_i_reg_3287">
<pin_list>
<pin id="3288" dir="0" index="0" bw="1" slack="1"/>
<pin id="3289" dir="1" index="1" bw="1" slack="2"/>
</pin_list>
<bind>
<opset="tmp_70_5_i "/>
</bind>
</comp>

<comp id="3292" class="1005" name="tmp_183_reg_3292">
<pin_list>
<pin id="3293" dir="0" index="0" bw="1" slack="2"/>
<pin id="3294" dir="1" index="1" bw="1" slack="2"/>
</pin_list>
<bind>
<opset="tmp_183 "/>
</bind>
</comp>

<comp id="3297" class="1005" name="p_Val2_5_i_reg_3297">
<pin_list>
<pin id="3298" dir="0" index="0" bw="16" slack="1"/>
<pin id="3299" dir="1" index="1" bw="16" slack="1"/>
</pin_list>
<bind>
<opset="p_Val2_5_i "/>
</bind>
</comp>

<comp id="3304" class="1005" name="tmp_74_5_i_reg_3304">
<pin_list>
<pin id="3305" dir="0" index="0" bw="32" slack="1"/>
<pin id="3306" dir="1" index="1" bw="32" slack="1"/>
</pin_list>
<bind>
<opset="tmp_74_5_i "/>
</bind>
</comp>

<comp id="3311" class="1005" name="tmp_184_reg_3311">
<pin_list>
<pin id="3312" dir="0" index="0" bw="16" slack="1"/>
<pin id="3313" dir="1" index="1" bw="16" slack="1"/>
</pin_list>
<bind>
<opset="tmp_184 "/>
</bind>
</comp>

<comp id="3316" class="1005" name="tmp_186_reg_3316">
<pin_list>
<pin id="3317" dir="0" index="0" bw="5" slack="1"/>
<pin id="3318" dir="1" index="1" bw="5" slack="1"/>
</pin_list>
<bind>
<opset="tmp_186 "/>
</bind>
</comp>

<comp id="3321" class="1005" name="tmp_193_reg_3321">
<pin_list>
<pin id="3322" dir="0" index="0" bw="8" slack="2"/>
<pin id="3323" dir="1" index="1" bw="8" slack="2"/>
</pin_list>
<bind>
<opset="tmp_193 "/>
</bind>
</comp>

<comp id="3326" class="1005" name="tmp_70_6_i_reg_3326">
<pin_list>
<pin id="3327" dir="0" index="0" bw="1" slack="1"/>
<pin id="3328" dir="1" index="1" bw="1" slack="2"/>
</pin_list>
<bind>
<opset="tmp_70_6_i "/>
</bind>
</comp>

<comp id="3331" class="1005" name="tmp_194_reg_3331">
<pin_list>
<pin id="3332" dir="0" index="0" bw="1" slack="2"/>
<pin id="3333" dir="1" index="1" bw="1" slack="2"/>
</pin_list>
<bind>
<opset="tmp_194 "/>
</bind>
</comp>

<comp id="3336" class="1005" name="p_Val2_6_i_reg_3336">
<pin_list>
<pin id="3337" dir="0" index="0" bw="16" slack="1"/>
<pin id="3338" dir="1" index="1" bw="16" slack="1"/>
</pin_list>
<bind>
<opset="p_Val2_6_i "/>
</bind>
</comp>

<comp id="3343" class="1005" name="tmp_74_6_i_reg_3343">
<pin_list>
<pin id="3344" dir="0" index="0" bw="32" slack="1"/>
<pin id="3345" dir="1" index="1" bw="32" slack="1"/>
</pin_list>
<bind>
<opset="tmp_74_6_i "/>
</bind>
</comp>

<comp id="3350" class="1005" name="tmp_195_reg_3350">
<pin_list>
<pin id="3351" dir="0" index="0" bw="16" slack="1"/>
<pin id="3352" dir="1" index="1" bw="16" slack="1"/>
</pin_list>
<bind>
<opset="tmp_195 "/>
</bind>
</comp>

<comp id="3355" class="1005" name="tmp_197_reg_3355">
<pin_list>
<pin id="3356" dir="0" index="0" bw="5" slack="1"/>
<pin id="3357" dir="1" index="1" bw="5" slack="1"/>
</pin_list>
<bind>
<opset="tmp_197 "/>
</bind>
</comp>

<comp id="3360" class="1005" name="tmp_204_reg_3360">
<pin_list>
<pin id="3361" dir="0" index="0" bw="8" slack="2"/>
<pin id="3362" dir="1" index="1" bw="8" slack="2"/>
</pin_list>
<bind>
<opset="tmp_204 "/>
</bind>
</comp>

<comp id="3365" class="1005" name="tmp_70_7_i_reg_3365">
<pin_list>
<pin id="3366" dir="0" index="0" bw="1" slack="1"/>
<pin id="3367" dir="1" index="1" bw="1" slack="2"/>
</pin_list>
<bind>
<opset="tmp_70_7_i "/>
</bind>
</comp>

<comp id="3370" class="1005" name="tmp_205_reg_3370">
<pin_list>
<pin id="3371" dir="0" index="0" bw="1" slack="2"/>
<pin id="3372" dir="1" index="1" bw="1" slack="2"/>
</pin_list>
<bind>
<opset="tmp_205 "/>
</bind>
</comp>

<comp id="3375" class="1005" name="p_Val2_7_i_reg_3375">
<pin_list>
<pin id="3376" dir="0" index="0" bw="16" slack="1"/>
<pin id="3377" dir="1" index="1" bw="16" slack="1"/>
</pin_list>
<bind>
<opset="p_Val2_7_i "/>
</bind>
</comp>

<comp id="3382" class="1005" name="tmp_74_7_i_reg_3382">
<pin_list>
<pin id="3383" dir="0" index="0" bw="32" slack="1"/>
<pin id="3384" dir="1" index="1" bw="32" slack="1"/>
</pin_list>
<bind>
<opset="tmp_74_7_i "/>
</bind>
</comp>

<comp id="3389" class="1005" name="tmp_206_reg_3389">
<pin_list>
<pin id="3390" dir="0" index="0" bw="16" slack="1"/>
<pin id="3391" dir="1" index="1" bw="16" slack="1"/>
</pin_list>
<bind>
<opset="tmp_206 "/>
</bind>
</comp>

<comp id="3394" class="1005" name="tmp_208_reg_3394">
<pin_list>
<pin id="3395" dir="0" index="0" bw="5" slack="1"/>
<pin id="3396" dir="1" index="1" bw="5" slack="1"/>
</pin_list>
<bind>
<opset="tmp_208 "/>
</bind>
</comp>

<comp id="3399" class="1005" name="tmp_215_reg_3399">
<pin_list>
<pin id="3400" dir="0" index="0" bw="8" slack="2"/>
<pin id="3401" dir="1" index="1" bw="8" slack="2"/>
</pin_list>
<bind>
<opset="tmp_215 "/>
</bind>
</comp>

<comp id="3404" class="1005" name="tmp_70_8_i_reg_3404">
<pin_list>
<pin id="3405" dir="0" index="0" bw="1" slack="1"/>
<pin id="3406" dir="1" index="1" bw="1" slack="2"/>
</pin_list>
<bind>
<opset="tmp_70_8_i "/>
</bind>
</comp>

<comp id="3409" class="1005" name="tmp_216_reg_3409">
<pin_list>
<pin id="3410" dir="0" index="0" bw="1" slack="2"/>
<pin id="3411" dir="1" index="1" bw="1" slack="2"/>
</pin_list>
<bind>
<opset="tmp_216 "/>
</bind>
</comp>

<comp id="3414" class="1005" name="p_Val2_8_i_reg_3414">
<pin_list>
<pin id="3415" dir="0" index="0" bw="16" slack="1"/>
<pin id="3416" dir="1" index="1" bw="16" slack="1"/>
</pin_list>
<bind>
<opset="p_Val2_8_i "/>
</bind>
</comp>

<comp id="3421" class="1005" name="tmp_74_8_i_reg_3421">
<pin_list>
<pin id="3422" dir="0" index="0" bw="32" slack="1"/>
<pin id="3423" dir="1" index="1" bw="32" slack="1"/>
</pin_list>
<bind>
<opset="tmp_74_8_i "/>
</bind>
</comp>

<comp id="3428" class="1005" name="tmp_217_reg_3428">
<pin_list>
<pin id="3429" dir="0" index="0" bw="16" slack="1"/>
<pin id="3430" dir="1" index="1" bw="16" slack="1"/>
</pin_list>
<bind>
<opset="tmp_217 "/>
</bind>
</comp>

<comp id="3433" class="1005" name="tmp_219_reg_3433">
<pin_list>
<pin id="3434" dir="0" index="0" bw="5" slack="1"/>
<pin id="3435" dir="1" index="1" bw="5" slack="1"/>
</pin_list>
<bind>
<opset="tmp_219 "/>
</bind>
</comp>

<comp id="3438" class="1005" name="tmp_226_reg_3438">
<pin_list>
<pin id="3439" dir="0" index="0" bw="8" slack="2"/>
<pin id="3440" dir="1" index="1" bw="8" slack="2"/>
</pin_list>
<bind>
<opset="tmp_226 "/>
</bind>
</comp>

<comp id="3443" class="1005" name="tmp_70_9_i_reg_3443">
<pin_list>
<pin id="3444" dir="0" index="0" bw="1" slack="1"/>
<pin id="3445" dir="1" index="1" bw="1" slack="2"/>
</pin_list>
<bind>
<opset="tmp_70_9_i "/>
</bind>
</comp>

<comp id="3448" class="1005" name="tmp_227_reg_3448">
<pin_list>
<pin id="3449" dir="0" index="0" bw="1" slack="2"/>
<pin id="3450" dir="1" index="1" bw="1" slack="2"/>
</pin_list>
<bind>
<opset="tmp_227 "/>
</bind>
</comp>

<comp id="3453" class="1005" name="p_Val2_9_i_reg_3453">
<pin_list>
<pin id="3454" dir="0" index="0" bw="16" slack="1"/>
<pin id="3455" dir="1" index="1" bw="16" slack="1"/>
</pin_list>
<bind>
<opset="p_Val2_9_i "/>
</bind>
</comp>

<comp id="3460" class="1005" name="tmp_74_9_i_reg_3460">
<pin_list>
<pin id="3461" dir="0" index="0" bw="32" slack="1"/>
<pin id="3462" dir="1" index="1" bw="32" slack="1"/>
</pin_list>
<bind>
<opset="tmp_74_9_i "/>
</bind>
</comp>

<comp id="3467" class="1005" name="tmp_228_reg_3467">
<pin_list>
<pin id="3468" dir="0" index="0" bw="16" slack="1"/>
<pin id="3469" dir="1" index="1" bw="16" slack="1"/>
</pin_list>
<bind>
<opset="tmp_228 "/>
</bind>
</comp>

<comp id="3472" class="1005" name="tmp_230_reg_3472">
<pin_list>
<pin id="3473" dir="0" index="0" bw="5" slack="1"/>
<pin id="3474" dir="1" index="1" bw="5" slack="1"/>
</pin_list>
<bind>
<opset="tmp_230 "/>
</bind>
</comp>

<comp id="3477" class="1005" name="tmp_237_reg_3477">
<pin_list>
<pin id="3478" dir="0" index="0" bw="8" slack="2"/>
<pin id="3479" dir="1" index="1" bw="8" slack="2"/>
</pin_list>
<bind>
<opset="tmp_237 "/>
</bind>
</comp>

<comp id="3482" class="1005" name="m_6_i_reg_3482">
<pin_list>
<pin id="3483" dir="0" index="0" bw="31" slack="1"/>
<pin id="3484" dir="1" index="1" bw="31" slack="1"/>
</pin_list>
<bind>
<opset="m_6_i "/>
</bind>
</comp>

<comp id="3487" class="1005" name="tmp_137_reg_3487">
<pin_list>
<pin id="3488" dir="0" index="0" bw="1" slack="1"/>
<pin id="3489" dir="1" index="1" bw="1" slack="1"/>
</pin_list>
<bind>
<opset="tmp_137 "/>
</bind>
</comp>

<comp id="3492" class="1005" name="m_6_1_i_reg_3492">
<pin_list>
<pin id="3493" dir="0" index="0" bw="31" slack="1"/>
<pin id="3494" dir="1" index="1" bw="31" slack="1"/>
</pin_list>
<bind>
<opset="m_6_1_i "/>
</bind>
</comp>

<comp id="3497" class="1005" name="tmp_148_reg_3497">
<pin_list>
<pin id="3498" dir="0" index="0" bw="1" slack="1"/>
<pin id="3499" dir="1" index="1" bw="1" slack="1"/>
</pin_list>
<bind>
<opset="tmp_148 "/>
</bind>
</comp>

<comp id="3502" class="1005" name="m_6_2_i_reg_3502">
<pin_list>
<pin id="3503" dir="0" index="0" bw="31" slack="1"/>
<pin id="3504" dir="1" index="1" bw="31" slack="1"/>
</pin_list>
<bind>
<opset="m_6_2_i "/>
</bind>
</comp>

<comp id="3507" class="1005" name="tmp_159_reg_3507">
<pin_list>
<pin id="3508" dir="0" index="0" bw="1" slack="1"/>
<pin id="3509" dir="1" index="1" bw="1" slack="1"/>
</pin_list>
<bind>
<opset="tmp_159 "/>
</bind>
</comp>

<comp id="3512" class="1005" name="m_6_3_i_reg_3512">
<pin_list>
<pin id="3513" dir="0" index="0" bw="31" slack="1"/>
<pin id="3514" dir="1" index="1" bw="31" slack="1"/>
</pin_list>
<bind>
<opset="m_6_3_i "/>
</bind>
</comp>

<comp id="3517" class="1005" name="tmp_170_reg_3517">
<pin_list>
<pin id="3518" dir="0" index="0" bw="1" slack="1"/>
<pin id="3519" dir="1" index="1" bw="1" slack="1"/>
</pin_list>
<bind>
<opset="tmp_170 "/>
</bind>
</comp>

<comp id="3522" class="1005" name="m_6_4_i_reg_3522">
<pin_list>
<pin id="3523" dir="0" index="0" bw="31" slack="1"/>
<pin id="3524" dir="1" index="1" bw="31" slack="1"/>
</pin_list>
<bind>
<opset="m_6_4_i "/>
</bind>
</comp>

<comp id="3527" class="1005" name="tmp_181_reg_3527">
<pin_list>
<pin id="3528" dir="0" index="0" bw="1" slack="1"/>
<pin id="3529" dir="1" index="1" bw="1" slack="1"/>
</pin_list>
<bind>
<opset="tmp_181 "/>
</bind>
</comp>

<comp id="3532" class="1005" name="m_6_5_i_reg_3532">
<pin_list>
<pin id="3533" dir="0" index="0" bw="31" slack="1"/>
<pin id="3534" dir="1" index="1" bw="31" slack="1"/>
</pin_list>
<bind>
<opset="m_6_5_i "/>
</bind>
</comp>

<comp id="3537" class="1005" name="tmp_192_reg_3537">
<pin_list>
<pin id="3538" dir="0" index="0" bw="1" slack="1"/>
<pin id="3539" dir="1" index="1" bw="1" slack="1"/>
</pin_list>
<bind>
<opset="tmp_192 "/>
</bind>
</comp>

<comp id="3542" class="1005" name="m_6_6_i_reg_3542">
<pin_list>
<pin id="3543" dir="0" index="0" bw="31" slack="1"/>
<pin id="3544" dir="1" index="1" bw="31" slack="1"/>
</pin_list>
<bind>
<opset="m_6_6_i "/>
</bind>
</comp>

<comp id="3547" class="1005" name="tmp_203_reg_3547">
<pin_list>
<pin id="3548" dir="0" index="0" bw="1" slack="1"/>
<pin id="3549" dir="1" index="1" bw="1" slack="1"/>
</pin_list>
<bind>
<opset="tmp_203 "/>
</bind>
</comp>

<comp id="3552" class="1005" name="m_6_7_i_reg_3552">
<pin_list>
<pin id="3553" dir="0" index="0" bw="31" slack="1"/>
<pin id="3554" dir="1" index="1" bw="31" slack="1"/>
</pin_list>
<bind>
<opset="m_6_7_i "/>
</bind>
</comp>

<comp id="3557" class="1005" name="tmp_214_reg_3557">
<pin_list>
<pin id="3558" dir="0" index="0" bw="1" slack="1"/>
<pin id="3559" dir="1" index="1" bw="1" slack="1"/>
</pin_list>
<bind>
<opset="tmp_214 "/>
</bind>
</comp>

<comp id="3562" class="1005" name="m_6_8_i_reg_3562">
<pin_list>
<pin id="3563" dir="0" index="0" bw="31" slack="1"/>
<pin id="3564" dir="1" index="1" bw="31" slack="1"/>
</pin_list>
<bind>
<opset="m_6_8_i "/>
</bind>
</comp>

<comp id="3567" class="1005" name="tmp_225_reg_3567">
<pin_list>
<pin id="3568" dir="0" index="0" bw="1" slack="1"/>
<pin id="3569" dir="1" index="1" bw="1" slack="1"/>
</pin_list>
<bind>
<opset="tmp_225 "/>
</bind>
</comp>

<comp id="3572" class="1005" name="m_6_9_i_reg_3572">
<pin_list>
<pin id="3573" dir="0" index="0" bw="31" slack="1"/>
<pin id="3574" dir="1" index="1" bw="31" slack="1"/>
</pin_list>
<bind>
<opset="m_6_9_i "/>
</bind>
</comp>

<comp id="3577" class="1005" name="tmp_236_reg_3577">
<pin_list>
<pin id="3578" dir="0" index="0" bw="1" slack="1"/>
<pin id="3579" dir="1" index="1" bw="1" slack="1"/>
</pin_list>
<bind>
<opset="tmp_236 "/>
</bind>
</comp>

</comp_list>

<net_list>
<net id="106"><net_src comp="40" pin="0"/><net_sink comp="102" pin=0"/></net>

<net id="107"><net_src comp="36" pin="0"/><net_sink comp="102" pin=1"/></net>

<net id="112"><net_src comp="40" pin="0"/><net_sink comp="108" pin=0"/></net>

<net id="113"><net_src comp="32" pin="0"/><net_sink comp="108" pin=1"/></net>

<net id="118"><net_src comp="40" pin="0"/><net_sink comp="114" pin=0"/></net>

<net id="119"><net_src comp="28" pin="0"/><net_sink comp="114" pin=1"/></net>

<net id="124"><net_src comp="40" pin="0"/><net_sink comp="120" pin=0"/></net>

<net id="125"><net_src comp="24" pin="0"/><net_sink comp="120" pin=1"/></net>

<net id="130"><net_src comp="40" pin="0"/><net_sink comp="126" pin=0"/></net>

<net id="131"><net_src comp="20" pin="0"/><net_sink comp="126" pin=1"/></net>

<net id="136"><net_src comp="40" pin="0"/><net_sink comp="132" pin=0"/></net>

<net id="137"><net_src comp="16" pin="0"/><net_sink comp="132" pin=1"/></net>

<net id="142"><net_src comp="40" pin="0"/><net_sink comp="138" pin=0"/></net>

<net id="143"><net_src comp="12" pin="0"/><net_sink comp="138" pin=1"/></net>

<net id="148"><net_src comp="40" pin="0"/><net_sink comp="144" pin=0"/></net>

<net id="149"><net_src comp="8" pin="0"/><net_sink comp="144" pin=1"/></net>

<net id="154"><net_src comp="40" pin="0"/><net_sink comp="150" pin=0"/></net>

<net id="155"><net_src comp="4" pin="0"/><net_sink comp="150" pin=1"/></net>

<net id="160"><net_src comp="40" pin="0"/><net_sink comp="156" pin=0"/></net>

<net id="161"><net_src comp="0" pin="0"/><net_sink comp="156" pin=1"/></net>

<net id="167"><net_src comp="100" pin="0"/><net_sink comp="162" pin=0"/></net>

<net id="168"><net_src comp="2" pin="0"/><net_sink comp="162" pin=1"/></net>

<net id="174"><net_src comp="100" pin="0"/><net_sink comp="169" pin=0"/></net>

<net id="175"><net_src comp="6" pin="0"/><net_sink comp="169" pin=1"/></net>

<net id="181"><net_src comp="100" pin="0"/><net_sink comp="176" pin=0"/></net>

<net id="182"><net_src comp="10" pin="0"/><net_sink comp="176" pin=1"/></net>

<net id="188"><net_src comp="100" pin="0"/><net_sink comp="183" pin=0"/></net>

<net id="189"><net_src comp="14" pin="0"/><net_sink comp="183" pin=1"/></net>

<net id="195"><net_src comp="100" pin="0"/><net_sink comp="190" pin=0"/></net>

<net id="196"><net_src comp="18" pin="0"/><net_sink comp="190" pin=1"/></net>

<net id="202"><net_src comp="100" pin="0"/><net_sink comp="197" pin=0"/></net>

<net id="203"><net_src comp="22" pin="0"/><net_sink comp="197" pin=1"/></net>

<net id="209"><net_src comp="100" pin="0"/><net_sink comp="204" pin=0"/></net>

<net id="210"><net_src comp="26" pin="0"/><net_sink comp="204" pin=1"/></net>

<net id="216"><net_src comp="100" pin="0"/><net_sink comp="211" pin=0"/></net>

<net id="217"><net_src comp="30" pin="0"/><net_sink comp="211" pin=1"/></net>

<net id="223"><net_src comp="100" pin="0"/><net_sink comp="218" pin=0"/></net>

<net id="224"><net_src comp="34" pin="0"/><net_sink comp="218" pin=1"/></net>

<net id="230"><net_src comp="100" pin="0"/><net_sink comp="225" pin=0"/></net>

<net id="231"><net_src comp="38" pin="0"/><net_sink comp="225" pin=1"/></net>

<net id="236"><net_src comp="156" pin="2"/><net_sink comp="232" pin=0"/></net>

<net id="237"><net_src comp="42" pin="0"/><net_sink comp="232" pin=1"/></net>

<net id="243"><net_src comp="44" pin="0"/><net_sink comp="238" pin=0"/></net>

<net id="244"><net_src comp="156" pin="2"/><net_sink comp="238" pin=1"/></net>

<net id="245"><net_src comp="46" pin="0"/><net_sink comp="238" pin=2"/></net>

<net id="250"><net_src comp="42" pin="0"/><net_sink comp="246" pin=0"/></net>

<net id="251"><net_src comp="156" pin="2"/><net_sink comp="246" pin=1"/></net>

<net id="257"><net_src comp="238" pin="3"/><net_sink comp="252" pin=0"/></net>

<net id="258"><net_src comp="246" pin="2"/><net_sink comp="252" pin=1"/></net>

<net id="259"><net_src comp="156" pin="2"/><net_sink comp="252" pin=2"/></net>

<net id="266"><net_src comp="48" pin="0"/><net_sink comp="260" pin=0"/></net>

<net id="267"><net_src comp="252" pin="3"/><net_sink comp="260" pin=1"/></net>

<net id="268"><net_src comp="46" pin="0"/><net_sink comp="260" pin=2"/></net>

<net id="269"><net_src comp="50" pin="0"/><net_sink comp="260" pin=3"/></net>

<net id="275"><net_src comp="52" pin="0"/><net_sink comp="270" pin=0"/></net>

<net id="276"><net_src comp="54" pin="0"/><net_sink comp="270" pin=1"/></net>

<net id="277"><net_src comp="260" pin="4"/><net_sink comp="270" pin=2"/></net>

<net id="283"><net_src comp="56" pin="0"/><net_sink comp="278" pin=0"/></net>

<net id="284"><net_src comp="270" pin="3"/><net_sink comp="278" pin=1"/></net>

<net id="285"><net_src comp="58" pin="0"/><net_sink comp="278" pin=2"/></net>

<net id="290"><net_src comp="60" pin="0"/><net_sink comp="286" pin=0"/></net>

<net id="291"><net_src comp="278" pin="3"/><net_sink comp="286" pin=1"/></net>

<net id="295"><net_src comp="286" pin="2"/><net_sink comp="292" pin=0"/></net>

<net id="299"><net_src comp="286" pin="2"/><net_sink comp="296" pin=0"/></net>

<net id="303"><net_src comp="278" pin="3"/><net_sink comp="300" pin=0"/></net>

<net id="308"><net_src comp="150" pin="2"/><net_sink comp="304" pin=0"/></net>

<net id="309"><net_src comp="42" pin="0"/><net_sink comp="304" pin=1"/></net>

<net id="315"><net_src comp="44" pin="0"/><net_sink comp="310" pin=0"/></net>

<net id="316"><net_src comp="150" pin="2"/><net_sink comp="310" pin=1"/></net>

<net id="317"><net_src comp="46" pin="0"/><net_sink comp="310" pin=2"/></net>

<net id="322"><net_src comp="42" pin="0"/><net_sink comp="318" pin=0"/></net>

<net id="323"><net_src comp="150" pin="2"/><net_sink comp="318" pin=1"/></net>

<net id="329"><net_src comp="310" pin="3"/><net_sink comp="324" pin=0"/></net>

<net id="330"><net_src comp="318" pin="2"/><net_sink comp="324" pin=1"/></net>

<net id="331"><net_src comp="150" pin="2"/><net_sink comp="324" pin=2"/></net>

<net id="338"><net_src comp="48" pin="0"/><net_sink comp="332" pin=0"/></net>

<net id="339"><net_src comp="324" pin="3"/><net_sink comp="332" pin=1"/></net>

<net id="340"><net_src comp="46" pin="0"/><net_sink comp="332" pin=2"/></net>

<net id="341"><net_src comp="50" pin="0"/><net_sink comp="332" pin=3"/></net>

<net id="347"><net_src comp="52" pin="0"/><net_sink comp="342" pin=0"/></net>

<net id="348"><net_src comp="54" pin="0"/><net_sink comp="342" pin=1"/></net>

<net id="349"><net_src comp="332" pin="4"/><net_sink comp="342" pin=2"/></net>

<net id="355"><net_src comp="56" pin="0"/><net_sink comp="350" pin=0"/></net>

<net id="356"><net_src comp="342" pin="3"/><net_sink comp="350" pin=1"/></net>

<net id="357"><net_src comp="58" pin="0"/><net_sink comp="350" pin=2"/></net>

<net id="362"><net_src comp="60" pin="0"/><net_sink comp="358" pin=0"/></net>

<net id="363"><net_src comp="350" pin="3"/><net_sink comp="358" pin=1"/></net>

<net id="367"><net_src comp="358" pin="2"/><net_sink comp="364" pin=0"/></net>

<net id="371"><net_src comp="358" pin="2"/><net_sink comp="368" pin=0"/></net>

<net id="375"><net_src comp="350" pin="3"/><net_sink comp="372" pin=0"/></net>

<net id="380"><net_src comp="144" pin="2"/><net_sink comp="376" pin=0"/></net>

<net id="381"><net_src comp="42" pin="0"/><net_sink comp="376" pin=1"/></net>

<net id="387"><net_src comp="44" pin="0"/><net_sink comp="382" pin=0"/></net>

<net id="388"><net_src comp="144" pin="2"/><net_sink comp="382" pin=1"/></net>

<net id="389"><net_src comp="46" pin="0"/><net_sink comp="382" pin=2"/></net>

<net id="394"><net_src comp="42" pin="0"/><net_sink comp="390" pin=0"/></net>

<net id="395"><net_src comp="144" pin="2"/><net_sink comp="390" pin=1"/></net>

<net id="401"><net_src comp="382" pin="3"/><net_sink comp="396" pin=0"/></net>

<net id="402"><net_src comp="390" pin="2"/><net_sink comp="396" pin=1"/></net>

<net id="403"><net_src comp="144" pin="2"/><net_sink comp="396" pin=2"/></net>

<net id="410"><net_src comp="48" pin="0"/><net_sink comp="404" pin=0"/></net>

<net id="411"><net_src comp="396" pin="3"/><net_sink comp="404" pin=1"/></net>

<net id="412"><net_src comp="46" pin="0"/><net_sink comp="404" pin=2"/></net>

<net id="413"><net_src comp="50" pin="0"/><net_sink comp="404" pin=3"/></net>

<net id="419"><net_src comp="52" pin="0"/><net_sink comp="414" pin=0"/></net>

<net id="420"><net_src comp="54" pin="0"/><net_sink comp="414" pin=1"/></net>

<net id="421"><net_src comp="404" pin="4"/><net_sink comp="414" pin=2"/></net>

<net id="427"><net_src comp="56" pin="0"/><net_sink comp="422" pin=0"/></net>

<net id="428"><net_src comp="414" pin="3"/><net_sink comp="422" pin=1"/></net>

<net id="429"><net_src comp="58" pin="0"/><net_sink comp="422" pin=2"/></net>

<net id="434"><net_src comp="60" pin="0"/><net_sink comp="430" pin=0"/></net>

<net id="435"><net_src comp="422" pin="3"/><net_sink comp="430" pin=1"/></net>

<net id="439"><net_src comp="430" pin="2"/><net_sink comp="436" pin=0"/></net>

<net id="443"><net_src comp="430" pin="2"/><net_sink comp="440" pin=0"/></net>

<net id="447"><net_src comp="422" pin="3"/><net_sink comp="444" pin=0"/></net>

<net id="452"><net_src comp="138" pin="2"/><net_sink comp="448" pin=0"/></net>

<net id="453"><net_src comp="42" pin="0"/><net_sink comp="448" pin=1"/></net>

<net id="459"><net_src comp="44" pin="0"/><net_sink comp="454" pin=0"/></net>

<net id="460"><net_src comp="138" pin="2"/><net_sink comp="454" pin=1"/></net>

<net id="461"><net_src comp="46" pin="0"/><net_sink comp="454" pin=2"/></net>

<net id="466"><net_src comp="42" pin="0"/><net_sink comp="462" pin=0"/></net>

<net id="467"><net_src comp="138" pin="2"/><net_sink comp="462" pin=1"/></net>

<net id="473"><net_src comp="454" pin="3"/><net_sink comp="468" pin=0"/></net>

<net id="474"><net_src comp="462" pin="2"/><net_sink comp="468" pin=1"/></net>

<net id="475"><net_src comp="138" pin="2"/><net_sink comp="468" pin=2"/></net>

<net id="482"><net_src comp="48" pin="0"/><net_sink comp="476" pin=0"/></net>

<net id="483"><net_src comp="468" pin="3"/><net_sink comp="476" pin=1"/></net>

<net id="484"><net_src comp="46" pin="0"/><net_sink comp="476" pin=2"/></net>

<net id="485"><net_src comp="50" pin="0"/><net_sink comp="476" pin=3"/></net>

<net id="491"><net_src comp="52" pin="0"/><net_sink comp="486" pin=0"/></net>

<net id="492"><net_src comp="54" pin="0"/><net_sink comp="486" pin=1"/></net>

<net id="493"><net_src comp="476" pin="4"/><net_sink comp="486" pin=2"/></net>

<net id="499"><net_src comp="56" pin="0"/><net_sink comp="494" pin=0"/></net>

<net id="500"><net_src comp="486" pin="3"/><net_sink comp="494" pin=1"/></net>

<net id="501"><net_src comp="58" pin="0"/><net_sink comp="494" pin=2"/></net>

<net id="506"><net_src comp="60" pin="0"/><net_sink comp="502" pin=0"/></net>

<net id="507"><net_src comp="494" pin="3"/><net_sink comp="502" pin=1"/></net>

<net id="511"><net_src comp="502" pin="2"/><net_sink comp="508" pin=0"/></net>

<net id="515"><net_src comp="502" pin="2"/><net_sink comp="512" pin=0"/></net>

<net id="519"><net_src comp="494" pin="3"/><net_sink comp="516" pin=0"/></net>

<net id="524"><net_src comp="132" pin="2"/><net_sink comp="520" pin=0"/></net>

<net id="525"><net_src comp="42" pin="0"/><net_sink comp="520" pin=1"/></net>

<net id="531"><net_src comp="44" pin="0"/><net_sink comp="526" pin=0"/></net>

<net id="532"><net_src comp="132" pin="2"/><net_sink comp="526" pin=1"/></net>

<net id="533"><net_src comp="46" pin="0"/><net_sink comp="526" pin=2"/></net>

<net id="538"><net_src comp="42" pin="0"/><net_sink comp="534" pin=0"/></net>

<net id="539"><net_src comp="132" pin="2"/><net_sink comp="534" pin=1"/></net>

<net id="545"><net_src comp="526" pin="3"/><net_sink comp="540" pin=0"/></net>

<net id="546"><net_src comp="534" pin="2"/><net_sink comp="540" pin=1"/></net>

<net id="547"><net_src comp="132" pin="2"/><net_sink comp="540" pin=2"/></net>

<net id="554"><net_src comp="48" pin="0"/><net_sink comp="548" pin=0"/></net>

<net id="555"><net_src comp="540" pin="3"/><net_sink comp="548" pin=1"/></net>

<net id="556"><net_src comp="46" pin="0"/><net_sink comp="548" pin=2"/></net>

<net id="557"><net_src comp="50" pin="0"/><net_sink comp="548" pin=3"/></net>

<net id="563"><net_src comp="52" pin="0"/><net_sink comp="558" pin=0"/></net>

<net id="564"><net_src comp="54" pin="0"/><net_sink comp="558" pin=1"/></net>

<net id="565"><net_src comp="548" pin="4"/><net_sink comp="558" pin=2"/></net>

<net id="571"><net_src comp="56" pin="0"/><net_sink comp="566" pin=0"/></net>

<net id="572"><net_src comp="558" pin="3"/><net_sink comp="566" pin=1"/></net>

<net id="573"><net_src comp="58" pin="0"/><net_sink comp="566" pin=2"/></net>

<net id="578"><net_src comp="60" pin="0"/><net_sink comp="574" pin=0"/></net>

<net id="579"><net_src comp="566" pin="3"/><net_sink comp="574" pin=1"/></net>

<net id="583"><net_src comp="574" pin="2"/><net_sink comp="580" pin=0"/></net>

<net id="587"><net_src comp="574" pin="2"/><net_sink comp="584" pin=0"/></net>

<net id="591"><net_src comp="566" pin="3"/><net_sink comp="588" pin=0"/></net>

<net id="596"><net_src comp="126" pin="2"/><net_sink comp="592" pin=0"/></net>

<net id="597"><net_src comp="42" pin="0"/><net_sink comp="592" pin=1"/></net>

<net id="603"><net_src comp="44" pin="0"/><net_sink comp="598" pin=0"/></net>

<net id="604"><net_src comp="126" pin="2"/><net_sink comp="598" pin=1"/></net>

<net id="605"><net_src comp="46" pin="0"/><net_sink comp="598" pin=2"/></net>

<net id="610"><net_src comp="42" pin="0"/><net_sink comp="606" pin=0"/></net>

<net id="611"><net_src comp="126" pin="2"/><net_sink comp="606" pin=1"/></net>

<net id="617"><net_src comp="598" pin="3"/><net_sink comp="612" pin=0"/></net>

<net id="618"><net_src comp="606" pin="2"/><net_sink comp="612" pin=1"/></net>

<net id="619"><net_src comp="126" pin="2"/><net_sink comp="612" pin=2"/></net>

<net id="626"><net_src comp="48" pin="0"/><net_sink comp="620" pin=0"/></net>

<net id="627"><net_src comp="612" pin="3"/><net_sink comp="620" pin=1"/></net>

<net id="628"><net_src comp="46" pin="0"/><net_sink comp="620" pin=2"/></net>

<net id="629"><net_src comp="50" pin="0"/><net_sink comp="620" pin=3"/></net>

<net id="635"><net_src comp="52" pin="0"/><net_sink comp="630" pin=0"/></net>

<net id="636"><net_src comp="54" pin="0"/><net_sink comp="630" pin=1"/></net>

<net id="637"><net_src comp="620" pin="4"/><net_sink comp="630" pin=2"/></net>

<net id="643"><net_src comp="56" pin="0"/><net_sink comp="638" pin=0"/></net>

<net id="644"><net_src comp="630" pin="3"/><net_sink comp="638" pin=1"/></net>

<net id="645"><net_src comp="58" pin="0"/><net_sink comp="638" pin=2"/></net>

<net id="650"><net_src comp="60" pin="0"/><net_sink comp="646" pin=0"/></net>

<net id="651"><net_src comp="638" pin="3"/><net_sink comp="646" pin=1"/></net>

<net id="655"><net_src comp="646" pin="2"/><net_sink comp="652" pin=0"/></net>

<net id="659"><net_src comp="646" pin="2"/><net_sink comp="656" pin=0"/></net>

<net id="663"><net_src comp="638" pin="3"/><net_sink comp="660" pin=0"/></net>

<net id="668"><net_src comp="120" pin="2"/><net_sink comp="664" pin=0"/></net>

<net id="669"><net_src comp="42" pin="0"/><net_sink comp="664" pin=1"/></net>

<net id="675"><net_src comp="44" pin="0"/><net_sink comp="670" pin=0"/></net>

<net id="676"><net_src comp="120" pin="2"/><net_sink comp="670" pin=1"/></net>

<net id="677"><net_src comp="46" pin="0"/><net_sink comp="670" pin=2"/></net>

<net id="682"><net_src comp="42" pin="0"/><net_sink comp="678" pin=0"/></net>

<net id="683"><net_src comp="120" pin="2"/><net_sink comp="678" pin=1"/></net>

<net id="689"><net_src comp="670" pin="3"/><net_sink comp="684" pin=0"/></net>

<net id="690"><net_src comp="678" pin="2"/><net_sink comp="684" pin=1"/></net>

<net id="691"><net_src comp="120" pin="2"/><net_sink comp="684" pin=2"/></net>

<net id="698"><net_src comp="48" pin="0"/><net_sink comp="692" pin=0"/></net>

<net id="699"><net_src comp="684" pin="3"/><net_sink comp="692" pin=1"/></net>

<net id="700"><net_src comp="46" pin="0"/><net_sink comp="692" pin=2"/></net>

<net id="701"><net_src comp="50" pin="0"/><net_sink comp="692" pin=3"/></net>

<net id="707"><net_src comp="52" pin="0"/><net_sink comp="702" pin=0"/></net>

<net id="708"><net_src comp="54" pin="0"/><net_sink comp="702" pin=1"/></net>

<net id="709"><net_src comp="692" pin="4"/><net_sink comp="702" pin=2"/></net>

<net id="715"><net_src comp="56" pin="0"/><net_sink comp="710" pin=0"/></net>

<net id="716"><net_src comp="702" pin="3"/><net_sink comp="710" pin=1"/></net>

<net id="717"><net_src comp="58" pin="0"/><net_sink comp="710" pin=2"/></net>

<net id="722"><net_src comp="60" pin="0"/><net_sink comp="718" pin=0"/></net>

<net id="723"><net_src comp="710" pin="3"/><net_sink comp="718" pin=1"/></net>

<net id="727"><net_src comp="718" pin="2"/><net_sink comp="724" pin=0"/></net>

<net id="731"><net_src comp="718" pin="2"/><net_sink comp="728" pin=0"/></net>

<net id="735"><net_src comp="710" pin="3"/><net_sink comp="732" pin=0"/></net>

<net id="740"><net_src comp="114" pin="2"/><net_sink comp="736" pin=0"/></net>

<net id="741"><net_src comp="42" pin="0"/><net_sink comp="736" pin=1"/></net>

<net id="747"><net_src comp="44" pin="0"/><net_sink comp="742" pin=0"/></net>

<net id="748"><net_src comp="114" pin="2"/><net_sink comp="742" pin=1"/></net>

<net id="749"><net_src comp="46" pin="0"/><net_sink comp="742" pin=2"/></net>

<net id="754"><net_src comp="42" pin="0"/><net_sink comp="750" pin=0"/></net>

<net id="755"><net_src comp="114" pin="2"/><net_sink comp="750" pin=1"/></net>

<net id="761"><net_src comp="742" pin="3"/><net_sink comp="756" pin=0"/></net>

<net id="762"><net_src comp="750" pin="2"/><net_sink comp="756" pin=1"/></net>

<net id="763"><net_src comp="114" pin="2"/><net_sink comp="756" pin=2"/></net>

<net id="770"><net_src comp="48" pin="0"/><net_sink comp="764" pin=0"/></net>

<net id="771"><net_src comp="756" pin="3"/><net_sink comp="764" pin=1"/></net>

<net id="772"><net_src comp="46" pin="0"/><net_sink comp="764" pin=2"/></net>

<net id="773"><net_src comp="50" pin="0"/><net_sink comp="764" pin=3"/></net>

<net id="779"><net_src comp="52" pin="0"/><net_sink comp="774" pin=0"/></net>

<net id="780"><net_src comp="54" pin="0"/><net_sink comp="774" pin=1"/></net>

<net id="781"><net_src comp="764" pin="4"/><net_sink comp="774" pin=2"/></net>

<net id="787"><net_src comp="56" pin="0"/><net_sink comp="782" pin=0"/></net>

<net id="788"><net_src comp="774" pin="3"/><net_sink comp="782" pin=1"/></net>

<net id="789"><net_src comp="58" pin="0"/><net_sink comp="782" pin=2"/></net>

<net id="794"><net_src comp="60" pin="0"/><net_sink comp="790" pin=0"/></net>

<net id="795"><net_src comp="782" pin="3"/><net_sink comp="790" pin=1"/></net>

<net id="799"><net_src comp="790" pin="2"/><net_sink comp="796" pin=0"/></net>

<net id="803"><net_src comp="790" pin="2"/><net_sink comp="800" pin=0"/></net>

<net id="807"><net_src comp="782" pin="3"/><net_sink comp="804" pin=0"/></net>

<net id="812"><net_src comp="108" pin="2"/><net_sink comp="808" pin=0"/></net>

<net id="813"><net_src comp="42" pin="0"/><net_sink comp="808" pin=1"/></net>

<net id="819"><net_src comp="44" pin="0"/><net_sink comp="814" pin=0"/></net>

<net id="820"><net_src comp="108" pin="2"/><net_sink comp="814" pin=1"/></net>

<net id="821"><net_src comp="46" pin="0"/><net_sink comp="814" pin=2"/></net>

<net id="826"><net_src comp="42" pin="0"/><net_sink comp="822" pin=0"/></net>

<net id="827"><net_src comp="108" pin="2"/><net_sink comp="822" pin=1"/></net>

<net id="833"><net_src comp="814" pin="3"/><net_sink comp="828" pin=0"/></net>

<net id="834"><net_src comp="822" pin="2"/><net_sink comp="828" pin=1"/></net>

<net id="835"><net_src comp="108" pin="2"/><net_sink comp="828" pin=2"/></net>

<net id="842"><net_src comp="48" pin="0"/><net_sink comp="836" pin=0"/></net>

<net id="843"><net_src comp="828" pin="3"/><net_sink comp="836" pin=1"/></net>

<net id="844"><net_src comp="46" pin="0"/><net_sink comp="836" pin=2"/></net>

<net id="845"><net_src comp="50" pin="0"/><net_sink comp="836" pin=3"/></net>

<net id="851"><net_src comp="52" pin="0"/><net_sink comp="846" pin=0"/></net>

<net id="852"><net_src comp="54" pin="0"/><net_sink comp="846" pin=1"/></net>

<net id="853"><net_src comp="836" pin="4"/><net_sink comp="846" pin=2"/></net>

<net id="859"><net_src comp="56" pin="0"/><net_sink comp="854" pin=0"/></net>

<net id="860"><net_src comp="846" pin="3"/><net_sink comp="854" pin=1"/></net>

<net id="861"><net_src comp="58" pin="0"/><net_sink comp="854" pin=2"/></net>

<net id="866"><net_src comp="60" pin="0"/><net_sink comp="862" pin=0"/></net>

<net id="867"><net_src comp="854" pin="3"/><net_sink comp="862" pin=1"/></net>

<net id="871"><net_src comp="862" pin="2"/><net_sink comp="868" pin=0"/></net>

<net id="875"><net_src comp="862" pin="2"/><net_sink comp="872" pin=0"/></net>

<net id="879"><net_src comp="854" pin="3"/><net_sink comp="876" pin=0"/></net>

<net id="884"><net_src comp="102" pin="2"/><net_sink comp="880" pin=0"/></net>

<net id="885"><net_src comp="42" pin="0"/><net_sink comp="880" pin=1"/></net>

<net id="891"><net_src comp="44" pin="0"/><net_sink comp="886" pin=0"/></net>

<net id="892"><net_src comp="102" pin="2"/><net_sink comp="886" pin=1"/></net>

<net id="893"><net_src comp="46" pin="0"/><net_sink comp="886" pin=2"/></net>

<net id="898"><net_src comp="42" pin="0"/><net_sink comp="894" pin=0"/></net>

<net id="899"><net_src comp="102" pin="2"/><net_sink comp="894" pin=1"/></net>

<net id="905"><net_src comp="886" pin="3"/><net_sink comp="900" pin=0"/></net>

<net id="906"><net_src comp="894" pin="2"/><net_sink comp="900" pin=1"/></net>

<net id="907"><net_src comp="102" pin="2"/><net_sink comp="900" pin=2"/></net>

<net id="914"><net_src comp="48" pin="0"/><net_sink comp="908" pin=0"/></net>

<net id="915"><net_src comp="900" pin="3"/><net_sink comp="908" pin=1"/></net>

<net id="916"><net_src comp="46" pin="0"/><net_sink comp="908" pin=2"/></net>

<net id="917"><net_src comp="50" pin="0"/><net_sink comp="908" pin=3"/></net>

<net id="923"><net_src comp="52" pin="0"/><net_sink comp="918" pin=0"/></net>

<net id="924"><net_src comp="54" pin="0"/><net_sink comp="918" pin=1"/></net>

<net id="925"><net_src comp="908" pin="4"/><net_sink comp="918" pin=2"/></net>

<net id="931"><net_src comp="56" pin="0"/><net_sink comp="926" pin=0"/></net>

<net id="932"><net_src comp="918" pin="3"/><net_sink comp="926" pin=1"/></net>

<net id="933"><net_src comp="58" pin="0"/><net_sink comp="926" pin=2"/></net>

<net id="938"><net_src comp="60" pin="0"/><net_sink comp="934" pin=0"/></net>

<net id="939"><net_src comp="926" pin="3"/><net_sink comp="934" pin=1"/></net>

<net id="943"><net_src comp="934" pin="2"/><net_sink comp="940" pin=0"/></net>

<net id="947"><net_src comp="934" pin="2"/><net_sink comp="944" pin=0"/></net>

<net id="951"><net_src comp="926" pin="3"/><net_sink comp="948" pin=0"/></net>

<net id="956"><net_src comp="62" pin="0"/><net_sink comp="952" pin=0"/></net>

<net id="963"><net_src comp="64" pin="0"/><net_sink comp="957" pin=0"/></net>

<net id="964"><net_src comp="952" pin="2"/><net_sink comp="957" pin=1"/></net>

<net id="965"><net_src comp="66" pin="0"/><net_sink comp="957" pin=2"/></net>

<net id="966"><net_src comp="68" pin="0"/><net_sink comp="957" pin=3"/></net>

<net id="971"><net_src comp="957" pin="4"/><net_sink comp="967" pin=0"/></net>

<net id="972"><net_src comp="70" pin="0"/><net_sink comp="967" pin=1"/></net>

<net id="977"><net_src comp="72" pin="0"/><net_sink comp="973" pin=0"/></net>

<net id="981"><net_src comp="973" pin="2"/><net_sink comp="978" pin=0"/></net>

<net id="986"><net_src comp="54" pin="0"/><net_sink comp="982" pin=0"/></net>

<net id="987"><net_src comp="978" pin="1"/><net_sink comp="982" pin=1"/></net>

<net id="992"><net_src comp="982" pin="2"/><net_sink comp="988" pin=1"/></net>

<net id="997"><net_src comp="988" pin="2"/><net_sink comp="993" pin=0"/></net>

<net id="998"><net_src comp="42" pin="0"/><net_sink comp="993" pin=1"/></net>

<net id="1003"><net_src comp="967" pin="2"/><net_sink comp="999" pin=0"/></net>

<net id="1004"><net_src comp="993" pin="2"/><net_sink comp="999" pin=1"/></net>

<net id="1010"><net_src comp="74" pin="0"/><net_sink comp="1005" pin=0"/></net>

<net id="1011"><net_src comp="952" pin="2"/><net_sink comp="1005" pin=1"/></net>

<net id="1012"><net_src comp="68" pin="0"/><net_sink comp="1005" pin=2"/></net>

<net id="1017"><net_src comp="1005" pin="3"/><net_sink comp="1013" pin=0"/></net>

<net id="1018"><net_src comp="58" pin="0"/><net_sink comp="1013" pin=1"/></net>

<net id="1023"><net_src comp="76" pin="0"/><net_sink comp="1019" pin=0"/></net>

<net id="1029"><net_src comp="78" pin="0"/><net_sink comp="1024" pin=0"/></net>

<net id="1030"><net_src comp="1019" pin="2"/><net_sink comp="1024" pin=2"/></net>

<net id="1035"><net_src comp="1024" pin="3"/><net_sink comp="1031" pin=0"/></net>

<net id="1036"><net_src comp="1013" pin="2"/><net_sink comp="1031" pin=1"/></net>

<net id="1041"><net_src comp="1031" pin="2"/><net_sink comp="1037" pin=0"/></net>

<net id="1042"><net_src comp="999" pin="2"/><net_sink comp="1037" pin=1"/></net>

<net id="1048"><net_src comp="80" pin="0"/><net_sink comp="1043" pin=0"/></net>

<net id="1049"><net_src comp="70" pin="0"/><net_sink comp="1043" pin=1"/></net>

<net id="1050"><net_src comp="1037" pin="2"/><net_sink comp="1043" pin=2"/></net>

<net id="1058"><net_src comp="952" pin="2"/><net_sink comp="1054" pin=0"/></net>

<net id="1059"><net_src comp="50" pin="0"/><net_sink comp="1054" pin=1"/></net>

<net id="1064"><net_src comp="82" pin="0"/><net_sink comp="1060" pin=0"/></net>

<net id="1069"><net_src comp="1051" pin="1"/><net_sink comp="1065" pin=0"/></net>

<net id="1070"><net_src comp="1060" pin="2"/><net_sink comp="1065" pin=1"/></net>

<net id="1075"><net_src comp="84" pin="0"/><net_sink comp="1071" pin=0"/></net>

<net id="1080"><net_src comp="1051" pin="1"/><net_sink comp="1076" pin=0"/></net>

<net id="1081"><net_src comp="1071" pin="2"/><net_sink comp="1076" pin=1"/></net>

<net id="1087"><net_src comp="1054" pin="2"/><net_sink comp="1082" pin=0"/></net>

<net id="1088"><net_src comp="1065" pin="2"/><net_sink comp="1082" pin=1"/></net>

<net id="1089"><net_src comp="1076" pin="2"/><net_sink comp="1082" pin=2"/></net>

<net id="1094"><net_src comp="1043" pin="3"/><net_sink comp="1090" pin=0"/></net>

<net id="1095"><net_src comp="1082" pin="3"/><net_sink comp="1090" pin=1"/></net>

<net id="1102"><net_src comp="64" pin="0"/><net_sink comp="1096" pin=0"/></net>

<net id="1103"><net_src comp="1090" pin="2"/><net_sink comp="1096" pin=1"/></net>

<net id="1104"><net_src comp="66" pin="0"/><net_sink comp="1096" pin=2"/></net>

<net id="1105"><net_src comp="68" pin="0"/><net_sink comp="1096" pin=3"/></net>

<net id="1111"><net_src comp="74" pin="0"/><net_sink comp="1106" pin=0"/></net>

<net id="1112"><net_src comp="1090" pin="2"/><net_sink comp="1106" pin=1"/></net>

<net id="1113"><net_src comp="84" pin="0"/><net_sink comp="1106" pin=2"/></net>

<net id="1118"><net_src comp="62" pin="0"/><net_sink comp="1114" pin=0"/></net>

<net id="1125"><net_src comp="64" pin="0"/><net_sink comp="1119" pin=0"/></net>

<net id="1126"><net_src comp="1114" pin="2"/><net_sink comp="1119" pin=1"/></net>

<net id="1127"><net_src comp="66" pin="0"/><net_sink comp="1119" pin=2"/></net>

<net id="1128"><net_src comp="68" pin="0"/><net_sink comp="1119" pin=3"/></net>

<net id="1133"><net_src comp="1119" pin="4"/><net_sink comp="1129" pin=0"/></net>

<net id="1134"><net_src comp="70" pin="0"/><net_sink comp="1129" pin=1"/></net>

<net id="1139"><net_src comp="72" pin="0"/><net_sink comp="1135" pin=0"/></net>

<net id="1143"><net_src comp="1135" pin="2"/><net_sink comp="1140" pin=0"/></net>

<net id="1148"><net_src comp="54" pin="0"/><net_sink comp="1144" pin=0"/></net>

<net id="1149"><net_src comp="1140" pin="1"/><net_sink comp="1144" pin=1"/></net>

<net id="1154"><net_src comp="1144" pin="2"/><net_sink comp="1150" pin=1"/></net>

<net id="1159"><net_src comp="1150" pin="2"/><net_sink comp="1155" pin=0"/></net>

<net id="1160"><net_src comp="42" pin="0"/><net_sink comp="1155" pin=1"/></net>

<net id="1165"><net_src comp="1129" pin="2"/><net_sink comp="1161" pin=0"/></net>

<net id="1166"><net_src comp="1155" pin="2"/><net_sink comp="1161" pin=1"/></net>

<net id="1172"><net_src comp="74" pin="0"/><net_sink comp="1167" pin=0"/></net>

<net id="1173"><net_src comp="1114" pin="2"/><net_sink comp="1167" pin=1"/></net>

<net id="1174"><net_src comp="68" pin="0"/><net_sink comp="1167" pin=2"/></net>

<net id="1179"><net_src comp="1167" pin="3"/><net_sink comp="1175" pin=0"/></net>

<net id="1180"><net_src comp="58" pin="0"/><net_sink comp="1175" pin=1"/></net>

<net id="1185"><net_src comp="76" pin="0"/><net_sink comp="1181" pin=0"/></net>

<net id="1191"><net_src comp="78" pin="0"/><net_sink comp="1186" pin=0"/></net>

<net id="1192"><net_src comp="1181" pin="2"/><net_sink comp="1186" pin=2"/></net>

<net id="1197"><net_src comp="1186" pin="3"/><net_sink comp="1193" pin=0"/></net>

<net id="1198"><net_src comp="1175" pin="2"/><net_sink comp="1193" pin=1"/></net>

<net id="1203"><net_src comp="1193" pin="2"/><net_sink comp="1199" pin=0"/></net>

<net id="1204"><net_src comp="1161" pin="2"/><net_sink comp="1199" pin=1"/></net>

<net id="1210"><net_src comp="80" pin="0"/><net_sink comp="1205" pin=0"/></net>

<net id="1211"><net_src comp="70" pin="0"/><net_sink comp="1205" pin=1"/></net>

<net id="1212"><net_src comp="1199" pin="2"/><net_sink comp="1205" pin=2"/></net>

<net id="1220"><net_src comp="1114" pin="2"/><net_sink comp="1216" pin=0"/></net>

<net id="1221"><net_src comp="50" pin="0"/><net_sink comp="1216" pin=1"/></net>

<net id="1226"><net_src comp="82" pin="0"/><net_sink comp="1222" pin=0"/></net>

<net id="1231"><net_src comp="1213" pin="1"/><net_sink comp="1227" pin=0"/></net>

<net id="1232"><net_src comp="1222" pin="2"/><net_sink comp="1227" pin=1"/></net>

<net id="1237"><net_src comp="84" pin="0"/><net_sink comp="1233" pin=0"/></net>

<net id="1242"><net_src comp="1213" pin="1"/><net_sink comp="1238" pin=0"/></net>

<net id="1243"><net_src comp="1233" pin="2"/><net_sink comp="1238" pin=1"/></net>

<net id="1249"><net_src comp="1216" pin="2"/><net_sink comp="1244" pin=0"/></net>

<net id="1250"><net_src comp="1227" pin="2"/><net_sink comp="1244" pin=1"/></net>

<net id="1251"><net_src comp="1238" pin="2"/><net_sink comp="1244" pin=2"/></net>

<net id="1256"><net_src comp="1205" pin="3"/><net_sink comp="1252" pin=0"/></net>

<net id="1257"><net_src comp="1244" pin="3"/><net_sink comp="1252" pin=1"/></net>

<net id="1264"><net_src comp="64" pin="0"/><net_sink comp="1258" pin=0"/></net>

<net id="1265"><net_src comp="1252" pin="2"/><net_sink comp="1258" pin=1"/></net>

<net id="1266"><net_src comp="66" pin="0"/><net_sink comp="1258" pin=2"/></net>

<net id="1267"><net_src comp="68" pin="0"/><net_sink comp="1258" pin=3"/></net>

<net id="1273"><net_src comp="74" pin="0"/><net_sink comp="1268" pin=0"/></net>

<net id="1274"><net_src comp="1252" pin="2"/><net_sink comp="1268" pin=1"/></net>

<net id="1275"><net_src comp="84" pin="0"/><net_sink comp="1268" pin=2"/></net>

<net id="1280"><net_src comp="62" pin="0"/><net_sink comp="1276" pin=0"/></net>

<net id="1287"><net_src comp="64" pin="0"/><net_sink comp="1281" pin=0"/></net>

<net id="1288"><net_src comp="1276" pin="2"/><net_sink comp="1281" pin=1"/></net>

<net id="1289"><net_src comp="66" pin="0"/><net_sink comp="1281" pin=2"/></net>

<net id="1290"><net_src comp="68" pin="0"/><net_sink comp="1281" pin=3"/></net>

<net id="1295"><net_src comp="1281" pin="4"/><net_sink comp="1291" pin=0"/></net>

<net id="1296"><net_src comp="70" pin="0"/><net_sink comp="1291" pin=1"/></net>

<net id="1301"><net_src comp="72" pin="0"/><net_sink comp="1297" pin=0"/></net>

<net id="1305"><net_src comp="1297" pin="2"/><net_sink comp="1302" pin=0"/></net>

<net id="1310"><net_src comp="54" pin="0"/><net_sink comp="1306" pin=0"/></net>

<net id="1311"><net_src comp="1302" pin="1"/><net_sink comp="1306" pin=1"/></net>

<net id="1316"><net_src comp="1306" pin="2"/><net_sink comp="1312" pin=1"/></net>

<net id="1321"><net_src comp="1312" pin="2"/><net_sink comp="1317" pin=0"/></net>

<net id="1322"><net_src comp="42" pin="0"/><net_sink comp="1317" pin=1"/></net>

<net id="1327"><net_src comp="1291" pin="2"/><net_sink comp="1323" pin=0"/></net>

<net id="1328"><net_src comp="1317" pin="2"/><net_sink comp="1323" pin=1"/></net>

<net id="1334"><net_src comp="74" pin="0"/><net_sink comp="1329" pin=0"/></net>

<net id="1335"><net_src comp="1276" pin="2"/><net_sink comp="1329" pin=1"/></net>

<net id="1336"><net_src comp="68" pin="0"/><net_sink comp="1329" pin=2"/></net>

<net id="1341"><net_src comp="1329" pin="3"/><net_sink comp="1337" pin=0"/></net>

<net id="1342"><net_src comp="58" pin="0"/><net_sink comp="1337" pin=1"/></net>

<net id="1347"><net_src comp="76" pin="0"/><net_sink comp="1343" pin=0"/></net>

<net id="1353"><net_src comp="78" pin="0"/><net_sink comp="1348" pin=0"/></net>

<net id="1354"><net_src comp="1343" pin="2"/><net_sink comp="1348" pin=2"/></net>

<net id="1359"><net_src comp="1348" pin="3"/><net_sink comp="1355" pin=0"/></net>

<net id="1360"><net_src comp="1337" pin="2"/><net_sink comp="1355" pin=1"/></net>

<net id="1365"><net_src comp="1355" pin="2"/><net_sink comp="1361" pin=0"/></net>

<net id="1366"><net_src comp="1323" pin="2"/><net_sink comp="1361" pin=1"/></net>

<net id="1372"><net_src comp="80" pin="0"/><net_sink comp="1367" pin=0"/></net>

<net id="1373"><net_src comp="70" pin="0"/><net_sink comp="1367" pin=1"/></net>

<net id="1374"><net_src comp="1361" pin="2"/><net_sink comp="1367" pin=2"/></net>

<net id="1382"><net_src comp="1276" pin="2"/><net_sink comp="1378" pin=0"/></net>

<net id="1383"><net_src comp="50" pin="0"/><net_sink comp="1378" pin=1"/></net>

<net id="1388"><net_src comp="82" pin="0"/><net_sink comp="1384" pin=0"/></net>

<net id="1393"><net_src comp="1375" pin="1"/><net_sink comp="1389" pin=0"/></net>

<net id="1394"><net_src comp="1384" pin="2"/><net_sink comp="1389" pin=1"/></net>

<net id="1399"><net_src comp="84" pin="0"/><net_sink comp="1395" pin=0"/></net>

<net id="1404"><net_src comp="1375" pin="1"/><net_sink comp="1400" pin=0"/></net>

<net id="1405"><net_src comp="1395" pin="2"/><net_sink comp="1400" pin=1"/></net>

<net id="1411"><net_src comp="1378" pin="2"/><net_sink comp="1406" pin=0"/></net>

<net id="1412"><net_src comp="1389" pin="2"/><net_sink comp="1406" pin=1"/></net>

<net id="1413"><net_src comp="1400" pin="2"/><net_sink comp="1406" pin=2"/></net>

<net id="1418"><net_src comp="1367" pin="3"/><net_sink comp="1414" pin=0"/></net>

<net id="1419"><net_src comp="1406" pin="3"/><net_sink comp="1414" pin=1"/></net>

<net id="1426"><net_src comp="64" pin="0"/><net_sink comp="1420" pin=0"/></net>

<net id="1427"><net_src comp="1414" pin="2"/><net_sink comp="1420" pin=1"/></net>

<net id="1428"><net_src comp="66" pin="0"/><net_sink comp="1420" pin=2"/></net>

<net id="1429"><net_src comp="68" pin="0"/><net_sink comp="1420" pin=3"/></net>

<net id="1435"><net_src comp="74" pin="0"/><net_sink comp="1430" pin=0"/></net>

<net id="1436"><net_src comp="1414" pin="2"/><net_sink comp="1430" pin=1"/></net>

<net id="1437"><net_src comp="84" pin="0"/><net_sink comp="1430" pin=2"/></net>

<net id="1442"><net_src comp="62" pin="0"/><net_sink comp="1438" pin=0"/></net>

<net id="1449"><net_src comp="64" pin="0"/><net_sink comp="1443" pin=0"/></net>

<net id="1450"><net_src comp="1438" pin="2"/><net_sink comp="1443" pin=1"/></net>

<net id="1451"><net_src comp="66" pin="0"/><net_sink comp="1443" pin=2"/></net>

<net id="1452"><net_src comp="68" pin="0"/><net_sink comp="1443" pin=3"/></net>

<net id="1457"><net_src comp="1443" pin="4"/><net_sink comp="1453" pin=0"/></net>

<net id="1458"><net_src comp="70" pin="0"/><net_sink comp="1453" pin=1"/></net>

<net id="1463"><net_src comp="72" pin="0"/><net_sink comp="1459" pin=0"/></net>

<net id="1467"><net_src comp="1459" pin="2"/><net_sink comp="1464" pin=0"/></net>

<net id="1472"><net_src comp="54" pin="0"/><net_sink comp="1468" pin=0"/></net>

<net id="1473"><net_src comp="1464" pin="1"/><net_sink comp="1468" pin=1"/></net>

<net id="1478"><net_src comp="1468" pin="2"/><net_sink comp="1474" pin=1"/></net>

<net id="1483"><net_src comp="1474" pin="2"/><net_sink comp="1479" pin=0"/></net>

<net id="1484"><net_src comp="42" pin="0"/><net_sink comp="1479" pin=1"/></net>

<net id="1489"><net_src comp="1453" pin="2"/><net_sink comp="1485" pin=0"/></net>

<net id="1490"><net_src comp="1479" pin="2"/><net_sink comp="1485" pin=1"/></net>

<net id="1496"><net_src comp="74" pin="0"/><net_sink comp="1491" pin=0"/></net>

<net id="1497"><net_src comp="1438" pin="2"/><net_sink comp="1491" pin=1"/></net>

<net id="1498"><net_src comp="68" pin="0"/><net_sink comp="1491" pin=2"/></net>

<net id="1503"><net_src comp="1491" pin="3"/><net_sink comp="1499" pin=0"/></net>

<net id="1504"><net_src comp="58" pin="0"/><net_sink comp="1499" pin=1"/></net>

<net id="1509"><net_src comp="76" pin="0"/><net_sink comp="1505" pin=0"/></net>

<net id="1515"><net_src comp="78" pin="0"/><net_sink comp="1510" pin=0"/></net>

<net id="1516"><net_src comp="1505" pin="2"/><net_sink comp="1510" pin=2"/></net>

<net id="1521"><net_src comp="1510" pin="3"/><net_sink comp="1517" pin=0"/></net>

<net id="1522"><net_src comp="1499" pin="2"/><net_sink comp="1517" pin=1"/></net>

<net id="1527"><net_src comp="1517" pin="2"/><net_sink comp="1523" pin=0"/></net>

<net id="1528"><net_src comp="1485" pin="2"/><net_sink comp="1523" pin=1"/></net>

<net id="1534"><net_src comp="80" pin="0"/><net_sink comp="1529" pin=0"/></net>

<net id="1535"><net_src comp="70" pin="0"/><net_sink comp="1529" pin=1"/></net>

<net id="1536"><net_src comp="1523" pin="2"/><net_sink comp="1529" pin=2"/></net>

<net id="1544"><net_src comp="1438" pin="2"/><net_sink comp="1540" pin=0"/></net>

<net id="1545"><net_src comp="50" pin="0"/><net_sink comp="1540" pin=1"/></net>

<net id="1550"><net_src comp="82" pin="0"/><net_sink comp="1546" pin=0"/></net>

<net id="1555"><net_src comp="1537" pin="1"/><net_sink comp="1551" pin=0"/></net>

<net id="1556"><net_src comp="1546" pin="2"/><net_sink comp="1551" pin=1"/></net>

<net id="1561"><net_src comp="84" pin="0"/><net_sink comp="1557" pin=0"/></net>

<net id="1566"><net_src comp="1537" pin="1"/><net_sink comp="1562" pin=0"/></net>

<net id="1567"><net_src comp="1557" pin="2"/><net_sink comp="1562" pin=1"/></net>

<net id="1573"><net_src comp="1540" pin="2"/><net_sink comp="1568" pin=0"/></net>

<net id="1574"><net_src comp="1551" pin="2"/><net_sink comp="1568" pin=1"/></net>

<net id="1575"><net_src comp="1562" pin="2"/><net_sink comp="1568" pin=2"/></net>

<net id="1580"><net_src comp="1529" pin="3"/><net_sink comp="1576" pin=0"/></net>

<net id="1581"><net_src comp="1568" pin="3"/><net_sink comp="1576" pin=1"/></net>

<net id="1588"><net_src comp="64" pin="0"/><net_sink comp="1582" pin=0"/></net>

<net id="1589"><net_src comp="1576" pin="2"/><net_sink comp="1582" pin=1"/></net>

<net id="1590"><net_src comp="66" pin="0"/><net_sink comp="1582" pin=2"/></net>

<net id="1591"><net_src comp="68" pin="0"/><net_sink comp="1582" pin=3"/></net>

<net id="1597"><net_src comp="74" pin="0"/><net_sink comp="1592" pin=0"/></net>

<net id="1598"><net_src comp="1576" pin="2"/><net_sink comp="1592" pin=1"/></net>

<net id="1599"><net_src comp="84" pin="0"/><net_sink comp="1592" pin=2"/></net>

<net id="1604"><net_src comp="62" pin="0"/><net_sink comp="1600" pin=0"/></net>

<net id="1611"><net_src comp="64" pin="0"/><net_sink comp="1605" pin=0"/></net>

<net id="1612"><net_src comp="1600" pin="2"/><net_sink comp="1605" pin=1"/></net>

<net id="1613"><net_src comp="66" pin="0"/><net_sink comp="1605" pin=2"/></net>

<net id="1614"><net_src comp="68" pin="0"/><net_sink comp="1605" pin=3"/></net>

<net id="1619"><net_src comp="1605" pin="4"/><net_sink comp="1615" pin=0"/></net>

<net id="1620"><net_src comp="70" pin="0"/><net_sink comp="1615" pin=1"/></net>

<net id="1625"><net_src comp="72" pin="0"/><net_sink comp="1621" pin=0"/></net>

<net id="1629"><net_src comp="1621" pin="2"/><net_sink comp="1626" pin=0"/></net>

<net id="1634"><net_src comp="54" pin="0"/><net_sink comp="1630" pin=0"/></net>

<net id="1635"><net_src comp="1626" pin="1"/><net_sink comp="1630" pin=1"/></net>

<net id="1640"><net_src comp="1630" pin="2"/><net_sink comp="1636" pin=1"/></net>

<net id="1645"><net_src comp="1636" pin="2"/><net_sink comp="1641" pin=0"/></net>

<net id="1646"><net_src comp="42" pin="0"/><net_sink comp="1641" pin=1"/></net>

<net id="1651"><net_src comp="1615" pin="2"/><net_sink comp="1647" pin=0"/></net>

<net id="1652"><net_src comp="1641" pin="2"/><net_sink comp="1647" pin=1"/></net>

<net id="1658"><net_src comp="74" pin="0"/><net_sink comp="1653" pin=0"/></net>

<net id="1659"><net_src comp="1600" pin="2"/><net_sink comp="1653" pin=1"/></net>

<net id="1660"><net_src comp="68" pin="0"/><net_sink comp="1653" pin=2"/></net>

<net id="1665"><net_src comp="1653" pin="3"/><net_sink comp="1661" pin=0"/></net>

<net id="1666"><net_src comp="58" pin="0"/><net_sink comp="1661" pin=1"/></net>

<net id="1671"><net_src comp="76" pin="0"/><net_sink comp="1667" pin=0"/></net>

<net id="1677"><net_src comp="78" pin="0"/><net_sink comp="1672" pin=0"/></net>

<net id="1678"><net_src comp="1667" pin="2"/><net_sink comp="1672" pin=2"/></net>

<net id="1683"><net_src comp="1672" pin="3"/><net_sink comp="1679" pin=0"/></net>

<net id="1684"><net_src comp="1661" pin="2"/><net_sink comp="1679" pin=1"/></net>

<net id="1689"><net_src comp="1679" pin="2"/><net_sink comp="1685" pin=0"/></net>

<net id="1690"><net_src comp="1647" pin="2"/><net_sink comp="1685" pin=1"/></net>

<net id="1696"><net_src comp="80" pin="0"/><net_sink comp="1691" pin=0"/></net>

<net id="1697"><net_src comp="70" pin="0"/><net_sink comp="1691" pin=1"/></net>

<net id="1698"><net_src comp="1685" pin="2"/><net_sink comp="1691" pin=2"/></net>

<net id="1706"><net_src comp="1600" pin="2"/><net_sink comp="1702" pin=0"/></net>

<net id="1707"><net_src comp="50" pin="0"/><net_sink comp="1702" pin=1"/></net>

<net id="1712"><net_src comp="82" pin="0"/><net_sink comp="1708" pin=0"/></net>

<net id="1717"><net_src comp="1699" pin="1"/><net_sink comp="1713" pin=0"/></net>

<net id="1718"><net_src comp="1708" pin="2"/><net_sink comp="1713" pin=1"/></net>

<net id="1723"><net_src comp="84" pin="0"/><net_sink comp="1719" pin=0"/></net>

<net id="1728"><net_src comp="1699" pin="1"/><net_sink comp="1724" pin=0"/></net>

<net id="1729"><net_src comp="1719" pin="2"/><net_sink comp="1724" pin=1"/></net>

<net id="1735"><net_src comp="1702" pin="2"/><net_sink comp="1730" pin=0"/></net>

<net id="1736"><net_src comp="1713" pin="2"/><net_sink comp="1730" pin=1"/></net>

<net id="1737"><net_src comp="1724" pin="2"/><net_sink comp="1730" pin=2"/></net>

<net id="1742"><net_src comp="1691" pin="3"/><net_sink comp="1738" pin=0"/></net>

<net id="1743"><net_src comp="1730" pin="3"/><net_sink comp="1738" pin=1"/></net>

<net id="1750"><net_src comp="64" pin="0"/><net_sink comp="1744" pin=0"/></net>

<net id="1751"><net_src comp="1738" pin="2"/><net_sink comp="1744" pin=1"/></net>

<net id="1752"><net_src comp="66" pin="0"/><net_sink comp="1744" pin=2"/></net>

<net id="1753"><net_src comp="68" pin="0"/><net_sink comp="1744" pin=3"/></net>

<net id="1759"><net_src comp="74" pin="0"/><net_sink comp="1754" pin=0"/></net>

<net id="1760"><net_src comp="1738" pin="2"/><net_sink comp="1754" pin=1"/></net>

<net id="1761"><net_src comp="84" pin="0"/><net_sink comp="1754" pin=2"/></net>

<net id="1766"><net_src comp="62" pin="0"/><net_sink comp="1762" pin=0"/></net>

<net id="1773"><net_src comp="64" pin="0"/><net_sink comp="1767" pin=0"/></net>

<net id="1774"><net_src comp="1762" pin="2"/><net_sink comp="1767" pin=1"/></net>

<net id="1775"><net_src comp="66" pin="0"/><net_sink comp="1767" pin=2"/></net>

<net id="1776"><net_src comp="68" pin="0"/><net_sink comp="1767" pin=3"/></net>

<net id="1781"><net_src comp="1767" pin="4"/><net_sink comp="1777" pin=0"/></net>

<net id="1782"><net_src comp="70" pin="0"/><net_sink comp="1777" pin=1"/></net>

<net id="1787"><net_src comp="72" pin="0"/><net_sink comp="1783" pin=0"/></net>

<net id="1791"><net_src comp="1783" pin="2"/><net_sink comp="1788" pin=0"/></net>

<net id="1796"><net_src comp="54" pin="0"/><net_sink comp="1792" pin=0"/></net>

<net id="1797"><net_src comp="1788" pin="1"/><net_sink comp="1792" pin=1"/></net>

<net id="1802"><net_src comp="1792" pin="2"/><net_sink comp="1798" pin=1"/></net>

<net id="1807"><net_src comp="1798" pin="2"/><net_sink comp="1803" pin=0"/></net>

<net id="1808"><net_src comp="42" pin="0"/><net_sink comp="1803" pin=1"/></net>

<net id="1813"><net_src comp="1777" pin="2"/><net_sink comp="1809" pin=0"/></net>

<net id="1814"><net_src comp="1803" pin="2"/><net_sink comp="1809" pin=1"/></net>

<net id="1820"><net_src comp="74" pin="0"/><net_sink comp="1815" pin=0"/></net>

<net id="1821"><net_src comp="1762" pin="2"/><net_sink comp="1815" pin=1"/></net>

<net id="1822"><net_src comp="68" pin="0"/><net_sink comp="1815" pin=2"/></net>

<net id="1827"><net_src comp="1815" pin="3"/><net_sink comp="1823" pin=0"/></net>

<net id="1828"><net_src comp="58" pin="0"/><net_sink comp="1823" pin=1"/></net>

<net id="1833"><net_src comp="76" pin="0"/><net_sink comp="1829" pin=0"/></net>

<net id="1839"><net_src comp="78" pin="0"/><net_sink comp="1834" pin=0"/></net>

<net id="1840"><net_src comp="1829" pin="2"/><net_sink comp="1834" pin=2"/></net>

<net id="1845"><net_src comp="1834" pin="3"/><net_sink comp="1841" pin=0"/></net>

<net id="1846"><net_src comp="1823" pin="2"/><net_sink comp="1841" pin=1"/></net>

<net id="1851"><net_src comp="1841" pin="2"/><net_sink comp="1847" pin=0"/></net>

<net id="1852"><net_src comp="1809" pin="2"/><net_sink comp="1847" pin=1"/></net>

<net id="1858"><net_src comp="80" pin="0"/><net_sink comp="1853" pin=0"/></net>

<net id="1859"><net_src comp="70" pin="0"/><net_sink comp="1853" pin=1"/></net>

<net id="1860"><net_src comp="1847" pin="2"/><net_sink comp="1853" pin=2"/></net>

<net id="1868"><net_src comp="1762" pin="2"/><net_sink comp="1864" pin=0"/></net>

<net id="1869"><net_src comp="50" pin="0"/><net_sink comp="1864" pin=1"/></net>

<net id="1874"><net_src comp="82" pin="0"/><net_sink comp="1870" pin=0"/></net>

<net id="1879"><net_src comp="1861" pin="1"/><net_sink comp="1875" pin=0"/></net>

<net id="1880"><net_src comp="1870" pin="2"/><net_sink comp="1875" pin=1"/></net>

<net id="1885"><net_src comp="84" pin="0"/><net_sink comp="1881" pin=0"/></net>

<net id="1890"><net_src comp="1861" pin="1"/><net_sink comp="1886" pin=0"/></net>

<net id="1891"><net_src comp="1881" pin="2"/><net_sink comp="1886" pin=1"/></net>

<net id="1897"><net_src comp="1864" pin="2"/><net_sink comp="1892" pin=0"/></net>

<net id="1898"><net_src comp="1875" pin="2"/><net_sink comp="1892" pin=1"/></net>

<net id="1899"><net_src comp="1886" pin="2"/><net_sink comp="1892" pin=2"/></net>

<net id="1904"><net_src comp="1853" pin="3"/><net_sink comp="1900" pin=0"/></net>

<net id="1905"><net_src comp="1892" pin="3"/><net_sink comp="1900" pin=1"/></net>

<net id="1912"><net_src comp="64" pin="0"/><net_sink comp="1906" pin=0"/></net>

<net id="1913"><net_src comp="1900" pin="2"/><net_sink comp="1906" pin=1"/></net>

<net id="1914"><net_src comp="66" pin="0"/><net_sink comp="1906" pin=2"/></net>

<net id="1915"><net_src comp="68" pin="0"/><net_sink comp="1906" pin=3"/></net>

<net id="1921"><net_src comp="74" pin="0"/><net_sink comp="1916" pin=0"/></net>

<net id="1922"><net_src comp="1900" pin="2"/><net_sink comp="1916" pin=1"/></net>

<net id="1923"><net_src comp="84" pin="0"/><net_sink comp="1916" pin=2"/></net>

<net id="1928"><net_src comp="62" pin="0"/><net_sink comp="1924" pin=0"/></net>

<net id="1935"><net_src comp="64" pin="0"/><net_sink comp="1929" pin=0"/></net>

<net id="1936"><net_src comp="1924" pin="2"/><net_sink comp="1929" pin=1"/></net>

<net id="1937"><net_src comp="66" pin="0"/><net_sink comp="1929" pin=2"/></net>

<net id="1938"><net_src comp="68" pin="0"/><net_sink comp="1929" pin=3"/></net>

<net id="1943"><net_src comp="1929" pin="4"/><net_sink comp="1939" pin=0"/></net>

<net id="1944"><net_src comp="70" pin="0"/><net_sink comp="1939" pin=1"/></net>

<net id="1949"><net_src comp="72" pin="0"/><net_sink comp="1945" pin=0"/></net>

<net id="1953"><net_src comp="1945" pin="2"/><net_sink comp="1950" pin=0"/></net>

<net id="1958"><net_src comp="54" pin="0"/><net_sink comp="1954" pin=0"/></net>

<net id="1959"><net_src comp="1950" pin="1"/><net_sink comp="1954" pin=1"/></net>

<net id="1964"><net_src comp="1954" pin="2"/><net_sink comp="1960" pin=1"/></net>

<net id="1969"><net_src comp="1960" pin="2"/><net_sink comp="1965" pin=0"/></net>

<net id="1970"><net_src comp="42" pin="0"/><net_sink comp="1965" pin=1"/></net>

<net id="1975"><net_src comp="1939" pin="2"/><net_sink comp="1971" pin=0"/></net>

<net id="1976"><net_src comp="1965" pin="2"/><net_sink comp="1971" pin=1"/></net>

<net id="1982"><net_src comp="74" pin="0"/><net_sink comp="1977" pin=0"/></net>

<net id="1983"><net_src comp="1924" pin="2"/><net_sink comp="1977" pin=1"/></net>

<net id="1984"><net_src comp="68" pin="0"/><net_sink comp="1977" pin=2"/></net>

<net id="1989"><net_src comp="1977" pin="3"/><net_sink comp="1985" pin=0"/></net>

<net id="1990"><net_src comp="58" pin="0"/><net_sink comp="1985" pin=1"/></net>

<net id="1995"><net_src comp="76" pin="0"/><net_sink comp="1991" pin=0"/></net>

<net id="2001"><net_src comp="78" pin="0"/><net_sink comp="1996" pin=0"/></net>

<net id="2002"><net_src comp="1991" pin="2"/><net_sink comp="1996" pin=2"/></net>

<net id="2007"><net_src comp="1996" pin="3"/><net_sink comp="2003" pin=0"/></net>

<net id="2008"><net_src comp="1985" pin="2"/><net_sink comp="2003" pin=1"/></net>

<net id="2013"><net_src comp="2003" pin="2"/><net_sink comp="2009" pin=0"/></net>

<net id="2014"><net_src comp="1971" pin="2"/><net_sink comp="2009" pin=1"/></net>

<net id="2020"><net_src comp="80" pin="0"/><net_sink comp="2015" pin=0"/></net>

<net id="2021"><net_src comp="70" pin="0"/><net_sink comp="2015" pin=1"/></net>

<net id="2022"><net_src comp="2009" pin="2"/><net_sink comp="2015" pin=2"/></net>

<net id="2030"><net_src comp="1924" pin="2"/><net_sink comp="2026" pin=0"/></net>

<net id="2031"><net_src comp="50" pin="0"/><net_sink comp="2026" pin=1"/></net>

<net id="2036"><net_src comp="82" pin="0"/><net_sink comp="2032" pin=0"/></net>

<net id="2041"><net_src comp="2023" pin="1"/><net_sink comp="2037" pin=0"/></net>

<net id="2042"><net_src comp="2032" pin="2"/><net_sink comp="2037" pin=1"/></net>

<net id="2047"><net_src comp="84" pin="0"/><net_sink comp="2043" pin=0"/></net>

<net id="2052"><net_src comp="2023" pin="1"/><net_sink comp="2048" pin=0"/></net>

<net id="2053"><net_src comp="2043" pin="2"/><net_sink comp="2048" pin=1"/></net>

<net id="2059"><net_src comp="2026" pin="2"/><net_sink comp="2054" pin=0"/></net>

<net id="2060"><net_src comp="2037" pin="2"/><net_sink comp="2054" pin=1"/></net>

<net id="2061"><net_src comp="2048" pin="2"/><net_sink comp="2054" pin=2"/></net>

<net id="2066"><net_src comp="2015" pin="3"/><net_sink comp="2062" pin=0"/></net>

<net id="2067"><net_src comp="2054" pin="3"/><net_sink comp="2062" pin=1"/></net>

<net id="2074"><net_src comp="64" pin="0"/><net_sink comp="2068" pin=0"/></net>

<net id="2075"><net_src comp="2062" pin="2"/><net_sink comp="2068" pin=1"/></net>

<net id="2076"><net_src comp="66" pin="0"/><net_sink comp="2068" pin=2"/></net>

<net id="2077"><net_src comp="68" pin="0"/><net_sink comp="2068" pin=3"/></net>

<net id="2083"><net_src comp="74" pin="0"/><net_sink comp="2078" pin=0"/></net>

<net id="2084"><net_src comp="2062" pin="2"/><net_sink comp="2078" pin=1"/></net>

<net id="2085"><net_src comp="84" pin="0"/><net_sink comp="2078" pin=2"/></net>

<net id="2090"><net_src comp="62" pin="0"/><net_sink comp="2086" pin=0"/></net>

<net id="2097"><net_src comp="64" pin="0"/><net_sink comp="2091" pin=0"/></net>

<net id="2098"><net_src comp="2086" pin="2"/><net_sink comp="2091" pin=1"/></net>

<net id="2099"><net_src comp="66" pin="0"/><net_sink comp="2091" pin=2"/></net>

<net id="2100"><net_src comp="68" pin="0"/><net_sink comp="2091" pin=3"/></net>

<net id="2105"><net_src comp="2091" pin="4"/><net_sink comp="2101" pin=0"/></net>

<net id="2106"><net_src comp="70" pin="0"/><net_sink comp="2101" pin=1"/></net>

<net id="2111"><net_src comp="72" pin="0"/><net_sink comp="2107" pin=0"/></net>

<net id="2115"><net_src comp="2107" pin="2"/><net_sink comp="2112" pin=0"/></net>

<net id="2120"><net_src comp="54" pin="0"/><net_sink comp="2116" pin=0"/></net>

<net id="2121"><net_src comp="2112" pin="1"/><net_sink comp="2116" pin=1"/></net>

<net id="2126"><net_src comp="2116" pin="2"/><net_sink comp="2122" pin=1"/></net>

<net id="2131"><net_src comp="2122" pin="2"/><net_sink comp="2127" pin=0"/></net>

<net id="2132"><net_src comp="42" pin="0"/><net_sink comp="2127" pin=1"/></net>

<net id="2137"><net_src comp="2101" pin="2"/><net_sink comp="2133" pin=0"/></net>

<net id="2138"><net_src comp="2127" pin="2"/><net_sink comp="2133" pin=1"/></net>

<net id="2144"><net_src comp="74" pin="0"/><net_sink comp="2139" pin=0"/></net>

<net id="2145"><net_src comp="2086" pin="2"/><net_sink comp="2139" pin=1"/></net>

<net id="2146"><net_src comp="68" pin="0"/><net_sink comp="2139" pin=2"/></net>

<net id="2151"><net_src comp="2139" pin="3"/><net_sink comp="2147" pin=0"/></net>

<net id="2152"><net_src comp="58" pin="0"/><net_sink comp="2147" pin=1"/></net>

<net id="2157"><net_src comp="76" pin="0"/><net_sink comp="2153" pin=0"/></net>

<net id="2163"><net_src comp="78" pin="0"/><net_sink comp="2158" pin=0"/></net>

<net id="2164"><net_src comp="2153" pin="2"/><net_sink comp="2158" pin=2"/></net>

<net id="2169"><net_src comp="2158" pin="3"/><net_sink comp="2165" pin=0"/></net>

<net id="2170"><net_src comp="2147" pin="2"/><net_sink comp="2165" pin=1"/></net>

<net id="2175"><net_src comp="2165" pin="2"/><net_sink comp="2171" pin=0"/></net>

<net id="2176"><net_src comp="2133" pin="2"/><net_sink comp="2171" pin=1"/></net>

<net id="2182"><net_src comp="80" pin="0"/><net_sink comp="2177" pin=0"/></net>

<net id="2183"><net_src comp="70" pin="0"/><net_sink comp="2177" pin=1"/></net>

<net id="2184"><net_src comp="2171" pin="2"/><net_sink comp="2177" pin=2"/></net>

<net id="2192"><net_src comp="2086" pin="2"/><net_sink comp="2188" pin=0"/></net>

<net id="2193"><net_src comp="50" pin="0"/><net_sink comp="2188" pin=1"/></net>

<net id="2198"><net_src comp="82" pin="0"/><net_sink comp="2194" pin=0"/></net>

<net id="2203"><net_src comp="2185" pin="1"/><net_sink comp="2199" pin=0"/></net>

<net id="2204"><net_src comp="2194" pin="2"/><net_sink comp="2199" pin=1"/></net>

<net id="2209"><net_src comp="84" pin="0"/><net_sink comp="2205" pin=0"/></net>

<net id="2214"><net_src comp="2185" pin="1"/><net_sink comp="2210" pin=0"/></net>

<net id="2215"><net_src comp="2205" pin="2"/><net_sink comp="2210" pin=1"/></net>

<net id="2221"><net_src comp="2188" pin="2"/><net_sink comp="2216" pin=0"/></net>

<net id="2222"><net_src comp="2199" pin="2"/><net_sink comp="2216" pin=1"/></net>

<net id="2223"><net_src comp="2210" pin="2"/><net_sink comp="2216" pin=2"/></net>

<net id="2228"><net_src comp="2177" pin="3"/><net_sink comp="2224" pin=0"/></net>

<net id="2229"><net_src comp="2216" pin="3"/><net_sink comp="2224" pin=1"/></net>

<net id="2236"><net_src comp="64" pin="0"/><net_sink comp="2230" pin=0"/></net>

<net id="2237"><net_src comp="2224" pin="2"/><net_sink comp="2230" pin=1"/></net>

<net id="2238"><net_src comp="66" pin="0"/><net_sink comp="2230" pin=2"/></net>

<net id="2239"><net_src comp="68" pin="0"/><net_sink comp="2230" pin=3"/></net>

<net id="2245"><net_src comp="74" pin="0"/><net_sink comp="2240" pin=0"/></net>

<net id="2246"><net_src comp="2224" pin="2"/><net_sink comp="2240" pin=1"/></net>

<net id="2247"><net_src comp="84" pin="0"/><net_sink comp="2240" pin=2"/></net>

<net id="2252"><net_src comp="62" pin="0"/><net_sink comp="2248" pin=0"/></net>

<net id="2259"><net_src comp="64" pin="0"/><net_sink comp="2253" pin=0"/></net>

<net id="2260"><net_src comp="2248" pin="2"/><net_sink comp="2253" pin=1"/></net>

<net id="2261"><net_src comp="66" pin="0"/><net_sink comp="2253" pin=2"/></net>

<net id="2262"><net_src comp="68" pin="0"/><net_sink comp="2253" pin=3"/></net>

<net id="2267"><net_src comp="2253" pin="4"/><net_sink comp="2263" pin=0"/></net>

<net id="2268"><net_src comp="70" pin="0"/><net_sink comp="2263" pin=1"/></net>

<net id="2273"><net_src comp="72" pin="0"/><net_sink comp="2269" pin=0"/></net>

<net id="2277"><net_src comp="2269" pin="2"/><net_sink comp="2274" pin=0"/></net>

<net id="2282"><net_src comp="54" pin="0"/><net_sink comp="2278" pin=0"/></net>

<net id="2283"><net_src comp="2274" pin="1"/><net_sink comp="2278" pin=1"/></net>

<net id="2288"><net_src comp="2278" pin="2"/><net_sink comp="2284" pin=1"/></net>

<net id="2293"><net_src comp="2284" pin="2"/><net_sink comp="2289" pin=0"/></net>

<net id="2294"><net_src comp="42" pin="0"/><net_sink comp="2289" pin=1"/></net>

<net id="2299"><net_src comp="2263" pin="2"/><net_sink comp="2295" pin=0"/></net>

<net id="2300"><net_src comp="2289" pin="2"/><net_sink comp="2295" pin=1"/></net>

<net id="2306"><net_src comp="74" pin="0"/><net_sink comp="2301" pin=0"/></net>

<net id="2307"><net_src comp="2248" pin="2"/><net_sink comp="2301" pin=1"/></net>

<net id="2308"><net_src comp="68" pin="0"/><net_sink comp="2301" pin=2"/></net>

<net id="2313"><net_src comp="2301" pin="3"/><net_sink comp="2309" pin=0"/></net>

<net id="2314"><net_src comp="58" pin="0"/><net_sink comp="2309" pin=1"/></net>

<net id="2319"><net_src comp="76" pin="0"/><net_sink comp="2315" pin=0"/></net>

<net id="2325"><net_src comp="78" pin="0"/><net_sink comp="2320" pin=0"/></net>

<net id="2326"><net_src comp="2315" pin="2"/><net_sink comp="2320" pin=2"/></net>

<net id="2331"><net_src comp="2320" pin="3"/><net_sink comp="2327" pin=0"/></net>

<net id="2332"><net_src comp="2309" pin="2"/><net_sink comp="2327" pin=1"/></net>

<net id="2337"><net_src comp="2327" pin="2"/><net_sink comp="2333" pin=0"/></net>

<net id="2338"><net_src comp="2295" pin="2"/><net_sink comp="2333" pin=1"/></net>

<net id="2344"><net_src comp="80" pin="0"/><net_sink comp="2339" pin=0"/></net>

<net id="2345"><net_src comp="70" pin="0"/><net_sink comp="2339" pin=1"/></net>

<net id="2346"><net_src comp="2333" pin="2"/><net_sink comp="2339" pin=2"/></net>

<net id="2354"><net_src comp="2248" pin="2"/><net_sink comp="2350" pin=0"/></net>

<net id="2355"><net_src comp="50" pin="0"/><net_sink comp="2350" pin=1"/></net>

<net id="2360"><net_src comp="82" pin="0"/><net_sink comp="2356" pin=0"/></net>

<net id="2365"><net_src comp="2347" pin="1"/><net_sink comp="2361" pin=0"/></net>

<net id="2366"><net_src comp="2356" pin="2"/><net_sink comp="2361" pin=1"/></net>

<net id="2371"><net_src comp="84" pin="0"/><net_sink comp="2367" pin=0"/></net>

<net id="2376"><net_src comp="2347" pin="1"/><net_sink comp="2372" pin=0"/></net>

<net id="2377"><net_src comp="2367" pin="2"/><net_sink comp="2372" pin=1"/></net>

<net id="2383"><net_src comp="2350" pin="2"/><net_sink comp="2378" pin=0"/></net>

<net id="2384"><net_src comp="2361" pin="2"/><net_sink comp="2378" pin=1"/></net>

<net id="2385"><net_src comp="2372" pin="2"/><net_sink comp="2378" pin=2"/></net>

<net id="2390"><net_src comp="2339" pin="3"/><net_sink comp="2386" pin=0"/></net>

<net id="2391"><net_src comp="2378" pin="3"/><net_sink comp="2386" pin=1"/></net>

<net id="2398"><net_src comp="64" pin="0"/><net_sink comp="2392" pin=0"/></net>

<net id="2399"><net_src comp="2386" pin="2"/><net_sink comp="2392" pin=1"/></net>

<net id="2400"><net_src comp="66" pin="0"/><net_sink comp="2392" pin=2"/></net>

<net id="2401"><net_src comp="68" pin="0"/><net_sink comp="2392" pin=3"/></net>

<net id="2407"><net_src comp="74" pin="0"/><net_sink comp="2402" pin=0"/></net>

<net id="2408"><net_src comp="2386" pin="2"/><net_sink comp="2402" pin=1"/></net>

<net id="2409"><net_src comp="84" pin="0"/><net_sink comp="2402" pin=2"/></net>

<net id="2414"><net_src comp="62" pin="0"/><net_sink comp="2410" pin=0"/></net>

<net id="2421"><net_src comp="64" pin="0"/><net_sink comp="2415" pin=0"/></net>

<net id="2422"><net_src comp="2410" pin="2"/><net_sink comp="2415" pin=1"/></net>

<net id="2423"><net_src comp="66" pin="0"/><net_sink comp="2415" pin=2"/></net>

<net id="2424"><net_src comp="68" pin="0"/><net_sink comp="2415" pin=3"/></net>

<net id="2429"><net_src comp="2415" pin="4"/><net_sink comp="2425" pin=0"/></net>

<net id="2430"><net_src comp="70" pin="0"/><net_sink comp="2425" pin=1"/></net>

<net id="2435"><net_src comp="72" pin="0"/><net_sink comp="2431" pin=0"/></net>

<net id="2439"><net_src comp="2431" pin="2"/><net_sink comp="2436" pin=0"/></net>

<net id="2444"><net_src comp="54" pin="0"/><net_sink comp="2440" pin=0"/></net>

<net id="2445"><net_src comp="2436" pin="1"/><net_sink comp="2440" pin=1"/></net>

<net id="2450"><net_src comp="2440" pin="2"/><net_sink comp="2446" pin=1"/></net>

<net id="2455"><net_src comp="2446" pin="2"/><net_sink comp="2451" pin=0"/></net>

<net id="2456"><net_src comp="42" pin="0"/><net_sink comp="2451" pin=1"/></net>

<net id="2461"><net_src comp="2425" pin="2"/><net_sink comp="2457" pin=0"/></net>

<net id="2462"><net_src comp="2451" pin="2"/><net_sink comp="2457" pin=1"/></net>

<net id="2468"><net_src comp="74" pin="0"/><net_sink comp="2463" pin=0"/></net>

<net id="2469"><net_src comp="2410" pin="2"/><net_sink comp="2463" pin=1"/></net>

<net id="2470"><net_src comp="68" pin="0"/><net_sink comp="2463" pin=2"/></net>

<net id="2475"><net_src comp="2463" pin="3"/><net_sink comp="2471" pin=0"/></net>

<net id="2476"><net_src comp="58" pin="0"/><net_sink comp="2471" pin=1"/></net>

<net id="2481"><net_src comp="76" pin="0"/><net_sink comp="2477" pin=0"/></net>

<net id="2487"><net_src comp="78" pin="0"/><net_sink comp="2482" pin=0"/></net>

<net id="2488"><net_src comp="2477" pin="2"/><net_sink comp="2482" pin=2"/></net>

<net id="2493"><net_src comp="2482" pin="3"/><net_sink comp="2489" pin=0"/></net>

<net id="2494"><net_src comp="2471" pin="2"/><net_sink comp="2489" pin=1"/></net>

<net id="2499"><net_src comp="2489" pin="2"/><net_sink comp="2495" pin=0"/></net>

<net id="2500"><net_src comp="2457" pin="2"/><net_sink comp="2495" pin=1"/></net>

<net id="2506"><net_src comp="80" pin="0"/><net_sink comp="2501" pin=0"/></net>

<net id="2507"><net_src comp="70" pin="0"/><net_sink comp="2501" pin=1"/></net>

<net id="2508"><net_src comp="2495" pin="2"/><net_sink comp="2501" pin=2"/></net>

<net id="2516"><net_src comp="2410" pin="2"/><net_sink comp="2512" pin=0"/></net>

<net id="2517"><net_src comp="50" pin="0"/><net_sink comp="2512" pin=1"/></net>

<net id="2522"><net_src comp="82" pin="0"/><net_sink comp="2518" pin=0"/></net>

<net id="2527"><net_src comp="2509" pin="1"/><net_sink comp="2523" pin=0"/></net>

<net id="2528"><net_src comp="2518" pin="2"/><net_sink comp="2523" pin=1"/></net>

<net id="2533"><net_src comp="84" pin="0"/><net_sink comp="2529" pin=0"/></net>

<net id="2538"><net_src comp="2509" pin="1"/><net_sink comp="2534" pin=0"/></net>

<net id="2539"><net_src comp="2529" pin="2"/><net_sink comp="2534" pin=1"/></net>

<net id="2545"><net_src comp="2512" pin="2"/><net_sink comp="2540" pin=0"/></net>

<net id="2546"><net_src comp="2523" pin="2"/><net_sink comp="2540" pin=1"/></net>

<net id="2547"><net_src comp="2534" pin="2"/><net_sink comp="2540" pin=2"/></net>

<net id="2552"><net_src comp="2501" pin="3"/><net_sink comp="2548" pin=0"/></net>

<net id="2553"><net_src comp="2540" pin="3"/><net_sink comp="2548" pin=1"/></net>

<net id="2560"><net_src comp="64" pin="0"/><net_sink comp="2554" pin=0"/></net>

<net id="2561"><net_src comp="2548" pin="2"/><net_sink comp="2554" pin=1"/></net>

<net id="2562"><net_src comp="66" pin="0"/><net_sink comp="2554" pin=2"/></net>

<net id="2563"><net_src comp="68" pin="0"/><net_sink comp="2554" pin=3"/></net>

<net id="2569"><net_src comp="74" pin="0"/><net_sink comp="2564" pin=0"/></net>

<net id="2570"><net_src comp="2548" pin="2"/><net_sink comp="2564" pin=1"/></net>

<net id="2571"><net_src comp="84" pin="0"/><net_sink comp="2564" pin=2"/></net>

<net id="2580"><net_src comp="86" pin="0"/><net_sink comp="2575" pin=1"/></net>

<net id="2581"><net_src comp="88" pin="0"/><net_sink comp="2575" pin=2"/></net>

<net id="2586"><net_src comp="90" pin="0"/><net_sink comp="2582" pin=0"/></net>

<net id="2591"><net_src comp="2582" pin="2"/><net_sink comp="2587" pin=0"/></net>

<net id="2592"><net_src comp="2575" pin="3"/><net_sink comp="2587" pin=1"/></net>

<net id="2598"><net_src comp="92" pin="0"/><net_sink comp="2593" pin=0"/></net>

<net id="2599"><net_src comp="2587" pin="2"/><net_sink comp="2593" pin=2"/></net>

<net id="2607"><net_src comp="94" pin="0"/><net_sink comp="2600" pin=0"/></net>

<net id="2608"><net_src comp="2572" pin="1"/><net_sink comp="2600" pin=1"/></net>

<net id="2609"><net_src comp="2593" pin="3"/><net_sink comp="2600" pin=2"/></net>

<net id="2610"><net_src comp="96" pin="0"/><net_sink comp="2600" pin=3"/></net>

<net id="2611"><net_src comp="68" pin="0"/><net_sink comp="2600" pin=4"/></net>

<net id="2615"><net_src comp="2600" pin="5"/><net_sink comp="2612" pin=0"/></net>

<net id="2621"><net_src comp="98" pin="0"/><net_sink comp="2616" pin=1"/></net>

<net id="2622"><net_src comp="2612" pin="1"/><net_sink comp="2616" pin=2"/></net>

<net id="2623"><net_src comp="2616" pin="3"/><net_sink comp="162" pin=2"/></net>

<net id="2632"><net_src comp="86" pin="0"/><net_sink comp="2627" pin=1"/></net>

<net id="2633"><net_src comp="88" pin="0"/><net_sink comp="2627" pin=2"/></net>

<net id="2638"><net_src comp="90" pin="0"/><net_sink comp="2634" pin=0"/></net>

<net id="2643"><net_src comp="2634" pin="2"/><net_sink comp="2639" pin=0"/></net>

<net id="2644"><net_src comp="2627" pin="3"/><net_sink comp="2639" pin=1"/></net>

<net id="2650"><net_src comp="92" pin="0"/><net_sink comp="2645" pin=0"/></net>

<net id="2651"><net_src comp="2639" pin="2"/><net_sink comp="2645" pin=2"/></net>

<net id="2659"><net_src comp="94" pin="0"/><net_sink comp="2652" pin=0"/></net>

<net id="2660"><net_src comp="2624" pin="1"/><net_sink comp="2652" pin=1"/></net>

<net id="2661"><net_src comp="2645" pin="3"/><net_sink comp="2652" pin=2"/></net>

<net id="2662"><net_src comp="96" pin="0"/><net_sink comp="2652" pin=3"/></net>

<net id="2663"><net_src comp="68" pin="0"/><net_sink comp="2652" pin=4"/></net>

<net id="2667"><net_src comp="2652" pin="5"/><net_sink comp="2664" pin=0"/></net>

<net id="2673"><net_src comp="98" pin="0"/><net_sink comp="2668" pin=1"/></net>

<net id="2674"><net_src comp="2664" pin="1"/><net_sink comp="2668" pin=2"/></net>

<net id="2675"><net_src comp="2668" pin="3"/><net_sink comp="169" pin=2"/></net>

<net id="2684"><net_src comp="86" pin="0"/><net_sink comp="2679" pin=1"/></net>

<net id="2685"><net_src comp="88" pin="0"/><net_sink comp="2679" pin=2"/></net>

<net id="2690"><net_src comp="90" pin="0"/><net_sink comp="2686" pin=0"/></net>

<net id="2695"><net_src comp="2686" pin="2"/><net_sink comp="2691" pin=0"/></net>

<net id="2696"><net_src comp="2679" pin="3"/><net_sink comp="2691" pin=1"/></net>

<net id="2702"><net_src comp="92" pin="0"/><net_sink comp="2697" pin=0"/></net>

<net id="2703"><net_src comp="2691" pin="2"/><net_sink comp="2697" pin=2"/></net>

<net id="2711"><net_src comp="94" pin="0"/><net_sink comp="2704" pin=0"/></net>

<net id="2712"><net_src comp="2676" pin="1"/><net_sink comp="2704" pin=1"/></net>

<net id="2713"><net_src comp="2697" pin="3"/><net_sink comp="2704" pin=2"/></net>

<net id="2714"><net_src comp="96" pin="0"/><net_sink comp="2704" pin=3"/></net>

<net id="2715"><net_src comp="68" pin="0"/><net_sink comp="2704" pin=4"/></net>

<net id="2719"><net_src comp="2704" pin="5"/><net_sink comp="2716" pin=0"/></net>

<net id="2725"><net_src comp="98" pin="0"/><net_sink comp="2720" pin=1"/></net>

<net id="2726"><net_src comp="2716" pin="1"/><net_sink comp="2720" pin=2"/></net>

<net id="2727"><net_src comp="2720" pin="3"/><net_sink comp="176" pin=2"/></net>

<net id="2736"><net_src comp="86" pin="0"/><net_sink comp="2731" pin=1"/></net>

<net id="2737"><net_src comp="88" pin="0"/><net_sink comp="2731" pin=2"/></net>

<net id="2742"><net_src comp="90" pin="0"/><net_sink comp="2738" pin=0"/></net>

<net id="2747"><net_src comp="2738" pin="2"/><net_sink comp="2743" pin=0"/></net>

<net id="2748"><net_src comp="2731" pin="3"/><net_sink comp="2743" pin=1"/></net>

<net id="2754"><net_src comp="92" pin="0"/><net_sink comp="2749" pin=0"/></net>

<net id="2755"><net_src comp="2743" pin="2"/><net_sink comp="2749" pin=2"/></net>

<net id="2763"><net_src comp="94" pin="0"/><net_sink comp="2756" pin=0"/></net>

<net id="2764"><net_src comp="2728" pin="1"/><net_sink comp="2756" pin=1"/></net>

<net id="2765"><net_src comp="2749" pin="3"/><net_sink comp="2756" pin=2"/></net>

<net id="2766"><net_src comp="96" pin="0"/><net_sink comp="2756" pin=3"/></net>

<net id="2767"><net_src comp="68" pin="0"/><net_sink comp="2756" pin=4"/></net>

<net id="2771"><net_src comp="2756" pin="5"/><net_sink comp="2768" pin=0"/></net>

<net id="2777"><net_src comp="98" pin="0"/><net_sink comp="2772" pin=1"/></net>

<net id="2778"><net_src comp="2768" pin="1"/><net_sink comp="2772" pin=2"/></net>

<net id="2779"><net_src comp="2772" pin="3"/><net_sink comp="183" pin=2"/></net>

<net id="2788"><net_src comp="86" pin="0"/><net_sink comp="2783" pin=1"/></net>

<net id="2789"><net_src comp="88" pin="0"/><net_sink comp="2783" pin=2"/></net>

<net id="2794"><net_src comp="90" pin="0"/><net_sink comp="2790" pin=0"/></net>

<net id="2799"><net_src comp="2790" pin="2"/><net_sink comp="2795" pin=0"/></net>

<net id="2800"><net_src comp="2783" pin="3"/><net_sink comp="2795" pin=1"/></net>

<net id="2806"><net_src comp="92" pin="0"/><net_sink comp="2801" pin=0"/></net>

<net id="2807"><net_src comp="2795" pin="2"/><net_sink comp="2801" pin=2"/></net>

<net id="2815"><net_src comp="94" pin="0"/><net_sink comp="2808" pin=0"/></net>

<net id="2816"><net_src comp="2780" pin="1"/><net_sink comp="2808" pin=1"/></net>

<net id="2817"><net_src comp="2801" pin="3"/><net_sink comp="2808" pin=2"/></net>

<net id="2818"><net_src comp="96" pin="0"/><net_sink comp="2808" pin=3"/></net>

<net id="2819"><net_src comp="68" pin="0"/><net_sink comp="2808" pin=4"/></net>

<net id="2823"><net_src comp="2808" pin="5"/><net_sink comp="2820" pin=0"/></net>

<net id="2829"><net_src comp="98" pin="0"/><net_sink comp="2824" pin=1"/></net>

<net id="2830"><net_src comp="2820" pin="1"/><net_sink comp="2824" pin=2"/></net>

<net id="2831"><net_src comp="2824" pin="3"/><net_sink comp="190" pin=2"/></net>

<net id="2840"><net_src comp="86" pin="0"/><net_sink comp="2835" pin=1"/></net>

<net id="2841"><net_src comp="88" pin="0"/><net_sink comp="2835" pin=2"/></net>

<net id="2846"><net_src comp="90" pin="0"/><net_sink comp="2842" pin=0"/></net>

<net id="2851"><net_src comp="2842" pin="2"/><net_sink comp="2847" pin=0"/></net>

<net id="2852"><net_src comp="2835" pin="3"/><net_sink comp="2847" pin=1"/></net>

<net id="2858"><net_src comp="92" pin="0"/><net_sink comp="2853" pin=0"/></net>

<net id="2859"><net_src comp="2847" pin="2"/><net_sink comp="2853" pin=2"/></net>

<net id="2867"><net_src comp="94" pin="0"/><net_sink comp="2860" pin=0"/></net>

<net id="2868"><net_src comp="2832" pin="1"/><net_sink comp="2860" pin=1"/></net>

<net id="2869"><net_src comp="2853" pin="3"/><net_sink comp="2860" pin=2"/></net>

<net id="2870"><net_src comp="96" pin="0"/><net_sink comp="2860" pin=3"/></net>

<net id="2871"><net_src comp="68" pin="0"/><net_sink comp="2860" pin=4"/></net>

<net id="2875"><net_src comp="2860" pin="5"/><net_sink comp="2872" pin=0"/></net>

<net id="2881"><net_src comp="98" pin="0"/><net_sink comp="2876" pin=1"/></net>

<net id="2882"><net_src comp="2872" pin="1"/><net_sink comp="2876" pin=2"/></net>

<net id="2883"><net_src comp="2876" pin="3"/><net_sink comp="197" pin=2"/></net>

<net id="2892"><net_src comp="86" pin="0"/><net_sink comp="2887" pin=1"/></net>

<net id="2893"><net_src comp="88" pin="0"/><net_sink comp="2887" pin=2"/></net>

<net id="2898"><net_src comp="90" pin="0"/><net_sink comp="2894" pin=0"/></net>

<net id="2903"><net_src comp="2894" pin="2"/><net_sink comp="2899" pin=0"/></net>

<net id="2904"><net_src comp="2887" pin="3"/><net_sink comp="2899" pin=1"/></net>

<net id="2910"><net_src comp="92" pin="0"/><net_sink comp="2905" pin=0"/></net>

<net id="2911"><net_src comp="2899" pin="2"/><net_sink comp="2905" pin=2"/></net>

<net id="2919"><net_src comp="94" pin="0"/><net_sink comp="2912" pin=0"/></net>

<net id="2920"><net_src comp="2884" pin="1"/><net_sink comp="2912" pin=1"/></net>

<net id="2921"><net_src comp="2905" pin="3"/><net_sink comp="2912" pin=2"/></net>

<net id="2922"><net_src comp="96" pin="0"/><net_sink comp="2912" pin=3"/></net>

<net id="2923"><net_src comp="68" pin="0"/><net_sink comp="2912" pin=4"/></net>

<net id="2927"><net_src comp="2912" pin="5"/><net_sink comp="2924" pin=0"/></net>

<net id="2933"><net_src comp="98" pin="0"/><net_sink comp="2928" pin=1"/></net>

<net id="2934"><net_src comp="2924" pin="1"/><net_sink comp="2928" pin=2"/></net>

<net id="2935"><net_src comp="2928" pin="3"/><net_sink comp="204" pin=2"/></net>

<net id="2944"><net_src comp="86" pin="0"/><net_sink comp="2939" pin=1"/></net>

<net id="2945"><net_src comp="88" pin="0"/><net_sink comp="2939" pin=2"/></net>

<net id="2950"><net_src comp="90" pin="0"/><net_sink comp="2946" pin=0"/></net>

<net id="2955"><net_src comp="2946" pin="2"/><net_sink comp="2951" pin=0"/></net>

<net id="2956"><net_src comp="2939" pin="3"/><net_sink comp="2951" pin=1"/></net>

<net id="2962"><net_src comp="92" pin="0"/><net_sink comp="2957" pin=0"/></net>

<net id="2963"><net_src comp="2951" pin="2"/><net_sink comp="2957" pin=2"/></net>

<net id="2971"><net_src comp="94" pin="0"/><net_sink comp="2964" pin=0"/></net>

<net id="2972"><net_src comp="2936" pin="1"/><net_sink comp="2964" pin=1"/></net>

<net id="2973"><net_src comp="2957" pin="3"/><net_sink comp="2964" pin=2"/></net>

<net id="2974"><net_src comp="96" pin="0"/><net_sink comp="2964" pin=3"/></net>

<net id="2975"><net_src comp="68" pin="0"/><net_sink comp="2964" pin=4"/></net>

<net id="2979"><net_src comp="2964" pin="5"/><net_sink comp="2976" pin=0"/></net>

<net id="2985"><net_src comp="98" pin="0"/><net_sink comp="2980" pin=1"/></net>

<net id="2986"><net_src comp="2976" pin="1"/><net_sink comp="2980" pin=2"/></net>

<net id="2987"><net_src comp="2980" pin="3"/><net_sink comp="211" pin=2"/></net>

<net id="2996"><net_src comp="86" pin="0"/><net_sink comp="2991" pin=1"/></net>

<net id="2997"><net_src comp="88" pin="0"/><net_sink comp="2991" pin=2"/></net>

<net id="3002"><net_src comp="90" pin="0"/><net_sink comp="2998" pin=0"/></net>

<net id="3007"><net_src comp="2998" pin="2"/><net_sink comp="3003" pin=0"/></net>

<net id="3008"><net_src comp="2991" pin="3"/><net_sink comp="3003" pin=1"/></net>

<net id="3014"><net_src comp="92" pin="0"/><net_sink comp="3009" pin=0"/></net>

<net id="3015"><net_src comp="3003" pin="2"/><net_sink comp="3009" pin=2"/></net>

<net id="3023"><net_src comp="94" pin="0"/><net_sink comp="3016" pin=0"/></net>

<net id="3024"><net_src comp="2988" pin="1"/><net_sink comp="3016" pin=1"/></net>

<net id="3025"><net_src comp="3009" pin="3"/><net_sink comp="3016" pin=2"/></net>

<net id="3026"><net_src comp="96" pin="0"/><net_sink comp="3016" pin=3"/></net>

<net id="3027"><net_src comp="68" pin="0"/><net_sink comp="3016" pin=4"/></net>

<net id="3031"><net_src comp="3016" pin="5"/><net_sink comp="3028" pin=0"/></net>

<net id="3037"><net_src comp="98" pin="0"/><net_sink comp="3032" pin=1"/></net>

<net id="3038"><net_src comp="3028" pin="1"/><net_sink comp="3032" pin=2"/></net>

<net id="3039"><net_src comp="3032" pin="3"/><net_sink comp="218" pin=2"/></net>

<net id="3048"><net_src comp="86" pin="0"/><net_sink comp="3043" pin=1"/></net>

<net id="3049"><net_src comp="88" pin="0"/><net_sink comp="3043" pin=2"/></net>

<net id="3054"><net_src comp="90" pin="0"/><net_sink comp="3050" pin=0"/></net>

<net id="3059"><net_src comp="3050" pin="2"/><net_sink comp="3055" pin=0"/></net>

<net id="3060"><net_src comp="3043" pin="3"/><net_sink comp="3055" pin=1"/></net>

<net id="3066"><net_src comp="92" pin="0"/><net_sink comp="3061" pin=0"/></net>

<net id="3067"><net_src comp="3055" pin="2"/><net_sink comp="3061" pin=2"/></net>

<net id="3075"><net_src comp="94" pin="0"/><net_sink comp="3068" pin=0"/></net>

<net id="3076"><net_src comp="3040" pin="1"/><net_sink comp="3068" pin=1"/></net>

<net id="3077"><net_src comp="3061" pin="3"/><net_sink comp="3068" pin=2"/></net>

<net id="3078"><net_src comp="96" pin="0"/><net_sink comp="3068" pin=3"/></net>

<net id="3079"><net_src comp="68" pin="0"/><net_sink comp="3068" pin=4"/></net>

<net id="3083"><net_src comp="3068" pin="5"/><net_sink comp="3080" pin=0"/></net>

<net id="3089"><net_src comp="98" pin="0"/><net_sink comp="3084" pin=1"/></net>

<net id="3090"><net_src comp="3080" pin="1"/><net_sink comp="3084" pin=2"/></net>

<net id="3091"><net_src comp="3084" pin="3"/><net_sink comp="225" pin=2"/></net>

<net id="3095"><net_src comp="232" pin="2"/><net_sink comp="3092" pin=0"/></net>

<net id="3096"><net_src comp="3092" pin="1"/><net_sink comp="2616" pin=0"/></net>

<net id="3100"><net_src comp="238" pin="3"/><net_sink comp="3097" pin=0"/></net>

<net id="3101"><net_src comp="3097" pin="1"/><net_sink comp="2593" pin=1"/></net>

<net id="3105"><net_src comp="252" pin="3"/><net_sink comp="3102" pin=0"/></net>

<net id="3106"><net_src comp="3102" pin="1"/><net_sink comp="988" pin=0"/></net>

<net id="3107"><net_src comp="3102" pin="1"/><net_sink comp="1024" pin=1"/></net>

<net id="3108"><net_src comp="3102" pin="1"/><net_sink comp="1051" pin=0"/></net>

<net id="3112"><net_src comp="286" pin="2"/><net_sink comp="3109" pin=0"/></net>

<net id="3113"><net_src comp="3109" pin="1"/><net_sink comp="952" pin=1"/></net>

<net id="3114"><net_src comp="3109" pin="1"/><net_sink comp="1060" pin=1"/></net>

<net id="3115"><net_src comp="3109" pin="1"/><net_sink comp="1071" pin=1"/></net>

<net id="3119"><net_src comp="292" pin="1"/><net_sink comp="3116" pin=0"/></net>

<net id="3120"><net_src comp="3116" pin="1"/><net_sink comp="1019" pin=1"/></net>

<net id="3124"><net_src comp="296" pin="1"/><net_sink comp="3121" pin=0"/></net>

<net id="3125"><net_src comp="3121" pin="1"/><net_sink comp="973" pin=1"/></net>

<net id="3129"><net_src comp="300" pin="1"/><net_sink comp="3126" pin=0"/></net>

<net id="3130"><net_src comp="3126" pin="1"/><net_sink comp="2582" pin=1"/></net>

<net id="3134"><net_src comp="304" pin="2"/><net_sink comp="3131" pin=0"/></net>

<net id="3135"><net_src comp="3131" pin="1"/><net_sink comp="2668" pin=0"/></net>

<net id="3139"><net_src comp="310" pin="3"/><net_sink comp="3136" pin=0"/></net>

<net id="3140"><net_src comp="3136" pin="1"/><net_sink comp="2645" pin=1"/></net>

<net id="3144"><net_src comp="324" pin="3"/><net_sink comp="3141" pin=0"/></net>

<net id="3145"><net_src comp="3141" pin="1"/><net_sink comp="1150" pin=0"/></net>

<net id="3146"><net_src comp="3141" pin="1"/><net_sink comp="1186" pin=1"/></net>

<net id="3147"><net_src comp="3141" pin="1"/><net_sink comp="1213" pin=0"/></net>

<net id="3151"><net_src comp="358" pin="2"/><net_sink comp="3148" pin=0"/></net>

<net id="3152"><net_src comp="3148" pin="1"/><net_sink comp="1114" pin=1"/></net>

<net id="3153"><net_src comp="3148" pin="1"/><net_sink comp="1222" pin=1"/></net>

<net id="3154"><net_src comp="3148" pin="1"/><net_sink comp="1233" pin=1"/></net>

<net id="3158"><net_src comp="364" pin="1"/><net_sink comp="3155" pin=0"/></net>

<net id="3159"><net_src comp="3155" pin="1"/><net_sink comp="1181" pin=1"/></net>

<net id="3163"><net_src comp="368" pin="1"/><net_sink comp="3160" pin=0"/></net>

<net id="3164"><net_src comp="3160" pin="1"/><net_sink comp="1135" pin=1"/></net>

<net id="3168"><net_src comp="372" pin="1"/><net_sink comp="3165" pin=0"/></net>

<net id="3169"><net_src comp="3165" pin="1"/><net_sink comp="2634" pin=1"/></net>

<net id="3173"><net_src comp="376" pin="2"/><net_sink comp="3170" pin=0"/></net>

<net id="3174"><net_src comp="3170" pin="1"/><net_sink comp="2720" pin=0"/></net>

<net id="3178"><net_src comp="382" pin="3"/><net_sink comp="3175" pin=0"/></net>

<net id="3179"><net_src comp="3175" pin="1"/><net_sink comp="2697" pin=1"/></net>

<net id="3183"><net_src comp="396" pin="3"/><net_sink comp="3180" pin=0"/></net>

<net id="3184"><net_src comp="3180" pin="1"/><net_sink comp="1312" pin=0"/></net>

<net id="3185"><net_src comp="3180" pin="1"/><net_sink comp="1348" pin=1"/></net>

<net id="3186"><net_src comp="3180" pin="1"/><net_sink comp="1375" pin=0"/></net>

<net id="3190"><net_src comp="430" pin="2"/><net_sink comp="3187" pin=0"/></net>

<net id="3191"><net_src comp="3187" pin="1"/><net_sink comp="1276" pin=1"/></net>

<net id="3192"><net_src comp="3187" pin="1"/><net_sink comp="1384" pin=1"/></net>

<net id="3193"><net_src comp="3187" pin="1"/><net_sink comp="1395" pin=1"/></net>

<net id="3197"><net_src comp="436" pin="1"/><net_sink comp="3194" pin=0"/></net>

<net id="3198"><net_src comp="3194" pin="1"/><net_sink comp="1343" pin=1"/></net>

<net id="3202"><net_src comp="440" pin="1"/><net_sink comp="3199" pin=0"/></net>

<net id="3203"><net_src comp="3199" pin="1"/><net_sink comp="1297" pin=1"/></net>

<net id="3207"><net_src comp="444" pin="1"/><net_sink comp="3204" pin=0"/></net>

<net id="3208"><net_src comp="3204" pin="1"/><net_sink comp="2686" pin=1"/></net>

<net id="3212"><net_src comp="448" pin="2"/><net_sink comp="3209" pin=0"/></net>

<net id="3213"><net_src comp="3209" pin="1"/><net_sink comp="2772" pin=0"/></net>

<net id="3217"><net_src comp="454" pin="3"/><net_sink comp="3214" pin=0"/></net>

<net id="3218"><net_src comp="3214" pin="1"/><net_sink comp="2749" pin=1"/></net>

<net id="3222"><net_src comp="468" pin="3"/><net_sink comp="3219" pin=0"/></net>

<net id="3223"><net_src comp="3219" pin="1"/><net_sink comp="1474" pin=0"/></net>

<net id="3224"><net_src comp="3219" pin="1"/><net_sink comp="1510" pin=1"/></net>

<net id="3225"><net_src comp="3219" pin="1"/><net_sink comp="1537" pin=0"/></net>

<net id="3229"><net_src comp="502" pin="2"/><net_sink comp="3226" pin=0"/></net>

<net id="3230"><net_src comp="3226" pin="1"/><net_sink comp="1438" pin=1"/></net>

<net id="3231"><net_src comp="3226" pin="1"/><net_sink comp="1546" pin=1"/></net>

<net id="3232"><net_src comp="3226" pin="1"/><net_sink comp="1557" pin=1"/></net>

<net id="3236"><net_src comp="508" pin="1"/><net_sink comp="3233" pin=0"/></net>

<net id="3237"><net_src comp="3233" pin="1"/><net_sink comp="1505" pin=1"/></net>

<net id="3241"><net_src comp="512" pin="1"/><net_sink comp="3238" pin=0"/></net>

<net id="3242"><net_src comp="3238" pin="1"/><net_sink comp="1459" pin=1"/></net>

<net id="3246"><net_src comp="516" pin="1"/><net_sink comp="3243" pin=0"/></net>

<net id="3247"><net_src comp="3243" pin="1"/><net_sink comp="2738" pin=1"/></net>

<net id="3251"><net_src comp="520" pin="2"/><net_sink comp="3248" pin=0"/></net>

<net id="3252"><net_src comp="3248" pin="1"/><net_sink comp="2824" pin=0"/></net>

<net id="3256"><net_src comp="526" pin="3"/><net_sink comp="3253" pin=0"/></net>

<net id="3257"><net_src comp="3253" pin="1"/><net_sink comp="2801" pin=1"/></net>

<net id="3261"><net_src comp="540" pin="3"/><net_sink comp="3258" pin=0"/></net>

<net id="3262"><net_src comp="3258" pin="1"/><net_sink comp="1636" pin=0"/></net>

<net id="3263"><net_src comp="3258" pin="1"/><net_sink comp="1672" pin=1"/></net>

<net id="3264"><net_src comp="3258" pin="1"/><net_sink comp="1699" pin=0"/></net>

<net id="3268"><net_src comp="574" pin="2"/><net_sink comp="3265" pin=0"/></net>

<net id="3269"><net_src comp="3265" pin="1"/><net_sink comp="1600" pin=1"/></net>

<net id="3270"><net_src comp="3265" pin="1"/><net_sink comp="1708" pin=1"/></net>

<net id="3271"><net_src comp="3265" pin="1"/><net_sink comp="1719" pin=1"/></net>

<net id="3275"><net_src comp="580" pin="1"/><net_sink comp="3272" pin=0"/></net>

<net id="3276"><net_src comp="3272" pin="1"/><net_sink comp="1667" pin=1"/></net>

<net id="3280"><net_src comp="584" pin="1"/><net_sink comp="3277" pin=0"/></net>

<net id="3281"><net_src comp="3277" pin="1"/><net_sink comp="1621" pin=1"/></net>

<net id="3285"><net_src comp="588" pin="1"/><net_sink comp="3282" pin=0"/></net>

<net id="3286"><net_src comp="3282" pin="1"/><net_sink comp="2790" pin=1"/></net>

<net id="3290"><net_src comp="592" pin="2"/><net_sink comp="3287" pin=0"/></net>

<net id="3291"><net_src comp="3287" pin="1"/><net_sink comp="2876" pin=0"/></net>

<net id="3295"><net_src comp="598" pin="3"/><net_sink comp="3292" pin=0"/></net>

<net id="3296"><net_src comp="3292" pin="1"/><net_sink comp="2853" pin=1"/></net>

<net id="3300"><net_src comp="612" pin="3"/><net_sink comp="3297" pin=0"/></net>

<net id="3301"><net_src comp="3297" pin="1"/><net_sink comp="1798" pin=0"/></net>

<net id="3302"><net_src comp="3297" pin="1"/><net_sink comp="1834" pin=1"/></net>

<net id="3303"><net_src comp="3297" pin="1"/><net_sink comp="1861" pin=0"/></net>

<net id="3307"><net_src comp="646" pin="2"/><net_sink comp="3304" pin=0"/></net>

<net id="3308"><net_src comp="3304" pin="1"/><net_sink comp="1762" pin=1"/></net>

<net id="3309"><net_src comp="3304" pin="1"/><net_sink comp="1870" pin=1"/></net>

<net id="3310"><net_src comp="3304" pin="1"/><net_sink comp="1881" pin=1"/></net>

<net id="3314"><net_src comp="652" pin="1"/><net_sink comp="3311" pin=0"/></net>

<net id="3315"><net_src comp="3311" pin="1"/><net_sink comp="1829" pin=1"/></net>

<net id="3319"><net_src comp="656" pin="1"/><net_sink comp="3316" pin=0"/></net>

<net id="3320"><net_src comp="3316" pin="1"/><net_sink comp="1783" pin=1"/></net>

<net id="3324"><net_src comp="660" pin="1"/><net_sink comp="3321" pin=0"/></net>

<net id="3325"><net_src comp="3321" pin="1"/><net_sink comp="2842" pin=1"/></net>

<net id="3329"><net_src comp="664" pin="2"/><net_sink comp="3326" pin=0"/></net>

<net id="3330"><net_src comp="3326" pin="1"/><net_sink comp="2928" pin=0"/></net>

<net id="3334"><net_src comp="670" pin="3"/><net_sink comp="3331" pin=0"/></net>

<net id="3335"><net_src comp="3331" pin="1"/><net_sink comp="2905" pin=1"/></net>

<net id="3339"><net_src comp="684" pin="3"/><net_sink comp="3336" pin=0"/></net>

<net id="3340"><net_src comp="3336" pin="1"/><net_sink comp="1960" pin=0"/></net>

<net id="3341"><net_src comp="3336" pin="1"/><net_sink comp="1996" pin=1"/></net>

<net id="3342"><net_src comp="3336" pin="1"/><net_sink comp="2023" pin=0"/></net>

<net id="3346"><net_src comp="718" pin="2"/><net_sink comp="3343" pin=0"/></net>

<net id="3347"><net_src comp="3343" pin="1"/><net_sink comp="1924" pin=1"/></net>

<net id="3348"><net_src comp="3343" pin="1"/><net_sink comp="2032" pin=1"/></net>

<net id="3349"><net_src comp="3343" pin="1"/><net_sink comp="2043" pin=1"/></net>

<net id="3353"><net_src comp="724" pin="1"/><net_sink comp="3350" pin=0"/></net>

<net id="3354"><net_src comp="3350" pin="1"/><net_sink comp="1991" pin=1"/></net>

<net id="3358"><net_src comp="728" pin="1"/><net_sink comp="3355" pin=0"/></net>

<net id="3359"><net_src comp="3355" pin="1"/><net_sink comp="1945" pin=1"/></net>

<net id="3363"><net_src comp="732" pin="1"/><net_sink comp="3360" pin=0"/></net>

<net id="3364"><net_src comp="3360" pin="1"/><net_sink comp="2894" pin=1"/></net>

<net id="3368"><net_src comp="736" pin="2"/><net_sink comp="3365" pin=0"/></net>

<net id="3369"><net_src comp="3365" pin="1"/><net_sink comp="2980" pin=0"/></net>

<net id="3373"><net_src comp="742" pin="3"/><net_sink comp="3370" pin=0"/></net>

<net id="3374"><net_src comp="3370" pin="1"/><net_sink comp="2957" pin=1"/></net>

<net id="3378"><net_src comp="756" pin="3"/><net_sink comp="3375" pin=0"/></net>

<net id="3379"><net_src comp="3375" pin="1"/><net_sink comp="2122" pin=0"/></net>

<net id="3380"><net_src comp="3375" pin="1"/><net_sink comp="2158" pin=1"/></net>

<net id="3381"><net_src comp="3375" pin="1"/><net_sink comp="2185" pin=0"/></net>

<net id="3385"><net_src comp="790" pin="2"/><net_sink comp="3382" pin=0"/></net>

<net id="3386"><net_src comp="3382" pin="1"/><net_sink comp="2086" pin=1"/></net>

<net id="3387"><net_src comp="3382" pin="1"/><net_sink comp="2194" pin=1"/></net>

<net id="3388"><net_src comp="3382" pin="1"/><net_sink comp="2205" pin=1"/></net>

<net id="3392"><net_src comp="796" pin="1"/><net_sink comp="3389" pin=0"/></net>

<net id="3393"><net_src comp="3389" pin="1"/><net_sink comp="2153" pin=1"/></net>

<net id="3397"><net_src comp="800" pin="1"/><net_sink comp="3394" pin=0"/></net>

<net id="3398"><net_src comp="3394" pin="1"/><net_sink comp="2107" pin=1"/></net>

<net id="3402"><net_src comp="804" pin="1"/><net_sink comp="3399" pin=0"/></net>

<net id="3403"><net_src comp="3399" pin="1"/><net_sink comp="2946" pin=1"/></net>

<net id="3407"><net_src comp="808" pin="2"/><net_sink comp="3404" pin=0"/></net>

<net id="3408"><net_src comp="3404" pin="1"/><net_sink comp="3032" pin=0"/></net>

<net id="3412"><net_src comp="814" pin="3"/><net_sink comp="3409" pin=0"/></net>

<net id="3413"><net_src comp="3409" pin="1"/><net_sink comp="3009" pin=1"/></net>

<net id="3417"><net_src comp="828" pin="3"/><net_sink comp="3414" pin=0"/></net>

<net id="3418"><net_src comp="3414" pin="1"/><net_sink comp="2284" pin=0"/></net>

<net id="3419"><net_src comp="3414" pin="1"/><net_sink comp="2320" pin=1"/></net>

<net id="3420"><net_src comp="3414" pin="1"/><net_sink comp="2347" pin=0"/></net>

<net id="3424"><net_src comp="862" pin="2"/><net_sink comp="3421" pin=0"/></net>

<net id="3425"><net_src comp="3421" pin="1"/><net_sink comp="2248" pin=1"/></net>

<net id="3426"><net_src comp="3421" pin="1"/><net_sink comp="2356" pin=1"/></net>

<net id="3427"><net_src comp="3421" pin="1"/><net_sink comp="2367" pin=1"/></net>

<net id="3431"><net_src comp="868" pin="1"/><net_sink comp="3428" pin=0"/></net>

<net id="3432"><net_src comp="3428" pin="1"/><net_sink comp="2315" pin=1"/></net>

<net id="3436"><net_src comp="872" pin="1"/><net_sink comp="3433" pin=0"/></net>

<net id="3437"><net_src comp="3433" pin="1"/><net_sink comp="2269" pin=1"/></net>

<net id="3441"><net_src comp="876" pin="1"/><net_sink comp="3438" pin=0"/></net>

<net id="3442"><net_src comp="3438" pin="1"/><net_sink comp="2998" pin=1"/></net>

<net id="3446"><net_src comp="880" pin="2"/><net_sink comp="3443" pin=0"/></net>

<net id="3447"><net_src comp="3443" pin="1"/><net_sink comp="3084" pin=0"/></net>

<net id="3451"><net_src comp="886" pin="3"/><net_sink comp="3448" pin=0"/></net>

<net id="3452"><net_src comp="3448" pin="1"/><net_sink comp="3061" pin=1"/></net>

<net id="3456"><net_src comp="900" pin="3"/><net_sink comp="3453" pin=0"/></net>

<net id="3457"><net_src comp="3453" pin="1"/><net_sink comp="2446" pin=0"/></net>

<net id="3458"><net_src comp="3453" pin="1"/><net_sink comp="2482" pin=1"/></net>

<net id="3459"><net_src comp="3453" pin="1"/><net_sink comp="2509" pin=0"/></net>

<net id="3463"><net_src comp="934" pin="2"/><net_sink comp="3460" pin=0"/></net>

<net id="3464"><net_src comp="3460" pin="1"/><net_sink comp="2410" pin=1"/></net>

<net id="3465"><net_src comp="3460" pin="1"/><net_sink comp="2518" pin=1"/></net>

<net id="3466"><net_src comp="3460" pin="1"/><net_sink comp="2529" pin=1"/></net>

<net id="3470"><net_src comp="940" pin="1"/><net_sink comp="3467" pin=0"/></net>

<net id="3471"><net_src comp="3467" pin="1"/><net_sink comp="2477" pin=1"/></net>

<net id="3475"><net_src comp="944" pin="1"/><net_sink comp="3472" pin=0"/></net>

<net id="3476"><net_src comp="3472" pin="1"/><net_sink comp="2431" pin=1"/></net>

<net id="3480"><net_src comp="948" pin="1"/><net_sink comp="3477" pin=0"/></net>

<net id="3481"><net_src comp="3477" pin="1"/><net_sink comp="3050" pin=1"/></net>

<net id="3485"><net_src comp="1096" pin="4"/><net_sink comp="3482" pin=0"/></net>

<net id="3486"><net_src comp="3482" pin="1"/><net_sink comp="2572" pin=0"/></net>

<net id="3490"><net_src comp="1106" pin="3"/><net_sink comp="3487" pin=0"/></net>

<net id="3491"><net_src comp="3487" pin="1"/><net_sink comp="2575" pin=0"/></net>

<net id="3495"><net_src comp="1258" pin="4"/><net_sink comp="3492" pin=0"/></net>

<net id="3496"><net_src comp="3492" pin="1"/><net_sink comp="2624" pin=0"/></net>

<net id="3500"><net_src comp="1268" pin="3"/><net_sink comp="3497" pin=0"/></net>

<net id="3501"><net_src comp="3497" pin="1"/><net_sink comp="2627" pin=0"/></net>

<net id="3505"><net_src comp="1420" pin="4"/><net_sink comp="3502" pin=0"/></net>

<net id="3506"><net_src comp="3502" pin="1"/><net_sink comp="2676" pin=0"/></net>

<net id="3510"><net_src comp="1430" pin="3"/><net_sink comp="3507" pin=0"/></net>

<net id="3511"><net_src comp="3507" pin="1"/><net_sink comp="2679" pin=0"/></net>

<net id="3515"><net_src comp="1582" pin="4"/><net_sink comp="3512" pin=0"/></net>

<net id="3516"><net_src comp="3512" pin="1"/><net_sink comp="2728" pin=0"/></net>

<net id="3520"><net_src comp="1592" pin="3"/><net_sink comp="3517" pin=0"/></net>

<net id="3521"><net_src comp="3517" pin="1"/><net_sink comp="2731" pin=0"/></net>

<net id="3525"><net_src comp="1744" pin="4"/><net_sink comp="3522" pin=0"/></net>

<net id="3526"><net_src comp="3522" pin="1"/><net_sink comp="2780" pin=0"/></net>

<net id="3530"><net_src comp="1754" pin="3"/><net_sink comp="3527" pin=0"/></net>

<net id="3531"><net_src comp="3527" pin="1"/><net_sink comp="2783" pin=0"/></net>

<net id="3535"><net_src comp="1906" pin="4"/><net_sink comp="3532" pin=0"/></net>

<net id="3536"><net_src comp="3532" pin="1"/><net_sink comp="2832" pin=0"/></net>

<net id="3540"><net_src comp="1916" pin="3"/><net_sink comp="3537" pin=0"/></net>

<net id="3541"><net_src comp="3537" pin="1"/><net_sink comp="2835" pin=0"/></net>

<net id="3545"><net_src comp="2068" pin="4"/><net_sink comp="3542" pin=0"/></net>

<net id="3546"><net_src comp="3542" pin="1"/><net_sink comp="2884" pin=0"/></net>

<net id="3550"><net_src comp="2078" pin="3"/><net_sink comp="3547" pin=0"/></net>

<net id="3551"><net_src comp="3547" pin="1"/><net_sink comp="2887" pin=0"/></net>

<net id="3555"><net_src comp="2230" pin="4"/><net_sink comp="3552" pin=0"/></net>

<net id="3556"><net_src comp="3552" pin="1"/><net_sink comp="2936" pin=0"/></net>

<net id="3560"><net_src comp="2240" pin="3"/><net_sink comp="3557" pin=0"/></net>

<net id="3561"><net_src comp="3557" pin="1"/><net_sink comp="2939" pin=0"/></net>

<net id="3565"><net_src comp="2392" pin="4"/><net_sink comp="3562" pin=0"/></net>

<net id="3566"><net_src comp="3562" pin="1"/><net_sink comp="2988" pin=0"/></net>

<net id="3570"><net_src comp="2402" pin="3"/><net_sink comp="3567" pin=0"/></net>

<net id="3571"><net_src comp="3567" pin="1"/><net_sink comp="2991" pin=0"/></net>

<net id="3575"><net_src comp="2554" pin="4"/><net_sink comp="3572" pin=0"/></net>

<net id="3576"><net_src comp="3572" pin="1"/><net_sink comp="3040" pin=0"/></net>

<net id="3580"><net_src comp="2564" pin="3"/><net_sink comp="3577" pin=0"/></net>

<net id="3581"><net_src comp="3577" pin="1"/><net_sink comp="3043" pin=0"/></net>

</net_list>

</model> 
---------------- Datapath Model END ------------------

* FSMD analyzer results:
  - Output states:
	Port: ress_0 | {3 }
	Port: ress_1 | {3 }
	Port: ress_2 | {3 }
	Port: ress_3 | {3 }
	Port: ress_4 | {3 }
	Port: ress_5 | {3 }
	Port: ress_6 | {3 }
	Port: ress_7 | {3 }
	Port: ress_8 | {3 }
	Port: ress_9 | {3 }
 - Input state : 
	Port: lstm_infer_Block_.pr : p_read | {1 }
	Port: lstm_infer_Block_.pr : ress_0 | {}
	Port: lstm_infer_Block_.pr : p_read1 | {1 }
	Port: lstm_infer_Block_.pr : ress_1 | {}
	Port: lstm_infer_Block_.pr : p_read2 | {1 }
	Port: lstm_infer_Block_.pr : ress_2 | {}
	Port: lstm_infer_Block_.pr : p_read3 | {1 }
	Port: lstm_infer_Block_.pr : ress_3 | {}
	Port: lstm_infer_Block_.pr : p_read4 | {1 }
	Port: lstm_infer_Block_.pr : ress_4 | {}
	Port: lstm_infer_Block_.pr : p_read5 | {1 }
	Port: lstm_infer_Block_.pr : ress_5 | {}
	Port: lstm_infer_Block_.pr : p_read6 | {1 }
	Port: lstm_infer_Block_.pr : ress_6 | {}
	Port: lstm_infer_Block_.pr : p_read7 | {1 }
	Port: lstm_infer_Block_.pr : ress_7 | {}
	Port: lstm_infer_Block_.pr : p_read8 | {1 }
	Port: lstm_infer_Block_.pr : ress_8 | {}
	Port: lstm_infer_Block_.pr : p_read9 | {1 }
	Port: lstm_infer_Block_.pr : ress_9 | {}
  - Chain level:
	State 1
		p_Val2_1_i : 1
		p_Result_17_i : 2
		p_Result_27_i : 3
		l_i : 4
		tmp_741_i : 5
		tmp_129 : 6
		tmp_131 : 6
		tmp_138 : 5
		p_Val2_1_i_54 : 1
		p_Result_17_1_i : 2
		p_Result_27_1_i : 3
		l_1_i : 4
		tmp_74_1_i : 5
		tmp_140 : 6
		tmp_142 : 6
		tmp_149 : 5
		p_Val2_2_i : 1
		p_Result_17_2_i : 2
		p_Result_27_2_i : 3
		l_2_i : 4
		tmp_74_2_i : 5
		tmp_151 : 6
		tmp_153 : 6
		tmp_160 : 5
		p_Val2_3_i : 1
		p_Result_17_3_i : 2
		p_Result_27_3_i : 3
		l_3_i : 4
		tmp_74_3_i : 5
		tmp_162 : 6
		tmp_164 : 6
		tmp_171 : 5
		p_Val2_4_i : 1
		p_Result_17_4_i : 2
		p_Result_27_4_i : 3
		l_4_i : 4
		tmp_74_4_i : 5
		tmp_173 : 6
		tmp_175 : 6
		tmp_182 : 5
		p_Val2_5_i : 1
		p_Result_17_5_i : 2
		p_Result_27_5_i : 3
		l_5_i : 4
		tmp_74_5_i : 5
		tmp_184 : 6
		tmp_186 : 6
		tmp_193 : 5
		p_Val2_6_i : 1
		p_Result_17_6_i : 2
		p_Result_27_6_i : 3
		l_6_i : 4
		tmp_74_6_i : 5
		tmp_195 : 6
		tmp_197 : 6
		tmp_204 : 5
		p_Val2_7_i : 1
		p_Result_17_7_i : 2
		p_Result_27_7_i : 3
		l_7_i : 4
		tmp_74_7_i : 5
		tmp_206 : 6
		tmp_208 : 6
		tmp_215 : 5
		p_Val2_8_i : 1
		p_Result_17_8_i : 2
		p_Result_27_8_i : 3
		l_8_i : 4
		tmp_74_8_i : 5
		tmp_217 : 6
		tmp_219 : 6
		tmp_226 : 5
		p_Val2_9_i : 1
		p_Result_17_9_i : 2
		p_Result_27_9_i : 3
		l_9_i : 4
		tmp_74_9_i : 5
		tmp_228 : 6
		tmp_230 : 6
		tmp_237 : 5
	State 2
		tmp_130 : 1
		icmp : 2
		tmp_133 : 1
		tmp_134 : 2
		tmp_135 : 3
		tmp_77_i : 3
		a_i : 4
		tmp_136 : 1
		rev : 2
		p_Result_20_i : 1
		tmp_81_i : 2
		tmp_83_i : 4
		tmp_831_i : 4
		tmp_841_i : 1
		tmp_861_i : 1
		tmp_88_i : 1
		m_1_i : 2
		m_2_i : 5
		m_6_i : 6
		tmp_137 : 6
		tmp_141 : 1
		icmp1 : 2
		tmp_144 : 1
		tmp_145 : 2
		tmp_146 : 3
		tmp_77_1_i : 3
		a_1_i : 4
		tmp_147 : 1
		rev1 : 2
		p_Result_20_1_i : 1
		tmp_81_1_i : 2
		tmp_96_i : 4
		tmp_83_1_i : 4
		tmp_84_1_i : 1
		tmp_86_1_i : 1
		tmp_88_1_i : 1
		m_1_1_i : 2
		m_2_1_i : 5
		m_6_1_i : 6
		tmp_148 : 6
		tmp_152 : 1
		icmp2 : 2
		tmp_155 : 1
		tmp_156 : 2
		tmp_157 : 3
		tmp_77_2_i : 3
		a_2_i : 4
		tmp_158 : 1
		rev2 : 2
		p_Result_20_2_i : 1
		tmp_81_2_i : 2
		tmp_104_i : 4
		tmp_83_2_i : 4
		tmp_84_2_i : 1
		tmp_86_2_i : 1
		tmp_88_2_i : 1
		m_1_2_i : 2
		m_2_2_i : 5
		m_6_2_i : 6
		tmp_159 : 6
		tmp_163 : 1
		icmp3 : 2
		tmp_166 : 1
		tmp_167 : 2
		tmp_168 : 3
		tmp_77_3_i : 3
		a_3_i : 4
		tmp_169 : 1
		rev3 : 2
		p_Result_20_3_i : 1
		tmp_81_3_i : 2
		tmp_112_i : 4
		tmp_83_3_i : 4
		tmp_84_3_i : 1
		tmp_86_3_i : 1
		tmp_88_3_i : 1
		m_1_3_i : 2
		m_2_3_i : 5
		m_6_3_i : 6
		tmp_170 : 6
		tmp_174 : 1
		icmp4 : 2
		tmp_177 : 1
		tmp_178 : 2
		tmp_179 : 3
		tmp_77_4_i : 3
		a_4_i : 4
		tmp_180 : 1
		rev4 : 2
		p_Result_20_4_i : 1
		tmp_81_4_i : 2
		tmp_120_i : 4
		tmp_83_4_i : 4
		tmp_84_4_i : 1
		tmp_86_4_i : 1
		tmp_88_4_i : 1
		m_1_4_i : 2
		m_2_4_i : 5
		m_6_4_i : 6
		tmp_181 : 6
		tmp_185 : 1
		icmp5 : 2
		tmp_188 : 1
		tmp_189 : 2
		tmp_190 : 3
		tmp_77_5_i : 3
		a_5_i : 4
		tmp_191 : 1
		rev5 : 2
		p_Result_20_5_i : 1
		tmp_81_5_i : 2
		tmp_128_i : 4
		tmp_83_5_i : 4
		tmp_84_5_i : 1
		tmp_86_5_i : 1
		tmp_88_5_i : 1
		m_1_5_i : 2
		m_2_5_i : 5
		m_6_5_i : 6
		tmp_192 : 6
		tmp_196 : 1
		icmp6 : 2
		tmp_199 : 1
		tmp_200 : 2
		tmp_201 : 3
		tmp_77_6_i : 3
		a_6_i : 4
		tmp_202 : 1
		rev6 : 2
		p_Result_20_6_i : 1
		tmp_81_6_i : 2
		tmp_136_i : 4
		tmp_83_6_i : 4
		tmp_84_6_i : 1
		tmp_86_6_i : 1
		tmp_88_6_i : 1
		m_1_6_i : 2
		m_2_6_i : 5
		m_6_6_i : 6
		tmp_203 : 6
		tmp_207 : 1
		icmp7 : 2
		tmp_210 : 1
		tmp_211 : 2
		tmp_212 : 3
		tmp_77_7_i : 3
		a_7_i : 4
		tmp_213 : 1
		rev7 : 2
		p_Result_20_7_i : 1
		tmp_81_7_i : 2
		tmp_144_i : 4
		tmp_83_7_i : 4
		tmp_84_7_i : 1
		tmp_86_7_i : 1
		tmp_88_7_i : 1
		m_1_7_i : 2
		m_2_7_i : 5
		m_6_7_i : 6
		tmp_214 : 6
		tmp_218 : 1
		icmp8 : 2
		tmp_221 : 1
		tmp_222 : 2
		tmp_223 : 3
		tmp_77_8_i : 3
		a_8_i : 4
		tmp_224 : 1
		rev8 : 2
		p_Result_20_8_i : 1
		tmp_81_8_i : 2
		tmp_152_i : 4
		tmp_83_8_i : 4
		tmp_84_8_i : 1
		tmp_86_8_i : 1
		tmp_88_8_i : 1
		m_1_8_i : 2
		m_2_8_i : 5
		m_6_8_i : 6
		tmp_225 : 6
		tmp_229 : 1
		icmp9 : 2
		tmp_232 : 1
		tmp_233 : 2
		tmp_234 : 3
		tmp_77_9_i : 3
		a_9_i : 4
		tmp_235 : 1
		rev9 : 2
		p_Result_20_9_i : 1
		tmp_81_9_i : 2
		tmp_160_i : 4
		tmp_83_9_i : 4
		tmp_84_9_i : 1
		tmp_86_9_i : 1
		tmp_88_9_i : 1
		m_1_9_i : 2
		m_2_9_i : 5
		m_6_9_i : 6
		tmp_236 : 6
	State 3
		p_Repl2_2_trunc_i : 1
		tmp_93_i : 2
		p_Result_29_i : 3
		tmp_911_i : 4
		p_1_i : 5
		StgValue_392 : 6
		p_Repl2_2_trunc_1_s : 1
		tmp_101_i : 2
		p_Result_29_1_i : 3
		tmp_91_1_i : 4
		p_1_i_56 : 5
		StgValue_401 : 6
		p_Repl2_2_trunc_2_s : 1
		tmp_109_i : 2
		p_Result_29_2_i : 3
		tmp_91_2_i : 4
		p_2_i : 5
		StgValue_410 : 6
		p_Repl2_2_trunc_3_s : 1
		tmp_117_i : 2
		p_Result_29_3_i : 3
		tmp_91_3_i : 4
		p_3_i : 5
		StgValue_419 : 6
		p_Repl2_2_trunc_4_s : 1
		tmp_125_i : 2
		p_Result_29_4_i : 3
		tmp_91_4_i : 4
		p_4_i : 5
		StgValue_428 : 6
		p_Repl2_2_trunc_5_s : 1
		tmp_133_i : 2
		p_Result_29_5_i : 3
		tmp_91_5_i : 4
		p_5_i : 5
		StgValue_437 : 6
		p_Repl2_2_trunc_6_s : 1
		tmp_141_i : 2
		p_Result_29_6_i : 3
		tmp_91_6_i : 4
		p_6_i : 5
		StgValue_446 : 6
		p_Repl2_2_trunc_7_s : 1
		tmp_149_i : 2
		p_Result_29_7_i : 3
		tmp_91_7_i : 4
		p_7_i : 5
		StgValue_455 : 6
		p_Repl2_2_trunc_8_s : 1
		tmp_157_i : 2
		p_Result_29_8_i : 3
		tmp_91_8_i : 4
		p_8_i : 5
		StgValue_464 : 6
		p_Repl2_2_trunc_9_s : 1
		tmp_165_i : 2
		p_Result_29_9_i : 3
		tmp_91_9_i : 4
		p_9_i : 5
		StgValue_473 : 6


============================================================
+ Verbose Summary: Datapath Resource usage 
============================================================

* Functional unit list:
|----------|-------------------------------|---------|---------|
| Operation|        Functional Unit        |    FF   |   LUT   |
|----------|-------------------------------|---------|---------|
|          |       lsb_index_i_fu_952      |    0    |    32   |
|          |        tmp_79_i_fu_1019       |    0    |    16   |
|          |       tmp_851_i_fu_1060       |    0    |    32   |
|          |         m_2_i_fu_1090         |    0    |    32   |
|          |     lsb_index_1_i_fu_1114     |    0    |    32   |
|          |       tmp_79_1_i_fu_1181      |    0    |    16   |
|          |       tmp_85_1_i_fu_1222      |    0    |    32   |
|          |        m_2_1_i_fu_1252        |    0    |    32   |
|          |     lsb_index_2_i_fu_1276     |    0    |    32   |
|          |       tmp_79_2_i_fu_1343      |    0    |    16   |
|          |       tmp_85_2_i_fu_1384      |    0    |    32   |
|          |        m_2_2_i_fu_1414        |    0    |    32   |
|          |     lsb_index_3_i_fu_1438     |    0    |    32   |
|          |       tmp_79_3_i_fu_1505      |    0    |    16   |
|          |       tmp_85_3_i_fu_1546      |    0    |    32   |
|          |        m_2_3_i_fu_1576        |    0    |    32   |
|          |     lsb_index_4_i_fu_1600     |    0    |    32   |
|          |       tmp_79_4_i_fu_1667      |    0    |    16   |
|          |       tmp_85_4_i_fu_1708      |    0    |    32   |
|          |        m_2_4_i_fu_1738        |    0    |    32   |
|          |     lsb_index_5_i_fu_1762     |    0    |    32   |
|          |       tmp_79_5_i_fu_1829      |    0    |    16   |
|          |       tmp_85_5_i_fu_1870      |    0    |    32   |
|          |        m_2_5_i_fu_1900        |    0    |    32   |
|    add   |     lsb_index_6_i_fu_1924     |    0    |    32   |
|          |       tmp_79_6_i_fu_1991      |    0    |    16   |
|          |       tmp_85_6_i_fu_2032      |    0    |    32   |
|          |        m_2_6_i_fu_2062        |    0    |    32   |
|          |     lsb_index_7_i_fu_2086     |    0    |    32   |
|          |       tmp_79_7_i_fu_2153      |    0    |    16   |
|          |       tmp_85_7_i_fu_2194      |    0    |    32   |
|          |        m_2_7_i_fu_2224        |    0    |    32   |
|          |     lsb_index_8_i_fu_2248     |    0    |    32   |
|          |       tmp_79_8_i_fu_2315      |    0    |    16   |
|          |       tmp_85_8_i_fu_2356      |    0    |    32   |
|          |        m_2_8_i_fu_2386        |    0    |    32   |
|          |     lsb_index_9_i_fu_2410     |    0    |    32   |
|          |       tmp_79_9_i_fu_2477      |    0    |    16   |
|          |       tmp_85_9_i_fu_2518      |    0    |    32   |
|          |        m_2_9_i_fu_2548        |    0    |    32   |
|          |   p_Repl2_2_trunc_i_fu_2587   |    0    |    8    |
|          |  p_Repl2_2_trunc_1_s_fu_2639  |    0    |    8    |
|          |  p_Repl2_2_trunc_2_s_fu_2691  |    0    |    8    |
|          |  p_Repl2_2_trunc_3_s_fu_2743  |    0    |    8    |
|          |  p_Repl2_2_trunc_4_s_fu_2795  |    0    |    8    |
|          |  p_Repl2_2_trunc_5_s_fu_2847  |    0    |    8    |
|          |  p_Repl2_2_trunc_6_s_fu_2899  |    0    |    8    |
|          |  p_Repl2_2_trunc_7_s_fu_2951  |    0    |    8    |
|          |  p_Repl2_2_trunc_8_s_fu_3003  |    0    |    8    |
|          |  p_Repl2_2_trunc_9_s_fu_3055  |    0    |    8    |
|----------|-------------------------------|---------|---------|
|          |         tmp_134_fu_982        |    0    |    12   |
|          |       tmp_861_i_fu_1065       |    0    |    85   |
|          |        tmp_145_fu_1144        |    0    |    12   |
|          |       tmp_86_1_i_fu_1227      |    0    |    85   |
|          |        tmp_156_fu_1306        |    0    |    12   |
|          |       tmp_86_2_i_fu_1389      |    0    |    85   |
|          |        tmp_167_fu_1468        |    0    |    12   |
|          |       tmp_86_3_i_fu_1551      |    0    |    85   |
|          |        tmp_178_fu_1630        |    0    |    12   |
|   lshr   |       tmp_86_4_i_fu_1713      |    0    |    85   |
|          |        tmp_189_fu_1792        |    0    |    12   |
|          |       tmp_86_5_i_fu_1875      |    0    |    85   |
|          |        tmp_200_fu_1954        |    0    |    12   |
|          |       tmp_86_6_i_fu_2037      |    0    |    85   |
|          |        tmp_211_fu_2116        |    0    |    12   |
|          |       tmp_86_7_i_fu_2199      |    0    |    85   |
|          |        tmp_222_fu_2278        |    0    |    12   |
|          |       tmp_86_8_i_fu_2361      |    0    |    85   |
|          |        tmp_233_fu_2440        |    0    |    12   |
|          |       tmp_86_9_i_fu_2523      |    0    |    85   |
|----------|-------------------------------|---------|---------|
|          |         tmp_V_i_fu_246        |    0    |    16   |
|          |        tmp_741_i_fu_286       |    0    |    32   |
|          |        tmp_V_1_i_fu_318       |    0    |    16   |
|          |       tmp_74_1_i_fu_358       |    0    |    32   |
|          |        tmp_V_2_i_fu_390       |    0    |    16   |
|          |       tmp_74_2_i_fu_430       |    0    |    32   |
|          |        tmp_V_3_i_fu_462       |    0    |    16   |
|          |       tmp_74_3_i_fu_502       |    0    |    32   |
|          |        tmp_V_4_i_fu_534       |    0    |    16   |
|          |       tmp_74_4_i_fu_574       |    0    |    32   |
|          |        tmp_V_5_i_fu_606       |    0    |    16   |
|          |       tmp_74_5_i_fu_646       |    0    |    32   |
|          |        tmp_V_6_i_fu_678       |    0    |    16   |
|          |       tmp_74_6_i_fu_718       |    0    |    32   |
|          |        tmp_V_7_i_fu_750       |    0    |    16   |
|          |       tmp_74_7_i_fu_790       |    0    |    32   |
|          |        tmp_V_8_i_fu_822       |    0    |    16   |
|          |       tmp_74_8_i_fu_862       |    0    |    32   |
|          |        tmp_V_9_i_fu_894       |    0    |    16   |
|          |       tmp_74_9_i_fu_934       |    0    |    32   |
|          |         tmp_132_fu_973        |    0    |    7    |
|          |        tmp_87_i_fu_1071       |    0    |    32   |
|          |        tmp_143_fu_1135        |    0    |    7    |
|          |       tmp_87_1_i_fu_1233      |    0    |    32   |
|    sub   |        tmp_154_fu_1297        |    0    |    7    |
|          |       tmp_87_2_i_fu_1395      |    0    |    32   |
|          |        tmp_165_fu_1459        |    0    |    7    |
|          |       tmp_87_3_i_fu_1557      |    0    |    32   |
|          |        tmp_176_fu_1621        |    0    |    7    |
|          |       tmp_87_4_i_fu_1719      |    0    |    32   |
|          |        tmp_187_fu_1783        |    0    |    7    |
|          |       tmp_87_5_i_fu_1881      |    0    |    32   |
|          |        tmp_198_fu_1945        |    0    |    7    |
|          |       tmp_87_6_i_fu_2043      |    0    |    32   |
|          |        tmp_209_fu_2107        |    0    |    7    |
|          |       tmp_87_7_i_fu_2205      |    0    |    32   |
|          |        tmp_220_fu_2269        |    0    |    7    |
|          |       tmp_87_8_i_fu_2367      |    0    |    32   |
|          |        tmp_231_fu_2431        |    0    |    7    |
|          |       tmp_87_9_i_fu_2529      |    0    |    32   |
|          |        tmp_92_i_fu_2582       |    0    |    8    |
|          |       tmp_100_i_fu_2634       |    0    |    8    |
|          |       tmp_108_i_fu_2686       |    0    |    8    |
|          |       tmp_116_i_fu_2738       |    0    |    8    |
|          |       tmp_124_i_fu_2790       |    0    |    8    |
|          |       tmp_132_i_fu_2842       |    0    |    8    |
|          |       tmp_140_i_fu_2894       |    0    |    8    |
|          |       tmp_148_i_fu_2946       |    0    |    8    |
|          |       tmp_156_i_fu_2998       |    0    |    8    |
|          |       tmp_164_i_fu_3050       |    0    |    8    |
|----------|-------------------------------|---------|---------|
|          |       p_Val2_1_i_fu_252       |    0    |    16   |
|          |      p_Val2_1_i_54_fu_324     |    0    |    16   |
|          |       p_Val2_2_i_fu_396       |    0    |    16   |
|          |       p_Val2_3_i_fu_468       |    0    |    16   |
|          |       p_Val2_4_i_fu_540       |    0    |    16   |
|          |       p_Val2_5_i_fu_612       |    0    |    16   |
|          |       p_Val2_6_i_fu_684       |    0    |    16   |
|          |       p_Val2_7_i_fu_756       |    0    |    16   |
|          |       p_Val2_8_i_fu_828       |    0    |    16   |
|          |       p_Val2_9_i_fu_900       |    0    |    16   |
|          |         m_1_i_fu_1082         |    0    |    32   |
|          |        m_1_1_i_fu_1244        |    0    |    32   |
|          |        m_1_2_i_fu_1406        |    0    |    32   |
|          |        m_1_3_i_fu_1568        |    0    |    32   |
|          |        m_1_4_i_fu_1730        |    0    |    32   |
|          |        m_1_5_i_fu_1892        |    0    |    32   |
|          |        m_1_6_i_fu_2054        |    0    |    32   |
|          |        m_1_7_i_fu_2216        |    0    |    32   |
|          |        m_1_8_i_fu_2378        |    0    |    32   |
|  select  |        m_1_9_i_fu_2540        |    0    |    32   |
|          |  tmp_90_cast_i_cast_c_fu_2575 |    0    |    8    |
|          |         p_1_i_fu_2616         |    0    |    32   |
|          |  tmp_98_cast_i_cast_c_fu_2627 |    0    |    8    |
|          |        p_1_i_56_fu_2668       |    0    |    32   |
|          | tmp_106_cast_i_cast_s_fu_2679 |    0    |    8    |
|          |         p_2_i_fu_2720         |    0    |    32   |
|          | tmp_114_cast_i_cast_s_fu_2731 |    0    |    8    |
|          |         p_3_i_fu_2772         |    0    |    32   |
|          | tmp_122_cast_i_cast_s_fu_2783 |    0    |    8    |
|          |         p_4_i_fu_2824         |    0    |    32   |
|          | tmp_130_cast_i_cast_s_fu_2835 |    0    |    8    |
|          |         p_5_i_fu_2876         |    0    |    32   |
|          | tmp_138_cast_i_cast_s_fu_2887 |    0    |    8    |
|          |         p_6_i_fu_2928         |    0    |    32   |
|          | tmp_146_cast_i_cast_s_fu_2939 |    0    |    8    |
|          |         p_7_i_fu_2980         |    0    |    32   |
|          | tmp_154_cast_i_cast_s_fu_2991 |    0    |    8    |
|          |         p_8_i_fu_3032         |    0    |    32   |
|          | tmp_162_cast_i_cast_s_fu_3043 |    0    |    8    |
|          |         p_9_i_fu_3084         |    0    |    32   |
|----------|-------------------------------|---------|---------|
|          |        tmp_88_i_fu_1076       |    0    |    85   |
|          |       tmp_88_1_i_fu_1238      |    0    |    85   |
|          |       tmp_88_2_i_fu_1400      |    0    |    85   |
|          |       tmp_88_3_i_fu_1562      |    0    |    85   |
|    shl   |       tmp_88_4_i_fu_1724      |    0    |    85   |
|          |       tmp_88_5_i_fu_1886      |    0    |    85   |
|          |       tmp_88_6_i_fu_2048      |    0    |    85   |
|          |       tmp_88_7_i_fu_2210      |    0    |    85   |
|          |       tmp_88_8_i_fu_2372      |    0    |    85   |
|          |       tmp_88_9_i_fu_2534      |    0    |    85   |
|----------|-------------------------------|---------|---------|
|          |           l_i_fu_278          |    40   |    36   |
|          |          l_1_i_fu_350         |    40   |    36   |
|          |          l_2_i_fu_422         |    40   |    36   |
|          |          l_3_i_fu_494         |    40   |    36   |
|   cttz   |          l_4_i_fu_566         |    40   |    36   |
|          |          l_5_i_fu_638         |    40   |    36   |
|          |          l_6_i_fu_710         |    40   |    36   |
|          |          l_7_i_fu_782         |    40   |    36   |
|          |          l_8_i_fu_854         |    40   |    36   |
|          |          l_9_i_fu_926         |    40   |    36   |
|----------|-------------------------------|---------|---------|
|          |        tmp_701_i_fu_232       |    0    |    7    |
|          |       tmp_70_1_i_fu_304       |    0    |    7    |
|          |       tmp_70_2_i_fu_376       |    0    |    7    |
|          |       tmp_70_3_i_fu_448       |    0    |    7    |
|          |       tmp_70_4_i_fu_520       |    0    |    7    |
|          |       tmp_70_5_i_fu_592       |    0    |    7    |
|          |       tmp_70_6_i_fu_664       |    0    |    7    |
|          |       tmp_70_7_i_fu_736       |    0    |    7    |
|          |       tmp_70_8_i_fu_808       |    0    |    7    |
|          |       tmp_70_9_i_fu_880       |    0    |    7    |
|          |          icmp_fu_967          |    0    |    12   |
|          |        tmp_77_i_fu_993        |    0    |    7    |
|          |       tmp_841_i_fu_1054       |    0    |    12   |
|          |         icmp1_fu_1129         |    0    |    12   |
|          |       tmp_77_1_i_fu_1155      |    0    |    7    |
|          |       tmp_84_1_i_fu_1216      |    0    |    12   |
|          |         icmp2_fu_1291         |    0    |    12   |
|          |       tmp_77_2_i_fu_1317      |    0    |    7    |
|          |       tmp_84_2_i_fu_1378      |    0    |    12   |
|   icmp   |         icmp3_fu_1453         |    0    |    12   |
|          |       tmp_77_3_i_fu_1479      |    0    |    7    |
|          |       tmp_84_3_i_fu_1540      |    0    |    12   |
|          |         icmp4_fu_1615         |    0    |    12   |
|          |       tmp_77_4_i_fu_1641      |    0    |    7    |
|          |       tmp_84_4_i_fu_1702      |    0    |    12   |
|          |         icmp5_fu_1777         |    0    |    12   |
|          |       tmp_77_5_i_fu_1803      |    0    |    7    |
|          |       tmp_84_5_i_fu_1864      |    0    |    12   |
|          |         icmp6_fu_1939         |    0    |    12   |
|          |       tmp_77_6_i_fu_1965      |    0    |    7    |
|          |       tmp_84_6_i_fu_2026      |    0    |    12   |
|          |         icmp7_fu_2101         |    0    |    12   |
|          |       tmp_77_7_i_fu_2127      |    0    |    7    |
|          |       tmp_84_7_i_fu_2188      |    0    |    12   |
|          |         icmp8_fu_2263         |    0    |    12   |
|          |       tmp_77_8_i_fu_2289      |    0    |    7    |
|          |       tmp_84_8_i_fu_2350      |    0    |    12   |
|          |         icmp9_fu_2425         |    0    |    12   |
|          |       tmp_77_9_i_fu_2451      |    0    |    7    |
|          |       tmp_84_9_i_fu_2512      |    0    |    12   |
|----------|-------------------------------|---------|---------|
|          |         tmp_135_fu_988        |    0    |    16   |
|          |           a_i_fu_999          |    0    |    1    |
|          |        tmp_81_i_fu_1031       |    0    |    1    |
|          |        tmp_146_fu_1150        |    0    |    16   |
|          |         a_1_i_fu_1161         |    0    |    1    |
|          |       tmp_81_1_i_fu_1193      |    0    |    1    |
|          |        tmp_157_fu_1312        |    0    |    16   |
|          |         a_2_i_fu_1323         |    0    |    1    |
|          |       tmp_81_2_i_fu_1355      |    0    |    1    |
|          |        tmp_168_fu_1474        |    0    |    16   |
|          |         a_3_i_fu_1485         |    0    |    1    |
|          |       tmp_81_3_i_fu_1517      |    0    |    1    |
|          |        tmp_179_fu_1636        |    0    |    16   |
|          |         a_4_i_fu_1647         |    0    |    1    |
|    and   |       tmp_81_4_i_fu_1679      |    0    |    1    |
|          |        tmp_190_fu_1798        |    0    |    16   |
|          |         a_5_i_fu_1809         |    0    |    1    |
|          |       tmp_81_5_i_fu_1841      |    0    |    1    |
|          |        tmp_201_fu_1960        |    0    |    16   |
|          |         a_6_i_fu_1971         |    0    |    1    |
|          |       tmp_81_6_i_fu_2003      |    0    |    1    |
|          |        tmp_212_fu_2122        |    0    |    16   |
|          |         a_7_i_fu_2133         |    0    |    1    |
|          |       tmp_81_7_i_fu_2165      |    0    |    1    |
|          |        tmp_223_fu_2284        |    0    |    16   |
|          |         a_8_i_fu_2295         |    0    |    1    |
|          |       tmp_81_8_i_fu_2327      |    0    |    1    |
|          |        tmp_234_fu_2446        |    0    |    16   |
|          |         a_9_i_fu_2457         |    0    |    1    |
|          |       tmp_81_9_i_fu_2489      |    0    |    1    |
|----------|-------------------------------|---------|---------|
|          |          rev_fu_1013          |    0    |    1    |
|          |          rev1_fu_1175         |    0    |    1    |
|          |          rev2_fu_1337         |    0    |    1    |
|          |          rev3_fu_1499         |    0    |    1    |
|    xor   |          rev4_fu_1661         |    0    |    1    |
|          |          rev5_fu_1823         |    0    |    1    |
|          |          rev6_fu_1985         |    0    |    1    |
|          |          rev7_fu_2147         |    0    |    1    |
|          |          rev8_fu_2309         |    0    |    1    |
|          |          rev9_fu_2471         |    0    |    1    |
|----------|-------------------------------|---------|---------|
|          |        tmp_83_i_fu_1037       |    0    |    1    |
|          |        tmp_96_i_fu_1199       |    0    |    1    |
|          |       tmp_104_i_fu_1361       |    0    |    1    |
|          |       tmp_112_i_fu_1523       |    0    |    1    |
|    or    |       tmp_120_i_fu_1685       |    0    |    1    |
|          |       tmp_128_i_fu_1847       |    0    |    1    |
|          |       tmp_136_i_fu_2009       |    0    |    1    |
|          |       tmp_144_i_fu_2171       |    0    |    1    |
|          |       tmp_152_i_fu_2333       |    0    |    1    |
|          |       tmp_160_i_fu_2495       |    0    |    1    |
|----------|-------------------------------|---------|---------|
|          |      p_read_2_read_fu_102     |    0    |    0    |
|          |      p_read_3_read_fu_108     |    0    |    0    |
|          |      p_read_4_read_fu_114     |    0    |    0    |
|          |      p_read_5_read_fu_120     |    0    |    0    |
|   read   |      p_read_6_read_fu_126     |    0    |    0    |
|          |      p_read_7_read_fu_132     |    0    |    0    |
|          |      p_read_8_read_fu_138     |    0    |    0    |
|          |      p_read_9_read_fu_144     |    0    |    0    |
|          |     p_read_10_read_fu_150     |    0    |    0    |
|          |      p_read11_read_fu_156     |    0    |    0    |
|----------|-------------------------------|---------|---------|
|          |   StgValue_392_write_fu_162   |    0    |    0    |
|          |   StgValue_401_write_fu_169   |    0    |    0    |
|          |   StgValue_410_write_fu_176   |    0    |    0    |
|          |   StgValue_419_write_fu_183   |    0    |    0    |
|   write  |   StgValue_428_write_fu_190   |    0    |    0    |
|          |   StgValue_437_write_fu_197   |    0    |    0    |
|          |   StgValue_446_write_fu_204   |    0    |    0    |
|          |   StgValue_455_write_fu_211   |    0    |    0    |
|          |   StgValue_464_write_fu_218   |    0    |    0    |
|          |   StgValue_473_write_fu_225   |    0    |    0    |
|----------|-------------------------------|---------|---------|
|          |         tmp_128_fu_238        |    0    |    0    |
|          |         tmp_139_fu_310        |    0    |    0    |
|          |         tmp_150_fu_382        |    0    |    0    |
|          |         tmp_161_fu_454        |    0    |    0    |
|          |         tmp_172_fu_526        |    0    |    0    |
|          |         tmp_183_fu_598        |    0    |    0    |
|          |         tmp_194_fu_670        |    0    |    0    |
|          |         tmp_205_fu_742        |    0    |    0    |
|          |         tmp_216_fu_814        |    0    |    0    |
|          |         tmp_227_fu_886        |    0    |    0    |
|          |        tmp_136_fu_1005        |    0    |    0    |
|          |     p_Result_20_i_fu_1024     |    0    |    0    |
|          |        tmp_137_fu_1106        |    0    |    0    |
|          |        tmp_147_fu_1167        |    0    |    0    |
|          |    p_Result_20_1_i_fu_1186    |    0    |    0    |
|          |        tmp_148_fu_1268        |    0    |    0    |
|          |        tmp_158_fu_1329        |    0    |    0    |
|          |    p_Result_20_2_i_fu_1348    |    0    |    0    |
|          |        tmp_159_fu_1430        |    0    |    0    |
| bitselect|        tmp_169_fu_1491        |    0    |    0    |
|          |    p_Result_20_3_i_fu_1510    |    0    |    0    |
|          |        tmp_170_fu_1592        |    0    |    0    |
|          |        tmp_180_fu_1653        |    0    |    0    |
|          |    p_Result_20_4_i_fu_1672    |    0    |    0    |
|          |        tmp_181_fu_1754        |    0    |    0    |
|          |        tmp_191_fu_1815        |    0    |    0    |
|          |    p_Result_20_5_i_fu_1834    |    0    |    0    |
|          |        tmp_192_fu_1916        |    0    |    0    |
|          |        tmp_202_fu_1977        |    0    |    0    |
|          |    p_Result_20_6_i_fu_1996    |    0    |    0    |
|          |        tmp_203_fu_2078        |    0    |    0    |
|          |        tmp_213_fu_2139        |    0    |    0    |
|          |    p_Result_20_7_i_fu_2158    |    0    |    0    |
|          |        tmp_214_fu_2240        |    0    |    0    |
|          |        tmp_224_fu_2301        |    0    |    0    |
|          |    p_Result_20_8_i_fu_2320    |    0    |    0    |
|          |        tmp_225_fu_2402        |    0    |    0    |
|          |        tmp_235_fu_2463        |    0    |    0    |
|          |    p_Result_20_9_i_fu_2482    |    0    |    0    |
|          |        tmp_236_fu_2564        |    0    |    0    |
|----------|-------------------------------|---------|---------|
|          |      p_Result_17_i_fu_260     |    0    |    0    |
|          |     p_Result_17_1_i_fu_332    |    0    |    0    |
|          |     p_Result_17_2_i_fu_404    |    0    |    0    |
|          |     p_Result_17_3_i_fu_476    |    0    |    0    |
|          |     p_Result_17_4_i_fu_548    |    0    |    0    |
|          |     p_Result_17_5_i_fu_620    |    0    |    0    |
|          |     p_Result_17_6_i_fu_692    |    0    |    0    |
|          |     p_Result_17_7_i_fu_764    |    0    |    0    |
|          |     p_Result_17_8_i_fu_836    |    0    |    0    |
|          |     p_Result_17_9_i_fu_908    |    0    |    0    |
|          |         tmp_130_fu_957        |    0    |    0    |
|          |         m_6_i_fu_1096         |    0    |    0    |
|          |        tmp_141_fu_1119        |    0    |    0    |
|          |        m_6_1_i_fu_1258        |    0    |    0    |
|partselect|        tmp_152_fu_1281        |    0    |    0    |
|          |        m_6_2_i_fu_1420        |    0    |    0    |
|          |        tmp_163_fu_1443        |    0    |    0    |
|          |        m_6_3_i_fu_1582        |    0    |    0    |
|          |        tmp_174_fu_1605        |    0    |    0    |
|          |        m_6_4_i_fu_1744        |    0    |    0    |
|          |        tmp_185_fu_1767        |    0    |    0    |
|          |        m_6_5_i_fu_1906        |    0    |    0    |
|          |        tmp_196_fu_1929        |    0    |    0    |
|          |        m_6_6_i_fu_2068        |    0    |    0    |
|          |        tmp_207_fu_2091        |    0    |    0    |
|          |        m_6_7_i_fu_2230        |    0    |    0    |
|          |        tmp_218_fu_2253        |    0    |    0    |
|          |        m_6_8_i_fu_2392        |    0    |    0    |
|          |        tmp_229_fu_2415        |    0    |    0    |
|          |        m_6_9_i_fu_2554        |    0    |    0    |
|----------|-------------------------------|---------|---------|
|          |      p_Result_27_i_fu_270     |    0    |    0    |
|          |     p_Result_27_1_i_fu_342    |    0    |    0    |
|          |     p_Result_27_2_i_fu_414    |    0    |    0    |
|          |     p_Result_27_3_i_fu_486    |    0    |    0    |
|          |     p_Result_27_4_i_fu_558    |    0    |    0    |
|          |     p_Result_27_5_i_fu_630    |    0    |    0    |
|          |     p_Result_27_6_i_fu_702    |    0    |    0    |
|          |     p_Result_27_7_i_fu_774    |    0    |    0    |
|          |     p_Result_27_8_i_fu_846    |    0    |    0    |
|          |     p_Result_27_9_i_fu_918    |    0    |    0    |
|          |       tmp_831_i_fu_1043       |    0    |    0    |
|          |       tmp_83_1_i_fu_1205      |    0    |    0    |
|          |       tmp_83_2_i_fu_1367      |    0    |    0    |
|          |       tmp_83_3_i_fu_1529      |    0    |    0    |
|bitconcatenate|       tmp_83_4_i_fu_1691      |    0    |    0    |
|          |       tmp_83_5_i_fu_1853      |    0    |    0    |
|          |       tmp_83_6_i_fu_2015      |    0    |    0    |
|          |       tmp_83_7_i_fu_2177      |    0    |    0    |
|          |       tmp_83_8_i_fu_2339      |    0    |    0    |
|          |       tmp_83_9_i_fu_2501      |    0    |    0    |
|          |        tmp_93_i_fu_2593       |    0    |    0    |
|          |       tmp_101_i_fu_2645       |    0    |    0    |
|          |       tmp_109_i_fu_2697       |    0    |    0    |
|          |       tmp_117_i_fu_2749       |    0    |    0    |
|          |       tmp_125_i_fu_2801       |    0    |    0    |
|          |       tmp_133_i_fu_2853       |    0    |    0    |
|          |       tmp_141_i_fu_2905       |    0    |    0    |
|          |       tmp_149_i_fu_2957       |    0    |    0    |
|          |       tmp_157_i_fu_3009       |    0    |    0    |
|          |       tmp_165_i_fu_3061       |    0    |    0    |
|----------|-------------------------------|---------|---------|
|          |         tmp_129_fu_292        |    0    |    0    |
|          |         tmp_131_fu_296        |    0    |    0    |
|          |         tmp_138_fu_300        |    0    |    0    |
|          |         tmp_140_fu_364        |    0    |    0    |
|          |         tmp_142_fu_368        |    0    |    0    |
|          |         tmp_149_fu_372        |    0    |    0    |
|          |         tmp_151_fu_436        |    0    |    0    |
|          |         tmp_153_fu_440        |    0    |    0    |
|          |         tmp_160_fu_444        |    0    |    0    |
|          |         tmp_162_fu_508        |    0    |    0    |
|          |         tmp_164_fu_512        |    0    |    0    |
|          |         tmp_171_fu_516        |    0    |    0    |
|          |         tmp_173_fu_580        |    0    |    0    |
|          |         tmp_175_fu_584        |    0    |    0    |
|   trunc  |         tmp_182_fu_588        |    0    |    0    |
|          |         tmp_184_fu_652        |    0    |    0    |
|          |         tmp_186_fu_656        |    0    |    0    |
|          |         tmp_193_fu_660        |    0    |    0    |
|          |         tmp_195_fu_724        |    0    |    0    |
|          |         tmp_197_fu_728        |    0    |    0    |
|          |         tmp_204_fu_732        |    0    |    0    |
|          |         tmp_206_fu_796        |    0    |    0    |
|          |         tmp_208_fu_800        |    0    |    0    |
|          |         tmp_215_fu_804        |    0    |    0    |
|          |         tmp_217_fu_868        |    0    |    0    |
|          |         tmp_219_fu_872        |    0    |    0    |
|          |         tmp_226_fu_876        |    0    |    0    |
|          |         tmp_228_fu_940        |    0    |    0    |
|          |         tmp_230_fu_944        |    0    |    0    |
|          |         tmp_237_fu_948        |    0    |    0    |
|----------|-------------------------------|---------|---------|
|          |         tmp_133_fu_978        |    0    |    0    |
|          |          m_i_fu_1051          |    0    |    0    |
|          |        tmp_144_fu_1140        |    0    |    0    |
|          |         m_i_55_fu_1213        |    0    |    0    |
|          |        tmp_155_fu_1302        |    0    |    0    |
|          |         m_10_i_fu_1375        |    0    |    0    |
|          |        tmp_166_fu_1464        |    0    |    0    |
|          |         m_3_i_fu_1537         |    0    |    0    |
|          |        tmp_177_fu_1626        |    0    |    0    |
|          |         m_4_i_fu_1699         |    0    |    0    |
|          |        tmp_188_fu_1788        |    0    |    0    |
|          |         m_5_i_fu_1861         |    0    |    0    |
|          |        tmp_199_fu_1950        |    0    |    0    |
|          |         m_11_i_fu_2023        |    0    |    0    |
|   zext   |        tmp_210_fu_2112        |    0    |    0    |
|          |         m_7_i_fu_2185         |    0    |    0    |
|          |        tmp_221_fu_2274        |    0    |    0    |
|          |         m_8_i_fu_2347         |    0    |    0    |
|          |        tmp_232_fu_2436        |    0    |    0    |
|          |         m_9_i_fu_2509         |    0    |    0    |
|          |          tmp_fu_2572          |    0    |    0    |
|          |         tmp_59_fu_2624        |    0    |    0    |
|          |         tmp_60_fu_2676        |    0    |    0    |
|          |         tmp_61_fu_2728        |    0    |    0    |
|          |         tmp_62_fu_2780        |    0    |    0    |
|          |         tmp_63_fu_2832        |    0    |    0    |
|          |         tmp_64_fu_2884        |    0    |    0    |
|          |         tmp_65_fu_2936        |    0    |    0    |
|          |         tmp_66_fu_2988        |    0    |    0    |
|          |         tmp_67_fu_3040        |    0    |    0    |
|----------|-------------------------------|---------|---------|
|          |     p_Result_29_i_fu_2600     |    0    |    0    |
|          |    p_Result_29_1_i_fu_2652    |    0    |    0    |
|          |    p_Result_29_2_i_fu_2704    |    0    |    0    |
|          |    p_Result_29_3_i_fu_2756    |    0    |    0    |
|  partset |    p_Result_29_4_i_fu_2808    |    0    |    0    |
|          |    p_Result_29_5_i_fu_2860    |    0    |    0    |
|          |    p_Result_29_6_i_fu_2912    |    0    |    0    |
|          |    p_Result_29_7_i_fu_2964    |    0    |    0    |
|          |    p_Result_29_8_i_fu_3016    |    0    |    0    |
|          |    p_Result_29_9_i_fu_3068    |    0    |    0    |
|----------|-------------------------------|---------|---------|
|   Total  |                               |   400   |   5790  |
|----------|-------------------------------|---------|---------|

Memories:
N/A

* Register list:
+----------------------+--------+
|                      |   FF   |
+----------------------+--------+
|   m_6_1_i_reg_3492   |   31   |
|   m_6_2_i_reg_3502   |   31   |
|   m_6_3_i_reg_3512   |   31   |
|   m_6_4_i_reg_3522   |   31   |
|   m_6_5_i_reg_3532   |   31   |
|   m_6_6_i_reg_3542   |   31   |
|   m_6_7_i_reg_3552   |   31   |
|   m_6_8_i_reg_3562   |   31   |
|   m_6_9_i_reg_3572   |   31   |
|    m_6_i_reg_3482    |   31   |
|p_Val2_1_i_54_reg_3141|   16   |
|  p_Val2_1_i_reg_3102 |   16   |
|  p_Val2_2_i_reg_3180 |   16   |
|  p_Val2_3_i_reg_3219 |   16   |
|  p_Val2_4_i_reg_3258 |   16   |
|  p_Val2_5_i_reg_3297 |   16   |
|  p_Val2_6_i_reg_3336 |   16   |
|  p_Val2_7_i_reg_3375 |   16   |
|  p_Val2_8_i_reg_3414 |   16   |
|  p_Val2_9_i_reg_3453 |   16   |
|   tmp_128_reg_3097   |    1   |
|   tmp_129_reg_3116   |   16   |
|   tmp_131_reg_3121   |    5   |
|   tmp_137_reg_3487   |    1   |
|   tmp_138_reg_3126   |    8   |
|   tmp_139_reg_3136   |    1   |
|   tmp_140_reg_3155   |   16   |
|   tmp_142_reg_3160   |    5   |
|   tmp_148_reg_3497   |    1   |
|   tmp_149_reg_3165   |    8   |
|   tmp_150_reg_3175   |    1   |
|   tmp_151_reg_3194   |   16   |
|   tmp_153_reg_3199   |    5   |
|   tmp_159_reg_3507   |    1   |
|   tmp_160_reg_3204   |    8   |
|   tmp_161_reg_3214   |    1   |
|   tmp_162_reg_3233   |   16   |
|   tmp_164_reg_3238   |    5   |
|   tmp_170_reg_3517   |    1   |
|   tmp_171_reg_3243   |    8   |
|   tmp_172_reg_3253   |    1   |
|   tmp_173_reg_3272   |   16   |
|   tmp_175_reg_3277   |    5   |
|   tmp_181_reg_3527   |    1   |
|   tmp_182_reg_3282   |    8   |
|   tmp_183_reg_3292   |    1   |
|   tmp_184_reg_3311   |   16   |
|   tmp_186_reg_3316   |    5   |
|   tmp_192_reg_3537   |    1   |
|   tmp_193_reg_3321   |    8   |
|   tmp_194_reg_3331   |    1   |
|   tmp_195_reg_3350   |   16   |
|   tmp_197_reg_3355   |    5   |
|   tmp_203_reg_3547   |    1   |
|   tmp_204_reg_3360   |    8   |
|   tmp_205_reg_3370   |    1   |
|   tmp_206_reg_3389   |   16   |
|   tmp_208_reg_3394   |    5   |
|   tmp_214_reg_3557   |    1   |
|   tmp_215_reg_3399   |    8   |
|   tmp_216_reg_3409   |    1   |
|   tmp_217_reg_3428   |   16   |
|   tmp_219_reg_3433   |    5   |
|   tmp_225_reg_3567   |    1   |
|   tmp_226_reg_3438   |    8   |
|   tmp_227_reg_3448   |    1   |
|   tmp_228_reg_3467   |   16   |
|   tmp_230_reg_3472   |    5   |
|   tmp_236_reg_3577   |    1   |
|   tmp_237_reg_3477   |    8   |
|  tmp_701_i_reg_3092  |    1   |
|  tmp_70_1_i_reg_3131 |    1   |
|  tmp_70_2_i_reg_3170 |    1   |
|  tmp_70_3_i_reg_3209 |    1   |
|  tmp_70_4_i_reg_3248 |    1   |
|  tmp_70_5_i_reg_3287 |    1   |
|  tmp_70_6_i_reg_3326 |    1   |
|  tmp_70_7_i_reg_3365 |    1   |
|  tmp_70_8_i_reg_3404 |    1   |
|  tmp_70_9_i_reg_3443 |    1   |
|  tmp_741_i_reg_3109  |   32   |
|  tmp_74_1_i_reg_3148 |   32   |
|  tmp_74_2_i_reg_3187 |   32   |
|  tmp_74_3_i_reg_3226 |   32   |
|  tmp_74_4_i_reg_3265 |   32   |
|  tmp_74_5_i_reg_3304 |   32   |
|  tmp_74_6_i_reg_3343 |   32   |
|  tmp_74_7_i_reg_3382 |   32   |
|  tmp_74_8_i_reg_3421 |   32   |
|  tmp_74_9_i_reg_3460 |   32   |
+----------------------+--------+
|         Total        |  1110  |
+----------------------+--------+

* Multiplexer (MUX) list: 
|--------|------|------|------|--------|
|  Comp  |  Pin | Size |  BW  | S x BW |
|--------|------|------|------|--------|
|  Total |      |      |      |    0   |
|--------|------|------|------|--------|



* Summary:
+-----------+--------+--------+
|           |   FF   |   LUT  |
+-----------+--------+--------+
|  Function |   400  |  5790  |
|   Memory  |    -   |    -   |
|Multiplexer|    -   |    -   |
|  Register |  1110  |    -   |
+-----------+--------+--------+
|   Total   |  1510  |  5790  |
+-----------+--------+--------+
