

================================================================
== Vivado HLS Report for 'lstm_infer_Block_pr'
================================================================
* Date:           Sat Apr 19 01:58:18 2025

* Version:        2018.3 (Build 2405991 on Thu Dec 06 23:56:15 MST 2018)
* Project:        bi_lstm
* Solution:       solution1
* Product family: zynq
* Target device:  xc7z020clg400-2


================================================================
== Performance Estimates
================================================================
+ Timing (ns): 
    * Summary: 
    +--------+-------+----------+------------+
    |  Clock | Target| Estimated| Uncertainty|
    +--------+-------+----------+------------+
    |ap_clk  |  10.00|     7.594|        1.25|
    +--------+-------+----------+------------+

+ Latency (clock cycles): 
    * Summary: 
    +-----+-----+-----+-----+---------+
    |  Latency  |  Interval | Pipeline|
    | min | max | min | max |   Type  |
    +-----+-----+-----+-----+---------+
    |    2|    2|    2|    2|   none  |
    +-----+-----+-----+-----+---------+

    + Detail: 
        * Instance: 
        N/A

        * Loop: 
        N/A

============================================================
+ Verbose Summary: Synthesis Manager
============================================================
InlineROM: 1
ExposeGlobal: 0
============================================================
+ Verbose Summary: CDFG Model
============================================================
IsTopModel: 0
ResetActiveHigh: 1
IsCombinational: 2
IsDatapathOnly: 0
HasWiredReturn: 1
HasMFsm: 0
HasVarLatency: 1
IsPipeline: 0
IsRtlPipelined: 0
IsInstanceOverlapped: 0
IsDontTouch: 0
HasImplIP: 0
IsGatedGlobalClock: 0


============================================================
+ Verbose Summary: Schedule
============================================================
* Number of FSM states : 3
* Pipeline : 0
* Dataflow Pipeline: 0

* FSM state transitions: 
1 --> 
	2  / true
2 --> 
	3  / true
3 --> 

* FSM state operations: 

State 1 <SV = 0> <Delay = 6.86>
ST_1 : Operation 4 [1/1] (0.00ns)   --->   "%p_read_2 = call i16 @_ssdm_op_Read.ap_auto.i16(i16 %p_read9)" [bi_lstm/src/rnn.cpp:349]   --->   Operation 4 'read' 'p_read_2' <Predicate = true> <Delay = 0.00>
ST_1 : Operation 5 [1/1] (0.00ns)   --->   "%p_read_3 = call i16 @_ssdm_op_Read.ap_auto.i16(i16 %p_read8)" [bi_lstm/src/rnn.cpp:349]   --->   Operation 5 'read' 'p_read_3' <Predicate = true> <Delay = 0.00>
ST_1 : Operation 6 [1/1] (0.00ns)   --->   "%p_read_4 = call i16 @_ssdm_op_Read.ap_auto.i16(i16 %p_read7)" [bi_lstm/src/rnn.cpp:349]   --->   Operation 6 'read' 'p_read_4' <Predicate = true> <Delay = 0.00>
ST_1 : Operation 7 [1/1] (0.00ns)   --->   "%p_read_5 = call i16 @_ssdm_op_Read.ap_auto.i16(i16 %p_read6)" [bi_lstm/src/rnn.cpp:349]   --->   Operation 7 'read' 'p_read_5' <Predicate = true> <Delay = 0.00>
ST_1 : Operation 8 [1/1] (0.00ns)   --->   "%p_read_6 = call i16 @_ssdm_op_Read.ap_auto.i16(i16 %p_read5)" [bi_lstm/src/rnn.cpp:349]   --->   Operation 8 'read' 'p_read_6' <Predicate = true> <Delay = 0.00>
ST_1 : Operation 9 [1/1] (0.00ns)   --->   "%p_read_7 = call i16 @_ssdm_op_Read.ap_auto.i16(i16 %p_read4)" [bi_lstm/src/rnn.cpp:349]   --->   Operation 9 'read' 'p_read_7' <Predicate = true> <Delay = 0.00>
ST_1 : Operation 10 [1/1] (0.00ns)   --->   "%p_read_8 = call i16 @_ssdm_op_Read.ap_auto.i16(i16 %p_read3)" [bi_lstm/src/rnn.cpp:349]   --->   Operation 10 'read' 'p_read_8' <Predicate = true> <Delay = 0.00>
ST_1 : Operation 11 [1/1] (0.00ns)   --->   "%p_read_9 = call i16 @_ssdm_op_Read.ap_auto.i16(i16 %p_read2)" [bi_lstm/src/rnn.cpp:349]   --->   Operation 11 'read' 'p_read_9' <Predicate = true> <Delay = 0.00>
ST_1 : Operation 12 [1/1] (0.00ns)   --->   "%p_read_10 = call i16 @_ssdm_op_Read.ap_auto.i16(i16 %p_read1)" [bi_lstm/src/rnn.cpp:349]   --->   Operation 12 'read' 'p_read_10' <Predicate = true> <Delay = 0.00>
ST_1 : Operation 13 [1/1] (0.00ns)   --->   "%p_read11 = call i16 @_ssdm_op_Read.ap_auto.i16(i16 %p_read)" [bi_lstm/src/rnn.cpp:349]   --->   Operation 13 'read' 'p_read11' <Predicate = true> <Delay = 0.00>
ST_1 : Operation 14 [1/1] (2.13ns)   --->   "%tmp_701_i = icmp eq i16 %p_read11, 0" [bi_lstm/src/rnn.cpp:349]   --->   Operation 14 'icmp' 'tmp_701_i' <Predicate = true> <Delay = 2.13> <Core = "Cmp">   --->   Core 25 'Cmp' <Latency = 0> <II = 1> <Delay = 1.96> <FuncUnit> <Opcode : 'icmp'> <InPorts = 2> <OutPorts = 1>
ST_1 : Operation 15 [1/1] (0.00ns)   --->   "%tmp_128 = call i1 @_ssdm_op_BitSelect.i1.i16.i32(i16 %p_read11, i32 15)" [bi_lstm/src/rnn.cpp:349]   --->   Operation 15 'bitselect' 'tmp_128' <Predicate = true> <Delay = 0.00>
ST_1 : Operation 16 [1/1] (1.54ns)   --->   "%tmp_V_i = sub i16 0, %p_read11" [bi_lstm/src/rnn.cpp:349]   --->   Operation 16 'sub' 'tmp_V_i' <Predicate = true> <Delay = 1.54> <Core = "AddSub">   --->   Core 14 'AddSub' <Latency = 0> <II = 1> <Delay = 1.89> <FuncUnit> <Opcode : 'add' 'sub'> <InPorts = 2> <OutPorts = 1>
ST_1 : Operation 17 [1/1] (0.62ns)   --->   "%p_Val2_1_i = select i1 %tmp_128, i16 %tmp_V_i, i16 %p_read11" [bi_lstm/src/rnn.cpp:349]   --->   Operation 17 'select' 'p_Val2_1_i' <Predicate = true> <Delay = 0.62> <Core = "Sel">   --->   Core 26 'Sel' <Latency = 0> <II = 1> <Delay = 0.70> <FuncUnit> <Opcode : 'select'> <InPorts = 3> <OutPorts = 1>
ST_1 : Operation 18 [1/1] (0.00ns)   --->   "%p_Result_17_i = call i16 @llvm.part.select.i16(i16 %p_Val2_1_i, i32 15, i32 0) nounwind" [bi_lstm/src/rnn.cpp:349]   --->   Operation 18 'partselect' 'p_Result_17_i' <Predicate = true> <Delay = 0.00>
ST_1 : Operation 19 [1/1] (0.00ns)   --->   "%p_Result_27_i = call i32 @_ssdm_op_BitConcatenate.i32.i16.i16(i16 -1, i16 %p_Result_17_i)" [bi_lstm/src/rnn.cpp:349]   --->   Operation 19 'bitconcatenate' 'p_Result_27_i' <Predicate = true> <Delay = 0.00>
ST_1 : Operation 20 [1/1] (2.79ns)   --->   "%l_i = call i32 @llvm.cttz.i32(i32 %p_Result_27_i, i1 true) nounwind" [bi_lstm/src/rnn.cpp:349]   --->   Operation 20 'cttz' 'l_i' <Predicate = true> <Delay = 2.79> <Core = "CTTZ">   --->   Core 64 'CTTZ' <Latency = 0> <II = 1> <Delay = 2.79> <FuncUnit> <Opcode : 'cttz'> <InPorts = 1> <OutPorts = 1>
ST_1 : Operation 21 [1/1] (1.89ns)   --->   "%tmp_741_i = sub nsw i32 16, %l_i" [bi_lstm/src/rnn.cpp:349]   --->   Operation 21 'sub' 'tmp_741_i' <Predicate = true> <Delay = 1.89> <Core = "AddSub">   --->   Core 14 'AddSub' <Latency = 0> <II = 1> <Delay = 1.89> <FuncUnit> <Opcode : 'add' 'sub'> <InPorts = 2> <OutPorts = 1>
ST_1 : Operation 22 [1/1] (0.00ns)   --->   "%tmp_129 = trunc i32 %tmp_741_i to i16" [bi_lstm/src/rnn.cpp:349]   --->   Operation 22 'trunc' 'tmp_129' <Predicate = true> <Delay = 0.00>
ST_1 : Operation 23 [1/1] (0.00ns)   --->   "%tmp_131 = trunc i32 %tmp_741_i to i5" [bi_lstm/src/rnn.cpp:349]   --->   Operation 23 'trunc' 'tmp_131' <Predicate = true> <Delay = 0.00>
ST_1 : Operation 24 [1/1] (0.00ns)   --->   "%tmp_138 = trunc i32 %l_i to i8" [bi_lstm/src/rnn.cpp:349]   --->   Operation 24 'trunc' 'tmp_138' <Predicate = true> <Delay = 0.00>
ST_1 : Operation 25 [1/1] (2.13ns)   --->   "%tmp_70_1_i = icmp eq i16 %p_read_10, 0" [bi_lstm/src/rnn.cpp:349]   --->   Operation 25 'icmp' 'tmp_70_1_i' <Predicate = true> <Delay = 2.13> <Core = "Cmp">   --->   Core 25 'Cmp' <Latency = 0> <II = 1> <Delay = 1.96> <FuncUnit> <Opcode : 'icmp'> <InPorts = 2> <OutPorts = 1>
ST_1 : Operation 26 [1/1] (0.00ns)   --->   "%tmp_139 = call i1 @_ssdm_op_BitSelect.i1.i16.i32(i16 %p_read_10, i32 15)" [bi_lstm/src/rnn.cpp:349]   --->   Operation 26 'bitselect' 'tmp_139' <Predicate = true> <Delay = 0.00>
ST_1 : Operation 27 [1/1] (1.54ns)   --->   "%tmp_V_1_i = sub i16 0, %p_read_10" [bi_lstm/src/rnn.cpp:349]   --->   Operation 27 'sub' 'tmp_V_1_i' <Predicate = true> <Delay = 1.54> <Core = "AddSub">   --->   Core 14 'AddSub' <Latency = 0> <II = 1> <Delay = 1.89> <FuncUnit> <Opcode : 'add' 'sub'> <InPorts = 2> <OutPorts = 1>
ST_1 : Operation 28 [1/1] (0.62ns)   --->   "%p_Val2_1_i_54 = select i1 %tmp_139, i16 %tmp_V_1_i, i16 %p_read_10" [bi_lstm/src/rnn.cpp:349]   --->   Operation 28 'select' 'p_Val2_1_i_54' <Predicate = true> <Delay = 0.62> <Core = "Sel">   --->   Core 26 'Sel' <Latency = 0> <II = 1> <Delay = 0.70> <FuncUnit> <Opcode : 'select'> <InPorts = 3> <OutPorts = 1>
ST_1 : Operation 29 [1/1] (0.00ns)   --->   "%p_Result_17_1_i = call i16 @llvm.part.select.i16(i16 %p_Val2_1_i_54, i32 15, i32 0) nounwind" [bi_lstm/src/rnn.cpp:349]   --->   Operation 29 'partselect' 'p_Result_17_1_i' <Predicate = true> <Delay = 0.00>
ST_1 : Operation 30 [1/1] (0.00ns)   --->   "%p_Result_27_1_i = call i32 @_ssdm_op_BitConcatenate.i32.i16.i16(i16 -1, i16 %p_Result_17_1_i)" [bi_lstm/src/rnn.cpp:349]   --->   Operation 30 'bitconcatenate' 'p_Result_27_1_i' <Predicate = true> <Delay = 0.00>
ST_1 : Operation 31 [1/1] (2.79ns)   --->   "%l_1_i = call i32 @llvm.cttz.i32(i32 %p_Result_27_1_i, i1 true) nounwind" [bi_lstm/src/rnn.cpp:349]   --->   Operation 31 'cttz' 'l_1_i' <Predicate = true> <Delay = 2.79> <Core = "CTTZ">   --->   Core 64 'CTTZ' <Latency = 0> <II = 1> <Delay = 2.79> <FuncUnit> <Opcode : 'cttz'> <InPorts = 1> <OutPorts = 1>
ST_1 : Operation 32 [1/1] (1.89ns)   --->   "%tmp_74_1_i = sub nsw i32 16, %l_1_i" [bi_lstm/src/rnn.cpp:349]   --->   Operation 32 'sub' 'tmp_74_1_i' <Predicate = true> <Delay = 1.89> <Core = "AddSub">   --->   Core 14 'AddSub' <Latency = 0> <II = 1> <Delay = 1.89> <FuncUnit> <Opcode : 'add' 'sub'> <InPorts = 2> <OutPorts = 1>
ST_1 : Operation 33 [1/1] (0.00ns)   --->   "%tmp_140 = trunc i32 %tmp_74_1_i to i16" [bi_lstm/src/rnn.cpp:349]   --->   Operation 33 'trunc' 'tmp_140' <Predicate = true> <Delay = 0.00>
ST_1 : Operation 34 [1/1] (0.00ns)   --->   "%tmp_142 = trunc i32 %tmp_74_1_i to i5" [bi_lstm/src/rnn.cpp:349]   --->   Operation 34 'trunc' 'tmp_142' <Predicate = true> <Delay = 0.00>
ST_1 : Operation 35 [1/1] (0.00ns)   --->   "%tmp_149 = trunc i32 %l_1_i to i8" [bi_lstm/src/rnn.cpp:349]   --->   Operation 35 'trunc' 'tmp_149' <Predicate = true> <Delay = 0.00>
ST_1 : Operation 36 [1/1] (2.13ns)   --->   "%tmp_70_2_i = icmp eq i16 %p_read_9, 0" [bi_lstm/src/rnn.cpp:349]   --->   Operation 36 'icmp' 'tmp_70_2_i' <Predicate = true> <Delay = 2.13> <Core = "Cmp">   --->   Core 25 'Cmp' <Latency = 0> <II = 1> <Delay = 1.96> <FuncUnit> <Opcode : 'icmp'> <InPorts = 2> <OutPorts = 1>
ST_1 : Operation 37 [1/1] (0.00ns)   --->   "%tmp_150 = call i1 @_ssdm_op_BitSelect.i1.i16.i32(i16 %p_read_9, i32 15)" [bi_lstm/src/rnn.cpp:349]   --->   Operation 37 'bitselect' 'tmp_150' <Predicate = true> <Delay = 0.00>
ST_1 : Operation 38 [1/1] (1.54ns)   --->   "%tmp_V_2_i = sub i16 0, %p_read_9" [bi_lstm/src/rnn.cpp:349]   --->   Operation 38 'sub' 'tmp_V_2_i' <Predicate = true> <Delay = 1.54> <Core = "AddSub">   --->   Core 14 'AddSub' <Latency = 0> <II = 1> <Delay = 1.89> <FuncUnit> <Opcode : 'add' 'sub'> <InPorts = 2> <OutPorts = 1>
ST_1 : Operation 39 [1/1] (0.62ns)   --->   "%p_Val2_2_i = select i1 %tmp_150, i16 %tmp_V_2_i, i16 %p_read_9" [bi_lstm/src/rnn.cpp:349]   --->   Operation 39 'select' 'p_Val2_2_i' <Predicate = true> <Delay = 0.62> <Core = "Sel">   --->   Core 26 'Sel' <Latency = 0> <II = 1> <Delay = 0.70> <FuncUnit> <Opcode : 'select'> <InPorts = 3> <OutPorts = 1>
ST_1 : Operation 40 [1/1] (0.00ns)   --->   "%p_Result_17_2_i = call i16 @llvm.part.select.i16(i16 %p_Val2_2_i, i32 15, i32 0) nounwind" [bi_lstm/src/rnn.cpp:349]   --->   Operation 40 'partselect' 'p_Result_17_2_i' <Predicate = true> <Delay = 0.00>
ST_1 : Operation 41 [1/1] (0.00ns)   --->   "%p_Result_27_2_i = call i32 @_ssdm_op_BitConcatenate.i32.i16.i16(i16 -1, i16 %p_Result_17_2_i)" [bi_lstm/src/rnn.cpp:349]   --->   Operation 41 'bitconcatenate' 'p_Result_27_2_i' <Predicate = true> <Delay = 0.00>
ST_1 : Operation 42 [1/1] (2.79ns)   --->   "%l_2_i = call i32 @llvm.cttz.i32(i32 %p_Result_27_2_i, i1 true) nounwind" [bi_lstm/src/rnn.cpp:349]   --->   Operation 42 'cttz' 'l_2_i' <Predicate = true> <Delay = 2.79> <Core = "CTTZ">   --->   Core 64 'CTTZ' <Latency = 0> <II = 1> <Delay = 2.79> <FuncUnit> <Opcode : 'cttz'> <InPorts = 1> <OutPorts = 1>
ST_1 : Operation 43 [1/1] (1.89ns)   --->   "%tmp_74_2_i = sub nsw i32 16, %l_2_i" [bi_lstm/src/rnn.cpp:349]   --->   Operation 43 'sub' 'tmp_74_2_i' <Predicate = true> <Delay = 1.89> <Core = "AddSub">   --->   Core 14 'AddSub' <Latency = 0> <II = 1> <Delay = 1.89> <FuncUnit> <Opcode : 'add' 'sub'> <InPorts = 2> <OutPorts = 1>
ST_1 : Operation 44 [1/1] (0.00ns)   --->   "%tmp_151 = trunc i32 %tmp_74_2_i to i16" [bi_lstm/src/rnn.cpp:349]   --->   Operation 44 'trunc' 'tmp_151' <Predicate = true> <Delay = 0.00>
ST_1 : Operation 45 [1/1] (0.00ns)   --->   "%tmp_153 = trunc i32 %tmp_74_2_i to i5" [bi_lstm/src/rnn.cpp:349]   --->   Operation 45 'trunc' 'tmp_153' <Predicate = true> <Delay = 0.00>
ST_1 : Operation 46 [1/1] (0.00ns)   --->   "%tmp_160 = trunc i32 %l_2_i to i8" [bi_lstm/src/rnn.cpp:349]   --->   Operation 46 'trunc' 'tmp_160' <Predicate = true> <Delay = 0.00>
ST_1 : Operation 47 [1/1] (2.13ns)   --->   "%tmp_70_3_i = icmp eq i16 %p_read_8, 0" [bi_lstm/src/rnn.cpp:349]   --->   Operation 47 'icmp' 'tmp_70_3_i' <Predicate = true> <Delay = 2.13> <Core = "Cmp">   --->   Core 25 'Cmp' <Latency = 0> <II = 1> <Delay = 1.96> <FuncUnit> <Opcode : 'icmp'> <InPorts = 2> <OutPorts = 1>
ST_1 : Operation 48 [1/1] (0.00ns)   --->   "%tmp_161 = call i1 @_ssdm_op_BitSelect.i1.i16.i32(i16 %p_read_8, i32 15)" [bi_lstm/src/rnn.cpp:349]   --->   Operation 48 'bitselect' 'tmp_161' <Predicate = true> <Delay = 0.00>
ST_1 : Operation 49 [1/1] (1.54ns)   --->   "%tmp_V_3_i = sub i16 0, %p_read_8" [bi_lstm/src/rnn.cpp:349]   --->   Operation 49 'sub' 'tmp_V_3_i' <Predicate = true> <Delay = 1.54> <Core = "AddSub">   --->   Core 14 'AddSub' <Latency = 0> <II = 1> <Delay = 1.89> <FuncUnit> <Opcode : 'add' 'sub'> <InPorts = 2> <OutPorts = 1>
ST_1 : Operation 50 [1/1] (0.62ns)   --->   "%p_Val2_3_i = select i1 %tmp_161, i16 %tmp_V_3_i, i16 %p_read_8" [bi_lstm/src/rnn.cpp:349]   --->   Operation 50 'select' 'p_Val2_3_i' <Predicate = true> <Delay = 0.62> <Core = "Sel">   --->   Core 26 'Sel' <Latency = 0> <II = 1> <Delay = 0.70> <FuncUnit> <Opcode : 'select'> <InPorts = 3> <OutPorts = 1>
ST_1 : Operation 51 [1/1] (0.00ns)   --->   "%p_Result_17_3_i = call i16 @llvm.part.select.i16(i16 %p_Val2_3_i, i32 15, i32 0) nounwind" [bi_lstm/src/rnn.cpp:349]   --->   Operation 51 'partselect' 'p_Result_17_3_i' <Predicate = true> <Delay = 0.00>
ST_1 : Operation 52 [1/1] (0.00ns)   --->   "%p_Result_27_3_i = call i32 @_ssdm_op_BitConcatenate.i32.i16.i16(i16 -1, i16 %p_Result_17_3_i)" [bi_lstm/src/rnn.cpp:349]   --->   Operation 52 'bitconcatenate' 'p_Result_27_3_i' <Predicate = true> <Delay = 0.00>
ST_1 : Operation 53 [1/1] (2.79ns)   --->   "%l_3_i = call i32 @llvm.cttz.i32(i32 %p_Result_27_3_i, i1 true) nounwind" [bi_lstm/src/rnn.cpp:349]   --->   Operation 53 'cttz' 'l_3_i' <Predicate = true> <Delay = 2.79> <Core = "CTTZ">   --->   Core 64 'CTTZ' <Latency = 0> <II = 1> <Delay = 2.79> <FuncUnit> <Opcode : 'cttz'> <InPorts = 1> <OutPorts = 1>
ST_1 : Operation 54 [1/1] (1.89ns)   --->   "%tmp_74_3_i = sub nsw i32 16, %l_3_i" [bi_lstm/src/rnn.cpp:349]   --->   Operation 54 'sub' 'tmp_74_3_i' <Predicate = true> <Delay = 1.89> <Core = "AddSub">   --->   Core 14 'AddSub' <Latency = 0> <II = 1> <Delay = 1.89> <FuncUnit> <Opcode : 'add' 'sub'> <InPorts = 2> <OutPorts = 1>
ST_1 : Operation 55 [1/1] (0.00ns)   --->   "%tmp_162 = trunc i32 %tmp_74_3_i to i16" [bi_lstm/src/rnn.cpp:349]   --->   Operation 55 'trunc' 'tmp_162' <Predicate = true> <Delay = 0.00>
ST_1 : Operation 56 [1/1] (0.00ns)   --->   "%tmp_164 = trunc i32 %tmp_74_3_i to i5" [bi_lstm/src/rnn.cpp:349]   --->   Operation 56 'trunc' 'tmp_164' <Predicate = true> <Delay = 0.00>
ST_1 : Operation 57 [1/1] (0.00ns)   --->   "%tmp_171 = trunc i32 %l_3_i to i8" [bi_lstm/src/rnn.cpp:349]   --->   Operation 57 'trunc' 'tmp_171' <Predicate = true> <Delay = 0.00>
ST_1 : Operation 58 [1/1] (2.13ns)   --->   "%tmp_70_4_i = icmp eq i16 %p_read_7, 0" [bi_lstm/src/rnn.cpp:349]   --->   Operation 58 'icmp' 'tmp_70_4_i' <Predicate = true> <Delay = 2.13> <Core = "Cmp">   --->   Core 25 'Cmp' <Latency = 0> <II = 1> <Delay = 1.96> <FuncUnit> <Opcode : 'icmp'> <InPorts = 2> <OutPorts = 1>
ST_1 : Operation 59 [1/1] (0.00ns)   --->   "%tmp_172 = call i1 @_ssdm_op_BitSelect.i1.i16.i32(i16 %p_read_7, i32 15)" [bi_lstm/src/rnn.cpp:349]   --->   Operation 59 'bitselect' 'tmp_172' <Predicate = true> <Delay = 0.00>
ST_1 : Operation 60 [1/1] (1.54ns)   --->   "%tmp_V_4_i = sub i16 0, %p_read_7" [bi_lstm/src/rnn.cpp:349]   --->   Operation 60 'sub' 'tmp_V_4_i' <Predicate = true> <Delay = 1.54> <Core = "AddSub">   --->   Core 14 'AddSub' <Latency = 0> <II = 1> <Delay = 1.89> <FuncUnit> <Opcode : 'add' 'sub'> <InPorts = 2> <OutPorts = 1>
ST_1 : Operation 61 [1/1] (0.62ns)   --->   "%p_Val2_4_i = select i1 %tmp_172, i16 %tmp_V_4_i, i16 %p_read_7" [bi_lstm/src/rnn.cpp:349]   --->   Operation 61 'select' 'p_Val2_4_i' <Predicate = true> <Delay = 0.62> <Core = "Sel">   --->   Core 26 'Sel' <Latency = 0> <II = 1> <Delay = 0.70> <FuncUnit> <Opcode : 'select'> <InPorts = 3> <OutPorts = 1>
ST_1 : Operation 62 [1/1] (0.00ns)   --->   "%p_Result_17_4_i = call i16 @llvm.part.select.i16(i16 %p_Val2_4_i, i32 15, i32 0) nounwind" [bi_lstm/src/rnn.cpp:349]   --->   Operation 62 'partselect' 'p_Result_17_4_i' <Predicate = true> <Delay = 0.00>
ST_1 : Operation 63 [1/1] (0.00ns)   --->   "%p_Result_27_4_i = call i32 @_ssdm_op_BitConcatenate.i32.i16.i16(i16 -1, i16 %p_Result_17_4_i)" [bi_lstm/src/rnn.cpp:349]   --->   Operation 63 'bitconcatenate' 'p_Result_27_4_i' <Predicate = true> <Delay = 0.00>
ST_1 : Operation 64 [1/1] (2.79ns)   --->   "%l_4_i = call i32 @llvm.cttz.i32(i32 %p_Result_27_4_i, i1 true) nounwind" [bi_lstm/src/rnn.cpp:349]   --->   Operation 64 'cttz' 'l_4_i' <Predicate = true> <Delay = 2.79> <Core = "CTTZ">   --->   Core 64 'CTTZ' <Latency = 0> <II = 1> <Delay = 2.79> <FuncUnit> <Opcode : 'cttz'> <InPorts = 1> <OutPorts = 1>
ST_1 : Operation 65 [1/1] (1.89ns)   --->   "%tmp_74_4_i = sub nsw i32 16, %l_4_i" [bi_lstm/src/rnn.cpp:349]   --->   Operation 65 'sub' 'tmp_74_4_i' <Predicate = true> <Delay = 1.89> <Core = "AddSub">   --->   Core 14 'AddSub' <Latency = 0> <II = 1> <Delay = 1.89> <FuncUnit> <Opcode : 'add' 'sub'> <InPorts = 2> <OutPorts = 1>
ST_1 : Operation 66 [1/1] (0.00ns)   --->   "%tmp_173 = trunc i32 %tmp_74_4_i to i16" [bi_lstm/src/rnn.cpp:349]   --->   Operation 66 'trunc' 'tmp_173' <Predicate = true> <Delay = 0.00>
ST_1 : Operation 67 [1/1] (0.00ns)   --->   "%tmp_175 = trunc i32 %tmp_74_4_i to i5" [bi_lstm/src/rnn.cpp:349]   --->   Operation 67 'trunc' 'tmp_175' <Predicate = true> <Delay = 0.00>
ST_1 : Operation 68 [1/1] (0.00ns)   --->   "%tmp_182 = trunc i32 %l_4_i to i8" [bi_lstm/src/rnn.cpp:349]   --->   Operation 68 'trunc' 'tmp_182' <Predicate = true> <Delay = 0.00>
ST_1 : Operation 69 [1/1] (2.13ns)   --->   "%tmp_70_5_i = icmp eq i16 %p_read_6, 0" [bi_lstm/src/rnn.cpp:349]   --->   Operation 69 'icmp' 'tmp_70_5_i' <Predicate = true> <Delay = 2.13> <Core = "Cmp">   --->   Core 25 'Cmp' <Latency = 0> <II = 1> <Delay = 1.96> <FuncUnit> <Opcode : 'icmp'> <InPorts = 2> <OutPorts = 1>
ST_1 : Operation 70 [1/1] (0.00ns)   --->   "%tmp_183 = call i1 @_ssdm_op_BitSelect.i1.i16.i32(i16 %p_read_6, i32 15)" [bi_lstm/src/rnn.cpp:349]   --->   Operation 70 'bitselect' 'tmp_183' <Predicate = true> <Delay = 0.00>
ST_1 : Operation 71 [1/1] (1.54ns)   --->   "%tmp_V_5_i = sub i16 0, %p_read_6" [bi_lstm/src/rnn.cpp:349]   --->   Operation 71 'sub' 'tmp_V_5_i' <Predicate = true> <Delay = 1.54> <Core = "AddSub">   --->   Core 14 'AddSub' <Latency = 0> <II = 1> <Delay = 1.89> <FuncUnit> <Opcode : 'add' 'sub'> <InPorts = 2> <OutPorts = 1>
ST_1 : Operation 72 [1/1] (0.62ns)   --->   "%p_Val2_5_i = select i1 %tmp_183, i16 %tmp_V_5_i, i16 %p_read_6" [bi_lstm/src/rnn.cpp:349]   --->   Operation 72 'select' 'p_Val2_5_i' <Predicate = true> <Delay = 0.62> <Core = "Sel">   --->   Core 26 'Sel' <Latency = 0> <II = 1> <Delay = 0.70> <FuncUnit> <Opcode : 'select'> <InPorts = 3> <OutPorts = 1>
ST_1 : Operation 73 [1/1] (0.00ns)   --->   "%p_Result_17_5_i = call i16 @llvm.part.select.i16(i16 %p_Val2_5_i, i32 15, i32 0) nounwind" [bi_lstm/src/rnn.cpp:349]   --->   Operation 73 'partselect' 'p_Result_17_5_i' <Predicate = true> <Delay = 0.00>
ST_1 : Operation 74 [1/1] (0.00ns)   --->   "%p_Result_27_5_i = call i32 @_ssdm_op_BitConcatenate.i32.i16.i16(i16 -1, i16 %p_Result_17_5_i)" [bi_lstm/src/rnn.cpp:349]   --->   Operation 74 'bitconcatenate' 'p_Result_27_5_i' <Predicate = true> <Delay = 0.00>
ST_1 : Operation 75 [1/1] (2.79ns)   --->   "%l_5_i = call i32 @llvm.cttz.i32(i32 %p_Result_27_5_i, i1 true) nounwind" [bi_lstm/src/rnn.cpp:349]   --->   Operation 75 'cttz' 'l_5_i' <Predicate = true> <Delay = 2.79> <Core = "CTTZ">   --->   Core 64 'CTTZ' <Latency = 0> <II = 1> <Delay = 2.79> <FuncUnit> <Opcode : 'cttz'> <InPorts = 1> <OutPorts = 1>
ST_1 : Operation 76 [1/1] (1.89ns)   --->   "%tmp_74_5_i = sub nsw i32 16, %l_5_i" [bi_lstm/src/rnn.cpp:349]   --->   Operation 76 'sub' 'tmp_74_5_i' <Predicate = true> <Delay = 1.89> <Core = "AddSub">   --->   Core 14 'AddSub' <Latency = 0> <II = 1> <Delay = 1.89> <FuncUnit> <Opcode : 'add' 'sub'> <InPorts = 2> <OutPorts = 1>
ST_1 : Operation 77 [1/1] (0.00ns)   --->   "%tmp_184 = trunc i32 %tmp_74_5_i to i16" [bi_lstm/src/rnn.cpp:349]   --->   Operation 77 'trunc' 'tmp_184' <Predicate = true> <Delay = 0.00>
ST_1 : Operation 78 [1/1] (0.00ns)   --->   "%tmp_186 = trunc i32 %tmp_74_5_i to i5" [bi_lstm/src/rnn.cpp:349]   --->   Operation 78 'trunc' 'tmp_186' <Predicate = true> <Delay = 0.00>
ST_1 : Operation 79 [1/1] (0.00ns)   --->   "%tmp_193 = trunc i32 %l_5_i to i8" [bi_lstm/src/rnn.cpp:349]   --->   Operation 79 'trunc' 'tmp_193' <Predicate = true> <Delay = 0.00>
ST_1 : Operation 80 [1/1] (2.13ns)   --->   "%tmp_70_6_i = icmp eq i16 %p_read_5, 0" [bi_lstm/src/rnn.cpp:349]   --->   Operation 80 'icmp' 'tmp_70_6_i' <Predicate = true> <Delay = 2.13> <Core = "Cmp">   --->   Core 25 'Cmp' <Latency = 0> <II = 1> <Delay = 1.96> <FuncUnit> <Opcode : 'icmp'> <InPorts = 2> <OutPorts = 1>
ST_1 : Operation 81 [1/1] (0.00ns)   --->   "%tmp_194 = call i1 @_ssdm_op_BitSelect.i1.i16.i32(i16 %p_read_5, i32 15)" [bi_lstm/src/rnn.cpp:349]   --->   Operation 81 'bitselect' 'tmp_194' <Predicate = true> <Delay = 0.00>
ST_1 : Operation 82 [1/1] (1.54ns)   --->   "%tmp_V_6_i = sub i16 0, %p_read_5" [bi_lstm/src/rnn.cpp:349]   --->   Operation 82 'sub' 'tmp_V_6_i' <Predicate = true> <Delay = 1.54> <Core = "AddSub">   --->   Core 14 'AddSub' <Latency = 0> <II = 1> <Delay = 1.89> <FuncUnit> <Opcode : 'add' 'sub'> <InPorts = 2> <OutPorts = 1>
ST_1 : Operation 83 [1/1] (0.62ns)   --->   "%p_Val2_6_i = select i1 %tmp_194, i16 %tmp_V_6_i, i16 %p_read_5" [bi_lstm/src/rnn.cpp:349]   --->   Operation 83 'select' 'p_Val2_6_i' <Predicate = true> <Delay = 0.62> <Core = "Sel">   --->   Core 26 'Sel' <Latency = 0> <II = 1> <Delay = 0.70> <FuncUnit> <Opcode : 'select'> <InPorts = 3> <OutPorts = 1>
ST_1 : Operation 84 [1/1] (0.00ns)   --->   "%p_Result_17_6_i = call i16 @llvm.part.select.i16(i16 %p_Val2_6_i, i32 15, i32 0) nounwind" [bi_lstm/src/rnn.cpp:349]   --->   Operation 84 'partselect' 'p_Result_17_6_i' <Predicate = true> <Delay = 0.00>
ST_1 : Operation 85 [1/1] (0.00ns)   --->   "%p_Result_27_6_i = call i32 @_ssdm_op_BitConcatenate.i32.i16.i16(i16 -1, i16 %p_Result_17_6_i)" [bi_lstm/src/rnn.cpp:349]   --->   Operation 85 'bitconcatenate' 'p_Result_27_6_i' <Predicate = true> <Delay = 0.00>
ST_1 : Operation 86 [1/1] (2.79ns)   --->   "%l_6_i = call i32 @llvm.cttz.i32(i32 %p_Result_27_6_i, i1 true) nounwind" [bi_lstm/src/rnn.cpp:349]   --->   Operation 86 'cttz' 'l_6_i' <Predicate = true> <Delay = 2.79> <Core = "CTTZ">   --->   Core 64 'CTTZ' <Latency = 0> <II = 1> <Delay = 2.79> <FuncUnit> <Opcode : 'cttz'> <InPorts = 1> <OutPorts = 1>
ST_1 : Operation 87 [1/1] (1.89ns)   --->   "%tmp_74_6_i = sub nsw i32 16, %l_6_i" [bi_lstm/src/rnn.cpp:349]   --->   Operation 87 'sub' 'tmp_74_6_i' <Predicate = true> <Delay = 1.89> <Core = "AddSub">   --->   Core 14 'AddSub' <Latency = 0> <II = 1> <Delay = 1.89> <FuncUnit> <Opcode : 'add' 'sub'> <InPorts = 2> <OutPorts = 1>
ST_1 : Operation 88 [1/1] (0.00ns)   --->   "%tmp_195 = trunc i32 %tmp_74_6_i to i16" [bi_lstm/src/rnn.cpp:349]   --->   Operation 88 'trunc' 'tmp_195' <Predicate = true> <Delay = 0.00>
ST_1 : Operation 89 [1/1] (0.00ns)   --->   "%tmp_197 = trunc i32 %tmp_74_6_i to i5" [bi_lstm/src/rnn.cpp:349]   --->   Operation 89 'trunc' 'tmp_197' <Predicate = true> <Delay = 0.00>
ST_1 : Operation 90 [1/1] (0.00ns)   --->   "%tmp_204 = trunc i32 %l_6_i to i8" [bi_lstm/src/rnn.cpp:349]   --->   Operation 90 'trunc' 'tmp_204' <Predicate = true> <Delay = 0.00>
ST_1 : Operation 91 [1/1] (2.13ns)   --->   "%tmp_70_7_i = icmp eq i16 %p_read_4, 0" [bi_lstm/src/rnn.cpp:349]   --->   Operation 91 'icmp' 'tmp_70_7_i' <Predicate = true> <Delay = 2.13> <Core = "Cmp">   --->   Core 25 'Cmp' <Latency = 0> <II = 1> <Delay = 1.96> <FuncUnit> <Opcode : 'icmp'> <InPorts = 2> <OutPorts = 1>
ST_1 : Operation 92 [1/1] (0.00ns)   --->   "%tmp_205 = call i1 @_ssdm_op_BitSelect.i1.i16.i32(i16 %p_read_4, i32 15)" [bi_lstm/src/rnn.cpp:349]   --->   Operation 92 'bitselect' 'tmp_205' <Predicate = true> <Delay = 0.00>
ST_1 : Operation 93 [1/1] (1.54ns)   --->   "%tmp_V_7_i = sub i16 0, %p_read_4" [bi_lstm/src/rnn.cpp:349]   --->   Operation 93 'sub' 'tmp_V_7_i' <Predicate = true> <Delay = 1.54> <Core = "AddSub">   --->   Core 14 'AddSub' <Latency = 0> <II = 1> <Delay = 1.89> <FuncUnit> <Opcode : 'add' 'sub'> <InPorts = 2> <OutPorts = 1>
ST_1 : Operation 94 [1/1] (0.62ns)   --->   "%p_Val2_7_i = select i1 %tmp_205, i16 %tmp_V_7_i, i16 %p_read_4" [bi_lstm/src/rnn.cpp:349]   --->   Operation 94 'select' 'p_Val2_7_i' <Predicate = true> <Delay = 0.62> <Core = "Sel">   --->   Core 26 'Sel' <Latency = 0> <II = 1> <Delay = 0.70> <FuncUnit> <Opcode : 'select'> <InPorts = 3> <OutPorts = 1>
ST_1 : Operation 95 [1/1] (0.00ns)   --->   "%p_Result_17_7_i = call i16 @llvm.part.select.i16(i16 %p_Val2_7_i, i32 15, i32 0) nounwind" [bi_lstm/src/rnn.cpp:349]   --->   Operation 95 'partselect' 'p_Result_17_7_i' <Predicate = true> <Delay = 0.00>
ST_1 : Operation 96 [1/1] (0.00ns)   --->   "%p_Result_27_7_i = call i32 @_ssdm_op_BitConcatenate.i32.i16.i16(i16 -1, i16 %p_Result_17_7_i)" [bi_lstm/src/rnn.cpp:349]   --->   Operation 96 'bitconcatenate' 'p_Result_27_7_i' <Predicate = true> <Delay = 0.00>
ST_1 : Operation 97 [1/1] (2.79ns)   --->   "%l_7_i = call i32 @llvm.cttz.i32(i32 %p_Result_27_7_i, i1 true) nounwind" [bi_lstm/src/rnn.cpp:349]   --->   Operation 97 'cttz' 'l_7_i' <Predicate = true> <Delay = 2.79> <Core = "CTTZ">   --->   Core 64 'CTTZ' <Latency = 0> <II = 1> <Delay = 2.79> <FuncUnit> <Opcode : 'cttz'> <InPorts = 1> <OutPorts = 1>
ST_1 : Operation 98 [1/1] (1.89ns)   --->   "%tmp_74_7_i = sub nsw i32 16, %l_7_i" [bi_lstm/src/rnn.cpp:349]   --->   Operation 98 'sub' 'tmp_74_7_i' <Predicate = true> <Delay = 1.89> <Core = "AddSub">   --->   Core 14 'AddSub' <Latency = 0> <II = 1> <Delay = 1.89> <FuncUnit> <Opcode : 'add' 'sub'> <InPorts = 2> <OutPorts = 1>
ST_1 : Operation 99 [1/1] (0.00ns)   --->   "%tmp_206 = trunc i32 %tmp_74_7_i to i16" [bi_lstm/src/rnn.cpp:349]   --->   Operation 99 'trunc' 'tmp_206' <Predicate = true> <Delay = 0.00>
ST_1 : Operation 100 [1/1] (0.00ns)   --->   "%tmp_208 = trunc i32 %tmp_74_7_i to i5" [bi_lstm/src/rnn.cpp:349]   --->   Operation 100 'trunc' 'tmp_208' <Predicate = true> <Delay = 0.00>
ST_1 : Operation 101 [1/1] (0.00ns)   --->   "%tmp_215 = trunc i32 %l_7_i to i8" [bi_lstm/src/rnn.cpp:349]   --->   Operation 101 'trunc' 'tmp_215' <Predicate = true> <Delay = 0.00>
ST_1 : Operation 102 [1/1] (2.13ns)   --->   "%tmp_70_8_i = icmp eq i16 %p_read_3, 0" [bi_lstm/src/rnn.cpp:349]   --->   Operation 102 'icmp' 'tmp_70_8_i' <Predicate = true> <Delay = 2.13> <Core = "Cmp">   --->   Core 25 'Cmp' <Latency = 0> <II = 1> <Delay = 1.96> <FuncUnit> <Opcode : 'icmp'> <InPorts = 2> <OutPorts = 1>
ST_1 : Operation 103 [1/1] (0.00ns)   --->   "%tmp_216 = call i1 @_ssdm_op_BitSelect.i1.i16.i32(i16 %p_read_3, i32 15)" [bi_lstm/src/rnn.cpp:349]   --->   Operation 103 'bitselect' 'tmp_216' <Predicate = true> <Delay = 0.00>
ST_1 : Operation 104 [1/1] (1.54ns)   --->   "%tmp_V_8_i = sub i16 0, %p_read_3" [bi_lstm/src/rnn.cpp:349]   --->   Operation 104 'sub' 'tmp_V_8_i' <Predicate = true> <Delay = 1.54> <Core = "AddSub">   --->   Core 14 'AddSub' <Latency = 0> <II = 1> <Delay = 1.89> <FuncUnit> <Opcode : 'add' 'sub'> <InPorts = 2> <OutPorts = 1>
ST_1 : Operation 105 [1/1] (0.62ns)   --->   "%p_Val2_8_i = select i1 %tmp_216, i16 %tmp_V_8_i, i16 %p_read_3" [bi_lstm/src/rnn.cpp:349]   --->   Operation 105 'select' 'p_Val2_8_i' <Predicate = true> <Delay = 0.62> <Core = "Sel">   --->   Core 26 'Sel' <Latency = 0> <II = 1> <Delay = 0.70> <FuncUnit> <Opcode : 'select'> <InPorts = 3> <OutPorts = 1>
ST_1 : Operation 106 [1/1] (0.00ns)   --->   "%p_Result_17_8_i = call i16 @llvm.part.select.i16(i16 %p_Val2_8_i, i32 15, i32 0) nounwind" [bi_lstm/src/rnn.cpp:349]   --->   Operation 106 'partselect' 'p_Result_17_8_i' <Predicate = true> <Delay = 0.00>
ST_1 : Operation 107 [1/1] (0.00ns)   --->   "%p_Result_27_8_i = call i32 @_ssdm_op_BitConcatenate.i32.i16.i16(i16 -1, i16 %p_Result_17_8_i)" [bi_lstm/src/rnn.cpp:349]   --->   Operation 107 'bitconcatenate' 'p_Result_27_8_i' <Predicate = true> <Delay = 0.00>
ST_1 : Operation 108 [1/1] (2.79ns)   --->   "%l_8_i = call i32 @llvm.cttz.i32(i32 %p_Result_27_8_i, i1 true) nounwind" [bi_lstm/src/rnn.cpp:349]   --->   Operation 108 'cttz' 'l_8_i' <Predicate = true> <Delay = 2.79> <Core = "CTTZ">   --->   Core 64 'CTTZ' <Latency = 0> <II = 1> <Delay = 2.79> <FuncUnit> <Opcode : 'cttz'> <InPorts = 1> <OutPorts = 1>
ST_1 : Operation 109 [1/1] (1.89ns)   --->   "%tmp_74_8_i = sub nsw i32 16, %l_8_i" [bi_lstm/src/rnn.cpp:349]   --->   Operation 109 'sub' 'tmp_74_8_i' <Predicate = true> <Delay = 1.89> <Core = "AddSub">   --->   Core 14 'AddSub' <Latency = 0> <II = 1> <Delay = 1.89> <FuncUnit> <Opcode : 'add' 'sub'> <InPorts = 2> <OutPorts = 1>
ST_1 : Operation 110 [1/1] (0.00ns)   --->   "%tmp_217 = trunc i32 %tmp_74_8_i to i16" [bi_lstm/src/rnn.cpp:349]   --->   Operation 110 'trunc' 'tmp_217' <Predicate = true> <Delay = 0.00>
ST_1 : Operation 111 [1/1] (0.00ns)   --->   "%tmp_219 = trunc i32 %tmp_74_8_i to i5" [bi_lstm/src/rnn.cpp:349]   --->   Operation 111 'trunc' 'tmp_219' <Predicate = true> <Delay = 0.00>
ST_1 : Operation 112 [1/1] (0.00ns)   --->   "%tmp_226 = trunc i32 %l_8_i to i8" [bi_lstm/src/rnn.cpp:349]   --->   Operation 112 'trunc' 'tmp_226' <Predicate = true> <Delay = 0.00>
ST_1 : Operation 113 [1/1] (2.13ns)   --->   "%tmp_70_9_i = icmp eq i16 %p_read_2, 0" [bi_lstm/src/rnn.cpp:349]   --->   Operation 113 'icmp' 'tmp_70_9_i' <Predicate = true> <Delay = 2.13> <Core = "Cmp">   --->   Core 25 'Cmp' <Latency = 0> <II = 1> <Delay = 1.96> <FuncUnit> <Opcode : 'icmp'> <InPorts = 2> <OutPorts = 1>
ST_1 : Operation 114 [1/1] (0.00ns)   --->   "%tmp_227 = call i1 @_ssdm_op_BitSelect.i1.i16.i32(i16 %p_read_2, i32 15)" [bi_lstm/src/rnn.cpp:349]   --->   Operation 114 'bitselect' 'tmp_227' <Predicate = true> <Delay = 0.00>
ST_1 : Operation 115 [1/1] (1.54ns)   --->   "%tmp_V_9_i = sub i16 0, %p_read_2" [bi_lstm/src/rnn.cpp:349]   --->   Operation 115 'sub' 'tmp_V_9_i' <Predicate = true> <Delay = 1.54> <Core = "AddSub">   --->   Core 14 'AddSub' <Latency = 0> <II = 1> <Delay = 1.89> <FuncUnit> <Opcode : 'add' 'sub'> <InPorts = 2> <OutPorts = 1>
ST_1 : Operation 116 [1/1] (0.62ns)   --->   "%p_Val2_9_i = select i1 %tmp_227, i16 %tmp_V_9_i, i16 %p_read_2" [bi_lstm/src/rnn.cpp:349]   --->   Operation 116 'select' 'p_Val2_9_i' <Predicate = true> <Delay = 0.62> <Core = "Sel">   --->   Core 26 'Sel' <Latency = 0> <II = 1> <Delay = 0.70> <FuncUnit> <Opcode : 'select'> <InPorts = 3> <OutPorts = 1>
ST_1 : Operation 117 [1/1] (0.00ns)   --->   "%p_Result_17_9_i = call i16 @llvm.part.select.i16(i16 %p_Val2_9_i, i32 15, i32 0) nounwind" [bi_lstm/src/rnn.cpp:349]   --->   Operation 117 'partselect' 'p_Result_17_9_i' <Predicate = true> <Delay = 0.00>
ST_1 : Operation 118 [1/1] (0.00ns)   --->   "%p_Result_27_9_i = call i32 @_ssdm_op_BitConcatenate.i32.i16.i16(i16 -1, i16 %p_Result_17_9_i)" [bi_lstm/src/rnn.cpp:349]   --->   Operation 118 'bitconcatenate' 'p_Result_27_9_i' <Predicate = true> <Delay = 0.00>
ST_1 : Operation 119 [1/1] (2.79ns)   --->   "%l_9_i = call i32 @llvm.cttz.i32(i32 %p_Result_27_9_i, i1 true) nounwind" [bi_lstm/src/rnn.cpp:349]   --->   Operation 119 'cttz' 'l_9_i' <Predicate = true> <Delay = 2.79> <Core = "CTTZ">   --->   Core 64 'CTTZ' <Latency = 0> <II = 1> <Delay = 2.79> <FuncUnit> <Opcode : 'cttz'> <InPorts = 1> <OutPorts = 1>
ST_1 : Operation 120 [1/1] (1.89ns)   --->   "%tmp_74_9_i = sub nsw i32 16, %l_9_i" [bi_lstm/src/rnn.cpp:349]   --->   Operation 120 'sub' 'tmp_74_9_i' <Predicate = true> <Delay = 1.89> <Core = "AddSub">   --->   Core 14 'AddSub' <Latency = 0> <II = 1> <Delay = 1.89> <FuncUnit> <Opcode : 'add' 'sub'> <InPorts = 2> <OutPorts = 1>
ST_1 : Operation 121 [1/1] (0.00ns)   --->   "%tmp_228 = trunc i32 %tmp_74_9_i to i16" [bi_lstm/src/rnn.cpp:349]   --->   Operation 121 'trunc' 'tmp_228' <Predicate = true> <Delay = 0.00>
ST_1 : Operation 122 [1/1] (0.00ns)   --->   "%tmp_230 = trunc i32 %tmp_74_9_i to i5" [bi_lstm/src/rnn.cpp:349]   --->   Operation 122 'trunc' 'tmp_230' <Predicate = true> <Delay = 0.00>
ST_1 : Operation 123 [1/1] (0.00ns)   --->   "%tmp_237 = trunc i32 %l_9_i to i8" [bi_lstm/src/rnn.cpp:349]   --->   Operation 123 'trunc' 'tmp_237' <Predicate = true> <Delay = 0.00>

State 2 <SV = 1> <Delay = 7.59>
ST_2 : Operation 124 [1/1] (1.89ns)   --->   "%lsb_index_i = add nsw i32 -24, %tmp_741_i" [bi_lstm/src/rnn.cpp:349]   --->   Operation 124 'add' 'lsb_index_i' <Predicate = (!tmp_701_i)> <Delay = 1.89> <Core = "AddSub">   --->   Core 14 'AddSub' <Latency = 0> <II = 1> <Delay = 1.89> <FuncUnit> <Opcode : 'add' 'sub'> <InPorts = 2> <OutPorts = 1>
ST_2 : Operation 125 [1/1] (0.00ns)   --->   "%tmp_130 = call i31 @_ssdm_op_PartSelect.i31.i32.i32.i32(i32 %lsb_index_i, i32 1, i32 31)" [bi_lstm/src/rnn.cpp:349]   --->   Operation 125 'partselect' 'tmp_130' <Predicate = (!tmp_701_i)> <Delay = 0.00>
ST_2 : Operation 126 [1/1] (1.96ns)   --->   "%icmp = icmp sgt i31 %tmp_130, 0" [bi_lstm/src/rnn.cpp:349]   --->   Operation 126 'icmp' 'icmp' <Predicate = (!tmp_701_i)> <Delay = 1.96> <Core = "Cmp">   --->   Core 25 'Cmp' <Latency = 0> <II = 1> <Delay = 1.96> <FuncUnit> <Opcode : 'icmp'> <InPorts = 2> <OutPorts = 1>
ST_2 : Operation 127 [1/1] (1.02ns)   --->   "%tmp_132 = sub i5 9, %tmp_131" [bi_lstm/src/rnn.cpp:349]   --->   Operation 127 'sub' 'tmp_132' <Predicate = (!tmp_701_i)> <Delay = 1.02> <Core = "AddSub">   --->   Core 14 'AddSub' <Latency = 0> <II = 1> <Delay = 1.89> <FuncUnit> <Opcode : 'add' 'sub'> <InPorts = 2> <OutPorts = 1>
ST_2 : Operation 128 [1/1] (0.00ns) (grouped into LUT with out node tmp_77_i)   --->   "%tmp_133 = zext i5 %tmp_132 to i16" [bi_lstm/src/rnn.cpp:349]   --->   Operation 128 'zext' 'tmp_133' <Predicate = (!tmp_701_i)> <Delay = 0.00>
ST_2 : Operation 129 [1/1] (0.00ns) (grouped into LUT with out node tmp_77_i)   --->   "%tmp_134 = lshr i16 -1, %tmp_133" [bi_lstm/src/rnn.cpp:349]   --->   Operation 129 'lshr' 'tmp_134' <Predicate = (!tmp_701_i)> <Delay = 0.00> <Core = "Shift">   --->   Core 28 'Shift' <Latency = 0> <II = 1> <Delay = 2.93> <FuncUnit> <Opcode : 'shl' 'lshr' 'ashr'> <InPorts = 2> <OutPorts = 1>
ST_2 : Operation 130 [1/1] (0.00ns) (grouped into LUT with out node tmp_77_i)   --->   "%tmp_135 = and i16 %p_Val2_1_i, %tmp_134" [bi_lstm/src/rnn.cpp:349]   --->   Operation 130 'and' 'tmp_135' <Predicate = (!tmp_701_i)> <Delay = 0.00> <Core = "LogicGate">   --->   Core 27 'LogicGate' <Latency = 0> <II = 1> <Delay = 0.80> <FuncUnit> <Opcode : 'and' 'or' 'xor'> <InPorts = 2> <OutPorts = 1>
ST_2 : Operation 131 [1/1] (2.18ns) (out node of the LUT)   --->   "%tmp_77_i = icmp ne i16 %tmp_135, 0" [bi_lstm/src/rnn.cpp:349]   --->   Operation 131 'icmp' 'tmp_77_i' <Predicate = (!tmp_701_i)> <Delay = 2.18> <Core = "Cmp">   --->   Core 25 'Cmp' <Latency = 0> <II = 1> <Delay = 1.96> <FuncUnit> <Opcode : 'icmp'> <InPorts = 2> <OutPorts = 1>
ST_2 : Operation 132 [1/1] (0.00ns) (grouped into LUT with out node tmp_831_i)   --->   "%a_i = and i1 %icmp, %tmp_77_i" [bi_lstm/src/rnn.cpp:349]   --->   Operation 132 'and' 'a_i' <Predicate = (!tmp_701_i)> <Delay = 0.00> <Core = "LogicGate">   --->   Core 27 'LogicGate' <Latency = 0> <II = 1> <Delay = 0.80> <FuncUnit> <Opcode : 'and' 'or' 'xor'> <InPorts = 2> <OutPorts = 1>
ST_2 : Operation 133 [1/1] (0.00ns) (grouped into LUT with out node tmp_831_i)   --->   "%tmp_136 = call i1 @_ssdm_op_BitSelect.i1.i32.i32(i32 %lsb_index_i, i32 31)" [bi_lstm/src/rnn.cpp:349]   --->   Operation 133 'bitselect' 'tmp_136' <Predicate = (!tmp_701_i)> <Delay = 0.00>
ST_2 : Operation 134 [1/1] (0.00ns) (grouped into LUT with out node tmp_831_i)   --->   "%rev = xor i1 %tmp_136, true" [bi_lstm/src/rnn.cpp:349]   --->   Operation 134 'xor' 'rev' <Predicate = (!tmp_701_i)> <Delay = 0.00> <Core = "LogicGate">   --->   Core 27 'LogicGate' <Latency = 0> <II = 1> <Delay = 0.80> <FuncUnit> <Opcode : 'and' 'or' 'xor'> <InPorts = 2> <OutPorts = 1>
ST_2 : Operation 135 [1/1] (1.54ns)   --->   "%tmp_79_i = add i16 -24, %tmp_129" [bi_lstm/src/rnn.cpp:349]   --->   Operation 135 'add' 'tmp_79_i' <Predicate = (!tmp_701_i)> <Delay = 1.54> <Core = "AddSub">   --->   Core 14 'AddSub' <Latency = 0> <II = 1> <Delay = 1.89> <FuncUnit> <Opcode : 'add' 'sub'> <InPorts = 2> <OutPorts = 1>
ST_2 : Operation 136 [1/1] (0.00ns) (grouped into LUT with out node tmp_831_i)   --->   "%p_Result_20_i = call i1 @_ssdm_op_BitSelect.i1.i16.i16(i16 %p_Val2_1_i, i16 %tmp_79_i)" [bi_lstm/src/rnn.cpp:349]   --->   Operation 136 'bitselect' 'p_Result_20_i' <Predicate = (!tmp_701_i)> <Delay = 0.00>
ST_2 : Operation 137 [1/1] (0.00ns) (grouped into LUT with out node tmp_831_i)   --->   "%tmp_81_i = and i1 %p_Result_20_i, %rev" [bi_lstm/src/rnn.cpp:349]   --->   Operation 137 'and' 'tmp_81_i' <Predicate = (!tmp_701_i)> <Delay = 0.00> <Core = "LogicGate">   --->   Core 27 'LogicGate' <Latency = 0> <II = 1> <Delay = 0.80> <FuncUnit> <Opcode : 'and' 'or' 'xor'> <InPorts = 2> <OutPorts = 1>
ST_2 : Operation 138 [1/1] (0.00ns) (grouped into LUT with out node tmp_831_i)   --->   "%tmp_83_i = or i1 %tmp_81_i, %a_i" [bi_lstm/src/rnn.cpp:349]   --->   Operation 138 'or' 'tmp_83_i' <Predicate = (!tmp_701_i)> <Delay = 0.00> <Core = "LogicGate">   --->   Core 27 'LogicGate' <Latency = 0> <II = 1> <Delay = 0.80> <FuncUnit> <Opcode : 'and' 'or' 'xor'> <InPorts = 2> <OutPorts = 1>
ST_2 : Operation 139 [1/1] (0.80ns) (out node of the LUT)   --->   "%tmp_831_i = call i32 @_ssdm_op_BitConcatenate.i32.i31.i1(i31 0, i1 %tmp_83_i)" [bi_lstm/src/rnn.cpp:349]   --->   Operation 139 'bitconcatenate' 'tmp_831_i' <Predicate = (!tmp_701_i)> <Delay = 0.80>
ST_2 : Operation 140 [1/1] (0.00ns)   --->   "%m_i = zext i16 %p_Val2_1_i to i32" [bi_lstm/src/rnn.cpp:349]   --->   Operation 140 'zext' 'm_i' <Predicate = (!tmp_701_i)> <Delay = 0.00>
ST_2 : Operation 141 [1/1] (1.96ns)   --->   "%tmp_841_i = icmp sgt i32 %lsb_index_i, 0" [bi_lstm/src/rnn.cpp:349]   --->   Operation 141 'icmp' 'tmp_841_i' <Predicate = (!tmp_701_i)> <Delay = 1.96> <Core = "Cmp">   --->   Core 25 'Cmp' <Latency = 0> <II = 1> <Delay = 1.96> <FuncUnit> <Opcode : 'icmp'> <InPorts = 2> <OutPorts = 1>
ST_2 : Operation 142 [1/1] (1.89ns)   --->   "%tmp_851_i = add nsw i32 -25, %tmp_741_i" [bi_lstm/src/rnn.cpp:349]   --->   Operation 142 'add' 'tmp_851_i' <Predicate = (!tmp_701_i)> <Delay = 1.89> <Core = "AddSub">   --->   Core 14 'AddSub' <Latency = 0> <II = 1> <Delay = 1.89> <FuncUnit> <Opcode : 'add' 'sub'> <InPorts = 2> <OutPorts = 1>
ST_2 : Operation 143 [1/1] (0.00ns) (grouped into LUT with out node m_2_i)   --->   "%tmp_861_i = lshr i32 %m_i, %tmp_851_i" [bi_lstm/src/rnn.cpp:349]   --->   Operation 143 'lshr' 'tmp_861_i' <Predicate = (!tmp_701_i)> <Delay = 0.00> <Core = "Shift">   --->   Core 28 'Shift' <Latency = 0> <II = 1> <Delay = 2.93> <FuncUnit> <Opcode : 'shl' 'lshr' 'ashr'> <InPorts = 2> <OutPorts = 1>
ST_2 : Operation 144 [1/1] (1.89ns)   --->   "%tmp_87_i = sub i32 25, %tmp_741_i" [bi_lstm/src/rnn.cpp:349]   --->   Operation 144 'sub' 'tmp_87_i' <Predicate = (!tmp_701_i)> <Delay = 1.89> <Core = "AddSub">   --->   Core 14 'AddSub' <Latency = 0> <II = 1> <Delay = 1.89> <FuncUnit> <Opcode : 'add' 'sub'> <InPorts = 2> <OutPorts = 1>
ST_2 : Operation 145 [1/1] (0.00ns) (grouped into LUT with out node m_2_i)   --->   "%tmp_88_i = shl i32 %m_i, %tmp_87_i" [bi_lstm/src/rnn.cpp:349]   --->   Operation 145 'shl' 'tmp_88_i' <Predicate = (!tmp_701_i)> <Delay = 0.00> <Core = "Shift">   --->   Core 28 'Shift' <Latency = 0> <II = 1> <Delay = 2.93> <FuncUnit> <Opcode : 'shl' 'lshr' 'ashr'> <InPorts = 2> <OutPorts = 1>
ST_2 : Operation 146 [1/1] (0.00ns) (grouped into LUT with out node m_2_i)   --->   "%m_1_i = select i1 %tmp_841_i, i32 %tmp_861_i, i32 %tmp_88_i" [bi_lstm/src/rnn.cpp:349]   --->   Operation 146 'select' 'm_1_i' <Predicate = (!tmp_701_i)> <Delay = 0.00> <Core = "Sel">   --->   Core 26 'Sel' <Latency = 0> <II = 1> <Delay = 0.70> <FuncUnit> <Opcode : 'select'> <InPorts = 3> <OutPorts = 1>
ST_2 : Operation 147 [1/1] (2.93ns) (out node of the LUT)   --->   "%m_2_i = add i32 %tmp_831_i, %m_1_i" [bi_lstm/src/rnn.cpp:349]   --->   Operation 147 'add' 'm_2_i' <Predicate = (!tmp_701_i)> <Delay = 2.93> <Core = "AddSub">   --->   Core 14 'AddSub' <Latency = 0> <II = 1> <Delay = 1.89> <FuncUnit> <Opcode : 'add' 'sub'> <InPorts = 2> <OutPorts = 1>
ST_2 : Operation 148 [1/1] (0.00ns)   --->   "%m_6_i = call i31 @_ssdm_op_PartSelect.i31.i32.i32.i32(i32 %m_2_i, i32 1, i32 31)" [bi_lstm/src/rnn.cpp:349]   --->   Operation 148 'partselect' 'm_6_i' <Predicate = (!tmp_701_i)> <Delay = 0.00>
ST_2 : Operation 149 [1/1] (0.00ns)   --->   "%tmp_137 = call i1 @_ssdm_op_BitSelect.i1.i32.i32(i32 %m_2_i, i32 25)" [bi_lstm/src/rnn.cpp:349]   --->   Operation 149 'bitselect' 'tmp_137' <Predicate = (!tmp_701_i)> <Delay = 0.00>
ST_2 : Operation 150 [1/1] (1.89ns)   --->   "%lsb_index_1_i = add nsw i32 -24, %tmp_74_1_i" [bi_lstm/src/rnn.cpp:349]   --->   Operation 150 'add' 'lsb_index_1_i' <Predicate = (!tmp_70_1_i)> <Delay = 1.89> <Core = "AddSub">   --->   Core 14 'AddSub' <Latency = 0> <II = 1> <Delay = 1.89> <FuncUnit> <Opcode : 'add' 'sub'> <InPorts = 2> <OutPorts = 1>
ST_2 : Operation 151 [1/1] (0.00ns)   --->   "%tmp_141 = call i31 @_ssdm_op_PartSelect.i31.i32.i32.i32(i32 %lsb_index_1_i, i32 1, i32 31)" [bi_lstm/src/rnn.cpp:349]   --->   Operation 151 'partselect' 'tmp_141' <Predicate = (!tmp_70_1_i)> <Delay = 0.00>
ST_2 : Operation 152 [1/1] (1.96ns)   --->   "%icmp1 = icmp sgt i31 %tmp_141, 0" [bi_lstm/src/rnn.cpp:349]   --->   Operation 152 'icmp' 'icmp1' <Predicate = (!tmp_70_1_i)> <Delay = 1.96> <Core = "Cmp">   --->   Core 25 'Cmp' <Latency = 0> <II = 1> <Delay = 1.96> <FuncUnit> <Opcode : 'icmp'> <InPorts = 2> <OutPorts = 1>
ST_2 : Operation 153 [1/1] (1.02ns)   --->   "%tmp_143 = sub i5 9, %tmp_142" [bi_lstm/src/rnn.cpp:349]   --->   Operation 153 'sub' 'tmp_143' <Predicate = (!tmp_70_1_i)> <Delay = 1.02> <Core = "AddSub">   --->   Core 14 'AddSub' <Latency = 0> <II = 1> <Delay = 1.89> <FuncUnit> <Opcode : 'add' 'sub'> <InPorts = 2> <OutPorts = 1>
ST_2 : Operation 154 [1/1] (0.00ns) (grouped into LUT with out node tmp_77_1_i)   --->   "%tmp_144 = zext i5 %tmp_143 to i16" [bi_lstm/src/rnn.cpp:349]   --->   Operation 154 'zext' 'tmp_144' <Predicate = (!tmp_70_1_i)> <Delay = 0.00>
ST_2 : Operation 155 [1/1] (0.00ns) (grouped into LUT with out node tmp_77_1_i)   --->   "%tmp_145 = lshr i16 -1, %tmp_144" [bi_lstm/src/rnn.cpp:349]   --->   Operation 155 'lshr' 'tmp_145' <Predicate = (!tmp_70_1_i)> <Delay = 0.00> <Core = "Shift">   --->   Core 28 'Shift' <Latency = 0> <II = 1> <Delay = 2.93> <FuncUnit> <Opcode : 'shl' 'lshr' 'ashr'> <InPorts = 2> <OutPorts = 1>
ST_2 : Operation 156 [1/1] (0.00ns) (grouped into LUT with out node tmp_77_1_i)   --->   "%tmp_146 = and i16 %p_Val2_1_i_54, %tmp_145" [bi_lstm/src/rnn.cpp:349]   --->   Operation 156 'and' 'tmp_146' <Predicate = (!tmp_70_1_i)> <Delay = 0.00> <Core = "LogicGate">   --->   Core 27 'LogicGate' <Latency = 0> <II = 1> <Delay = 0.80> <FuncUnit> <Opcode : 'and' 'or' 'xor'> <InPorts = 2> <OutPorts = 1>
ST_2 : Operation 157 [1/1] (2.18ns) (out node of the LUT)   --->   "%tmp_77_1_i = icmp ne i16 %tmp_146, 0" [bi_lstm/src/rnn.cpp:349]   --->   Operation 157 'icmp' 'tmp_77_1_i' <Predicate = (!tmp_70_1_i)> <Delay = 2.18> <Core = "Cmp">   --->   Core 25 'Cmp' <Latency = 0> <II = 1> <Delay = 1.96> <FuncUnit> <Opcode : 'icmp'> <InPorts = 2> <OutPorts = 1>
ST_2 : Operation 158 [1/1] (0.00ns) (grouped into LUT with out node tmp_83_1_i)   --->   "%a_1_i = and i1 %icmp1, %tmp_77_1_i" [bi_lstm/src/rnn.cpp:349]   --->   Operation 158 'and' 'a_1_i' <Predicate = (!tmp_70_1_i)> <Delay = 0.00> <Core = "LogicGate">   --->   Core 27 'LogicGate' <Latency = 0> <II = 1> <Delay = 0.80> <FuncUnit> <Opcode : 'and' 'or' 'xor'> <InPorts = 2> <OutPorts = 1>
ST_2 : Operation 159 [1/1] (0.00ns) (grouped into LUT with out node tmp_83_1_i)   --->   "%tmp_147 = call i1 @_ssdm_op_BitSelect.i1.i32.i32(i32 %lsb_index_1_i, i32 31)" [bi_lstm/src/rnn.cpp:349]   --->   Operation 159 'bitselect' 'tmp_147' <Predicate = (!tmp_70_1_i)> <Delay = 0.00>
ST_2 : Operation 160 [1/1] (0.00ns) (grouped into LUT with out node tmp_83_1_i)   --->   "%rev1 = xor i1 %tmp_147, true" [bi_lstm/src/rnn.cpp:349]   --->   Operation 160 'xor' 'rev1' <Predicate = (!tmp_70_1_i)> <Delay = 0.00> <Core = "LogicGate">   --->   Core 27 'LogicGate' <Latency = 0> <II = 1> <Delay = 0.80> <FuncUnit> <Opcode : 'and' 'or' 'xor'> <InPorts = 2> <OutPorts = 1>
ST_2 : Operation 161 [1/1] (1.54ns)   --->   "%tmp_79_1_i = add i16 -24, %tmp_140" [bi_lstm/src/rnn.cpp:349]   --->   Operation 161 'add' 'tmp_79_1_i' <Predicate = (!tmp_70_1_i)> <Delay = 1.54> <Core = "AddSub">   --->   Core 14 'AddSub' <Latency = 0> <II = 1> <Delay = 1.89> <FuncUnit> <Opcode : 'add' 'sub'> <InPorts = 2> <OutPorts = 1>
ST_2 : Operation 162 [1/1] (0.00ns) (grouped into LUT with out node tmp_83_1_i)   --->   "%p_Result_20_1_i = call i1 @_ssdm_op_BitSelect.i1.i16.i16(i16 %p_Val2_1_i_54, i16 %tmp_79_1_i)" [bi_lstm/src/rnn.cpp:349]   --->   Operation 162 'bitselect' 'p_Result_20_1_i' <Predicate = (!tmp_70_1_i)> <Delay = 0.00>
ST_2 : Operation 163 [1/1] (0.00ns) (grouped into LUT with out node tmp_83_1_i)   --->   "%tmp_81_1_i = and i1 %p_Result_20_1_i, %rev1" [bi_lstm/src/rnn.cpp:349]   --->   Operation 163 'and' 'tmp_81_1_i' <Predicate = (!tmp_70_1_i)> <Delay = 0.00> <Core = "LogicGate">   --->   Core 27 'LogicGate' <Latency = 0> <II = 1> <Delay = 0.80> <FuncUnit> <Opcode : 'and' 'or' 'xor'> <InPorts = 2> <OutPorts = 1>
ST_2 : Operation 164 [1/1] (0.00ns) (grouped into LUT with out node tmp_83_1_i)   --->   "%tmp_96_i = or i1 %tmp_81_1_i, %a_1_i" [bi_lstm/src/rnn.cpp:349]   --->   Operation 164 'or' 'tmp_96_i' <Predicate = (!tmp_70_1_i)> <Delay = 0.00> <Core = "LogicGate">   --->   Core 27 'LogicGate' <Latency = 0> <II = 1> <Delay = 0.80> <FuncUnit> <Opcode : 'and' 'or' 'xor'> <InPorts = 2> <OutPorts = 1>
ST_2 : Operation 165 [1/1] (0.80ns) (out node of the LUT)   --->   "%tmp_83_1_i = call i32 @_ssdm_op_BitConcatenate.i32.i31.i1(i31 0, i1 %tmp_96_i)" [bi_lstm/src/rnn.cpp:349]   --->   Operation 165 'bitconcatenate' 'tmp_83_1_i' <Predicate = (!tmp_70_1_i)> <Delay = 0.80>
ST_2 : Operation 166 [1/1] (0.00ns)   --->   "%m_i_55 = zext i16 %p_Val2_1_i_54 to i32" [bi_lstm/src/rnn.cpp:349]   --->   Operation 166 'zext' 'm_i_55' <Predicate = (!tmp_70_1_i)> <Delay = 0.00>
ST_2 : Operation 167 [1/1] (1.96ns)   --->   "%tmp_84_1_i = icmp sgt i32 %lsb_index_1_i, 0" [bi_lstm/src/rnn.cpp:349]   --->   Operation 167 'icmp' 'tmp_84_1_i' <Predicate = (!tmp_70_1_i)> <Delay = 1.96> <Core = "Cmp">   --->   Core 25 'Cmp' <Latency = 0> <II = 1> <Delay = 1.96> <FuncUnit> <Opcode : 'icmp'> <InPorts = 2> <OutPorts = 1>
ST_2 : Operation 168 [1/1] (1.89ns)   --->   "%tmp_85_1_i = add nsw i32 -25, %tmp_74_1_i" [bi_lstm/src/rnn.cpp:349]   --->   Operation 168 'add' 'tmp_85_1_i' <Predicate = (!tmp_70_1_i)> <Delay = 1.89> <Core = "AddSub">   --->   Core 14 'AddSub' <Latency = 0> <II = 1> <Delay = 1.89> <FuncUnit> <Opcode : 'add' 'sub'> <InPorts = 2> <OutPorts = 1>
ST_2 : Operation 169 [1/1] (0.00ns) (grouped into LUT with out node m_2_1_i)   --->   "%tmp_86_1_i = lshr i32 %m_i_55, %tmp_85_1_i" [bi_lstm/src/rnn.cpp:349]   --->   Operation 169 'lshr' 'tmp_86_1_i' <Predicate = (!tmp_70_1_i)> <Delay = 0.00> <Core = "Shift">   --->   Core 28 'Shift' <Latency = 0> <II = 1> <Delay = 2.93> <FuncUnit> <Opcode : 'shl' 'lshr' 'ashr'> <InPorts = 2> <OutPorts = 1>
ST_2 : Operation 170 [1/1] (1.89ns)   --->   "%tmp_87_1_i = sub i32 25, %tmp_74_1_i" [bi_lstm/src/rnn.cpp:349]   --->   Operation 170 'sub' 'tmp_87_1_i' <Predicate = (!tmp_70_1_i)> <Delay = 1.89> <Core = "AddSub">   --->   Core 14 'AddSub' <Latency = 0> <II = 1> <Delay = 1.89> <FuncUnit> <Opcode : 'add' 'sub'> <InPorts = 2> <OutPorts = 1>
ST_2 : Operation 171 [1/1] (0.00ns) (grouped into LUT with out node m_2_1_i)   --->   "%tmp_88_1_i = shl i32 %m_i_55, %tmp_87_1_i" [bi_lstm/src/rnn.cpp:349]   --->   Operation 171 'shl' 'tmp_88_1_i' <Predicate = (!tmp_70_1_i)> <Delay = 0.00> <Core = "Shift">   --->   Core 28 'Shift' <Latency = 0> <II = 1> <Delay = 2.93> <FuncUnit> <Opcode : 'shl' 'lshr' 'ashr'> <InPorts = 2> <OutPorts = 1>
ST_2 : Operation 172 [1/1] (0.00ns) (grouped into LUT with out node m_2_1_i)   --->   "%m_1_1_i = select i1 %tmp_84_1_i, i32 %tmp_86_1_i, i32 %tmp_88_1_i" [bi_lstm/src/rnn.cpp:349]   --->   Operation 172 'select' 'm_1_1_i' <Predicate = (!tmp_70_1_i)> <Delay = 0.00> <Core = "Sel">   --->   Core 26 'Sel' <Latency = 0> <II = 1> <Delay = 0.70> <FuncUnit> <Opcode : 'select'> <InPorts = 3> <OutPorts = 1>
ST_2 : Operation 173 [1/1] (2.93ns) (out node of the LUT)   --->   "%m_2_1_i = add i32 %tmp_83_1_i, %m_1_1_i" [bi_lstm/src/rnn.cpp:349]   --->   Operation 173 'add' 'm_2_1_i' <Predicate = (!tmp_70_1_i)> <Delay = 2.93> <Core = "AddSub">   --->   Core 14 'AddSub' <Latency = 0> <II = 1> <Delay = 1.89> <FuncUnit> <Opcode : 'add' 'sub'> <InPorts = 2> <OutPorts = 1>
ST_2 : Operation 174 [1/1] (0.00ns)   --->   "%m_6_1_i = call i31 @_ssdm_op_PartSelect.i31.i32.i32.i32(i32 %m_2_1_i, i32 1, i32 31)" [bi_lstm/src/rnn.cpp:349]   --->   Operation 174 'partselect' 'm_6_1_i' <Predicate = (!tmp_70_1_i)> <Delay = 0.00>
ST_2 : Operation 175 [1/1] (0.00ns)   --->   "%tmp_148 = call i1 @_ssdm_op_BitSelect.i1.i32.i32(i32 %m_2_1_i, i32 25)" [bi_lstm/src/rnn.cpp:349]   --->   Operation 175 'bitselect' 'tmp_148' <Predicate = (!tmp_70_1_i)> <Delay = 0.00>
ST_2 : Operation 176 [1/1] (1.89ns)   --->   "%lsb_index_2_i = add nsw i32 -24, %tmp_74_2_i" [bi_lstm/src/rnn.cpp:349]   --->   Operation 176 'add' 'lsb_index_2_i' <Predicate = (!tmp_70_2_i)> <Delay = 1.89> <Core = "AddSub">   --->   Core 14 'AddSub' <Latency = 0> <II = 1> <Delay = 1.89> <FuncUnit> <Opcode : 'add' 'sub'> <InPorts = 2> <OutPorts = 1>
ST_2 : Operation 177 [1/1] (0.00ns)   --->   "%tmp_152 = call i31 @_ssdm_op_PartSelect.i31.i32.i32.i32(i32 %lsb_index_2_i, i32 1, i32 31)" [bi_lstm/src/rnn.cpp:349]   --->   Operation 177 'partselect' 'tmp_152' <Predicate = (!tmp_70_2_i)> <Delay = 0.00>
ST_2 : Operation 178 [1/1] (1.96ns)   --->   "%icmp2 = icmp sgt i31 %tmp_152, 0" [bi_lstm/src/rnn.cpp:349]   --->   Operation 178 'icmp' 'icmp2' <Predicate = (!tmp_70_2_i)> <Delay = 1.96> <Core = "Cmp">   --->   Core 25 'Cmp' <Latency = 0> <II = 1> <Delay = 1.96> <FuncUnit> <Opcode : 'icmp'> <InPorts = 2> <OutPorts = 1>
ST_2 : Operation 179 [1/1] (1.02ns)   --->   "%tmp_154 = sub i5 9, %tmp_153" [bi_lstm/src/rnn.cpp:349]   --->   Operation 179 'sub' 'tmp_154' <Predicate = (!tmp_70_2_i)> <Delay = 1.02> <Core = "AddSub">   --->   Core 14 'AddSub' <Latency = 0> <II = 1> <Delay = 1.89> <FuncUnit> <Opcode : 'add' 'sub'> <InPorts = 2> <OutPorts = 1>
ST_2 : Operation 180 [1/1] (0.00ns) (grouped into LUT with out node tmp_77_2_i)   --->   "%tmp_155 = zext i5 %tmp_154 to i16" [bi_lstm/src/rnn.cpp:349]   --->   Operation 180 'zext' 'tmp_155' <Predicate = (!tmp_70_2_i)> <Delay = 0.00>
ST_2 : Operation 181 [1/1] (0.00ns) (grouped into LUT with out node tmp_77_2_i)   --->   "%tmp_156 = lshr i16 -1, %tmp_155" [bi_lstm/src/rnn.cpp:349]   --->   Operation 181 'lshr' 'tmp_156' <Predicate = (!tmp_70_2_i)> <Delay = 0.00> <Core = "Shift">   --->   Core 28 'Shift' <Latency = 0> <II = 1> <Delay = 2.93> <FuncUnit> <Opcode : 'shl' 'lshr' 'ashr'> <InPorts = 2> <OutPorts = 1>
ST_2 : Operation 182 [1/1] (0.00ns) (grouped into LUT with out node tmp_77_2_i)   --->   "%tmp_157 = and i16 %p_Val2_2_i, %tmp_156" [bi_lstm/src/rnn.cpp:349]   --->   Operation 182 'and' 'tmp_157' <Predicate = (!tmp_70_2_i)> <Delay = 0.00> <Core = "LogicGate">   --->   Core 27 'LogicGate' <Latency = 0> <II = 1> <Delay = 0.80> <FuncUnit> <Opcode : 'and' 'or' 'xor'> <InPorts = 2> <OutPorts = 1>
ST_2 : Operation 183 [1/1] (2.18ns) (out node of the LUT)   --->   "%tmp_77_2_i = icmp ne i16 %tmp_157, 0" [bi_lstm/src/rnn.cpp:349]   --->   Operation 183 'icmp' 'tmp_77_2_i' <Predicate = (!tmp_70_2_i)> <Delay = 2.18> <Core = "Cmp">   --->   Core 25 'Cmp' <Latency = 0> <II = 1> <Delay = 1.96> <FuncUnit> <Opcode : 'icmp'> <InPorts = 2> <OutPorts = 1>
ST_2 : Operation 184 [1/1] (0.00ns) (grouped into LUT with out node tmp_83_2_i)   --->   "%a_2_i = and i1 %icmp2, %tmp_77_2_i" [bi_lstm/src/rnn.cpp:349]   --->   Operation 184 'and' 'a_2_i' <Predicate = (!tmp_70_2_i)> <Delay = 0.00> <Core = "LogicGate">   --->   Core 27 'LogicGate' <Latency = 0> <II = 1> <Delay = 0.80> <FuncUnit> <Opcode : 'and' 'or' 'xor'> <InPorts = 2> <OutPorts = 1>
ST_2 : Operation 185 [1/1] (0.00ns) (grouped into LUT with out node tmp_83_2_i)   --->   "%tmp_158 = call i1 @_ssdm_op_BitSelect.i1.i32.i32(i32 %lsb_index_2_i, i32 31)" [bi_lstm/src/rnn.cpp:349]   --->   Operation 185 'bitselect' 'tmp_158' <Predicate = (!tmp_70_2_i)> <Delay = 0.00>
ST_2 : Operation 186 [1/1] (0.00ns) (grouped into LUT with out node tmp_83_2_i)   --->   "%rev2 = xor i1 %tmp_158, true" [bi_lstm/src/rnn.cpp:349]   --->   Operation 186 'xor' 'rev2' <Predicate = (!tmp_70_2_i)> <Delay = 0.00> <Core = "LogicGate">   --->   Core 27 'LogicGate' <Latency = 0> <II = 1> <Delay = 0.80> <FuncUnit> <Opcode : 'and' 'or' 'xor'> <InPorts = 2> <OutPorts = 1>
ST_2 : Operation 187 [1/1] (1.54ns)   --->   "%tmp_79_2_i = add i16 -24, %tmp_151" [bi_lstm/src/rnn.cpp:349]   --->   Operation 187 'add' 'tmp_79_2_i' <Predicate = (!tmp_70_2_i)> <Delay = 1.54> <Core = "AddSub">   --->   Core 14 'AddSub' <Latency = 0> <II = 1> <Delay = 1.89> <FuncUnit> <Opcode : 'add' 'sub'> <InPorts = 2> <OutPorts = 1>
ST_2 : Operation 188 [1/1] (0.00ns) (grouped into LUT with out node tmp_83_2_i)   --->   "%p_Result_20_2_i = call i1 @_ssdm_op_BitSelect.i1.i16.i16(i16 %p_Val2_2_i, i16 %tmp_79_2_i)" [bi_lstm/src/rnn.cpp:349]   --->   Operation 188 'bitselect' 'p_Result_20_2_i' <Predicate = (!tmp_70_2_i)> <Delay = 0.00>
ST_2 : Operation 189 [1/1] (0.00ns) (grouped into LUT with out node tmp_83_2_i)   --->   "%tmp_81_2_i = and i1 %p_Result_20_2_i, %rev2" [bi_lstm/src/rnn.cpp:349]   --->   Operation 189 'and' 'tmp_81_2_i' <Predicate = (!tmp_70_2_i)> <Delay = 0.00> <Core = "LogicGate">   --->   Core 27 'LogicGate' <Latency = 0> <II = 1> <Delay = 0.80> <FuncUnit> <Opcode : 'and' 'or' 'xor'> <InPorts = 2> <OutPorts = 1>
ST_2 : Operation 190 [1/1] (0.00ns) (grouped into LUT with out node tmp_83_2_i)   --->   "%tmp_104_i = or i1 %tmp_81_2_i, %a_2_i" [bi_lstm/src/rnn.cpp:349]   --->   Operation 190 'or' 'tmp_104_i' <Predicate = (!tmp_70_2_i)> <Delay = 0.00> <Core = "LogicGate">   --->   Core 27 'LogicGate' <Latency = 0> <II = 1> <Delay = 0.80> <FuncUnit> <Opcode : 'and' 'or' 'xor'> <InPorts = 2> <OutPorts = 1>
ST_2 : Operation 191 [1/1] (0.80ns) (out node of the LUT)   --->   "%tmp_83_2_i = call i32 @_ssdm_op_BitConcatenate.i32.i31.i1(i31 0, i1 %tmp_104_i)" [bi_lstm/src/rnn.cpp:349]   --->   Operation 191 'bitconcatenate' 'tmp_83_2_i' <Predicate = (!tmp_70_2_i)> <Delay = 0.80>
ST_2 : Operation 192 [1/1] (0.00ns)   --->   "%m_10_i = zext i16 %p_Val2_2_i to i32" [bi_lstm/src/rnn.cpp:349]   --->   Operation 192 'zext' 'm_10_i' <Predicate = (!tmp_70_2_i)> <Delay = 0.00>
ST_2 : Operation 193 [1/1] (1.96ns)   --->   "%tmp_84_2_i = icmp sgt i32 %lsb_index_2_i, 0" [bi_lstm/src/rnn.cpp:349]   --->   Operation 193 'icmp' 'tmp_84_2_i' <Predicate = (!tmp_70_2_i)> <Delay = 1.96> <Core = "Cmp">   --->   Core 25 'Cmp' <Latency = 0> <II = 1> <Delay = 1.96> <FuncUnit> <Opcode : 'icmp'> <InPorts = 2> <OutPorts = 1>
ST_2 : Operation 194 [1/1] (1.89ns)   --->   "%tmp_85_2_i = add nsw i32 -25, %tmp_74_2_i" [bi_lstm/src/rnn.cpp:349]   --->   Operation 194 'add' 'tmp_85_2_i' <Predicate = (!tmp_70_2_i)> <Delay = 1.89> <Core = "AddSub">   --->   Core 14 'AddSub' <Latency = 0> <II = 1> <Delay = 1.89> <FuncUnit> <Opcode : 'add' 'sub'> <InPorts = 2> <OutPorts = 1>
ST_2 : Operation 195 [1/1] (0.00ns) (grouped into LUT with out node m_2_2_i)   --->   "%tmp_86_2_i = lshr i32 %m_10_i, %tmp_85_2_i" [bi_lstm/src/rnn.cpp:349]   --->   Operation 195 'lshr' 'tmp_86_2_i' <Predicate = (!tmp_70_2_i)> <Delay = 0.00> <Core = "Shift">   --->   Core 28 'Shift' <Latency = 0> <II = 1> <Delay = 2.93> <FuncUnit> <Opcode : 'shl' 'lshr' 'ashr'> <InPorts = 2> <OutPorts = 1>
ST_2 : Operation 196 [1/1] (1.89ns)   --->   "%tmp_87_2_i = sub i32 25, %tmp_74_2_i" [bi_lstm/src/rnn.cpp:349]   --->   Operation 196 'sub' 'tmp_87_2_i' <Predicate = (!tmp_70_2_i)> <Delay = 1.89> <Core = "AddSub">   --->   Core 14 'AddSub' <Latency = 0> <II = 1> <Delay = 1.89> <FuncUnit> <Opcode : 'add' 'sub'> <InPorts = 2> <OutPorts = 1>
ST_2 : Operation 197 [1/1] (0.00ns) (grouped into LUT with out node m_2_2_i)   --->   "%tmp_88_2_i = shl i32 %m_10_i, %tmp_87_2_i" [bi_lstm/src/rnn.cpp:349]   --->   Operation 197 'shl' 'tmp_88_2_i' <Predicate = (!tmp_70_2_i)> <Delay = 0.00> <Core = "Shift">   --->   Core 28 'Shift' <Latency = 0> <II = 1> <Delay = 2.93> <FuncUnit> <Opcode : 'shl' 'lshr' 'ashr'> <InPorts = 2> <OutPorts = 1>
ST_2 : Operation 198 [1/1] (0.00ns) (grouped into LUT with out node m_2_2_i)   --->   "%m_1_2_i = select i1 %tmp_84_2_i, i32 %tmp_86_2_i, i32 %tmp_88_2_i" [bi_lstm/src/rnn.cpp:349]   --->   Operation 198 'select' 'm_1_2_i' <Predicate = (!tmp_70_2_i)> <Delay = 0.00> <Core = "Sel">   --->   Core 26 'Sel' <Latency = 0> <II = 1> <Delay = 0.70> <FuncUnit> <Opcode : 'select'> <InPorts = 3> <OutPorts = 1>
ST_2 : Operation 199 [1/1] (2.93ns) (out node of the LUT)   --->   "%m_2_2_i = add i32 %tmp_83_2_i, %m_1_2_i" [bi_lstm/src/rnn.cpp:349]   --->   Operation 199 'add' 'm_2_2_i' <Predicate = (!tmp_70_2_i)> <Delay = 2.93> <Core = "AddSub">   --->   Core 14 'AddSub' <Latency = 0> <II = 1> <Delay = 1.89> <FuncUnit> <Opcode : 'add' 'sub'> <InPorts = 2> <OutPorts = 1>
ST_2 : Operation 200 [1/1] (0.00ns)   --->   "%m_6_2_i = call i31 @_ssdm_op_PartSelect.i31.i32.i32.i32(i32 %m_2_2_i, i32 1, i32 31)" [bi_lstm/src/rnn.cpp:349]   --->   Operation 200 'partselect' 'm_6_2_i' <Predicate = (!tmp_70_2_i)> <Delay = 0.00>
ST_2 : Operation 201 [1/1] (0.00ns)   --->   "%tmp_159 = call i1 @_ssdm_op_BitSelect.i1.i32.i32(i32 %m_2_2_i, i32 25)" [bi_lstm/src/rnn.cpp:349]   --->   Operation 201 'bitselect' 'tmp_159' <Predicate = (!tmp_70_2_i)> <Delay = 0.00>
ST_2 : Operation 202 [1/1] (1.89ns)   --->   "%lsb_index_3_i = add nsw i32 -24, %tmp_74_3_i" [bi_lstm/src/rnn.cpp:349]   --->   Operation 202 'add' 'lsb_index_3_i' <Predicate = (!tmp_70_3_i)> <Delay = 1.89> <Core = "AddSub">   --->   Core 14 'AddSub' <Latency = 0> <II = 1> <Delay = 1.89> <FuncUnit> <Opcode : 'add' 'sub'> <InPorts = 2> <OutPorts = 1>
ST_2 : Operation 203 [1/1] (0.00ns)   --->   "%tmp_163 = call i31 @_ssdm_op_PartSelect.i31.i32.i32.i32(i32 %lsb_index_3_i, i32 1, i32 31)" [bi_lstm/src/rnn.cpp:349]   --->   Operation 203 'partselect' 'tmp_163' <Predicate = (!tmp_70_3_i)> <Delay = 0.00>
ST_2 : Operation 204 [1/1] (1.96ns)   --->   "%icmp3 = icmp sgt i31 %tmp_163, 0" [bi_lstm/src/rnn.cpp:349]   --->   Operation 204 'icmp' 'icmp3' <Predicate = (!tmp_70_3_i)> <Delay = 1.96> <Core = "Cmp">   --->   Core 25 'Cmp' <Latency = 0> <II = 1> <Delay = 1.96> <FuncUnit> <Opcode : 'icmp'> <InPorts = 2> <OutPorts = 1>
ST_2 : Operation 205 [1/1] (1.02ns)   --->   "%tmp_165 = sub i5 9, %tmp_164" [bi_lstm/src/rnn.cpp:349]   --->   Operation 205 'sub' 'tmp_165' <Predicate = (!tmp_70_3_i)> <Delay = 1.02> <Core = "AddSub">   --->   Core 14 'AddSub' <Latency = 0> <II = 1> <Delay = 1.89> <FuncUnit> <Opcode : 'add' 'sub'> <InPorts = 2> <OutPorts = 1>
ST_2 : Operation 206 [1/1] (0.00ns) (grouped into LUT with out node tmp_77_3_i)   --->   "%tmp_166 = zext i5 %tmp_165 to i16" [bi_lstm/src/rnn.cpp:349]   --->   Operation 206 'zext' 'tmp_166' <Predicate = (!tmp_70_3_i)> <Delay = 0.00>
ST_2 : Operation 207 [1/1] (0.00ns) (grouped into LUT with out node tmp_77_3_i)   --->   "%tmp_167 = lshr i16 -1, %tmp_166" [bi_lstm/src/rnn.cpp:349]   --->   Operation 207 'lshr' 'tmp_167' <Predicate = (!tmp_70_3_i)> <Delay = 0.00> <Core = "Shift">   --->   Core 28 'Shift' <Latency = 0> <II = 1> <Delay = 2.93> <FuncUnit> <Opcode : 'shl' 'lshr' 'ashr'> <InPorts = 2> <OutPorts = 1>
ST_2 : Operation 208 [1/1] (0.00ns) (grouped into LUT with out node tmp_77_3_i)   --->   "%tmp_168 = and i16 %p_Val2_3_i, %tmp_167" [bi_lstm/src/rnn.cpp:349]   --->   Operation 208 'and' 'tmp_168' <Predicate = (!tmp_70_3_i)> <Delay = 0.00> <Core = "LogicGate">   --->   Core 27 'LogicGate' <Latency = 0> <II = 1> <Delay = 0.80> <FuncUnit> <Opcode : 'and' 'or' 'xor'> <InPorts = 2> <OutPorts = 1>
ST_2 : Operation 209 [1/1] (2.18ns) (out node of the LUT)   --->   "%tmp_77_3_i = icmp ne i16 %tmp_168, 0" [bi_lstm/src/rnn.cpp:349]   --->   Operation 209 'icmp' 'tmp_77_3_i' <Predicate = (!tmp_70_3_i)> <Delay = 2.18> <Core = "Cmp">   --->   Core 25 'Cmp' <Latency = 0> <II = 1> <Delay = 1.96> <FuncUnit> <Opcode : 'icmp'> <InPorts = 2> <OutPorts = 1>
ST_2 : Operation 210 [1/1] (0.00ns) (grouped into LUT with out node tmp_83_3_i)   --->   "%a_3_i = and i1 %icmp3, %tmp_77_3_i" [bi_lstm/src/rnn.cpp:349]   --->   Operation 210 'and' 'a_3_i' <Predicate = (!tmp_70_3_i)> <Delay = 0.00> <Core = "LogicGate">   --->   Core 27 'LogicGate' <Latency = 0> <II = 1> <Delay = 0.80> <FuncUnit> <Opcode : 'and' 'or' 'xor'> <InPorts = 2> <OutPorts = 1>
ST_2 : Operation 211 [1/1] (0.00ns) (grouped into LUT with out node tmp_83_3_i)   --->   "%tmp_169 = call i1 @_ssdm_op_BitSelect.i1.i32.i32(i32 %lsb_index_3_i, i32 31)" [bi_lstm/src/rnn.cpp:349]   --->   Operation 211 'bitselect' 'tmp_169' <Predicate = (!tmp_70_3_i)> <Delay = 0.00>
ST_2 : Operation 212 [1/1] (0.00ns) (grouped into LUT with out node tmp_83_3_i)   --->   "%rev3 = xor i1 %tmp_169, true" [bi_lstm/src/rnn.cpp:349]   --->   Operation 212 'xor' 'rev3' <Predicate = (!tmp_70_3_i)> <Delay = 0.00> <Core = "LogicGate">   --->   Core 27 'LogicGate' <Latency = 0> <II = 1> <Delay = 0.80> <FuncUnit> <Opcode : 'and' 'or' 'xor'> <InPorts = 2> <OutPorts = 1>
ST_2 : Operation 213 [1/1] (1.54ns)   --->   "%tmp_79_3_i = add i16 -24, %tmp_162" [bi_lstm/src/rnn.cpp:349]   --->   Operation 213 'add' 'tmp_79_3_i' <Predicate = (!tmp_70_3_i)> <Delay = 1.54> <Core = "AddSub">   --->   Core 14 'AddSub' <Latency = 0> <II = 1> <Delay = 1.89> <FuncUnit> <Opcode : 'add' 'sub'> <InPorts = 2> <OutPorts = 1>
ST_2 : Operation 214 [1/1] (0.00ns) (grouped into LUT with out node tmp_83_3_i)   --->   "%p_Result_20_3_i = call i1 @_ssdm_op_BitSelect.i1.i16.i16(i16 %p_Val2_3_i, i16 %tmp_79_3_i)" [bi_lstm/src/rnn.cpp:349]   --->   Operation 214 'bitselect' 'p_Result_20_3_i' <Predicate = (!tmp_70_3_i)> <Delay = 0.00>
ST_2 : Operation 215 [1/1] (0.00ns) (grouped into LUT with out node tmp_83_3_i)   --->   "%tmp_81_3_i = and i1 %p_Result_20_3_i, %rev3" [bi_lstm/src/rnn.cpp:349]   --->   Operation 215 'and' 'tmp_81_3_i' <Predicate = (!tmp_70_3_i)> <Delay = 0.00> <Core = "LogicGate">   --->   Core 27 'LogicGate' <Latency = 0> <II = 1> <Delay = 0.80> <FuncUnit> <Opcode : 'and' 'or' 'xor'> <InPorts = 2> <OutPorts = 1>
ST_2 : Operation 216 [1/1] (0.00ns) (grouped into LUT with out node tmp_83_3_i)   --->   "%tmp_112_i = or i1 %tmp_81_3_i, %a_3_i" [bi_lstm/src/rnn.cpp:349]   --->   Operation 216 'or' 'tmp_112_i' <Predicate = (!tmp_70_3_i)> <Delay = 0.00> <Core = "LogicGate">   --->   Core 27 'LogicGate' <Latency = 0> <II = 1> <Delay = 0.80> <FuncUnit> <Opcode : 'and' 'or' 'xor'> <InPorts = 2> <OutPorts = 1>
ST_2 : Operation 217 [1/1] (0.80ns) (out node of the LUT)   --->   "%tmp_83_3_i = call i32 @_ssdm_op_BitConcatenate.i32.i31.i1(i31 0, i1 %tmp_112_i)" [bi_lstm/src/rnn.cpp:349]   --->   Operation 217 'bitconcatenate' 'tmp_83_3_i' <Predicate = (!tmp_70_3_i)> <Delay = 0.80>
ST_2 : Operation 218 [1/1] (0.00ns)   --->   "%m_3_i = zext i16 %p_Val2_3_i to i32" [bi_lstm/src/rnn.cpp:349]   --->   Operation 218 'zext' 'm_3_i' <Predicate = (!tmp_70_3_i)> <Delay = 0.00>
ST_2 : Operation 219 [1/1] (1.96ns)   --->   "%tmp_84_3_i = icmp sgt i32 %lsb_index_3_i, 0" [bi_lstm/src/rnn.cpp:349]   --->   Operation 219 'icmp' 'tmp_84_3_i' <Predicate = (!tmp_70_3_i)> <Delay = 1.96> <Core = "Cmp">   --->   Core 25 'Cmp' <Latency = 0> <II = 1> <Delay = 1.96> <FuncUnit> <Opcode : 'icmp'> <InPorts = 2> <OutPorts = 1>
ST_2 : Operation 220 [1/1] (1.89ns)   --->   "%tmp_85_3_i = add nsw i32 -25, %tmp_74_3_i" [bi_lstm/src/rnn.cpp:349]   --->   Operation 220 'add' 'tmp_85_3_i' <Predicate = (!tmp_70_3_i)> <Delay = 1.89> <Core = "AddSub">   --->   Core 14 'AddSub' <Latency = 0> <II = 1> <Delay = 1.89> <FuncUnit> <Opcode : 'add' 'sub'> <InPorts = 2> <OutPorts = 1>
ST_2 : Operation 221 [1/1] (0.00ns) (grouped into LUT with out node m_2_3_i)   --->   "%tmp_86_3_i = lshr i32 %m_3_i, %tmp_85_3_i" [bi_lstm/src/rnn.cpp:349]   --->   Operation 221 'lshr' 'tmp_86_3_i' <Predicate = (!tmp_70_3_i)> <Delay = 0.00> <Core = "Shift">   --->   Core 28 'Shift' <Latency = 0> <II = 1> <Delay = 2.93> <FuncUnit> <Opcode : 'shl' 'lshr' 'ashr'> <InPorts = 2> <OutPorts = 1>
ST_2 : Operation 222 [1/1] (1.89ns)   --->   "%tmp_87_3_i = sub i32 25, %tmp_74_3_i" [bi_lstm/src/rnn.cpp:349]   --->   Operation 222 'sub' 'tmp_87_3_i' <Predicate = (!tmp_70_3_i)> <Delay = 1.89> <Core = "AddSub">   --->   Core 14 'AddSub' <Latency = 0> <II = 1> <Delay = 1.89> <FuncUnit> <Opcode : 'add' 'sub'> <InPorts = 2> <OutPorts = 1>
ST_2 : Operation 223 [1/1] (0.00ns) (grouped into LUT with out node m_2_3_i)   --->   "%tmp_88_3_i = shl i32 %m_3_i, %tmp_87_3_i" [bi_lstm/src/rnn.cpp:349]   --->   Operation 223 'shl' 'tmp_88_3_i' <Predicate = (!tmp_70_3_i)> <Delay = 0.00> <Core = "Shift">   --->   Core 28 'Shift' <Latency = 0> <II = 1> <Delay = 2.93> <FuncUnit> <Opcode : 'shl' 'lshr' 'ashr'> <InPorts = 2> <OutPorts = 1>
ST_2 : Operation 224 [1/1] (0.00ns) (grouped into LUT with out node m_2_3_i)   --->   "%m_1_3_i = select i1 %tmp_84_3_i, i32 %tmp_86_3_i, i32 %tmp_88_3_i" [bi_lstm/src/rnn.cpp:349]   --->   Operation 224 'select' 'm_1_3_i' <Predicate = (!tmp_70_3_i)> <Delay = 0.00> <Core = "Sel">   --->   Core 26 'Sel' <Latency = 0> <II = 1> <Delay = 0.70> <FuncUnit> <Opcode : 'select'> <InPorts = 3> <OutPorts = 1>
ST_2 : Operation 225 [1/1] (2.93ns) (out node of the LUT)   --->   "%m_2_3_i = add i32 %tmp_83_3_i, %m_1_3_i" [bi_lstm/src/rnn.cpp:349]   --->   Operation 225 'add' 'm_2_3_i' <Predicate = (!tmp_70_3_i)> <Delay = 2.93> <Core = "AddSub">   --->   Core 14 'AddSub' <Latency = 0> <II = 1> <Delay = 1.89> <FuncUnit> <Opcode : 'add' 'sub'> <InPorts = 2> <OutPorts = 1>
ST_2 : Operation 226 [1/1] (0.00ns)   --->   "%m_6_3_i = call i31 @_ssdm_op_PartSelect.i31.i32.i32.i32(i32 %m_2_3_i, i32 1, i32 31)" [bi_lstm/src/rnn.cpp:349]   --->   Operation 226 'partselect' 'm_6_3_i' <Predicate = (!tmp_70_3_i)> <Delay = 0.00>
ST_2 : Operation 227 [1/1] (0.00ns)   --->   "%tmp_170 = call i1 @_ssdm_op_BitSelect.i1.i32.i32(i32 %m_2_3_i, i32 25)" [bi_lstm/src/rnn.cpp:349]   --->   Operation 227 'bitselect' 'tmp_170' <Predicate = (!tmp_70_3_i)> <Delay = 0.00>
ST_2 : Operation 228 [1/1] (1.89ns)   --->   "%lsb_index_4_i = add nsw i32 -24, %tmp_74_4_i" [bi_lstm/src/rnn.cpp:349]   --->   Operation 228 'add' 'lsb_index_4_i' <Predicate = (!tmp_70_4_i)> <Delay = 1.89> <Core = "AddSub">   --->   Core 14 'AddSub' <Latency = 0> <II = 1> <Delay = 1.89> <FuncUnit> <Opcode : 'add' 'sub'> <InPorts = 2> <OutPorts = 1>
ST_2 : Operation 229 [1/1] (0.00ns)   --->   "%tmp_174 = call i31 @_ssdm_op_PartSelect.i31.i32.i32.i32(i32 %lsb_index_4_i, i32 1, i32 31)" [bi_lstm/src/rnn.cpp:349]   --->   Operation 229 'partselect' 'tmp_174' <Predicate = (!tmp_70_4_i)> <Delay = 0.00>
ST_2 : Operation 230 [1/1] (1.96ns)   --->   "%icmp4 = icmp sgt i31 %tmp_174, 0" [bi_lstm/src/rnn.cpp:349]   --->   Operation 230 'icmp' 'icmp4' <Predicate = (!tmp_70_4_i)> <Delay = 1.96> <Core = "Cmp">   --->   Core 25 'Cmp' <Latency = 0> <II = 1> <Delay = 1.96> <FuncUnit> <Opcode : 'icmp'> <InPorts = 2> <OutPorts = 1>
ST_2 : Operation 231 [1/1] (1.02ns)   --->   "%tmp_176 = sub i5 9, %tmp_175" [bi_lstm/src/rnn.cpp:349]   --->   Operation 231 'sub' 'tmp_176' <Predicate = (!tmp_70_4_i)> <Delay = 1.02> <Core = "AddSub">   --->   Core 14 'AddSub' <Latency = 0> <II = 1> <Delay = 1.89> <FuncUnit> <Opcode : 'add' 'sub'> <InPorts = 2> <OutPorts = 1>
ST_2 : Operation 232 [1/1] (0.00ns) (grouped into LUT with out node tmp_77_4_i)   --->   "%tmp_177 = zext i5 %tmp_176 to i16" [bi_lstm/src/rnn.cpp:349]   --->   Operation 232 'zext' 'tmp_177' <Predicate = (!tmp_70_4_i)> <Delay = 0.00>
ST_2 : Operation 233 [1/1] (0.00ns) (grouped into LUT with out node tmp_77_4_i)   --->   "%tmp_178 = lshr i16 -1, %tmp_177" [bi_lstm/src/rnn.cpp:349]   --->   Operation 233 'lshr' 'tmp_178' <Predicate = (!tmp_70_4_i)> <Delay = 0.00> <Core = "Shift">   --->   Core 28 'Shift' <Latency = 0> <II = 1> <Delay = 2.93> <FuncUnit> <Opcode : 'shl' 'lshr' 'ashr'> <InPorts = 2> <OutPorts = 1>
ST_2 : Operation 234 [1/1] (0.00ns) (grouped into LUT with out node tmp_77_4_i)   --->   "%tmp_179 = and i16 %p_Val2_4_i, %tmp_178" [bi_lstm/src/rnn.cpp:349]   --->   Operation 234 'and' 'tmp_179' <Predicate = (!tmp_70_4_i)> <Delay = 0.00> <Core = "LogicGate">   --->   Core 27 'LogicGate' <Latency = 0> <II = 1> <Delay = 0.80> <FuncUnit> <Opcode : 'and' 'or' 'xor'> <InPorts = 2> <OutPorts = 1>
ST_2 : Operation 235 [1/1] (2.18ns) (out node of the LUT)   --->   "%tmp_77_4_i = icmp ne i16 %tmp_179, 0" [bi_lstm/src/rnn.cpp:349]   --->   Operation 235 'icmp' 'tmp_77_4_i' <Predicate = (!tmp_70_4_i)> <Delay = 2.18> <Core = "Cmp">   --->   Core 25 'Cmp' <Latency = 0> <II = 1> <Delay = 1.96> <FuncUnit> <Opcode : 'icmp'> <InPorts = 2> <OutPorts = 1>
ST_2 : Operation 236 [1/1] (0.00ns) (grouped into LUT with out node tmp_83_4_i)   --->   "%a_4_i = and i1 %icmp4, %tmp_77_4_i" [bi_lstm/src/rnn.cpp:349]   --->   Operation 236 'and' 'a_4_i' <Predicate = (!tmp_70_4_i)> <Delay = 0.00> <Core = "LogicGate">   --->   Core 27 'LogicGate' <Latency = 0> <II = 1> <Delay = 0.80> <FuncUnit> <Opcode : 'and' 'or' 'xor'> <InPorts = 2> <OutPorts = 1>
ST_2 : Operation 237 [1/1] (0.00ns) (grouped into LUT with out node tmp_83_4_i)   --->   "%tmp_180 = call i1 @_ssdm_op_BitSelect.i1.i32.i32(i32 %lsb_index_4_i, i32 31)" [bi_lstm/src/rnn.cpp:349]   --->   Operation 237 'bitselect' 'tmp_180' <Predicate = (!tmp_70_4_i)> <Delay = 0.00>
ST_2 : Operation 238 [1/1] (0.00ns) (grouped into LUT with out node tmp_83_4_i)   --->   "%rev4 = xor i1 %tmp_180, true" [bi_lstm/src/rnn.cpp:349]   --->   Operation 238 'xor' 'rev4' <Predicate = (!tmp_70_4_i)> <Delay = 0.00> <Core = "LogicGate">   --->   Core 27 'LogicGate' <Latency = 0> <II = 1> <Delay = 0.80> <FuncUnit> <Opcode : 'and' 'or' 'xor'> <InPorts = 2> <OutPorts = 1>
ST_2 : Operation 239 [1/1] (1.54ns)   --->   "%tmp_79_4_i = add i16 -24, %tmp_173" [bi_lstm/src/rnn.cpp:349]   --->   Operation 239 'add' 'tmp_79_4_i' <Predicate = (!tmp_70_4_i)> <Delay = 1.54> <Core = "AddSub">   --->   Core 14 'AddSub' <Latency = 0> <II = 1> <Delay = 1.89> <FuncUnit> <Opcode : 'add' 'sub'> <InPorts = 2> <OutPorts = 1>
ST_2 : Operation 240 [1/1] (0.00ns) (grouped into LUT with out node tmp_83_4_i)   --->   "%p_Result_20_4_i = call i1 @_ssdm_op_BitSelect.i1.i16.i16(i16 %p_Val2_4_i, i16 %tmp_79_4_i)" [bi_lstm/src/rnn.cpp:349]   --->   Operation 240 'bitselect' 'p_Result_20_4_i' <Predicate = (!tmp_70_4_i)> <Delay = 0.00>
ST_2 : Operation 241 [1/1] (0.00ns) (grouped into LUT with out node tmp_83_4_i)   --->   "%tmp_81_4_i = and i1 %p_Result_20_4_i, %rev4" [bi_lstm/src/rnn.cpp:349]   --->   Operation 241 'and' 'tmp_81_4_i' <Predicate = (!tmp_70_4_i)> <Delay = 0.00> <Core = "LogicGate">   --->   Core 27 'LogicGate' <Latency = 0> <II = 1> <Delay = 0.80> <FuncUnit> <Opcode : 'and' 'or' 'xor'> <InPorts = 2> <OutPorts = 1>
ST_2 : Operation 242 [1/1] (0.00ns) (grouped into LUT with out node tmp_83_4_i)   --->   "%tmp_120_i = or i1 %tmp_81_4_i, %a_4_i" [bi_lstm/src/rnn.cpp:349]   --->   Operation 242 'or' 'tmp_120_i' <Predicate = (!tmp_70_4_i)> <Delay = 0.00> <Core = "LogicGate">   --->   Core 27 'LogicGate' <Latency = 0> <II = 1> <Delay = 0.80> <FuncUnit> <Opcode : 'and' 'or' 'xor'> <InPorts = 2> <OutPorts = 1>
ST_2 : Operation 243 [1/1] (0.80ns) (out node of the LUT)   --->   "%tmp_83_4_i = call i32 @_ssdm_op_BitConcatenate.i32.i31.i1(i31 0, i1 %tmp_120_i)" [bi_lstm/src/rnn.cpp:349]   --->   Operation 243 'bitconcatenate' 'tmp_83_4_i' <Predicate = (!tmp_70_4_i)> <Delay = 0.80>
ST_2 : Operation 244 [1/1] (0.00ns)   --->   "%m_4_i = zext i16 %p_Val2_4_i to i32" [bi_lstm/src/rnn.cpp:349]   --->   Operation 244 'zext' 'm_4_i' <Predicate = (!tmp_70_4_i)> <Delay = 0.00>
ST_2 : Operation 245 [1/1] (1.96ns)   --->   "%tmp_84_4_i = icmp sgt i32 %lsb_index_4_i, 0" [bi_lstm/src/rnn.cpp:349]   --->   Operation 245 'icmp' 'tmp_84_4_i' <Predicate = (!tmp_70_4_i)> <Delay = 1.96> <Core = "Cmp">   --->   Core 25 'Cmp' <Latency = 0> <II = 1> <Delay = 1.96> <FuncUnit> <Opcode : 'icmp'> <InPorts = 2> <OutPorts = 1>
ST_2 : Operation 246 [1/1] (1.89ns)   --->   "%tmp_85_4_i = add nsw i32 -25, %tmp_74_4_i" [bi_lstm/src/rnn.cpp:349]   --->   Operation 246 'add' 'tmp_85_4_i' <Predicate = (!tmp_70_4_i)> <Delay = 1.89> <Core = "AddSub">   --->   Core 14 'AddSub' <Latency = 0> <II = 1> <Delay = 1.89> <FuncUnit> <Opcode : 'add' 'sub'> <InPorts = 2> <OutPorts = 1>
ST_2 : Operation 247 [1/1] (0.00ns) (grouped into LUT with out node m_2_4_i)   --->   "%tmp_86_4_i = lshr i32 %m_4_i, %tmp_85_4_i" [bi_lstm/src/rnn.cpp:349]   --->   Operation 247 'lshr' 'tmp_86_4_i' <Predicate = (!tmp_70_4_i)> <Delay = 0.00> <Core = "Shift">   --->   Core 28 'Shift' <Latency = 0> <II = 1> <Delay = 2.93> <FuncUnit> <Opcode : 'shl' 'lshr' 'ashr'> <InPorts = 2> <OutPorts = 1>
ST_2 : Operation 248 [1/1] (1.89ns)   --->   "%tmp_87_4_i = sub i32 25, %tmp_74_4_i" [bi_lstm/src/rnn.cpp:349]   --->   Operation 248 'sub' 'tmp_87_4_i' <Predicate = (!tmp_70_4_i)> <Delay = 1.89> <Core = "AddSub">   --->   Core 14 'AddSub' <Latency = 0> <II = 1> <Delay = 1.89> <FuncUnit> <Opcode : 'add' 'sub'> <InPorts = 2> <OutPorts = 1>
ST_2 : Operation 249 [1/1] (0.00ns) (grouped into LUT with out node m_2_4_i)   --->   "%tmp_88_4_i = shl i32 %m_4_i, %tmp_87_4_i" [bi_lstm/src/rnn.cpp:349]   --->   Operation 249 'shl' 'tmp_88_4_i' <Predicate = (!tmp_70_4_i)> <Delay = 0.00> <Core = "Shift">   --->   Core 28 'Shift' <Latency = 0> <II = 1> <Delay = 2.93> <FuncUnit> <Opcode : 'shl' 'lshr' 'ashr'> <InPorts = 2> <OutPorts = 1>
ST_2 : Operation 250 [1/1] (0.00ns) (grouped into LUT with out node m_2_4_i)   --->   "%m_1_4_i = select i1 %tmp_84_4_i, i32 %tmp_86_4_i, i32 %tmp_88_4_i" [bi_lstm/src/rnn.cpp:349]   --->   Operation 250 'select' 'm_1_4_i' <Predicate = (!tmp_70_4_i)> <Delay = 0.00> <Core = "Sel">   --->   Core 26 'Sel' <Latency = 0> <II = 1> <Delay = 0.70> <FuncUnit> <Opcode : 'select'> <InPorts = 3> <OutPorts = 1>
ST_2 : Operation 251 [1/1] (2.93ns) (out node of the LUT)   --->   "%m_2_4_i = add i32 %tmp_83_4_i, %m_1_4_i" [bi_lstm/src/rnn.cpp:349]   --->   Operation 251 'add' 'm_2_4_i' <Predicate = (!tmp_70_4_i)> <Delay = 2.93> <Core = "AddSub">   --->   Core 14 'AddSub' <Latency = 0> <II = 1> <Delay = 1.89> <FuncUnit> <Opcode : 'add' 'sub'> <InPorts = 2> <OutPorts = 1>
ST_2 : Operation 252 [1/1] (0.00ns)   --->   "%m_6_4_i = call i31 @_ssdm_op_PartSelect.i31.i32.i32.i32(i32 %m_2_4_i, i32 1, i32 31)" [bi_lstm/src/rnn.cpp:349]   --->   Operation 252 'partselect' 'm_6_4_i' <Predicate = (!tmp_70_4_i)> <Delay = 0.00>
ST_2 : Operation 253 [1/1] (0.00ns)   --->   "%tmp_181 = call i1 @_ssdm_op_BitSelect.i1.i32.i32(i32 %m_2_4_i, i32 25)" [bi_lstm/src/rnn.cpp:349]   --->   Operation 253 'bitselect' 'tmp_181' <Predicate = (!tmp_70_4_i)> <Delay = 0.00>
ST_2 : Operation 254 [1/1] (1.89ns)   --->   "%lsb_index_5_i = add nsw i32 -24, %tmp_74_5_i" [bi_lstm/src/rnn.cpp:349]   --->   Operation 254 'add' 'lsb_index_5_i' <Predicate = (!tmp_70_5_i)> <Delay = 1.89> <Core = "AddSub">   --->   Core 14 'AddSub' <Latency = 0> <II = 1> <Delay = 1.89> <FuncUnit> <Opcode : 'add' 'sub'> <InPorts = 2> <OutPorts = 1>
ST_2 : Operation 255 [1/1] (0.00ns)   --->   "%tmp_185 = call i31 @_ssdm_op_PartSelect.i31.i32.i32.i32(i32 %lsb_index_5_i, i32 1, i32 31)" [bi_lstm/src/rnn.cpp:349]   --->   Operation 255 'partselect' 'tmp_185' <Predicate = (!tmp_70_5_i)> <Delay = 0.00>
ST_2 : Operation 256 [1/1] (1.96ns)   --->   "%icmp5 = icmp sgt i31 %tmp_185, 0" [bi_lstm/src/rnn.cpp:349]   --->   Operation 256 'icmp' 'icmp5' <Predicate = (!tmp_70_5_i)> <Delay = 1.96> <Core = "Cmp">   --->   Core 25 'Cmp' <Latency = 0> <II = 1> <Delay = 1.96> <FuncUnit> <Opcode : 'icmp'> <InPorts = 2> <OutPorts = 1>
ST_2 : Operation 257 [1/1] (1.02ns)   --->   "%tmp_187 = sub i5 9, %tmp_186" [bi_lstm/src/rnn.cpp:349]   --->   Operation 257 'sub' 'tmp_187' <Predicate = (!tmp_70_5_i)> <Delay = 1.02> <Core = "AddSub">   --->   Core 14 'AddSub' <Latency = 0> <II = 1> <Delay = 1.89> <FuncUnit> <Opcode : 'add' 'sub'> <InPorts = 2> <OutPorts = 1>
ST_2 : Operation 258 [1/1] (0.00ns) (grouped into LUT with out node tmp_77_5_i)   --->   "%tmp_188 = zext i5 %tmp_187 to i16" [bi_lstm/src/rnn.cpp:349]   --->   Operation 258 'zext' 'tmp_188' <Predicate = (!tmp_70_5_i)> <Delay = 0.00>
ST_2 : Operation 259 [1/1] (0.00ns) (grouped into LUT with out node tmp_77_5_i)   --->   "%tmp_189 = lshr i16 -1, %tmp_188" [bi_lstm/src/rnn.cpp:349]   --->   Operation 259 'lshr' 'tmp_189' <Predicate = (!tmp_70_5_i)> <Delay = 0.00> <Core = "Shift">   --->   Core 28 'Shift' <Latency = 0> <II = 1> <Delay = 2.93> <FuncUnit> <Opcode : 'shl' 'lshr' 'ashr'> <InPorts = 2> <OutPorts = 1>
ST_2 : Operation 260 [1/1] (0.00ns) (grouped into LUT with out node tmp_77_5_i)   --->   "%tmp_190 = and i16 %p_Val2_5_i, %tmp_189" [bi_lstm/src/rnn.cpp:349]   --->   Operation 260 'and' 'tmp_190' <Predicate = (!tmp_70_5_i)> <Delay = 0.00> <Core = "LogicGate">   --->   Core 27 'LogicGate' <Latency = 0> <II = 1> <Delay = 0.80> <FuncUnit> <Opcode : 'and' 'or' 'xor'> <InPorts = 2> <OutPorts = 1>
ST_2 : Operation 261 [1/1] (2.18ns) (out node of the LUT)   --->   "%tmp_77_5_i = icmp ne i16 %tmp_190, 0" [bi_lstm/src/rnn.cpp:349]   --->   Operation 261 'icmp' 'tmp_77_5_i' <Predicate = (!tmp_70_5_i)> <Delay = 2.18> <Core = "Cmp">   --->   Core 25 'Cmp' <Latency = 0> <II = 1> <Delay = 1.96> <FuncUnit> <Opcode : 'icmp'> <InPorts = 2> <OutPorts = 1>
ST_2 : Operation 262 [1/1] (0.00ns) (grouped into LUT with out node tmp_83_5_i)   --->   "%a_5_i = and i1 %icmp5, %tmp_77_5_i" [bi_lstm/src/rnn.cpp:349]   --->   Operation 262 'and' 'a_5_i' <Predicate = (!tmp_70_5_i)> <Delay = 0.00> <Core = "LogicGate">   --->   Core 27 'LogicGate' <Latency = 0> <II = 1> <Delay = 0.80> <FuncUnit> <Opcode : 'and' 'or' 'xor'> <InPorts = 2> <OutPorts = 1>
ST_2 : Operation 263 [1/1] (0.00ns) (grouped into LUT with out node tmp_83_5_i)   --->   "%tmp_191 = call i1 @_ssdm_op_BitSelect.i1.i32.i32(i32 %lsb_index_5_i, i32 31)" [bi_lstm/src/rnn.cpp:349]   --->   Operation 263 'bitselect' 'tmp_191' <Predicate = (!tmp_70_5_i)> <Delay = 0.00>
ST_2 : Operation 264 [1/1] (0.00ns) (grouped into LUT with out node tmp_83_5_i)   --->   "%rev5 = xor i1 %tmp_191, true" [bi_lstm/src/rnn.cpp:349]   --->   Operation 264 'xor' 'rev5' <Predicate = (!tmp_70_5_i)> <Delay = 0.00> <Core = "LogicGate">   --->   Core 27 'LogicGate' <Latency = 0> <II = 1> <Delay = 0.80> <FuncUnit> <Opcode : 'and' 'or' 'xor'> <InPorts = 2> <OutPorts = 1>
ST_2 : Operation 265 [1/1] (1.54ns)   --->   "%tmp_79_5_i = add i16 -24, %tmp_184" [bi_lstm/src/rnn.cpp:349]   --->   Operation 265 'add' 'tmp_79_5_i' <Predicate = (!tmp_70_5_i)> <Delay = 1.54> <Core = "AddSub">   --->   Core 14 'AddSub' <Latency = 0> <II = 1> <Delay = 1.89> <FuncUnit> <Opcode : 'add' 'sub'> <InPorts = 2> <OutPorts = 1>
ST_2 : Operation 266 [1/1] (0.00ns) (grouped into LUT with out node tmp_83_5_i)   --->   "%p_Result_20_5_i = call i1 @_ssdm_op_BitSelect.i1.i16.i16(i16 %p_Val2_5_i, i16 %tmp_79_5_i)" [bi_lstm/src/rnn.cpp:349]   --->   Operation 266 'bitselect' 'p_Result_20_5_i' <Predicate = (!tmp_70_5_i)> <Delay = 0.00>
ST_2 : Operation 267 [1/1] (0.00ns) (grouped into LUT with out node tmp_83_5_i)   --->   "%tmp_81_5_i = and i1 %p_Result_20_5_i, %rev5" [bi_lstm/src/rnn.cpp:349]   --->   Operation 267 'and' 'tmp_81_5_i' <Predicate = (!tmp_70_5_i)> <Delay = 0.00> <Core = "LogicGate">   --->   Core 27 'LogicGate' <Latency = 0> <II = 1> <Delay = 0.80> <FuncUnit> <Opcode : 'and' 'or' 'xor'> <InPorts = 2> <OutPorts = 1>
ST_2 : Operation 268 [1/1] (0.00ns) (grouped into LUT with out node tmp_83_5_i)   --->   "%tmp_128_i = or i1 %tmp_81_5_i, %a_5_i" [bi_lstm/src/rnn.cpp:349]   --->   Operation 268 'or' 'tmp_128_i' <Predicate = (!tmp_70_5_i)> <Delay = 0.00> <Core = "LogicGate">   --->   Core 27 'LogicGate' <Latency = 0> <II = 1> <Delay = 0.80> <FuncUnit> <Opcode : 'and' 'or' 'xor'> <InPorts = 2> <OutPorts = 1>
ST_2 : Operation 269 [1/1] (0.80ns) (out node of the LUT)   --->   "%tmp_83_5_i = call i32 @_ssdm_op_BitConcatenate.i32.i31.i1(i31 0, i1 %tmp_128_i)" [bi_lstm/src/rnn.cpp:349]   --->   Operation 269 'bitconcatenate' 'tmp_83_5_i' <Predicate = (!tmp_70_5_i)> <Delay = 0.80>
ST_2 : Operation 270 [1/1] (0.00ns)   --->   "%m_5_i = zext i16 %p_Val2_5_i to i32" [bi_lstm/src/rnn.cpp:349]   --->   Operation 270 'zext' 'm_5_i' <Predicate = (!tmp_70_5_i)> <Delay = 0.00>
ST_2 : Operation 271 [1/1] (1.96ns)   --->   "%tmp_84_5_i = icmp sgt i32 %lsb_index_5_i, 0" [bi_lstm/src/rnn.cpp:349]   --->   Operation 271 'icmp' 'tmp_84_5_i' <Predicate = (!tmp_70_5_i)> <Delay = 1.96> <Core = "Cmp">   --->   Core 25 'Cmp' <Latency = 0> <II = 1> <Delay = 1.96> <FuncUnit> <Opcode : 'icmp'> <InPorts = 2> <OutPorts = 1>
ST_2 : Operation 272 [1/1] (1.89ns)   --->   "%tmp_85_5_i = add nsw i32 -25, %tmp_74_5_i" [bi_lstm/src/rnn.cpp:349]   --->   Operation 272 'add' 'tmp_85_5_i' <Predicate = (!tmp_70_5_i)> <Delay = 1.89> <Core = "AddSub">   --->   Core 14 'AddSub' <Latency = 0> <II = 1> <Delay = 1.89> <FuncUnit> <Opcode : 'add' 'sub'> <InPorts = 2> <OutPorts = 1>
ST_2 : Operation 273 [1/1] (0.00ns) (grouped into LUT with out node m_2_5_i)   --->   "%tmp_86_5_i = lshr i32 %m_5_i, %tmp_85_5_i" [bi_lstm/src/rnn.cpp:349]   --->   Operation 273 'lshr' 'tmp_86_5_i' <Predicate = (!tmp_70_5_i)> <Delay = 0.00> <Core = "Shift">   --->   Core 28 'Shift' <Latency = 0> <II = 1> <Delay = 2.93> <FuncUnit> <Opcode : 'shl' 'lshr' 'ashr'> <InPorts = 2> <OutPorts = 1>
ST_2 : Operation 274 [1/1] (1.89ns)   --->   "%tmp_87_5_i = sub i32 25, %tmp_74_5_i" [bi_lstm/src/rnn.cpp:349]   --->   Operation 274 'sub' 'tmp_87_5_i' <Predicate = (!tmp_70_5_i)> <Delay = 1.89> <Core = "AddSub">   --->   Core 14 'AddSub' <Latency = 0> <II = 1> <Delay = 1.89> <FuncUnit> <Opcode : 'add' 'sub'> <InPorts = 2> <OutPorts = 1>
ST_2 : Operation 275 [1/1] (0.00ns) (grouped into LUT with out node m_2_5_i)   --->   "%tmp_88_5_i = shl i32 %m_5_i, %tmp_87_5_i" [bi_lstm/src/rnn.cpp:349]   --->   Operation 275 'shl' 'tmp_88_5_i' <Predicate = (!tmp_70_5_i)> <Delay = 0.00> <Core = "Shift">   --->   Core 28 'Shift' <Latency = 0> <II = 1> <Delay = 2.93> <FuncUnit> <Opcode : 'shl' 'lshr' 'ashr'> <InPorts = 2> <OutPorts = 1>
ST_2 : Operation 276 [1/1] (0.00ns) (grouped into LUT with out node m_2_5_i)   --->   "%m_1_5_i = select i1 %tmp_84_5_i, i32 %tmp_86_5_i, i32 %tmp_88_5_i" [bi_lstm/src/rnn.cpp:349]   --->   Operation 276 'select' 'm_1_5_i' <Predicate = (!tmp_70_5_i)> <Delay = 0.00> <Core = "Sel">   --->   Core 26 'Sel' <Latency = 0> <II = 1> <Delay = 0.70> <FuncUnit> <Opcode : 'select'> <InPorts = 3> <OutPorts = 1>
ST_2 : Operation 277 [1/1] (2.93ns) (out node of the LUT)   --->   "%m_2_5_i = add i32 %tmp_83_5_i, %m_1_5_i" [bi_lstm/src/rnn.cpp:349]   --->   Operation 277 'add' 'm_2_5_i' <Predicate = (!tmp_70_5_i)> <Delay = 2.93> <Core = "AddSub">   --->   Core 14 'AddSub' <Latency = 0> <II = 1> <Delay = 1.89> <FuncUnit> <Opcode : 'add' 'sub'> <InPorts = 2> <OutPorts = 1>
ST_2 : Operation 278 [1/1] (0.00ns)   --->   "%m_6_5_i = call i31 @_ssdm_op_PartSelect.i31.i32.i32.i32(i32 %m_2_5_i, i32 1, i32 31)" [bi_lstm/src/rnn.cpp:349]   --->   Operation 278 'partselect' 'm_6_5_i' <Predicate = (!tmp_70_5_i)> <Delay = 0.00>
ST_2 : Operation 279 [1/1] (0.00ns)   --->   "%tmp_192 = call i1 @_ssdm_op_BitSelect.i1.i32.i32(i32 %m_2_5_i, i32 25)" [bi_lstm/src/rnn.cpp:349]   --->   Operation 279 'bitselect' 'tmp_192' <Predicate = (!tmp_70_5_i)> <Delay = 0.00>
ST_2 : Operation 280 [1/1] (1.89ns)   --->   "%lsb_index_6_i = add nsw i32 -24, %tmp_74_6_i" [bi_lstm/src/rnn.cpp:349]   --->   Operation 280 'add' 'lsb_index_6_i' <Predicate = (!tmp_70_6_i)> <Delay = 1.89> <Core = "AddSub">   --->   Core 14 'AddSub' <Latency = 0> <II = 1> <Delay = 1.89> <FuncUnit> <Opcode : 'add' 'sub'> <InPorts = 2> <OutPorts = 1>
ST_2 : Operation 281 [1/1] (0.00ns)   --->   "%tmp_196 = call i31 @_ssdm_op_PartSelect.i31.i32.i32.i32(i32 %lsb_index_6_i, i32 1, i32 31)" [bi_lstm/src/rnn.cpp:349]   --->   Operation 281 'partselect' 'tmp_196' <Predicate = (!tmp_70_6_i)> <Delay = 0.00>
ST_2 : Operation 282 [1/1] (1.96ns)   --->   "%icmp6 = icmp sgt i31 %tmp_196, 0" [bi_lstm/src/rnn.cpp:349]   --->   Operation 282 'icmp' 'icmp6' <Predicate = (!tmp_70_6_i)> <Delay = 1.96> <Core = "Cmp">   --->   Core 25 'Cmp' <Latency = 0> <II = 1> <Delay = 1.96> <FuncUnit> <Opcode : 'icmp'> <InPorts = 2> <OutPorts = 1>
ST_2 : Operation 283 [1/1] (1.02ns)   --->   "%tmp_198 = sub i5 9, %tmp_197" [bi_lstm/src/rnn.cpp:349]   --->   Operation 283 'sub' 'tmp_198' <Predicate = (!tmp_70_6_i)> <Delay = 1.02> <Core = "AddSub">   --->   Core 14 'AddSub' <Latency = 0> <II = 1> <Delay = 1.89> <FuncUnit> <Opcode : 'add' 'sub'> <InPorts = 2> <OutPorts = 1>
ST_2 : Operation 284 [1/1] (0.00ns) (grouped into LUT with out node tmp_77_6_i)   --->   "%tmp_199 = zext i5 %tmp_198 to i16" [bi_lstm/src/rnn.cpp:349]   --->   Operation 284 'zext' 'tmp_199' <Predicate = (!tmp_70_6_i)> <Delay = 0.00>
ST_2 : Operation 285 [1/1] (0.00ns) (grouped into LUT with out node tmp_77_6_i)   --->   "%tmp_200 = lshr i16 -1, %tmp_199" [bi_lstm/src/rnn.cpp:349]   --->   Operation 285 'lshr' 'tmp_200' <Predicate = (!tmp_70_6_i)> <Delay = 0.00> <Core = "Shift">   --->   Core 28 'Shift' <Latency = 0> <II = 1> <Delay = 2.93> <FuncUnit> <Opcode : 'shl' 'lshr' 'ashr'> <InPorts = 2> <OutPorts = 1>
ST_2 : Operation 286 [1/1] (0.00ns) (grouped into LUT with out node tmp_77_6_i)   --->   "%tmp_201 = and i16 %p_Val2_6_i, %tmp_200" [bi_lstm/src/rnn.cpp:349]   --->   Operation 286 'and' 'tmp_201' <Predicate = (!tmp_70_6_i)> <Delay = 0.00> <Core = "LogicGate">   --->   Core 27 'LogicGate' <Latency = 0> <II = 1> <Delay = 0.80> <FuncUnit> <Opcode : 'and' 'or' 'xor'> <InPorts = 2> <OutPorts = 1>
ST_2 : Operation 287 [1/1] (2.18ns) (out node of the LUT)   --->   "%tmp_77_6_i = icmp ne i16 %tmp_201, 0" [bi_lstm/src/rnn.cpp:349]   --->   Operation 287 'icmp' 'tmp_77_6_i' <Predicate = (!tmp_70_6_i)> <Delay = 2.18> <Core = "Cmp">   --->   Core 25 'Cmp' <Latency = 0> <II = 1> <Delay = 1.96> <FuncUnit> <Opcode : 'icmp'> <InPorts = 2> <OutPorts = 1>
ST_2 : Operation 288 [1/1] (0.00ns) (grouped into LUT with out node tmp_83_6_i)   --->   "%a_6_i = and i1 %icmp6, %tmp_77_6_i" [bi_lstm/src/rnn.cpp:349]   --->   Operation 288 'and' 'a_6_i' <Predicate = (!tmp_70_6_i)> <Delay = 0.00> <Core = "LogicGate">   --->   Core 27 'LogicGate' <Latency = 0> <II = 1> <Delay = 0.80> <FuncUnit> <Opcode : 'and' 'or' 'xor'> <InPorts = 2> <OutPorts = 1>
ST_2 : Operation 289 [1/1] (0.00ns) (grouped into LUT with out node tmp_83_6_i)   --->   "%tmp_202 = call i1 @_ssdm_op_BitSelect.i1.i32.i32(i32 %lsb_index_6_i, i32 31)" [bi_lstm/src/rnn.cpp:349]   --->   Operation 289 'bitselect' 'tmp_202' <Predicate = (!tmp_70_6_i)> <Delay = 0.00>
ST_2 : Operation 290 [1/1] (0.00ns) (grouped into LUT with out node tmp_83_6_i)   --->   "%rev6 = xor i1 %tmp_202, true" [bi_lstm/src/rnn.cpp:349]   --->   Operation 290 'xor' 'rev6' <Predicate = (!tmp_70_6_i)> <Delay = 0.00> <Core = "LogicGate">   --->   Core 27 'LogicGate' <Latency = 0> <II = 1> <Delay = 0.80> <FuncUnit> <Opcode : 'and' 'or' 'xor'> <InPorts = 2> <OutPorts = 1>
ST_2 : Operation 291 [1/1] (1.54ns)   --->   "%tmp_79_6_i = add i16 -24, %tmp_195" [bi_lstm/src/rnn.cpp:349]   --->   Operation 291 'add' 'tmp_79_6_i' <Predicate = (!tmp_70_6_i)> <Delay = 1.54> <Core = "AddSub">   --->   Core 14 'AddSub' <Latency = 0> <II = 1> <Delay = 1.89> <FuncUnit> <Opcode : 'add' 'sub'> <InPorts = 2> <OutPorts = 1>
ST_2 : Operation 292 [1/1] (0.00ns) (grouped into LUT with out node tmp_83_6_i)   --->   "%p_Result_20_6_i = call i1 @_ssdm_op_BitSelect.i1.i16.i16(i16 %p_Val2_6_i, i16 %tmp_79_6_i)" [bi_lstm/src/rnn.cpp:349]   --->   Operation 292 'bitselect' 'p_Result_20_6_i' <Predicate = (!tmp_70_6_i)> <Delay = 0.00>
ST_2 : Operation 293 [1/1] (0.00ns) (grouped into LUT with out node tmp_83_6_i)   --->   "%tmp_81_6_i = and i1 %p_Result_20_6_i, %rev6" [bi_lstm/src/rnn.cpp:349]   --->   Operation 293 'and' 'tmp_81_6_i' <Predicate = (!tmp_70_6_i)> <Delay = 0.00> <Core = "LogicGate">   --->   Core 27 'LogicGate' <Latency = 0> <II = 1> <Delay = 0.80> <FuncUnit> <Opcode : 'and' 'or' 'xor'> <InPorts = 2> <OutPorts = 1>
ST_2 : Operation 294 [1/1] (0.00ns) (grouped into LUT with out node tmp_83_6_i)   --->   "%tmp_136_i = or i1 %tmp_81_6_i, %a_6_i" [bi_lstm/src/rnn.cpp:349]   --->   Operation 294 'or' 'tmp_136_i' <Predicate = (!tmp_70_6_i)> <Delay = 0.00> <Core = "LogicGate">   --->   Core 27 'LogicGate' <Latency = 0> <II = 1> <Delay = 0.80> <FuncUnit> <Opcode : 'and' 'or' 'xor'> <InPorts = 2> <OutPorts = 1>
ST_2 : Operation 295 [1/1] (0.80ns) (out node of the LUT)   --->   "%tmp_83_6_i = call i32 @_ssdm_op_BitConcatenate.i32.i31.i1(i31 0, i1 %tmp_136_i)" [bi_lstm/src/rnn.cpp:349]   --->   Operation 295 'bitconcatenate' 'tmp_83_6_i' <Predicate = (!tmp_70_6_i)> <Delay = 0.80>
ST_2 : Operation 296 [1/1] (0.00ns)   --->   "%m_11_i = zext i16 %p_Val2_6_i to i32" [bi_lstm/src/rnn.cpp:349]   --->   Operation 296 'zext' 'm_11_i' <Predicate = (!tmp_70_6_i)> <Delay = 0.00>
ST_2 : Operation 297 [1/1] (1.96ns)   --->   "%tmp_84_6_i = icmp sgt i32 %lsb_index_6_i, 0" [bi_lstm/src/rnn.cpp:349]   --->   Operation 297 'icmp' 'tmp_84_6_i' <Predicate = (!tmp_70_6_i)> <Delay = 1.96> <Core = "Cmp">   --->   Core 25 'Cmp' <Latency = 0> <II = 1> <Delay = 1.96> <FuncUnit> <Opcode : 'icmp'> <InPorts = 2> <OutPorts = 1>
ST_2 : Operation 298 [1/1] (1.89ns)   --->   "%tmp_85_6_i = add nsw i32 -25, %tmp_74_6_i" [bi_lstm/src/rnn.cpp:349]   --->   Operation 298 'add' 'tmp_85_6_i' <Predicate = (!tmp_70_6_i)> <Delay = 1.89> <Core = "AddSub">   --->   Core 14 'AddSub' <Latency = 0> <II = 1> <Delay = 1.89> <FuncUnit> <Opcode : 'add' 'sub'> <InPorts = 2> <OutPorts = 1>
ST_2 : Operation 299 [1/1] (0.00ns) (grouped into LUT with out node m_2_6_i)   --->   "%tmp_86_6_i = lshr i32 %m_11_i, %tmp_85_6_i" [bi_lstm/src/rnn.cpp:349]   --->   Operation 299 'lshr' 'tmp_86_6_i' <Predicate = (!tmp_70_6_i)> <Delay = 0.00> <Core = "Shift">   --->   Core 28 'Shift' <Latency = 0> <II = 1> <Delay = 2.93> <FuncUnit> <Opcode : 'shl' 'lshr' 'ashr'> <InPorts = 2> <OutPorts = 1>
ST_2 : Operation 300 [1/1] (1.89ns)   --->   "%tmp_87_6_i = sub i32 25, %tmp_74_6_i" [bi_lstm/src/rnn.cpp:349]   --->   Operation 300 'sub' 'tmp_87_6_i' <Predicate = (!tmp_70_6_i)> <Delay = 1.89> <Core = "AddSub">   --->   Core 14 'AddSub' <Latency = 0> <II = 1> <Delay = 1.89> <FuncUnit> <Opcode : 'add' 'sub'> <InPorts = 2> <OutPorts = 1>
ST_2 : Operation 301 [1/1] (0.00ns) (grouped into LUT with out node m_2_6_i)   --->   "%tmp_88_6_i = shl i32 %m_11_i, %tmp_87_6_i" [bi_lstm/src/rnn.cpp:349]   --->   Operation 301 'shl' 'tmp_88_6_i' <Predicate = (!tmp_70_6_i)> <Delay = 0.00> <Core = "Shift">   --->   Core 28 'Shift' <Latency = 0> <II = 1> <Delay = 2.93> <FuncUnit> <Opcode : 'shl' 'lshr' 'ashr'> <InPorts = 2> <OutPorts = 1>
ST_2 : Operation 302 [1/1] (0.00ns) (grouped into LUT with out node m_2_6_i)   --->   "%m_1_6_i = select i1 %tmp_84_6_i, i32 %tmp_86_6_i, i32 %tmp_88_6_i" [bi_lstm/src/rnn.cpp:349]   --->   Operation 302 'select' 'm_1_6_i' <Predicate = (!tmp_70_6_i)> <Delay = 0.00> <Core = "Sel">   --->   Core 26 'Sel' <Latency = 0> <II = 1> <Delay = 0.70> <FuncUnit> <Opcode : 'select'> <InPorts = 3> <OutPorts = 1>
ST_2 : Operation 303 [1/1] (2.93ns) (out node of the LUT)   --->   "%m_2_6_i = add i32 %tmp_83_6_i, %m_1_6_i" [bi_lstm/src/rnn.cpp:349]   --->   Operation 303 'add' 'm_2_6_i' <Predicate = (!tmp_70_6_i)> <Delay = 2.93> <Core = "AddSub">   --->   Core 14 'AddSub' <Latency = 0> <II = 1> <Delay = 1.89> <FuncUnit> <Opcode : 'add' 'sub'> <InPorts = 2> <OutPorts = 1>
ST_2 : Operation 304 [1/1] (0.00ns)   --->   "%m_6_6_i = call i31 @_ssdm_op_PartSelect.i31.i32.i32.i32(i32 %m_2_6_i, i32 1, i32 31)" [bi_lstm/src/rnn.cpp:349]   --->   Operation 304 'partselect' 'm_6_6_i' <Predicate = (!tmp_70_6_i)> <Delay = 0.00>
ST_2 : Operation 305 [1/1] (0.00ns)   --->   "%tmp_203 = call i1 @_ssdm_op_BitSelect.i1.i32.i32(i32 %m_2_6_i, i32 25)" [bi_lstm/src/rnn.cpp:349]   --->   Operation 305 'bitselect' 'tmp_203' <Predicate = (!tmp_70_6_i)> <Delay = 0.00>
ST_2 : Operation 306 [1/1] (1.89ns)   --->   "%lsb_index_7_i = add nsw i32 -24, %tmp_74_7_i" [bi_lstm/src/rnn.cpp:349]   --->   Operation 306 'add' 'lsb_index_7_i' <Predicate = (!tmp_70_7_i)> <Delay = 1.89> <Core = "AddSub">   --->   Core 14 'AddSub' <Latency = 0> <II = 1> <Delay = 1.89> <FuncUnit> <Opcode : 'add' 'sub'> <InPorts = 2> <OutPorts = 1>
ST_2 : Operation 307 [1/1] (0.00ns)   --->   "%tmp_207 = call i31 @_ssdm_op_PartSelect.i31.i32.i32.i32(i32 %lsb_index_7_i, i32 1, i32 31)" [bi_lstm/src/rnn.cpp:349]   --->   Operation 307 'partselect' 'tmp_207' <Predicate = (!tmp_70_7_i)> <Delay = 0.00>
ST_2 : Operation 308 [1/1] (1.96ns)   --->   "%icmp7 = icmp sgt i31 %tmp_207, 0" [bi_lstm/src/rnn.cpp:349]   --->   Operation 308 'icmp' 'icmp7' <Predicate = (!tmp_70_7_i)> <Delay = 1.96> <Core = "Cmp">   --->   Core 25 'Cmp' <Latency = 0> <II = 1> <Delay = 1.96> <FuncUnit> <Opcode : 'icmp'> <InPorts = 2> <OutPorts = 1>
ST_2 : Operation 309 [1/1] (1.02ns)   --->   "%tmp_209 = sub i5 9, %tmp_208" [bi_lstm/src/rnn.cpp:349]   --->   Operation 309 'sub' 'tmp_209' <Predicate = (!tmp_70_7_i)> <Delay = 1.02> <Core = "AddSub">   --->   Core 14 'AddSub' <Latency = 0> <II = 1> <Delay = 1.89> <FuncUnit> <Opcode : 'add' 'sub'> <InPorts = 2> <OutPorts = 1>
ST_2 : Operation 310 [1/1] (0.00ns) (grouped into LUT with out node tmp_77_7_i)   --->   "%tmp_210 = zext i5 %tmp_209 to i16" [bi_lstm/src/rnn.cpp:349]   --->   Operation 310 'zext' 'tmp_210' <Predicate = (!tmp_70_7_i)> <Delay = 0.00>
ST_2 : Operation 311 [1/1] (0.00ns) (grouped into LUT with out node tmp_77_7_i)   --->   "%tmp_211 = lshr i16 -1, %tmp_210" [bi_lstm/src/rnn.cpp:349]   --->   Operation 311 'lshr' 'tmp_211' <Predicate = (!tmp_70_7_i)> <Delay = 0.00> <Core = "Shift">   --->   Core 28 'Shift' <Latency = 0> <II = 1> <Delay = 2.93> <FuncUnit> <Opcode : 'shl' 'lshr' 'ashr'> <InPorts = 2> <OutPorts = 1>
ST_2 : Operation 312 [1/1] (0.00ns) (grouped into LUT with out node tmp_77_7_i)   --->   "%tmp_212 = and i16 %p_Val2_7_i, %tmp_211" [bi_lstm/src/rnn.cpp:349]   --->   Operation 312 'and' 'tmp_212' <Predicate = (!tmp_70_7_i)> <Delay = 0.00> <Core = "LogicGate">   --->   Core 27 'LogicGate' <Latency = 0> <II = 1> <Delay = 0.80> <FuncUnit> <Opcode : 'and' 'or' 'xor'> <InPorts = 2> <OutPorts = 1>
ST_2 : Operation 313 [1/1] (2.18ns) (out node of the LUT)   --->   "%tmp_77_7_i = icmp ne i16 %tmp_212, 0" [bi_lstm/src/rnn.cpp:349]   --->   Operation 313 'icmp' 'tmp_77_7_i' <Predicate = (!tmp_70_7_i)> <Delay = 2.18> <Core = "Cmp">   --->   Core 25 'Cmp' <Latency = 0> <II = 1> <Delay = 1.96> <FuncUnit> <Opcode : 'icmp'> <InPorts = 2> <OutPorts = 1>
ST_2 : Operation 314 [1/1] (0.00ns) (grouped into LUT with out node tmp_83_7_i)   --->   "%a_7_i = and i1 %icmp7, %tmp_77_7_i" [bi_lstm/src/rnn.cpp:349]   --->   Operation 314 'and' 'a_7_i' <Predicate = (!tmp_70_7_i)> <Delay = 0.00> <Core = "LogicGate">   --->   Core 27 'LogicGate' <Latency = 0> <II = 1> <Delay = 0.80> <FuncUnit> <Opcode : 'and' 'or' 'xor'> <InPorts = 2> <OutPorts = 1>
ST_2 : Operation 315 [1/1] (0.00ns) (grouped into LUT with out node tmp_83_7_i)   --->   "%tmp_213 = call i1 @_ssdm_op_BitSelect.i1.i32.i32(i32 %lsb_index_7_i, i32 31)" [bi_lstm/src/rnn.cpp:349]   --->   Operation 315 'bitselect' 'tmp_213' <Predicate = (!tmp_70_7_i)> <Delay = 0.00>
ST_2 : Operation 316 [1/1] (0.00ns) (grouped into LUT with out node tmp_83_7_i)   --->   "%rev7 = xor i1 %tmp_213, true" [bi_lstm/src/rnn.cpp:349]   --->   Operation 316 'xor' 'rev7' <Predicate = (!tmp_70_7_i)> <Delay = 0.00> <Core = "LogicGate">   --->   Core 27 'LogicGate' <Latency = 0> <II = 1> <Delay = 0.80> <FuncUnit> <Opcode : 'and' 'or' 'xor'> <InPorts = 2> <OutPorts = 1>
ST_2 : Operation 317 [1/1] (1.54ns)   --->   "%tmp_79_7_i = add i16 -24, %tmp_206" [bi_lstm/src/rnn.cpp:349]   --->   Operation 317 'add' 'tmp_79_7_i' <Predicate = (!tmp_70_7_i)> <Delay = 1.54> <Core = "AddSub">   --->   Core 14 'AddSub' <Latency = 0> <II = 1> <Delay = 1.89> <FuncUnit> <Opcode : 'add' 'sub'> <InPorts = 2> <OutPorts = 1>
ST_2 : Operation 318 [1/1] (0.00ns) (grouped into LUT with out node tmp_83_7_i)   --->   "%p_Result_20_7_i = call i1 @_ssdm_op_BitSelect.i1.i16.i16(i16 %p_Val2_7_i, i16 %tmp_79_7_i)" [bi_lstm/src/rnn.cpp:349]   --->   Operation 318 'bitselect' 'p_Result_20_7_i' <Predicate = (!tmp_70_7_i)> <Delay = 0.00>
ST_2 : Operation 319 [1/1] (0.00ns) (grouped into LUT with out node tmp_83_7_i)   --->   "%tmp_81_7_i = and i1 %p_Result_20_7_i, %rev7" [bi_lstm/src/rnn.cpp:349]   --->   Operation 319 'and' 'tmp_81_7_i' <Predicate = (!tmp_70_7_i)> <Delay = 0.00> <Core = "LogicGate">   --->   Core 27 'LogicGate' <Latency = 0> <II = 1> <Delay = 0.80> <FuncUnit> <Opcode : 'and' 'or' 'xor'> <InPorts = 2> <OutPorts = 1>
ST_2 : Operation 320 [1/1] (0.00ns) (grouped into LUT with out node tmp_83_7_i)   --->   "%tmp_144_i = or i1 %tmp_81_7_i, %a_7_i" [bi_lstm/src/rnn.cpp:349]   --->   Operation 320 'or' 'tmp_144_i' <Predicate = (!tmp_70_7_i)> <Delay = 0.00> <Core = "LogicGate">   --->   Core 27 'LogicGate' <Latency = 0> <II = 1> <Delay = 0.80> <FuncUnit> <Opcode : 'and' 'or' 'xor'> <InPorts = 2> <OutPorts = 1>
ST_2 : Operation 321 [1/1] (0.80ns) (out node of the LUT)   --->   "%tmp_83_7_i = call i32 @_ssdm_op_BitConcatenate.i32.i31.i1(i31 0, i1 %tmp_144_i)" [bi_lstm/src/rnn.cpp:349]   --->   Operation 321 'bitconcatenate' 'tmp_83_7_i' <Predicate = (!tmp_70_7_i)> <Delay = 0.80>
ST_2 : Operation 322 [1/1] (0.00ns)   --->   "%m_7_i = zext i16 %p_Val2_7_i to i32" [bi_lstm/src/rnn.cpp:349]   --->   Operation 322 'zext' 'm_7_i' <Predicate = (!tmp_70_7_i)> <Delay = 0.00>
ST_2 : Operation 323 [1/1] (1.96ns)   --->   "%tmp_84_7_i = icmp sgt i32 %lsb_index_7_i, 0" [bi_lstm/src/rnn.cpp:349]   --->   Operation 323 'icmp' 'tmp_84_7_i' <Predicate = (!tmp_70_7_i)> <Delay = 1.96> <Core = "Cmp">   --->   Core 25 'Cmp' <Latency = 0> <II = 1> <Delay = 1.96> <FuncUnit> <Opcode : 'icmp'> <InPorts = 2> <OutPorts = 1>
ST_2 : Operation 324 [1/1] (1.89ns)   --->   "%tmp_85_7_i = add nsw i32 -25, %tmp_74_7_i" [bi_lstm/src/rnn.cpp:349]   --->   Operation 324 'add' 'tmp_85_7_i' <Predicate = (!tmp_70_7_i)> <Delay = 1.89> <Core = "AddSub">   --->   Core 14 'AddSub' <Latency = 0> <II = 1> <Delay = 1.89> <FuncUnit> <Opcode : 'add' 'sub'> <InPorts = 2> <OutPorts = 1>
ST_2 : Operation 325 [1/1] (0.00ns) (grouped into LUT with out node m_2_7_i)   --->   "%tmp_86_7_i = lshr i32 %m_7_i, %tmp_85_7_i" [bi_lstm/src/rnn.cpp:349]   --->   Operation 325 'lshr' 'tmp_86_7_i' <Predicate = (!tmp_70_7_i)> <Delay = 0.00> <Core = "Shift">   --->   Core 28 'Shift' <Latency = 0> <II = 1> <Delay = 2.93> <FuncUnit> <Opcode : 'shl' 'lshr' 'ashr'> <InPorts = 2> <OutPorts = 1>
ST_2 : Operation 326 [1/1] (1.89ns)   --->   "%tmp_87_7_i = sub i32 25, %tmp_74_7_i" [bi_lstm/src/rnn.cpp:349]   --->   Operation 326 'sub' 'tmp_87_7_i' <Predicate = (!tmp_70_7_i)> <Delay = 1.89> <Core = "AddSub">   --->   Core 14 'AddSub' <Latency = 0> <II = 1> <Delay = 1.89> <FuncUnit> <Opcode : 'add' 'sub'> <InPorts = 2> <OutPorts = 1>
ST_2 : Operation 327 [1/1] (0.00ns) (grouped into LUT with out node m_2_7_i)   --->   "%tmp_88_7_i = shl i32 %m_7_i, %tmp_87_7_i" [bi_lstm/src/rnn.cpp:349]   --->   Operation 327 'shl' 'tmp_88_7_i' <Predicate = (!tmp_70_7_i)> <Delay = 0.00> <Core = "Shift">   --->   Core 28 'Shift' <Latency = 0> <II = 1> <Delay = 2.93> <FuncUnit> <Opcode : 'shl' 'lshr' 'ashr'> <InPorts = 2> <OutPorts = 1>
ST_2 : Operation 328 [1/1] (0.00ns) (grouped into LUT with out node m_2_7_i)   --->   "%m_1_7_i = select i1 %tmp_84_7_i, i32 %tmp_86_7_i, i32 %tmp_88_7_i" [bi_lstm/src/rnn.cpp:349]   --->   Operation 328 'select' 'm_1_7_i' <Predicate = (!tmp_70_7_i)> <Delay = 0.00> <Core = "Sel">   --->   Core 26 'Sel' <Latency = 0> <II = 1> <Delay = 0.70> <FuncUnit> <Opcode : 'select'> <InPorts = 3> <OutPorts = 1>
ST_2 : Operation 329 [1/1] (2.93ns) (out node of the LUT)   --->   "%m_2_7_i = add i32 %tmp_83_7_i, %m_1_7_i" [bi_lstm/src/rnn.cpp:349]   --->   Operation 329 'add' 'm_2_7_i' <Predicate = (!tmp_70_7_i)> <Delay = 2.93> <Core = "AddSub">   --->   Core 14 'AddSub' <Latency = 0> <II = 1> <Delay = 1.89> <FuncUnit> <Opcode : 'add' 'sub'> <InPorts = 2> <OutPorts = 1>
ST_2 : Operation 330 [1/1] (0.00ns)   --->   "%m_6_7_i = call i31 @_ssdm_op_PartSelect.i31.i32.i32.i32(i32 %m_2_7_i, i32 1, i32 31)" [bi_lstm/src/rnn.cpp:349]   --->   Operation 330 'partselect' 'm_6_7_i' <Predicate = (!tmp_70_7_i)> <Delay = 0.00>
ST_2 : Operation 331 [1/1] (0.00ns)   --->   "%tmp_214 = call i1 @_ssdm_op_BitSelect.i1.i32.i32(i32 %m_2_7_i, i32 25)" [bi_lstm/src/rnn.cpp:349]   --->   Operation 331 'bitselect' 'tmp_214' <Predicate = (!tmp_70_7_i)> <Delay = 0.00>
ST_2 : Operation 332 [1/1] (1.89ns)   --->   "%lsb_index_8_i = add nsw i32 -24, %tmp_74_8_i" [bi_lstm/src/rnn.cpp:349]   --->   Operation 332 'add' 'lsb_index_8_i' <Predicate = (!tmp_70_8_i)> <Delay = 1.89> <Core = "AddSub">   --->   Core 14 'AddSub' <Latency = 0> <II = 1> <Delay = 1.89> <FuncUnit> <Opcode : 'add' 'sub'> <InPorts = 2> <OutPorts = 1>
ST_2 : Operation 333 [1/1] (0.00ns)   --->   "%tmp_218 = call i31 @_ssdm_op_PartSelect.i31.i32.i32.i32(i32 %lsb_index_8_i, i32 1, i32 31)" [bi_lstm/src/rnn.cpp:349]   --->   Operation 333 'partselect' 'tmp_218' <Predicate = (!tmp_70_8_i)> <Delay = 0.00>
ST_2 : Operation 334 [1/1] (1.96ns)   --->   "%icmp8 = icmp sgt i31 %tmp_218, 0" [bi_lstm/src/rnn.cpp:349]   --->   Operation 334 'icmp' 'icmp8' <Predicate = (!tmp_70_8_i)> <Delay = 1.96> <Core = "Cmp">   --->   Core 25 'Cmp' <Latency = 0> <II = 1> <Delay = 1.96> <FuncUnit> <Opcode : 'icmp'> <InPorts = 2> <OutPorts = 1>
ST_2 : Operation 335 [1/1] (1.02ns)   --->   "%tmp_220 = sub i5 9, %tmp_219" [bi_lstm/src/rnn.cpp:349]   --->   Operation 335 'sub' 'tmp_220' <Predicate = (!tmp_70_8_i)> <Delay = 1.02> <Core = "AddSub">   --->   Core 14 'AddSub' <Latency = 0> <II = 1> <Delay = 1.89> <FuncUnit> <Opcode : 'add' 'sub'> <InPorts = 2> <OutPorts = 1>
ST_2 : Operation 336 [1/1] (0.00ns) (grouped into LUT with out node tmp_77_8_i)   --->   "%tmp_221 = zext i5 %tmp_220 to i16" [bi_lstm/src/rnn.cpp:349]   --->   Operation 336 'zext' 'tmp_221' <Predicate = (!tmp_70_8_i)> <Delay = 0.00>
ST_2 : Operation 337 [1/1] (0.00ns) (grouped into LUT with out node tmp_77_8_i)   --->   "%tmp_222 = lshr i16 -1, %tmp_221" [bi_lstm/src/rnn.cpp:349]   --->   Operation 337 'lshr' 'tmp_222' <Predicate = (!tmp_70_8_i)> <Delay = 0.00> <Core = "Shift">   --->   Core 28 'Shift' <Latency = 0> <II = 1> <Delay = 2.93> <FuncUnit> <Opcode : 'shl' 'lshr' 'ashr'> <InPorts = 2> <OutPorts = 1>
ST_2 : Operation 338 [1/1] (0.00ns) (grouped into LUT with out node tmp_77_8_i)   --->   "%tmp_223 = and i16 %p_Val2_8_i, %tmp_222" [bi_lstm/src/rnn.cpp:349]   --->   Operation 338 'and' 'tmp_223' <Predicate = (!tmp_70_8_i)> <Delay = 0.00> <Core = "LogicGate">   --->   Core 27 'LogicGate' <Latency = 0> <II = 1> <Delay = 0.80> <FuncUnit> <Opcode : 'and' 'or' 'xor'> <InPorts = 2> <OutPorts = 1>
ST_2 : Operation 339 [1/1] (2.18ns) (out node of the LUT)   --->   "%tmp_77_8_i = icmp ne i16 %tmp_223, 0" [bi_lstm/src/rnn.cpp:349]   --->   Operation 339 'icmp' 'tmp_77_8_i' <Predicate = (!tmp_70_8_i)> <Delay = 2.18> <Core = "Cmp">   --->   Core 25 'Cmp' <Latency = 0> <II = 1> <Delay = 1.96> <FuncUnit> <Opcode : 'icmp'> <InPorts = 2> <OutPorts = 1>
ST_2 : Operation 340 [1/1] (0.00ns) (grouped into LUT with out node tmp_83_8_i)   --->   "%a_8_i = and i1 %icmp8, %tmp_77_8_i" [bi_lstm/src/rnn.cpp:349]   --->   Operation 340 'and' 'a_8_i' <Predicate = (!tmp_70_8_i)> <Delay = 0.00> <Core = "LogicGate">   --->   Core 27 'LogicGate' <Latency = 0> <II = 1> <Delay = 0.80> <FuncUnit> <Opcode : 'and' 'or' 'xor'> <InPorts = 2> <OutPorts = 1>
ST_2 : Operation 341 [1/1] (0.00ns) (grouped into LUT with out node tmp_83_8_i)   --->   "%tmp_224 = call i1 @_ssdm_op_BitSelect.i1.i32.i32(i32 %lsb_index_8_i, i32 31)" [bi_lstm/src/rnn.cpp:349]   --->   Operation 341 'bitselect' 'tmp_224' <Predicate = (!tmp_70_8_i)> <Delay = 0.00>
ST_2 : Operation 342 [1/1] (0.00ns) (grouped into LUT with out node tmp_83_8_i)   --->   "%rev8 = xor i1 %tmp_224, true" [bi_lstm/src/rnn.cpp:349]   --->   Operation 342 'xor' 'rev8' <Predicate = (!tmp_70_8_i)> <Delay = 0.00> <Core = "LogicGate">   --->   Core 27 'LogicGate' <Latency = 0> <II = 1> <Delay = 0.80> <FuncUnit> <Opcode : 'and' 'or' 'xor'> <InPorts = 2> <OutPorts = 1>
ST_2 : Operation 343 [1/1] (1.54ns)   --->   "%tmp_79_8_i = add i16 -24, %tmp_217" [bi_lstm/src/rnn.cpp:349]   --->   Operation 343 'add' 'tmp_79_8_i' <Predicate = (!tmp_70_8_i)> <Delay = 1.54> <Core = "AddSub">   --->   Core 14 'AddSub' <Latency = 0> <II = 1> <Delay = 1.89> <FuncUnit> <Opcode : 'add' 'sub'> <InPorts = 2> <OutPorts = 1>
ST_2 : Operation 344 [1/1] (0.00ns) (grouped into LUT with out node tmp_83_8_i)   --->   "%p_Result_20_8_i = call i1 @_ssdm_op_BitSelect.i1.i16.i16(i16 %p_Val2_8_i, i16 %tmp_79_8_i)" [bi_lstm/src/rnn.cpp:349]   --->   Operation 344 'bitselect' 'p_Result_20_8_i' <Predicate = (!tmp_70_8_i)> <Delay = 0.00>
ST_2 : Operation 345 [1/1] (0.00ns) (grouped into LUT with out node tmp_83_8_i)   --->   "%tmp_81_8_i = and i1 %p_Result_20_8_i, %rev8" [bi_lstm/src/rnn.cpp:349]   --->   Operation 345 'and' 'tmp_81_8_i' <Predicate = (!tmp_70_8_i)> <Delay = 0.00> <Core = "LogicGate">   --->   Core 27 'LogicGate' <Latency = 0> <II = 1> <Delay = 0.80> <FuncUnit> <Opcode : 'and' 'or' 'xor'> <InPorts = 2> <OutPorts = 1>
ST_2 : Operation 346 [1/1] (0.00ns) (grouped into LUT with out node tmp_83_8_i)   --->   "%tmp_152_i = or i1 %tmp_81_8_i, %a_8_i" [bi_lstm/src/rnn.cpp:349]   --->   Operation 346 'or' 'tmp_152_i' <Predicate = (!tmp_70_8_i)> <Delay = 0.00> <Core = "LogicGate">   --->   Core 27 'LogicGate' <Latency = 0> <II = 1> <Delay = 0.80> <FuncUnit> <Opcode : 'and' 'or' 'xor'> <InPorts = 2> <OutPorts = 1>
ST_2 : Operation 347 [1/1] (0.80ns) (out node of the LUT)   --->   "%tmp_83_8_i = call i32 @_ssdm_op_BitConcatenate.i32.i31.i1(i31 0, i1 %tmp_152_i)" [bi_lstm/src/rnn.cpp:349]   --->   Operation 347 'bitconcatenate' 'tmp_83_8_i' <Predicate = (!tmp_70_8_i)> <Delay = 0.80>
ST_2 : Operation 348 [1/1] (0.00ns)   --->   "%m_8_i = zext i16 %p_Val2_8_i to i32" [bi_lstm/src/rnn.cpp:349]   --->   Operation 348 'zext' 'm_8_i' <Predicate = (!tmp_70_8_i)> <Delay = 0.00>
ST_2 : Operation 349 [1/1] (1.96ns)   --->   "%tmp_84_8_i = icmp sgt i32 %lsb_index_8_i, 0" [bi_lstm/src/rnn.cpp:349]   --->   Operation 349 'icmp' 'tmp_84_8_i' <Predicate = (!tmp_70_8_i)> <Delay = 1.96> <Core = "Cmp">   --->   Core 25 'Cmp' <Latency = 0> <II = 1> <Delay = 1.96> <FuncUnit> <Opcode : 'icmp'> <InPorts = 2> <OutPorts = 1>
ST_2 : Operation 350 [1/1] (1.89ns)   --->   "%tmp_85_8_i = add nsw i32 -25, %tmp_74_8_i" [bi_lstm/src/rnn.cpp:349]   --->   Operation 350 'add' 'tmp_85_8_i' <Predicate = (!tmp_70_8_i)> <Delay = 1.89> <Core = "AddSub">   --->   Core 14 'AddSub' <Latency = 0> <II = 1> <Delay = 1.89> <FuncUnit> <Opcode : 'add' 'sub'> <InPorts = 2> <OutPorts = 1>
ST_2 : Operation 351 [1/1] (0.00ns) (grouped into LUT with out node m_2_8_i)   --->   "%tmp_86_8_i = lshr i32 %m_8_i, %tmp_85_8_i" [bi_lstm/src/rnn.cpp:349]   --->   Operation 351 'lshr' 'tmp_86_8_i' <Predicate = (!tmp_70_8_i)> <Delay = 0.00> <Core = "Shift">   --->   Core 28 'Shift' <Latency = 0> <II = 1> <Delay = 2.93> <FuncUnit> <Opcode : 'shl' 'lshr' 'ashr'> <InPorts = 2> <OutPorts = 1>
ST_2 : Operation 352 [1/1] (1.89ns)   --->   "%tmp_87_8_i = sub i32 25, %tmp_74_8_i" [bi_lstm/src/rnn.cpp:349]   --->   Operation 352 'sub' 'tmp_87_8_i' <Predicate = (!tmp_70_8_i)> <Delay = 1.89> <Core = "AddSub">   --->   Core 14 'AddSub' <Latency = 0> <II = 1> <Delay = 1.89> <FuncUnit> <Opcode : 'add' 'sub'> <InPorts = 2> <OutPorts = 1>
ST_2 : Operation 353 [1/1] (0.00ns) (grouped into LUT with out node m_2_8_i)   --->   "%tmp_88_8_i = shl i32 %m_8_i, %tmp_87_8_i" [bi_lstm/src/rnn.cpp:349]   --->   Operation 353 'shl' 'tmp_88_8_i' <Predicate = (!tmp_70_8_i)> <Delay = 0.00> <Core = "Shift">   --->   Core 28 'Shift' <Latency = 0> <II = 1> <Delay = 2.93> <FuncUnit> <Opcode : 'shl' 'lshr' 'ashr'> <InPorts = 2> <OutPorts = 1>
ST_2 : Operation 354 [1/1] (0.00ns) (grouped into LUT with out node m_2_8_i)   --->   "%m_1_8_i = select i1 %tmp_84_8_i, i32 %tmp_86_8_i, i32 %tmp_88_8_i" [bi_lstm/src/rnn.cpp:349]   --->   Operation 354 'select' 'm_1_8_i' <Predicate = (!tmp_70_8_i)> <Delay = 0.00> <Core = "Sel">   --->   Core 26 'Sel' <Latency = 0> <II = 1> <Delay = 0.70> <FuncUnit> <Opcode : 'select'> <InPorts = 3> <OutPorts = 1>
ST_2 : Operation 355 [1/1] (2.93ns) (out node of the LUT)   --->   "%m_2_8_i = add i32 %tmp_83_8_i, %m_1_8_i" [bi_lstm/src/rnn.cpp:349]   --->   Operation 355 'add' 'm_2_8_i' <Predicate = (!tmp_70_8_i)> <Delay = 2.93> <Core = "AddSub">   --->   Core 14 'AddSub' <Latency = 0> <II = 1> <Delay = 1.89> <FuncUnit> <Opcode : 'add' 'sub'> <InPorts = 2> <OutPorts = 1>
ST_2 : Operation 356 [1/1] (0.00ns)   --->   "%m_6_8_i = call i31 @_ssdm_op_PartSelect.i31.i32.i32.i32(i32 %m_2_8_i, i32 1, i32 31)" [bi_lstm/src/rnn.cpp:349]   --->   Operation 356 'partselect' 'm_6_8_i' <Predicate = (!tmp_70_8_i)> <Delay = 0.00>
ST_2 : Operation 357 [1/1] (0.00ns)   --->   "%tmp_225 = call i1 @_ssdm_op_BitSelect.i1.i32.i32(i32 %m_2_8_i, i32 25)" [bi_lstm/src/rnn.cpp:349]   --->   Operation 357 'bitselect' 'tmp_225' <Predicate = (!tmp_70_8_i)> <Delay = 0.00>
ST_2 : Operation 358 [1/1] (1.89ns)   --->   "%lsb_index_9_i = add nsw i32 -24, %tmp_74_9_i" [bi_lstm/src/rnn.cpp:349]   --->   Operation 358 'add' 'lsb_index_9_i' <Predicate = (!tmp_70_9_i)> <Delay = 1.89> <Core = "AddSub">   --->   Core 14 'AddSub' <Latency = 0> <II = 1> <Delay = 1.89> <FuncUnit> <Opcode : 'add' 'sub'> <InPorts = 2> <OutPorts = 1>
ST_2 : Operation 359 [1/1] (0.00ns)   --->   "%tmp_229 = call i31 @_ssdm_op_PartSelect.i31.i32.i32.i32(i32 %lsb_index_9_i, i32 1, i32 31)" [bi_lstm/src/rnn.cpp:349]   --->   Operation 359 'partselect' 'tmp_229' <Predicate = (!tmp_70_9_i)> <Delay = 0.00>
ST_2 : Operation 360 [1/1] (1.96ns)   --->   "%icmp9 = icmp sgt i31 %tmp_229, 0" [bi_lstm/src/rnn.cpp:349]   --->   Operation 360 'icmp' 'icmp9' <Predicate = (!tmp_70_9_i)> <Delay = 1.96> <Core = "Cmp">   --->   Core 25 'Cmp' <Latency = 0> <II = 1> <Delay = 1.96> <FuncUnit> <Opcode : 'icmp'> <InPorts = 2> <OutPorts = 1>
ST_2 : Operation 361 [1/1] (1.02ns)   --->   "%tmp_231 = sub i5 9, %tmp_230" [bi_lstm/src/rnn.cpp:349]   --->   Operation 361 'sub' 'tmp_231' <Predicate = (!tmp_70_9_i)> <Delay = 1.02> <Core = "AddSub">   --->   Core 14 'AddSub' <Latency = 0> <II = 1> <Delay = 1.89> <FuncUnit> <Opcode : 'add' 'sub'> <InPorts = 2> <OutPorts = 1>
ST_2 : Operation 362 [1/1] (0.00ns) (grouped into LUT with out node tmp_77_9_i)   --->   "%tmp_232 = zext i5 %tmp_231 to i16" [bi_lstm/src/rnn.cpp:349]   --->   Operation 362 'zext' 'tmp_232' <Predicate = (!tmp_70_9_i)> <Delay = 0.00>
ST_2 : Operation 363 [1/1] (0.00ns) (grouped into LUT with out node tmp_77_9_i)   --->   "%tmp_233 = lshr i16 -1, %tmp_232" [bi_lstm/src/rnn.cpp:349]   --->   Operation 363 'lshr' 'tmp_233' <Predicate = (!tmp_70_9_i)> <Delay = 0.00> <Core = "Shift">   --->   Core 28 'Shift' <Latency = 0> <II = 1> <Delay = 2.93> <FuncUnit> <Opcode : 'shl' 'lshr' 'ashr'> <InPorts = 2> <OutPorts = 1>
ST_2 : Operation 364 [1/1] (0.00ns) (grouped into LUT with out node tmp_77_9_i)   --->   "%tmp_234 = and i16 %p_Val2_9_i, %tmp_233" [bi_lstm/src/rnn.cpp:349]   --->   Operation 364 'and' 'tmp_234' <Predicate = (!tmp_70_9_i)> <Delay = 0.00> <Core = "LogicGate">   --->   Core 27 'LogicGate' <Latency = 0> <II = 1> <Delay = 0.80> <FuncUnit> <Opcode : 'and' 'or' 'xor'> <InPorts = 2> <OutPorts = 1>
ST_2 : Operation 365 [1/1] (2.18ns) (out node of the LUT)   --->   "%tmp_77_9_i = icmp ne i16 %tmp_234, 0" [bi_lstm/src/rnn.cpp:349]   --->   Operation 365 'icmp' 'tmp_77_9_i' <Predicate = (!tmp_70_9_i)> <Delay = 2.18> <Core = "Cmp">   --->   Core 25 'Cmp' <Latency = 0> <II = 1> <Delay = 1.96> <FuncUnit> <Opcode : 'icmp'> <InPorts = 2> <OutPorts = 1>
ST_2 : Operation 366 [1/1] (0.00ns) (grouped into LUT with out node tmp_83_9_i)   --->   "%a_9_i = and i1 %icmp9, %tmp_77_9_i" [bi_lstm/src/rnn.cpp:349]   --->   Operation 366 'and' 'a_9_i' <Predicate = (!tmp_70_9_i)> <Delay = 0.00> <Core = "LogicGate">   --->   Core 27 'LogicGate' <Latency = 0> <II = 1> <Delay = 0.80> <FuncUnit> <Opcode : 'and' 'or' 'xor'> <InPorts = 2> <OutPorts = 1>
ST_2 : Operation 367 [1/1] (0.00ns) (grouped into LUT with out node tmp_83_9_i)   --->   "%tmp_235 = call i1 @_ssdm_op_BitSelect.i1.i32.i32(i32 %lsb_index_9_i, i32 31)" [bi_lstm/src/rnn.cpp:349]   --->   Operation 367 'bitselect' 'tmp_235' <Predicate = (!tmp_70_9_i)> <Delay = 0.00>
ST_2 : Operation 368 [1/1] (0.00ns) (grouped into LUT with out node tmp_83_9_i)   --->   "%rev9 = xor i1 %tmp_235, true" [bi_lstm/src/rnn.cpp:349]   --->   Operation 368 'xor' 'rev9' <Predicate = (!tmp_70_9_i)> <Delay = 0.00> <Core = "LogicGate">   --->   Core 27 'LogicGate' <Latency = 0> <II = 1> <Delay = 0.80> <FuncUnit> <Opcode : 'and' 'or' 'xor'> <InPorts = 2> <OutPorts = 1>
ST_2 : Operation 369 [1/1] (1.54ns)   --->   "%tmp_79_9_i = add i16 -24, %tmp_228" [bi_lstm/src/rnn.cpp:349]   --->   Operation 369 'add' 'tmp_79_9_i' <Predicate = (!tmp_70_9_i)> <Delay = 1.54> <Core = "AddSub">   --->   Core 14 'AddSub' <Latency = 0> <II = 1> <Delay = 1.89> <FuncUnit> <Opcode : 'add' 'sub'> <InPorts = 2> <OutPorts = 1>
ST_2 : Operation 370 [1/1] (0.00ns) (grouped into LUT with out node tmp_83_9_i)   --->   "%p_Result_20_9_i = call i1 @_ssdm_op_BitSelect.i1.i16.i16(i16 %p_Val2_9_i, i16 %tmp_79_9_i)" [bi_lstm/src/rnn.cpp:349]   --->   Operation 370 'bitselect' 'p_Result_20_9_i' <Predicate = (!tmp_70_9_i)> <Delay = 0.00>
ST_2 : Operation 371 [1/1] (0.00ns) (grouped into LUT with out node tmp_83_9_i)   --->   "%tmp_81_9_i = and i1 %p_Result_20_9_i, %rev9" [bi_lstm/src/rnn.cpp:349]   --->   Operation 371 'and' 'tmp_81_9_i' <Predicate = (!tmp_70_9_i)> <Delay = 0.00> <Core = "LogicGate">   --->   Core 27 'LogicGate' <Latency = 0> <II = 1> <Delay = 0.80> <FuncUnit> <Opcode : 'and' 'or' 'xor'> <InPorts = 2> <OutPorts = 1>
ST_2 : Operation 372 [1/1] (0.00ns) (grouped into LUT with out node tmp_83_9_i)   --->   "%tmp_160_i = or i1 %tmp_81_9_i, %a_9_i" [bi_lstm/src/rnn.cpp:349]   --->   Operation 372 'or' 'tmp_160_i' <Predicate = (!tmp_70_9_i)> <Delay = 0.00> <Core = "LogicGate">   --->   Core 27 'LogicGate' <Latency = 0> <II = 1> <Delay = 0.80> <FuncUnit> <Opcode : 'and' 'or' 'xor'> <InPorts = 2> <OutPorts = 1>
ST_2 : Operation 373 [1/1] (0.80ns) (out node of the LUT)   --->   "%tmp_83_9_i = call i32 @_ssdm_op_BitConcatenate.i32.i31.i1(i31 0, i1 %tmp_160_i)" [bi_lstm/src/rnn.cpp:349]   --->   Operation 373 'bitconcatenate' 'tmp_83_9_i' <Predicate = (!tmp_70_9_i)> <Delay = 0.80>
ST_2 : Operation 374 [1/1] (0.00ns)   --->   "%m_9_i = zext i16 %p_Val2_9_i to i32" [bi_lstm/src/rnn.cpp:349]   --->   Operation 374 'zext' 'm_9_i' <Predicate = (!tmp_70_9_i)> <Delay = 0.00>
ST_2 : Operation 375 [1/1] (1.96ns)   --->   "%tmp_84_9_i = icmp sgt i32 %lsb_index_9_i, 0" [bi_lstm/src/rnn.cpp:349]   --->   Operation 375 'icmp' 'tmp_84_9_i' <Predicate = (!tmp_70_9_i)> <Delay = 1.96> <Core = "Cmp">   --->   Core 25 'Cmp' <Latency = 0> <II = 1> <Delay = 1.96> <FuncUnit> <Opcode : 'icmp'> <InPorts = 2> <OutPorts = 1>
ST_2 : Operation 376 [1/1] (1.89ns)   --->   "%tmp_85_9_i = add nsw i32 -25, %tmp_74_9_i" [bi_lstm/src/rnn.cpp:349]   --->   Operation 376 'add' 'tmp_85_9_i' <Predicate = (!tmp_70_9_i)> <Delay = 1.89> <Core = "AddSub">   --->   Core 14 'AddSub' <Latency = 0> <II = 1> <Delay = 1.89> <FuncUnit> <Opcode : 'add' 'sub'> <InPorts = 2> <OutPorts = 1>
ST_2 : Operation 377 [1/1] (0.00ns) (grouped into LUT with out node m_2_9_i)   --->   "%tmp_86_9_i = lshr i32 %m_9_i, %tmp_85_9_i" [bi_lstm/src/rnn.cpp:349]   --->   Operation 377 'lshr' 'tmp_86_9_i' <Predicate = (!tmp_70_9_i)> <Delay = 0.00> <Core = "Shift">   --->   Core 28 'Shift' <Latency = 0> <II = 1> <Delay = 2.93> <FuncUnit> <Opcode : 'shl' 'lshr' 'ashr'> <InPorts = 2> <OutPorts = 1>
ST_2 : Operation 378 [1/1] (1.89ns)   --->   "%tmp_87_9_i = sub i32 25, %tmp_74_9_i" [bi_lstm/src/rnn.cpp:349]   --->   Operation 378 'sub' 'tmp_87_9_i' <Predicate = (!tmp_70_9_i)> <Delay = 1.89> <Core = "AddSub">   --->   Core 14 'AddSub' <Latency = 0> <II = 1> <Delay = 1.89> <FuncUnit> <Opcode : 'add' 'sub'> <InPorts = 2> <OutPorts = 1>
ST_2 : Operation 379 [1/1] (0.00ns) (grouped into LUT with out node m_2_9_i)   --->   "%tmp_88_9_i = shl i32 %m_9_i, %tmp_87_9_i" [bi_lstm/src/rnn.cpp:349]   --->   Operation 379 'shl' 'tmp_88_9_i' <Predicate = (!tmp_70_9_i)> <Delay = 0.00> <Core = "Shift">   --->   Core 28 'Shift' <Latency = 0> <II = 1> <Delay = 2.93> <FuncUnit> <Opcode : 'shl' 'lshr' 'ashr'> <InPorts = 2> <OutPorts = 1>
ST_2 : Operation 380 [1/1] (0.00ns) (grouped into LUT with out node m_2_9_i)   --->   "%m_1_9_i = select i1 %tmp_84_9_i, i32 %tmp_86_9_i, i32 %tmp_88_9_i" [bi_lstm/src/rnn.cpp:349]   --->   Operation 380 'select' 'm_1_9_i' <Predicate = (!tmp_70_9_i)> <Delay = 0.00> <Core = "Sel">   --->   Core 26 'Sel' <Latency = 0> <II = 1> <Delay = 0.70> <FuncUnit> <Opcode : 'select'> <InPorts = 3> <OutPorts = 1>
ST_2 : Operation 381 [1/1] (2.93ns) (out node of the LUT)   --->   "%m_2_9_i = add i32 %tmp_83_9_i, %m_1_9_i" [bi_lstm/src/rnn.cpp:349]   --->   Operation 381 'add' 'm_2_9_i' <Predicate = (!tmp_70_9_i)> <Delay = 2.93> <Core = "AddSub">   --->   Core 14 'AddSub' <Latency = 0> <II = 1> <Delay = 1.89> <FuncUnit> <Opcode : 'add' 'sub'> <InPorts = 2> <OutPorts = 1>
ST_2 : Operation 382 [1/1] (0.00ns)   --->   "%m_6_9_i = call i31 @_ssdm_op_PartSelect.i31.i32.i32.i32(i32 %m_2_9_i, i32 1, i32 31)" [bi_lstm/src/rnn.cpp:349]   --->   Operation 382 'partselect' 'm_6_9_i' <Predicate = (!tmp_70_9_i)> <Delay = 0.00>
ST_2 : Operation 383 [1/1] (0.00ns)   --->   "%tmp_236 = call i1 @_ssdm_op_BitSelect.i1.i32.i32(i32 %m_2_9_i, i32 25)" [bi_lstm/src/rnn.cpp:349]   --->   Operation 383 'bitselect' 'tmp_236' <Predicate = (!tmp_70_9_i)> <Delay = 0.00>

State 3 <SV = 2> <Delay = 4.11>
ST_3 : Operation 384 [1/1] (0.00ns)   --->   "%tmp = zext i31 %m_6_i to i32" [bi_lstm/src/rnn.cpp:349]   --->   Operation 384 'zext' 'tmp' <Predicate = (!tmp_701_i)> <Delay = 0.00>
ST_3 : Operation 385 [1/1] (0.44ns)   --->   "%tmp_90_cast_i_cast_c = select i1 %tmp_137, i8 127, i8 126" [bi_lstm/src/rnn.cpp:349]   --->   Operation 385 'select' 'tmp_90_cast_i_cast_c' <Predicate = (!tmp_701_i)> <Delay = 0.44> <Core = "Sel">   --->   Core 26 'Sel' <Latency = 0> <II = 1> <Delay = 0.70> <FuncUnit> <Opcode : 'select'> <InPorts = 3> <OutPorts = 1>
ST_3 : Operation 386 [1/1] (0.00ns) (grouped into TernaryAdder)   --->   "%tmp_92_i = sub i8 5, %tmp_138" [bi_lstm/src/rnn.cpp:349]   --->   Operation 386 'sub' 'tmp_92_i' <Predicate = (!tmp_701_i)> <Delay = 0.00> <Core = "TAddSub">   --->   Core 84 'TAddSub' <Latency = 0> <II = 1> <Delay = 1.48> <IPBlock> <Opcode : 'add' 'sub'> <InPorts = 3> <OutPorts = 1> <Sync> <CReg>
ST_3 : Operation 387 [1/1] (2.96ns) (root node of TernaryAdder)   --->   "%p_Repl2_2_trunc_i = add i8 %tmp_92_i, %tmp_90_cast_i_cast_c" [bi_lstm/src/rnn.cpp:349]   --->   Operation 387 'add' 'p_Repl2_2_trunc_i' <Predicate = (!tmp_701_i)> <Delay = 2.96> <Core = "TAddSub">   --->   Core 84 'TAddSub' <Latency = 0> <II = 1> <Delay = 1.48> <IPBlock> <Opcode : 'add' 'sub'> <InPorts = 3> <OutPorts = 1> <Sync> <CReg>
ST_3 : Operation 388 [1/1] (0.00ns)   --->   "%tmp_93_i = call i9 @_ssdm_op_BitConcatenate.i9.i1.i8(i1 %tmp_128, i8 %p_Repl2_2_trunc_i)" [bi_lstm/src/rnn.cpp:349]   --->   Operation 388 'bitconcatenate' 'tmp_93_i' <Predicate = (!tmp_701_i)> <Delay = 0.00>
ST_3 : Operation 389 [1/1] (0.00ns)   --->   "%p_Result_29_i = call i32 @_ssdm_op_PartSet.i32.i32.i9.i32.i32(i32 %tmp, i9 %tmp_93_i, i32 23, i32 31)" [bi_lstm/src/rnn.cpp:349]   --->   Operation 389 'partset' 'p_Result_29_i' <Predicate = (!tmp_701_i)> <Delay = 0.00>
ST_3 : Operation 390 [1/1] (0.00ns)   --->   "%tmp_911_i = bitcast i32 %p_Result_29_i to float" [bi_lstm/src/rnn.cpp:349]   --->   Operation 390 'bitcast' 'tmp_911_i' <Predicate = (!tmp_701_i)> <Delay = 0.00>
ST_3 : Operation 391 [1/1] (0.70ns)   --->   "%p_1_i = select i1 %tmp_701_i, float 0.000000e+00, float %tmp_911_i" [bi_lstm/src/rnn.cpp:349]   --->   Operation 391 'select' 'p_1_i' <Predicate = true> <Delay = 0.70> <Core = "Sel">   --->   Core 26 'Sel' <Latency = 0> <II = 1> <Delay = 0.70> <FuncUnit> <Opcode : 'select'> <InPorts = 3> <OutPorts = 1>
ST_3 : Operation 392 [1/1] (0.00ns)   --->   "call void @_ssdm_op_Write.ap_auto.floatP(float* %ress_0, float %p_1_i)" [bi_lstm/src/rnn.cpp:349]   --->   Operation 392 'write' <Predicate = true> <Delay = 0.00>
ST_3 : Operation 393 [1/1] (0.00ns)   --->   "%tmp_59 = zext i31 %m_6_1_i to i32" [bi_lstm/src/rnn.cpp:349]   --->   Operation 393 'zext' 'tmp_59' <Predicate = (!tmp_70_1_i)> <Delay = 0.00>
ST_3 : Operation 394 [1/1] (0.44ns)   --->   "%tmp_98_cast_i_cast_c = select i1 %tmp_148, i8 127, i8 126" [bi_lstm/src/rnn.cpp:349]   --->   Operation 394 'select' 'tmp_98_cast_i_cast_c' <Predicate = (!tmp_70_1_i)> <Delay = 0.44> <Core = "Sel">   --->   Core 26 'Sel' <Latency = 0> <II = 1> <Delay = 0.70> <FuncUnit> <Opcode : 'select'> <InPorts = 3> <OutPorts = 1>
ST_3 : Operation 395 [1/1] (0.00ns) (grouped into TernaryAdder)   --->   "%tmp_100_i = sub i8 5, %tmp_149" [bi_lstm/src/rnn.cpp:349]   --->   Operation 395 'sub' 'tmp_100_i' <Predicate = (!tmp_70_1_i)> <Delay = 0.00> <Core = "TAddSub">   --->   Core 84 'TAddSub' <Latency = 0> <II = 1> <Delay = 1.48> <IPBlock> <Opcode : 'add' 'sub'> <InPorts = 3> <OutPorts = 1> <Sync> <CReg>
ST_3 : Operation 396 [1/1] (2.96ns) (root node of TernaryAdder)   --->   "%p_Repl2_2_trunc_1_s = add i8 %tmp_100_i, %tmp_98_cast_i_cast_c" [bi_lstm/src/rnn.cpp:349]   --->   Operation 396 'add' 'p_Repl2_2_trunc_1_s' <Predicate = (!tmp_70_1_i)> <Delay = 2.96> <Core = "TAddSub">   --->   Core 84 'TAddSub' <Latency = 0> <II = 1> <Delay = 1.48> <IPBlock> <Opcode : 'add' 'sub'> <InPorts = 3> <OutPorts = 1> <Sync> <CReg>
ST_3 : Operation 397 [1/1] (0.00ns)   --->   "%tmp_101_i = call i9 @_ssdm_op_BitConcatenate.i9.i1.i8(i1 %tmp_139, i8 %p_Repl2_2_trunc_1_s)" [bi_lstm/src/rnn.cpp:349]   --->   Operation 397 'bitconcatenate' 'tmp_101_i' <Predicate = (!tmp_70_1_i)> <Delay = 0.00>
ST_3 : Operation 398 [1/1] (0.00ns)   --->   "%p_Result_29_1_i = call i32 @_ssdm_op_PartSet.i32.i32.i9.i32.i32(i32 %tmp_59, i9 %tmp_101_i, i32 23, i32 31)" [bi_lstm/src/rnn.cpp:349]   --->   Operation 398 'partset' 'p_Result_29_1_i' <Predicate = (!tmp_70_1_i)> <Delay = 0.00>
ST_3 : Operation 399 [1/1] (0.00ns)   --->   "%tmp_91_1_i = bitcast i32 %p_Result_29_1_i to float" [bi_lstm/src/rnn.cpp:349]   --->   Operation 399 'bitcast' 'tmp_91_1_i' <Predicate = (!tmp_70_1_i)> <Delay = 0.00>
ST_3 : Operation 400 [1/1] (0.70ns)   --->   "%p_1_i_56 = select i1 %tmp_70_1_i, float 0.000000e+00, float %tmp_91_1_i" [bi_lstm/src/rnn.cpp:349]   --->   Operation 400 'select' 'p_1_i_56' <Predicate = true> <Delay = 0.70> <Core = "Sel">   --->   Core 26 'Sel' <Latency = 0> <II = 1> <Delay = 0.70> <FuncUnit> <Opcode : 'select'> <InPorts = 3> <OutPorts = 1>
ST_3 : Operation 401 [1/1] (0.00ns)   --->   "call void @_ssdm_op_Write.ap_auto.floatP(float* %ress_1, float %p_1_i_56)" [bi_lstm/src/rnn.cpp:349]   --->   Operation 401 'write' <Predicate = true> <Delay = 0.00>
ST_3 : Operation 402 [1/1] (0.00ns)   --->   "%tmp_60 = zext i31 %m_6_2_i to i32" [bi_lstm/src/rnn.cpp:349]   --->   Operation 402 'zext' 'tmp_60' <Predicate = (!tmp_70_2_i)> <Delay = 0.00>
ST_3 : Operation 403 [1/1] (0.44ns)   --->   "%tmp_106_cast_i_cast_s = select i1 %tmp_159, i8 127, i8 126" [bi_lstm/src/rnn.cpp:349]   --->   Operation 403 'select' 'tmp_106_cast_i_cast_s' <Predicate = (!tmp_70_2_i)> <Delay = 0.44> <Core = "Sel">   --->   Core 26 'Sel' <Latency = 0> <II = 1> <Delay = 0.70> <FuncUnit> <Opcode : 'select'> <InPorts = 3> <OutPorts = 1>
ST_3 : Operation 404 [1/1] (0.00ns) (grouped into TernaryAdder)   --->   "%tmp_108_i = sub i8 5, %tmp_160" [bi_lstm/src/rnn.cpp:349]   --->   Operation 404 'sub' 'tmp_108_i' <Predicate = (!tmp_70_2_i)> <Delay = 0.00> <Core = "TAddSub">   --->   Core 84 'TAddSub' <Latency = 0> <II = 1> <Delay = 1.48> <IPBlock> <Opcode : 'add' 'sub'> <InPorts = 3> <OutPorts = 1> <Sync> <CReg>
ST_3 : Operation 405 [1/1] (2.96ns) (root node of TernaryAdder)   --->   "%p_Repl2_2_trunc_2_s = add i8 %tmp_108_i, %tmp_106_cast_i_cast_s" [bi_lstm/src/rnn.cpp:349]   --->   Operation 405 'add' 'p_Repl2_2_trunc_2_s' <Predicate = (!tmp_70_2_i)> <Delay = 2.96> <Core = "TAddSub">   --->   Core 84 'TAddSub' <Latency = 0> <II = 1> <Delay = 1.48> <IPBlock> <Opcode : 'add' 'sub'> <InPorts = 3> <OutPorts = 1> <Sync> <CReg>
ST_3 : Operation 406 [1/1] (0.00ns)   --->   "%tmp_109_i = call i9 @_ssdm_op_BitConcatenate.i9.i1.i8(i1 %tmp_150, i8 %p_Repl2_2_trunc_2_s)" [bi_lstm/src/rnn.cpp:349]   --->   Operation 406 'bitconcatenate' 'tmp_109_i' <Predicate = (!tmp_70_2_i)> <Delay = 0.00>
ST_3 : Operation 407 [1/1] (0.00ns)   --->   "%p_Result_29_2_i = call i32 @_ssdm_op_PartSet.i32.i32.i9.i32.i32(i32 %tmp_60, i9 %tmp_109_i, i32 23, i32 31)" [bi_lstm/src/rnn.cpp:349]   --->   Operation 407 'partset' 'p_Result_29_2_i' <Predicate = (!tmp_70_2_i)> <Delay = 0.00>
ST_3 : Operation 408 [1/1] (0.00ns)   --->   "%tmp_91_2_i = bitcast i32 %p_Result_29_2_i to float" [bi_lstm/src/rnn.cpp:349]   --->   Operation 408 'bitcast' 'tmp_91_2_i' <Predicate = (!tmp_70_2_i)> <Delay = 0.00>
ST_3 : Operation 409 [1/1] (0.70ns)   --->   "%p_2_i = select i1 %tmp_70_2_i, float 0.000000e+00, float %tmp_91_2_i" [bi_lstm/src/rnn.cpp:349]   --->   Operation 409 'select' 'p_2_i' <Predicate = true> <Delay = 0.70> <Core = "Sel">   --->   Core 26 'Sel' <Latency = 0> <II = 1> <Delay = 0.70> <FuncUnit> <Opcode : 'select'> <InPorts = 3> <OutPorts = 1>
ST_3 : Operation 410 [1/1] (0.00ns)   --->   "call void @_ssdm_op_Write.ap_auto.floatP(float* %ress_2, float %p_2_i)" [bi_lstm/src/rnn.cpp:349]   --->   Operation 410 'write' <Predicate = true> <Delay = 0.00>
ST_3 : Operation 411 [1/1] (0.00ns)   --->   "%tmp_61 = zext i31 %m_6_3_i to i32" [bi_lstm/src/rnn.cpp:349]   --->   Operation 411 'zext' 'tmp_61' <Predicate = (!tmp_70_3_i)> <Delay = 0.00>
ST_3 : Operation 412 [1/1] (0.44ns)   --->   "%tmp_114_cast_i_cast_s = select i1 %tmp_170, i8 127, i8 126" [bi_lstm/src/rnn.cpp:349]   --->   Operation 412 'select' 'tmp_114_cast_i_cast_s' <Predicate = (!tmp_70_3_i)> <Delay = 0.44> <Core = "Sel">   --->   Core 26 'Sel' <Latency = 0> <II = 1> <Delay = 0.70> <FuncUnit> <Opcode : 'select'> <InPorts = 3> <OutPorts = 1>
ST_3 : Operation 413 [1/1] (0.00ns) (grouped into TernaryAdder)   --->   "%tmp_116_i = sub i8 5, %tmp_171" [bi_lstm/src/rnn.cpp:349]   --->   Operation 413 'sub' 'tmp_116_i' <Predicate = (!tmp_70_3_i)> <Delay = 0.00> <Core = "TAddSub">   --->   Core 84 'TAddSub' <Latency = 0> <II = 1> <Delay = 1.48> <IPBlock> <Opcode : 'add' 'sub'> <InPorts = 3> <OutPorts = 1> <Sync> <CReg>
ST_3 : Operation 414 [1/1] (2.96ns) (root node of TernaryAdder)   --->   "%p_Repl2_2_trunc_3_s = add i8 %tmp_116_i, %tmp_114_cast_i_cast_s" [bi_lstm/src/rnn.cpp:349]   --->   Operation 414 'add' 'p_Repl2_2_trunc_3_s' <Predicate = (!tmp_70_3_i)> <Delay = 2.96> <Core = "TAddSub">   --->   Core 84 'TAddSub' <Latency = 0> <II = 1> <Delay = 1.48> <IPBlock> <Opcode : 'add' 'sub'> <InPorts = 3> <OutPorts = 1> <Sync> <CReg>
ST_3 : Operation 415 [1/1] (0.00ns)   --->   "%tmp_117_i = call i9 @_ssdm_op_BitConcatenate.i9.i1.i8(i1 %tmp_161, i8 %p_Repl2_2_trunc_3_s)" [bi_lstm/src/rnn.cpp:349]   --->   Operation 415 'bitconcatenate' 'tmp_117_i' <Predicate = (!tmp_70_3_i)> <Delay = 0.00>
ST_3 : Operation 416 [1/1] (0.00ns)   --->   "%p_Result_29_3_i = call i32 @_ssdm_op_PartSet.i32.i32.i9.i32.i32(i32 %tmp_61, i9 %tmp_117_i, i32 23, i32 31)" [bi_lstm/src/rnn.cpp:349]   --->   Operation 416 'partset' 'p_Result_29_3_i' <Predicate = (!tmp_70_3_i)> <Delay = 0.00>
ST_3 : Operation 417 [1/1] (0.00ns)   --->   "%tmp_91_3_i = bitcast i32 %p_Result_29_3_i to float" [bi_lstm/src/rnn.cpp:349]   --->   Operation 417 'bitcast' 'tmp_91_3_i' <Predicate = (!tmp_70_3_i)> <Delay = 0.00>
ST_3 : Operation 418 [1/1] (0.70ns)   --->   "%p_3_i = select i1 %tmp_70_3_i, float 0.000000e+00, float %tmp_91_3_i" [bi_lstm/src/rnn.cpp:349]   --->   Operation 418 'select' 'p_3_i' <Predicate = true> <Delay = 0.70> <Core = "Sel">   --->   Core 26 'Sel' <Latency = 0> <II = 1> <Delay = 0.70> <FuncUnit> <Opcode : 'select'> <InPorts = 3> <OutPorts = 1>
ST_3 : Operation 419 [1/1] (0.00ns)   --->   "call void @_ssdm_op_Write.ap_auto.floatP(float* %ress_3, float %p_3_i)" [bi_lstm/src/rnn.cpp:349]   --->   Operation 419 'write' <Predicate = true> <Delay = 0.00>
ST_3 : Operation 420 [1/1] (0.00ns)   --->   "%tmp_62 = zext i31 %m_6_4_i to i32" [bi_lstm/src/rnn.cpp:349]   --->   Operation 420 'zext' 'tmp_62' <Predicate = (!tmp_70_4_i)> <Delay = 0.00>
ST_3 : Operation 421 [1/1] (0.44ns)   --->   "%tmp_122_cast_i_cast_s = select i1 %tmp_181, i8 127, i8 126" [bi_lstm/src/rnn.cpp:349]   --->   Operation 421 'select' 'tmp_122_cast_i_cast_s' <Predicate = (!tmp_70_4_i)> <Delay = 0.44> <Core = "Sel">   --->   Core 26 'Sel' <Latency = 0> <II = 1> <Delay = 0.70> <FuncUnit> <Opcode : 'select'> <InPorts = 3> <OutPorts = 1>
ST_3 : Operation 422 [1/1] (0.00ns) (grouped into TernaryAdder)   --->   "%tmp_124_i = sub i8 5, %tmp_182" [bi_lstm/src/rnn.cpp:349]   --->   Operation 422 'sub' 'tmp_124_i' <Predicate = (!tmp_70_4_i)> <Delay = 0.00> <Core = "TAddSub">   --->   Core 84 'TAddSub' <Latency = 0> <II = 1> <Delay = 1.48> <IPBlock> <Opcode : 'add' 'sub'> <InPorts = 3> <OutPorts = 1> <Sync> <CReg>
ST_3 : Operation 423 [1/1] (2.96ns) (root node of TernaryAdder)   --->   "%p_Repl2_2_trunc_4_s = add i8 %tmp_124_i, %tmp_122_cast_i_cast_s" [bi_lstm/src/rnn.cpp:349]   --->   Operation 423 'add' 'p_Repl2_2_trunc_4_s' <Predicate = (!tmp_70_4_i)> <Delay = 2.96> <Core = "TAddSub">   --->   Core 84 'TAddSub' <Latency = 0> <II = 1> <Delay = 1.48> <IPBlock> <Opcode : 'add' 'sub'> <InPorts = 3> <OutPorts = 1> <Sync> <CReg>
ST_3 : Operation 424 [1/1] (0.00ns)   --->   "%tmp_125_i = call i9 @_ssdm_op_BitConcatenate.i9.i1.i8(i1 %tmp_172, i8 %p_Repl2_2_trunc_4_s)" [bi_lstm/src/rnn.cpp:349]   --->   Operation 424 'bitconcatenate' 'tmp_125_i' <Predicate = (!tmp_70_4_i)> <Delay = 0.00>
ST_3 : Operation 425 [1/1] (0.00ns)   --->   "%p_Result_29_4_i = call i32 @_ssdm_op_PartSet.i32.i32.i9.i32.i32(i32 %tmp_62, i9 %tmp_125_i, i32 23, i32 31)" [bi_lstm/src/rnn.cpp:349]   --->   Operation 425 'partset' 'p_Result_29_4_i' <Predicate = (!tmp_70_4_i)> <Delay = 0.00>
ST_3 : Operation 426 [1/1] (0.00ns)   --->   "%tmp_91_4_i = bitcast i32 %p_Result_29_4_i to float" [bi_lstm/src/rnn.cpp:349]   --->   Operation 426 'bitcast' 'tmp_91_4_i' <Predicate = (!tmp_70_4_i)> <Delay = 0.00>
ST_3 : Operation 427 [1/1] (0.70ns)   --->   "%p_4_i = select i1 %tmp_70_4_i, float 0.000000e+00, float %tmp_91_4_i" [bi_lstm/src/rnn.cpp:349]   --->   Operation 427 'select' 'p_4_i' <Predicate = true> <Delay = 0.70> <Core = "Sel">   --->   Core 26 'Sel' <Latency = 0> <II = 1> <Delay = 0.70> <FuncUnit> <Opcode : 'select'> <InPorts = 3> <OutPorts = 1>
ST_3 : Operation 428 [1/1] (0.00ns)   --->   "call void @_ssdm_op_Write.ap_auto.floatP(float* %ress_4, float %p_4_i)" [bi_lstm/src/rnn.cpp:349]   --->   Operation 428 'write' <Predicate = true> <Delay = 0.00>
ST_3 : Operation 429 [1/1] (0.00ns)   --->   "%tmp_63 = zext i31 %m_6_5_i to i32" [bi_lstm/src/rnn.cpp:349]   --->   Operation 429 'zext' 'tmp_63' <Predicate = (!tmp_70_5_i)> <Delay = 0.00>
ST_3 : Operation 430 [1/1] (0.44ns)   --->   "%tmp_130_cast_i_cast_s = select i1 %tmp_192, i8 127, i8 126" [bi_lstm/src/rnn.cpp:349]   --->   Operation 430 'select' 'tmp_130_cast_i_cast_s' <Predicate = (!tmp_70_5_i)> <Delay = 0.44> <Core = "Sel">   --->   Core 26 'Sel' <Latency = 0> <II = 1> <Delay = 0.70> <FuncUnit> <Opcode : 'select'> <InPorts = 3> <OutPorts = 1>
ST_3 : Operation 431 [1/1] (0.00ns) (grouped into TernaryAdder)   --->   "%tmp_132_i = sub i8 5, %tmp_193" [bi_lstm/src/rnn.cpp:349]   --->   Operation 431 'sub' 'tmp_132_i' <Predicate = (!tmp_70_5_i)> <Delay = 0.00> <Core = "TAddSub">   --->   Core 84 'TAddSub' <Latency = 0> <II = 1> <Delay = 1.48> <IPBlock> <Opcode : 'add' 'sub'> <InPorts = 3> <OutPorts = 1> <Sync> <CReg>
ST_3 : Operation 432 [1/1] (2.96ns) (root node of TernaryAdder)   --->   "%p_Repl2_2_trunc_5_s = add i8 %tmp_132_i, %tmp_130_cast_i_cast_s" [bi_lstm/src/rnn.cpp:349]   --->   Operation 432 'add' 'p_Repl2_2_trunc_5_s' <Predicate = (!tmp_70_5_i)> <Delay = 2.96> <Core = "TAddSub">   --->   Core 84 'TAddSub' <Latency = 0> <II = 1> <Delay = 1.48> <IPBlock> <Opcode : 'add' 'sub'> <InPorts = 3> <OutPorts = 1> <Sync> <CReg>
ST_3 : Operation 433 [1/1] (0.00ns)   --->   "%tmp_133_i = call i9 @_ssdm_op_BitConcatenate.i9.i1.i8(i1 %tmp_183, i8 %p_Repl2_2_trunc_5_s)" [bi_lstm/src/rnn.cpp:349]   --->   Operation 433 'bitconcatenate' 'tmp_133_i' <Predicate = (!tmp_70_5_i)> <Delay = 0.00>
ST_3 : Operation 434 [1/1] (0.00ns)   --->   "%p_Result_29_5_i = call i32 @_ssdm_op_PartSet.i32.i32.i9.i32.i32(i32 %tmp_63, i9 %tmp_133_i, i32 23, i32 31)" [bi_lstm/src/rnn.cpp:349]   --->   Operation 434 'partset' 'p_Result_29_5_i' <Predicate = (!tmp_70_5_i)> <Delay = 0.00>
ST_3 : Operation 435 [1/1] (0.00ns)   --->   "%tmp_91_5_i = bitcast i32 %p_Result_29_5_i to float" [bi_lstm/src/rnn.cpp:349]   --->   Operation 435 'bitcast' 'tmp_91_5_i' <Predicate = (!tmp_70_5_i)> <Delay = 0.00>
ST_3 : Operation 436 [1/1] (0.70ns)   --->   "%p_5_i = select i1 %tmp_70_5_i, float 0.000000e+00, float %tmp_91_5_i" [bi_lstm/src/rnn.cpp:349]   --->   Operation 436 'select' 'p_5_i' <Predicate = true> <Delay = 0.70> <Core = "Sel">   --->   Core 26 'Sel' <Latency = 0> <II = 1> <Delay = 0.70> <FuncUnit> <Opcode : 'select'> <InPorts = 3> <OutPorts = 1>
ST_3 : Operation 437 [1/1] (0.00ns)   --->   "call void @_ssdm_op_Write.ap_auto.floatP(float* %ress_5, float %p_5_i)" [bi_lstm/src/rnn.cpp:349]   --->   Operation 437 'write' <Predicate = true> <Delay = 0.00>
ST_3 : Operation 438 [1/1] (0.00ns)   --->   "%tmp_64 = zext i31 %m_6_6_i to i32" [bi_lstm/src/rnn.cpp:349]   --->   Operation 438 'zext' 'tmp_64' <Predicate = (!tmp_70_6_i)> <Delay = 0.00>
ST_3 : Operation 439 [1/1] (0.44ns)   --->   "%tmp_138_cast_i_cast_s = select i1 %tmp_203, i8 127, i8 126" [bi_lstm/src/rnn.cpp:349]   --->   Operation 439 'select' 'tmp_138_cast_i_cast_s' <Predicate = (!tmp_70_6_i)> <Delay = 0.44> <Core = "Sel">   --->   Core 26 'Sel' <Latency = 0> <II = 1> <Delay = 0.70> <FuncUnit> <Opcode : 'select'> <InPorts = 3> <OutPorts = 1>
ST_3 : Operation 440 [1/1] (0.00ns) (grouped into TernaryAdder)   --->   "%tmp_140_i = sub i8 5, %tmp_204" [bi_lstm/src/rnn.cpp:349]   --->   Operation 440 'sub' 'tmp_140_i' <Predicate = (!tmp_70_6_i)> <Delay = 0.00> <Core = "TAddSub">   --->   Core 84 'TAddSub' <Latency = 0> <II = 1> <Delay = 1.48> <IPBlock> <Opcode : 'add' 'sub'> <InPorts = 3> <OutPorts = 1> <Sync> <CReg>
ST_3 : Operation 441 [1/1] (2.96ns) (root node of TernaryAdder)   --->   "%p_Repl2_2_trunc_6_s = add i8 %tmp_140_i, %tmp_138_cast_i_cast_s" [bi_lstm/src/rnn.cpp:349]   --->   Operation 441 'add' 'p_Repl2_2_trunc_6_s' <Predicate = (!tmp_70_6_i)> <Delay = 2.96> <Core = "TAddSub">   --->   Core 84 'TAddSub' <Latency = 0> <II = 1> <Delay = 1.48> <IPBlock> <Opcode : 'add' 'sub'> <InPorts = 3> <OutPorts = 1> <Sync> <CReg>
ST_3 : Operation 442 [1/1] (0.00ns)   --->   "%tmp_141_i = call i9 @_ssdm_op_BitConcatenate.i9.i1.i8(i1 %tmp_194, i8 %p_Repl2_2_trunc_6_s)" [bi_lstm/src/rnn.cpp:349]   --->   Operation 442 'bitconcatenate' 'tmp_141_i' <Predicate = (!tmp_70_6_i)> <Delay = 0.00>
ST_3 : Operation 443 [1/1] (0.00ns)   --->   "%p_Result_29_6_i = call i32 @_ssdm_op_PartSet.i32.i32.i9.i32.i32(i32 %tmp_64, i9 %tmp_141_i, i32 23, i32 31)" [bi_lstm/src/rnn.cpp:349]   --->   Operation 443 'partset' 'p_Result_29_6_i' <Predicate = (!tmp_70_6_i)> <Delay = 0.00>
ST_3 : Operation 444 [1/1] (0.00ns)   --->   "%tmp_91_6_i = bitcast i32 %p_Result_29_6_i to float" [bi_lstm/src/rnn.cpp:349]   --->   Operation 444 'bitcast' 'tmp_91_6_i' <Predicate = (!tmp_70_6_i)> <Delay = 0.00>
ST_3 : Operation 445 [1/1] (0.70ns)   --->   "%p_6_i = select i1 %tmp_70_6_i, float 0.000000e+00, float %tmp_91_6_i" [bi_lstm/src/rnn.cpp:349]   --->   Operation 445 'select' 'p_6_i' <Predicate = true> <Delay = 0.70> <Core = "Sel">   --->   Core 26 'Sel' <Latency = 0> <II = 1> <Delay = 0.70> <FuncUnit> <Opcode : 'select'> <InPorts = 3> <OutPorts = 1>
ST_3 : Operation 446 [1/1] (0.00ns)   --->   "call void @_ssdm_op_Write.ap_auto.floatP(float* %ress_6, float %p_6_i)" [bi_lstm/src/rnn.cpp:349]   --->   Operation 446 'write' <Predicate = true> <Delay = 0.00>
ST_3 : Operation 447 [1/1] (0.00ns)   --->   "%tmp_65 = zext i31 %m_6_7_i to i32" [bi_lstm/src/rnn.cpp:349]   --->   Operation 447 'zext' 'tmp_65' <Predicate = (!tmp_70_7_i)> <Delay = 0.00>
ST_3 : Operation 448 [1/1] (0.44ns)   --->   "%tmp_146_cast_i_cast_s = select i1 %tmp_214, i8 127, i8 126" [bi_lstm/src/rnn.cpp:349]   --->   Operation 448 'select' 'tmp_146_cast_i_cast_s' <Predicate = (!tmp_70_7_i)> <Delay = 0.44> <Core = "Sel">   --->   Core 26 'Sel' <Latency = 0> <II = 1> <Delay = 0.70> <FuncUnit> <Opcode : 'select'> <InPorts = 3> <OutPorts = 1>
ST_3 : Operation 449 [1/1] (0.00ns) (grouped into TernaryAdder)   --->   "%tmp_148_i = sub i8 5, %tmp_215" [bi_lstm/src/rnn.cpp:349]   --->   Operation 449 'sub' 'tmp_148_i' <Predicate = (!tmp_70_7_i)> <Delay = 0.00> <Core = "TAddSub">   --->   Core 84 'TAddSub' <Latency = 0> <II = 1> <Delay = 1.48> <IPBlock> <Opcode : 'add' 'sub'> <InPorts = 3> <OutPorts = 1> <Sync> <CReg>
ST_3 : Operation 450 [1/1] (2.96ns) (root node of TernaryAdder)   --->   "%p_Repl2_2_trunc_7_s = add i8 %tmp_148_i, %tmp_146_cast_i_cast_s" [bi_lstm/src/rnn.cpp:349]   --->   Operation 450 'add' 'p_Repl2_2_trunc_7_s' <Predicate = (!tmp_70_7_i)> <Delay = 2.96> <Core = "TAddSub">   --->   Core 84 'TAddSub' <Latency = 0> <II = 1> <Delay = 1.48> <IPBlock> <Opcode : 'add' 'sub'> <InPorts = 3> <OutPorts = 1> <Sync> <CReg>
ST_3 : Operation 451 [1/1] (0.00ns)   --->   "%tmp_149_i = call i9 @_ssdm_op_BitConcatenate.i9.i1.i8(i1 %tmp_205, i8 %p_Repl2_2_trunc_7_s)" [bi_lstm/src/rnn.cpp:349]   --->   Operation 451 'bitconcatenate' 'tmp_149_i' <Predicate = (!tmp_70_7_i)> <Delay = 0.00>
ST_3 : Operation 452 [1/1] (0.00ns)   --->   "%p_Result_29_7_i = call i32 @_ssdm_op_PartSet.i32.i32.i9.i32.i32(i32 %tmp_65, i9 %tmp_149_i, i32 23, i32 31)" [bi_lstm/src/rnn.cpp:349]   --->   Operation 452 'partset' 'p_Result_29_7_i' <Predicate = (!tmp_70_7_i)> <Delay = 0.00>
ST_3 : Operation 453 [1/1] (0.00ns)   --->   "%tmp_91_7_i = bitcast i32 %p_Result_29_7_i to float" [bi_lstm/src/rnn.cpp:349]   --->   Operation 453 'bitcast' 'tmp_91_7_i' <Predicate = (!tmp_70_7_i)> <Delay = 0.00>
ST_3 : Operation 454 [1/1] (0.70ns)   --->   "%p_7_i = select i1 %tmp_70_7_i, float 0.000000e+00, float %tmp_91_7_i" [bi_lstm/src/rnn.cpp:349]   --->   Operation 454 'select' 'p_7_i' <Predicate = true> <Delay = 0.70> <Core = "Sel">   --->   Core 26 'Sel' <Latency = 0> <II = 1> <Delay = 0.70> <FuncUnit> <Opcode : 'select'> <InPorts = 3> <OutPorts = 1>
ST_3 : Operation 455 [1/1] (0.00ns)   --->   "call void @_ssdm_op_Write.ap_auto.floatP(float* %ress_7, float %p_7_i)" [bi_lstm/src/rnn.cpp:349]   --->   Operation 455 'write' <Predicate = true> <Delay = 0.00>
ST_3 : Operation 456 [1/1] (0.00ns)   --->   "%tmp_66 = zext i31 %m_6_8_i to i32" [bi_lstm/src/rnn.cpp:349]   --->   Operation 456 'zext' 'tmp_66' <Predicate = (!tmp_70_8_i)> <Delay = 0.00>
ST_3 : Operation 457 [1/1] (0.44ns)   --->   "%tmp_154_cast_i_cast_s = select i1 %tmp_225, i8 127, i8 126" [bi_lstm/src/rnn.cpp:349]   --->   Operation 457 'select' 'tmp_154_cast_i_cast_s' <Predicate = (!tmp_70_8_i)> <Delay = 0.44> <Core = "Sel">   --->   Core 26 'Sel' <Latency = 0> <II = 1> <Delay = 0.70> <FuncUnit> <Opcode : 'select'> <InPorts = 3> <OutPorts = 1>
ST_3 : Operation 458 [1/1] (0.00ns) (grouped into TernaryAdder)   --->   "%tmp_156_i = sub i8 5, %tmp_226" [bi_lstm/src/rnn.cpp:349]   --->   Operation 458 'sub' 'tmp_156_i' <Predicate = (!tmp_70_8_i)> <Delay = 0.00> <Core = "TAddSub">   --->   Core 84 'TAddSub' <Latency = 0> <II = 1> <Delay = 1.48> <IPBlock> <Opcode : 'add' 'sub'> <InPorts = 3> <OutPorts = 1> <Sync> <CReg>
ST_3 : Operation 459 [1/1] (2.96ns) (root node of TernaryAdder)   --->   "%p_Repl2_2_trunc_8_s = add i8 %tmp_156_i, %tmp_154_cast_i_cast_s" [bi_lstm/src/rnn.cpp:349]   --->   Operation 459 'add' 'p_Repl2_2_trunc_8_s' <Predicate = (!tmp_70_8_i)> <Delay = 2.96> <Core = "TAddSub">   --->   Core 84 'TAddSub' <Latency = 0> <II = 1> <Delay = 1.48> <IPBlock> <Opcode : 'add' 'sub'> <InPorts = 3> <OutPorts = 1> <Sync> <CReg>
ST_3 : Operation 460 [1/1] (0.00ns)   --->   "%tmp_157_i = call i9 @_ssdm_op_BitConcatenate.i9.i1.i8(i1 %tmp_216, i8 %p_Repl2_2_trunc_8_s)" [bi_lstm/src/rnn.cpp:349]   --->   Operation 460 'bitconcatenate' 'tmp_157_i' <Predicate = (!tmp_70_8_i)> <Delay = 0.00>
ST_3 : Operation 461 [1/1] (0.00ns)   --->   "%p_Result_29_8_i = call i32 @_ssdm_op_PartSet.i32.i32.i9.i32.i32(i32 %tmp_66, i9 %tmp_157_i, i32 23, i32 31)" [bi_lstm/src/rnn.cpp:349]   --->   Operation 461 'partset' 'p_Result_29_8_i' <Predicate = (!tmp_70_8_i)> <Delay = 0.00>
ST_3 : Operation 462 [1/1] (0.00ns)   --->   "%tmp_91_8_i = bitcast i32 %p_Result_29_8_i to float" [bi_lstm/src/rnn.cpp:349]   --->   Operation 462 'bitcast' 'tmp_91_8_i' <Predicate = (!tmp_70_8_i)> <Delay = 0.00>
ST_3 : Operation 463 [1/1] (0.70ns)   --->   "%p_8_i = select i1 %tmp_70_8_i, float 0.000000e+00, float %tmp_91_8_i" [bi_lstm/src/rnn.cpp:349]   --->   Operation 463 'select' 'p_8_i' <Predicate = true> <Delay = 0.70> <Core = "Sel">   --->   Core 26 'Sel' <Latency = 0> <II = 1> <Delay = 0.70> <FuncUnit> <Opcode : 'select'> <InPorts = 3> <OutPorts = 1>
ST_3 : Operation 464 [1/1] (0.00ns)   --->   "call void @_ssdm_op_Write.ap_auto.floatP(float* %ress_8, float %p_8_i)" [bi_lstm/src/rnn.cpp:349]   --->   Operation 464 'write' <Predicate = true> <Delay = 0.00>
ST_3 : Operation 465 [1/1] (0.00ns)   --->   "%tmp_67 = zext i31 %m_6_9_i to i32" [bi_lstm/src/rnn.cpp:349]   --->   Operation 465 'zext' 'tmp_67' <Predicate = (!tmp_70_9_i)> <Delay = 0.00>
ST_3 : Operation 466 [1/1] (0.44ns)   --->   "%tmp_162_cast_i_cast_s = select i1 %tmp_236, i8 127, i8 126" [bi_lstm/src/rnn.cpp:349]   --->   Operation 466 'select' 'tmp_162_cast_i_cast_s' <Predicate = (!tmp_70_9_i)> <Delay = 0.44> <Core = "Sel">   --->   Core 26 'Sel' <Latency = 0> <II = 1> <Delay = 0.70> <FuncUnit> <Opcode : 'select'> <InPorts = 3> <OutPorts = 1>
ST_3 : Operation 467 [1/1] (0.00ns) (grouped into TernaryAdder)   --->   "%tmp_164_i = sub i8 5, %tmp_237" [bi_lstm/src/rnn.cpp:349]   --->   Operation 467 'sub' 'tmp_164_i' <Predicate = (!tmp_70_9_i)> <Delay = 0.00> <Core = "TAddSub">   --->   Core 84 'TAddSub' <Latency = 0> <II = 1> <Delay = 1.48> <IPBlock> <Opcode : 'add' 'sub'> <InPorts = 3> <OutPorts = 1> <Sync> <CReg>
ST_3 : Operation 468 [1/1] (2.96ns) (root node of TernaryAdder)   --->   "%p_Repl2_2_trunc_9_s = add i8 %tmp_164_i, %tmp_162_cast_i_cast_s" [bi_lstm/src/rnn.cpp:349]   --->   Operation 468 'add' 'p_Repl2_2_trunc_9_s' <Predicate = (!tmp_70_9_i)> <Delay = 2.96> <Core = "TAddSub">   --->   Core 84 'TAddSub' <Latency = 0> <II = 1> <Delay = 1.48> <IPBlock> <Opcode : 'add' 'sub'> <InPorts = 3> <OutPorts = 1> <Sync> <CReg>
ST_3 : Operation 469 [1/1] (0.00ns)   --->   "%tmp_165_i = call i9 @_ssdm_op_BitConcatenate.i9.i1.i8(i1 %tmp_227, i8 %p_Repl2_2_trunc_9_s)" [bi_lstm/src/rnn.cpp:349]   --->   Operation 469 'bitconcatenate' 'tmp_165_i' <Predicate = (!tmp_70_9_i)> <Delay = 0.00>
ST_3 : Operation 470 [1/1] (0.00ns)   --->   "%p_Result_29_9_i = call i32 @_ssdm_op_PartSet.i32.i32.i9.i32.i32(i32 %tmp_67, i9 %tmp_165_i, i32 23, i32 31)" [bi_lstm/src/rnn.cpp:349]   --->   Operation 470 'partset' 'p_Result_29_9_i' <Predicate = (!tmp_70_9_i)> <Delay = 0.00>
ST_3 : Operation 471 [1/1] (0.00ns)   --->   "%tmp_91_9_i = bitcast i32 %p_Result_29_9_i to float" [bi_lstm/src/rnn.cpp:349]   --->   Operation 471 'bitcast' 'tmp_91_9_i' <Predicate = (!tmp_70_9_i)> <Delay = 0.00>
ST_3 : Operation 472 [1/1] (0.70ns)   --->   "%p_9_i = select i1 %tmp_70_9_i, float 0.000000e+00, float %tmp_91_9_i" [bi_lstm/src/rnn.cpp:349]   --->   Operation 472 'select' 'p_9_i' <Predicate = true> <Delay = 0.70> <Core = "Sel">   --->   Core 26 'Sel' <Latency = 0> <II = 1> <Delay = 0.70> <FuncUnit> <Opcode : 'select'> <InPorts = 3> <OutPorts = 1>
ST_3 : Operation 473 [1/1] (0.00ns)   --->   "call void @_ssdm_op_Write.ap_auto.floatP(float* %ress_9, float %p_9_i)" [bi_lstm/src/rnn.cpp:349]   --->   Operation 473 'write' <Predicate = true> <Delay = 0.00>
ST_3 : Operation 474 [1/1] (0.00ns)   --->   "ret void"   --->   Operation 474 'ret' <Predicate = true> <Delay = 0.00>


============================================================
+ Verbose Summary: Timing violations
============================================================
Target clock period: 10ns, clock uncertainty: 1.25ns.

 <State 1>: 6.87ns
The critical path consists of the following:
	wire read on port 'p_read9' (bi_lstm/src/rnn.cpp:349) [21]  (0 ns)
	'sub' operation ('tmp_V_9_i', bi_lstm/src/rnn.cpp:349) [447]  (1.54 ns)
	'select' operation ('p_Val2_9_i', bi_lstm/src/rnn.cpp:349) [448]  (0.627 ns)
	'cttz' operation ('l_9_i', bi_lstm/src/rnn.cpp:349) [451]  (2.8 ns)
	'sub' operation ('tmp_74_9_i', bi_lstm/src/rnn.cpp:349) [452]  (1.9 ns)

 <State 2>: 7.59ns
The critical path consists of the following:
	'add' operation ('lsb_index_i', bi_lstm/src/rnn.cpp:349) [40]  (1.9 ns)
	'icmp' operation ('icmp', bi_lstm/src/rnn.cpp:349) [42]  (1.96 ns)
	'and' operation ('a_i', bi_lstm/src/rnn.cpp:349) [49]  (0 ns)
	'or' operation ('tmp_83_i', bi_lstm/src/rnn.cpp:349) [55]  (0 ns)
	'add' operation ('m_2_i', bi_lstm/src/rnn.cpp:349) [64]  (2.94 ns)
	blocking operation 0.8 ns on control path)

 <State 3>: 4.12ns
The critical path consists of the following:
	'select' operation ('tmp_90_cast_i_cast_c', bi_lstm/src/rnn.cpp:349) [68]  (0.448 ns)
	'add' operation ('p_Repl2_2_trunc_i', bi_lstm/src/rnn.cpp:349) [71]  (2.97 ns)
	'select' operation ('p_1_i', bi_lstm/src/rnn.cpp:349) [75]  (0.705 ns)


============================================================
+ Verbose Summary: Binding
============================================================
N/A
* FSMD analyzer results:
  - Output states:
 - Input state : 
  - Chain level:
	State 1
	State 2
	State 3


============================================================
+ Verbose Summary: Datapath Resource usage 
============================================================
N/A
