

================================================================
== Vivado HLS Report for 'lstm_infer_Block_arr'
================================================================
* Date:           Sat Apr 19 01:58:12 2025

* Version:        2018.3 (Build 2405991 on Thu Dec 06 23:56:15 MST 2018)
* Project:        bi_lstm
* Solution:       solution1
* Product family: zynq
* Target device:  xc7z020clg400-2


================================================================
== Performance Estimates
================================================================
+ Timing (ns): 
    * Summary: 
    +--------+-------+----------+------------+
    |  Clock | Target| Estimated| Uncertainty|
    +--------+-------+----------+------------+
    |ap_clk  |  10.00|     8.321|        1.25|
    +--------+-------+----------+------------+

+ Latency (clock cycles): 
    * Summary: 
    +-----+-----+-----+-----+---------+
    |  Latency  |  Interval | Pipeline|
    | min | max | min | max |   Type  |
    +-----+-----+-----+-----+---------+
    |  705|  705|  705|  705|   none  |
    +-----+-----+-----+-----+---------+

    + Detail: 
        * Instance: 
        N/A

        * Loop: 
        +----------+-----+-----+----------+-----------+-----------+------+----------+
        |          |  Latency  | Iteration|  Initiation Interval  | Trip |          |
        | Loop Name| min | max |  Latency |  achieved |   target  | Count| Pipelined|
        +----------+-----+-----+----------+-----------+-----------+------+----------+
        |- Loop 1  |  701|  701|         9|          7|          1|   100|    yes   |
        +----------+-----+-----+----------+-----------+-----------+------+----------+

============================================================
+ Verbose Summary: Synthesis Manager
============================================================
InlineROM: 1
ExposeGlobal: 0
============================================================
+ Verbose Summary: CDFG Model
============================================================
IsTopModel: 0
ResetActiveHigh: 1
IsCombinational: 2
IsDatapathOnly: 0
HasWiredReturn: 1
HasMFsm: 0
HasVarLatency: 1
IsPipeline: 0
IsRtlPipelined: 0
IsInstanceOverlapped: 0
IsDontTouch: 0
HasImplIP: 0
IsGatedGlobalClock: 0

+ Individual pipeline summary: 
  * Pipeline-0: initiation interval (II) = 7, depth = 9


============================================================
+ Verbose Summary: Schedule
============================================================
* Number of FSM states : 13
* Pipeline : 1
  Pipeline-0 : II = 7, D = 9, States = { 4 5 6 7 8 9 10 11 12 }
* Dataflow Pipeline: 0

* FSM state transitions: 
1 --> 
	2  / true
2 --> 
	3  / true
3 --> 
	4  / true
4 --> 
	13  / (exitcond2)
	5  / (!exitcond2)
5 --> 
	6  / true
6 --> 
	7  / true
7 --> 
	8  / true
8 --> 
	9  / true
9 --> 
	10  / true
10 --> 
	11  / true
11 --> 
	12  / true
12 --> 
	4  / true
13 --> 

* FSM state operations: 

State 1 <SV = 0> <Delay = 1.75>
ST_1 : Operation 14 [1/1] (0.00ns)   --->   "%fc1_out_0_V_addr = getelementptr [5 x i16]* %fc1_out_0_V, i64 0, i64 0" [bi_lstm/src/rnn.cpp:322]   --->   Operation 14 'getelementptr' 'fc1_out_0_V_addr' <Predicate = true> <Delay = 0.00>
ST_1 : Operation 15 [1/1] (1.75ns)   --->   "store i16 16, i16* %fc1_out_0_V_addr, align 2" [bi_lstm/src/rnn.cpp:322]   --->   Operation 15 'store' <Predicate = true> <Delay = 1.75> <Core = "RAM">   --->   Core 37 'RAM' <Latency = 1> <II = 1> <Delay = 1.75> <Storage> <Opcode : 'load' 'store'> <Ports = 2> <Width = 16> <Depth = 5> <RAM>
ST_1 : Operation 16 [1/1] (0.00ns)   --->   "%fc1_out_1_V_addr = getelementptr [5 x i16]* %fc1_out_1_V, i64 0, i64 0" [bi_lstm/src/rnn.cpp:322]   --->   Operation 16 'getelementptr' 'fc1_out_1_V_addr' <Predicate = true> <Delay = 0.00>
ST_1 : Operation 17 [1/1] (1.75ns)   --->   "store i16 160, i16* %fc1_out_1_V_addr, align 2" [bi_lstm/src/rnn.cpp:322]   --->   Operation 17 'store' <Predicate = true> <Delay = 1.75> <Core = "RAM">   --->   Core 37 'RAM' <Latency = 1> <II = 1> <Delay = 1.75> <Storage> <Opcode : 'load' 'store'> <Ports = 2> <Width = 16> <Depth = 5> <RAM>
ST_1 : Operation 18 [1/1] (0.00ns)   --->   "%fc1_out_2_V_addr = getelementptr [5 x i16]* %fc1_out_2_V, i64 0, i64 0" [bi_lstm/src/rnn.cpp:322]   --->   Operation 18 'getelementptr' 'fc1_out_2_V_addr' <Predicate = true> <Delay = 0.00>
ST_1 : Operation 19 [1/1] (1.75ns)   --->   "store i16 96, i16* %fc1_out_2_V_addr, align 2" [bi_lstm/src/rnn.cpp:322]   --->   Operation 19 'store' <Predicate = true> <Delay = 1.75> <Core = "RAM">   --->   Core 37 'RAM' <Latency = 1> <II = 1> <Delay = 1.75> <Storage> <Opcode : 'load' 'store'> <Ports = 2> <Width = 16> <Depth = 5> <RAM>
ST_1 : Operation 20 [1/1] (0.00ns)   --->   "%fc1_out_3_V_addr = getelementptr [5 x i16]* %fc1_out_3_V, i64 0, i64 0" [bi_lstm/src/rnn.cpp:322]   --->   Operation 20 'getelementptr' 'fc1_out_3_V_addr' <Predicate = true> <Delay = 0.00>
ST_1 : Operation 21 [1/1] (1.75ns)   --->   "store i16 80, i16* %fc1_out_3_V_addr, align 2" [bi_lstm/src/rnn.cpp:322]   --->   Operation 21 'store' <Predicate = true> <Delay = 1.75> <Core = "RAM">   --->   Core 37 'RAM' <Latency = 1> <II = 1> <Delay = 1.75> <Storage> <Opcode : 'load' 'store'> <Ports = 2> <Width = 16> <Depth = 5> <RAM>
ST_1 : Operation 22 [1/1] (0.00ns)   --->   "%fc1_out_4_V_addr = getelementptr [5 x i16]* %fc1_out_4_V, i64 0, i64 0" [bi_lstm/src/rnn.cpp:322]   --->   Operation 22 'getelementptr' 'fc1_out_4_V_addr' <Predicate = true> <Delay = 0.00>
ST_1 : Operation 23 [1/1] (1.75ns)   --->   "store i16 144, i16* %fc1_out_4_V_addr, align 2" [bi_lstm/src/rnn.cpp:322]   --->   Operation 23 'store' <Predicate = true> <Delay = 1.75> <Core = "RAM">   --->   Core 37 'RAM' <Latency = 1> <II = 1> <Delay = 1.75> <Storage> <Opcode : 'load' 'store'> <Ports = 2> <Width = 16> <Depth = 5> <RAM>
ST_1 : Operation 24 [1/1] (0.00ns)   --->   "%fc1_out_5_V_addr = getelementptr [5 x i16]* %fc1_out_5_V, i64 0, i64 0" [bi_lstm/src/rnn.cpp:322]   --->   Operation 24 'getelementptr' 'fc1_out_5_V_addr' <Predicate = true> <Delay = 0.00>
ST_1 : Operation 25 [1/1] (1.75ns)   --->   "store i16 400, i16* %fc1_out_5_V_addr, align 2" [bi_lstm/src/rnn.cpp:322]   --->   Operation 25 'store' <Predicate = true> <Delay = 1.75> <Core = "RAM">   --->   Core 37 'RAM' <Latency = 1> <II = 1> <Delay = 1.75> <Storage> <Opcode : 'load' 'store'> <Ports = 2> <Width = 16> <Depth = 5> <RAM>
ST_1 : Operation 26 [1/1] (0.00ns)   --->   "%fc1_out_6_V_addr = getelementptr [5 x i16]* %fc1_out_6_V, i64 0, i64 0" [bi_lstm/src/rnn.cpp:322]   --->   Operation 26 'getelementptr' 'fc1_out_6_V_addr' <Predicate = true> <Delay = 0.00>
ST_1 : Operation 27 [1/1] (1.75ns)   --->   "store i16 80, i16* %fc1_out_6_V_addr, align 2" [bi_lstm/src/rnn.cpp:322]   --->   Operation 27 'store' <Predicate = true> <Delay = 1.75> <Core = "RAM">   --->   Core 37 'RAM' <Latency = 1> <II = 1> <Delay = 1.75> <Storage> <Opcode : 'load' 'store'> <Ports = 2> <Width = 16> <Depth = 5> <RAM>
ST_1 : Operation 28 [1/1] (0.00ns)   --->   "%fc1_out_7_V_addr = getelementptr [5 x i16]* %fc1_out_7_V, i64 0, i64 0" [bi_lstm/src/rnn.cpp:322]   --->   Operation 28 'getelementptr' 'fc1_out_7_V_addr' <Predicate = true> <Delay = 0.00>
ST_1 : Operation 29 [1/1] (1.75ns)   --->   "store i16 64, i16* %fc1_out_7_V_addr, align 2" [bi_lstm/src/rnn.cpp:322]   --->   Operation 29 'store' <Predicate = true> <Delay = 1.75> <Core = "RAM">   --->   Core 37 'RAM' <Latency = 1> <II = 1> <Delay = 1.75> <Storage> <Opcode : 'load' 'store'> <Ports = 2> <Width = 16> <Depth = 5> <RAM>
ST_1 : Operation 30 [1/1] (0.00ns)   --->   "%fc1_out_8_V_addr = getelementptr [5 x i16]* %fc1_out_8_V, i64 0, i64 0" [bi_lstm/src/rnn.cpp:322]   --->   Operation 30 'getelementptr' 'fc1_out_8_V_addr' <Predicate = true> <Delay = 0.00>
ST_1 : Operation 31 [1/1] (1.75ns)   --->   "store i16 -16, i16* %fc1_out_8_V_addr, align 2" [bi_lstm/src/rnn.cpp:322]   --->   Operation 31 'store' <Predicate = true> <Delay = 1.75> <Core = "RAM">   --->   Core 37 'RAM' <Latency = 1> <II = 1> <Delay = 1.75> <Storage> <Opcode : 'load' 'store'> <Ports = 2> <Width = 16> <Depth = 5> <RAM>
ST_1 : Operation 32 [1/1] (0.00ns)   --->   "%fc1_out_9_V_addr = getelementptr [5 x i16]* %fc1_out_9_V, i64 0, i64 0" [bi_lstm/src/rnn.cpp:322]   --->   Operation 32 'getelementptr' 'fc1_out_9_V_addr' <Predicate = true> <Delay = 0.00>
ST_1 : Operation 33 [1/1] (1.75ns)   --->   "store i16 48, i16* %fc1_out_9_V_addr, align 2" [bi_lstm/src/rnn.cpp:322]   --->   Operation 33 'store' <Predicate = true> <Delay = 1.75> <Core = "RAM">   --->   Core 37 'RAM' <Latency = 1> <II = 1> <Delay = 1.75> <Storage> <Opcode : 'load' 'store'> <Ports = 2> <Width = 16> <Depth = 5> <RAM>

State 2 <SV = 1> <Delay = 1.75>
ST_2 : Operation 34 [1/1] (0.00ns)   --->   "%fc1_out_0_V_addr_1 = getelementptr [5 x i16]* %fc1_out_0_V, i64 0, i64 1" [bi_lstm/src/rnn.cpp:322]   --->   Operation 34 'getelementptr' 'fc1_out_0_V_addr_1' <Predicate = true> <Delay = 0.00>
ST_2 : Operation 35 [1/1] (1.75ns)   --->   "store i16 256, i16* %fc1_out_0_V_addr_1, align 2" [bi_lstm/src/rnn.cpp:322]   --->   Operation 35 'store' <Predicate = true> <Delay = 1.75> <Core = "RAM">   --->   Core 37 'RAM' <Latency = 1> <II = 1> <Delay = 1.75> <Storage> <Opcode : 'load' 'store'> <Ports = 2> <Width = 16> <Depth = 5> <RAM>
ST_2 : Operation 36 [1/1] (0.00ns)   --->   "%fc1_out_1_V_addr_1 = getelementptr [5 x i16]* %fc1_out_1_V, i64 0, i64 1" [bi_lstm/src/rnn.cpp:322]   --->   Operation 36 'getelementptr' 'fc1_out_1_V_addr_1' <Predicate = true> <Delay = 0.00>
ST_2 : Operation 37 [1/1] (1.75ns)   --->   "store i16 256, i16* %fc1_out_1_V_addr_1, align 2" [bi_lstm/src/rnn.cpp:322]   --->   Operation 37 'store' <Predicate = true> <Delay = 1.75> <Core = "RAM">   --->   Core 37 'RAM' <Latency = 1> <II = 1> <Delay = 1.75> <Storage> <Opcode : 'load' 'store'> <Ports = 2> <Width = 16> <Depth = 5> <RAM>
ST_2 : Operation 38 [1/1] (0.00ns)   --->   "%fc1_out_2_V_addr_1 = getelementptr [5 x i16]* %fc1_out_2_V, i64 0, i64 1" [bi_lstm/src/rnn.cpp:322]   --->   Operation 38 'getelementptr' 'fc1_out_2_V_addr_1' <Predicate = true> <Delay = 0.00>
ST_2 : Operation 39 [1/1] (1.75ns)   --->   "store i16 -128, i16* %fc1_out_2_V_addr_1, align 2" [bi_lstm/src/rnn.cpp:322]   --->   Operation 39 'store' <Predicate = true> <Delay = 1.75> <Core = "RAM">   --->   Core 37 'RAM' <Latency = 1> <II = 1> <Delay = 1.75> <Storage> <Opcode : 'load' 'store'> <Ports = 2> <Width = 16> <Depth = 5> <RAM>
ST_2 : Operation 40 [1/1] (0.00ns)   --->   "%fc1_out_3_V_addr_1 = getelementptr [5 x i16]* %fc1_out_3_V, i64 0, i64 1" [bi_lstm/src/rnn.cpp:322]   --->   Operation 40 'getelementptr' 'fc1_out_3_V_addr_1' <Predicate = true> <Delay = 0.00>
ST_2 : Operation 41 [1/1] (1.75ns)   --->   "store i16 -48, i16* %fc1_out_3_V_addr_1, align 2" [bi_lstm/src/rnn.cpp:322]   --->   Operation 41 'store' <Predicate = true> <Delay = 1.75> <Core = "RAM">   --->   Core 37 'RAM' <Latency = 1> <II = 1> <Delay = 1.75> <Storage> <Opcode : 'load' 'store'> <Ports = 2> <Width = 16> <Depth = 5> <RAM>
ST_2 : Operation 42 [1/1] (0.00ns)   --->   "%fc1_out_4_V_addr_1 = getelementptr [5 x i16]* %fc1_out_4_V, i64 0, i64 1" [bi_lstm/src/rnn.cpp:322]   --->   Operation 42 'getelementptr' 'fc1_out_4_V_addr_1' <Predicate = true> <Delay = 0.00>
ST_2 : Operation 43 [1/1] (1.75ns)   --->   "store i16 256, i16* %fc1_out_4_V_addr_1, align 2" [bi_lstm/src/rnn.cpp:322]   --->   Operation 43 'store' <Predicate = true> <Delay = 1.75> <Core = "RAM">   --->   Core 37 'RAM' <Latency = 1> <II = 1> <Delay = 1.75> <Storage> <Opcode : 'load' 'store'> <Ports = 2> <Width = 16> <Depth = 5> <RAM>
ST_2 : Operation 44 [1/1] (0.00ns)   --->   "%fc1_out_5_V_addr_1 = getelementptr [5 x i16]* %fc1_out_5_V, i64 0, i64 1" [bi_lstm/src/rnn.cpp:322]   --->   Operation 44 'getelementptr' 'fc1_out_5_V_addr_1' <Predicate = true> <Delay = 0.00>
ST_2 : Operation 45 [1/1] (1.75ns)   --->   "store i16 0, i16* %fc1_out_5_V_addr_1, align 2" [bi_lstm/src/rnn.cpp:322]   --->   Operation 45 'store' <Predicate = true> <Delay = 1.75> <Core = "RAM">   --->   Core 37 'RAM' <Latency = 1> <II = 1> <Delay = 1.75> <Storage> <Opcode : 'load' 'store'> <Ports = 2> <Width = 16> <Depth = 5> <RAM>
ST_2 : Operation 46 [1/1] (0.00ns)   --->   "%fc1_out_6_V_addr_1 = getelementptr [5 x i16]* %fc1_out_6_V, i64 0, i64 1" [bi_lstm/src/rnn.cpp:322]   --->   Operation 46 'getelementptr' 'fc1_out_6_V_addr_1' <Predicate = true> <Delay = 0.00>
ST_2 : Operation 47 [1/1] (1.75ns)   --->   "store i16 80, i16* %fc1_out_6_V_addr_1, align 2" [bi_lstm/src/rnn.cpp:322]   --->   Operation 47 'store' <Predicate = true> <Delay = 1.75> <Core = "RAM">   --->   Core 37 'RAM' <Latency = 1> <II = 1> <Delay = 1.75> <Storage> <Opcode : 'load' 'store'> <Ports = 2> <Width = 16> <Depth = 5> <RAM>
ST_2 : Operation 48 [1/1] (0.00ns)   --->   "%fc1_out_7_V_addr_1 = getelementptr [5 x i16]* %fc1_out_7_V, i64 0, i64 1" [bi_lstm/src/rnn.cpp:322]   --->   Operation 48 'getelementptr' 'fc1_out_7_V_addr_1' <Predicate = true> <Delay = 0.00>
ST_2 : Operation 49 [1/1] (1.75ns)   --->   "store i16 -80, i16* %fc1_out_7_V_addr_1, align 2" [bi_lstm/src/rnn.cpp:322]   --->   Operation 49 'store' <Predicate = true> <Delay = 1.75> <Core = "RAM">   --->   Core 37 'RAM' <Latency = 1> <II = 1> <Delay = 1.75> <Storage> <Opcode : 'load' 'store'> <Ports = 2> <Width = 16> <Depth = 5> <RAM>
ST_2 : Operation 50 [1/1] (0.00ns)   --->   "%fc1_out_8_V_addr_1 = getelementptr [5 x i16]* %fc1_out_8_V, i64 0, i64 1" [bi_lstm/src/rnn.cpp:322]   --->   Operation 50 'getelementptr' 'fc1_out_8_V_addr_1' <Predicate = true> <Delay = 0.00>
ST_2 : Operation 51 [1/1] (1.75ns)   --->   "store i16 -48, i16* %fc1_out_8_V_addr_1, align 2" [bi_lstm/src/rnn.cpp:322]   --->   Operation 51 'store' <Predicate = true> <Delay = 1.75> <Core = "RAM">   --->   Core 37 'RAM' <Latency = 1> <II = 1> <Delay = 1.75> <Storage> <Opcode : 'load' 'store'> <Ports = 2> <Width = 16> <Depth = 5> <RAM>
ST_2 : Operation 52 [1/1] (0.00ns)   --->   "%fc1_out_9_V_addr_1 = getelementptr [5 x i16]* %fc1_out_9_V, i64 0, i64 1" [bi_lstm/src/rnn.cpp:322]   --->   Operation 52 'getelementptr' 'fc1_out_9_V_addr_1' <Predicate = true> <Delay = 0.00>
ST_2 : Operation 53 [1/1] (1.75ns)   --->   "store i16 320, i16* %fc1_out_9_V_addr_1, align 2" [bi_lstm/src/rnn.cpp:322]   --->   Operation 53 'store' <Predicate = true> <Delay = 1.75> <Core = "RAM">   --->   Core 37 'RAM' <Latency = 1> <II = 1> <Delay = 1.75> <Storage> <Opcode : 'load' 'store'> <Ports = 2> <Width = 16> <Depth = 5> <RAM>
ST_2 : Operation 54 [1/1] (0.00ns)   --->   "%fc1_out_0_V_addr_2 = getelementptr [5 x i16]* %fc1_out_0_V, i64 0, i64 2" [bi_lstm/src/rnn.cpp:322]   --->   Operation 54 'getelementptr' 'fc1_out_0_V_addr_2' <Predicate = true> <Delay = 0.00>
ST_2 : Operation 55 [1/1] (1.75ns)   --->   "store i16 32, i16* %fc1_out_0_V_addr_2, align 2" [bi_lstm/src/rnn.cpp:322]   --->   Operation 55 'store' <Predicate = true> <Delay = 1.75> <Core = "RAM">   --->   Core 37 'RAM' <Latency = 1> <II = 1> <Delay = 1.75> <Storage> <Opcode : 'load' 'store'> <Ports = 2> <Width = 16> <Depth = 5> <RAM>
ST_2 : Operation 56 [1/1] (0.00ns)   --->   "%fc1_out_1_V_addr_2 = getelementptr [5 x i16]* %fc1_out_1_V, i64 0, i64 2" [bi_lstm/src/rnn.cpp:322]   --->   Operation 56 'getelementptr' 'fc1_out_1_V_addr_2' <Predicate = true> <Delay = 0.00>
ST_2 : Operation 57 [1/1] (1.75ns)   --->   "store i16 432, i16* %fc1_out_1_V_addr_2, align 2" [bi_lstm/src/rnn.cpp:322]   --->   Operation 57 'store' <Predicate = true> <Delay = 1.75> <Core = "RAM">   --->   Core 37 'RAM' <Latency = 1> <II = 1> <Delay = 1.75> <Storage> <Opcode : 'load' 'store'> <Ports = 2> <Width = 16> <Depth = 5> <RAM>
ST_2 : Operation 58 [1/1] (0.00ns)   --->   "%fc1_out_2_V_addr_2 = getelementptr [5 x i16]* %fc1_out_2_V, i64 0, i64 2" [bi_lstm/src/rnn.cpp:322]   --->   Operation 58 'getelementptr' 'fc1_out_2_V_addr_2' <Predicate = true> <Delay = 0.00>
ST_2 : Operation 59 [1/1] (1.75ns)   --->   "store i16 -80, i16* %fc1_out_2_V_addr_2, align 2" [bi_lstm/src/rnn.cpp:322]   --->   Operation 59 'store' <Predicate = true> <Delay = 1.75> <Core = "RAM">   --->   Core 37 'RAM' <Latency = 1> <II = 1> <Delay = 1.75> <Storage> <Opcode : 'load' 'store'> <Ports = 2> <Width = 16> <Depth = 5> <RAM>
ST_2 : Operation 60 [1/1] (0.00ns)   --->   "%fc1_out_3_V_addr_2 = getelementptr [5 x i16]* %fc1_out_3_V, i64 0, i64 2" [bi_lstm/src/rnn.cpp:322]   --->   Operation 60 'getelementptr' 'fc1_out_3_V_addr_2' <Predicate = true> <Delay = 0.00>
ST_2 : Operation 61 [1/1] (1.75ns)   --->   "store i16 64, i16* %fc1_out_3_V_addr_2, align 2" [bi_lstm/src/rnn.cpp:322]   --->   Operation 61 'store' <Predicate = true> <Delay = 1.75> <Core = "RAM">   --->   Core 37 'RAM' <Latency = 1> <II = 1> <Delay = 1.75> <Storage> <Opcode : 'load' 'store'> <Ports = 2> <Width = 16> <Depth = 5> <RAM>
ST_2 : Operation 62 [1/1] (0.00ns)   --->   "%fc1_out_4_V_addr_2 = getelementptr [5 x i16]* %fc1_out_4_V, i64 0, i64 2" [bi_lstm/src/rnn.cpp:322]   --->   Operation 62 'getelementptr' 'fc1_out_4_V_addr_2' <Predicate = true> <Delay = 0.00>
ST_2 : Operation 63 [1/1] (1.75ns)   --->   "store i16 208, i16* %fc1_out_4_V_addr_2, align 2" [bi_lstm/src/rnn.cpp:322]   --->   Operation 63 'store' <Predicate = true> <Delay = 1.75> <Core = "RAM">   --->   Core 37 'RAM' <Latency = 1> <II = 1> <Delay = 1.75> <Storage> <Opcode : 'load' 'store'> <Ports = 2> <Width = 16> <Depth = 5> <RAM>
ST_2 : Operation 64 [1/1] (0.00ns)   --->   "%fc1_out_5_V_addr_2 = getelementptr [5 x i16]* %fc1_out_5_V, i64 0, i64 2" [bi_lstm/src/rnn.cpp:322]   --->   Operation 64 'getelementptr' 'fc1_out_5_V_addr_2' <Predicate = true> <Delay = 0.00>
ST_2 : Operation 65 [1/1] (1.75ns)   --->   "store i16 -64, i16* %fc1_out_5_V_addr_2, align 2" [bi_lstm/src/rnn.cpp:322]   --->   Operation 65 'store' <Predicate = true> <Delay = 1.75> <Core = "RAM">   --->   Core 37 'RAM' <Latency = 1> <II = 1> <Delay = 1.75> <Storage> <Opcode : 'load' 'store'> <Ports = 2> <Width = 16> <Depth = 5> <RAM>
ST_2 : Operation 66 [1/1] (0.00ns)   --->   "%fc1_out_6_V_addr_2 = getelementptr [5 x i16]* %fc1_out_6_V, i64 0, i64 2" [bi_lstm/src/rnn.cpp:322]   --->   Operation 66 'getelementptr' 'fc1_out_6_V_addr_2' <Predicate = true> <Delay = 0.00>
ST_2 : Operation 67 [1/1] (1.75ns)   --->   "store i16 160, i16* %fc1_out_6_V_addr_2, align 2" [bi_lstm/src/rnn.cpp:322]   --->   Operation 67 'store' <Predicate = true> <Delay = 1.75> <Core = "RAM">   --->   Core 37 'RAM' <Latency = 1> <II = 1> <Delay = 1.75> <Storage> <Opcode : 'load' 'store'> <Ports = 2> <Width = 16> <Depth = 5> <RAM>
ST_2 : Operation 68 [1/1] (0.00ns)   --->   "%fc1_out_7_V_addr_2 = getelementptr [5 x i16]* %fc1_out_7_V, i64 0, i64 2" [bi_lstm/src/rnn.cpp:322]   --->   Operation 68 'getelementptr' 'fc1_out_7_V_addr_2' <Predicate = true> <Delay = 0.00>
ST_2 : Operation 69 [1/1] (1.75ns)   --->   "store i16 64, i16* %fc1_out_7_V_addr_2, align 2" [bi_lstm/src/rnn.cpp:322]   --->   Operation 69 'store' <Predicate = true> <Delay = 1.75> <Core = "RAM">   --->   Core 37 'RAM' <Latency = 1> <II = 1> <Delay = 1.75> <Storage> <Opcode : 'load' 'store'> <Ports = 2> <Width = 16> <Depth = 5> <RAM>
ST_2 : Operation 70 [1/1] (0.00ns)   --->   "%fc1_out_8_V_addr_2 = getelementptr [5 x i16]* %fc1_out_8_V, i64 0, i64 2" [bi_lstm/src/rnn.cpp:322]   --->   Operation 70 'getelementptr' 'fc1_out_8_V_addr_2' <Predicate = true> <Delay = 0.00>
ST_2 : Operation 71 [1/1] (1.75ns)   --->   "store i16 144, i16* %fc1_out_8_V_addr_2, align 2" [bi_lstm/src/rnn.cpp:322]   --->   Operation 71 'store' <Predicate = true> <Delay = 1.75> <Core = "RAM">   --->   Core 37 'RAM' <Latency = 1> <II = 1> <Delay = 1.75> <Storage> <Opcode : 'load' 'store'> <Ports = 2> <Width = 16> <Depth = 5> <RAM>
ST_2 : Operation 72 [1/1] (0.00ns)   --->   "%fc1_out_9_V_addr_2 = getelementptr [5 x i16]* %fc1_out_9_V, i64 0, i64 2" [bi_lstm/src/rnn.cpp:322]   --->   Operation 72 'getelementptr' 'fc1_out_9_V_addr_2' <Predicate = true> <Delay = 0.00>
ST_2 : Operation 73 [1/1] (1.75ns)   --->   "store i16 48, i16* %fc1_out_9_V_addr_2, align 2" [bi_lstm/src/rnn.cpp:322]   --->   Operation 73 'store' <Predicate = true> <Delay = 1.75> <Core = "RAM">   --->   Core 37 'RAM' <Latency = 1> <II = 1> <Delay = 1.75> <Storage> <Opcode : 'load' 'store'> <Ports = 2> <Width = 16> <Depth = 5> <RAM>

State 3 <SV = 2> <Delay = 1.75>
ST_3 : Operation 74 [1/1] (0.00ns)   --->   "call void (...)* @_ssdm_op_SpecMemCore([100 x i7]* @Weight_fc1_V_7, [1 x i8]* @p_str22, [12 x i8]* @p_str40, [1 x i8]* @p_str22, i32 -1, [1 x i8]* @p_str22, [1 x i8]* @p_str22, [1 x i8]* @p_str22, [1 x i8]* @p_str22, [1 x i8]* @p_str22)"   --->   Operation 74 'specmemcore' <Predicate = true> <Delay = 0.00>
ST_3 : Operation 75 [1/1] (0.00ns)   --->   "call void (...)* @_ssdm_op_SpecMemCore([700 x i7]* @Weight_fc1_V_6, [1 x i8]* @p_str22, [12 x i8]* @p_str40, [1 x i8]* @p_str22, i32 -1, [1 x i8]* @p_str22, [1 x i8]* @p_str22, [1 x i8]* @p_str22, [1 x i8]* @p_str22, [1 x i8]* @p_str22)"   --->   Operation 75 'specmemcore' <Predicate = true> <Delay = 0.00>
ST_3 : Operation 76 [1/1] (0.00ns)   --->   "call void (...)* @_ssdm_op_SpecMemCore([700 x i7]* @Weight_fc1_V_5, [1 x i8]* @p_str22, [12 x i8]* @p_str40, [1 x i8]* @p_str22, i32 -1, [1 x i8]* @p_str22, [1 x i8]* @p_str22, [1 x i8]* @p_str22, [1 x i8]* @p_str22, [1 x i8]* @p_str22)"   --->   Operation 76 'specmemcore' <Predicate = true> <Delay = 0.00>
ST_3 : Operation 77 [1/1] (0.00ns)   --->   "call void (...)* @_ssdm_op_SpecMemCore([700 x i7]* @Weight_fc1_V_4, [1 x i8]* @p_str22, [12 x i8]* @p_str40, [1 x i8]* @p_str22, i32 -1, [1 x i8]* @p_str22, [1 x i8]* @p_str22, [1 x i8]* @p_str22, [1 x i8]* @p_str22, [1 x i8]* @p_str22)"   --->   Operation 77 'specmemcore' <Predicate = true> <Delay = 0.00>
ST_3 : Operation 78 [1/1] (0.00ns)   --->   "call void (...)* @_ssdm_op_SpecMemCore([700 x i7]* @Weight_fc1_V_3, [1 x i8]* @p_str22, [12 x i8]* @p_str40, [1 x i8]* @p_str22, i32 -1, [1 x i8]* @p_str22, [1 x i8]* @p_str22, [1 x i8]* @p_str22, [1 x i8]* @p_str22, [1 x i8]* @p_str22)"   --->   Operation 78 'specmemcore' <Predicate = true> <Delay = 0.00>
ST_3 : Operation 79 [1/1] (0.00ns)   --->   "call void (...)* @_ssdm_op_SpecMemCore([700 x i7]* @Weight_fc1_V_2, [1 x i8]* @p_str22, [12 x i8]* @p_str40, [1 x i8]* @p_str22, i32 -1, [1 x i8]* @p_str22, [1 x i8]* @p_str22, [1 x i8]* @p_str22, [1 x i8]* @p_str22, [1 x i8]* @p_str22)"   --->   Operation 79 'specmemcore' <Predicate = true> <Delay = 0.00>
ST_3 : Operation 80 [1/1] (0.00ns)   --->   "call void (...)* @_ssdm_op_SpecMemCore([700 x i7]* @Weight_fc1_V_1, [1 x i8]* @p_str22, [12 x i8]* @p_str40, [1 x i8]* @p_str22, i32 -1, [1 x i8]* @p_str22, [1 x i8]* @p_str22, [1 x i8]* @p_str22, [1 x i8]* @p_str22, [1 x i8]* @p_str22)"   --->   Operation 80 'specmemcore' <Predicate = true> <Delay = 0.00>
ST_3 : Operation 81 [1/1] (0.00ns)   --->   "call void (...)* @_ssdm_op_SpecMemCore([700 x i7]* @Weight_fc1_V_0, [1 x i8]* @p_str22, [12 x i8]* @p_str40, [1 x i8]* @p_str22, i32 -1, [1 x i8]* @p_str22, [1 x i8]* @p_str22, [1 x i8]* @p_str22, [1 x i8]* @p_str22, [1 x i8]* @p_str22)"   --->   Operation 81 'specmemcore' <Predicate = true> <Delay = 0.00>
ST_3 : Operation 82 [1/1] (0.00ns)   --->   "%fc1_out_0_V_addr_3 = getelementptr [5 x i16]* %fc1_out_0_V, i64 0, i64 3" [bi_lstm/src/rnn.cpp:322]   --->   Operation 82 'getelementptr' 'fc1_out_0_V_addr_3' <Predicate = true> <Delay = 0.00>
ST_3 : Operation 83 [1/1] (1.75ns)   --->   "store i16 192, i16* %fc1_out_0_V_addr_3, align 2" [bi_lstm/src/rnn.cpp:322]   --->   Operation 83 'store' <Predicate = true> <Delay = 1.75> <Core = "RAM">   --->   Core 37 'RAM' <Latency = 1> <II = 1> <Delay = 1.75> <Storage> <Opcode : 'load' 'store'> <Ports = 2> <Width = 16> <Depth = 5> <RAM>
ST_3 : Operation 84 [1/1] (0.00ns)   --->   "%fc1_out_1_V_addr_3 = getelementptr [5 x i16]* %fc1_out_1_V, i64 0, i64 3" [bi_lstm/src/rnn.cpp:322]   --->   Operation 84 'getelementptr' 'fc1_out_1_V_addr_3' <Predicate = true> <Delay = 0.00>
ST_3 : Operation 85 [1/1] (1.75ns)   --->   "store i16 336, i16* %fc1_out_1_V_addr_3, align 2" [bi_lstm/src/rnn.cpp:322]   --->   Operation 85 'store' <Predicate = true> <Delay = 1.75> <Core = "RAM">   --->   Core 37 'RAM' <Latency = 1> <II = 1> <Delay = 1.75> <Storage> <Opcode : 'load' 'store'> <Ports = 2> <Width = 16> <Depth = 5> <RAM>
ST_3 : Operation 86 [1/1] (0.00ns)   --->   "%fc1_out_2_V_addr_3 = getelementptr [5 x i16]* %fc1_out_2_V, i64 0, i64 3" [bi_lstm/src/rnn.cpp:322]   --->   Operation 86 'getelementptr' 'fc1_out_2_V_addr_3' <Predicate = true> <Delay = 0.00>
ST_3 : Operation 87 [1/1] (1.75ns)   --->   "store i16 160, i16* %fc1_out_2_V_addr_3, align 2" [bi_lstm/src/rnn.cpp:322]   --->   Operation 87 'store' <Predicate = true> <Delay = 1.75> <Core = "RAM">   --->   Core 37 'RAM' <Latency = 1> <II = 1> <Delay = 1.75> <Storage> <Opcode : 'load' 'store'> <Ports = 2> <Width = 16> <Depth = 5> <RAM>
ST_3 : Operation 88 [1/1] (0.00ns)   --->   "%fc1_out_3_V_addr_3 = getelementptr [5 x i16]* %fc1_out_3_V, i64 0, i64 3" [bi_lstm/src/rnn.cpp:322]   --->   Operation 88 'getelementptr' 'fc1_out_3_V_addr_3' <Predicate = true> <Delay = 0.00>
ST_3 : Operation 89 [1/1] (1.75ns)   --->   "store i16 240, i16* %fc1_out_3_V_addr_3, align 2" [bi_lstm/src/rnn.cpp:322]   --->   Operation 89 'store' <Predicate = true> <Delay = 1.75> <Core = "RAM">   --->   Core 37 'RAM' <Latency = 1> <II = 1> <Delay = 1.75> <Storage> <Opcode : 'load' 'store'> <Ports = 2> <Width = 16> <Depth = 5> <RAM>
ST_3 : Operation 90 [1/1] (0.00ns)   --->   "%fc1_out_4_V_addr_3 = getelementptr [5 x i16]* %fc1_out_4_V, i64 0, i64 3" [bi_lstm/src/rnn.cpp:322]   --->   Operation 90 'getelementptr' 'fc1_out_4_V_addr_3' <Predicate = true> <Delay = 0.00>
ST_3 : Operation 91 [1/1] (1.75ns)   --->   "store i16 -80, i16* %fc1_out_4_V_addr_3, align 2" [bi_lstm/src/rnn.cpp:322]   --->   Operation 91 'store' <Predicate = true> <Delay = 1.75> <Core = "RAM">   --->   Core 37 'RAM' <Latency = 1> <II = 1> <Delay = 1.75> <Storage> <Opcode : 'load' 'store'> <Ports = 2> <Width = 16> <Depth = 5> <RAM>
ST_3 : Operation 92 [1/1] (0.00ns)   --->   "%fc1_out_5_V_addr_3 = getelementptr [5 x i16]* %fc1_out_5_V, i64 0, i64 3" [bi_lstm/src/rnn.cpp:322]   --->   Operation 92 'getelementptr' 'fc1_out_5_V_addr_3' <Predicate = true> <Delay = 0.00>
ST_3 : Operation 93 [1/1] (1.75ns)   --->   "store i16 80, i16* %fc1_out_5_V_addr_3, align 2" [bi_lstm/src/rnn.cpp:322]   --->   Operation 93 'store' <Predicate = true> <Delay = 1.75> <Core = "RAM">   --->   Core 37 'RAM' <Latency = 1> <II = 1> <Delay = 1.75> <Storage> <Opcode : 'load' 'store'> <Ports = 2> <Width = 16> <Depth = 5> <RAM>
ST_3 : Operation 94 [1/1] (0.00ns)   --->   "%fc1_out_6_V_addr_3 = getelementptr [5 x i16]* %fc1_out_6_V, i64 0, i64 3" [bi_lstm/src/rnn.cpp:322]   --->   Operation 94 'getelementptr' 'fc1_out_6_V_addr_3' <Predicate = true> <Delay = 0.00>
ST_3 : Operation 95 [1/1] (1.75ns)   --->   "store i16 64, i16* %fc1_out_6_V_addr_3, align 2" [bi_lstm/src/rnn.cpp:322]   --->   Operation 95 'store' <Predicate = true> <Delay = 1.75> <Core = "RAM">   --->   Core 37 'RAM' <Latency = 1> <II = 1> <Delay = 1.75> <Storage> <Opcode : 'load' 'store'> <Ports = 2> <Width = 16> <Depth = 5> <RAM>
ST_3 : Operation 96 [1/1] (0.00ns)   --->   "%fc1_out_7_V_addr_3 = getelementptr [5 x i16]* %fc1_out_7_V, i64 0, i64 3" [bi_lstm/src/rnn.cpp:322]   --->   Operation 96 'getelementptr' 'fc1_out_7_V_addr_3' <Predicate = true> <Delay = 0.00>
ST_3 : Operation 97 [1/1] (1.75ns)   --->   "store i16 -96, i16* %fc1_out_7_V_addr_3, align 2" [bi_lstm/src/rnn.cpp:322]   --->   Operation 97 'store' <Predicate = true> <Delay = 1.75> <Core = "RAM">   --->   Core 37 'RAM' <Latency = 1> <II = 1> <Delay = 1.75> <Storage> <Opcode : 'load' 'store'> <Ports = 2> <Width = 16> <Depth = 5> <RAM>
ST_3 : Operation 98 [1/1] (0.00ns)   --->   "%fc1_out_8_V_addr_3 = getelementptr [5 x i16]* %fc1_out_8_V, i64 0, i64 3" [bi_lstm/src/rnn.cpp:322]   --->   Operation 98 'getelementptr' 'fc1_out_8_V_addr_3' <Predicate = true> <Delay = 0.00>
ST_3 : Operation 99 [1/1] (1.75ns)   --->   "store i16 240, i16* %fc1_out_8_V_addr_3, align 2" [bi_lstm/src/rnn.cpp:322]   --->   Operation 99 'store' <Predicate = true> <Delay = 1.75> <Core = "RAM">   --->   Core 37 'RAM' <Latency = 1> <II = 1> <Delay = 1.75> <Storage> <Opcode : 'load' 'store'> <Ports = 2> <Width = 16> <Depth = 5> <RAM>
ST_3 : Operation 100 [1/1] (0.00ns)   --->   "%fc1_out_9_V_addr_3 = getelementptr [5 x i16]* %fc1_out_9_V, i64 0, i64 3" [bi_lstm/src/rnn.cpp:322]   --->   Operation 100 'getelementptr' 'fc1_out_9_V_addr_3' <Predicate = true> <Delay = 0.00>
ST_3 : Operation 101 [1/1] (1.75ns)   --->   "store i16 80, i16* %fc1_out_9_V_addr_3, align 2" [bi_lstm/src/rnn.cpp:322]   --->   Operation 101 'store' <Predicate = true> <Delay = 1.75> <Core = "RAM">   --->   Core 37 'RAM' <Latency = 1> <II = 1> <Delay = 1.75> <Storage> <Opcode : 'load' 'store'> <Ports = 2> <Width = 16> <Depth = 5> <RAM>
ST_3 : Operation 102 [1/1] (0.00ns)   --->   "%fc1_out_0_V_addr_4 = getelementptr [5 x i16]* %fc1_out_0_V, i64 0, i64 4" [bi_lstm/src/rnn.cpp:322]   --->   Operation 102 'getelementptr' 'fc1_out_0_V_addr_4' <Predicate = true> <Delay = 0.00>
ST_3 : Operation 103 [1/1] (1.75ns)   --->   "store i16 64, i16* %fc1_out_0_V_addr_4, align 2" [bi_lstm/src/rnn.cpp:322]   --->   Operation 103 'store' <Predicate = true> <Delay = 1.75> <Core = "RAM">   --->   Core 37 'RAM' <Latency = 1> <II = 1> <Delay = 1.75> <Storage> <Opcode : 'load' 'store'> <Ports = 2> <Width = 16> <Depth = 5> <RAM>
ST_3 : Operation 104 [1/1] (0.00ns)   --->   "%fc1_out_1_V_addr_4 = getelementptr [5 x i16]* %fc1_out_1_V, i64 0, i64 4" [bi_lstm/src/rnn.cpp:322]   --->   Operation 104 'getelementptr' 'fc1_out_1_V_addr_4' <Predicate = true> <Delay = 0.00>
ST_3 : Operation 105 [1/1] (1.75ns)   --->   "store i16 112, i16* %fc1_out_1_V_addr_4, align 2" [bi_lstm/src/rnn.cpp:322]   --->   Operation 105 'store' <Predicate = true> <Delay = 1.75> <Core = "RAM">   --->   Core 37 'RAM' <Latency = 1> <II = 1> <Delay = 1.75> <Storage> <Opcode : 'load' 'store'> <Ports = 2> <Width = 16> <Depth = 5> <RAM>
ST_3 : Operation 106 [1/1] (0.00ns)   --->   "%fc1_out_2_V_addr_4 = getelementptr [5 x i16]* %fc1_out_2_V, i64 0, i64 4" [bi_lstm/src/rnn.cpp:322]   --->   Operation 106 'getelementptr' 'fc1_out_2_V_addr_4' <Predicate = true> <Delay = 0.00>
ST_3 : Operation 107 [1/1] (1.75ns)   --->   "store i16 224, i16* %fc1_out_2_V_addr_4, align 2" [bi_lstm/src/rnn.cpp:322]   --->   Operation 107 'store' <Predicate = true> <Delay = 1.75> <Core = "RAM">   --->   Core 37 'RAM' <Latency = 1> <II = 1> <Delay = 1.75> <Storage> <Opcode : 'load' 'store'> <Ports = 2> <Width = 16> <Depth = 5> <RAM>
ST_3 : Operation 108 [1/1] (0.00ns)   --->   "%fc1_out_3_V_addr_4 = getelementptr [5 x i16]* %fc1_out_3_V, i64 0, i64 4" [bi_lstm/src/rnn.cpp:322]   --->   Operation 108 'getelementptr' 'fc1_out_3_V_addr_4' <Predicate = true> <Delay = 0.00>
ST_3 : Operation 109 [1/1] (1.75ns)   --->   "store i16 384, i16* %fc1_out_3_V_addr_4, align 2" [bi_lstm/src/rnn.cpp:322]   --->   Operation 109 'store' <Predicate = true> <Delay = 1.75> <Core = "RAM">   --->   Core 37 'RAM' <Latency = 1> <II = 1> <Delay = 1.75> <Storage> <Opcode : 'load' 'store'> <Ports = 2> <Width = 16> <Depth = 5> <RAM>
ST_3 : Operation 110 [1/1] (0.00ns)   --->   "%fc1_out_4_V_addr_4 = getelementptr [5 x i16]* %fc1_out_4_V, i64 0, i64 4" [bi_lstm/src/rnn.cpp:322]   --->   Operation 110 'getelementptr' 'fc1_out_4_V_addr_4' <Predicate = true> <Delay = 0.00>
ST_3 : Operation 111 [1/1] (1.75ns)   --->   "store i16 -160, i16* %fc1_out_4_V_addr_4, align 2" [bi_lstm/src/rnn.cpp:322]   --->   Operation 111 'store' <Predicate = true> <Delay = 1.75> <Core = "RAM">   --->   Core 37 'RAM' <Latency = 1> <II = 1> <Delay = 1.75> <Storage> <Opcode : 'load' 'store'> <Ports = 2> <Width = 16> <Depth = 5> <RAM>
ST_3 : Operation 112 [1/1] (0.00ns)   --->   "%fc1_out_5_V_addr_4 = getelementptr [5 x i16]* %fc1_out_5_V, i64 0, i64 4" [bi_lstm/src/rnn.cpp:322]   --->   Operation 112 'getelementptr' 'fc1_out_5_V_addr_4' <Predicate = true> <Delay = 0.00>
ST_3 : Operation 113 [1/1] (1.75ns)   --->   "store i16 -32, i16* %fc1_out_5_V_addr_4, align 2" [bi_lstm/src/rnn.cpp:322]   --->   Operation 113 'store' <Predicate = true> <Delay = 1.75> <Core = "RAM">   --->   Core 37 'RAM' <Latency = 1> <II = 1> <Delay = 1.75> <Storage> <Opcode : 'load' 'store'> <Ports = 2> <Width = 16> <Depth = 5> <RAM>
ST_3 : Operation 114 [1/1] (0.00ns)   --->   "%fc1_out_6_V_addr_4 = getelementptr [5 x i16]* %fc1_out_6_V, i64 0, i64 4" [bi_lstm/src/rnn.cpp:322]   --->   Operation 114 'getelementptr' 'fc1_out_6_V_addr_4' <Predicate = true> <Delay = 0.00>
ST_3 : Operation 115 [1/1] (1.75ns)   --->   "store i16 224, i16* %fc1_out_6_V_addr_4, align 2" [bi_lstm/src/rnn.cpp:322]   --->   Operation 115 'store' <Predicate = true> <Delay = 1.75> <Core = "RAM">   --->   Core 37 'RAM' <Latency = 1> <II = 1> <Delay = 1.75> <Storage> <Opcode : 'load' 'store'> <Ports = 2> <Width = 16> <Depth = 5> <RAM>
ST_3 : Operation 116 [1/1] (0.00ns)   --->   "%fc1_out_7_V_addr_4 = getelementptr [5 x i16]* %fc1_out_7_V, i64 0, i64 4" [bi_lstm/src/rnn.cpp:322]   --->   Operation 116 'getelementptr' 'fc1_out_7_V_addr_4' <Predicate = true> <Delay = 0.00>
ST_3 : Operation 117 [1/1] (1.75ns)   --->   "store i16 192, i16* %fc1_out_7_V_addr_4, align 2" [bi_lstm/src/rnn.cpp:322]   --->   Operation 117 'store' <Predicate = true> <Delay = 1.75> <Core = "RAM">   --->   Core 37 'RAM' <Latency = 1> <II = 1> <Delay = 1.75> <Storage> <Opcode : 'load' 'store'> <Ports = 2> <Width = 16> <Depth = 5> <RAM>
ST_3 : Operation 118 [1/1] (0.00ns)   --->   "%fc1_out_8_V_addr_4 = getelementptr [5 x i16]* %fc1_out_8_V, i64 0, i64 4" [bi_lstm/src/rnn.cpp:322]   --->   Operation 118 'getelementptr' 'fc1_out_8_V_addr_4' <Predicate = true> <Delay = 0.00>
ST_3 : Operation 119 [1/1] (1.75ns)   --->   "store i16 160, i16* %fc1_out_8_V_addr_4, align 2" [bi_lstm/src/rnn.cpp:322]   --->   Operation 119 'store' <Predicate = true> <Delay = 1.75> <Core = "RAM">   --->   Core 37 'RAM' <Latency = 1> <II = 1> <Delay = 1.75> <Storage> <Opcode : 'load' 'store'> <Ports = 2> <Width = 16> <Depth = 5> <RAM>
ST_3 : Operation 120 [1/1] (0.00ns)   --->   "%fc1_out_9_V_addr_4 = getelementptr [5 x i16]* %fc1_out_9_V, i64 0, i64 4" [bi_lstm/src/rnn.cpp:322]   --->   Operation 120 'getelementptr' 'fc1_out_9_V_addr_4' <Predicate = true> <Delay = 0.00>
ST_3 : Operation 121 [1/1] (1.75ns)   --->   "store i16 240, i16* %fc1_out_9_V_addr_4, align 2" [bi_lstm/src/rnn.cpp:322]   --->   Operation 121 'store' <Predicate = true> <Delay = 1.75> <Core = "RAM">   --->   Core 37 'RAM' <Latency = 1> <II = 1> <Delay = 1.75> <Storage> <Opcode : 'load' 'store'> <Ports = 2> <Width = 16> <Depth = 5> <RAM>
ST_3 : Operation 122 [1/1] (0.46ns)   --->   "br label %.preheader380" [bi_lstm/src/rnn.cpp:324]   --->   Operation 122 'br' <Predicate = true> <Delay = 0.46>

State 4 <SV = 3> <Delay = 4.18>
ST_4 : Operation 123 [1/1] (0.00ns)   --->   "%j = phi i7 [ %j_1, %_ZN13ap_fixed_baseILi25ELi7ELb1EL9ap_q_mode5EL9ap_o_mode3ELi0EEC1ILi16ELi5ELb1ELS0_5ELS1_3ELi0EEERKS_IXT_EXT0_EXT1_EXT2_EXT3_EXT4_EE.exit.i.i52.0547 ], [ 0, %newFuncRoot ]"   --->   Operation 123 'phi' 'j' <Predicate = true> <Delay = 0.00>
ST_4 : Operation 124 [1/1] (1.06ns)   --->   "%exitcond2 = icmp eq i7 %j, -28" [bi_lstm/src/rnn.cpp:324]   --->   Operation 124 'icmp' 'exitcond2' <Predicate = true> <Delay = 1.06> <Core = "Cmp">   --->   Core 25 'Cmp' <Latency = 0> <II = 1> <Delay = 1.06> <FuncUnit> <Opcode : 'icmp'> <InPorts = 2> <OutPorts = 1>
ST_4 : Operation 125 [1/1] (0.00ns)   --->   "%empty = call i32 (...)* @_ssdm_op_SpecLoopTripCount(i64 100, i64 100, i64 100)"   --->   Operation 125 'speclooptripcount' 'empty' <Predicate = true> <Delay = 0.00>
ST_4 : Operation 126 [1/1] (1.31ns)   --->   "%j_1 = add i7 %j, 1" [bi_lstm/src/rnn.cpp:324]   --->   Operation 126 'add' 'j_1' <Predicate = true> <Delay = 1.31> <Core = "AddSub">   --->   Core 14 'AddSub' <Latency = 0> <II = 1> <Delay = 1.41> <FuncUnit> <Opcode : 'add' 'sub'> <InPorts = 2> <OutPorts = 1>
ST_4 : Operation 127 [1/1] (0.00ns)   --->   "br i1 %exitcond2, label %.preheader378.exitStub, label %_ZN13ap_fixed_baseILi25ELi7ELb1EL9ap_q_mode5EL9ap_o_mode3ELi0EEC1ILi16ELi5ELb1ELS0_5ELS1_3ELi0EEERKS_IXT_EXT0_EXT1_EXT2_EXT3_EXT4_EE.exit.i.i52.0" [bi_lstm/src/rnn.cpp:324]   --->   Operation 127 'br' <Predicate = true> <Delay = 0.00>
ST_4 : Operation 128 [1/1] (0.00ns)   --->   "%tmp_12 = zext i7 %j to i64" [bi_lstm/src/rnn.cpp:326]   --->   Operation 128 'zext' 'tmp_12' <Predicate = (!exitcond2)> <Delay = 0.00>
ST_4 : Operation 129 [1/1] (0.00ns)   --->   "%tmp_12_cast = zext i7 %j to i10" [bi_lstm/src/rnn.cpp:329]   --->   Operation 129 'zext' 'tmp_12_cast' <Predicate = (!exitcond2)> <Delay = 0.00>
ST_4 : Operation 130 [1/1] (0.00ns)   --->   "%tmp_12_cast1 = zext i7 %j to i9" [bi_lstm/src/rnn.cpp:329]   --->   Operation 130 'zext' 'tmp_12_cast1' <Predicate = (!exitcond2)> <Delay = 0.00>
ST_4 : Operation 131 [1/1] (0.00ns)   --->   "%tmp_12_cast645_cast = zext i7 %j to i8" [bi_lstm/src/rnn.cpp:329]   --->   Operation 131 'zext' 'tmp_12_cast645_cast' <Predicate = (!exitcond2)> <Delay = 0.00>
ST_4 : Operation 132 [1/1] (1.36ns)   --->   "%tmp_54 = add i9 -212, %tmp_12_cast1" [bi_lstm/src/rnn.cpp:329]   --->   Operation 132 'add' 'tmp_54' <Predicate = (!exitcond2)> <Delay = 1.36> <Core = "AddSub">   --->   Core 14 'AddSub' <Latency = 0> <II = 1> <Delay = 1.41> <FuncUnit> <Opcode : 'add' 'sub'> <InPorts = 2> <OutPorts = 1>
ST_4 : Operation 133 [1/1] (0.00ns)   --->   "%tmp_54_cast = zext i9 %tmp_54 to i64" [bi_lstm/src/rnn.cpp:329]   --->   Operation 133 'zext' 'tmp_54_cast' <Predicate = (!exitcond2)> <Delay = 0.00>
ST_4 : Operation 134 [1/1] (0.00ns)   --->   "%Weight_fc1_V_0_addr_3 = getelementptr [700 x i7]* @Weight_fc1_V_0, i64 0, i64 %tmp_54_cast" [bi_lstm/src/rnn.cpp:329]   --->   Operation 134 'getelementptr' 'Weight_fc1_V_0_addr_3' <Predicate = (!exitcond2)> <Delay = 0.00>
ST_4 : Operation 135 [1/1] (1.41ns)   --->   "%tmp_58 = add i10 -424, %tmp_12_cast" [bi_lstm/src/rnn.cpp:329]   --->   Operation 135 'add' 'tmp_58' <Predicate = (!exitcond2)> <Delay = 1.41> <Core = "AddSub">   --->   Core 14 'AddSub' <Latency = 0> <II = 1> <Delay = 1.41> <FuncUnit> <Opcode : 'add' 'sub'> <InPorts = 2> <OutPorts = 1>
ST_4 : Operation 136 [1/1] (0.00ns)   --->   "%tmp_58_cast = zext i10 %tmp_58 to i64" [bi_lstm/src/rnn.cpp:329]   --->   Operation 136 'zext' 'tmp_58_cast' <Predicate = (!exitcond2)> <Delay = 0.00>
ST_4 : Operation 137 [1/1] (0.00ns)   --->   "%Weight_fc1_V_0_addr_6 = getelementptr [700 x i7]* @Weight_fc1_V_0, i64 0, i64 %tmp_58_cast" [bi_lstm/src/rnn.cpp:329]   --->   Operation 137 'getelementptr' 'Weight_fc1_V_0_addr_6' <Predicate = (!exitcond2)> <Delay = 0.00>
ST_4 : Operation 138 [1/1] (0.00ns)   --->   "%Weight_fc1_V_1_addr_3 = getelementptr [700 x i7]* @Weight_fc1_V_1, i64 0, i64 %tmp_54_cast" [bi_lstm/src/rnn.cpp:329]   --->   Operation 138 'getelementptr' 'Weight_fc1_V_1_addr_3' <Predicate = (!exitcond2)> <Delay = 0.00>
ST_4 : Operation 139 [1/1] (0.00ns)   --->   "%Weight_fc1_V_1_addr_6 = getelementptr [700 x i7]* @Weight_fc1_V_1, i64 0, i64 %tmp_58_cast" [bi_lstm/src/rnn.cpp:329]   --->   Operation 139 'getelementptr' 'Weight_fc1_V_1_addr_6' <Predicate = (!exitcond2)> <Delay = 0.00>
ST_4 : Operation 140 [1/1] (0.00ns)   --->   "%Weight_fc1_V_2_addr_3 = getelementptr [700 x i7]* @Weight_fc1_V_2, i64 0, i64 %tmp_54_cast" [bi_lstm/src/rnn.cpp:329]   --->   Operation 140 'getelementptr' 'Weight_fc1_V_2_addr_3' <Predicate = (!exitcond2)> <Delay = 0.00>
ST_4 : Operation 141 [1/1] (0.00ns)   --->   "%Weight_fc1_V_2_addr_6 = getelementptr [700 x i7]* @Weight_fc1_V_2, i64 0, i64 %tmp_58_cast" [bi_lstm/src/rnn.cpp:329]   --->   Operation 141 'getelementptr' 'Weight_fc1_V_2_addr_6' <Predicate = (!exitcond2)> <Delay = 0.00>
ST_4 : Operation 142 [1/1] (0.00ns)   --->   "%Weight_fc1_V_3_addr_3 = getelementptr [700 x i7]* @Weight_fc1_V_3, i64 0, i64 %tmp_54_cast" [bi_lstm/src/rnn.cpp:329]   --->   Operation 142 'getelementptr' 'Weight_fc1_V_3_addr_3' <Predicate = (!exitcond2)> <Delay = 0.00>
ST_4 : Operation 143 [1/1] (0.00ns)   --->   "%Weight_fc1_V_3_addr_6 = getelementptr [700 x i7]* @Weight_fc1_V_3, i64 0, i64 %tmp_58_cast" [bi_lstm/src/rnn.cpp:329]   --->   Operation 143 'getelementptr' 'Weight_fc1_V_3_addr_6' <Predicate = (!exitcond2)> <Delay = 0.00>
ST_4 : Operation 144 [1/1] (0.00ns)   --->   "%Weight_fc1_V_4_addr_3 = getelementptr [700 x i7]* @Weight_fc1_V_4, i64 0, i64 %tmp_54_cast" [bi_lstm/src/rnn.cpp:329]   --->   Operation 144 'getelementptr' 'Weight_fc1_V_4_addr_3' <Predicate = (!exitcond2)> <Delay = 0.00>
ST_4 : Operation 145 [1/1] (0.00ns)   --->   "%Weight_fc1_V_4_addr_6 = getelementptr [700 x i7]* @Weight_fc1_V_4, i64 0, i64 %tmp_58_cast" [bi_lstm/src/rnn.cpp:329]   --->   Operation 145 'getelementptr' 'Weight_fc1_V_4_addr_6' <Predicate = (!exitcond2)> <Delay = 0.00>
ST_4 : Operation 146 [1/1] (0.00ns)   --->   "%Weight_fc1_V_5_addr_3 = getelementptr [700 x i7]* @Weight_fc1_V_5, i64 0, i64 %tmp_54_cast" [bi_lstm/src/rnn.cpp:329]   --->   Operation 146 'getelementptr' 'Weight_fc1_V_5_addr_3' <Predicate = (!exitcond2)> <Delay = 0.00>
ST_4 : Operation 147 [1/1] (0.00ns)   --->   "%Weight_fc1_V_5_addr_6 = getelementptr [700 x i7]* @Weight_fc1_V_5, i64 0, i64 %tmp_58_cast" [bi_lstm/src/rnn.cpp:329]   --->   Operation 147 'getelementptr' 'Weight_fc1_V_5_addr_6' <Predicate = (!exitcond2)> <Delay = 0.00>
ST_4 : Operation 148 [1/1] (0.00ns)   --->   "%Weight_fc1_V_6_addr_3 = getelementptr [700 x i7]* @Weight_fc1_V_6, i64 0, i64 %tmp_54_cast" [bi_lstm/src/rnn.cpp:329]   --->   Operation 148 'getelementptr' 'Weight_fc1_V_6_addr_3' <Predicate = (!exitcond2)> <Delay = 0.00>
ST_4 : Operation 149 [1/1] (0.00ns)   --->   "%Weight_fc1_V_6_addr_6 = getelementptr [700 x i7]* @Weight_fc1_V_6, i64 0, i64 %tmp_58_cast" [bi_lstm/src/rnn.cpp:329]   --->   Operation 149 'getelementptr' 'Weight_fc1_V_6_addr_6' <Predicate = (!exitcond2)> <Delay = 0.00>
ST_4 : Operation 150 [1/1] (0.00ns)   --->   "%Weight_fc1_V_7_addr = getelementptr [100 x i7]* @Weight_fc1_V_7, i64 0, i64 %tmp_12" [bi_lstm/src/rnn.cpp:329]   --->   Operation 150 'getelementptr' 'Weight_fc1_V_7_addr' <Predicate = (!exitcond2)> <Delay = 0.00>
ST_4 : Operation 151 [1/1] (0.00ns)   --->   "%newIndex = call i4 @_ssdm_op_PartSelect.i4.i7.i32.i32(i7 %j, i32 3, i32 6)" [bi_lstm/src/rnn.cpp:326]   --->   Operation 151 'partselect' 'newIndex' <Predicate = (!exitcond2)> <Delay = 0.00>
ST_4 : Operation 152 [1/1] (0.00ns)   --->   "%newIndex3 = zext i4 %newIndex to i64" [bi_lstm/src/rnn.cpp:326]   --->   Operation 152 'zext' 'newIndex3' <Predicate = (!exitcond2)> <Delay = 0.00>
ST_4 : Operation 153 [1/1] (0.00ns)   --->   "%h_t_cat_0_addr = getelementptr [13 x i16]* %h_t_cat_0, i64 0, i64 %newIndex3" [bi_lstm/src/rnn.cpp:326]   --->   Operation 153 'getelementptr' 'h_t_cat_0_addr' <Predicate = (!exitcond2)> <Delay = 0.00>
ST_4 : Operation 154 [1/1] (0.00ns)   --->   "%h_t_cat_1_addr = getelementptr [13 x i16]* %h_t_cat_1, i64 0, i64 %newIndex3" [bi_lstm/src/rnn.cpp:326]   --->   Operation 154 'getelementptr' 'h_t_cat_1_addr' <Predicate = (!exitcond2)> <Delay = 0.00>
ST_4 : Operation 155 [1/1] (0.00ns)   --->   "%h_t_cat_2_addr = getelementptr [13 x i16]* %h_t_cat_2, i64 0, i64 %newIndex3" [bi_lstm/src/rnn.cpp:326]   --->   Operation 155 'getelementptr' 'h_t_cat_2_addr' <Predicate = (!exitcond2)> <Delay = 0.00>
ST_4 : Operation 156 [1/1] (0.00ns)   --->   "%h_t_cat_3_addr = getelementptr [13 x i16]* %h_t_cat_3, i64 0, i64 %newIndex3" [bi_lstm/src/rnn.cpp:326]   --->   Operation 156 'getelementptr' 'h_t_cat_3_addr' <Predicate = (!exitcond2)> <Delay = 0.00>
ST_4 : Operation 157 [1/1] (0.00ns)   --->   "%h_t_cat_4_addr = getelementptr [12 x i16]* %h_t_cat_4, i64 0, i64 %newIndex3" [bi_lstm/src/rnn.cpp:326]   --->   Operation 157 'getelementptr' 'h_t_cat_4_addr' <Predicate = (!exitcond2)> <Delay = 0.00>
ST_4 : Operation 158 [1/1] (0.00ns)   --->   "%h_t_cat_5_addr = getelementptr [12 x i16]* %h_t_cat_5, i64 0, i64 %newIndex3" [bi_lstm/src/rnn.cpp:326]   --->   Operation 158 'getelementptr' 'h_t_cat_5_addr' <Predicate = (!exitcond2)> <Delay = 0.00>
ST_4 : Operation 159 [1/1] (0.00ns)   --->   "%h_t_cat_6_addr = getelementptr [12 x i16]* %h_t_cat_6, i64 0, i64 %newIndex3" [bi_lstm/src/rnn.cpp:326]   --->   Operation 159 'getelementptr' 'h_t_cat_6_addr' <Predicate = (!exitcond2)> <Delay = 0.00>
ST_4 : Operation 160 [1/1] (0.00ns)   --->   "%h_t_cat_7_addr = getelementptr [12 x i16]* %h_t_cat_7, i64 0, i64 %newIndex3" [bi_lstm/src/rnn.cpp:326]   --->   Operation 160 'getelementptr' 'h_t_cat_7_addr' <Predicate = (!exitcond2)> <Delay = 0.00>
ST_4 : Operation 161 [1/1] (0.00ns)   --->   "%tmp_127 = trunc i7 %j to i3" [bi_lstm/src/rnn.cpp:326]   --->   Operation 161 'trunc' 'tmp_127' <Predicate = (!exitcond2)> <Delay = 0.00>
ST_4 : Operation 162 [1/1] (0.97ns)   --->   "switch i3 %tmp_127, label %branch7 [
    i3 0, label %branch0
    i3 1, label %branch1
    i3 2, label %branch2
    i3 3, label %branch3
    i3 -4, label %branch4
    i3 -3, label %branch5
    i3 -2, label %branch6
  ]" [bi_lstm/src/rnn.cpp:326]   --->   Operation 162 'switch' <Predicate = (!exitcond2)> <Delay = 0.97>
ST_4 : Operation 163 [2/2] (1.75ns)   --->   "%h_t_cat_6_load = load i16* %h_t_cat_6_addr, align 2" [bi_lstm/src/rnn.cpp:326]   --->   Operation 163 'load' 'h_t_cat_6_load' <Predicate = (!exitcond2 & tmp_127 == 6)> <Delay = 1.75> <Core = "RAM">   --->   Core 37 'RAM' <Latency = 1> <II = 1> <Delay = 1.75> <Storage> <Opcode : 'load' 'store'> <Ports = 2> <Width = 16> <Depth = 5> <RAM>
ST_4 : Operation 164 [2/2] (1.75ns)   --->   "%h_t_cat_5_load = load i16* %h_t_cat_5_addr, align 2" [bi_lstm/src/rnn.cpp:326]   --->   Operation 164 'load' 'h_t_cat_5_load' <Predicate = (!exitcond2 & tmp_127 == 5)> <Delay = 1.75> <Core = "RAM">   --->   Core 37 'RAM' <Latency = 1> <II = 1> <Delay = 1.75> <Storage> <Opcode : 'load' 'store'> <Ports = 2> <Width = 16> <Depth = 5> <RAM>
ST_4 : Operation 165 [2/2] (1.75ns)   --->   "%h_t_cat_4_load = load i16* %h_t_cat_4_addr, align 2" [bi_lstm/src/rnn.cpp:326]   --->   Operation 165 'load' 'h_t_cat_4_load' <Predicate = (!exitcond2 & tmp_127 == 4)> <Delay = 1.75> <Core = "RAM">   --->   Core 37 'RAM' <Latency = 1> <II = 1> <Delay = 1.75> <Storage> <Opcode : 'load' 'store'> <Ports = 2> <Width = 16> <Depth = 5> <RAM>
ST_4 : Operation 166 [2/2] (1.75ns)   --->   "%h_t_cat_3_load = load i16* %h_t_cat_3_addr, align 2" [bi_lstm/src/rnn.cpp:326]   --->   Operation 166 'load' 'h_t_cat_3_load' <Predicate = (!exitcond2 & tmp_127 == 3)> <Delay = 1.75> <Core = "RAM">   --->   Core 37 'RAM' <Latency = 1> <II = 1> <Delay = 1.75> <Storage> <Opcode : 'load' 'store'> <Ports = 2> <Width = 16> <Depth = 5> <RAM>
ST_4 : Operation 167 [2/2] (1.75ns)   --->   "%h_t_cat_2_load = load i16* %h_t_cat_2_addr, align 2" [bi_lstm/src/rnn.cpp:326]   --->   Operation 167 'load' 'h_t_cat_2_load' <Predicate = (!exitcond2 & tmp_127 == 2)> <Delay = 1.75> <Core = "RAM">   --->   Core 37 'RAM' <Latency = 1> <II = 1> <Delay = 1.75> <Storage> <Opcode : 'load' 'store'> <Ports = 2> <Width = 16> <Depth = 5> <RAM>
ST_4 : Operation 168 [2/2] (1.75ns)   --->   "%h_t_cat_1_load = load i16* %h_t_cat_1_addr, align 2" [bi_lstm/src/rnn.cpp:326]   --->   Operation 168 'load' 'h_t_cat_1_load' <Predicate = (!exitcond2 & tmp_127 == 1)> <Delay = 1.75> <Core = "RAM">   --->   Core 37 'RAM' <Latency = 1> <II = 1> <Delay = 1.75> <Storage> <Opcode : 'load' 'store'> <Ports = 2> <Width = 16> <Depth = 5> <RAM>
ST_4 : Operation 169 [2/2] (1.75ns)   --->   "%h_t_cat_0_load = load i16* %h_t_cat_0_addr, align 2" [bi_lstm/src/rnn.cpp:326]   --->   Operation 169 'load' 'h_t_cat_0_load' <Predicate = (!exitcond2 & tmp_127 == 0)> <Delay = 1.75> <Core = "RAM">   --->   Core 37 'RAM' <Latency = 1> <II = 1> <Delay = 1.75> <Storage> <Opcode : 'load' 'store'> <Ports = 2> <Width = 16> <Depth = 5> <RAM>
ST_4 : Operation 170 [2/2] (1.75ns)   --->   "%h_t_cat_7_load = load i16* %h_t_cat_7_addr, align 2" [bi_lstm/src/rnn.cpp:326]   --->   Operation 170 'load' 'h_t_cat_7_load' <Predicate = (!exitcond2 & tmp_127 == 7)> <Delay = 1.75> <Core = "RAM">   --->   Core 37 'RAM' <Latency = 1> <II = 1> <Delay = 1.75> <Storage> <Opcode : 'load' 'store'> <Ports = 2> <Width = 16> <Depth = 5> <RAM>
ST_4 : Operation 171 [2/2] (1.75ns)   --->   "%fc1_out_0_V_load = load i16* %fc1_out_0_V_addr, align 2" [bi_lstm/src/rnn.cpp:329]   --->   Operation 171 'load' 'fc1_out_0_V_load' <Predicate = (!exitcond2)> <Delay = 1.75> <Core = "RAM">   --->   Core 37 'RAM' <Latency = 1> <II = 1> <Delay = 1.75> <Storage> <Opcode : 'load' 'store'> <Ports = 2> <Width = 16> <Depth = 5> <RAM>
ST_4 : Operation 172 [2/2] (1.75ns)   --->   "%fc1_out_2_V_load = load i16* %fc1_out_2_V_addr, align 2" [bi_lstm/src/rnn.cpp:329]   --->   Operation 172 'load' 'fc1_out_2_V_load' <Predicate = (!exitcond2)> <Delay = 1.75> <Core = "RAM">   --->   Core 37 'RAM' <Latency = 1> <II = 1> <Delay = 1.75> <Storage> <Opcode : 'load' 'store'> <Ports = 2> <Width = 16> <Depth = 5> <RAM>
ST_4 : Operation 173 [2/2] (1.75ns)   --->   "%fc1_out_3_V_load = load i16* %fc1_out_3_V_addr, align 2" [bi_lstm/src/rnn.cpp:329]   --->   Operation 173 'load' 'fc1_out_3_V_load' <Predicate = (!exitcond2)> <Delay = 1.75> <Core = "RAM">   --->   Core 37 'RAM' <Latency = 1> <II = 1> <Delay = 1.75> <Storage> <Opcode : 'load' 'store'> <Ports = 2> <Width = 16> <Depth = 5> <RAM>
ST_4 : Operation 174 [2/2] (2.77ns)   --->   "%Weight_fc1_V_0_load_6 = load i7* %Weight_fc1_V_0_addr_6, align 1" [bi_lstm/src/rnn.cpp:329]   --->   Operation 174 'load' 'Weight_fc1_V_0_load_6' <Predicate = (!exitcond2)> <Delay = 2.77> <Core = "ROM_1P_BRAM">   --->   Core 61 'ROM_1P_BRAM' <Latency = 1> <II = 1> <Delay = 2.77> <Storage> <Opcode : 'load'> <Ports = 1> <Width = 7> <Depth = 100> <ROM>
ST_4 : Operation 175 [2/2] (1.75ns)   --->   "%fc1_out_6_V_load = load i16* %fc1_out_6_V_addr, align 2" [bi_lstm/src/rnn.cpp:329]   --->   Operation 175 'load' 'fc1_out_6_V_load' <Predicate = (!exitcond2)> <Delay = 1.75> <Core = "RAM">   --->   Core 37 'RAM' <Latency = 1> <II = 1> <Delay = 1.75> <Storage> <Opcode : 'load' 'store'> <Ports = 2> <Width = 16> <Depth = 5> <RAM>
ST_4 : Operation 176 [2/2] (1.75ns)   --->   "%fc1_out_9_V_load = load i16* %fc1_out_9_V_addr, align 2" [bi_lstm/src/rnn.cpp:329]   --->   Operation 176 'load' 'fc1_out_9_V_load' <Predicate = (!exitcond2)> <Delay = 1.75> <Core = "RAM">   --->   Core 37 'RAM' <Latency = 1> <II = 1> <Delay = 1.75> <Storage> <Opcode : 'load' 'store'> <Ports = 2> <Width = 16> <Depth = 5> <RAM>
ST_4 : Operation 177 [2/2] (2.77ns)   --->   "%Weight_fc1_V_1_load_6 = load i7* %Weight_fc1_V_1_addr_6, align 1" [bi_lstm/src/rnn.cpp:329]   --->   Operation 177 'load' 'Weight_fc1_V_1_load_6' <Predicate = (!exitcond2)> <Delay = 2.77> <Core = "ROM_1P_BRAM">   --->   Core 61 'ROM_1P_BRAM' <Latency = 1> <II = 1> <Delay = 2.77> <Storage> <Opcode : 'load'> <Ports = 1> <Width = 7> <Depth = 100> <ROM>
ST_4 : Operation 178 [2/2] (2.77ns)   --->   "%Weight_fc1_V_2_load_6 = load i7* %Weight_fc1_V_2_addr_6, align 1" [bi_lstm/src/rnn.cpp:329]   --->   Operation 178 'load' 'Weight_fc1_V_2_load_6' <Predicate = (!exitcond2)> <Delay = 2.77> <Core = "ROM_1P_BRAM">   --->   Core 61 'ROM_1P_BRAM' <Latency = 1> <II = 1> <Delay = 2.77> <Storage> <Opcode : 'load'> <Ports = 1> <Width = 7> <Depth = 100> <ROM>
ST_4 : Operation 179 [2/2] (2.77ns)   --->   "%Weight_fc1_V_3_load_6 = load i7* %Weight_fc1_V_3_addr_6, align 1" [bi_lstm/src/rnn.cpp:329]   --->   Operation 179 'load' 'Weight_fc1_V_3_load_6' <Predicate = (!exitcond2)> <Delay = 2.77> <Core = "ROM_1P_BRAM">   --->   Core 61 'ROM_1P_BRAM' <Latency = 1> <II = 1> <Delay = 2.77> <Storage> <Opcode : 'load'> <Ports = 1> <Width = 7> <Depth = 100> <ROM>
ST_4 : Operation 180 [2/2] (1.75ns)   --->   "%fc1_out_7_V_load_2 = load i16* %fc1_out_7_V_addr_2, align 2" [bi_lstm/src/rnn.cpp:329]   --->   Operation 180 'load' 'fc1_out_7_V_load_2' <Predicate = (!exitcond2)> <Delay = 1.75> <Core = "RAM">   --->   Core 37 'RAM' <Latency = 1> <II = 1> <Delay = 1.75> <Storage> <Opcode : 'load' 'store'> <Ports = 2> <Width = 16> <Depth = 5> <RAM>
ST_4 : Operation 181 [2/2] (1.75ns)   --->   "%fc1_out_8_V_load_2 = load i16* %fc1_out_8_V_addr_2, align 2" [bi_lstm/src/rnn.cpp:329]   --->   Operation 181 'load' 'fc1_out_8_V_load_2' <Predicate = (!exitcond2)> <Delay = 1.75> <Core = "RAM">   --->   Core 37 'RAM' <Latency = 1> <II = 1> <Delay = 1.75> <Storage> <Opcode : 'load' 'store'> <Ports = 2> <Width = 16> <Depth = 5> <RAM>
ST_4 : Operation 182 [2/2] (1.75ns)   --->   "%fc1_out_9_V_load_2 = load i16* %fc1_out_9_V_addr_2, align 2" [bi_lstm/src/rnn.cpp:329]   --->   Operation 182 'load' 'fc1_out_9_V_load_2' <Predicate = (!exitcond2)> <Delay = 1.75> <Core = "RAM">   --->   Core 37 'RAM' <Latency = 1> <II = 1> <Delay = 1.75> <Storage> <Opcode : 'load' 'store'> <Ports = 2> <Width = 16> <Depth = 5> <RAM>
ST_4 : Operation 183 [2/2] (1.75ns)   --->   "%fc1_out_1_V_load_3 = load i16* %fc1_out_1_V_addr_3, align 2" [bi_lstm/src/rnn.cpp:329]   --->   Operation 183 'load' 'fc1_out_1_V_load_3' <Predicate = (!exitcond2)> <Delay = 1.75> <Core = "RAM">   --->   Core 37 'RAM' <Latency = 1> <II = 1> <Delay = 1.75> <Storage> <Opcode : 'load' 'store'> <Ports = 2> <Width = 16> <Depth = 5> <RAM>
ST_4 : Operation 184 [2/2] (2.77ns)   --->   "%Weight_fc1_V_4_load_6 = load i7* %Weight_fc1_V_4_addr_6, align 1" [bi_lstm/src/rnn.cpp:329]   --->   Operation 184 'load' 'Weight_fc1_V_4_load_6' <Predicate = (!exitcond2)> <Delay = 2.77> <Core = "ROM_1P_BRAM">   --->   Core 61 'ROM_1P_BRAM' <Latency = 1> <II = 1> <Delay = 2.77> <Storage> <Opcode : 'load'> <Ports = 1> <Width = 7> <Depth = 100> <ROM>
ST_4 : Operation 185 [2/2] (1.75ns)   --->   "%fc1_out_4_V_load_3 = load i16* %fc1_out_4_V_addr_3, align 2" [bi_lstm/src/rnn.cpp:329]   --->   Operation 185 'load' 'fc1_out_4_V_load_3' <Predicate = (!exitcond2)> <Delay = 1.75> <Core = "RAM">   --->   Core 37 'RAM' <Latency = 1> <II = 1> <Delay = 1.75> <Storage> <Opcode : 'load' 'store'> <Ports = 2> <Width = 16> <Depth = 5> <RAM>
ST_4 : Operation 186 [2/2] (2.77ns)   --->   "%Weight_fc1_V_5_load_3 = load i7* %Weight_fc1_V_5_addr_3, align 1" [bi_lstm/src/rnn.cpp:329]   --->   Operation 186 'load' 'Weight_fc1_V_5_load_3' <Predicate = (!exitcond2)> <Delay = 2.77> <Core = "ROM_1P_BRAM">   --->   Core 61 'ROM_1P_BRAM' <Latency = 1> <II = 1> <Delay = 2.77> <Storage> <Opcode : 'load'> <Ports = 1> <Width = 7> <Depth = 100> <ROM>
ST_4 : Operation 187 [2/2] (1.75ns)   --->   "%fc1_out_0_V_load_4 = load i16* %fc1_out_0_V_addr_4, align 2" [bi_lstm/src/rnn.cpp:329]   --->   Operation 187 'load' 'fc1_out_0_V_load_4' <Predicate = (!exitcond2)> <Delay = 1.75> <Core = "RAM">   --->   Core 37 'RAM' <Latency = 1> <II = 1> <Delay = 1.75> <Storage> <Opcode : 'load' 'store'> <Ports = 2> <Width = 16> <Depth = 5> <RAM>
ST_4 : Operation 188 [2/2] (1.75ns)   --->   "%fc1_out_3_V_load_4 = load i16* %fc1_out_3_V_addr_4, align 2" [bi_lstm/src/rnn.cpp:329]   --->   Operation 188 'load' 'fc1_out_3_V_load_4' <Predicate = (!exitcond2)> <Delay = 1.75> <Core = "RAM">   --->   Core 37 'RAM' <Latency = 1> <II = 1> <Delay = 1.75> <Storage> <Opcode : 'load' 'store'> <Ports = 2> <Width = 16> <Depth = 5> <RAM>
ST_4 : Operation 189 [2/2] (1.75ns)   --->   "%fc1_out_4_V_load_4 = load i16* %fc1_out_4_V_addr_4, align 2" [bi_lstm/src/rnn.cpp:329]   --->   Operation 189 'load' 'fc1_out_4_V_load_4' <Predicate = (!exitcond2)> <Delay = 1.75> <Core = "RAM">   --->   Core 37 'RAM' <Latency = 1> <II = 1> <Delay = 1.75> <Storage> <Opcode : 'load' 'store'> <Ports = 2> <Width = 16> <Depth = 5> <RAM>
ST_4 : Operation 190 [2/2] (1.75ns)   --->   "%fc1_out_5_V_load_4 = load i16* %fc1_out_5_V_addr_4, align 2" [bi_lstm/src/rnn.cpp:329]   --->   Operation 190 'load' 'fc1_out_5_V_load_4' <Predicate = (!exitcond2)> <Delay = 1.75> <Core = "RAM">   --->   Core 37 'RAM' <Latency = 1> <II = 1> <Delay = 1.75> <Storage> <Opcode : 'load' 'store'> <Ports = 2> <Width = 16> <Depth = 5> <RAM>
ST_4 : Operation 191 [2/2] (1.75ns)   --->   "%fc1_out_6_V_load_4 = load i16* %fc1_out_6_V_addr_4, align 2" [bi_lstm/src/rnn.cpp:329]   --->   Operation 191 'load' 'fc1_out_6_V_load_4' <Predicate = (!exitcond2)> <Delay = 1.75> <Core = "RAM">   --->   Core 37 'RAM' <Latency = 1> <II = 1> <Delay = 1.75> <Storage> <Opcode : 'load' 'store'> <Ports = 2> <Width = 16> <Depth = 5> <RAM>
ST_4 : Operation 192 [2/2] (2.77ns)   --->   "%Weight_fc1_V_6_load_6 = load i7* %Weight_fc1_V_6_addr_6, align 1" [bi_lstm/src/rnn.cpp:329]   --->   Operation 192 'load' 'Weight_fc1_V_6_load_6' <Predicate = (!exitcond2)> <Delay = 2.77> <Core = "ROM_1P_BRAM">   --->   Core 61 'ROM_1P_BRAM' <Latency = 1> <II = 1> <Delay = 2.77> <Storage> <Opcode : 'load'> <Ports = 1> <Width = 7> <Depth = 100> <ROM>
ST_4 : Operation 193 [2/2] (1.75ns)   --->   "%fc1_out_8_V_load_4 = load i16* %fc1_out_8_V_addr_4, align 2" [bi_lstm/src/rnn.cpp:329]   --->   Operation 193 'load' 'fc1_out_8_V_load_4' <Predicate = (!exitcond2)> <Delay = 1.75> <Core = "RAM">   --->   Core 37 'RAM' <Latency = 1> <II = 1> <Delay = 1.75> <Storage> <Opcode : 'load' 'store'> <Ports = 2> <Width = 16> <Depth = 5> <RAM>
ST_4 : Operation 194 [2/2] (2.77ns)   --->   "%Weight_fc1_V_7_load = load i7* %Weight_fc1_V_7_addr, align 1" [bi_lstm/src/rnn.cpp:329]   --->   Operation 194 'load' 'Weight_fc1_V_7_load' <Predicate = (!exitcond2)> <Delay = 2.77> <Core = "ROM_1P_BRAM">   --->   Core 61 'ROM_1P_BRAM' <Latency = 1> <II = 1> <Delay = 2.77> <Storage> <Opcode : 'load'> <Ports = 1> <Width = 7> <Depth = 100> <ROM>

State 5 <SV = 4> <Delay = 8.32>
ST_5 : Operation 195 [1/1] (0.00ns)   --->   "%Weight_fc1_V_0_addr = getelementptr [700 x i7]* @Weight_fc1_V_0, i64 0, i64 %tmp_12" [bi_lstm/src/rnn.cpp:329]   --->   Operation 195 'getelementptr' 'Weight_fc1_V_0_addr' <Predicate = (!exitcond2)> <Delay = 0.00>
ST_5 : Operation 196 [1/1] (1.30ns)   --->   "%tmp_52 = add i8 100, %tmp_12_cast645_cast" [bi_lstm/src/rnn.cpp:329]   --->   Operation 196 'add' 'tmp_52' <Predicate = (!exitcond2)> <Delay = 1.30> <Core = "AddSub">   --->   Core 14 'AddSub' <Latency = 0> <II = 1> <Delay = 1.41> <FuncUnit> <Opcode : 'add' 'sub'> <InPorts = 2> <OutPorts = 1>
ST_5 : Operation 197 [1/1] (0.00ns)   --->   "%tmp_52_cast = zext i8 %tmp_52 to i64" [bi_lstm/src/rnn.cpp:329]   --->   Operation 197 'zext' 'tmp_52_cast' <Predicate = (!exitcond2)> <Delay = 0.00>
ST_5 : Operation 198 [1/1] (0.00ns)   --->   "%Weight_fc1_V_0_addr_1 = getelementptr [700 x i7]* @Weight_fc1_V_0, i64 0, i64 %tmp_52_cast" [bi_lstm/src/rnn.cpp:329]   --->   Operation 198 'getelementptr' 'Weight_fc1_V_0_addr_1' <Predicate = (!exitcond2)> <Delay = 0.00>
ST_5 : Operation 199 [1/1] (0.00ns)   --->   "%Weight_fc1_V_1_addr = getelementptr [700 x i7]* @Weight_fc1_V_1, i64 0, i64 %tmp_12" [bi_lstm/src/rnn.cpp:329]   --->   Operation 199 'getelementptr' 'Weight_fc1_V_1_addr' <Predicate = (!exitcond2)> <Delay = 0.00>
ST_5 : Operation 200 [1/1] (0.00ns)   --->   "%Weight_fc1_V_1_addr_1 = getelementptr [700 x i7]* @Weight_fc1_V_1, i64 0, i64 %tmp_52_cast" [bi_lstm/src/rnn.cpp:329]   --->   Operation 200 'getelementptr' 'Weight_fc1_V_1_addr_1' <Predicate = (!exitcond2)> <Delay = 0.00>
ST_5 : Operation 201 [1/1] (0.00ns)   --->   "%Weight_fc1_V_2_addr = getelementptr [700 x i7]* @Weight_fc1_V_2, i64 0, i64 %tmp_12" [bi_lstm/src/rnn.cpp:329]   --->   Operation 201 'getelementptr' 'Weight_fc1_V_2_addr' <Predicate = (!exitcond2)> <Delay = 0.00>
ST_5 : Operation 202 [1/1] (0.00ns)   --->   "%Weight_fc1_V_2_addr_1 = getelementptr [700 x i7]* @Weight_fc1_V_2, i64 0, i64 %tmp_52_cast" [bi_lstm/src/rnn.cpp:329]   --->   Operation 202 'getelementptr' 'Weight_fc1_V_2_addr_1' <Predicate = (!exitcond2)> <Delay = 0.00>
ST_5 : Operation 203 [1/1] (0.00ns)   --->   "%Weight_fc1_V_3_addr = getelementptr [700 x i7]* @Weight_fc1_V_3, i64 0, i64 %tmp_12" [bi_lstm/src/rnn.cpp:329]   --->   Operation 203 'getelementptr' 'Weight_fc1_V_3_addr' <Predicate = (!exitcond2)> <Delay = 0.00>
ST_5 : Operation 204 [1/1] (0.00ns)   --->   "%Weight_fc1_V_3_addr_1 = getelementptr [700 x i7]* @Weight_fc1_V_3, i64 0, i64 %tmp_52_cast" [bi_lstm/src/rnn.cpp:329]   --->   Operation 204 'getelementptr' 'Weight_fc1_V_3_addr_1' <Predicate = (!exitcond2)> <Delay = 0.00>
ST_5 : Operation 205 [1/1] (0.00ns)   --->   "%Weight_fc1_V_4_addr = getelementptr [700 x i7]* @Weight_fc1_V_4, i64 0, i64 %tmp_12" [bi_lstm/src/rnn.cpp:329]   --->   Operation 205 'getelementptr' 'Weight_fc1_V_4_addr' <Predicate = (!exitcond2)> <Delay = 0.00>
ST_5 : Operation 206 [1/1] (0.00ns)   --->   "%Weight_fc1_V_4_addr_1 = getelementptr [700 x i7]* @Weight_fc1_V_4, i64 0, i64 %tmp_52_cast" [bi_lstm/src/rnn.cpp:329]   --->   Operation 206 'getelementptr' 'Weight_fc1_V_4_addr_1' <Predicate = (!exitcond2)> <Delay = 0.00>
ST_5 : Operation 207 [1/1] (0.00ns)   --->   "%Weight_fc1_V_5_addr = getelementptr [700 x i7]* @Weight_fc1_V_5, i64 0, i64 %tmp_12" [bi_lstm/src/rnn.cpp:329]   --->   Operation 207 'getelementptr' 'Weight_fc1_V_5_addr' <Predicate = (!exitcond2)> <Delay = 0.00>
ST_5 : Operation 208 [1/1] (0.00ns)   --->   "%Weight_fc1_V_5_addr_1 = getelementptr [700 x i7]* @Weight_fc1_V_5, i64 0, i64 %tmp_52_cast" [bi_lstm/src/rnn.cpp:329]   --->   Operation 208 'getelementptr' 'Weight_fc1_V_5_addr_1' <Predicate = (!exitcond2)> <Delay = 0.00>
ST_5 : Operation 209 [1/1] (0.00ns)   --->   "%Weight_fc1_V_6_addr = getelementptr [700 x i7]* @Weight_fc1_V_6, i64 0, i64 %tmp_12" [bi_lstm/src/rnn.cpp:329]   --->   Operation 209 'getelementptr' 'Weight_fc1_V_6_addr' <Predicate = (!exitcond2)> <Delay = 0.00>
ST_5 : Operation 210 [1/1] (0.00ns)   --->   "%Weight_fc1_V_6_addr_1 = getelementptr [700 x i7]* @Weight_fc1_V_6, i64 0, i64 %tmp_52_cast" [bi_lstm/src/rnn.cpp:329]   --->   Operation 210 'getelementptr' 'Weight_fc1_V_6_addr_1' <Predicate = (!exitcond2)> <Delay = 0.00>
ST_5 : Operation 211 [1/2] (1.75ns)   --->   "%h_t_cat_6_load = load i16* %h_t_cat_6_addr, align 2" [bi_lstm/src/rnn.cpp:326]   --->   Operation 211 'load' 'h_t_cat_6_load' <Predicate = (!exitcond2 & tmp_127 == 6)> <Delay = 1.75> <Core = "RAM">   --->   Core 37 'RAM' <Latency = 1> <II = 1> <Delay = 1.75> <Storage> <Opcode : 'load' 'store'> <Ports = 2> <Width = 16> <Depth = 5> <RAM>
ST_5 : Operation 212 [1/1] (0.98ns)   --->   "br label %_ZN13ap_fixed_baseILi25ELi7ELb1EL9ap_q_mode5EL9ap_o_mode3ELi0EEC1ILi16ELi5ELb1ELS0_5ELS1_3ELi0EEERKS_IXT_EXT0_EXT1_EXT2_EXT3_EXT4_EE.exit.i.i52.0547" [bi_lstm/src/rnn.cpp:326]   --->   Operation 212 'br' <Predicate = (!exitcond2 & tmp_127 == 6)> <Delay = 0.98>
ST_5 : Operation 213 [1/2] (1.75ns)   --->   "%h_t_cat_5_load = load i16* %h_t_cat_5_addr, align 2" [bi_lstm/src/rnn.cpp:326]   --->   Operation 213 'load' 'h_t_cat_5_load' <Predicate = (!exitcond2 & tmp_127 == 5)> <Delay = 1.75> <Core = "RAM">   --->   Core 37 'RAM' <Latency = 1> <II = 1> <Delay = 1.75> <Storage> <Opcode : 'load' 'store'> <Ports = 2> <Width = 16> <Depth = 5> <RAM>
ST_5 : Operation 214 [1/1] (0.98ns)   --->   "br label %_ZN13ap_fixed_baseILi25ELi7ELb1EL9ap_q_mode5EL9ap_o_mode3ELi0EEC1ILi16ELi5ELb1ELS0_5ELS1_3ELi0EEERKS_IXT_EXT0_EXT1_EXT2_EXT3_EXT4_EE.exit.i.i52.0547" [bi_lstm/src/rnn.cpp:326]   --->   Operation 214 'br' <Predicate = (!exitcond2 & tmp_127 == 5)> <Delay = 0.98>
ST_5 : Operation 215 [1/2] (1.75ns)   --->   "%h_t_cat_4_load = load i16* %h_t_cat_4_addr, align 2" [bi_lstm/src/rnn.cpp:326]   --->   Operation 215 'load' 'h_t_cat_4_load' <Predicate = (!exitcond2 & tmp_127 == 4)> <Delay = 1.75> <Core = "RAM">   --->   Core 37 'RAM' <Latency = 1> <II = 1> <Delay = 1.75> <Storage> <Opcode : 'load' 'store'> <Ports = 2> <Width = 16> <Depth = 5> <RAM>
ST_5 : Operation 216 [1/1] (0.98ns)   --->   "br label %_ZN13ap_fixed_baseILi25ELi7ELb1EL9ap_q_mode5EL9ap_o_mode3ELi0EEC1ILi16ELi5ELb1ELS0_5ELS1_3ELi0EEERKS_IXT_EXT0_EXT1_EXT2_EXT3_EXT4_EE.exit.i.i52.0547" [bi_lstm/src/rnn.cpp:326]   --->   Operation 216 'br' <Predicate = (!exitcond2 & tmp_127 == 4)> <Delay = 0.98>
ST_5 : Operation 217 [1/2] (1.75ns)   --->   "%h_t_cat_3_load = load i16* %h_t_cat_3_addr, align 2" [bi_lstm/src/rnn.cpp:326]   --->   Operation 217 'load' 'h_t_cat_3_load' <Predicate = (!exitcond2 & tmp_127 == 3)> <Delay = 1.75> <Core = "RAM">   --->   Core 37 'RAM' <Latency = 1> <II = 1> <Delay = 1.75> <Storage> <Opcode : 'load' 'store'> <Ports = 2> <Width = 16> <Depth = 5> <RAM>
ST_5 : Operation 218 [1/1] (0.98ns)   --->   "br label %_ZN13ap_fixed_baseILi25ELi7ELb1EL9ap_q_mode5EL9ap_o_mode3ELi0EEC1ILi16ELi5ELb1ELS0_5ELS1_3ELi0EEERKS_IXT_EXT0_EXT1_EXT2_EXT3_EXT4_EE.exit.i.i52.0547" [bi_lstm/src/rnn.cpp:326]   --->   Operation 218 'br' <Predicate = (!exitcond2 & tmp_127 == 3)> <Delay = 0.98>
ST_5 : Operation 219 [1/2] (1.75ns)   --->   "%h_t_cat_2_load = load i16* %h_t_cat_2_addr, align 2" [bi_lstm/src/rnn.cpp:326]   --->   Operation 219 'load' 'h_t_cat_2_load' <Predicate = (!exitcond2 & tmp_127 == 2)> <Delay = 1.75> <Core = "RAM">   --->   Core 37 'RAM' <Latency = 1> <II = 1> <Delay = 1.75> <Storage> <Opcode : 'load' 'store'> <Ports = 2> <Width = 16> <Depth = 5> <RAM>
ST_5 : Operation 220 [1/1] (0.98ns)   --->   "br label %_ZN13ap_fixed_baseILi25ELi7ELb1EL9ap_q_mode5EL9ap_o_mode3ELi0EEC1ILi16ELi5ELb1ELS0_5ELS1_3ELi0EEERKS_IXT_EXT0_EXT1_EXT2_EXT3_EXT4_EE.exit.i.i52.0547" [bi_lstm/src/rnn.cpp:326]   --->   Operation 220 'br' <Predicate = (!exitcond2 & tmp_127 == 2)> <Delay = 0.98>
ST_5 : Operation 221 [1/2] (1.75ns)   --->   "%h_t_cat_1_load = load i16* %h_t_cat_1_addr, align 2" [bi_lstm/src/rnn.cpp:326]   --->   Operation 221 'load' 'h_t_cat_1_load' <Predicate = (!exitcond2 & tmp_127 == 1)> <Delay = 1.75> <Core = "RAM">   --->   Core 37 'RAM' <Latency = 1> <II = 1> <Delay = 1.75> <Storage> <Opcode : 'load' 'store'> <Ports = 2> <Width = 16> <Depth = 5> <RAM>
ST_5 : Operation 222 [1/1] (0.98ns)   --->   "br label %_ZN13ap_fixed_baseILi25ELi7ELb1EL9ap_q_mode5EL9ap_o_mode3ELi0EEC1ILi16ELi5ELb1ELS0_5ELS1_3ELi0EEERKS_IXT_EXT0_EXT1_EXT2_EXT3_EXT4_EE.exit.i.i52.0547" [bi_lstm/src/rnn.cpp:326]   --->   Operation 222 'br' <Predicate = (!exitcond2 & tmp_127 == 1)> <Delay = 0.98>
ST_5 : Operation 223 [1/2] (1.75ns)   --->   "%h_t_cat_0_load = load i16* %h_t_cat_0_addr, align 2" [bi_lstm/src/rnn.cpp:326]   --->   Operation 223 'load' 'h_t_cat_0_load' <Predicate = (!exitcond2 & tmp_127 == 0)> <Delay = 1.75> <Core = "RAM">   --->   Core 37 'RAM' <Latency = 1> <II = 1> <Delay = 1.75> <Storage> <Opcode : 'load' 'store'> <Ports = 2> <Width = 16> <Depth = 5> <RAM>
ST_5 : Operation 224 [1/1] (0.98ns)   --->   "br label %_ZN13ap_fixed_baseILi25ELi7ELb1EL9ap_q_mode5EL9ap_o_mode3ELi0EEC1ILi16ELi5ELb1ELS0_5ELS1_3ELi0EEERKS_IXT_EXT0_EXT1_EXT2_EXT3_EXT4_EE.exit.i.i52.0547" [bi_lstm/src/rnn.cpp:326]   --->   Operation 224 'br' <Predicate = (!exitcond2 & tmp_127 == 0)> <Delay = 0.98>
ST_5 : Operation 225 [1/2] (1.75ns)   --->   "%h_t_cat_7_load = load i16* %h_t_cat_7_addr, align 2" [bi_lstm/src/rnn.cpp:326]   --->   Operation 225 'load' 'h_t_cat_7_load' <Predicate = (!exitcond2 & tmp_127 == 7)> <Delay = 1.75> <Core = "RAM">   --->   Core 37 'RAM' <Latency = 1> <II = 1> <Delay = 1.75> <Storage> <Opcode : 'load' 'store'> <Ports = 2> <Width = 16> <Depth = 5> <RAM>
ST_5 : Operation 226 [1/1] (0.98ns)   --->   "br label %_ZN13ap_fixed_baseILi25ELi7ELb1EL9ap_q_mode5EL9ap_o_mode3ELi0EEC1ILi16ELi5ELb1ELS0_5ELS1_3ELi0EEERKS_IXT_EXT0_EXT1_EXT2_EXT3_EXT4_EE.exit.i.i52.0547" [bi_lstm/src/rnn.cpp:326]   --->   Operation 226 'br' <Predicate = (!exitcond2 & tmp_127 == 7)> <Delay = 0.98>
ST_5 : Operation 227 [1/1] (0.00ns)   --->   "%h_t_all_V = phi i16 [ %h_t_cat_0_load, %branch0 ], [ %h_t_cat_1_load, %branch1 ], [ %h_t_cat_2_load, %branch2 ], [ %h_t_cat_3_load, %branch3 ], [ %h_t_cat_4_load, %branch4 ], [ %h_t_cat_5_load, %branch5 ], [ %h_t_cat_6_load, %branch6 ], [ %h_t_cat_7_load, %branch7 ]" [bi_lstm/src/rnn.cpp:326]   --->   Operation 227 'phi' 'h_t_all_V' <Predicate = (!exitcond2)> <Delay = 0.00>
ST_5 : Operation 228 [1/1] (0.00ns)   --->   "%tmp = sext i16 %h_t_all_V to i23" [bi_lstm/src/rnn.cpp:329]   --->   Operation 228 'sext' 'tmp' <Predicate = (!exitcond2)> <Delay = 0.00>
ST_5 : Operation 229 [2/2] (2.77ns)   --->   "%Weight_fc1_V_0_load = load i7* %Weight_fc1_V_0_addr, align 1" [bi_lstm/src/rnn.cpp:329]   --->   Operation 229 'load' 'Weight_fc1_V_0_load' <Predicate = (!exitcond2)> <Delay = 2.77> <Core = "ROM_1P_BRAM">   --->   Core 61 'ROM_1P_BRAM' <Latency = 1> <II = 1> <Delay = 2.77> <Storage> <Opcode : 'load'> <Ports = 1> <Width = 7> <Depth = 100> <ROM>
ST_5 : Operation 230 [1/2] (1.75ns)   --->   "%fc1_out_0_V_load = load i16* %fc1_out_0_V_addr, align 2" [bi_lstm/src/rnn.cpp:329]   --->   Operation 230 'load' 'fc1_out_0_V_load' <Predicate = (!exitcond2)> <Delay = 1.75> <Core = "RAM">   --->   Core 37 'RAM' <Latency = 1> <II = 1> <Delay = 1.75> <Storage> <Opcode : 'load' 'store'> <Ports = 2> <Width = 16> <Depth = 5> <RAM>
ST_5 : Operation 231 [2/2] (1.75ns)   --->   "%fc1_out_1_V_load = load i16* %fc1_out_1_V_addr, align 2" [bi_lstm/src/rnn.cpp:329]   --->   Operation 231 'load' 'fc1_out_1_V_load' <Predicate = (!exitcond2)> <Delay = 1.75> <Core = "RAM">   --->   Core 37 'RAM' <Latency = 1> <II = 1> <Delay = 1.75> <Storage> <Opcode : 'load' 'store'> <Ports = 2> <Width = 16> <Depth = 5> <RAM>
ST_5 : Operation 232 [1/2] (1.75ns)   --->   "%fc1_out_2_V_load = load i16* %fc1_out_2_V_addr, align 2" [bi_lstm/src/rnn.cpp:329]   --->   Operation 232 'load' 'fc1_out_2_V_load' <Predicate = (!exitcond2)> <Delay = 1.75> <Core = "RAM">   --->   Core 37 'RAM' <Latency = 1> <II = 1> <Delay = 1.75> <Storage> <Opcode : 'load' 'store'> <Ports = 2> <Width = 16> <Depth = 5> <RAM>
ST_5 : Operation 233 [1/2] (1.75ns)   --->   "%fc1_out_3_V_load = load i16* %fc1_out_3_V_addr, align 2" [bi_lstm/src/rnn.cpp:329]   --->   Operation 233 'load' 'fc1_out_3_V_load' <Predicate = (!exitcond2)> <Delay = 1.75> <Core = "RAM">   --->   Core 37 'RAM' <Latency = 1> <II = 1> <Delay = 1.75> <Storage> <Opcode : 'load' 'store'> <Ports = 2> <Width = 16> <Depth = 5> <RAM>
ST_5 : Operation 234 [1/2] (2.77ns)   --->   "%Weight_fc1_V_0_load_6 = load i7* %Weight_fc1_V_0_addr_6, align 1" [bi_lstm/src/rnn.cpp:329]   --->   Operation 234 'load' 'Weight_fc1_V_0_load_6' <Predicate = (!exitcond2)> <Delay = 2.77> <Core = "ROM_1P_BRAM">   --->   Core 61 'ROM_1P_BRAM' <Latency = 1> <II = 1> <Delay = 2.77> <Storage> <Opcode : 'load'> <Ports = 1> <Width = 7> <Depth = 100> <ROM>
ST_5 : Operation 235 [1/1] (0.00ns)   --->   "%tmp_7 = sext i7 %Weight_fc1_V_0_load_6 to i23" [bi_lstm/src/rnn.cpp:329]   --->   Operation 235 'sext' 'tmp_7' <Predicate = (!exitcond2)> <Delay = 0.00>
ST_5 : Operation 236 [1/1] (2.82ns) (grouped into DSP with root node ret_V_6)   --->   "%rhs_V31_6_cast = mul i23 %tmp_7, %tmp" [bi_lstm/src/rnn.cpp:329]   --->   Operation 236 'mul' 'rhs_V31_6_cast' <Predicate = (!exitcond2)> <Delay = 2.82> <Core = "DSP48">   --->   Core 65 'DSP48' <Latency = 0> <II = 1> <Delay = 5.55> <IPBlock> <Opcode : 'mul' 'add' 'sub' 'select'> <InPorts = 0> <OutPorts = 1> <Sync> <CReg>
ST_5 : Operation 237 [1/2] (1.75ns)   --->   "%fc1_out_6_V_load = load i16* %fc1_out_6_V_addr, align 2" [bi_lstm/src/rnn.cpp:329]   --->   Operation 237 'load' 'fc1_out_6_V_load' <Predicate = (!exitcond2)> <Delay = 1.75> <Core = "RAM">   --->   Core 37 'RAM' <Latency = 1> <II = 1> <Delay = 1.75> <Storage> <Opcode : 'load' 'store'> <Ports = 2> <Width = 16> <Depth = 5> <RAM>
ST_5 : Operation 238 [1/1] (0.00ns)   --->   "%lhs_V_1_6 = call i23 @_ssdm_op_BitConcatenate.i23.i16.i7(i16 %fc1_out_6_V_load, i7 0)" [bi_lstm/src/rnn.cpp:329]   --->   Operation 238 'bitconcatenate' 'lhs_V_1_6' <Predicate = (!exitcond2)> <Delay = 0.00>
ST_5 : Operation 239 [1/1] (2.73ns) (root node of the DSP)   --->   "%ret_V_6 = add i23 %lhs_V_1_6, %rhs_V31_6_cast" [bi_lstm/src/rnn.cpp:329]   --->   Operation 239 'add' 'ret_V_6' <Predicate = (!exitcond2)> <Delay = 2.73> <Core = "DSP48">   --->   Core 65 'DSP48' <Latency = 0> <II = 1> <Delay = 5.55> <IPBlock> <Opcode : 'mul' 'add' 'sub' 'select'> <InPorts = 0> <OutPorts = 1> <Sync> <CReg>
ST_5 : Operation 240 [1/1] (0.00ns)   --->   "%tmp_55_6 = call i16 @_ssdm_op_PartSelect.i16.i23.i32.i32(i23 %ret_V_6, i32 7, i32 22)" [bi_lstm/src/rnn.cpp:329]   --->   Operation 240 'partselect' 'tmp_55_6' <Predicate = (!exitcond2)> <Delay = 0.00>
ST_5 : Operation 241 [2/2] (2.77ns)   --->   "%Weight_fc1_V_1_load = load i7* %Weight_fc1_V_1_addr, align 1" [bi_lstm/src/rnn.cpp:329]   --->   Operation 241 'load' 'Weight_fc1_V_1_load' <Predicate = (!exitcond2)> <Delay = 2.77> <Core = "ROM_1P_BRAM">   --->   Core 61 'ROM_1P_BRAM' <Latency = 1> <II = 1> <Delay = 2.77> <Storage> <Opcode : 'load'> <Ports = 1> <Width = 7> <Depth = 100> <ROM>
ST_5 : Operation 242 [1/2] (1.75ns)   --->   "%fc1_out_9_V_load = load i16* %fc1_out_9_V_addr, align 2" [bi_lstm/src/rnn.cpp:329]   --->   Operation 242 'load' 'fc1_out_9_V_load' <Predicate = (!exitcond2)> <Delay = 1.75> <Core = "RAM">   --->   Core 37 'RAM' <Latency = 1> <II = 1> <Delay = 1.75> <Storage> <Opcode : 'load' 'store'> <Ports = 2> <Width = 16> <Depth = 5> <RAM>
ST_5 : Operation 243 [2/2] (1.75ns)   --->   "%fc1_out_0_V_load_1 = load i16* %fc1_out_0_V_addr_1, align 2" [bi_lstm/src/rnn.cpp:329]   --->   Operation 243 'load' 'fc1_out_0_V_load_1' <Predicate = (!exitcond2)> <Delay = 1.75> <Core = "RAM">   --->   Core 37 'RAM' <Latency = 1> <II = 1> <Delay = 1.75> <Storage> <Opcode : 'load' 'store'> <Ports = 2> <Width = 16> <Depth = 5> <RAM>
ST_5 : Operation 244 [2/2] (1.75ns)   --->   "%fc1_out_1_V_load_1 = load i16* %fc1_out_1_V_addr_1, align 2" [bi_lstm/src/rnn.cpp:329]   --->   Operation 244 'load' 'fc1_out_1_V_load_1' <Predicate = (!exitcond2)> <Delay = 1.75> <Core = "RAM">   --->   Core 37 'RAM' <Latency = 1> <II = 1> <Delay = 1.75> <Storage> <Opcode : 'load' 'store'> <Ports = 2> <Width = 16> <Depth = 5> <RAM>
ST_5 : Operation 245 [1/2] (2.77ns)   --->   "%Weight_fc1_V_1_load_6 = load i7* %Weight_fc1_V_1_addr_6, align 1" [bi_lstm/src/rnn.cpp:329]   --->   Operation 245 'load' 'Weight_fc1_V_1_load_6' <Predicate = (!exitcond2)> <Delay = 2.77> <Core = "ROM_1P_BRAM">   --->   Core 61 'ROM_1P_BRAM' <Latency = 1> <II = 1> <Delay = 2.77> <Storage> <Opcode : 'load'> <Ports = 1> <Width = 7> <Depth = 100> <ROM>
ST_5 : Operation 246 [2/2] (1.75ns)   --->   "%fc1_out_3_V_load_1 = load i16* %fc1_out_3_V_addr_1, align 2" [bi_lstm/src/rnn.cpp:329]   --->   Operation 246 'load' 'fc1_out_3_V_load_1' <Predicate = (!exitcond2)> <Delay = 1.75> <Core = "RAM">   --->   Core 37 'RAM' <Latency = 1> <II = 1> <Delay = 1.75> <Storage> <Opcode : 'load' 'store'> <Ports = 2> <Width = 16> <Depth = 5> <RAM>
ST_5 : Operation 247 [2/2] (2.77ns)   --->   "%Weight_fc1_V_2_load = load i7* %Weight_fc1_V_2_addr, align 1" [bi_lstm/src/rnn.cpp:329]   --->   Operation 247 'load' 'Weight_fc1_V_2_load' <Predicate = (!exitcond2)> <Delay = 2.77> <Core = "ROM_1P_BRAM">   --->   Core 61 'ROM_1P_BRAM' <Latency = 1> <II = 1> <Delay = 2.77> <Storage> <Opcode : 'load'> <Ports = 1> <Width = 7> <Depth = 100> <ROM>
ST_5 : Operation 248 [2/2] (1.75ns)   --->   "%fc1_out_4_V_load_1 = load i16* %fc1_out_4_V_addr_1, align 2" [bi_lstm/src/rnn.cpp:329]   --->   Operation 248 'load' 'fc1_out_4_V_load_1' <Predicate = (!exitcond2)> <Delay = 1.75> <Core = "RAM">   --->   Core 37 'RAM' <Latency = 1> <II = 1> <Delay = 1.75> <Storage> <Opcode : 'load' 'store'> <Ports = 2> <Width = 16> <Depth = 5> <RAM>
ST_5 : Operation 249 [2/2] (1.75ns)   --->   "%fc1_out_5_V_load_1 = load i16* %fc1_out_5_V_addr_1, align 2" [bi_lstm/src/rnn.cpp:329]   --->   Operation 249 'load' 'fc1_out_5_V_load_1' <Predicate = (!exitcond2)> <Delay = 1.75> <Core = "RAM">   --->   Core 37 'RAM' <Latency = 1> <II = 1> <Delay = 1.75> <Storage> <Opcode : 'load' 'store'> <Ports = 2> <Width = 16> <Depth = 5> <RAM>
ST_5 : Operation 250 [2/2] (1.75ns)   --->   "%fc1_out_6_V_load_1 = load i16* %fc1_out_6_V_addr_1, align 2" [bi_lstm/src/rnn.cpp:329]   --->   Operation 250 'load' 'fc1_out_6_V_load_1' <Predicate = (!exitcond2)> <Delay = 1.75> <Core = "RAM">   --->   Core 37 'RAM' <Latency = 1> <II = 1> <Delay = 1.75> <Storage> <Opcode : 'load' 'store'> <Ports = 2> <Width = 16> <Depth = 5> <RAM>
ST_5 : Operation 251 [1/2] (2.77ns)   --->   "%Weight_fc1_V_2_load_6 = load i7* %Weight_fc1_V_2_addr_6, align 1" [bi_lstm/src/rnn.cpp:329]   --->   Operation 251 'load' 'Weight_fc1_V_2_load_6' <Predicate = (!exitcond2)> <Delay = 2.77> <Core = "ROM_1P_BRAM">   --->   Core 61 'ROM_1P_BRAM' <Latency = 1> <II = 1> <Delay = 2.77> <Storage> <Opcode : 'load'> <Ports = 1> <Width = 7> <Depth = 100> <ROM>
ST_5 : Operation 252 [2/2] (1.75ns)   --->   "%fc1_out_0_V_load_2 = load i16* %fc1_out_0_V_addr_2, align 2" [bi_lstm/src/rnn.cpp:329]   --->   Operation 252 'load' 'fc1_out_0_V_load_2' <Predicate = (!exitcond2)> <Delay = 1.75> <Core = "RAM">   --->   Core 37 'RAM' <Latency = 1> <II = 1> <Delay = 1.75> <Storage> <Opcode : 'load' 'store'> <Ports = 2> <Width = 16> <Depth = 5> <RAM>
ST_5 : Operation 253 [2/2] (2.77ns)   --->   "%Weight_fc1_V_3_load = load i7* %Weight_fc1_V_3_addr, align 1" [bi_lstm/src/rnn.cpp:329]   --->   Operation 253 'load' 'Weight_fc1_V_3_load' <Predicate = (!exitcond2)> <Delay = 2.77> <Core = "ROM_1P_BRAM">   --->   Core 61 'ROM_1P_BRAM' <Latency = 1> <II = 1> <Delay = 2.77> <Storage> <Opcode : 'load'> <Ports = 1> <Width = 7> <Depth = 100> <ROM>
ST_5 : Operation 254 [1/2] (2.77ns)   --->   "%Weight_fc1_V_3_load_6 = load i7* %Weight_fc1_V_3_addr_6, align 1" [bi_lstm/src/rnn.cpp:329]   --->   Operation 254 'load' 'Weight_fc1_V_3_load_6' <Predicate = (!exitcond2)> <Delay = 2.77> <Core = "ROM_1P_BRAM">   --->   Core 61 'ROM_1P_BRAM' <Latency = 1> <II = 1> <Delay = 2.77> <Storage> <Opcode : 'load'> <Ports = 1> <Width = 7> <Depth = 100> <ROM>
ST_5 : Operation 255 [1/1] (0.00ns)   --->   "%tmp_29 = sext i7 %Weight_fc1_V_3_load_6 to i23" [bi_lstm/src/rnn.cpp:329]   --->   Operation 255 'sext' 'tmp_29' <Predicate = (!exitcond2)> <Delay = 0.00>
ST_5 : Operation 256 [1/1] (2.82ns) (grouped into DSP with root node ret_V_26)   --->   "%rhs_V31_26_cast = mul i23 %tmp_29, %tmp" [bi_lstm/src/rnn.cpp:329]   --->   Operation 256 'mul' 'rhs_V31_26_cast' <Predicate = (!exitcond2)> <Delay = 2.82> <Core = "DSP48">   --->   Core 65 'DSP48' <Latency = 0> <II = 1> <Delay = 5.55> <IPBlock> <Opcode : 'mul' 'add' 'sub' 'select'> <InPorts = 0> <OutPorts = 1> <Sync> <CReg>
ST_5 : Operation 257 [1/2] (1.75ns)   --->   "%fc1_out_7_V_load_2 = load i16* %fc1_out_7_V_addr_2, align 2" [bi_lstm/src/rnn.cpp:329]   --->   Operation 257 'load' 'fc1_out_7_V_load_2' <Predicate = (!exitcond2)> <Delay = 1.75> <Core = "RAM">   --->   Core 37 'RAM' <Latency = 1> <II = 1> <Delay = 1.75> <Storage> <Opcode : 'load' 'store'> <Ports = 2> <Width = 16> <Depth = 5> <RAM>
ST_5 : Operation 258 [1/1] (0.00ns)   --->   "%lhs_V_1_26 = call i23 @_ssdm_op_BitConcatenate.i23.i16.i7(i16 %fc1_out_7_V_load_2, i7 0)" [bi_lstm/src/rnn.cpp:329]   --->   Operation 258 'bitconcatenate' 'lhs_V_1_26' <Predicate = (!exitcond2)> <Delay = 0.00>
ST_5 : Operation 259 [1/1] (2.73ns) (root node of the DSP)   --->   "%ret_V_26 = add i23 %lhs_V_1_26, %rhs_V31_26_cast" [bi_lstm/src/rnn.cpp:329]   --->   Operation 259 'add' 'ret_V_26' <Predicate = (!exitcond2)> <Delay = 2.73> <Core = "DSP48">   --->   Core 65 'DSP48' <Latency = 0> <II = 1> <Delay = 5.55> <IPBlock> <Opcode : 'mul' 'add' 'sub' 'select'> <InPorts = 0> <OutPorts = 1> <Sync> <CReg>
ST_5 : Operation 260 [1/1] (0.00ns)   --->   "%tmp_55_26 = call i16 @_ssdm_op_PartSelect.i16.i23.i32.i32(i23 %ret_V_26, i32 7, i32 22)" [bi_lstm/src/rnn.cpp:329]   --->   Operation 260 'partselect' 'tmp_55_26' <Predicate = (!exitcond2)> <Delay = 0.00>
ST_5 : Operation 261 [2/2] (2.77ns)   --->   "%Weight_fc1_V_4_load = load i7* %Weight_fc1_V_4_addr, align 1" [bi_lstm/src/rnn.cpp:329]   --->   Operation 261 'load' 'Weight_fc1_V_4_load' <Predicate = (!exitcond2)> <Delay = 2.77> <Core = "ROM_1P_BRAM">   --->   Core 61 'ROM_1P_BRAM' <Latency = 1> <II = 1> <Delay = 2.77> <Storage> <Opcode : 'load'> <Ports = 1> <Width = 7> <Depth = 100> <ROM>
ST_5 : Operation 262 [1/2] (1.75ns)   --->   "%fc1_out_8_V_load_2 = load i16* %fc1_out_8_V_addr_2, align 2" [bi_lstm/src/rnn.cpp:329]   --->   Operation 262 'load' 'fc1_out_8_V_load_2' <Predicate = (!exitcond2)> <Delay = 1.75> <Core = "RAM">   --->   Core 37 'RAM' <Latency = 1> <II = 1> <Delay = 1.75> <Storage> <Opcode : 'load' 'store'> <Ports = 2> <Width = 16> <Depth = 5> <RAM>
ST_5 : Operation 263 [1/2] (1.75ns)   --->   "%fc1_out_9_V_load_2 = load i16* %fc1_out_9_V_addr_2, align 2" [bi_lstm/src/rnn.cpp:329]   --->   Operation 263 'load' 'fc1_out_9_V_load_2' <Predicate = (!exitcond2)> <Delay = 1.75> <Core = "RAM">   --->   Core 37 'RAM' <Latency = 1> <II = 1> <Delay = 1.75> <Storage> <Opcode : 'load' 'store'> <Ports = 2> <Width = 16> <Depth = 5> <RAM>
ST_5 : Operation 264 [1/2] (1.75ns)   --->   "%fc1_out_1_V_load_3 = load i16* %fc1_out_1_V_addr_3, align 2" [bi_lstm/src/rnn.cpp:329]   --->   Operation 264 'load' 'fc1_out_1_V_load_3' <Predicate = (!exitcond2)> <Delay = 1.75> <Core = "RAM">   --->   Core 37 'RAM' <Latency = 1> <II = 1> <Delay = 1.75> <Storage> <Opcode : 'load' 'store'> <Ports = 2> <Width = 16> <Depth = 5> <RAM>
ST_5 : Operation 265 [1/2] (2.77ns)   --->   "%Weight_fc1_V_4_load_6 = load i7* %Weight_fc1_V_4_addr_6, align 1" [bi_lstm/src/rnn.cpp:329]   --->   Operation 265 'load' 'Weight_fc1_V_4_load_6' <Predicate = (!exitcond2)> <Delay = 2.77> <Core = "ROM_1P_BRAM">   --->   Core 61 'ROM_1P_BRAM' <Latency = 1> <II = 1> <Delay = 2.77> <Storage> <Opcode : 'load'> <Ports = 1> <Width = 7> <Depth = 100> <ROM>
ST_5 : Operation 266 [1/1] (0.00ns)   --->   "%tmp_36 = sext i7 %Weight_fc1_V_4_load_6 to i23" [bi_lstm/src/rnn.cpp:329]   --->   Operation 266 'sext' 'tmp_36' <Predicate = (!exitcond2)> <Delay = 0.00>
ST_5 : Operation 267 [1/1] (2.82ns) (grouped into DSP with root node ret_V_33)   --->   "%rhs_V31_33_cast = mul i23 %tmp_36, %tmp" [bi_lstm/src/rnn.cpp:329]   --->   Operation 267 'mul' 'rhs_V31_33_cast' <Predicate = (!exitcond2)> <Delay = 2.82> <Core = "DSP48">   --->   Core 65 'DSP48' <Latency = 0> <II = 1> <Delay = 5.55> <IPBlock> <Opcode : 'mul' 'add' 'sub' 'select'> <InPorts = 0> <OutPorts = 1> <Sync> <CReg>
ST_5 : Operation 268 [1/2] (1.75ns)   --->   "%fc1_out_4_V_load_3 = load i16* %fc1_out_4_V_addr_3, align 2" [bi_lstm/src/rnn.cpp:329]   --->   Operation 268 'load' 'fc1_out_4_V_load_3' <Predicate = (!exitcond2)> <Delay = 1.75> <Core = "RAM">   --->   Core 37 'RAM' <Latency = 1> <II = 1> <Delay = 1.75> <Storage> <Opcode : 'load' 'store'> <Ports = 2> <Width = 16> <Depth = 5> <RAM>
ST_5 : Operation 269 [1/1] (0.00ns)   --->   "%lhs_V_1_33 = call i23 @_ssdm_op_BitConcatenate.i23.i16.i7(i16 %fc1_out_4_V_load_3, i7 0)" [bi_lstm/src/rnn.cpp:329]   --->   Operation 269 'bitconcatenate' 'lhs_V_1_33' <Predicate = (!exitcond2)> <Delay = 0.00>
ST_5 : Operation 270 [1/1] (2.73ns) (root node of the DSP)   --->   "%ret_V_33 = add i23 %lhs_V_1_33, %rhs_V31_33_cast" [bi_lstm/src/rnn.cpp:329]   --->   Operation 270 'add' 'ret_V_33' <Predicate = (!exitcond2)> <Delay = 2.73> <Core = "DSP48">   --->   Core 65 'DSP48' <Latency = 0> <II = 1> <Delay = 5.55> <IPBlock> <Opcode : 'mul' 'add' 'sub' 'select'> <InPorts = 0> <OutPorts = 1> <Sync> <CReg>
ST_5 : Operation 271 [1/1] (0.00ns)   --->   "%tmp_55_33 = call i16 @_ssdm_op_PartSelect.i16.i23.i32.i32(i23 %ret_V_33, i32 7, i32 22)" [bi_lstm/src/rnn.cpp:329]   --->   Operation 271 'partselect' 'tmp_55_33' <Predicate = (!exitcond2)> <Delay = 0.00>
ST_5 : Operation 272 [1/2] (2.77ns)   --->   "%Weight_fc1_V_5_load_3 = load i7* %Weight_fc1_V_5_addr_3, align 1" [bi_lstm/src/rnn.cpp:329]   --->   Operation 272 'load' 'Weight_fc1_V_5_load_3' <Predicate = (!exitcond2)> <Delay = 2.77> <Core = "ROM_1P_BRAM">   --->   Core 61 'ROM_1P_BRAM' <Latency = 1> <II = 1> <Delay = 2.77> <Storage> <Opcode : 'load'> <Ports = 1> <Width = 7> <Depth = 100> <ROM>
ST_5 : Operation 273 [2/2] (1.75ns)   --->   "%fc1_out_8_V_load_3 = load i16* %fc1_out_8_V_addr_3, align 2" [bi_lstm/src/rnn.cpp:329]   --->   Operation 273 'load' 'fc1_out_8_V_load_3' <Predicate = (!exitcond2)> <Delay = 1.75> <Core = "RAM">   --->   Core 37 'RAM' <Latency = 1> <II = 1> <Delay = 1.75> <Storage> <Opcode : 'load' 'store'> <Ports = 2> <Width = 16> <Depth = 5> <RAM>
ST_5 : Operation 274 [1/2] (1.75ns)   --->   "%fc1_out_0_V_load_4 = load i16* %fc1_out_0_V_addr_4, align 2" [bi_lstm/src/rnn.cpp:329]   --->   Operation 274 'load' 'fc1_out_0_V_load_4' <Predicate = (!exitcond2)> <Delay = 1.75> <Core = "RAM">   --->   Core 37 'RAM' <Latency = 1> <II = 1> <Delay = 1.75> <Storage> <Opcode : 'load' 'store'> <Ports = 2> <Width = 16> <Depth = 5> <RAM>
ST_5 : Operation 275 [2/2] (2.77ns)   --->   "%Weight_fc1_V_5_load_6 = load i7* %Weight_fc1_V_5_addr_6, align 1" [bi_lstm/src/rnn.cpp:329]   --->   Operation 275 'load' 'Weight_fc1_V_5_load_6' <Predicate = (!exitcond2)> <Delay = 2.77> <Core = "ROM_1P_BRAM">   --->   Core 61 'ROM_1P_BRAM' <Latency = 1> <II = 1> <Delay = 2.77> <Storage> <Opcode : 'load'> <Ports = 1> <Width = 7> <Depth = 100> <ROM>
ST_5 : Operation 276 [2/2] (2.77ns)   --->   "%Weight_fc1_V_6_load_1 = load i7* %Weight_fc1_V_6_addr_1, align 1" [bi_lstm/src/rnn.cpp:329]   --->   Operation 276 'load' 'Weight_fc1_V_6_load_1' <Predicate = (!exitcond2)> <Delay = 2.77> <Core = "ROM_1P_BRAM">   --->   Core 61 'ROM_1P_BRAM' <Latency = 1> <II = 1> <Delay = 2.77> <Storage> <Opcode : 'load'> <Ports = 1> <Width = 7> <Depth = 100> <ROM>
ST_5 : Operation 277 [1/2] (1.75ns)   --->   "%fc1_out_3_V_load_4 = load i16* %fc1_out_3_V_addr_4, align 2" [bi_lstm/src/rnn.cpp:329]   --->   Operation 277 'load' 'fc1_out_3_V_load_4' <Predicate = (!exitcond2)> <Delay = 1.75> <Core = "RAM">   --->   Core 37 'RAM' <Latency = 1> <II = 1> <Delay = 1.75> <Storage> <Opcode : 'load' 'store'> <Ports = 2> <Width = 16> <Depth = 5> <RAM>
ST_5 : Operation 278 [1/2] (1.75ns)   --->   "%fc1_out_4_V_load_4 = load i16* %fc1_out_4_V_addr_4, align 2" [bi_lstm/src/rnn.cpp:329]   --->   Operation 278 'load' 'fc1_out_4_V_load_4' <Predicate = (!exitcond2)> <Delay = 1.75> <Core = "RAM">   --->   Core 37 'RAM' <Latency = 1> <II = 1> <Delay = 1.75> <Storage> <Opcode : 'load' 'store'> <Ports = 2> <Width = 16> <Depth = 5> <RAM>
ST_5 : Operation 279 [1/2] (1.75ns)   --->   "%fc1_out_5_V_load_4 = load i16* %fc1_out_5_V_addr_4, align 2" [bi_lstm/src/rnn.cpp:329]   --->   Operation 279 'load' 'fc1_out_5_V_load_4' <Predicate = (!exitcond2)> <Delay = 1.75> <Core = "RAM">   --->   Core 37 'RAM' <Latency = 1> <II = 1> <Delay = 1.75> <Storage> <Opcode : 'load' 'store'> <Ports = 2> <Width = 16> <Depth = 5> <RAM>
ST_5 : Operation 280 [1/2] (1.75ns)   --->   "%fc1_out_6_V_load_4 = load i16* %fc1_out_6_V_addr_4, align 2" [bi_lstm/src/rnn.cpp:329]   --->   Operation 280 'load' 'fc1_out_6_V_load_4' <Predicate = (!exitcond2)> <Delay = 1.75> <Core = "RAM">   --->   Core 37 'RAM' <Latency = 1> <II = 1> <Delay = 1.75> <Storage> <Opcode : 'load' 'store'> <Ports = 2> <Width = 16> <Depth = 5> <RAM>
ST_5 : Operation 281 [2/2] (1.75ns)   --->   "%fc1_out_7_V_load_4 = load i16* %fc1_out_7_V_addr_4, align 2" [bi_lstm/src/rnn.cpp:329]   --->   Operation 281 'load' 'fc1_out_7_V_load_4' <Predicate = (!exitcond2)> <Delay = 1.75> <Core = "RAM">   --->   Core 37 'RAM' <Latency = 1> <II = 1> <Delay = 1.75> <Storage> <Opcode : 'load' 'store'> <Ports = 2> <Width = 16> <Depth = 5> <RAM>
ST_5 : Operation 282 [1/2] (2.77ns)   --->   "%Weight_fc1_V_6_load_6 = load i7* %Weight_fc1_V_6_addr_6, align 1" [bi_lstm/src/rnn.cpp:329]   --->   Operation 282 'load' 'Weight_fc1_V_6_load_6' <Predicate = (!exitcond2)> <Delay = 2.77> <Core = "ROM_1P_BRAM">   --->   Core 61 'ROM_1P_BRAM' <Latency = 1> <II = 1> <Delay = 2.77> <Storage> <Opcode : 'load'> <Ports = 1> <Width = 7> <Depth = 100> <ROM>
ST_5 : Operation 283 [1/1] (0.00ns)   --->   "%tmp_50 = sext i7 %Weight_fc1_V_6_load_6 to i23" [bi_lstm/src/rnn.cpp:329]   --->   Operation 283 'sext' 'tmp_50' <Predicate = (!exitcond2)> <Delay = 0.00>
ST_5 : Operation 284 [1/1] (2.82ns) (grouped into DSP with root node ret_V_47)   --->   "%rhs_V31_47_cast = mul i23 %tmp_50, %tmp" [bi_lstm/src/rnn.cpp:329]   --->   Operation 284 'mul' 'rhs_V31_47_cast' <Predicate = (!exitcond2)> <Delay = 2.82> <Core = "DSP48">   --->   Core 65 'DSP48' <Latency = 0> <II = 1> <Delay = 5.55> <IPBlock> <Opcode : 'mul' 'add' 'sub' 'select'> <InPorts = 0> <OutPorts = 1> <Sync> <CReg>
ST_5 : Operation 285 [1/2] (1.75ns)   --->   "%fc1_out_8_V_load_4 = load i16* %fc1_out_8_V_addr_4, align 2" [bi_lstm/src/rnn.cpp:329]   --->   Operation 285 'load' 'fc1_out_8_V_load_4' <Predicate = (!exitcond2)> <Delay = 1.75> <Core = "RAM">   --->   Core 37 'RAM' <Latency = 1> <II = 1> <Delay = 1.75> <Storage> <Opcode : 'load' 'store'> <Ports = 2> <Width = 16> <Depth = 5> <RAM>
ST_5 : Operation 286 [1/1] (0.00ns)   --->   "%lhs_V_1_47 = call i23 @_ssdm_op_BitConcatenate.i23.i16.i7(i16 %fc1_out_8_V_load_4, i7 0)" [bi_lstm/src/rnn.cpp:329]   --->   Operation 286 'bitconcatenate' 'lhs_V_1_47' <Predicate = (!exitcond2)> <Delay = 0.00>
ST_5 : Operation 287 [1/1] (2.73ns) (root node of the DSP)   --->   "%ret_V_47 = add i23 %lhs_V_1_47, %rhs_V31_47_cast" [bi_lstm/src/rnn.cpp:329]   --->   Operation 287 'add' 'ret_V_47' <Predicate = (!exitcond2)> <Delay = 2.73> <Core = "DSP48">   --->   Core 65 'DSP48' <Latency = 0> <II = 1> <Delay = 5.55> <IPBlock> <Opcode : 'mul' 'add' 'sub' 'select'> <InPorts = 0> <OutPorts = 1> <Sync> <CReg>
ST_5 : Operation 288 [1/1] (0.00ns)   --->   "%tmp_55_47 = call i16 @_ssdm_op_PartSelect.i16.i23.i32.i32(i23 %ret_V_47, i32 7, i32 22)" [bi_lstm/src/rnn.cpp:329]   --->   Operation 288 'partselect' 'tmp_55_47' <Predicate = (!exitcond2)> <Delay = 0.00>
ST_5 : Operation 289 [1/2] (2.77ns)   --->   "%Weight_fc1_V_7_load = load i7* %Weight_fc1_V_7_addr, align 1" [bi_lstm/src/rnn.cpp:329]   --->   Operation 289 'load' 'Weight_fc1_V_7_load' <Predicate = (!exitcond2)> <Delay = 2.77> <Core = "ROM_1P_BRAM">   --->   Core 61 'ROM_1P_BRAM' <Latency = 1> <II = 1> <Delay = 2.77> <Storage> <Opcode : 'load'> <Ports = 1> <Width = 7> <Depth = 100> <ROM>

State 6 <SV = 5> <Delay = 8.32>
ST_6 : Operation 290 [1/1] (1.36ns)   --->   "%tmp_53 = add i9 200, %tmp_12_cast1" [bi_lstm/src/rnn.cpp:329]   --->   Operation 290 'add' 'tmp_53' <Predicate = (!exitcond2)> <Delay = 1.36> <Core = "AddSub">   --->   Core 14 'AddSub' <Latency = 0> <II = 1> <Delay = 1.41> <FuncUnit> <Opcode : 'add' 'sub'> <InPorts = 2> <OutPorts = 1>
ST_6 : Operation 291 [1/1] (0.00ns)   --->   "%tmp_53_cast = zext i9 %tmp_53 to i64" [bi_lstm/src/rnn.cpp:329]   --->   Operation 291 'zext' 'tmp_53_cast' <Predicate = (!exitcond2)> <Delay = 0.00>
ST_6 : Operation 292 [1/1] (0.00ns)   --->   "%Weight_fc1_V_0_addr_2 = getelementptr [700 x i7]* @Weight_fc1_V_0, i64 0, i64 %tmp_53_cast" [bi_lstm/src/rnn.cpp:329]   --->   Operation 292 'getelementptr' 'Weight_fc1_V_0_addr_2' <Predicate = (!exitcond2)> <Delay = 0.00>
ST_6 : Operation 293 [1/1] (1.41ns)   --->   "%tmp_57 = add i10 500, %tmp_12_cast" [bi_lstm/src/rnn.cpp:329]   --->   Operation 293 'add' 'tmp_57' <Predicate = (!exitcond2)> <Delay = 1.41> <Core = "AddSub">   --->   Core 14 'AddSub' <Latency = 0> <II = 1> <Delay = 1.41> <FuncUnit> <Opcode : 'add' 'sub'> <InPorts = 2> <OutPorts = 1>
ST_6 : Operation 294 [1/1] (0.00ns)   --->   "%tmp_57_cast = zext i10 %tmp_57 to i64" [bi_lstm/src/rnn.cpp:329]   --->   Operation 294 'zext' 'tmp_57_cast' <Predicate = (!exitcond2)> <Delay = 0.00>
ST_6 : Operation 295 [1/1] (0.00ns)   --->   "%Weight_fc1_V_0_addr_5 = getelementptr [700 x i7]* @Weight_fc1_V_0, i64 0, i64 %tmp_57_cast" [bi_lstm/src/rnn.cpp:329]   --->   Operation 295 'getelementptr' 'Weight_fc1_V_0_addr_5' <Predicate = (!exitcond2)> <Delay = 0.00>
ST_6 : Operation 296 [1/1] (0.00ns)   --->   "%Weight_fc1_V_1_addr_2 = getelementptr [700 x i7]* @Weight_fc1_V_1, i64 0, i64 %tmp_53_cast" [bi_lstm/src/rnn.cpp:329]   --->   Operation 296 'getelementptr' 'Weight_fc1_V_1_addr_2' <Predicate = (!exitcond2)> <Delay = 0.00>
ST_6 : Operation 297 [1/1] (0.00ns)   --->   "%Weight_fc1_V_1_addr_5 = getelementptr [700 x i7]* @Weight_fc1_V_1, i64 0, i64 %tmp_57_cast" [bi_lstm/src/rnn.cpp:329]   --->   Operation 297 'getelementptr' 'Weight_fc1_V_1_addr_5' <Predicate = (!exitcond2)> <Delay = 0.00>
ST_6 : Operation 298 [1/1] (0.00ns)   --->   "%Weight_fc1_V_2_addr_2 = getelementptr [700 x i7]* @Weight_fc1_V_2, i64 0, i64 %tmp_53_cast" [bi_lstm/src/rnn.cpp:329]   --->   Operation 298 'getelementptr' 'Weight_fc1_V_2_addr_2' <Predicate = (!exitcond2)> <Delay = 0.00>
ST_6 : Operation 299 [1/1] (0.00ns)   --->   "%Weight_fc1_V_2_addr_5 = getelementptr [700 x i7]* @Weight_fc1_V_2, i64 0, i64 %tmp_57_cast" [bi_lstm/src/rnn.cpp:329]   --->   Operation 299 'getelementptr' 'Weight_fc1_V_2_addr_5' <Predicate = (!exitcond2)> <Delay = 0.00>
ST_6 : Operation 300 [1/1] (0.00ns)   --->   "%Weight_fc1_V_3_addr_2 = getelementptr [700 x i7]* @Weight_fc1_V_3, i64 0, i64 %tmp_53_cast" [bi_lstm/src/rnn.cpp:329]   --->   Operation 300 'getelementptr' 'Weight_fc1_V_3_addr_2' <Predicate = (!exitcond2)> <Delay = 0.00>
ST_6 : Operation 301 [1/1] (0.00ns)   --->   "%Weight_fc1_V_3_addr_5 = getelementptr [700 x i7]* @Weight_fc1_V_3, i64 0, i64 %tmp_57_cast" [bi_lstm/src/rnn.cpp:329]   --->   Operation 301 'getelementptr' 'Weight_fc1_V_3_addr_5' <Predicate = (!exitcond2)> <Delay = 0.00>
ST_6 : Operation 302 [1/1] (0.00ns)   --->   "%Weight_fc1_V_4_addr_2 = getelementptr [700 x i7]* @Weight_fc1_V_4, i64 0, i64 %tmp_53_cast" [bi_lstm/src/rnn.cpp:329]   --->   Operation 302 'getelementptr' 'Weight_fc1_V_4_addr_2' <Predicate = (!exitcond2)> <Delay = 0.00>
ST_6 : Operation 303 [1/1] (0.00ns)   --->   "%Weight_fc1_V_4_addr_5 = getelementptr [700 x i7]* @Weight_fc1_V_4, i64 0, i64 %tmp_57_cast" [bi_lstm/src/rnn.cpp:329]   --->   Operation 303 'getelementptr' 'Weight_fc1_V_4_addr_5' <Predicate = (!exitcond2)> <Delay = 0.00>
ST_6 : Operation 304 [1/1] (0.00ns)   --->   "%Weight_fc1_V_5_addr_2 = getelementptr [700 x i7]* @Weight_fc1_V_5, i64 0, i64 %tmp_53_cast" [bi_lstm/src/rnn.cpp:329]   --->   Operation 304 'getelementptr' 'Weight_fc1_V_5_addr_2' <Predicate = (!exitcond2)> <Delay = 0.00>
ST_6 : Operation 305 [1/1] (0.00ns)   --->   "%Weight_fc1_V_5_addr_5 = getelementptr [700 x i7]* @Weight_fc1_V_5, i64 0, i64 %tmp_57_cast" [bi_lstm/src/rnn.cpp:329]   --->   Operation 305 'getelementptr' 'Weight_fc1_V_5_addr_5' <Predicate = (!exitcond2)> <Delay = 0.00>
ST_6 : Operation 306 [1/1] (0.00ns)   --->   "%Weight_fc1_V_6_addr_2 = getelementptr [700 x i7]* @Weight_fc1_V_6, i64 0, i64 %tmp_53_cast" [bi_lstm/src/rnn.cpp:329]   --->   Operation 306 'getelementptr' 'Weight_fc1_V_6_addr_2' <Predicate = (!exitcond2)> <Delay = 0.00>
ST_6 : Operation 307 [1/1] (0.00ns)   --->   "%Weight_fc1_V_6_addr_5 = getelementptr [700 x i7]* @Weight_fc1_V_6, i64 0, i64 %tmp_57_cast" [bi_lstm/src/rnn.cpp:329]   --->   Operation 307 'getelementptr' 'Weight_fc1_V_6_addr_5' <Predicate = (!exitcond2)> <Delay = 0.00>
ST_6 : Operation 308 [1/2] (2.77ns)   --->   "%Weight_fc1_V_0_load = load i7* %Weight_fc1_V_0_addr, align 1" [bi_lstm/src/rnn.cpp:329]   --->   Operation 308 'load' 'Weight_fc1_V_0_load' <Predicate = (!exitcond2)> <Delay = 2.77> <Core = "ROM_1P_BRAM">   --->   Core 61 'ROM_1P_BRAM' <Latency = 1> <II = 1> <Delay = 2.77> <Storage> <Opcode : 'load'> <Ports = 1> <Width = 7> <Depth = 100> <ROM>
ST_6 : Operation 309 [1/1] (0.00ns)   --->   "%tmp_1 = sext i7 %Weight_fc1_V_0_load to i23" [bi_lstm/src/rnn.cpp:329]   --->   Operation 309 'sext' 'tmp_1' <Predicate = (!exitcond2)> <Delay = 0.00>
ST_6 : Operation 310 [1/1] (2.82ns) (grouped into DSP with root node ret_V)   --->   "%rhs_V31_cast = mul i23 %tmp_1, %tmp" [bi_lstm/src/rnn.cpp:329]   --->   Operation 310 'mul' 'rhs_V31_cast' <Predicate = (!exitcond2)> <Delay = 2.82> <Core = "DSP48">   --->   Core 65 'DSP48' <Latency = 0> <II = 1> <Delay = 5.55> <IPBlock> <Opcode : 'mul' 'add' 'sub' 'select'> <InPorts = 0> <OutPorts = 1> <Sync> <CReg>
ST_6 : Operation 311 [1/1] (0.00ns)   --->   "%lhs_V_1 = call i23 @_ssdm_op_BitConcatenate.i23.i16.i7(i16 %fc1_out_0_V_load, i7 0)" [bi_lstm/src/rnn.cpp:329]   --->   Operation 311 'bitconcatenate' 'lhs_V_1' <Predicate = (!exitcond2)> <Delay = 0.00>
ST_6 : Operation 312 [1/1] (2.73ns) (root node of the DSP)   --->   "%ret_V = add i23 %lhs_V_1, %rhs_V31_cast" [bi_lstm/src/rnn.cpp:329]   --->   Operation 312 'add' 'ret_V' <Predicate = (!exitcond2)> <Delay = 2.73> <Core = "DSP48">   --->   Core 65 'DSP48' <Latency = 0> <II = 1> <Delay = 5.55> <IPBlock> <Opcode : 'mul' 'add' 'sub' 'select'> <InPorts = 0> <OutPorts = 1> <Sync> <CReg>
ST_6 : Operation 313 [1/1] (0.00ns)   --->   "%tmp_55 = call i16 @_ssdm_op_PartSelect.i16.i23.i32.i32(i23 %ret_V, i32 7, i32 22)" [bi_lstm/src/rnn.cpp:329]   --->   Operation 313 'partselect' 'tmp_55' <Predicate = (!exitcond2)> <Delay = 0.00>
ST_6 : Operation 314 [2/2] (2.77ns)   --->   "%Weight_fc1_V_0_load_1 = load i7* %Weight_fc1_V_0_addr_1, align 1" [bi_lstm/src/rnn.cpp:329]   --->   Operation 314 'load' 'Weight_fc1_V_0_load_1' <Predicate = (!exitcond2)> <Delay = 2.77> <Core = "ROM_1P_BRAM">   --->   Core 61 'ROM_1P_BRAM' <Latency = 1> <II = 1> <Delay = 2.77> <Storage> <Opcode : 'load'> <Ports = 1> <Width = 7> <Depth = 100> <ROM>
ST_6 : Operation 315 [1/2] (1.75ns)   --->   "%fc1_out_1_V_load = load i16* %fc1_out_1_V_addr, align 2" [bi_lstm/src/rnn.cpp:329]   --->   Operation 315 'load' 'fc1_out_1_V_load' <Predicate = (!exitcond2)> <Delay = 1.75> <Core = "RAM">   --->   Core 37 'RAM' <Latency = 1> <II = 1> <Delay = 1.75> <Storage> <Opcode : 'load' 'store'> <Ports = 2> <Width = 16> <Depth = 5> <RAM>
ST_6 : Operation 316 [2/2] (1.75ns)   --->   "%fc1_out_4_V_load = load i16* %fc1_out_4_V_addr, align 2" [bi_lstm/src/rnn.cpp:329]   --->   Operation 316 'load' 'fc1_out_4_V_load' <Predicate = (!exitcond2)> <Delay = 1.75> <Core = "RAM">   --->   Core 37 'RAM' <Latency = 1> <II = 1> <Delay = 1.75> <Storage> <Opcode : 'load' 'store'> <Ports = 2> <Width = 16> <Depth = 5> <RAM>
ST_6 : Operation 317 [2/2] (1.75ns)   --->   "%fc1_out_5_V_load = load i16* %fc1_out_5_V_addr, align 2" [bi_lstm/src/rnn.cpp:329]   --->   Operation 317 'load' 'fc1_out_5_V_load' <Predicate = (!exitcond2)> <Delay = 1.75> <Core = "RAM">   --->   Core 37 'RAM' <Latency = 1> <II = 1> <Delay = 1.75> <Storage> <Opcode : 'load' 'store'> <Ports = 2> <Width = 16> <Depth = 5> <RAM>
ST_6 : Operation 318 [1/1] (1.75ns)   --->   "store i16 %tmp_55_6, i16* %fc1_out_6_V_addr, align 2" [bi_lstm/src/rnn.cpp:329]   --->   Operation 318 'store' <Predicate = (!exitcond2)> <Delay = 1.75> <Core = "RAM">   --->   Core 37 'RAM' <Latency = 1> <II = 1> <Delay = 1.75> <Storage> <Opcode : 'load' 'store'> <Ports = 2> <Width = 16> <Depth = 5> <RAM>
ST_6 : Operation 319 [1/2] (2.77ns)   --->   "%Weight_fc1_V_1_load = load i7* %Weight_fc1_V_1_addr, align 1" [bi_lstm/src/rnn.cpp:329]   --->   Operation 319 'load' 'Weight_fc1_V_1_load' <Predicate = (!exitcond2)> <Delay = 2.77> <Core = "ROM_1P_BRAM">   --->   Core 61 'ROM_1P_BRAM' <Latency = 1> <II = 1> <Delay = 2.77> <Storage> <Opcode : 'load'> <Ports = 1> <Width = 7> <Depth = 100> <ROM>
ST_6 : Operation 320 [2/2] (1.75ns)   --->   "%fc1_out_7_V_load = load i16* %fc1_out_7_V_addr, align 2" [bi_lstm/src/rnn.cpp:329]   --->   Operation 320 'load' 'fc1_out_7_V_load' <Predicate = (!exitcond2)> <Delay = 1.75> <Core = "RAM">   --->   Core 37 'RAM' <Latency = 1> <II = 1> <Delay = 1.75> <Storage> <Opcode : 'load' 'store'> <Ports = 2> <Width = 16> <Depth = 5> <RAM>
ST_6 : Operation 321 [2/2] (2.77ns)   --->   "%Weight_fc1_V_1_load_1 = load i7* %Weight_fc1_V_1_addr_1, align 1" [bi_lstm/src/rnn.cpp:329]   --->   Operation 321 'load' 'Weight_fc1_V_1_load_1' <Predicate = (!exitcond2)> <Delay = 2.77> <Core = "ROM_1P_BRAM">   --->   Core 61 'ROM_1P_BRAM' <Latency = 1> <II = 1> <Delay = 2.77> <Storage> <Opcode : 'load'> <Ports = 1> <Width = 7> <Depth = 100> <ROM>
ST_6 : Operation 322 [1/2] (1.75ns)   --->   "%fc1_out_0_V_load_1 = load i16* %fc1_out_0_V_addr_1, align 2" [bi_lstm/src/rnn.cpp:329]   --->   Operation 322 'load' 'fc1_out_0_V_load_1' <Predicate = (!exitcond2)> <Delay = 1.75> <Core = "RAM">   --->   Core 37 'RAM' <Latency = 1> <II = 1> <Delay = 1.75> <Storage> <Opcode : 'load' 'store'> <Ports = 2> <Width = 16> <Depth = 5> <RAM>
ST_6 : Operation 323 [1/2] (1.75ns)   --->   "%fc1_out_1_V_load_1 = load i16* %fc1_out_1_V_addr_1, align 2" [bi_lstm/src/rnn.cpp:329]   --->   Operation 323 'load' 'fc1_out_1_V_load_1' <Predicate = (!exitcond2)> <Delay = 1.75> <Core = "RAM">   --->   Core 37 'RAM' <Latency = 1> <II = 1> <Delay = 1.75> <Storage> <Opcode : 'load' 'store'> <Ports = 2> <Width = 16> <Depth = 5> <RAM>
ST_6 : Operation 324 [2/2] (1.75ns)   --->   "%fc1_out_2_V_load_1 = load i16* %fc1_out_2_V_addr_1, align 2" [bi_lstm/src/rnn.cpp:329]   --->   Operation 324 'load' 'fc1_out_2_V_load_1' <Predicate = (!exitcond2)> <Delay = 1.75> <Core = "RAM">   --->   Core 37 'RAM' <Latency = 1> <II = 1> <Delay = 1.75> <Storage> <Opcode : 'load' 'store'> <Ports = 2> <Width = 16> <Depth = 5> <RAM>
ST_6 : Operation 325 [1/1] (0.00ns)   --->   "%tmp_15 = sext i7 %Weight_fc1_V_1_load_6 to i23" [bi_lstm/src/rnn.cpp:329]   --->   Operation 325 'sext' 'tmp_15' <Predicate = (!exitcond2)> <Delay = 0.00>
ST_6 : Operation 326 [1/1] (2.82ns) (grouped into DSP with root node ret_V_12)   --->   "%rhs_V31_12_cast = mul i23 %tmp_15, %tmp" [bi_lstm/src/rnn.cpp:329]   --->   Operation 326 'mul' 'rhs_V31_12_cast' <Predicate = (!exitcond2)> <Delay = 2.82> <Core = "DSP48">   --->   Core 65 'DSP48' <Latency = 0> <II = 1> <Delay = 5.55> <IPBlock> <Opcode : 'mul' 'add' 'sub' 'select'> <InPorts = 0> <OutPorts = 1> <Sync> <CReg>
ST_6 : Operation 327 [1/2] (1.75ns)   --->   "%fc1_out_3_V_load_1 = load i16* %fc1_out_3_V_addr_1, align 2" [bi_lstm/src/rnn.cpp:329]   --->   Operation 327 'load' 'fc1_out_3_V_load_1' <Predicate = (!exitcond2)> <Delay = 1.75> <Core = "RAM">   --->   Core 37 'RAM' <Latency = 1> <II = 1> <Delay = 1.75> <Storage> <Opcode : 'load' 'store'> <Ports = 2> <Width = 16> <Depth = 5> <RAM>
ST_6 : Operation 328 [1/1] (0.00ns)   --->   "%lhs_V_1_12 = call i23 @_ssdm_op_BitConcatenate.i23.i16.i7(i16 %fc1_out_3_V_load_1, i7 0)" [bi_lstm/src/rnn.cpp:329]   --->   Operation 328 'bitconcatenate' 'lhs_V_1_12' <Predicate = (!exitcond2)> <Delay = 0.00>
ST_6 : Operation 329 [1/1] (2.73ns) (root node of the DSP)   --->   "%ret_V_12 = add i23 %lhs_V_1_12, %rhs_V31_12_cast" [bi_lstm/src/rnn.cpp:329]   --->   Operation 329 'add' 'ret_V_12' <Predicate = (!exitcond2)> <Delay = 2.73> <Core = "DSP48">   --->   Core 65 'DSP48' <Latency = 0> <II = 1> <Delay = 5.55> <IPBlock> <Opcode : 'mul' 'add' 'sub' 'select'> <InPorts = 0> <OutPorts = 1> <Sync> <CReg>
ST_6 : Operation 330 [1/1] (0.00ns)   --->   "%tmp_55_12 = call i16 @_ssdm_op_PartSelect.i16.i23.i32.i32(i23 %ret_V_12, i32 7, i32 22)" [bi_lstm/src/rnn.cpp:329]   --->   Operation 330 'partselect' 'tmp_55_12' <Predicate = (!exitcond2)> <Delay = 0.00>
ST_6 : Operation 331 [1/1] (1.75ns)   --->   "store i16 %tmp_55_12, i16* %fc1_out_3_V_addr_1, align 2" [bi_lstm/src/rnn.cpp:329]   --->   Operation 331 'store' <Predicate = (!exitcond2)> <Delay = 1.75> <Core = "RAM">   --->   Core 37 'RAM' <Latency = 1> <II = 1> <Delay = 1.75> <Storage> <Opcode : 'load' 'store'> <Ports = 2> <Width = 16> <Depth = 5> <RAM>
ST_6 : Operation 332 [1/2] (2.77ns)   --->   "%Weight_fc1_V_2_load = load i7* %Weight_fc1_V_2_addr, align 1" [bi_lstm/src/rnn.cpp:329]   --->   Operation 332 'load' 'Weight_fc1_V_2_load' <Predicate = (!exitcond2)> <Delay = 2.77> <Core = "ROM_1P_BRAM">   --->   Core 61 'ROM_1P_BRAM' <Latency = 1> <II = 1> <Delay = 2.77> <Storage> <Opcode : 'load'> <Ports = 1> <Width = 7> <Depth = 100> <ROM>
ST_6 : Operation 333 [1/1] (0.00ns)   --->   "%tmp_16 = sext i7 %Weight_fc1_V_2_load to i23" [bi_lstm/src/rnn.cpp:329]   --->   Operation 333 'sext' 'tmp_16' <Predicate = (!exitcond2)> <Delay = 0.00>
ST_6 : Operation 334 [1/1] (2.82ns) (grouped into DSP with root node ret_V_13)   --->   "%rhs_V31_13_cast = mul i23 %tmp_16, %tmp" [bi_lstm/src/rnn.cpp:329]   --->   Operation 334 'mul' 'rhs_V31_13_cast' <Predicate = (!exitcond2)> <Delay = 2.82> <Core = "DSP48">   --->   Core 65 'DSP48' <Latency = 0> <II = 1> <Delay = 5.55> <IPBlock> <Opcode : 'mul' 'add' 'sub' 'select'> <InPorts = 0> <OutPorts = 1> <Sync> <CReg>
ST_6 : Operation 335 [1/2] (1.75ns)   --->   "%fc1_out_4_V_load_1 = load i16* %fc1_out_4_V_addr_1, align 2" [bi_lstm/src/rnn.cpp:329]   --->   Operation 335 'load' 'fc1_out_4_V_load_1' <Predicate = (!exitcond2)> <Delay = 1.75> <Core = "RAM">   --->   Core 37 'RAM' <Latency = 1> <II = 1> <Delay = 1.75> <Storage> <Opcode : 'load' 'store'> <Ports = 2> <Width = 16> <Depth = 5> <RAM>
ST_6 : Operation 336 [1/1] (0.00ns)   --->   "%lhs_V_1_13 = call i23 @_ssdm_op_BitConcatenate.i23.i16.i7(i16 %fc1_out_4_V_load_1, i7 0)" [bi_lstm/src/rnn.cpp:329]   --->   Operation 336 'bitconcatenate' 'lhs_V_1_13' <Predicate = (!exitcond2)> <Delay = 0.00>
ST_6 : Operation 337 [1/1] (2.73ns) (root node of the DSP)   --->   "%ret_V_13 = add i23 %lhs_V_1_13, %rhs_V31_13_cast" [bi_lstm/src/rnn.cpp:329]   --->   Operation 337 'add' 'ret_V_13' <Predicate = (!exitcond2)> <Delay = 2.73> <Core = "DSP48">   --->   Core 65 'DSP48' <Latency = 0> <II = 1> <Delay = 5.55> <IPBlock> <Opcode : 'mul' 'add' 'sub' 'select'> <InPorts = 0> <OutPorts = 1> <Sync> <CReg>
ST_6 : Operation 338 [1/1] (0.00ns)   --->   "%tmp_55_13 = call i16 @_ssdm_op_PartSelect.i16.i23.i32.i32(i23 %ret_V_13, i32 7, i32 22)" [bi_lstm/src/rnn.cpp:329]   --->   Operation 338 'partselect' 'tmp_55_13' <Predicate = (!exitcond2)> <Delay = 0.00>
ST_6 : Operation 339 [2/2] (2.77ns)   --->   "%Weight_fc1_V_2_load_1 = load i7* %Weight_fc1_V_2_addr_1, align 1" [bi_lstm/src/rnn.cpp:329]   --->   Operation 339 'load' 'Weight_fc1_V_2_load_1' <Predicate = (!exitcond2)> <Delay = 2.77> <Core = "ROM_1P_BRAM">   --->   Core 61 'ROM_1P_BRAM' <Latency = 1> <II = 1> <Delay = 2.77> <Storage> <Opcode : 'load'> <Ports = 1> <Width = 7> <Depth = 100> <ROM>
ST_6 : Operation 340 [1/2] (1.75ns)   --->   "%fc1_out_5_V_load_1 = load i16* %fc1_out_5_V_addr_1, align 2" [bi_lstm/src/rnn.cpp:329]   --->   Operation 340 'load' 'fc1_out_5_V_load_1' <Predicate = (!exitcond2)> <Delay = 1.75> <Core = "RAM">   --->   Core 37 'RAM' <Latency = 1> <II = 1> <Delay = 1.75> <Storage> <Opcode : 'load' 'store'> <Ports = 2> <Width = 16> <Depth = 5> <RAM>
ST_6 : Operation 341 [1/2] (1.75ns)   --->   "%fc1_out_6_V_load_1 = load i16* %fc1_out_6_V_addr_1, align 2" [bi_lstm/src/rnn.cpp:329]   --->   Operation 341 'load' 'fc1_out_6_V_load_1' <Predicate = (!exitcond2)> <Delay = 1.75> <Core = "RAM">   --->   Core 37 'RAM' <Latency = 1> <II = 1> <Delay = 1.75> <Storage> <Opcode : 'load' 'store'> <Ports = 2> <Width = 16> <Depth = 5> <RAM>
ST_6 : Operation 342 [2/2] (1.75ns)   --->   "%fc1_out_9_V_load_1 = load i16* %fc1_out_9_V_addr_1, align 2" [bi_lstm/src/rnn.cpp:329]   --->   Operation 342 'load' 'fc1_out_9_V_load_1' <Predicate = (!exitcond2)> <Delay = 1.75> <Core = "RAM">   --->   Core 37 'RAM' <Latency = 1> <II = 1> <Delay = 1.75> <Storage> <Opcode : 'load' 'store'> <Ports = 2> <Width = 16> <Depth = 5> <RAM>
ST_6 : Operation 343 [1/1] (0.00ns)   --->   "%tmp_22 = sext i7 %Weight_fc1_V_2_load_6 to i23" [bi_lstm/src/rnn.cpp:329]   --->   Operation 343 'sext' 'tmp_22' <Predicate = (!exitcond2)> <Delay = 0.00>
ST_6 : Operation 344 [1/1] (2.82ns) (grouped into DSP with root node ret_V_19)   --->   "%rhs_V31_19_cast = mul i23 %tmp_22, %tmp" [bi_lstm/src/rnn.cpp:329]   --->   Operation 344 'mul' 'rhs_V31_19_cast' <Predicate = (!exitcond2)> <Delay = 2.82> <Core = "DSP48">   --->   Core 65 'DSP48' <Latency = 0> <II = 1> <Delay = 5.55> <IPBlock> <Opcode : 'mul' 'add' 'sub' 'select'> <InPorts = 0> <OutPorts = 1> <Sync> <CReg>
ST_6 : Operation 345 [1/2] (1.75ns)   --->   "%fc1_out_0_V_load_2 = load i16* %fc1_out_0_V_addr_2, align 2" [bi_lstm/src/rnn.cpp:329]   --->   Operation 345 'load' 'fc1_out_0_V_load_2' <Predicate = (!exitcond2)> <Delay = 1.75> <Core = "RAM">   --->   Core 37 'RAM' <Latency = 1> <II = 1> <Delay = 1.75> <Storage> <Opcode : 'load' 'store'> <Ports = 2> <Width = 16> <Depth = 5> <RAM>
ST_6 : Operation 346 [1/1] (0.00ns)   --->   "%lhs_V_1_19 = call i23 @_ssdm_op_BitConcatenate.i23.i16.i7(i16 %fc1_out_0_V_load_2, i7 0)" [bi_lstm/src/rnn.cpp:329]   --->   Operation 346 'bitconcatenate' 'lhs_V_1_19' <Predicate = (!exitcond2)> <Delay = 0.00>
ST_6 : Operation 347 [1/1] (2.73ns) (root node of the DSP)   --->   "%ret_V_19 = add i23 %lhs_V_1_19, %rhs_V31_19_cast" [bi_lstm/src/rnn.cpp:329]   --->   Operation 347 'add' 'ret_V_19' <Predicate = (!exitcond2)> <Delay = 2.73> <Core = "DSP48">   --->   Core 65 'DSP48' <Latency = 0> <II = 1> <Delay = 5.55> <IPBlock> <Opcode : 'mul' 'add' 'sub' 'select'> <InPorts = 0> <OutPorts = 1> <Sync> <CReg>
ST_6 : Operation 348 [1/1] (0.00ns)   --->   "%tmp_55_19 = call i16 @_ssdm_op_PartSelect.i16.i23.i32.i32(i23 %ret_V_19, i32 7, i32 22)" [bi_lstm/src/rnn.cpp:329]   --->   Operation 348 'partselect' 'tmp_55_19' <Predicate = (!exitcond2)> <Delay = 0.00>
ST_6 : Operation 349 [1/1] (1.75ns)   --->   "store i16 %tmp_55_19, i16* %fc1_out_0_V_addr_2, align 2" [bi_lstm/src/rnn.cpp:329]   --->   Operation 349 'store' <Predicate = (!exitcond2)> <Delay = 1.75> <Core = "RAM">   --->   Core 37 'RAM' <Latency = 1> <II = 1> <Delay = 1.75> <Storage> <Opcode : 'load' 'store'> <Ports = 2> <Width = 16> <Depth = 5> <RAM>
ST_6 : Operation 350 [1/2] (2.77ns)   --->   "%Weight_fc1_V_3_load = load i7* %Weight_fc1_V_3_addr, align 1" [bi_lstm/src/rnn.cpp:329]   --->   Operation 350 'load' 'Weight_fc1_V_3_load' <Predicate = (!exitcond2)> <Delay = 2.77> <Core = "ROM_1P_BRAM">   --->   Core 61 'ROM_1P_BRAM' <Latency = 1> <II = 1> <Delay = 2.77> <Storage> <Opcode : 'load'> <Ports = 1> <Width = 7> <Depth = 100> <ROM>
ST_6 : Operation 351 [2/2] (1.75ns)   --->   "%fc1_out_1_V_load_2 = load i16* %fc1_out_1_V_addr_2, align 2" [bi_lstm/src/rnn.cpp:329]   --->   Operation 351 'load' 'fc1_out_1_V_load_2' <Predicate = (!exitcond2)> <Delay = 1.75> <Core = "RAM">   --->   Core 37 'RAM' <Latency = 1> <II = 1> <Delay = 1.75> <Storage> <Opcode : 'load' 'store'> <Ports = 2> <Width = 16> <Depth = 5> <RAM>
ST_6 : Operation 352 [2/2] (2.77ns)   --->   "%Weight_fc1_V_3_load_1 = load i7* %Weight_fc1_V_3_addr_1, align 1" [bi_lstm/src/rnn.cpp:329]   --->   Operation 352 'load' 'Weight_fc1_V_3_load_1' <Predicate = (!exitcond2)> <Delay = 2.77> <Core = "ROM_1P_BRAM">   --->   Core 61 'ROM_1P_BRAM' <Latency = 1> <II = 1> <Delay = 2.77> <Storage> <Opcode : 'load'> <Ports = 1> <Width = 7> <Depth = 100> <ROM>
ST_6 : Operation 353 [2/2] (1.75ns)   --->   "%fc1_out_2_V_load_2 = load i16* %fc1_out_2_V_addr_2, align 2" [bi_lstm/src/rnn.cpp:329]   --->   Operation 353 'load' 'fc1_out_2_V_load_2' <Predicate = (!exitcond2)> <Delay = 1.75> <Core = "RAM">   --->   Core 37 'RAM' <Latency = 1> <II = 1> <Delay = 1.75> <Storage> <Opcode : 'load' 'store'> <Ports = 2> <Width = 16> <Depth = 5> <RAM>
ST_6 : Operation 354 [2/2] (1.75ns)   --->   "%fc1_out_3_V_load_2 = load i16* %fc1_out_3_V_addr_2, align 2" [bi_lstm/src/rnn.cpp:329]   --->   Operation 354 'load' 'fc1_out_3_V_load_2' <Predicate = (!exitcond2)> <Delay = 1.75> <Core = "RAM">   --->   Core 37 'RAM' <Latency = 1> <II = 1> <Delay = 1.75> <Storage> <Opcode : 'load' 'store'> <Ports = 2> <Width = 16> <Depth = 5> <RAM>
ST_6 : Operation 355 [2/2] (1.75ns)   --->   "%fc1_out_5_V_load_2 = load i16* %fc1_out_5_V_addr_2, align 2" [bi_lstm/src/rnn.cpp:329]   --->   Operation 355 'load' 'fc1_out_5_V_load_2' <Predicate = (!exitcond2)> <Delay = 1.75> <Core = "RAM">   --->   Core 37 'RAM' <Latency = 1> <II = 1> <Delay = 1.75> <Storage> <Opcode : 'load' 'store'> <Ports = 2> <Width = 16> <Depth = 5> <RAM>
ST_6 : Operation 356 [2/2] (1.75ns)   --->   "%fc1_out_6_V_load_2 = load i16* %fc1_out_6_V_addr_2, align 2" [bi_lstm/src/rnn.cpp:329]   --->   Operation 356 'load' 'fc1_out_6_V_load_2' <Predicate = (!exitcond2)> <Delay = 1.75> <Core = "RAM">   --->   Core 37 'RAM' <Latency = 1> <II = 1> <Delay = 1.75> <Storage> <Opcode : 'load' 'store'> <Ports = 2> <Width = 16> <Depth = 5> <RAM>
ST_6 : Operation 357 [1/1] (1.75ns)   --->   "store i16 %tmp_55_26, i16* %fc1_out_7_V_addr_2, align 2" [bi_lstm/src/rnn.cpp:329]   --->   Operation 357 'store' <Predicate = (!exitcond2)> <Delay = 1.75> <Core = "RAM">   --->   Core 37 'RAM' <Latency = 1> <II = 1> <Delay = 1.75> <Storage> <Opcode : 'load' 'store'> <Ports = 2> <Width = 16> <Depth = 5> <RAM>
ST_6 : Operation 358 [1/2] (2.77ns)   --->   "%Weight_fc1_V_4_load = load i7* %Weight_fc1_V_4_addr, align 1" [bi_lstm/src/rnn.cpp:329]   --->   Operation 358 'load' 'Weight_fc1_V_4_load' <Predicate = (!exitcond2)> <Delay = 2.77> <Core = "ROM_1P_BRAM">   --->   Core 61 'ROM_1P_BRAM' <Latency = 1> <II = 1> <Delay = 2.77> <Storage> <Opcode : 'load'> <Ports = 1> <Width = 7> <Depth = 100> <ROM>
ST_6 : Operation 359 [1/1] (0.00ns)   --->   "%tmp_30 = sext i7 %Weight_fc1_V_4_load to i23" [bi_lstm/src/rnn.cpp:329]   --->   Operation 359 'sext' 'tmp_30' <Predicate = (!exitcond2)> <Delay = 0.00>
ST_6 : Operation 360 [1/1] (2.82ns) (grouped into DSP with root node ret_V_27)   --->   "%rhs_V31_27_cast = mul i23 %tmp_30, %tmp" [bi_lstm/src/rnn.cpp:329]   --->   Operation 360 'mul' 'rhs_V31_27_cast' <Predicate = (!exitcond2)> <Delay = 2.82> <Core = "DSP48">   --->   Core 65 'DSP48' <Latency = 0> <II = 1> <Delay = 5.55> <IPBlock> <Opcode : 'mul' 'add' 'sub' 'select'> <InPorts = 0> <OutPorts = 1> <Sync> <CReg>
ST_6 : Operation 361 [1/1] (0.00ns)   --->   "%lhs_V_1_27 = call i23 @_ssdm_op_BitConcatenate.i23.i16.i7(i16 %fc1_out_8_V_load_2, i7 0)" [bi_lstm/src/rnn.cpp:329]   --->   Operation 361 'bitconcatenate' 'lhs_V_1_27' <Predicate = (!exitcond2)> <Delay = 0.00>
ST_6 : Operation 362 [1/1] (2.73ns) (root node of the DSP)   --->   "%ret_V_27 = add i23 %lhs_V_1_27, %rhs_V31_27_cast" [bi_lstm/src/rnn.cpp:329]   --->   Operation 362 'add' 'ret_V_27' <Predicate = (!exitcond2)> <Delay = 2.73> <Core = "DSP48">   --->   Core 65 'DSP48' <Latency = 0> <II = 1> <Delay = 5.55> <IPBlock> <Opcode : 'mul' 'add' 'sub' 'select'> <InPorts = 0> <OutPorts = 1> <Sync> <CReg>
ST_6 : Operation 363 [1/1] (0.00ns)   --->   "%tmp_55_27 = call i16 @_ssdm_op_PartSelect.i16.i23.i32.i32(i23 %ret_V_27, i32 7, i32 22)" [bi_lstm/src/rnn.cpp:329]   --->   Operation 363 'partselect' 'tmp_55_27' <Predicate = (!exitcond2)> <Delay = 0.00>
ST_6 : Operation 364 [2/2] (2.77ns)   --->   "%Weight_fc1_V_4_load_1 = load i7* %Weight_fc1_V_4_addr_1, align 1" [bi_lstm/src/rnn.cpp:329]   --->   Operation 364 'load' 'Weight_fc1_V_4_load_1' <Predicate = (!exitcond2)> <Delay = 2.77> <Core = "ROM_1P_BRAM">   --->   Core 61 'ROM_1P_BRAM' <Latency = 1> <II = 1> <Delay = 2.77> <Storage> <Opcode : 'load'> <Ports = 1> <Width = 7> <Depth = 100> <ROM>
ST_6 : Operation 365 [2/2] (1.75ns)   --->   "%fc1_out_0_V_load_3 = load i16* %fc1_out_0_V_addr_3, align 2" [bi_lstm/src/rnn.cpp:329]   --->   Operation 365 'load' 'fc1_out_0_V_load_3' <Predicate = (!exitcond2)> <Delay = 1.75> <Core = "RAM">   --->   Core 37 'RAM' <Latency = 1> <II = 1> <Delay = 1.75> <Storage> <Opcode : 'load' 'store'> <Ports = 2> <Width = 16> <Depth = 5> <RAM>
ST_6 : Operation 366 [1/1] (1.75ns)   --->   "store i16 %tmp_55_33, i16* %fc1_out_4_V_addr_3, align 2" [bi_lstm/src/rnn.cpp:329]   --->   Operation 366 'store' <Predicate = (!exitcond2)> <Delay = 1.75> <Core = "RAM">   --->   Core 37 'RAM' <Latency = 1> <II = 1> <Delay = 1.75> <Storage> <Opcode : 'load' 'store'> <Ports = 2> <Width = 16> <Depth = 5> <RAM>
ST_6 : Operation 367 [1/1] (0.00ns)   --->   "%tmp_40 = sext i7 %Weight_fc1_V_5_load_3 to i23" [bi_lstm/src/rnn.cpp:329]   --->   Operation 367 'sext' 'tmp_40' <Predicate = (!exitcond2)> <Delay = 0.00>
ST_6 : Operation 368 [1/1] (2.82ns) (grouped into DSP with root node ret_V_37)   --->   "%rhs_V31_37_cast = mul i23 %tmp_40, %tmp" [bi_lstm/src/rnn.cpp:329]   --->   Operation 368 'mul' 'rhs_V31_37_cast' <Predicate = (!exitcond2)> <Delay = 2.82> <Core = "DSP48">   --->   Core 65 'DSP48' <Latency = 0> <II = 1> <Delay = 5.55> <IPBlock> <Opcode : 'mul' 'add' 'sub' 'select'> <InPorts = 0> <OutPorts = 1> <Sync> <CReg>
ST_6 : Operation 369 [1/2] (1.75ns)   --->   "%fc1_out_8_V_load_3 = load i16* %fc1_out_8_V_addr_3, align 2" [bi_lstm/src/rnn.cpp:329]   --->   Operation 369 'load' 'fc1_out_8_V_load_3' <Predicate = (!exitcond2)> <Delay = 1.75> <Core = "RAM">   --->   Core 37 'RAM' <Latency = 1> <II = 1> <Delay = 1.75> <Storage> <Opcode : 'load' 'store'> <Ports = 2> <Width = 16> <Depth = 5> <RAM>
ST_6 : Operation 370 [1/1] (0.00ns)   --->   "%lhs_V_1_37 = call i23 @_ssdm_op_BitConcatenate.i23.i16.i7(i16 %fc1_out_8_V_load_3, i7 0)" [bi_lstm/src/rnn.cpp:329]   --->   Operation 370 'bitconcatenate' 'lhs_V_1_37' <Predicate = (!exitcond2)> <Delay = 0.00>
ST_6 : Operation 371 [1/1] (2.73ns) (root node of the DSP)   --->   "%ret_V_37 = add i23 %lhs_V_1_37, %rhs_V31_37_cast" [bi_lstm/src/rnn.cpp:329]   --->   Operation 371 'add' 'ret_V_37' <Predicate = (!exitcond2)> <Delay = 2.73> <Core = "DSP48">   --->   Core 65 'DSP48' <Latency = 0> <II = 1> <Delay = 5.55> <IPBlock> <Opcode : 'mul' 'add' 'sub' 'select'> <InPorts = 0> <OutPorts = 1> <Sync> <CReg>
ST_6 : Operation 372 [1/1] (0.00ns)   --->   "%tmp_55_37 = call i16 @_ssdm_op_PartSelect.i16.i23.i32.i32(i23 %ret_V_37, i32 7, i32 22)" [bi_lstm/src/rnn.cpp:329]   --->   Operation 372 'partselect' 'tmp_55_37' <Predicate = (!exitcond2)> <Delay = 0.00>
ST_6 : Operation 373 [1/1] (1.75ns)   --->   "store i16 %tmp_55_37, i16* %fc1_out_8_V_addr_3, align 2" [bi_lstm/src/rnn.cpp:329]   --->   Operation 373 'store' <Predicate = (!exitcond2)> <Delay = 1.75> <Core = "RAM">   --->   Core 37 'RAM' <Latency = 1> <II = 1> <Delay = 1.75> <Storage> <Opcode : 'load' 'store'> <Ports = 2> <Width = 16> <Depth = 5> <RAM>
ST_6 : Operation 374 [2/2] (1.75ns)   --->   "%fc1_out_9_V_load_3 = load i16* %fc1_out_9_V_addr_3, align 2" [bi_lstm/src/rnn.cpp:329]   --->   Operation 374 'load' 'fc1_out_9_V_load_3' <Predicate = (!exitcond2)> <Delay = 1.75> <Core = "RAM">   --->   Core 37 'RAM' <Latency = 1> <II = 1> <Delay = 1.75> <Storage> <Opcode : 'load' 'store'> <Ports = 2> <Width = 16> <Depth = 5> <RAM>
ST_6 : Operation 375 [2/2] (2.77ns)   --->   "%Weight_fc1_V_5_load_5 = load i7* %Weight_fc1_V_5_addr_5, align 1" [bi_lstm/src/rnn.cpp:329]   --->   Operation 375 'load' 'Weight_fc1_V_5_load_5' <Predicate = (!exitcond2)> <Delay = 2.77> <Core = "ROM_1P_BRAM">   --->   Core 61 'ROM_1P_BRAM' <Latency = 1> <II = 1> <Delay = 2.77> <Storage> <Opcode : 'load'> <Ports = 1> <Width = 7> <Depth = 100> <ROM>
ST_6 : Operation 376 [1/2] (2.77ns)   --->   "%Weight_fc1_V_5_load_6 = load i7* %Weight_fc1_V_5_addr_6, align 1" [bi_lstm/src/rnn.cpp:329]   --->   Operation 376 'load' 'Weight_fc1_V_5_load_6' <Predicate = (!exitcond2)> <Delay = 2.77> <Core = "ROM_1P_BRAM">   --->   Core 61 'ROM_1P_BRAM' <Latency = 1> <II = 1> <Delay = 2.77> <Storage> <Opcode : 'load'> <Ports = 1> <Width = 7> <Depth = 100> <ROM>
ST_6 : Operation 377 [2/2] (1.75ns)   --->   "%fc1_out_1_V_load_4 = load i16* %fc1_out_1_V_addr_4, align 2" [bi_lstm/src/rnn.cpp:329]   --->   Operation 377 'load' 'fc1_out_1_V_load_4' <Predicate = (!exitcond2)> <Delay = 1.75> <Core = "RAM">   --->   Core 37 'RAM' <Latency = 1> <II = 1> <Delay = 1.75> <Storage> <Opcode : 'load' 'store'> <Ports = 2> <Width = 16> <Depth = 5> <RAM>
ST_6 : Operation 378 [1/2] (2.77ns)   --->   "%Weight_fc1_V_6_load_1 = load i7* %Weight_fc1_V_6_addr_1, align 1" [bi_lstm/src/rnn.cpp:329]   --->   Operation 378 'load' 'Weight_fc1_V_6_load_1' <Predicate = (!exitcond2)> <Delay = 2.77> <Core = "ROM_1P_BRAM">   --->   Core 61 'ROM_1P_BRAM' <Latency = 1> <II = 1> <Delay = 2.77> <Storage> <Opcode : 'load'> <Ports = 1> <Width = 7> <Depth = 100> <ROM>
ST_6 : Operation 379 [1/1] (0.00ns)   --->   "%tmp_45 = sext i7 %Weight_fc1_V_6_load_1 to i23" [bi_lstm/src/rnn.cpp:329]   --->   Operation 379 'sext' 'tmp_45' <Predicate = (!exitcond2)> <Delay = 0.00>
ST_6 : Operation 380 [1/1] (2.82ns) (grouped into DSP with root node ret_V_42)   --->   "%rhs_V31_42_cast = mul i23 %tmp_45, %tmp" [bi_lstm/src/rnn.cpp:329]   --->   Operation 380 'mul' 'rhs_V31_42_cast' <Predicate = (!exitcond2)> <Delay = 2.82> <Core = "DSP48">   --->   Core 65 'DSP48' <Latency = 0> <II = 1> <Delay = 5.55> <IPBlock> <Opcode : 'mul' 'add' 'sub' 'select'> <InPorts = 0> <OutPorts = 1> <Sync> <CReg>
ST_6 : Operation 381 [1/1] (0.00ns)   --->   "%lhs_V_1_42 = call i23 @_ssdm_op_BitConcatenate.i23.i16.i7(i16 %fc1_out_3_V_load_4, i7 0)" [bi_lstm/src/rnn.cpp:329]   --->   Operation 381 'bitconcatenate' 'lhs_V_1_42' <Predicate = (!exitcond2)> <Delay = 0.00>
ST_6 : Operation 382 [1/1] (2.73ns) (root node of the DSP)   --->   "%ret_V_42 = add i23 %lhs_V_1_42, %rhs_V31_42_cast" [bi_lstm/src/rnn.cpp:329]   --->   Operation 382 'add' 'ret_V_42' <Predicate = (!exitcond2)> <Delay = 2.73> <Core = "DSP48">   --->   Core 65 'DSP48' <Latency = 0> <II = 1> <Delay = 5.55> <IPBlock> <Opcode : 'mul' 'add' 'sub' 'select'> <InPorts = 0> <OutPorts = 1> <Sync> <CReg>
ST_6 : Operation 383 [1/1] (0.00ns)   --->   "%tmp_55_42 = call i16 @_ssdm_op_PartSelect.i16.i23.i32.i32(i23 %ret_V_42, i32 7, i32 22)" [bi_lstm/src/rnn.cpp:329]   --->   Operation 383 'partselect' 'tmp_55_42' <Predicate = (!exitcond2)> <Delay = 0.00>
ST_6 : Operation 384 [2/2] (2.77ns)   --->   "%Weight_fc1_V_6_load_2 = load i7* %Weight_fc1_V_6_addr_2, align 1" [bi_lstm/src/rnn.cpp:329]   --->   Operation 384 'load' 'Weight_fc1_V_6_load_2' <Predicate = (!exitcond2)> <Delay = 2.77> <Core = "ROM_1P_BRAM">   --->   Core 61 'ROM_1P_BRAM' <Latency = 1> <II = 1> <Delay = 2.77> <Storage> <Opcode : 'load'> <Ports = 1> <Width = 7> <Depth = 100> <ROM>
ST_6 : Operation 385 [1/2] (1.75ns)   --->   "%fc1_out_7_V_load_4 = load i16* %fc1_out_7_V_addr_4, align 2" [bi_lstm/src/rnn.cpp:329]   --->   Operation 385 'load' 'fc1_out_7_V_load_4' <Predicate = (!exitcond2)> <Delay = 1.75> <Core = "RAM">   --->   Core 37 'RAM' <Latency = 1> <II = 1> <Delay = 1.75> <Storage> <Opcode : 'load' 'store'> <Ports = 2> <Width = 16> <Depth = 5> <RAM>
ST_6 : Operation 386 [1/1] (1.75ns)   --->   "store i16 %tmp_55_47, i16* %fc1_out_8_V_addr_4, align 2" [bi_lstm/src/rnn.cpp:329]   --->   Operation 386 'store' <Predicate = (!exitcond2)> <Delay = 1.75> <Core = "RAM">   --->   Core 37 'RAM' <Latency = 1> <II = 1> <Delay = 1.75> <Storage> <Opcode : 'load' 'store'> <Ports = 2> <Width = 16> <Depth = 5> <RAM>

State 7 <SV = 6> <Delay = 8.32>
ST_7 : Operation 387 [1/1] (1.75ns)   --->   "store i16 %tmp_55, i16* %fc1_out_0_V_addr, align 2" [bi_lstm/src/rnn.cpp:329]   --->   Operation 387 'store' <Predicate = (!exitcond2)> <Delay = 1.75> <Core = "RAM">   --->   Core 37 'RAM' <Latency = 1> <II = 1> <Delay = 1.75> <Storage> <Opcode : 'load' 'store'> <Ports = 2> <Width = 16> <Depth = 5> <RAM>
ST_7 : Operation 388 [1/2] (2.77ns)   --->   "%Weight_fc1_V_0_load_1 = load i7* %Weight_fc1_V_0_addr_1, align 1" [bi_lstm/src/rnn.cpp:329]   --->   Operation 388 'load' 'Weight_fc1_V_0_load_1' <Predicate = (!exitcond2)> <Delay = 2.77> <Core = "ROM_1P_BRAM">   --->   Core 61 'ROM_1P_BRAM' <Latency = 1> <II = 1> <Delay = 2.77> <Storage> <Opcode : 'load'> <Ports = 1> <Width = 7> <Depth = 100> <ROM>
ST_7 : Operation 389 [1/1] (0.00ns)   --->   "%tmp_2 = sext i7 %Weight_fc1_V_0_load_1 to i23" [bi_lstm/src/rnn.cpp:329]   --->   Operation 389 'sext' 'tmp_2' <Predicate = (!exitcond2)> <Delay = 0.00>
ST_7 : Operation 390 [1/1] (2.82ns) (grouped into DSP with root node ret_V_1)   --->   "%rhs_V31_1_cast = mul i23 %tmp_2, %tmp" [bi_lstm/src/rnn.cpp:329]   --->   Operation 390 'mul' 'rhs_V31_1_cast' <Predicate = (!exitcond2)> <Delay = 2.82> <Core = "DSP48">   --->   Core 65 'DSP48' <Latency = 0> <II = 1> <Delay = 5.55> <IPBlock> <Opcode : 'mul' 'add' 'sub' 'select'> <InPorts = 0> <OutPorts = 1> <Sync> <CReg>
ST_7 : Operation 391 [1/1] (0.00ns)   --->   "%lhs_V_1_1 = call i23 @_ssdm_op_BitConcatenate.i23.i16.i7(i16 %fc1_out_1_V_load, i7 0)" [bi_lstm/src/rnn.cpp:329]   --->   Operation 391 'bitconcatenate' 'lhs_V_1_1' <Predicate = (!exitcond2)> <Delay = 0.00>
ST_7 : Operation 392 [1/1] (2.73ns) (root node of the DSP)   --->   "%ret_V_1 = add i23 %lhs_V_1_1, %rhs_V31_1_cast" [bi_lstm/src/rnn.cpp:329]   --->   Operation 392 'add' 'ret_V_1' <Predicate = (!exitcond2)> <Delay = 2.73> <Core = "DSP48">   --->   Core 65 'DSP48' <Latency = 0> <II = 1> <Delay = 5.55> <IPBlock> <Opcode : 'mul' 'add' 'sub' 'select'> <InPorts = 0> <OutPorts = 1> <Sync> <CReg>
ST_7 : Operation 393 [1/1] (0.00ns)   --->   "%tmp_55_1 = call i16 @_ssdm_op_PartSelect.i16.i23.i32.i32(i23 %ret_V_1, i32 7, i32 22)" [bi_lstm/src/rnn.cpp:329]   --->   Operation 393 'partselect' 'tmp_55_1' <Predicate = (!exitcond2)> <Delay = 0.00>
ST_7 : Operation 394 [2/2] (2.77ns)   --->   "%Weight_fc1_V_0_load_2 = load i7* %Weight_fc1_V_0_addr_2, align 1" [bi_lstm/src/rnn.cpp:329]   --->   Operation 394 'load' 'Weight_fc1_V_0_load_2' <Predicate = (!exitcond2)> <Delay = 2.77> <Core = "ROM_1P_BRAM">   --->   Core 61 'ROM_1P_BRAM' <Latency = 1> <II = 1> <Delay = 2.77> <Storage> <Opcode : 'load'> <Ports = 1> <Width = 7> <Depth = 100> <ROM>
ST_7 : Operation 395 [1/2] (1.75ns)   --->   "%fc1_out_4_V_load = load i16* %fc1_out_4_V_addr, align 2" [bi_lstm/src/rnn.cpp:329]   --->   Operation 395 'load' 'fc1_out_4_V_load' <Predicate = (!exitcond2)> <Delay = 1.75> <Core = "RAM">   --->   Core 37 'RAM' <Latency = 1> <II = 1> <Delay = 1.75> <Storage> <Opcode : 'load' 'store'> <Ports = 2> <Width = 16> <Depth = 5> <RAM>
ST_7 : Operation 396 [1/2] (1.75ns)   --->   "%fc1_out_5_V_load = load i16* %fc1_out_5_V_addr, align 2" [bi_lstm/src/rnn.cpp:329]   --->   Operation 396 'load' 'fc1_out_5_V_load' <Predicate = (!exitcond2)> <Delay = 1.75> <Core = "RAM">   --->   Core 37 'RAM' <Latency = 1> <II = 1> <Delay = 1.75> <Storage> <Opcode : 'load' 'store'> <Ports = 2> <Width = 16> <Depth = 5> <RAM>
ST_7 : Operation 397 [1/1] (0.00ns)   --->   "%tmp_8 = sext i7 %Weight_fc1_V_1_load to i23" [bi_lstm/src/rnn.cpp:329]   --->   Operation 397 'sext' 'tmp_8' <Predicate = (!exitcond2)> <Delay = 0.00>
ST_7 : Operation 398 [1/1] (2.82ns) (grouped into DSP with root node ret_V_7)   --->   "%rhs_V31_7_cast = mul i23 %tmp_8, %tmp" [bi_lstm/src/rnn.cpp:329]   --->   Operation 398 'mul' 'rhs_V31_7_cast' <Predicate = (!exitcond2)> <Delay = 2.82> <Core = "DSP48">   --->   Core 65 'DSP48' <Latency = 0> <II = 1> <Delay = 5.55> <IPBlock> <Opcode : 'mul' 'add' 'sub' 'select'> <InPorts = 0> <OutPorts = 1> <Sync> <CReg>
ST_7 : Operation 399 [1/2] (1.75ns)   --->   "%fc1_out_7_V_load = load i16* %fc1_out_7_V_addr, align 2" [bi_lstm/src/rnn.cpp:329]   --->   Operation 399 'load' 'fc1_out_7_V_load' <Predicate = (!exitcond2)> <Delay = 1.75> <Core = "RAM">   --->   Core 37 'RAM' <Latency = 1> <II = 1> <Delay = 1.75> <Storage> <Opcode : 'load' 'store'> <Ports = 2> <Width = 16> <Depth = 5> <RAM>
ST_7 : Operation 400 [1/1] (0.00ns)   --->   "%lhs_V_1_7 = call i23 @_ssdm_op_BitConcatenate.i23.i16.i7(i16 %fc1_out_7_V_load, i7 0)" [bi_lstm/src/rnn.cpp:329]   --->   Operation 400 'bitconcatenate' 'lhs_V_1_7' <Predicate = (!exitcond2)> <Delay = 0.00>
ST_7 : Operation 401 [1/1] (2.73ns) (root node of the DSP)   --->   "%ret_V_7 = add i23 %lhs_V_1_7, %rhs_V31_7_cast" [bi_lstm/src/rnn.cpp:329]   --->   Operation 401 'add' 'ret_V_7' <Predicate = (!exitcond2)> <Delay = 2.73> <Core = "DSP48">   --->   Core 65 'DSP48' <Latency = 0> <II = 1> <Delay = 5.55> <IPBlock> <Opcode : 'mul' 'add' 'sub' 'select'> <InPorts = 0> <OutPorts = 1> <Sync> <CReg>
ST_7 : Operation 402 [1/1] (0.00ns)   --->   "%tmp_55_7 = call i16 @_ssdm_op_PartSelect.i16.i23.i32.i32(i23 %ret_V_7, i32 7, i32 22)" [bi_lstm/src/rnn.cpp:329]   --->   Operation 402 'partselect' 'tmp_55_7' <Predicate = (!exitcond2)> <Delay = 0.00>
ST_7 : Operation 403 [1/1] (1.75ns)   --->   "store i16 %tmp_55_7, i16* %fc1_out_7_V_addr, align 2" [bi_lstm/src/rnn.cpp:329]   --->   Operation 403 'store' <Predicate = (!exitcond2)> <Delay = 1.75> <Core = "RAM">   --->   Core 37 'RAM' <Latency = 1> <II = 1> <Delay = 1.75> <Storage> <Opcode : 'load' 'store'> <Ports = 2> <Width = 16> <Depth = 5> <RAM>
ST_7 : Operation 404 [1/2] (2.77ns)   --->   "%Weight_fc1_V_1_load_1 = load i7* %Weight_fc1_V_1_addr_1, align 1" [bi_lstm/src/rnn.cpp:329]   --->   Operation 404 'load' 'Weight_fc1_V_1_load_1' <Predicate = (!exitcond2)> <Delay = 2.77> <Core = "ROM_1P_BRAM">   --->   Core 61 'ROM_1P_BRAM' <Latency = 1> <II = 1> <Delay = 2.77> <Storage> <Opcode : 'load'> <Ports = 1> <Width = 7> <Depth = 100> <ROM>
ST_7 : Operation 405 [2/2] (1.75ns)   --->   "%fc1_out_8_V_load = load i16* %fc1_out_8_V_addr, align 2" [bi_lstm/src/rnn.cpp:329]   --->   Operation 405 'load' 'fc1_out_8_V_load' <Predicate = (!exitcond2)> <Delay = 1.75> <Core = "RAM">   --->   Core 37 'RAM' <Latency = 1> <II = 1> <Delay = 1.75> <Storage> <Opcode : 'load' 'store'> <Ports = 2> <Width = 16> <Depth = 5> <RAM>
ST_7 : Operation 406 [2/2] (2.77ns)   --->   "%Weight_fc1_V_1_load_2 = load i7* %Weight_fc1_V_1_addr_2, align 1" [bi_lstm/src/rnn.cpp:329]   --->   Operation 406 'load' 'Weight_fc1_V_1_load_2' <Predicate = (!exitcond2)> <Delay = 2.77> <Core = "ROM_1P_BRAM">   --->   Core 61 'ROM_1P_BRAM' <Latency = 1> <II = 1> <Delay = 2.77> <Storage> <Opcode : 'load'> <Ports = 1> <Width = 7> <Depth = 100> <ROM>
ST_7 : Operation 407 [1/2] (1.75ns)   --->   "%fc1_out_2_V_load_1 = load i16* %fc1_out_2_V_addr_1, align 2" [bi_lstm/src/rnn.cpp:329]   --->   Operation 407 'load' 'fc1_out_2_V_load_1' <Predicate = (!exitcond2)> <Delay = 1.75> <Core = "RAM">   --->   Core 37 'RAM' <Latency = 1> <II = 1> <Delay = 1.75> <Storage> <Opcode : 'load' 'store'> <Ports = 2> <Width = 16> <Depth = 5> <RAM>
ST_7 : Operation 408 [1/1] (1.75ns)   --->   "store i16 %tmp_55_13, i16* %fc1_out_4_V_addr_1, align 2" [bi_lstm/src/rnn.cpp:329]   --->   Operation 408 'store' <Predicate = (!exitcond2)> <Delay = 1.75> <Core = "RAM">   --->   Core 37 'RAM' <Latency = 1> <II = 1> <Delay = 1.75> <Storage> <Opcode : 'load' 'store'> <Ports = 2> <Width = 16> <Depth = 5> <RAM>
ST_7 : Operation 409 [1/2] (2.77ns)   --->   "%Weight_fc1_V_2_load_1 = load i7* %Weight_fc1_V_2_addr_1, align 1" [bi_lstm/src/rnn.cpp:329]   --->   Operation 409 'load' 'Weight_fc1_V_2_load_1' <Predicate = (!exitcond2)> <Delay = 2.77> <Core = "ROM_1P_BRAM">   --->   Core 61 'ROM_1P_BRAM' <Latency = 1> <II = 1> <Delay = 2.77> <Storage> <Opcode : 'load'> <Ports = 1> <Width = 7> <Depth = 100> <ROM>
ST_7 : Operation 410 [1/1] (0.00ns)   --->   "%tmp_17 = sext i7 %Weight_fc1_V_2_load_1 to i23" [bi_lstm/src/rnn.cpp:329]   --->   Operation 410 'sext' 'tmp_17' <Predicate = (!exitcond2)> <Delay = 0.00>
ST_7 : Operation 411 [1/1] (2.82ns) (grouped into DSP with root node ret_V_14)   --->   "%rhs_V31_14_cast = mul i23 %tmp_17, %tmp" [bi_lstm/src/rnn.cpp:329]   --->   Operation 411 'mul' 'rhs_V31_14_cast' <Predicate = (!exitcond2)> <Delay = 2.82> <Core = "DSP48">   --->   Core 65 'DSP48' <Latency = 0> <II = 1> <Delay = 5.55> <IPBlock> <Opcode : 'mul' 'add' 'sub' 'select'> <InPorts = 0> <OutPorts = 1> <Sync> <CReg>
ST_7 : Operation 412 [1/1] (0.00ns)   --->   "%lhs_V_1_14 = call i23 @_ssdm_op_BitConcatenate.i23.i16.i7(i16 %fc1_out_5_V_load_1, i7 0)" [bi_lstm/src/rnn.cpp:329]   --->   Operation 412 'bitconcatenate' 'lhs_V_1_14' <Predicate = (!exitcond2)> <Delay = 0.00>
ST_7 : Operation 413 [1/1] (2.73ns) (root node of the DSP)   --->   "%ret_V_14 = add i23 %lhs_V_1_14, %rhs_V31_14_cast" [bi_lstm/src/rnn.cpp:329]   --->   Operation 413 'add' 'ret_V_14' <Predicate = (!exitcond2)> <Delay = 2.73> <Core = "DSP48">   --->   Core 65 'DSP48' <Latency = 0> <II = 1> <Delay = 5.55> <IPBlock> <Opcode : 'mul' 'add' 'sub' 'select'> <InPorts = 0> <OutPorts = 1> <Sync> <CReg>
ST_7 : Operation 414 [1/1] (0.00ns)   --->   "%tmp_55_14 = call i16 @_ssdm_op_PartSelect.i16.i23.i32.i32(i23 %ret_V_14, i32 7, i32 22)" [bi_lstm/src/rnn.cpp:329]   --->   Operation 414 'partselect' 'tmp_55_14' <Predicate = (!exitcond2)> <Delay = 0.00>
ST_7 : Operation 415 [2/2] (2.77ns)   --->   "%Weight_fc1_V_2_load_2 = load i7* %Weight_fc1_V_2_addr_2, align 1" [bi_lstm/src/rnn.cpp:329]   --->   Operation 415 'load' 'Weight_fc1_V_2_load_2' <Predicate = (!exitcond2)> <Delay = 2.77> <Core = "ROM_1P_BRAM">   --->   Core 61 'ROM_1P_BRAM' <Latency = 1> <II = 1> <Delay = 2.77> <Storage> <Opcode : 'load'> <Ports = 1> <Width = 7> <Depth = 100> <ROM>
ST_7 : Operation 416 [2/2] (1.75ns)   --->   "%fc1_out_7_V_load_1 = load i16* %fc1_out_7_V_addr_1, align 2" [bi_lstm/src/rnn.cpp:329]   --->   Operation 416 'load' 'fc1_out_7_V_load_1' <Predicate = (!exitcond2)> <Delay = 1.75> <Core = "RAM">   --->   Core 37 'RAM' <Latency = 1> <II = 1> <Delay = 1.75> <Storage> <Opcode : 'load' 'store'> <Ports = 2> <Width = 16> <Depth = 5> <RAM>
ST_7 : Operation 417 [1/2] (1.75ns)   --->   "%fc1_out_9_V_load_1 = load i16* %fc1_out_9_V_addr_1, align 2" [bi_lstm/src/rnn.cpp:329]   --->   Operation 417 'load' 'fc1_out_9_V_load_1' <Predicate = (!exitcond2)> <Delay = 1.75> <Core = "RAM">   --->   Core 37 'RAM' <Latency = 1> <II = 1> <Delay = 1.75> <Storage> <Opcode : 'load' 'store'> <Ports = 2> <Width = 16> <Depth = 5> <RAM>
ST_7 : Operation 418 [1/1] (0.00ns)   --->   "%tmp_23 = sext i7 %Weight_fc1_V_3_load to i23" [bi_lstm/src/rnn.cpp:329]   --->   Operation 418 'sext' 'tmp_23' <Predicate = (!exitcond2)> <Delay = 0.00>
ST_7 : Operation 419 [1/1] (2.82ns) (grouped into DSP with root node ret_V_20)   --->   "%rhs_V31_20_cast = mul i23 %tmp_23, %tmp" [bi_lstm/src/rnn.cpp:329]   --->   Operation 419 'mul' 'rhs_V31_20_cast' <Predicate = (!exitcond2)> <Delay = 2.82> <Core = "DSP48">   --->   Core 65 'DSP48' <Latency = 0> <II = 1> <Delay = 5.55> <IPBlock> <Opcode : 'mul' 'add' 'sub' 'select'> <InPorts = 0> <OutPorts = 1> <Sync> <CReg>
ST_7 : Operation 420 [1/2] (1.75ns)   --->   "%fc1_out_1_V_load_2 = load i16* %fc1_out_1_V_addr_2, align 2" [bi_lstm/src/rnn.cpp:329]   --->   Operation 420 'load' 'fc1_out_1_V_load_2' <Predicate = (!exitcond2)> <Delay = 1.75> <Core = "RAM">   --->   Core 37 'RAM' <Latency = 1> <II = 1> <Delay = 1.75> <Storage> <Opcode : 'load' 'store'> <Ports = 2> <Width = 16> <Depth = 5> <RAM>
ST_7 : Operation 421 [1/1] (0.00ns)   --->   "%lhs_V_1_20 = call i23 @_ssdm_op_BitConcatenate.i23.i16.i7(i16 %fc1_out_1_V_load_2, i7 0)" [bi_lstm/src/rnn.cpp:329]   --->   Operation 421 'bitconcatenate' 'lhs_V_1_20' <Predicate = (!exitcond2)> <Delay = 0.00>
ST_7 : Operation 422 [1/1] (2.73ns) (root node of the DSP)   --->   "%ret_V_20 = add i23 %lhs_V_1_20, %rhs_V31_20_cast" [bi_lstm/src/rnn.cpp:329]   --->   Operation 422 'add' 'ret_V_20' <Predicate = (!exitcond2)> <Delay = 2.73> <Core = "DSP48">   --->   Core 65 'DSP48' <Latency = 0> <II = 1> <Delay = 5.55> <IPBlock> <Opcode : 'mul' 'add' 'sub' 'select'> <InPorts = 0> <OutPorts = 1> <Sync> <CReg>
ST_7 : Operation 423 [1/1] (0.00ns)   --->   "%tmp_55_20 = call i16 @_ssdm_op_PartSelect.i16.i23.i32.i32(i23 %ret_V_20, i32 7, i32 22)" [bi_lstm/src/rnn.cpp:329]   --->   Operation 423 'partselect' 'tmp_55_20' <Predicate = (!exitcond2)> <Delay = 0.00>
ST_7 : Operation 424 [1/1] (1.75ns)   --->   "store i16 %tmp_55_20, i16* %fc1_out_1_V_addr_2, align 2" [bi_lstm/src/rnn.cpp:329]   --->   Operation 424 'store' <Predicate = (!exitcond2)> <Delay = 1.75> <Core = "RAM">   --->   Core 37 'RAM' <Latency = 1> <II = 1> <Delay = 1.75> <Storage> <Opcode : 'load' 'store'> <Ports = 2> <Width = 16> <Depth = 5> <RAM>
ST_7 : Operation 425 [1/2] (2.77ns)   --->   "%Weight_fc1_V_3_load_1 = load i7* %Weight_fc1_V_3_addr_1, align 1" [bi_lstm/src/rnn.cpp:329]   --->   Operation 425 'load' 'Weight_fc1_V_3_load_1' <Predicate = (!exitcond2)> <Delay = 2.77> <Core = "ROM_1P_BRAM">   --->   Core 61 'ROM_1P_BRAM' <Latency = 1> <II = 1> <Delay = 2.77> <Storage> <Opcode : 'load'> <Ports = 1> <Width = 7> <Depth = 100> <ROM>
ST_7 : Operation 426 [1/1] (0.00ns)   --->   "%tmp_24 = sext i7 %Weight_fc1_V_3_load_1 to i23" [bi_lstm/src/rnn.cpp:329]   --->   Operation 426 'sext' 'tmp_24' <Predicate = (!exitcond2)> <Delay = 0.00>
ST_7 : Operation 427 [1/1] (2.82ns) (grouped into DSP with root node ret_V_21)   --->   "%rhs_V31_21_cast = mul i23 %tmp_24, %tmp" [bi_lstm/src/rnn.cpp:329]   --->   Operation 427 'mul' 'rhs_V31_21_cast' <Predicate = (!exitcond2)> <Delay = 2.82> <Core = "DSP48">   --->   Core 65 'DSP48' <Latency = 0> <II = 1> <Delay = 5.55> <IPBlock> <Opcode : 'mul' 'add' 'sub' 'select'> <InPorts = 0> <OutPorts = 1> <Sync> <CReg>
ST_7 : Operation 428 [1/2] (1.75ns)   --->   "%fc1_out_2_V_load_2 = load i16* %fc1_out_2_V_addr_2, align 2" [bi_lstm/src/rnn.cpp:329]   --->   Operation 428 'load' 'fc1_out_2_V_load_2' <Predicate = (!exitcond2)> <Delay = 1.75> <Core = "RAM">   --->   Core 37 'RAM' <Latency = 1> <II = 1> <Delay = 1.75> <Storage> <Opcode : 'load' 'store'> <Ports = 2> <Width = 16> <Depth = 5> <RAM>
ST_7 : Operation 429 [1/1] (0.00ns)   --->   "%lhs_V_1_21 = call i23 @_ssdm_op_BitConcatenate.i23.i16.i7(i16 %fc1_out_2_V_load_2, i7 0)" [bi_lstm/src/rnn.cpp:329]   --->   Operation 429 'bitconcatenate' 'lhs_V_1_21' <Predicate = (!exitcond2)> <Delay = 0.00>
ST_7 : Operation 430 [1/1] (2.73ns) (root node of the DSP)   --->   "%ret_V_21 = add i23 %lhs_V_1_21, %rhs_V31_21_cast" [bi_lstm/src/rnn.cpp:329]   --->   Operation 430 'add' 'ret_V_21' <Predicate = (!exitcond2)> <Delay = 2.73> <Core = "DSP48">   --->   Core 65 'DSP48' <Latency = 0> <II = 1> <Delay = 5.55> <IPBlock> <Opcode : 'mul' 'add' 'sub' 'select'> <InPorts = 0> <OutPorts = 1> <Sync> <CReg>
ST_7 : Operation 431 [1/1] (0.00ns)   --->   "%tmp_55_21 = call i16 @_ssdm_op_PartSelect.i16.i23.i32.i32(i23 %ret_V_21, i32 7, i32 22)" [bi_lstm/src/rnn.cpp:329]   --->   Operation 431 'partselect' 'tmp_55_21' <Predicate = (!exitcond2)> <Delay = 0.00>
ST_7 : Operation 432 [2/2] (2.77ns)   --->   "%Weight_fc1_V_3_load_2 = load i7* %Weight_fc1_V_3_addr_2, align 1" [bi_lstm/src/rnn.cpp:329]   --->   Operation 432 'load' 'Weight_fc1_V_3_load_2' <Predicate = (!exitcond2)> <Delay = 2.77> <Core = "ROM_1P_BRAM">   --->   Core 61 'ROM_1P_BRAM' <Latency = 1> <II = 1> <Delay = 2.77> <Storage> <Opcode : 'load'> <Ports = 1> <Width = 7> <Depth = 100> <ROM>
ST_7 : Operation 433 [1/2] (1.75ns)   --->   "%fc1_out_3_V_load_2 = load i16* %fc1_out_3_V_addr_2, align 2" [bi_lstm/src/rnn.cpp:329]   --->   Operation 433 'load' 'fc1_out_3_V_load_2' <Predicate = (!exitcond2)> <Delay = 1.75> <Core = "RAM">   --->   Core 37 'RAM' <Latency = 1> <II = 1> <Delay = 1.75> <Storage> <Opcode : 'load' 'store'> <Ports = 2> <Width = 16> <Depth = 5> <RAM>
ST_7 : Operation 434 [2/2] (1.75ns)   --->   "%fc1_out_4_V_load_2 = load i16* %fc1_out_4_V_addr_2, align 2" [bi_lstm/src/rnn.cpp:329]   --->   Operation 434 'load' 'fc1_out_4_V_load_2' <Predicate = (!exitcond2)> <Delay = 1.75> <Core = "RAM">   --->   Core 37 'RAM' <Latency = 1> <II = 1> <Delay = 1.75> <Storage> <Opcode : 'load' 'store'> <Ports = 2> <Width = 16> <Depth = 5> <RAM>
ST_7 : Operation 435 [1/2] (1.75ns)   --->   "%fc1_out_5_V_load_2 = load i16* %fc1_out_5_V_addr_2, align 2" [bi_lstm/src/rnn.cpp:329]   --->   Operation 435 'load' 'fc1_out_5_V_load_2' <Predicate = (!exitcond2)> <Delay = 1.75> <Core = "RAM">   --->   Core 37 'RAM' <Latency = 1> <II = 1> <Delay = 1.75> <Storage> <Opcode : 'load' 'store'> <Ports = 2> <Width = 16> <Depth = 5> <RAM>
ST_7 : Operation 436 [1/2] (1.75ns)   --->   "%fc1_out_6_V_load_2 = load i16* %fc1_out_6_V_addr_2, align 2" [bi_lstm/src/rnn.cpp:329]   --->   Operation 436 'load' 'fc1_out_6_V_load_2' <Predicate = (!exitcond2)> <Delay = 1.75> <Core = "RAM">   --->   Core 37 'RAM' <Latency = 1> <II = 1> <Delay = 1.75> <Storage> <Opcode : 'load' 'store'> <Ports = 2> <Width = 16> <Depth = 5> <RAM>
ST_7 : Operation 437 [1/1] (1.75ns)   --->   "store i16 %tmp_55_27, i16* %fc1_out_8_V_addr_2, align 2" [bi_lstm/src/rnn.cpp:329]   --->   Operation 437 'store' <Predicate = (!exitcond2)> <Delay = 1.75> <Core = "RAM">   --->   Core 37 'RAM' <Latency = 1> <II = 1> <Delay = 1.75> <Storage> <Opcode : 'load' 'store'> <Ports = 2> <Width = 16> <Depth = 5> <RAM>
ST_7 : Operation 438 [1/2] (2.77ns)   --->   "%Weight_fc1_V_4_load_1 = load i7* %Weight_fc1_V_4_addr_1, align 1" [bi_lstm/src/rnn.cpp:329]   --->   Operation 438 'load' 'Weight_fc1_V_4_load_1' <Predicate = (!exitcond2)> <Delay = 2.77> <Core = "ROM_1P_BRAM">   --->   Core 61 'ROM_1P_BRAM' <Latency = 1> <II = 1> <Delay = 2.77> <Storage> <Opcode : 'load'> <Ports = 1> <Width = 7> <Depth = 100> <ROM>
ST_7 : Operation 439 [1/1] (0.00ns)   --->   "%tmp_31 = sext i7 %Weight_fc1_V_4_load_1 to i23" [bi_lstm/src/rnn.cpp:329]   --->   Operation 439 'sext' 'tmp_31' <Predicate = (!exitcond2)> <Delay = 0.00>
ST_7 : Operation 440 [1/1] (2.82ns) (grouped into DSP with root node ret_V_28)   --->   "%rhs_V31_28_cast = mul i23 %tmp_31, %tmp" [bi_lstm/src/rnn.cpp:329]   --->   Operation 440 'mul' 'rhs_V31_28_cast' <Predicate = (!exitcond2)> <Delay = 2.82> <Core = "DSP48">   --->   Core 65 'DSP48' <Latency = 0> <II = 1> <Delay = 5.55> <IPBlock> <Opcode : 'mul' 'add' 'sub' 'select'> <InPorts = 0> <OutPorts = 1> <Sync> <CReg>
ST_7 : Operation 441 [1/1] (0.00ns)   --->   "%lhs_V_1_28 = call i23 @_ssdm_op_BitConcatenate.i23.i16.i7(i16 %fc1_out_9_V_load_2, i7 0)" [bi_lstm/src/rnn.cpp:329]   --->   Operation 441 'bitconcatenate' 'lhs_V_1_28' <Predicate = (!exitcond2)> <Delay = 0.00>
ST_7 : Operation 442 [1/1] (2.73ns) (root node of the DSP)   --->   "%ret_V_28 = add i23 %lhs_V_1_28, %rhs_V31_28_cast" [bi_lstm/src/rnn.cpp:329]   --->   Operation 442 'add' 'ret_V_28' <Predicate = (!exitcond2)> <Delay = 2.73> <Core = "DSP48">   --->   Core 65 'DSP48' <Latency = 0> <II = 1> <Delay = 5.55> <IPBlock> <Opcode : 'mul' 'add' 'sub' 'select'> <InPorts = 0> <OutPorts = 1> <Sync> <CReg>
ST_7 : Operation 443 [1/1] (0.00ns)   --->   "%tmp_55_28 = call i16 @_ssdm_op_PartSelect.i16.i23.i32.i32(i23 %ret_V_28, i32 7, i32 22)" [bi_lstm/src/rnn.cpp:329]   --->   Operation 443 'partselect' 'tmp_55_28' <Predicate = (!exitcond2)> <Delay = 0.00>
ST_7 : Operation 444 [2/2] (2.77ns)   --->   "%Weight_fc1_V_4_load_2 = load i7* %Weight_fc1_V_4_addr_2, align 1" [bi_lstm/src/rnn.cpp:329]   --->   Operation 444 'load' 'Weight_fc1_V_4_load_2' <Predicate = (!exitcond2)> <Delay = 2.77> <Core = "ROM_1P_BRAM">   --->   Core 61 'ROM_1P_BRAM' <Latency = 1> <II = 1> <Delay = 2.77> <Storage> <Opcode : 'load'> <Ports = 1> <Width = 7> <Depth = 100> <ROM>
ST_7 : Operation 445 [1/2] (1.75ns)   --->   "%fc1_out_0_V_load_3 = load i16* %fc1_out_0_V_addr_3, align 2" [bi_lstm/src/rnn.cpp:329]   --->   Operation 445 'load' 'fc1_out_0_V_load_3' <Predicate = (!exitcond2)> <Delay = 1.75> <Core = "RAM">   --->   Core 37 'RAM' <Latency = 1> <II = 1> <Delay = 1.75> <Storage> <Opcode : 'load' 'store'> <Ports = 2> <Width = 16> <Depth = 5> <RAM>
ST_7 : Operation 446 [2/2] (1.75ns)   --->   "%fc1_out_2_V_load_3 = load i16* %fc1_out_2_V_addr_3, align 2" [bi_lstm/src/rnn.cpp:329]   --->   Operation 446 'load' 'fc1_out_2_V_load_3' <Predicate = (!exitcond2)> <Delay = 1.75> <Core = "RAM">   --->   Core 37 'RAM' <Latency = 1> <II = 1> <Delay = 1.75> <Storage> <Opcode : 'load' 'store'> <Ports = 2> <Width = 16> <Depth = 5> <RAM>
ST_7 : Operation 447 [2/2] (1.75ns)   --->   "%fc1_out_3_V_load_3 = load i16* %fc1_out_3_V_addr_3, align 2" [bi_lstm/src/rnn.cpp:329]   --->   Operation 447 'load' 'fc1_out_3_V_load_3' <Predicate = (!exitcond2)> <Delay = 1.75> <Core = "RAM">   --->   Core 37 'RAM' <Latency = 1> <II = 1> <Delay = 1.75> <Storage> <Opcode : 'load' 'store'> <Ports = 2> <Width = 16> <Depth = 5> <RAM>
ST_7 : Operation 448 [2/2] (2.77ns)   --->   "%Weight_fc1_V_5_load = load i7* %Weight_fc1_V_5_addr, align 1" [bi_lstm/src/rnn.cpp:329]   --->   Operation 448 'load' 'Weight_fc1_V_5_load' <Predicate = (!exitcond2)> <Delay = 2.77> <Core = "ROM_1P_BRAM">   --->   Core 61 'ROM_1P_BRAM' <Latency = 1> <II = 1> <Delay = 2.77> <Storage> <Opcode : 'load'> <Ports = 1> <Width = 7> <Depth = 100> <ROM>
ST_7 : Operation 449 [2/2] (1.75ns)   --->   "%fc1_out_5_V_load_3 = load i16* %fc1_out_5_V_addr_3, align 2" [bi_lstm/src/rnn.cpp:329]   --->   Operation 449 'load' 'fc1_out_5_V_load_3' <Predicate = (!exitcond2)> <Delay = 1.75> <Core = "RAM">   --->   Core 37 'RAM' <Latency = 1> <II = 1> <Delay = 1.75> <Storage> <Opcode : 'load' 'store'> <Ports = 2> <Width = 16> <Depth = 5> <RAM>
ST_7 : Operation 450 [2/2] (1.75ns)   --->   "%fc1_out_6_V_load_3 = load i16* %fc1_out_6_V_addr_3, align 2" [bi_lstm/src/rnn.cpp:329]   --->   Operation 450 'load' 'fc1_out_6_V_load_3' <Predicate = (!exitcond2)> <Delay = 1.75> <Core = "RAM">   --->   Core 37 'RAM' <Latency = 1> <II = 1> <Delay = 1.75> <Storage> <Opcode : 'load' 'store'> <Ports = 2> <Width = 16> <Depth = 5> <RAM>
ST_7 : Operation 451 [1/2] (1.75ns)   --->   "%fc1_out_9_V_load_3 = load i16* %fc1_out_9_V_addr_3, align 2" [bi_lstm/src/rnn.cpp:329]   --->   Operation 451 'load' 'fc1_out_9_V_load_3' <Predicate = (!exitcond2)> <Delay = 1.75> <Core = "RAM">   --->   Core 37 'RAM' <Latency = 1> <II = 1> <Delay = 1.75> <Storage> <Opcode : 'load' 'store'> <Ports = 2> <Width = 16> <Depth = 5> <RAM>
ST_7 : Operation 452 [1/2] (2.77ns)   --->   "%Weight_fc1_V_5_load_5 = load i7* %Weight_fc1_V_5_addr_5, align 1" [bi_lstm/src/rnn.cpp:329]   --->   Operation 452 'load' 'Weight_fc1_V_5_load_5' <Predicate = (!exitcond2)> <Delay = 2.77> <Core = "ROM_1P_BRAM">   --->   Core 61 'ROM_1P_BRAM' <Latency = 1> <II = 1> <Delay = 2.77> <Storage> <Opcode : 'load'> <Ports = 1> <Width = 7> <Depth = 100> <ROM>
ST_7 : Operation 453 [1/1] (0.00ns)   --->   "%tmp_42 = sext i7 %Weight_fc1_V_5_load_5 to i23" [bi_lstm/src/rnn.cpp:329]   --->   Operation 453 'sext' 'tmp_42' <Predicate = (!exitcond2)> <Delay = 0.00>
ST_7 : Operation 454 [1/1] (2.82ns) (grouped into DSP with root node ret_V_39)   --->   "%rhs_V31_39_cast = mul i23 %tmp_42, %tmp" [bi_lstm/src/rnn.cpp:329]   --->   Operation 454 'mul' 'rhs_V31_39_cast' <Predicate = (!exitcond2)> <Delay = 2.82> <Core = "DSP48">   --->   Core 65 'DSP48' <Latency = 0> <II = 1> <Delay = 5.55> <IPBlock> <Opcode : 'mul' 'add' 'sub' 'select'> <InPorts = 0> <OutPorts = 1> <Sync> <CReg>
ST_7 : Operation 455 [1/1] (0.00ns)   --->   "%lhs_V_1_39 = call i23 @_ssdm_op_BitConcatenate.i23.i16.i7(i16 %fc1_out_0_V_load_4, i7 0)" [bi_lstm/src/rnn.cpp:329]   --->   Operation 455 'bitconcatenate' 'lhs_V_1_39' <Predicate = (!exitcond2)> <Delay = 0.00>
ST_7 : Operation 456 [1/1] (2.73ns) (root node of the DSP)   --->   "%ret_V_39 = add i23 %lhs_V_1_39, %rhs_V31_39_cast" [bi_lstm/src/rnn.cpp:329]   --->   Operation 456 'add' 'ret_V_39' <Predicate = (!exitcond2)> <Delay = 2.73> <Core = "DSP48">   --->   Core 65 'DSP48' <Latency = 0> <II = 1> <Delay = 5.55> <IPBlock> <Opcode : 'mul' 'add' 'sub' 'select'> <InPorts = 0> <OutPorts = 1> <Sync> <CReg>
ST_7 : Operation 457 [1/1] (0.00ns)   --->   "%tmp_55_39 = call i16 @_ssdm_op_PartSelect.i16.i23.i32.i32(i23 %ret_V_39, i32 7, i32 22)" [bi_lstm/src/rnn.cpp:329]   --->   Operation 457 'partselect' 'tmp_55_39' <Predicate = (!exitcond2)> <Delay = 0.00>
ST_7 : Operation 458 [1/1] (0.00ns)   --->   "%tmp_43 = sext i7 %Weight_fc1_V_5_load_6 to i23" [bi_lstm/src/rnn.cpp:329]   --->   Operation 458 'sext' 'tmp_43' <Predicate = (!exitcond2)> <Delay = 0.00>
ST_7 : Operation 459 [1/1] (2.82ns) (grouped into DSP with root node ret_V_40)   --->   "%rhs_V31_40_cast = mul i23 %tmp_43, %tmp" [bi_lstm/src/rnn.cpp:329]   --->   Operation 459 'mul' 'rhs_V31_40_cast' <Predicate = (!exitcond2)> <Delay = 2.82> <Core = "DSP48">   --->   Core 65 'DSP48' <Latency = 0> <II = 1> <Delay = 5.55> <IPBlock> <Opcode : 'mul' 'add' 'sub' 'select'> <InPorts = 0> <OutPorts = 1> <Sync> <CReg>
ST_7 : Operation 460 [1/2] (1.75ns)   --->   "%fc1_out_1_V_load_4 = load i16* %fc1_out_1_V_addr_4, align 2" [bi_lstm/src/rnn.cpp:329]   --->   Operation 460 'load' 'fc1_out_1_V_load_4' <Predicate = (!exitcond2)> <Delay = 1.75> <Core = "RAM">   --->   Core 37 'RAM' <Latency = 1> <II = 1> <Delay = 1.75> <Storage> <Opcode : 'load' 'store'> <Ports = 2> <Width = 16> <Depth = 5> <RAM>
ST_7 : Operation 461 [1/1] (0.00ns)   --->   "%lhs_V_1_40 = call i23 @_ssdm_op_BitConcatenate.i23.i16.i7(i16 %fc1_out_1_V_load_4, i7 0)" [bi_lstm/src/rnn.cpp:329]   --->   Operation 461 'bitconcatenate' 'lhs_V_1_40' <Predicate = (!exitcond2)> <Delay = 0.00>
ST_7 : Operation 462 [1/1] (2.73ns) (root node of the DSP)   --->   "%ret_V_40 = add i23 %lhs_V_1_40, %rhs_V31_40_cast" [bi_lstm/src/rnn.cpp:329]   --->   Operation 462 'add' 'ret_V_40' <Predicate = (!exitcond2)> <Delay = 2.73> <Core = "DSP48">   --->   Core 65 'DSP48' <Latency = 0> <II = 1> <Delay = 5.55> <IPBlock> <Opcode : 'mul' 'add' 'sub' 'select'> <InPorts = 0> <OutPorts = 1> <Sync> <CReg>
ST_7 : Operation 463 [1/1] (0.00ns)   --->   "%tmp_55_40 = call i16 @_ssdm_op_PartSelect.i16.i23.i32.i32(i23 %ret_V_40, i32 7, i32 22)" [bi_lstm/src/rnn.cpp:329]   --->   Operation 463 'partselect' 'tmp_55_40' <Predicate = (!exitcond2)> <Delay = 0.00>
ST_7 : Operation 464 [1/1] (1.75ns)   --->   "store i16 %tmp_55_40, i16* %fc1_out_1_V_addr_4, align 2" [bi_lstm/src/rnn.cpp:329]   --->   Operation 464 'store' <Predicate = (!exitcond2)> <Delay = 1.75> <Core = "RAM">   --->   Core 37 'RAM' <Latency = 1> <II = 1> <Delay = 1.75> <Storage> <Opcode : 'load' 'store'> <Ports = 2> <Width = 16> <Depth = 5> <RAM>
ST_7 : Operation 465 [2/2] (1.75ns)   --->   "%fc1_out_2_V_load_4 = load i16* %fc1_out_2_V_addr_4, align 2" [bi_lstm/src/rnn.cpp:329]   --->   Operation 465 'load' 'fc1_out_2_V_load_4' <Predicate = (!exitcond2)> <Delay = 1.75> <Core = "RAM">   --->   Core 37 'RAM' <Latency = 1> <II = 1> <Delay = 1.75> <Storage> <Opcode : 'load' 'store'> <Ports = 2> <Width = 16> <Depth = 5> <RAM>
ST_7 : Operation 466 [1/1] (1.75ns)   --->   "store i16 %tmp_55_42, i16* %fc1_out_3_V_addr_4, align 2" [bi_lstm/src/rnn.cpp:329]   --->   Operation 466 'store' <Predicate = (!exitcond2)> <Delay = 1.75> <Core = "RAM">   --->   Core 37 'RAM' <Latency = 1> <II = 1> <Delay = 1.75> <Storage> <Opcode : 'load' 'store'> <Ports = 2> <Width = 16> <Depth = 5> <RAM>
ST_7 : Operation 467 [1/2] (2.77ns)   --->   "%Weight_fc1_V_6_load_2 = load i7* %Weight_fc1_V_6_addr_2, align 1" [bi_lstm/src/rnn.cpp:329]   --->   Operation 467 'load' 'Weight_fc1_V_6_load_2' <Predicate = (!exitcond2)> <Delay = 2.77> <Core = "ROM_1P_BRAM">   --->   Core 61 'ROM_1P_BRAM' <Latency = 1> <II = 1> <Delay = 2.77> <Storage> <Opcode : 'load'> <Ports = 1> <Width = 7> <Depth = 100> <ROM>
ST_7 : Operation 468 [1/1] (0.00ns)   --->   "%tmp_46 = sext i7 %Weight_fc1_V_6_load_2 to i23" [bi_lstm/src/rnn.cpp:329]   --->   Operation 468 'sext' 'tmp_46' <Predicate = (!exitcond2)> <Delay = 0.00>
ST_7 : Operation 469 [1/1] (2.82ns) (grouped into DSP with root node ret_V_43)   --->   "%rhs_V31_43_cast = mul i23 %tmp_46, %tmp" [bi_lstm/src/rnn.cpp:329]   --->   Operation 469 'mul' 'rhs_V31_43_cast' <Predicate = (!exitcond2)> <Delay = 2.82> <Core = "DSP48">   --->   Core 65 'DSP48' <Latency = 0> <II = 1> <Delay = 5.55> <IPBlock> <Opcode : 'mul' 'add' 'sub' 'select'> <InPorts = 0> <OutPorts = 1> <Sync> <CReg>
ST_7 : Operation 470 [1/1] (0.00ns)   --->   "%lhs_V_1_43 = call i23 @_ssdm_op_BitConcatenate.i23.i16.i7(i16 %fc1_out_4_V_load_4, i7 0)" [bi_lstm/src/rnn.cpp:329]   --->   Operation 470 'bitconcatenate' 'lhs_V_1_43' <Predicate = (!exitcond2)> <Delay = 0.00>
ST_7 : Operation 471 [1/1] (2.73ns) (root node of the DSP)   --->   "%ret_V_43 = add i23 %lhs_V_1_43, %rhs_V31_43_cast" [bi_lstm/src/rnn.cpp:329]   --->   Operation 471 'add' 'ret_V_43' <Predicate = (!exitcond2)> <Delay = 2.73> <Core = "DSP48">   --->   Core 65 'DSP48' <Latency = 0> <II = 1> <Delay = 5.55> <IPBlock> <Opcode : 'mul' 'add' 'sub' 'select'> <InPorts = 0> <OutPorts = 1> <Sync> <CReg>
ST_7 : Operation 472 [1/1] (0.00ns)   --->   "%tmp_55_43 = call i16 @_ssdm_op_PartSelect.i16.i23.i32.i32(i23 %ret_V_43, i32 7, i32 22)" [bi_lstm/src/rnn.cpp:329]   --->   Operation 472 'partselect' 'tmp_55_43' <Predicate = (!exitcond2)> <Delay = 0.00>
ST_7 : Operation 473 [2/2] (2.77ns)   --->   "%Weight_fc1_V_6_load_3 = load i7* %Weight_fc1_V_6_addr_3, align 1" [bi_lstm/src/rnn.cpp:329]   --->   Operation 473 'load' 'Weight_fc1_V_6_load_3' <Predicate = (!exitcond2)> <Delay = 2.77> <Core = "ROM_1P_BRAM">   --->   Core 61 'ROM_1P_BRAM' <Latency = 1> <II = 1> <Delay = 2.77> <Storage> <Opcode : 'load'> <Ports = 1> <Width = 7> <Depth = 100> <ROM>
ST_7 : Operation 474 [2/2] (1.75ns)   --->   "%fc1_out_9_V_load_4 = load i16* %fc1_out_9_V_addr_4, align 2" [bi_lstm/src/rnn.cpp:329]   --->   Operation 474 'load' 'fc1_out_9_V_load_4' <Predicate = (!exitcond2)> <Delay = 1.75> <Core = "RAM">   --->   Core 37 'RAM' <Latency = 1> <II = 1> <Delay = 1.75> <Storage> <Opcode : 'load' 'store'> <Ports = 2> <Width = 16> <Depth = 5> <RAM>

State 8 <SV = 7> <Delay = 8.32>
ST_8 : Operation 475 [1/1] (0.00ns)   --->   "%tmp_s = call i32 (...)* @_ssdm_op_SpecRegionBegin([13 x i8]* @p_str45)" [bi_lstm/src/rnn.cpp:324]   --->   Operation 475 'specregionbegin' 'tmp_s' <Predicate = (!exitcond2)> <Delay = 0.00>
ST_8 : Operation 476 [1/1] (0.00ns)   --->   "call void (...)* @_ssdm_op_SpecPipeline(i32 -1, i32 1, i32 1, i32 0, [1 x i8]* @p_str22) nounwind" [bi_lstm/src/rnn.cpp:325]   --->   Operation 476 'specpipeline' <Predicate = (!exitcond2)> <Delay = 0.00>
ST_8 : Operation 477 [1/1] (1.30ns)   --->   "%tmp_56 = add i8 -112, %tmp_12_cast645_cast" [bi_lstm/src/rnn.cpp:329]   --->   Operation 477 'add' 'tmp_56' <Predicate = (!exitcond2)> <Delay = 1.30> <Core = "AddSub">   --->   Core 14 'AddSub' <Latency = 0> <II = 1> <Delay = 1.41> <FuncUnit> <Opcode : 'add' 'sub'> <InPorts = 2> <OutPorts = 1>
ST_8 : Operation 478 [1/1] (0.00ns)   --->   "%tmp_56_cast1 = sext i8 %tmp_56 to i9" [bi_lstm/src/rnn.cpp:329]   --->   Operation 478 'sext' 'tmp_56_cast1' <Predicate = (!exitcond2)> <Delay = 0.00>
ST_8 : Operation 479 [1/1] (0.00ns)   --->   "%tmp_56_cast = zext i9 %tmp_56_cast1 to i64" [bi_lstm/src/rnn.cpp:329]   --->   Operation 479 'zext' 'tmp_56_cast' <Predicate = (!exitcond2)> <Delay = 0.00>
ST_8 : Operation 480 [1/1] (0.00ns)   --->   "%Weight_fc1_V_0_addr_4 = getelementptr [700 x i7]* @Weight_fc1_V_0, i64 0, i64 %tmp_56_cast" [bi_lstm/src/rnn.cpp:329]   --->   Operation 480 'getelementptr' 'Weight_fc1_V_0_addr_4' <Predicate = (!exitcond2)> <Delay = 0.00>
ST_8 : Operation 481 [1/1] (0.00ns)   --->   "%Weight_fc1_V_1_addr_4 = getelementptr [700 x i7]* @Weight_fc1_V_1, i64 0, i64 %tmp_56_cast" [bi_lstm/src/rnn.cpp:329]   --->   Operation 481 'getelementptr' 'Weight_fc1_V_1_addr_4' <Predicate = (!exitcond2)> <Delay = 0.00>
ST_8 : Operation 482 [1/1] (0.00ns)   --->   "%Weight_fc1_V_2_addr_4 = getelementptr [700 x i7]* @Weight_fc1_V_2, i64 0, i64 %tmp_56_cast" [bi_lstm/src/rnn.cpp:329]   --->   Operation 482 'getelementptr' 'Weight_fc1_V_2_addr_4' <Predicate = (!exitcond2)> <Delay = 0.00>
ST_8 : Operation 483 [1/1] (0.00ns)   --->   "%Weight_fc1_V_3_addr_4 = getelementptr [700 x i7]* @Weight_fc1_V_3, i64 0, i64 %tmp_56_cast" [bi_lstm/src/rnn.cpp:329]   --->   Operation 483 'getelementptr' 'Weight_fc1_V_3_addr_4' <Predicate = (!exitcond2)> <Delay = 0.00>
ST_8 : Operation 484 [1/1] (0.00ns)   --->   "%Weight_fc1_V_4_addr_4 = getelementptr [700 x i7]* @Weight_fc1_V_4, i64 0, i64 %tmp_56_cast" [bi_lstm/src/rnn.cpp:329]   --->   Operation 484 'getelementptr' 'Weight_fc1_V_4_addr_4' <Predicate = (!exitcond2)> <Delay = 0.00>
ST_8 : Operation 485 [1/1] (0.00ns)   --->   "%Weight_fc1_V_5_addr_4 = getelementptr [700 x i7]* @Weight_fc1_V_5, i64 0, i64 %tmp_56_cast" [bi_lstm/src/rnn.cpp:329]   --->   Operation 485 'getelementptr' 'Weight_fc1_V_5_addr_4' <Predicate = (!exitcond2)> <Delay = 0.00>
ST_8 : Operation 486 [1/1] (0.00ns)   --->   "%Weight_fc1_V_6_addr_4 = getelementptr [700 x i7]* @Weight_fc1_V_6, i64 0, i64 %tmp_56_cast" [bi_lstm/src/rnn.cpp:329]   --->   Operation 486 'getelementptr' 'Weight_fc1_V_6_addr_4' <Predicate = (!exitcond2)> <Delay = 0.00>
ST_8 : Operation 487 [1/1] (1.75ns)   --->   "store i16 %tmp_55_1, i16* %fc1_out_1_V_addr, align 2" [bi_lstm/src/rnn.cpp:329]   --->   Operation 487 'store' <Predicate = (!exitcond2)> <Delay = 1.75> <Core = "RAM">   --->   Core 37 'RAM' <Latency = 1> <II = 1> <Delay = 1.75> <Storage> <Opcode : 'load' 'store'> <Ports = 2> <Width = 16> <Depth = 5> <RAM>
ST_8 : Operation 488 [1/2] (2.77ns)   --->   "%Weight_fc1_V_0_load_2 = load i7* %Weight_fc1_V_0_addr_2, align 1" [bi_lstm/src/rnn.cpp:329]   --->   Operation 488 'load' 'Weight_fc1_V_0_load_2' <Predicate = (!exitcond2)> <Delay = 2.77> <Core = "ROM_1P_BRAM">   --->   Core 61 'ROM_1P_BRAM' <Latency = 1> <II = 1> <Delay = 2.77> <Storage> <Opcode : 'load'> <Ports = 1> <Width = 7> <Depth = 100> <ROM>
ST_8 : Operation 489 [1/1] (0.00ns)   --->   "%tmp_3 = sext i7 %Weight_fc1_V_0_load_2 to i23" [bi_lstm/src/rnn.cpp:329]   --->   Operation 489 'sext' 'tmp_3' <Predicate = (!exitcond2)> <Delay = 0.00>
ST_8 : Operation 490 [1/1] (2.82ns) (grouped into DSP with root node ret_V_2)   --->   "%rhs_V31_2_cast = mul i23 %tmp_3, %tmp" [bi_lstm/src/rnn.cpp:329]   --->   Operation 490 'mul' 'rhs_V31_2_cast' <Predicate = (!exitcond2)> <Delay = 2.82> <Core = "DSP48">   --->   Core 65 'DSP48' <Latency = 0> <II = 1> <Delay = 5.55> <IPBlock> <Opcode : 'mul' 'add' 'sub' 'select'> <InPorts = 0> <OutPorts = 1> <Sync> <CReg>
ST_8 : Operation 491 [1/1] (0.00ns)   --->   "%lhs_V_1_2 = call i23 @_ssdm_op_BitConcatenate.i23.i16.i7(i16 %fc1_out_2_V_load, i7 0)" [bi_lstm/src/rnn.cpp:329]   --->   Operation 491 'bitconcatenate' 'lhs_V_1_2' <Predicate = (!exitcond2)> <Delay = 0.00>
ST_8 : Operation 492 [1/1] (2.73ns) (root node of the DSP)   --->   "%ret_V_2 = add i23 %lhs_V_1_2, %rhs_V31_2_cast" [bi_lstm/src/rnn.cpp:329]   --->   Operation 492 'add' 'ret_V_2' <Predicate = (!exitcond2)> <Delay = 2.73> <Core = "DSP48">   --->   Core 65 'DSP48' <Latency = 0> <II = 1> <Delay = 5.55> <IPBlock> <Opcode : 'mul' 'add' 'sub' 'select'> <InPorts = 0> <OutPorts = 1> <Sync> <CReg>
ST_8 : Operation 493 [1/1] (0.00ns)   --->   "%tmp_55_2 = call i16 @_ssdm_op_PartSelect.i16.i23.i32.i32(i23 %ret_V_2, i32 7, i32 22)" [bi_lstm/src/rnn.cpp:329]   --->   Operation 493 'partselect' 'tmp_55_2' <Predicate = (!exitcond2)> <Delay = 0.00>
ST_8 : Operation 494 [2/2] (2.77ns)   --->   "%Weight_fc1_V_0_load_3 = load i7* %Weight_fc1_V_0_addr_3, align 1" [bi_lstm/src/rnn.cpp:329]   --->   Operation 494 'load' 'Weight_fc1_V_0_load_3' <Predicate = (!exitcond2)> <Delay = 2.77> <Core = "ROM_1P_BRAM">   --->   Core 61 'ROM_1P_BRAM' <Latency = 1> <II = 1> <Delay = 2.77> <Storage> <Opcode : 'load'> <Ports = 1> <Width = 7> <Depth = 100> <ROM>
ST_8 : Operation 495 [1/1] (0.00ns)   --->   "%tmp_9 = sext i7 %Weight_fc1_V_1_load_1 to i23" [bi_lstm/src/rnn.cpp:329]   --->   Operation 495 'sext' 'tmp_9' <Predicate = (!exitcond2)> <Delay = 0.00>
ST_8 : Operation 496 [1/1] (2.82ns) (grouped into DSP with root node ret_V_8)   --->   "%rhs_V31_8_cast = mul i23 %tmp_9, %tmp" [bi_lstm/src/rnn.cpp:329]   --->   Operation 496 'mul' 'rhs_V31_8_cast' <Predicate = (!exitcond2)> <Delay = 2.82> <Core = "DSP48">   --->   Core 65 'DSP48' <Latency = 0> <II = 1> <Delay = 5.55> <IPBlock> <Opcode : 'mul' 'add' 'sub' 'select'> <InPorts = 0> <OutPorts = 1> <Sync> <CReg>
ST_8 : Operation 497 [1/2] (1.75ns)   --->   "%fc1_out_8_V_load = load i16* %fc1_out_8_V_addr, align 2" [bi_lstm/src/rnn.cpp:329]   --->   Operation 497 'load' 'fc1_out_8_V_load' <Predicate = (!exitcond2)> <Delay = 1.75> <Core = "RAM">   --->   Core 37 'RAM' <Latency = 1> <II = 1> <Delay = 1.75> <Storage> <Opcode : 'load' 'store'> <Ports = 2> <Width = 16> <Depth = 5> <RAM>
ST_8 : Operation 498 [1/1] (0.00ns)   --->   "%lhs_V_1_8 = call i23 @_ssdm_op_BitConcatenate.i23.i16.i7(i16 %fc1_out_8_V_load, i7 0)" [bi_lstm/src/rnn.cpp:329]   --->   Operation 498 'bitconcatenate' 'lhs_V_1_8' <Predicate = (!exitcond2)> <Delay = 0.00>
ST_8 : Operation 499 [1/1] (2.73ns) (root node of the DSP)   --->   "%ret_V_8 = add i23 %lhs_V_1_8, %rhs_V31_8_cast" [bi_lstm/src/rnn.cpp:329]   --->   Operation 499 'add' 'ret_V_8' <Predicate = (!exitcond2)> <Delay = 2.73> <Core = "DSP48">   --->   Core 65 'DSP48' <Latency = 0> <II = 1> <Delay = 5.55> <IPBlock> <Opcode : 'mul' 'add' 'sub' 'select'> <InPorts = 0> <OutPorts = 1> <Sync> <CReg>
ST_8 : Operation 500 [1/1] (0.00ns)   --->   "%tmp_55_8 = call i16 @_ssdm_op_PartSelect.i16.i23.i32.i32(i23 %ret_V_8, i32 7, i32 22)" [bi_lstm/src/rnn.cpp:329]   --->   Operation 500 'partselect' 'tmp_55_8' <Predicate = (!exitcond2)> <Delay = 0.00>
ST_8 : Operation 501 [1/1] (1.75ns)   --->   "store i16 %tmp_55_8, i16* %fc1_out_8_V_addr, align 2" [bi_lstm/src/rnn.cpp:329]   --->   Operation 501 'store' <Predicate = (!exitcond2)> <Delay = 1.75> <Core = "RAM">   --->   Core 37 'RAM' <Latency = 1> <II = 1> <Delay = 1.75> <Storage> <Opcode : 'load' 'store'> <Ports = 2> <Width = 16> <Depth = 5> <RAM>
ST_8 : Operation 502 [1/2] (2.77ns)   --->   "%Weight_fc1_V_1_load_2 = load i7* %Weight_fc1_V_1_addr_2, align 1" [bi_lstm/src/rnn.cpp:329]   --->   Operation 502 'load' 'Weight_fc1_V_1_load_2' <Predicate = (!exitcond2)> <Delay = 2.77> <Core = "ROM_1P_BRAM">   --->   Core 61 'ROM_1P_BRAM' <Latency = 1> <II = 1> <Delay = 2.77> <Storage> <Opcode : 'load'> <Ports = 1> <Width = 7> <Depth = 100> <ROM>
ST_8 : Operation 503 [1/1] (0.00ns)   --->   "%tmp_10 = sext i7 %Weight_fc1_V_1_load_2 to i23" [bi_lstm/src/rnn.cpp:329]   --->   Operation 503 'sext' 'tmp_10' <Predicate = (!exitcond2)> <Delay = 0.00>
ST_8 : Operation 504 [1/1] (2.82ns) (grouped into DSP with root node ret_V_9)   --->   "%rhs_V31_9_cast = mul i23 %tmp_10, %tmp" [bi_lstm/src/rnn.cpp:329]   --->   Operation 504 'mul' 'rhs_V31_9_cast' <Predicate = (!exitcond2)> <Delay = 2.82> <Core = "DSP48">   --->   Core 65 'DSP48' <Latency = 0> <II = 1> <Delay = 5.55> <IPBlock> <Opcode : 'mul' 'add' 'sub' 'select'> <InPorts = 0> <OutPorts = 1> <Sync> <CReg>
ST_8 : Operation 505 [1/1] (0.00ns)   --->   "%lhs_V_1_9 = call i23 @_ssdm_op_BitConcatenate.i23.i16.i7(i16 %fc1_out_9_V_load, i7 0)" [bi_lstm/src/rnn.cpp:329]   --->   Operation 505 'bitconcatenate' 'lhs_V_1_9' <Predicate = (!exitcond2)> <Delay = 0.00>
ST_8 : Operation 506 [1/1] (2.73ns) (root node of the DSP)   --->   "%ret_V_9 = add i23 %lhs_V_1_9, %rhs_V31_9_cast" [bi_lstm/src/rnn.cpp:329]   --->   Operation 506 'add' 'ret_V_9' <Predicate = (!exitcond2)> <Delay = 2.73> <Core = "DSP48">   --->   Core 65 'DSP48' <Latency = 0> <II = 1> <Delay = 5.55> <IPBlock> <Opcode : 'mul' 'add' 'sub' 'select'> <InPorts = 0> <OutPorts = 1> <Sync> <CReg>
ST_8 : Operation 507 [1/1] (0.00ns)   --->   "%tmp_55_9 = call i16 @_ssdm_op_PartSelect.i16.i23.i32.i32(i23 %ret_V_9, i32 7, i32 22)" [bi_lstm/src/rnn.cpp:329]   --->   Operation 507 'partselect' 'tmp_55_9' <Predicate = (!exitcond2)> <Delay = 0.00>
ST_8 : Operation 508 [2/2] (2.77ns)   --->   "%Weight_fc1_V_1_load_3 = load i7* %Weight_fc1_V_1_addr_3, align 1" [bi_lstm/src/rnn.cpp:329]   --->   Operation 508 'load' 'Weight_fc1_V_1_load_3' <Predicate = (!exitcond2)> <Delay = 2.77> <Core = "ROM_1P_BRAM">   --->   Core 61 'ROM_1P_BRAM' <Latency = 1> <II = 1> <Delay = 2.77> <Storage> <Opcode : 'load'> <Ports = 1> <Width = 7> <Depth = 100> <ROM>
ST_8 : Operation 509 [1/1] (1.75ns)   --->   "store i16 %tmp_55_14, i16* %fc1_out_5_V_addr_1, align 2" [bi_lstm/src/rnn.cpp:329]   --->   Operation 509 'store' <Predicate = (!exitcond2)> <Delay = 1.75> <Core = "RAM">   --->   Core 37 'RAM' <Latency = 1> <II = 1> <Delay = 1.75> <Storage> <Opcode : 'load' 'store'> <Ports = 2> <Width = 16> <Depth = 5> <RAM>
ST_8 : Operation 510 [1/2] (2.77ns)   --->   "%Weight_fc1_V_2_load_2 = load i7* %Weight_fc1_V_2_addr_2, align 1" [bi_lstm/src/rnn.cpp:329]   --->   Operation 510 'load' 'Weight_fc1_V_2_load_2' <Predicate = (!exitcond2)> <Delay = 2.77> <Core = "ROM_1P_BRAM">   --->   Core 61 'ROM_1P_BRAM' <Latency = 1> <II = 1> <Delay = 2.77> <Storage> <Opcode : 'load'> <Ports = 1> <Width = 7> <Depth = 100> <ROM>
ST_8 : Operation 511 [1/1] (0.00ns)   --->   "%tmp_18 = sext i7 %Weight_fc1_V_2_load_2 to i23" [bi_lstm/src/rnn.cpp:329]   --->   Operation 511 'sext' 'tmp_18' <Predicate = (!exitcond2)> <Delay = 0.00>
ST_8 : Operation 512 [1/1] (2.82ns) (grouped into DSP with root node ret_V_15)   --->   "%rhs_V31_15_cast = mul i23 %tmp_18, %tmp" [bi_lstm/src/rnn.cpp:329]   --->   Operation 512 'mul' 'rhs_V31_15_cast' <Predicate = (!exitcond2)> <Delay = 2.82> <Core = "DSP48">   --->   Core 65 'DSP48' <Latency = 0> <II = 1> <Delay = 5.55> <IPBlock> <Opcode : 'mul' 'add' 'sub' 'select'> <InPorts = 0> <OutPorts = 1> <Sync> <CReg>
ST_8 : Operation 513 [1/1] (0.00ns)   --->   "%lhs_V_1_15 = call i23 @_ssdm_op_BitConcatenate.i23.i16.i7(i16 %fc1_out_6_V_load_1, i7 0)" [bi_lstm/src/rnn.cpp:329]   --->   Operation 513 'bitconcatenate' 'lhs_V_1_15' <Predicate = (!exitcond2)> <Delay = 0.00>
ST_8 : Operation 514 [1/1] (2.73ns) (root node of the DSP)   --->   "%ret_V_15 = add i23 %lhs_V_1_15, %rhs_V31_15_cast" [bi_lstm/src/rnn.cpp:329]   --->   Operation 514 'add' 'ret_V_15' <Predicate = (!exitcond2)> <Delay = 2.73> <Core = "DSP48">   --->   Core 65 'DSP48' <Latency = 0> <II = 1> <Delay = 5.55> <IPBlock> <Opcode : 'mul' 'add' 'sub' 'select'> <InPorts = 0> <OutPorts = 1> <Sync> <CReg>
ST_8 : Operation 515 [1/1] (0.00ns)   --->   "%tmp_55_15 = call i16 @_ssdm_op_PartSelect.i16.i23.i32.i32(i23 %ret_V_15, i32 7, i32 22)" [bi_lstm/src/rnn.cpp:329]   --->   Operation 515 'partselect' 'tmp_55_15' <Predicate = (!exitcond2)> <Delay = 0.00>
ST_8 : Operation 516 [2/2] (2.77ns)   --->   "%Weight_fc1_V_2_load_3 = load i7* %Weight_fc1_V_2_addr_3, align 1" [bi_lstm/src/rnn.cpp:329]   --->   Operation 516 'load' 'Weight_fc1_V_2_load_3' <Predicate = (!exitcond2)> <Delay = 2.77> <Core = "ROM_1P_BRAM">   --->   Core 61 'ROM_1P_BRAM' <Latency = 1> <II = 1> <Delay = 2.77> <Storage> <Opcode : 'load'> <Ports = 1> <Width = 7> <Depth = 100> <ROM>
ST_8 : Operation 517 [1/2] (1.75ns)   --->   "%fc1_out_7_V_load_1 = load i16* %fc1_out_7_V_addr_1, align 2" [bi_lstm/src/rnn.cpp:329]   --->   Operation 517 'load' 'fc1_out_7_V_load_1' <Predicate = (!exitcond2)> <Delay = 1.75> <Core = "RAM">   --->   Core 37 'RAM' <Latency = 1> <II = 1> <Delay = 1.75> <Storage> <Opcode : 'load' 'store'> <Ports = 2> <Width = 16> <Depth = 5> <RAM>
ST_8 : Operation 518 [2/2] (1.75ns)   --->   "%fc1_out_8_V_load_1 = load i16* %fc1_out_8_V_addr_1, align 2" [bi_lstm/src/rnn.cpp:329]   --->   Operation 518 'load' 'fc1_out_8_V_load_1' <Predicate = (!exitcond2)> <Delay = 1.75> <Core = "RAM">   --->   Core 37 'RAM' <Latency = 1> <II = 1> <Delay = 1.75> <Storage> <Opcode : 'load' 'store'> <Ports = 2> <Width = 16> <Depth = 5> <RAM>
ST_8 : Operation 519 [1/1] (1.75ns)   --->   "store i16 %tmp_55_21, i16* %fc1_out_2_V_addr_2, align 2" [bi_lstm/src/rnn.cpp:329]   --->   Operation 519 'store' <Predicate = (!exitcond2)> <Delay = 1.75> <Core = "RAM">   --->   Core 37 'RAM' <Latency = 1> <II = 1> <Delay = 1.75> <Storage> <Opcode : 'load' 'store'> <Ports = 2> <Width = 16> <Depth = 5> <RAM>
ST_8 : Operation 520 [1/2] (2.77ns)   --->   "%Weight_fc1_V_3_load_2 = load i7* %Weight_fc1_V_3_addr_2, align 1" [bi_lstm/src/rnn.cpp:329]   --->   Operation 520 'load' 'Weight_fc1_V_3_load_2' <Predicate = (!exitcond2)> <Delay = 2.77> <Core = "ROM_1P_BRAM">   --->   Core 61 'ROM_1P_BRAM' <Latency = 1> <II = 1> <Delay = 2.77> <Storage> <Opcode : 'load'> <Ports = 1> <Width = 7> <Depth = 100> <ROM>
ST_8 : Operation 521 [1/1] (0.00ns)   --->   "%tmp_25 = sext i7 %Weight_fc1_V_3_load_2 to i23" [bi_lstm/src/rnn.cpp:329]   --->   Operation 521 'sext' 'tmp_25' <Predicate = (!exitcond2)> <Delay = 0.00>
ST_8 : Operation 522 [1/1] (2.82ns) (grouped into DSP with root node ret_V_22)   --->   "%rhs_V31_22_cast = mul i23 %tmp_25, %tmp" [bi_lstm/src/rnn.cpp:329]   --->   Operation 522 'mul' 'rhs_V31_22_cast' <Predicate = (!exitcond2)> <Delay = 2.82> <Core = "DSP48">   --->   Core 65 'DSP48' <Latency = 0> <II = 1> <Delay = 5.55> <IPBlock> <Opcode : 'mul' 'add' 'sub' 'select'> <InPorts = 0> <OutPorts = 1> <Sync> <CReg>
ST_8 : Operation 523 [1/1] (0.00ns)   --->   "%lhs_V_1_22 = call i23 @_ssdm_op_BitConcatenate.i23.i16.i7(i16 %fc1_out_3_V_load_2, i7 0)" [bi_lstm/src/rnn.cpp:329]   --->   Operation 523 'bitconcatenate' 'lhs_V_1_22' <Predicate = (!exitcond2)> <Delay = 0.00>
ST_8 : Operation 524 [1/1] (2.73ns) (root node of the DSP)   --->   "%ret_V_22 = add i23 %lhs_V_1_22, %rhs_V31_22_cast" [bi_lstm/src/rnn.cpp:329]   --->   Operation 524 'add' 'ret_V_22' <Predicate = (!exitcond2)> <Delay = 2.73> <Core = "DSP48">   --->   Core 65 'DSP48' <Latency = 0> <II = 1> <Delay = 5.55> <IPBlock> <Opcode : 'mul' 'add' 'sub' 'select'> <InPorts = 0> <OutPorts = 1> <Sync> <CReg>
ST_8 : Operation 525 [1/1] (0.00ns)   --->   "%tmp_55_22 = call i16 @_ssdm_op_PartSelect.i16.i23.i32.i32(i23 %ret_V_22, i32 7, i32 22)" [bi_lstm/src/rnn.cpp:329]   --->   Operation 525 'partselect' 'tmp_55_22' <Predicate = (!exitcond2)> <Delay = 0.00>
ST_8 : Operation 526 [2/2] (2.77ns)   --->   "%Weight_fc1_V_3_load_3 = load i7* %Weight_fc1_V_3_addr_3, align 1" [bi_lstm/src/rnn.cpp:329]   --->   Operation 526 'load' 'Weight_fc1_V_3_load_3' <Predicate = (!exitcond2)> <Delay = 2.77> <Core = "ROM_1P_BRAM">   --->   Core 61 'ROM_1P_BRAM' <Latency = 1> <II = 1> <Delay = 2.77> <Storage> <Opcode : 'load'> <Ports = 1> <Width = 7> <Depth = 100> <ROM>
ST_8 : Operation 527 [1/2] (1.75ns)   --->   "%fc1_out_4_V_load_2 = load i16* %fc1_out_4_V_addr_2, align 2" [bi_lstm/src/rnn.cpp:329]   --->   Operation 527 'load' 'fc1_out_4_V_load_2' <Predicate = (!exitcond2)> <Delay = 1.75> <Core = "RAM">   --->   Core 37 'RAM' <Latency = 1> <II = 1> <Delay = 1.75> <Storage> <Opcode : 'load' 'store'> <Ports = 2> <Width = 16> <Depth = 5> <RAM>
ST_8 : Operation 528 [1/1] (1.75ns)   --->   "store i16 %tmp_55_28, i16* %fc1_out_9_V_addr_2, align 2" [bi_lstm/src/rnn.cpp:329]   --->   Operation 528 'store' <Predicate = (!exitcond2)> <Delay = 1.75> <Core = "RAM">   --->   Core 37 'RAM' <Latency = 1> <II = 1> <Delay = 1.75> <Storage> <Opcode : 'load' 'store'> <Ports = 2> <Width = 16> <Depth = 5> <RAM>
ST_8 : Operation 529 [1/2] (2.77ns)   --->   "%Weight_fc1_V_4_load_2 = load i7* %Weight_fc1_V_4_addr_2, align 1" [bi_lstm/src/rnn.cpp:329]   --->   Operation 529 'load' 'Weight_fc1_V_4_load_2' <Predicate = (!exitcond2)> <Delay = 2.77> <Core = "ROM_1P_BRAM">   --->   Core 61 'ROM_1P_BRAM' <Latency = 1> <II = 1> <Delay = 2.77> <Storage> <Opcode : 'load'> <Ports = 1> <Width = 7> <Depth = 100> <ROM>
ST_8 : Operation 530 [1/1] (0.00ns)   --->   "%tmp_32 = sext i7 %Weight_fc1_V_4_load_2 to i23" [bi_lstm/src/rnn.cpp:329]   --->   Operation 530 'sext' 'tmp_32' <Predicate = (!exitcond2)> <Delay = 0.00>
ST_8 : Operation 531 [1/1] (2.82ns) (grouped into DSP with root node ret_V_29)   --->   "%rhs_V31_29_cast = mul i23 %tmp_32, %tmp" [bi_lstm/src/rnn.cpp:329]   --->   Operation 531 'mul' 'rhs_V31_29_cast' <Predicate = (!exitcond2)> <Delay = 2.82> <Core = "DSP48">   --->   Core 65 'DSP48' <Latency = 0> <II = 1> <Delay = 5.55> <IPBlock> <Opcode : 'mul' 'add' 'sub' 'select'> <InPorts = 0> <OutPorts = 1> <Sync> <CReg>
ST_8 : Operation 532 [1/1] (0.00ns)   --->   "%lhs_V_1_29 = call i23 @_ssdm_op_BitConcatenate.i23.i16.i7(i16 %fc1_out_0_V_load_3, i7 0)" [bi_lstm/src/rnn.cpp:329]   --->   Operation 532 'bitconcatenate' 'lhs_V_1_29' <Predicate = (!exitcond2)> <Delay = 0.00>
ST_8 : Operation 533 [1/1] (2.73ns) (root node of the DSP)   --->   "%ret_V_29 = add i23 %lhs_V_1_29, %rhs_V31_29_cast" [bi_lstm/src/rnn.cpp:329]   --->   Operation 533 'add' 'ret_V_29' <Predicate = (!exitcond2)> <Delay = 2.73> <Core = "DSP48">   --->   Core 65 'DSP48' <Latency = 0> <II = 1> <Delay = 5.55> <IPBlock> <Opcode : 'mul' 'add' 'sub' 'select'> <InPorts = 0> <OutPorts = 1> <Sync> <CReg>
ST_8 : Operation 534 [1/1] (0.00ns)   --->   "%tmp_55_29 = call i16 @_ssdm_op_PartSelect.i16.i23.i32.i32(i23 %ret_V_29, i32 7, i32 22)" [bi_lstm/src/rnn.cpp:329]   --->   Operation 534 'partselect' 'tmp_55_29' <Predicate = (!exitcond2)> <Delay = 0.00>
ST_8 : Operation 535 [2/2] (2.77ns)   --->   "%Weight_fc1_V_4_load_3 = load i7* %Weight_fc1_V_4_addr_3, align 1" [bi_lstm/src/rnn.cpp:329]   --->   Operation 535 'load' 'Weight_fc1_V_4_load_3' <Predicate = (!exitcond2)> <Delay = 2.77> <Core = "ROM_1P_BRAM">   --->   Core 61 'ROM_1P_BRAM' <Latency = 1> <II = 1> <Delay = 2.77> <Storage> <Opcode : 'load'> <Ports = 1> <Width = 7> <Depth = 100> <ROM>
ST_8 : Operation 536 [1/2] (1.75ns)   --->   "%fc1_out_2_V_load_3 = load i16* %fc1_out_2_V_addr_3, align 2" [bi_lstm/src/rnn.cpp:329]   --->   Operation 536 'load' 'fc1_out_2_V_load_3' <Predicate = (!exitcond2)> <Delay = 1.75> <Core = "RAM">   --->   Core 37 'RAM' <Latency = 1> <II = 1> <Delay = 1.75> <Storage> <Opcode : 'load' 'store'> <Ports = 2> <Width = 16> <Depth = 5> <RAM>
ST_8 : Operation 537 [1/2] (1.75ns)   --->   "%fc1_out_3_V_load_3 = load i16* %fc1_out_3_V_addr_3, align 2" [bi_lstm/src/rnn.cpp:329]   --->   Operation 537 'load' 'fc1_out_3_V_load_3' <Predicate = (!exitcond2)> <Delay = 1.75> <Core = "RAM">   --->   Core 37 'RAM' <Latency = 1> <II = 1> <Delay = 1.75> <Storage> <Opcode : 'load' 'store'> <Ports = 2> <Width = 16> <Depth = 5> <RAM>
ST_8 : Operation 538 [1/2] (2.77ns)   --->   "%Weight_fc1_V_5_load = load i7* %Weight_fc1_V_5_addr, align 1" [bi_lstm/src/rnn.cpp:329]   --->   Operation 538 'load' 'Weight_fc1_V_5_load' <Predicate = (!exitcond2)> <Delay = 2.77> <Core = "ROM_1P_BRAM">   --->   Core 61 'ROM_1P_BRAM' <Latency = 1> <II = 1> <Delay = 2.77> <Storage> <Opcode : 'load'> <Ports = 1> <Width = 7> <Depth = 100> <ROM>
ST_8 : Operation 539 [1/1] (0.00ns)   --->   "%tmp_37 = sext i7 %Weight_fc1_V_5_load to i23" [bi_lstm/src/rnn.cpp:329]   --->   Operation 539 'sext' 'tmp_37' <Predicate = (!exitcond2)> <Delay = 0.00>
ST_8 : Operation 540 [1/1] (2.82ns) (grouped into DSP with root node ret_V_34)   --->   "%rhs_V31_34_cast = mul i23 %tmp_37, %tmp" [bi_lstm/src/rnn.cpp:329]   --->   Operation 540 'mul' 'rhs_V31_34_cast' <Predicate = (!exitcond2)> <Delay = 2.82> <Core = "DSP48">   --->   Core 65 'DSP48' <Latency = 0> <II = 1> <Delay = 5.55> <IPBlock> <Opcode : 'mul' 'add' 'sub' 'select'> <InPorts = 0> <OutPorts = 1> <Sync> <CReg>
ST_8 : Operation 541 [1/2] (1.75ns)   --->   "%fc1_out_5_V_load_3 = load i16* %fc1_out_5_V_addr_3, align 2" [bi_lstm/src/rnn.cpp:329]   --->   Operation 541 'load' 'fc1_out_5_V_load_3' <Predicate = (!exitcond2)> <Delay = 1.75> <Core = "RAM">   --->   Core 37 'RAM' <Latency = 1> <II = 1> <Delay = 1.75> <Storage> <Opcode : 'load' 'store'> <Ports = 2> <Width = 16> <Depth = 5> <RAM>
ST_8 : Operation 542 [1/1] (0.00ns)   --->   "%lhs_V_1_34 = call i23 @_ssdm_op_BitConcatenate.i23.i16.i7(i16 %fc1_out_5_V_load_3, i7 0)" [bi_lstm/src/rnn.cpp:329]   --->   Operation 542 'bitconcatenate' 'lhs_V_1_34' <Predicate = (!exitcond2)> <Delay = 0.00>
ST_8 : Operation 543 [1/1] (2.73ns) (root node of the DSP)   --->   "%ret_V_34 = add i23 %lhs_V_1_34, %rhs_V31_34_cast" [bi_lstm/src/rnn.cpp:329]   --->   Operation 543 'add' 'ret_V_34' <Predicate = (!exitcond2)> <Delay = 2.73> <Core = "DSP48">   --->   Core 65 'DSP48' <Latency = 0> <II = 1> <Delay = 5.55> <IPBlock> <Opcode : 'mul' 'add' 'sub' 'select'> <InPorts = 0> <OutPorts = 1> <Sync> <CReg>
ST_8 : Operation 544 [1/1] (0.00ns)   --->   "%tmp_55_34 = call i16 @_ssdm_op_PartSelect.i16.i23.i32.i32(i23 %ret_V_34, i32 7, i32 22)" [bi_lstm/src/rnn.cpp:329]   --->   Operation 544 'partselect' 'tmp_55_34' <Predicate = (!exitcond2)> <Delay = 0.00>
ST_8 : Operation 545 [2/2] (2.77ns)   --->   "%Weight_fc1_V_5_load_1 = load i7* %Weight_fc1_V_5_addr_1, align 1" [bi_lstm/src/rnn.cpp:329]   --->   Operation 545 'load' 'Weight_fc1_V_5_load_1' <Predicate = (!exitcond2)> <Delay = 2.77> <Core = "ROM_1P_BRAM">   --->   Core 61 'ROM_1P_BRAM' <Latency = 1> <II = 1> <Delay = 2.77> <Storage> <Opcode : 'load'> <Ports = 1> <Width = 7> <Depth = 100> <ROM>
ST_8 : Operation 546 [1/2] (1.75ns)   --->   "%fc1_out_6_V_load_3 = load i16* %fc1_out_6_V_addr_3, align 2" [bi_lstm/src/rnn.cpp:329]   --->   Operation 546 'load' 'fc1_out_6_V_load_3' <Predicate = (!exitcond2)> <Delay = 1.75> <Core = "RAM">   --->   Core 37 'RAM' <Latency = 1> <II = 1> <Delay = 1.75> <Storage> <Opcode : 'load' 'store'> <Ports = 2> <Width = 16> <Depth = 5> <RAM>
ST_8 : Operation 547 [2/2] (1.75ns)   --->   "%fc1_out_7_V_load_3 = load i16* %fc1_out_7_V_addr_3, align 2" [bi_lstm/src/rnn.cpp:329]   --->   Operation 547 'load' 'fc1_out_7_V_load_3' <Predicate = (!exitcond2)> <Delay = 1.75> <Core = "RAM">   --->   Core 37 'RAM' <Latency = 1> <II = 1> <Delay = 1.75> <Storage> <Opcode : 'load' 'store'> <Ports = 2> <Width = 16> <Depth = 5> <RAM>
ST_8 : Operation 548 [1/1] (1.75ns)   --->   "store i16 %tmp_55_39, i16* %fc1_out_0_V_addr_4, align 2" [bi_lstm/src/rnn.cpp:329]   --->   Operation 548 'store' <Predicate = (!exitcond2)> <Delay = 1.75> <Core = "RAM">   --->   Core 37 'RAM' <Latency = 1> <II = 1> <Delay = 1.75> <Storage> <Opcode : 'load' 'store'> <Ports = 2> <Width = 16> <Depth = 5> <RAM>
ST_8 : Operation 549 [1/2] (1.75ns)   --->   "%fc1_out_2_V_load_4 = load i16* %fc1_out_2_V_addr_4, align 2" [bi_lstm/src/rnn.cpp:329]   --->   Operation 549 'load' 'fc1_out_2_V_load_4' <Predicate = (!exitcond2)> <Delay = 1.75> <Core = "RAM">   --->   Core 37 'RAM' <Latency = 1> <II = 1> <Delay = 1.75> <Storage> <Opcode : 'load' 'store'> <Ports = 2> <Width = 16> <Depth = 5> <RAM>
ST_8 : Operation 550 [1/1] (1.75ns)   --->   "store i16 %tmp_55_43, i16* %fc1_out_4_V_addr_4, align 2" [bi_lstm/src/rnn.cpp:329]   --->   Operation 550 'store' <Predicate = (!exitcond2)> <Delay = 1.75> <Core = "RAM">   --->   Core 37 'RAM' <Latency = 1> <II = 1> <Delay = 1.75> <Storage> <Opcode : 'load' 'store'> <Ports = 2> <Width = 16> <Depth = 5> <RAM>
ST_8 : Operation 551 [1/2] (2.77ns)   --->   "%Weight_fc1_V_6_load_3 = load i7* %Weight_fc1_V_6_addr_3, align 1" [bi_lstm/src/rnn.cpp:329]   --->   Operation 551 'load' 'Weight_fc1_V_6_load_3' <Predicate = (!exitcond2)> <Delay = 2.77> <Core = "ROM_1P_BRAM">   --->   Core 61 'ROM_1P_BRAM' <Latency = 1> <II = 1> <Delay = 2.77> <Storage> <Opcode : 'load'> <Ports = 1> <Width = 7> <Depth = 100> <ROM>
ST_8 : Operation 552 [1/1] (0.00ns)   --->   "%tmp_47 = sext i7 %Weight_fc1_V_6_load_3 to i23" [bi_lstm/src/rnn.cpp:329]   --->   Operation 552 'sext' 'tmp_47' <Predicate = (!exitcond2)> <Delay = 0.00>
ST_8 : Operation 553 [1/1] (2.82ns) (grouped into DSP with root node ret_V_44)   --->   "%rhs_V31_44_cast = mul i23 %tmp_47, %tmp" [bi_lstm/src/rnn.cpp:329]   --->   Operation 553 'mul' 'rhs_V31_44_cast' <Predicate = (!exitcond2)> <Delay = 2.82> <Core = "DSP48">   --->   Core 65 'DSP48' <Latency = 0> <II = 1> <Delay = 5.55> <IPBlock> <Opcode : 'mul' 'add' 'sub' 'select'> <InPorts = 0> <OutPorts = 1> <Sync> <CReg>
ST_8 : Operation 554 [1/1] (0.00ns)   --->   "%lhs_V_1_44 = call i23 @_ssdm_op_BitConcatenate.i23.i16.i7(i16 %fc1_out_5_V_load_4, i7 0)" [bi_lstm/src/rnn.cpp:329]   --->   Operation 554 'bitconcatenate' 'lhs_V_1_44' <Predicate = (!exitcond2)> <Delay = 0.00>
ST_8 : Operation 555 [1/1] (2.73ns) (root node of the DSP)   --->   "%ret_V_44 = add i23 %lhs_V_1_44, %rhs_V31_44_cast" [bi_lstm/src/rnn.cpp:329]   --->   Operation 555 'add' 'ret_V_44' <Predicate = (!exitcond2)> <Delay = 2.73> <Core = "DSP48">   --->   Core 65 'DSP48' <Latency = 0> <II = 1> <Delay = 5.55> <IPBlock> <Opcode : 'mul' 'add' 'sub' 'select'> <InPorts = 0> <OutPorts = 1> <Sync> <CReg>
ST_8 : Operation 556 [1/1] (0.00ns)   --->   "%tmp_55_44 = call i16 @_ssdm_op_PartSelect.i16.i23.i32.i32(i23 %ret_V_44, i32 7, i32 22)" [bi_lstm/src/rnn.cpp:329]   --->   Operation 556 'partselect' 'tmp_55_44' <Predicate = (!exitcond2)> <Delay = 0.00>
ST_8 : Operation 557 [2/2] (2.77ns)   --->   "%Weight_fc1_V_6_load_4 = load i7* %Weight_fc1_V_6_addr_4, align 1" [bi_lstm/src/rnn.cpp:329]   --->   Operation 557 'load' 'Weight_fc1_V_6_load_4' <Predicate = (!exitcond2)> <Delay = 2.77> <Core = "ROM_1P_BRAM">   --->   Core 61 'ROM_1P_BRAM' <Latency = 1> <II = 1> <Delay = 2.77> <Storage> <Opcode : 'load'> <Ports = 1> <Width = 7> <Depth = 100> <ROM>
ST_8 : Operation 558 [1/1] (0.00ns)   --->   "%tmp_51 = sext i7 %Weight_fc1_V_7_load to i23" [bi_lstm/src/rnn.cpp:329]   --->   Operation 558 'sext' 'tmp_51' <Predicate = (!exitcond2)> <Delay = 0.00>
ST_8 : Operation 559 [1/1] (2.82ns) (grouped into DSP with root node ret_V_48)   --->   "%rhs_V31_48_cast = mul i23 %tmp_51, %tmp" [bi_lstm/src/rnn.cpp:329]   --->   Operation 559 'mul' 'rhs_V31_48_cast' <Predicate = (!exitcond2)> <Delay = 2.82> <Core = "DSP48">   --->   Core 65 'DSP48' <Latency = 0> <II = 1> <Delay = 5.55> <IPBlock> <Opcode : 'mul' 'add' 'sub' 'select'> <InPorts = 0> <OutPorts = 1> <Sync> <CReg>
ST_8 : Operation 560 [1/2] (1.75ns)   --->   "%fc1_out_9_V_load_4 = load i16* %fc1_out_9_V_addr_4, align 2" [bi_lstm/src/rnn.cpp:329]   --->   Operation 560 'load' 'fc1_out_9_V_load_4' <Predicate = (!exitcond2)> <Delay = 1.75> <Core = "RAM">   --->   Core 37 'RAM' <Latency = 1> <II = 1> <Delay = 1.75> <Storage> <Opcode : 'load' 'store'> <Ports = 2> <Width = 16> <Depth = 5> <RAM>
ST_8 : Operation 561 [1/1] (0.00ns)   --->   "%lhs_V_1_48 = call i23 @_ssdm_op_BitConcatenate.i23.i16.i7(i16 %fc1_out_9_V_load_4, i7 0)" [bi_lstm/src/rnn.cpp:329]   --->   Operation 561 'bitconcatenate' 'lhs_V_1_48' <Predicate = (!exitcond2)> <Delay = 0.00>
ST_8 : Operation 562 [1/1] (2.73ns) (root node of the DSP)   --->   "%ret_V_48 = add i23 %lhs_V_1_48, %rhs_V31_48_cast" [bi_lstm/src/rnn.cpp:329]   --->   Operation 562 'add' 'ret_V_48' <Predicate = (!exitcond2)> <Delay = 2.73> <Core = "DSP48">   --->   Core 65 'DSP48' <Latency = 0> <II = 1> <Delay = 5.55> <IPBlock> <Opcode : 'mul' 'add' 'sub' 'select'> <InPorts = 0> <OutPorts = 1> <Sync> <CReg>
ST_8 : Operation 563 [1/1] (0.00ns)   --->   "%tmp_55_48 = call i16 @_ssdm_op_PartSelect.i16.i23.i32.i32(i23 %ret_V_48, i32 7, i32 22)" [bi_lstm/src/rnn.cpp:329]   --->   Operation 563 'partselect' 'tmp_55_48' <Predicate = (!exitcond2)> <Delay = 0.00>
ST_8 : Operation 564 [1/1] (1.75ns)   --->   "store i16 %tmp_55_48, i16* %fc1_out_9_V_addr_4, align 2" [bi_lstm/src/rnn.cpp:329]   --->   Operation 564 'store' <Predicate = (!exitcond2)> <Delay = 1.75> <Core = "RAM">   --->   Core 37 'RAM' <Latency = 1> <II = 1> <Delay = 1.75> <Storage> <Opcode : 'load' 'store'> <Ports = 2> <Width = 16> <Depth = 5> <RAM>

State 9 <SV = 8> <Delay = 8.32>
ST_9 : Operation 565 [1/1] (1.75ns)   --->   "store i16 %tmp_55_2, i16* %fc1_out_2_V_addr, align 2" [bi_lstm/src/rnn.cpp:329]   --->   Operation 565 'store' <Predicate = (!exitcond2)> <Delay = 1.75> <Core = "RAM">   --->   Core 37 'RAM' <Latency = 1> <II = 1> <Delay = 1.75> <Storage> <Opcode : 'load' 'store'> <Ports = 2> <Width = 16> <Depth = 5> <RAM>
ST_9 : Operation 566 [1/2] (2.77ns)   --->   "%Weight_fc1_V_0_load_3 = load i7* %Weight_fc1_V_0_addr_3, align 1" [bi_lstm/src/rnn.cpp:329]   --->   Operation 566 'load' 'Weight_fc1_V_0_load_3' <Predicate = (!exitcond2)> <Delay = 2.77> <Core = "ROM_1P_BRAM">   --->   Core 61 'ROM_1P_BRAM' <Latency = 1> <II = 1> <Delay = 2.77> <Storage> <Opcode : 'load'> <Ports = 1> <Width = 7> <Depth = 100> <ROM>
ST_9 : Operation 567 [1/1] (0.00ns)   --->   "%tmp_4 = sext i7 %Weight_fc1_V_0_load_3 to i23" [bi_lstm/src/rnn.cpp:329]   --->   Operation 567 'sext' 'tmp_4' <Predicate = (!exitcond2)> <Delay = 0.00>
ST_9 : Operation 568 [1/1] (2.82ns) (grouped into DSP with root node ret_V_3)   --->   "%rhs_V31_3_cast = mul i23 %tmp_4, %tmp" [bi_lstm/src/rnn.cpp:329]   --->   Operation 568 'mul' 'rhs_V31_3_cast' <Predicate = (!exitcond2)> <Delay = 2.82> <Core = "DSP48">   --->   Core 65 'DSP48' <Latency = 0> <II = 1> <Delay = 5.55> <IPBlock> <Opcode : 'mul' 'add' 'sub' 'select'> <InPorts = 0> <OutPorts = 1> <Sync> <CReg>
ST_9 : Operation 569 [1/1] (0.00ns)   --->   "%lhs_V_1_3 = call i23 @_ssdm_op_BitConcatenate.i23.i16.i7(i16 %fc1_out_3_V_load, i7 0)" [bi_lstm/src/rnn.cpp:329]   --->   Operation 569 'bitconcatenate' 'lhs_V_1_3' <Predicate = (!exitcond2)> <Delay = 0.00>
ST_9 : Operation 570 [1/1] (2.73ns) (root node of the DSP)   --->   "%ret_V_3 = add i23 %lhs_V_1_3, %rhs_V31_3_cast" [bi_lstm/src/rnn.cpp:329]   --->   Operation 570 'add' 'ret_V_3' <Predicate = (!exitcond2)> <Delay = 2.73> <Core = "DSP48">   --->   Core 65 'DSP48' <Latency = 0> <II = 1> <Delay = 5.55> <IPBlock> <Opcode : 'mul' 'add' 'sub' 'select'> <InPorts = 0> <OutPorts = 1> <Sync> <CReg>
ST_9 : Operation 571 [1/1] (0.00ns)   --->   "%tmp_55_3 = call i16 @_ssdm_op_PartSelect.i16.i23.i32.i32(i23 %ret_V_3, i32 7, i32 22)" [bi_lstm/src/rnn.cpp:329]   --->   Operation 571 'partselect' 'tmp_55_3' <Predicate = (!exitcond2)> <Delay = 0.00>
ST_9 : Operation 572 [2/2] (2.77ns)   --->   "%Weight_fc1_V_0_load_4 = load i7* %Weight_fc1_V_0_addr_4, align 1" [bi_lstm/src/rnn.cpp:329]   --->   Operation 572 'load' 'Weight_fc1_V_0_load_4' <Predicate = (!exitcond2)> <Delay = 2.77> <Core = "ROM_1P_BRAM">   --->   Core 61 'ROM_1P_BRAM' <Latency = 1> <II = 1> <Delay = 2.77> <Storage> <Opcode : 'load'> <Ports = 1> <Width = 7> <Depth = 100> <ROM>
ST_9 : Operation 573 [1/1] (1.75ns)   --->   "store i16 %tmp_55_9, i16* %fc1_out_9_V_addr, align 2" [bi_lstm/src/rnn.cpp:329]   --->   Operation 573 'store' <Predicate = (!exitcond2)> <Delay = 1.75> <Core = "RAM">   --->   Core 37 'RAM' <Latency = 1> <II = 1> <Delay = 1.75> <Storage> <Opcode : 'load' 'store'> <Ports = 2> <Width = 16> <Depth = 5> <RAM>
ST_9 : Operation 574 [1/2] (2.77ns)   --->   "%Weight_fc1_V_1_load_3 = load i7* %Weight_fc1_V_1_addr_3, align 1" [bi_lstm/src/rnn.cpp:329]   --->   Operation 574 'load' 'Weight_fc1_V_1_load_3' <Predicate = (!exitcond2)> <Delay = 2.77> <Core = "ROM_1P_BRAM">   --->   Core 61 'ROM_1P_BRAM' <Latency = 1> <II = 1> <Delay = 2.77> <Storage> <Opcode : 'load'> <Ports = 1> <Width = 7> <Depth = 100> <ROM>
ST_9 : Operation 575 [1/1] (0.00ns)   --->   "%tmp_11 = sext i7 %Weight_fc1_V_1_load_3 to i23" [bi_lstm/src/rnn.cpp:329]   --->   Operation 575 'sext' 'tmp_11' <Predicate = (!exitcond2)> <Delay = 0.00>
ST_9 : Operation 576 [1/1] (2.82ns) (grouped into DSP with root node ret_V_5)   --->   "%rhs_V31_cast_52 = mul i23 %tmp_11, %tmp" [bi_lstm/src/rnn.cpp:329]   --->   Operation 576 'mul' 'rhs_V31_cast_52' <Predicate = (!exitcond2)> <Delay = 2.82> <Core = "DSP48">   --->   Core 65 'DSP48' <Latency = 0> <II = 1> <Delay = 5.55> <IPBlock> <Opcode : 'mul' 'add' 'sub' 'select'> <InPorts = 0> <OutPorts = 1> <Sync> <CReg>
ST_9 : Operation 577 [1/1] (0.00ns)   --->   "%lhs_V_1_s = call i23 @_ssdm_op_BitConcatenate.i23.i16.i7(i16 %fc1_out_0_V_load_1, i7 0)" [bi_lstm/src/rnn.cpp:329]   --->   Operation 577 'bitconcatenate' 'lhs_V_1_s' <Predicate = (!exitcond2)> <Delay = 0.00>
ST_9 : Operation 578 [1/1] (2.73ns) (root node of the DSP)   --->   "%ret_V_5 = add i23 %lhs_V_1_s, %rhs_V31_cast_52" [bi_lstm/src/rnn.cpp:329]   --->   Operation 578 'add' 'ret_V_5' <Predicate = (!exitcond2)> <Delay = 2.73> <Core = "DSP48">   --->   Core 65 'DSP48' <Latency = 0> <II = 1> <Delay = 5.55> <IPBlock> <Opcode : 'mul' 'add' 'sub' 'select'> <InPorts = 0> <OutPorts = 1> <Sync> <CReg>
ST_9 : Operation 579 [1/1] (0.00ns)   --->   "%tmp_55_s = call i16 @_ssdm_op_PartSelect.i16.i23.i32.i32(i23 %ret_V_5, i32 7, i32 22)" [bi_lstm/src/rnn.cpp:329]   --->   Operation 579 'partselect' 'tmp_55_s' <Predicate = (!exitcond2)> <Delay = 0.00>
ST_9 : Operation 580 [2/2] (2.77ns)   --->   "%Weight_fc1_V_1_load_4 = load i7* %Weight_fc1_V_1_addr_4, align 1" [bi_lstm/src/rnn.cpp:329]   --->   Operation 580 'load' 'Weight_fc1_V_1_load_4' <Predicate = (!exitcond2)> <Delay = 2.77> <Core = "ROM_1P_BRAM">   --->   Core 61 'ROM_1P_BRAM' <Latency = 1> <II = 1> <Delay = 2.77> <Storage> <Opcode : 'load'> <Ports = 1> <Width = 7> <Depth = 100> <ROM>
ST_9 : Operation 581 [1/1] (1.75ns)   --->   "store i16 %tmp_55_15, i16* %fc1_out_6_V_addr_1, align 2" [bi_lstm/src/rnn.cpp:329]   --->   Operation 581 'store' <Predicate = (!exitcond2)> <Delay = 1.75> <Core = "RAM">   --->   Core 37 'RAM' <Latency = 1> <II = 1> <Delay = 1.75> <Storage> <Opcode : 'load' 'store'> <Ports = 2> <Width = 16> <Depth = 5> <RAM>
ST_9 : Operation 582 [1/2] (2.77ns)   --->   "%Weight_fc1_V_2_load_3 = load i7* %Weight_fc1_V_2_addr_3, align 1" [bi_lstm/src/rnn.cpp:329]   --->   Operation 582 'load' 'Weight_fc1_V_2_load_3' <Predicate = (!exitcond2)> <Delay = 2.77> <Core = "ROM_1P_BRAM">   --->   Core 61 'ROM_1P_BRAM' <Latency = 1> <II = 1> <Delay = 2.77> <Storage> <Opcode : 'load'> <Ports = 1> <Width = 7> <Depth = 100> <ROM>
ST_9 : Operation 583 [1/1] (0.00ns)   --->   "%tmp_19 = sext i7 %Weight_fc1_V_2_load_3 to i23" [bi_lstm/src/rnn.cpp:329]   --->   Operation 583 'sext' 'tmp_19' <Predicate = (!exitcond2)> <Delay = 0.00>
ST_9 : Operation 584 [1/1] (2.82ns) (grouped into DSP with root node ret_V_16)   --->   "%rhs_V31_16_cast = mul i23 %tmp_19, %tmp" [bi_lstm/src/rnn.cpp:329]   --->   Operation 584 'mul' 'rhs_V31_16_cast' <Predicate = (!exitcond2)> <Delay = 2.82> <Core = "DSP48">   --->   Core 65 'DSP48' <Latency = 0> <II = 1> <Delay = 5.55> <IPBlock> <Opcode : 'mul' 'add' 'sub' 'select'> <InPorts = 0> <OutPorts = 1> <Sync> <CReg>
ST_9 : Operation 585 [1/1] (0.00ns)   --->   "%lhs_V_1_16 = call i23 @_ssdm_op_BitConcatenate.i23.i16.i7(i16 %fc1_out_7_V_load_1, i7 0)" [bi_lstm/src/rnn.cpp:329]   --->   Operation 585 'bitconcatenate' 'lhs_V_1_16' <Predicate = (!exitcond2)> <Delay = 0.00>
ST_9 : Operation 586 [1/1] (2.73ns) (root node of the DSP)   --->   "%ret_V_16 = add i23 %lhs_V_1_16, %rhs_V31_16_cast" [bi_lstm/src/rnn.cpp:329]   --->   Operation 586 'add' 'ret_V_16' <Predicate = (!exitcond2)> <Delay = 2.73> <Core = "DSP48">   --->   Core 65 'DSP48' <Latency = 0> <II = 1> <Delay = 5.55> <IPBlock> <Opcode : 'mul' 'add' 'sub' 'select'> <InPorts = 0> <OutPorts = 1> <Sync> <CReg>
ST_9 : Operation 587 [1/1] (0.00ns)   --->   "%tmp_55_16 = call i16 @_ssdm_op_PartSelect.i16.i23.i32.i32(i23 %ret_V_16, i32 7, i32 22)" [bi_lstm/src/rnn.cpp:329]   --->   Operation 587 'partselect' 'tmp_55_16' <Predicate = (!exitcond2)> <Delay = 0.00>
ST_9 : Operation 588 [2/2] (2.77ns)   --->   "%Weight_fc1_V_2_load_4 = load i7* %Weight_fc1_V_2_addr_4, align 1" [bi_lstm/src/rnn.cpp:329]   --->   Operation 588 'load' 'Weight_fc1_V_2_load_4' <Predicate = (!exitcond2)> <Delay = 2.77> <Core = "ROM_1P_BRAM">   --->   Core 61 'ROM_1P_BRAM' <Latency = 1> <II = 1> <Delay = 2.77> <Storage> <Opcode : 'load'> <Ports = 1> <Width = 7> <Depth = 100> <ROM>
ST_9 : Operation 589 [1/2] (1.75ns)   --->   "%fc1_out_8_V_load_1 = load i16* %fc1_out_8_V_addr_1, align 2" [bi_lstm/src/rnn.cpp:329]   --->   Operation 589 'load' 'fc1_out_8_V_load_1' <Predicate = (!exitcond2)> <Delay = 1.75> <Core = "RAM">   --->   Core 37 'RAM' <Latency = 1> <II = 1> <Delay = 1.75> <Storage> <Opcode : 'load' 'store'> <Ports = 2> <Width = 16> <Depth = 5> <RAM>
ST_9 : Operation 590 [1/1] (1.75ns)   --->   "store i16 %tmp_55_22, i16* %fc1_out_3_V_addr_2, align 2" [bi_lstm/src/rnn.cpp:329]   --->   Operation 590 'store' <Predicate = (!exitcond2)> <Delay = 1.75> <Core = "RAM">   --->   Core 37 'RAM' <Latency = 1> <II = 1> <Delay = 1.75> <Storage> <Opcode : 'load' 'store'> <Ports = 2> <Width = 16> <Depth = 5> <RAM>
ST_9 : Operation 591 [1/2] (2.77ns)   --->   "%Weight_fc1_V_3_load_3 = load i7* %Weight_fc1_V_3_addr_3, align 1" [bi_lstm/src/rnn.cpp:329]   --->   Operation 591 'load' 'Weight_fc1_V_3_load_3' <Predicate = (!exitcond2)> <Delay = 2.77> <Core = "ROM_1P_BRAM">   --->   Core 61 'ROM_1P_BRAM' <Latency = 1> <II = 1> <Delay = 2.77> <Storage> <Opcode : 'load'> <Ports = 1> <Width = 7> <Depth = 100> <ROM>
ST_9 : Operation 592 [1/1] (0.00ns)   --->   "%tmp_26 = sext i7 %Weight_fc1_V_3_load_3 to i23" [bi_lstm/src/rnn.cpp:329]   --->   Operation 592 'sext' 'tmp_26' <Predicate = (!exitcond2)> <Delay = 0.00>
ST_9 : Operation 593 [1/1] (2.82ns) (grouped into DSP with root node ret_V_23)   --->   "%rhs_V31_23_cast = mul i23 %tmp_26, %tmp" [bi_lstm/src/rnn.cpp:329]   --->   Operation 593 'mul' 'rhs_V31_23_cast' <Predicate = (!exitcond2)> <Delay = 2.82> <Core = "DSP48">   --->   Core 65 'DSP48' <Latency = 0> <II = 1> <Delay = 5.55> <IPBlock> <Opcode : 'mul' 'add' 'sub' 'select'> <InPorts = 0> <OutPorts = 1> <Sync> <CReg>
ST_9 : Operation 594 [1/1] (0.00ns)   --->   "%lhs_V_1_23 = call i23 @_ssdm_op_BitConcatenate.i23.i16.i7(i16 %fc1_out_4_V_load_2, i7 0)" [bi_lstm/src/rnn.cpp:329]   --->   Operation 594 'bitconcatenate' 'lhs_V_1_23' <Predicate = (!exitcond2)> <Delay = 0.00>
ST_9 : Operation 595 [1/1] (2.73ns) (root node of the DSP)   --->   "%ret_V_23 = add i23 %lhs_V_1_23, %rhs_V31_23_cast" [bi_lstm/src/rnn.cpp:329]   --->   Operation 595 'add' 'ret_V_23' <Predicate = (!exitcond2)> <Delay = 2.73> <Core = "DSP48">   --->   Core 65 'DSP48' <Latency = 0> <II = 1> <Delay = 5.55> <IPBlock> <Opcode : 'mul' 'add' 'sub' 'select'> <InPorts = 0> <OutPorts = 1> <Sync> <CReg>
ST_9 : Operation 596 [1/1] (0.00ns)   --->   "%tmp_55_23 = call i16 @_ssdm_op_PartSelect.i16.i23.i32.i32(i23 %ret_V_23, i32 7, i32 22)" [bi_lstm/src/rnn.cpp:329]   --->   Operation 596 'partselect' 'tmp_55_23' <Predicate = (!exitcond2)> <Delay = 0.00>
ST_9 : Operation 597 [2/2] (2.77ns)   --->   "%Weight_fc1_V_3_load_4 = load i7* %Weight_fc1_V_3_addr_4, align 1" [bi_lstm/src/rnn.cpp:329]   --->   Operation 597 'load' 'Weight_fc1_V_3_load_4' <Predicate = (!exitcond2)> <Delay = 2.77> <Core = "ROM_1P_BRAM">   --->   Core 61 'ROM_1P_BRAM' <Latency = 1> <II = 1> <Delay = 2.77> <Storage> <Opcode : 'load'> <Ports = 1> <Width = 7> <Depth = 100> <ROM>
ST_9 : Operation 598 [1/1] (1.75ns)   --->   "store i16 %tmp_55_29, i16* %fc1_out_0_V_addr_3, align 2" [bi_lstm/src/rnn.cpp:329]   --->   Operation 598 'store' <Predicate = (!exitcond2)> <Delay = 1.75> <Core = "RAM">   --->   Core 37 'RAM' <Latency = 1> <II = 1> <Delay = 1.75> <Storage> <Opcode : 'load' 'store'> <Ports = 2> <Width = 16> <Depth = 5> <RAM>
ST_9 : Operation 599 [1/2] (2.77ns)   --->   "%Weight_fc1_V_4_load_3 = load i7* %Weight_fc1_V_4_addr_3, align 1" [bi_lstm/src/rnn.cpp:329]   --->   Operation 599 'load' 'Weight_fc1_V_4_load_3' <Predicate = (!exitcond2)> <Delay = 2.77> <Core = "ROM_1P_BRAM">   --->   Core 61 'ROM_1P_BRAM' <Latency = 1> <II = 1> <Delay = 2.77> <Storage> <Opcode : 'load'> <Ports = 1> <Width = 7> <Depth = 100> <ROM>
ST_9 : Operation 600 [1/1] (0.00ns)   --->   "%tmp_33 = sext i7 %Weight_fc1_V_4_load_3 to i23" [bi_lstm/src/rnn.cpp:329]   --->   Operation 600 'sext' 'tmp_33' <Predicate = (!exitcond2)> <Delay = 0.00>
ST_9 : Operation 601 [1/1] (2.82ns) (grouped into DSP with root node ret_V_30)   --->   "%rhs_V31_30_cast = mul i23 %tmp_33, %tmp" [bi_lstm/src/rnn.cpp:329]   --->   Operation 601 'mul' 'rhs_V31_30_cast' <Predicate = (!exitcond2)> <Delay = 2.82> <Core = "DSP48">   --->   Core 65 'DSP48' <Latency = 0> <II = 1> <Delay = 5.55> <IPBlock> <Opcode : 'mul' 'add' 'sub' 'select'> <InPorts = 0> <OutPorts = 1> <Sync> <CReg>
ST_9 : Operation 602 [1/1] (0.00ns)   --->   "%lhs_V_1_30 = call i23 @_ssdm_op_BitConcatenate.i23.i16.i7(i16 %fc1_out_1_V_load_3, i7 0)" [bi_lstm/src/rnn.cpp:329]   --->   Operation 602 'bitconcatenate' 'lhs_V_1_30' <Predicate = (!exitcond2)> <Delay = 0.00>
ST_9 : Operation 603 [1/1] (2.73ns) (root node of the DSP)   --->   "%ret_V_30 = add i23 %lhs_V_1_30, %rhs_V31_30_cast" [bi_lstm/src/rnn.cpp:329]   --->   Operation 603 'add' 'ret_V_30' <Predicate = (!exitcond2)> <Delay = 2.73> <Core = "DSP48">   --->   Core 65 'DSP48' <Latency = 0> <II = 1> <Delay = 5.55> <IPBlock> <Opcode : 'mul' 'add' 'sub' 'select'> <InPorts = 0> <OutPorts = 1> <Sync> <CReg>
ST_9 : Operation 604 [1/1] (0.00ns)   --->   "%tmp_55_30 = call i16 @_ssdm_op_PartSelect.i16.i23.i32.i32(i23 %ret_V_30, i32 7, i32 22)" [bi_lstm/src/rnn.cpp:329]   --->   Operation 604 'partselect' 'tmp_55_30' <Predicate = (!exitcond2)> <Delay = 0.00>
ST_9 : Operation 605 [2/2] (2.77ns)   --->   "%Weight_fc1_V_4_load_4 = load i7* %Weight_fc1_V_4_addr_4, align 1" [bi_lstm/src/rnn.cpp:329]   --->   Operation 605 'load' 'Weight_fc1_V_4_load_4' <Predicate = (!exitcond2)> <Delay = 2.77> <Core = "ROM_1P_BRAM">   --->   Core 61 'ROM_1P_BRAM' <Latency = 1> <II = 1> <Delay = 2.77> <Storage> <Opcode : 'load'> <Ports = 1> <Width = 7> <Depth = 100> <ROM>
ST_9 : Operation 606 [1/1] (1.75ns)   --->   "store i16 %tmp_55_34, i16* %fc1_out_5_V_addr_3, align 2" [bi_lstm/src/rnn.cpp:329]   --->   Operation 606 'store' <Predicate = (!exitcond2)> <Delay = 1.75> <Core = "RAM">   --->   Core 37 'RAM' <Latency = 1> <II = 1> <Delay = 1.75> <Storage> <Opcode : 'load' 'store'> <Ports = 2> <Width = 16> <Depth = 5> <RAM>
ST_9 : Operation 607 [1/2] (2.77ns)   --->   "%Weight_fc1_V_5_load_1 = load i7* %Weight_fc1_V_5_addr_1, align 1" [bi_lstm/src/rnn.cpp:329]   --->   Operation 607 'load' 'Weight_fc1_V_5_load_1' <Predicate = (!exitcond2)> <Delay = 2.77> <Core = "ROM_1P_BRAM">   --->   Core 61 'ROM_1P_BRAM' <Latency = 1> <II = 1> <Delay = 2.77> <Storage> <Opcode : 'load'> <Ports = 1> <Width = 7> <Depth = 100> <ROM>
ST_9 : Operation 608 [1/1] (0.00ns)   --->   "%tmp_38 = sext i7 %Weight_fc1_V_5_load_1 to i23" [bi_lstm/src/rnn.cpp:329]   --->   Operation 608 'sext' 'tmp_38' <Predicate = (!exitcond2)> <Delay = 0.00>
ST_9 : Operation 609 [1/1] (2.82ns) (grouped into DSP with root node ret_V_35)   --->   "%rhs_V31_35_cast = mul i23 %tmp_38, %tmp" [bi_lstm/src/rnn.cpp:329]   --->   Operation 609 'mul' 'rhs_V31_35_cast' <Predicate = (!exitcond2)> <Delay = 2.82> <Core = "DSP48">   --->   Core 65 'DSP48' <Latency = 0> <II = 1> <Delay = 5.55> <IPBlock> <Opcode : 'mul' 'add' 'sub' 'select'> <InPorts = 0> <OutPorts = 1> <Sync> <CReg>
ST_9 : Operation 610 [1/1] (0.00ns)   --->   "%lhs_V_1_35 = call i23 @_ssdm_op_BitConcatenate.i23.i16.i7(i16 %fc1_out_6_V_load_3, i7 0)" [bi_lstm/src/rnn.cpp:329]   --->   Operation 610 'bitconcatenate' 'lhs_V_1_35' <Predicate = (!exitcond2)> <Delay = 0.00>
ST_9 : Operation 611 [1/1] (2.73ns) (root node of the DSP)   --->   "%ret_V_35 = add i23 %lhs_V_1_35, %rhs_V31_35_cast" [bi_lstm/src/rnn.cpp:329]   --->   Operation 611 'add' 'ret_V_35' <Predicate = (!exitcond2)> <Delay = 2.73> <Core = "DSP48">   --->   Core 65 'DSP48' <Latency = 0> <II = 1> <Delay = 5.55> <IPBlock> <Opcode : 'mul' 'add' 'sub' 'select'> <InPorts = 0> <OutPorts = 1> <Sync> <CReg>
ST_9 : Operation 612 [1/1] (0.00ns)   --->   "%tmp_55_35 = call i16 @_ssdm_op_PartSelect.i16.i23.i32.i32(i23 %ret_V_35, i32 7, i32 22)" [bi_lstm/src/rnn.cpp:329]   --->   Operation 612 'partselect' 'tmp_55_35' <Predicate = (!exitcond2)> <Delay = 0.00>
ST_9 : Operation 613 [2/2] (2.77ns)   --->   "%Weight_fc1_V_5_load_2 = load i7* %Weight_fc1_V_5_addr_2, align 1" [bi_lstm/src/rnn.cpp:329]   --->   Operation 613 'load' 'Weight_fc1_V_5_load_2' <Predicate = (!exitcond2)> <Delay = 2.77> <Core = "ROM_1P_BRAM">   --->   Core 61 'ROM_1P_BRAM' <Latency = 1> <II = 1> <Delay = 2.77> <Storage> <Opcode : 'load'> <Ports = 1> <Width = 7> <Depth = 100> <ROM>
ST_9 : Operation 614 [1/2] (1.75ns)   --->   "%fc1_out_7_V_load_3 = load i16* %fc1_out_7_V_addr_3, align 2" [bi_lstm/src/rnn.cpp:329]   --->   Operation 614 'load' 'fc1_out_7_V_load_3' <Predicate = (!exitcond2)> <Delay = 1.75> <Core = "RAM">   --->   Core 37 'RAM' <Latency = 1> <II = 1> <Delay = 1.75> <Storage> <Opcode : 'load' 'store'> <Ports = 2> <Width = 16> <Depth = 5> <RAM>
ST_9 : Operation 615 [1/1] (1.75ns)   --->   "store i16 %tmp_55_44, i16* %fc1_out_5_V_addr_4, align 2" [bi_lstm/src/rnn.cpp:329]   --->   Operation 615 'store' <Predicate = (!exitcond2)> <Delay = 1.75> <Core = "RAM">   --->   Core 37 'RAM' <Latency = 1> <II = 1> <Delay = 1.75> <Storage> <Opcode : 'load' 'store'> <Ports = 2> <Width = 16> <Depth = 5> <RAM>
ST_9 : Operation 616 [1/2] (2.77ns)   --->   "%Weight_fc1_V_6_load_4 = load i7* %Weight_fc1_V_6_addr_4, align 1" [bi_lstm/src/rnn.cpp:329]   --->   Operation 616 'load' 'Weight_fc1_V_6_load_4' <Predicate = (!exitcond2)> <Delay = 2.77> <Core = "ROM_1P_BRAM">   --->   Core 61 'ROM_1P_BRAM' <Latency = 1> <II = 1> <Delay = 2.77> <Storage> <Opcode : 'load'> <Ports = 1> <Width = 7> <Depth = 100> <ROM>
ST_9 : Operation 617 [1/1] (0.00ns)   --->   "%tmp_48 = sext i7 %Weight_fc1_V_6_load_4 to i23" [bi_lstm/src/rnn.cpp:329]   --->   Operation 617 'sext' 'tmp_48' <Predicate = (!exitcond2)> <Delay = 0.00>
ST_9 : Operation 618 [1/1] (2.82ns) (grouped into DSP with root node ret_V_45)   --->   "%rhs_V31_45_cast = mul i23 %tmp_48, %tmp" [bi_lstm/src/rnn.cpp:329]   --->   Operation 618 'mul' 'rhs_V31_45_cast' <Predicate = (!exitcond2)> <Delay = 2.82> <Core = "DSP48">   --->   Core 65 'DSP48' <Latency = 0> <II = 1> <Delay = 5.55> <IPBlock> <Opcode : 'mul' 'add' 'sub' 'select'> <InPorts = 0> <OutPorts = 1> <Sync> <CReg>
ST_9 : Operation 619 [1/1] (0.00ns)   --->   "%lhs_V_1_45 = call i23 @_ssdm_op_BitConcatenate.i23.i16.i7(i16 %fc1_out_6_V_load_4, i7 0)" [bi_lstm/src/rnn.cpp:329]   --->   Operation 619 'bitconcatenate' 'lhs_V_1_45' <Predicate = (!exitcond2)> <Delay = 0.00>
ST_9 : Operation 620 [1/1] (2.73ns) (root node of the DSP)   --->   "%ret_V_45 = add i23 %lhs_V_1_45, %rhs_V31_45_cast" [bi_lstm/src/rnn.cpp:329]   --->   Operation 620 'add' 'ret_V_45' <Predicate = (!exitcond2)> <Delay = 2.73> <Core = "DSP48">   --->   Core 65 'DSP48' <Latency = 0> <II = 1> <Delay = 5.55> <IPBlock> <Opcode : 'mul' 'add' 'sub' 'select'> <InPorts = 0> <OutPorts = 1> <Sync> <CReg>
ST_9 : Operation 621 [1/1] (0.00ns)   --->   "%tmp_55_45 = call i16 @_ssdm_op_PartSelect.i16.i23.i32.i32(i23 %ret_V_45, i32 7, i32 22)" [bi_lstm/src/rnn.cpp:329]   --->   Operation 621 'partselect' 'tmp_55_45' <Predicate = (!exitcond2)> <Delay = 0.00>
ST_9 : Operation 622 [2/2] (2.77ns)   --->   "%Weight_fc1_V_6_load_5 = load i7* %Weight_fc1_V_6_addr_5, align 1" [bi_lstm/src/rnn.cpp:329]   --->   Operation 622 'load' 'Weight_fc1_V_6_load_5' <Predicate = (!exitcond2)> <Delay = 2.77> <Core = "ROM_1P_BRAM">   --->   Core 61 'ROM_1P_BRAM' <Latency = 1> <II = 1> <Delay = 2.77> <Storage> <Opcode : 'load'> <Ports = 1> <Width = 7> <Depth = 100> <ROM>

State 10 <SV = 9> <Delay = 8.32>
ST_10 : Operation 623 [1/1] (1.75ns)   --->   "store i16 %tmp_55_3, i16* %fc1_out_3_V_addr, align 2" [bi_lstm/src/rnn.cpp:329]   --->   Operation 623 'store' <Predicate = (!exitcond2)> <Delay = 1.75> <Core = "RAM">   --->   Core 37 'RAM' <Latency = 1> <II = 1> <Delay = 1.75> <Storage> <Opcode : 'load' 'store'> <Ports = 2> <Width = 16> <Depth = 5> <RAM>
ST_10 : Operation 624 [1/2] (2.77ns)   --->   "%Weight_fc1_V_0_load_4 = load i7* %Weight_fc1_V_0_addr_4, align 1" [bi_lstm/src/rnn.cpp:329]   --->   Operation 624 'load' 'Weight_fc1_V_0_load_4' <Predicate = (!exitcond2)> <Delay = 2.77> <Core = "ROM_1P_BRAM">   --->   Core 61 'ROM_1P_BRAM' <Latency = 1> <II = 1> <Delay = 2.77> <Storage> <Opcode : 'load'> <Ports = 1> <Width = 7> <Depth = 100> <ROM>
ST_10 : Operation 625 [1/1] (0.00ns)   --->   "%tmp_5 = sext i7 %Weight_fc1_V_0_load_4 to i23" [bi_lstm/src/rnn.cpp:329]   --->   Operation 625 'sext' 'tmp_5' <Predicate = (!exitcond2)> <Delay = 0.00>
ST_10 : Operation 626 [1/1] (2.82ns) (grouped into DSP with root node ret_V_4)   --->   "%rhs_V31_4_cast = mul i23 %tmp_5, %tmp" [bi_lstm/src/rnn.cpp:329]   --->   Operation 626 'mul' 'rhs_V31_4_cast' <Predicate = (!exitcond2)> <Delay = 2.82> <Core = "DSP48">   --->   Core 65 'DSP48' <Latency = 0> <II = 1> <Delay = 5.55> <IPBlock> <Opcode : 'mul' 'add' 'sub' 'select'> <InPorts = 0> <OutPorts = 1> <Sync> <CReg>
ST_10 : Operation 627 [1/1] (0.00ns)   --->   "%lhs_V_1_4 = call i23 @_ssdm_op_BitConcatenate.i23.i16.i7(i16 %fc1_out_4_V_load, i7 0)" [bi_lstm/src/rnn.cpp:329]   --->   Operation 627 'bitconcatenate' 'lhs_V_1_4' <Predicate = (!exitcond2)> <Delay = 0.00>
ST_10 : Operation 628 [1/1] (2.73ns) (root node of the DSP)   --->   "%ret_V_4 = add i23 %lhs_V_1_4, %rhs_V31_4_cast" [bi_lstm/src/rnn.cpp:329]   --->   Operation 628 'add' 'ret_V_4' <Predicate = (!exitcond2)> <Delay = 2.73> <Core = "DSP48">   --->   Core 65 'DSP48' <Latency = 0> <II = 1> <Delay = 5.55> <IPBlock> <Opcode : 'mul' 'add' 'sub' 'select'> <InPorts = 0> <OutPorts = 1> <Sync> <CReg>
ST_10 : Operation 629 [1/1] (0.00ns)   --->   "%tmp_55_4 = call i16 @_ssdm_op_PartSelect.i16.i23.i32.i32(i23 %ret_V_4, i32 7, i32 22)" [bi_lstm/src/rnn.cpp:329]   --->   Operation 629 'partselect' 'tmp_55_4' <Predicate = (!exitcond2)> <Delay = 0.00>
ST_10 : Operation 630 [2/2] (2.77ns)   --->   "%Weight_fc1_V_0_load_5 = load i7* %Weight_fc1_V_0_addr_5, align 1" [bi_lstm/src/rnn.cpp:329]   --->   Operation 630 'load' 'Weight_fc1_V_0_load_5' <Predicate = (!exitcond2)> <Delay = 2.77> <Core = "ROM_1P_BRAM">   --->   Core 61 'ROM_1P_BRAM' <Latency = 1> <II = 1> <Delay = 2.77> <Storage> <Opcode : 'load'> <Ports = 1> <Width = 7> <Depth = 100> <ROM>
ST_10 : Operation 631 [1/1] (1.75ns)   --->   "store i16 %tmp_55_s, i16* %fc1_out_0_V_addr_1, align 2" [bi_lstm/src/rnn.cpp:329]   --->   Operation 631 'store' <Predicate = (!exitcond2)> <Delay = 1.75> <Core = "RAM">   --->   Core 37 'RAM' <Latency = 1> <II = 1> <Delay = 1.75> <Storage> <Opcode : 'load' 'store'> <Ports = 2> <Width = 16> <Depth = 5> <RAM>
ST_10 : Operation 632 [1/2] (2.77ns)   --->   "%Weight_fc1_V_1_load_4 = load i7* %Weight_fc1_V_1_addr_4, align 1" [bi_lstm/src/rnn.cpp:329]   --->   Operation 632 'load' 'Weight_fc1_V_1_load_4' <Predicate = (!exitcond2)> <Delay = 2.77> <Core = "ROM_1P_BRAM">   --->   Core 61 'ROM_1P_BRAM' <Latency = 1> <II = 1> <Delay = 2.77> <Storage> <Opcode : 'load'> <Ports = 1> <Width = 7> <Depth = 100> <ROM>
ST_10 : Operation 633 [1/1] (0.00ns)   --->   "%tmp_13 = sext i7 %Weight_fc1_V_1_load_4 to i23" [bi_lstm/src/rnn.cpp:329]   --->   Operation 633 'sext' 'tmp_13' <Predicate = (!exitcond2)> <Delay = 0.00>
ST_10 : Operation 634 [1/1] (2.82ns) (grouped into DSP with root node ret_V_10)   --->   "%rhs_V31_10_cast = mul i23 %tmp_13, %tmp" [bi_lstm/src/rnn.cpp:329]   --->   Operation 634 'mul' 'rhs_V31_10_cast' <Predicate = (!exitcond2)> <Delay = 2.82> <Core = "DSP48">   --->   Core 65 'DSP48' <Latency = 0> <II = 1> <Delay = 5.55> <IPBlock> <Opcode : 'mul' 'add' 'sub' 'select'> <InPorts = 0> <OutPorts = 1> <Sync> <CReg>
ST_10 : Operation 635 [1/1] (0.00ns)   --->   "%lhs_V_1_10 = call i23 @_ssdm_op_BitConcatenate.i23.i16.i7(i16 %fc1_out_1_V_load_1, i7 0)" [bi_lstm/src/rnn.cpp:329]   --->   Operation 635 'bitconcatenate' 'lhs_V_1_10' <Predicate = (!exitcond2)> <Delay = 0.00>
ST_10 : Operation 636 [1/1] (2.73ns) (root node of the DSP)   --->   "%ret_V_10 = add i23 %lhs_V_1_10, %rhs_V31_10_cast" [bi_lstm/src/rnn.cpp:329]   --->   Operation 636 'add' 'ret_V_10' <Predicate = (!exitcond2)> <Delay = 2.73> <Core = "DSP48">   --->   Core 65 'DSP48' <Latency = 0> <II = 1> <Delay = 5.55> <IPBlock> <Opcode : 'mul' 'add' 'sub' 'select'> <InPorts = 0> <OutPorts = 1> <Sync> <CReg>
ST_10 : Operation 637 [1/1] (0.00ns)   --->   "%tmp_55_10 = call i16 @_ssdm_op_PartSelect.i16.i23.i32.i32(i23 %ret_V_10, i32 7, i32 22)" [bi_lstm/src/rnn.cpp:329]   --->   Operation 637 'partselect' 'tmp_55_10' <Predicate = (!exitcond2)> <Delay = 0.00>
ST_10 : Operation 638 [2/2] (2.77ns)   --->   "%Weight_fc1_V_1_load_5 = load i7* %Weight_fc1_V_1_addr_5, align 1" [bi_lstm/src/rnn.cpp:329]   --->   Operation 638 'load' 'Weight_fc1_V_1_load_5' <Predicate = (!exitcond2)> <Delay = 2.77> <Core = "ROM_1P_BRAM">   --->   Core 61 'ROM_1P_BRAM' <Latency = 1> <II = 1> <Delay = 2.77> <Storage> <Opcode : 'load'> <Ports = 1> <Width = 7> <Depth = 100> <ROM>
ST_10 : Operation 639 [1/1] (1.75ns)   --->   "store i16 %tmp_55_16, i16* %fc1_out_7_V_addr_1, align 2" [bi_lstm/src/rnn.cpp:329]   --->   Operation 639 'store' <Predicate = (!exitcond2)> <Delay = 1.75> <Core = "RAM">   --->   Core 37 'RAM' <Latency = 1> <II = 1> <Delay = 1.75> <Storage> <Opcode : 'load' 'store'> <Ports = 2> <Width = 16> <Depth = 5> <RAM>
ST_10 : Operation 640 [1/2] (2.77ns)   --->   "%Weight_fc1_V_2_load_4 = load i7* %Weight_fc1_V_2_addr_4, align 1" [bi_lstm/src/rnn.cpp:329]   --->   Operation 640 'load' 'Weight_fc1_V_2_load_4' <Predicate = (!exitcond2)> <Delay = 2.77> <Core = "ROM_1P_BRAM">   --->   Core 61 'ROM_1P_BRAM' <Latency = 1> <II = 1> <Delay = 2.77> <Storage> <Opcode : 'load'> <Ports = 1> <Width = 7> <Depth = 100> <ROM>
ST_10 : Operation 641 [1/1] (0.00ns)   --->   "%tmp_20 = sext i7 %Weight_fc1_V_2_load_4 to i23" [bi_lstm/src/rnn.cpp:329]   --->   Operation 641 'sext' 'tmp_20' <Predicate = (!exitcond2)> <Delay = 0.00>
ST_10 : Operation 642 [1/1] (2.82ns) (grouped into DSP with root node ret_V_17)   --->   "%rhs_V31_17_cast = mul i23 %tmp_20, %tmp" [bi_lstm/src/rnn.cpp:329]   --->   Operation 642 'mul' 'rhs_V31_17_cast' <Predicate = (!exitcond2)> <Delay = 2.82> <Core = "DSP48">   --->   Core 65 'DSP48' <Latency = 0> <II = 1> <Delay = 5.55> <IPBlock> <Opcode : 'mul' 'add' 'sub' 'select'> <InPorts = 0> <OutPorts = 1> <Sync> <CReg>
ST_10 : Operation 643 [1/1] (0.00ns)   --->   "%lhs_V_1_17 = call i23 @_ssdm_op_BitConcatenate.i23.i16.i7(i16 %fc1_out_8_V_load_1, i7 0)" [bi_lstm/src/rnn.cpp:329]   --->   Operation 643 'bitconcatenate' 'lhs_V_1_17' <Predicate = (!exitcond2)> <Delay = 0.00>
ST_10 : Operation 644 [1/1] (2.73ns) (root node of the DSP)   --->   "%ret_V_17 = add i23 %lhs_V_1_17, %rhs_V31_17_cast" [bi_lstm/src/rnn.cpp:329]   --->   Operation 644 'add' 'ret_V_17' <Predicate = (!exitcond2)> <Delay = 2.73> <Core = "DSP48">   --->   Core 65 'DSP48' <Latency = 0> <II = 1> <Delay = 5.55> <IPBlock> <Opcode : 'mul' 'add' 'sub' 'select'> <InPorts = 0> <OutPorts = 1> <Sync> <CReg>
ST_10 : Operation 645 [1/1] (0.00ns)   --->   "%tmp_55_17 = call i16 @_ssdm_op_PartSelect.i16.i23.i32.i32(i23 %ret_V_17, i32 7, i32 22)" [bi_lstm/src/rnn.cpp:329]   --->   Operation 645 'partselect' 'tmp_55_17' <Predicate = (!exitcond2)> <Delay = 0.00>
ST_10 : Operation 646 [2/2] (2.77ns)   --->   "%Weight_fc1_V_2_load_5 = load i7* %Weight_fc1_V_2_addr_5, align 1" [bi_lstm/src/rnn.cpp:329]   --->   Operation 646 'load' 'Weight_fc1_V_2_load_5' <Predicate = (!exitcond2)> <Delay = 2.77> <Core = "ROM_1P_BRAM">   --->   Core 61 'ROM_1P_BRAM' <Latency = 1> <II = 1> <Delay = 2.77> <Storage> <Opcode : 'load'> <Ports = 1> <Width = 7> <Depth = 100> <ROM>
ST_10 : Operation 647 [1/1] (1.75ns)   --->   "store i16 %tmp_55_23, i16* %fc1_out_4_V_addr_2, align 2" [bi_lstm/src/rnn.cpp:329]   --->   Operation 647 'store' <Predicate = (!exitcond2)> <Delay = 1.75> <Core = "RAM">   --->   Core 37 'RAM' <Latency = 1> <II = 1> <Delay = 1.75> <Storage> <Opcode : 'load' 'store'> <Ports = 2> <Width = 16> <Depth = 5> <RAM>
ST_10 : Operation 648 [1/2] (2.77ns)   --->   "%Weight_fc1_V_3_load_4 = load i7* %Weight_fc1_V_3_addr_4, align 1" [bi_lstm/src/rnn.cpp:329]   --->   Operation 648 'load' 'Weight_fc1_V_3_load_4' <Predicate = (!exitcond2)> <Delay = 2.77> <Core = "ROM_1P_BRAM">   --->   Core 61 'ROM_1P_BRAM' <Latency = 1> <II = 1> <Delay = 2.77> <Storage> <Opcode : 'load'> <Ports = 1> <Width = 7> <Depth = 100> <ROM>
ST_10 : Operation 649 [1/1] (0.00ns)   --->   "%tmp_27 = sext i7 %Weight_fc1_V_3_load_4 to i23" [bi_lstm/src/rnn.cpp:329]   --->   Operation 649 'sext' 'tmp_27' <Predicate = (!exitcond2)> <Delay = 0.00>
ST_10 : Operation 650 [1/1] (2.82ns) (grouped into DSP with root node ret_V_24)   --->   "%rhs_V31_24_cast = mul i23 %tmp_27, %tmp" [bi_lstm/src/rnn.cpp:329]   --->   Operation 650 'mul' 'rhs_V31_24_cast' <Predicate = (!exitcond2)> <Delay = 2.82> <Core = "DSP48">   --->   Core 65 'DSP48' <Latency = 0> <II = 1> <Delay = 5.55> <IPBlock> <Opcode : 'mul' 'add' 'sub' 'select'> <InPorts = 0> <OutPorts = 1> <Sync> <CReg>
ST_10 : Operation 651 [1/1] (0.00ns)   --->   "%lhs_V_1_24 = call i23 @_ssdm_op_BitConcatenate.i23.i16.i7(i16 %fc1_out_5_V_load_2, i7 0)" [bi_lstm/src/rnn.cpp:329]   --->   Operation 651 'bitconcatenate' 'lhs_V_1_24' <Predicate = (!exitcond2)> <Delay = 0.00>
ST_10 : Operation 652 [1/1] (2.73ns) (root node of the DSP)   --->   "%ret_V_24 = add i23 %lhs_V_1_24, %rhs_V31_24_cast" [bi_lstm/src/rnn.cpp:329]   --->   Operation 652 'add' 'ret_V_24' <Predicate = (!exitcond2)> <Delay = 2.73> <Core = "DSP48">   --->   Core 65 'DSP48' <Latency = 0> <II = 1> <Delay = 5.55> <IPBlock> <Opcode : 'mul' 'add' 'sub' 'select'> <InPorts = 0> <OutPorts = 1> <Sync> <CReg>
ST_10 : Operation 653 [1/1] (0.00ns)   --->   "%tmp_55_24 = call i16 @_ssdm_op_PartSelect.i16.i23.i32.i32(i23 %ret_V_24, i32 7, i32 22)" [bi_lstm/src/rnn.cpp:329]   --->   Operation 653 'partselect' 'tmp_55_24' <Predicate = (!exitcond2)> <Delay = 0.00>
ST_10 : Operation 654 [2/2] (2.77ns)   --->   "%Weight_fc1_V_3_load_5 = load i7* %Weight_fc1_V_3_addr_5, align 1" [bi_lstm/src/rnn.cpp:329]   --->   Operation 654 'load' 'Weight_fc1_V_3_load_5' <Predicate = (!exitcond2)> <Delay = 2.77> <Core = "ROM_1P_BRAM">   --->   Core 61 'ROM_1P_BRAM' <Latency = 1> <II = 1> <Delay = 2.77> <Storage> <Opcode : 'load'> <Ports = 1> <Width = 7> <Depth = 100> <ROM>
ST_10 : Operation 655 [1/1] (1.75ns)   --->   "store i16 %tmp_55_30, i16* %fc1_out_1_V_addr_3, align 2" [bi_lstm/src/rnn.cpp:329]   --->   Operation 655 'store' <Predicate = (!exitcond2)> <Delay = 1.75> <Core = "RAM">   --->   Core 37 'RAM' <Latency = 1> <II = 1> <Delay = 1.75> <Storage> <Opcode : 'load' 'store'> <Ports = 2> <Width = 16> <Depth = 5> <RAM>
ST_10 : Operation 656 [1/2] (2.77ns)   --->   "%Weight_fc1_V_4_load_4 = load i7* %Weight_fc1_V_4_addr_4, align 1" [bi_lstm/src/rnn.cpp:329]   --->   Operation 656 'load' 'Weight_fc1_V_4_load_4' <Predicate = (!exitcond2)> <Delay = 2.77> <Core = "ROM_1P_BRAM">   --->   Core 61 'ROM_1P_BRAM' <Latency = 1> <II = 1> <Delay = 2.77> <Storage> <Opcode : 'load'> <Ports = 1> <Width = 7> <Depth = 100> <ROM>
ST_10 : Operation 657 [1/1] (0.00ns)   --->   "%tmp_34 = sext i7 %Weight_fc1_V_4_load_4 to i23" [bi_lstm/src/rnn.cpp:329]   --->   Operation 657 'sext' 'tmp_34' <Predicate = (!exitcond2)> <Delay = 0.00>
ST_10 : Operation 658 [1/1] (2.82ns) (grouped into DSP with root node ret_V_31)   --->   "%rhs_V31_31_cast = mul i23 %tmp_34, %tmp" [bi_lstm/src/rnn.cpp:329]   --->   Operation 658 'mul' 'rhs_V31_31_cast' <Predicate = (!exitcond2)> <Delay = 2.82> <Core = "DSP48">   --->   Core 65 'DSP48' <Latency = 0> <II = 1> <Delay = 5.55> <IPBlock> <Opcode : 'mul' 'add' 'sub' 'select'> <InPorts = 0> <OutPorts = 1> <Sync> <CReg>
ST_10 : Operation 659 [1/1] (0.00ns)   --->   "%lhs_V_1_31 = call i23 @_ssdm_op_BitConcatenate.i23.i16.i7(i16 %fc1_out_2_V_load_3, i7 0)" [bi_lstm/src/rnn.cpp:329]   --->   Operation 659 'bitconcatenate' 'lhs_V_1_31' <Predicate = (!exitcond2)> <Delay = 0.00>
ST_10 : Operation 660 [1/1] (2.73ns) (root node of the DSP)   --->   "%ret_V_31 = add i23 %lhs_V_1_31, %rhs_V31_31_cast" [bi_lstm/src/rnn.cpp:329]   --->   Operation 660 'add' 'ret_V_31' <Predicate = (!exitcond2)> <Delay = 2.73> <Core = "DSP48">   --->   Core 65 'DSP48' <Latency = 0> <II = 1> <Delay = 5.55> <IPBlock> <Opcode : 'mul' 'add' 'sub' 'select'> <InPorts = 0> <OutPorts = 1> <Sync> <CReg>
ST_10 : Operation 661 [1/1] (0.00ns)   --->   "%tmp_55_31 = call i16 @_ssdm_op_PartSelect.i16.i23.i32.i32(i23 %ret_V_31, i32 7, i32 22)" [bi_lstm/src/rnn.cpp:329]   --->   Operation 661 'partselect' 'tmp_55_31' <Predicate = (!exitcond2)> <Delay = 0.00>
ST_10 : Operation 662 [2/2] (2.77ns)   --->   "%Weight_fc1_V_4_load_5 = load i7* %Weight_fc1_V_4_addr_5, align 1" [bi_lstm/src/rnn.cpp:329]   --->   Operation 662 'load' 'Weight_fc1_V_4_load_5' <Predicate = (!exitcond2)> <Delay = 2.77> <Core = "ROM_1P_BRAM">   --->   Core 61 'ROM_1P_BRAM' <Latency = 1> <II = 1> <Delay = 2.77> <Storage> <Opcode : 'load'> <Ports = 1> <Width = 7> <Depth = 100> <ROM>
ST_10 : Operation 663 [1/1] (1.75ns)   --->   "store i16 %tmp_55_35, i16* %fc1_out_6_V_addr_3, align 2" [bi_lstm/src/rnn.cpp:329]   --->   Operation 663 'store' <Predicate = (!exitcond2)> <Delay = 1.75> <Core = "RAM">   --->   Core 37 'RAM' <Latency = 1> <II = 1> <Delay = 1.75> <Storage> <Opcode : 'load' 'store'> <Ports = 2> <Width = 16> <Depth = 5> <RAM>
ST_10 : Operation 664 [1/2] (2.77ns)   --->   "%Weight_fc1_V_5_load_2 = load i7* %Weight_fc1_V_5_addr_2, align 1" [bi_lstm/src/rnn.cpp:329]   --->   Operation 664 'load' 'Weight_fc1_V_5_load_2' <Predicate = (!exitcond2)> <Delay = 2.77> <Core = "ROM_1P_BRAM">   --->   Core 61 'ROM_1P_BRAM' <Latency = 1> <II = 1> <Delay = 2.77> <Storage> <Opcode : 'load'> <Ports = 1> <Width = 7> <Depth = 100> <ROM>
ST_10 : Operation 665 [1/1] (0.00ns)   --->   "%tmp_39 = sext i7 %Weight_fc1_V_5_load_2 to i23" [bi_lstm/src/rnn.cpp:329]   --->   Operation 665 'sext' 'tmp_39' <Predicate = (!exitcond2)> <Delay = 0.00>
ST_10 : Operation 666 [1/1] (2.82ns) (grouped into DSP with root node ret_V_36)   --->   "%rhs_V31_36_cast = mul i23 %tmp_39, %tmp" [bi_lstm/src/rnn.cpp:329]   --->   Operation 666 'mul' 'rhs_V31_36_cast' <Predicate = (!exitcond2)> <Delay = 2.82> <Core = "DSP48">   --->   Core 65 'DSP48' <Latency = 0> <II = 1> <Delay = 5.55> <IPBlock> <Opcode : 'mul' 'add' 'sub' 'select'> <InPorts = 0> <OutPorts = 1> <Sync> <CReg>
ST_10 : Operation 667 [1/1] (0.00ns)   --->   "%lhs_V_1_36 = call i23 @_ssdm_op_BitConcatenate.i23.i16.i7(i16 %fc1_out_7_V_load_3, i7 0)" [bi_lstm/src/rnn.cpp:329]   --->   Operation 667 'bitconcatenate' 'lhs_V_1_36' <Predicate = (!exitcond2)> <Delay = 0.00>
ST_10 : Operation 668 [1/1] (2.73ns) (root node of the DSP)   --->   "%ret_V_36 = add i23 %lhs_V_1_36, %rhs_V31_36_cast" [bi_lstm/src/rnn.cpp:329]   --->   Operation 668 'add' 'ret_V_36' <Predicate = (!exitcond2)> <Delay = 2.73> <Core = "DSP48">   --->   Core 65 'DSP48' <Latency = 0> <II = 1> <Delay = 5.55> <IPBlock> <Opcode : 'mul' 'add' 'sub' 'select'> <InPorts = 0> <OutPorts = 1> <Sync> <CReg>
ST_10 : Operation 669 [1/1] (0.00ns)   --->   "%tmp_55_36 = call i16 @_ssdm_op_PartSelect.i16.i23.i32.i32(i23 %ret_V_36, i32 7, i32 22)" [bi_lstm/src/rnn.cpp:329]   --->   Operation 669 'partselect' 'tmp_55_36' <Predicate = (!exitcond2)> <Delay = 0.00>
ST_10 : Operation 670 [2/2] (2.77ns)   --->   "%Weight_fc1_V_5_load_4 = load i7* %Weight_fc1_V_5_addr_4, align 1" [bi_lstm/src/rnn.cpp:329]   --->   Operation 670 'load' 'Weight_fc1_V_5_load_4' <Predicate = (!exitcond2)> <Delay = 2.77> <Core = "ROM_1P_BRAM">   --->   Core 61 'ROM_1P_BRAM' <Latency = 1> <II = 1> <Delay = 2.77> <Storage> <Opcode : 'load'> <Ports = 1> <Width = 7> <Depth = 100> <ROM>
ST_10 : Operation 671 [2/2] (2.77ns)   --->   "%Weight_fc1_V_6_load = load i7* %Weight_fc1_V_6_addr, align 1" [bi_lstm/src/rnn.cpp:329]   --->   Operation 671 'load' 'Weight_fc1_V_6_load' <Predicate = (!exitcond2)> <Delay = 2.77> <Core = "ROM_1P_BRAM">   --->   Core 61 'ROM_1P_BRAM' <Latency = 1> <II = 1> <Delay = 2.77> <Storage> <Opcode : 'load'> <Ports = 1> <Width = 7> <Depth = 100> <ROM>
ST_10 : Operation 672 [1/1] (1.75ns)   --->   "store i16 %tmp_55_45, i16* %fc1_out_6_V_addr_4, align 2" [bi_lstm/src/rnn.cpp:329]   --->   Operation 672 'store' <Predicate = (!exitcond2)> <Delay = 1.75> <Core = "RAM">   --->   Core 37 'RAM' <Latency = 1> <II = 1> <Delay = 1.75> <Storage> <Opcode : 'load' 'store'> <Ports = 2> <Width = 16> <Depth = 5> <RAM>
ST_10 : Operation 673 [1/2] (2.77ns)   --->   "%Weight_fc1_V_6_load_5 = load i7* %Weight_fc1_V_6_addr_5, align 1" [bi_lstm/src/rnn.cpp:329]   --->   Operation 673 'load' 'Weight_fc1_V_6_load_5' <Predicate = (!exitcond2)> <Delay = 2.77> <Core = "ROM_1P_BRAM">   --->   Core 61 'ROM_1P_BRAM' <Latency = 1> <II = 1> <Delay = 2.77> <Storage> <Opcode : 'load'> <Ports = 1> <Width = 7> <Depth = 100> <ROM>
ST_10 : Operation 674 [1/1] (0.00ns)   --->   "%tmp_49 = sext i7 %Weight_fc1_V_6_load_5 to i23" [bi_lstm/src/rnn.cpp:329]   --->   Operation 674 'sext' 'tmp_49' <Predicate = (!exitcond2)> <Delay = 0.00>
ST_10 : Operation 675 [1/1] (2.82ns) (grouped into DSP with root node ret_V_46)   --->   "%rhs_V31_46_cast = mul i23 %tmp_49, %tmp" [bi_lstm/src/rnn.cpp:329]   --->   Operation 675 'mul' 'rhs_V31_46_cast' <Predicate = (!exitcond2)> <Delay = 2.82> <Core = "DSP48">   --->   Core 65 'DSP48' <Latency = 0> <II = 1> <Delay = 5.55> <IPBlock> <Opcode : 'mul' 'add' 'sub' 'select'> <InPorts = 0> <OutPorts = 1> <Sync> <CReg>
ST_10 : Operation 676 [1/1] (0.00ns)   --->   "%lhs_V_1_46 = call i23 @_ssdm_op_BitConcatenate.i23.i16.i7(i16 %fc1_out_7_V_load_4, i7 0)" [bi_lstm/src/rnn.cpp:329]   --->   Operation 676 'bitconcatenate' 'lhs_V_1_46' <Predicate = (!exitcond2)> <Delay = 0.00>
ST_10 : Operation 677 [1/1] (2.73ns) (root node of the DSP)   --->   "%ret_V_46 = add i23 %lhs_V_1_46, %rhs_V31_46_cast" [bi_lstm/src/rnn.cpp:329]   --->   Operation 677 'add' 'ret_V_46' <Predicate = (!exitcond2)> <Delay = 2.73> <Core = "DSP48">   --->   Core 65 'DSP48' <Latency = 0> <II = 1> <Delay = 5.55> <IPBlock> <Opcode : 'mul' 'add' 'sub' 'select'> <InPorts = 0> <OutPorts = 1> <Sync> <CReg>
ST_10 : Operation 678 [1/1] (0.00ns)   --->   "%tmp_55_46 = call i16 @_ssdm_op_PartSelect.i16.i23.i32.i32(i23 %ret_V_46, i32 7, i32 22)" [bi_lstm/src/rnn.cpp:329]   --->   Operation 678 'partselect' 'tmp_55_46' <Predicate = (!exitcond2)> <Delay = 0.00>

State 11 <SV = 10> <Delay = 8.32>
ST_11 : Operation 679 [1/2] (2.77ns)   --->   "%Weight_fc1_V_0_load_5 = load i7* %Weight_fc1_V_0_addr_5, align 1" [bi_lstm/src/rnn.cpp:329]   --->   Operation 679 'load' 'Weight_fc1_V_0_load_5' <Predicate = (!exitcond2)> <Delay = 2.77> <Core = "ROM_1P_BRAM">   --->   Core 61 'ROM_1P_BRAM' <Latency = 1> <II = 1> <Delay = 2.77> <Storage> <Opcode : 'load'> <Ports = 1> <Width = 7> <Depth = 100> <ROM>
ST_11 : Operation 680 [1/1] (0.00ns)   --->   "%tmp_6 = sext i7 %Weight_fc1_V_0_load_5 to i23" [bi_lstm/src/rnn.cpp:329]   --->   Operation 680 'sext' 'tmp_6' <Predicate = (!exitcond2)> <Delay = 0.00>
ST_11 : Operation 681 [1/1] (2.82ns) (grouped into DSP with root node ret_V_s)   --->   "%rhs_V31_5_cast = mul i23 %tmp_6, %tmp" [bi_lstm/src/rnn.cpp:329]   --->   Operation 681 'mul' 'rhs_V31_5_cast' <Predicate = (!exitcond2)> <Delay = 2.82> <Core = "DSP48">   --->   Core 65 'DSP48' <Latency = 0> <II = 1> <Delay = 5.55> <IPBlock> <Opcode : 'mul' 'add' 'sub' 'select'> <InPorts = 0> <OutPorts = 1> <Sync> <CReg>
ST_11 : Operation 682 [1/1] (0.00ns)   --->   "%lhs_V_1_5 = call i23 @_ssdm_op_BitConcatenate.i23.i16.i7(i16 %fc1_out_5_V_load, i7 0)" [bi_lstm/src/rnn.cpp:329]   --->   Operation 682 'bitconcatenate' 'lhs_V_1_5' <Predicate = (!exitcond2)> <Delay = 0.00>
ST_11 : Operation 683 [1/1] (2.73ns) (root node of the DSP)   --->   "%ret_V_s = add i23 %lhs_V_1_5, %rhs_V31_5_cast" [bi_lstm/src/rnn.cpp:329]   --->   Operation 683 'add' 'ret_V_s' <Predicate = (!exitcond2)> <Delay = 2.73> <Core = "DSP48">   --->   Core 65 'DSP48' <Latency = 0> <II = 1> <Delay = 5.55> <IPBlock> <Opcode : 'mul' 'add' 'sub' 'select'> <InPorts = 0> <OutPorts = 1> <Sync> <CReg>
ST_11 : Operation 684 [1/1] (0.00ns)   --->   "%tmp_55_5 = call i16 @_ssdm_op_PartSelect.i16.i23.i32.i32(i23 %ret_V_s, i32 7, i32 22)" [bi_lstm/src/rnn.cpp:329]   --->   Operation 684 'partselect' 'tmp_55_5' <Predicate = (!exitcond2)> <Delay = 0.00>
ST_11 : Operation 685 [1/1] (1.75ns)   --->   "store i16 %tmp_55_10, i16* %fc1_out_1_V_addr_1, align 2" [bi_lstm/src/rnn.cpp:329]   --->   Operation 685 'store' <Predicate = (!exitcond2)> <Delay = 1.75> <Core = "RAM">   --->   Core 37 'RAM' <Latency = 1> <II = 1> <Delay = 1.75> <Storage> <Opcode : 'load' 'store'> <Ports = 2> <Width = 16> <Depth = 5> <RAM>
ST_11 : Operation 686 [1/2] (2.77ns)   --->   "%Weight_fc1_V_1_load_5 = load i7* %Weight_fc1_V_1_addr_5, align 1" [bi_lstm/src/rnn.cpp:329]   --->   Operation 686 'load' 'Weight_fc1_V_1_load_5' <Predicate = (!exitcond2)> <Delay = 2.77> <Core = "ROM_1P_BRAM">   --->   Core 61 'ROM_1P_BRAM' <Latency = 1> <II = 1> <Delay = 2.77> <Storage> <Opcode : 'load'> <Ports = 1> <Width = 7> <Depth = 100> <ROM>
ST_11 : Operation 687 [1/1] (0.00ns)   --->   "%tmp_14 = sext i7 %Weight_fc1_V_1_load_5 to i23" [bi_lstm/src/rnn.cpp:329]   --->   Operation 687 'sext' 'tmp_14' <Predicate = (!exitcond2)> <Delay = 0.00>
ST_11 : Operation 688 [1/1] (2.82ns) (grouped into DSP with root node ret_V_11)   --->   "%rhs_V31_11_cast = mul i23 %tmp_14, %tmp" [bi_lstm/src/rnn.cpp:329]   --->   Operation 688 'mul' 'rhs_V31_11_cast' <Predicate = (!exitcond2)> <Delay = 2.82> <Core = "DSP48">   --->   Core 65 'DSP48' <Latency = 0> <II = 1> <Delay = 5.55> <IPBlock> <Opcode : 'mul' 'add' 'sub' 'select'> <InPorts = 0> <OutPorts = 1> <Sync> <CReg>
ST_11 : Operation 689 [1/1] (0.00ns)   --->   "%lhs_V_1_11 = call i23 @_ssdm_op_BitConcatenate.i23.i16.i7(i16 %fc1_out_2_V_load_1, i7 0)" [bi_lstm/src/rnn.cpp:329]   --->   Operation 689 'bitconcatenate' 'lhs_V_1_11' <Predicate = (!exitcond2)> <Delay = 0.00>
ST_11 : Operation 690 [1/1] (2.73ns) (root node of the DSP)   --->   "%ret_V_11 = add i23 %lhs_V_1_11, %rhs_V31_11_cast" [bi_lstm/src/rnn.cpp:329]   --->   Operation 690 'add' 'ret_V_11' <Predicate = (!exitcond2)> <Delay = 2.73> <Core = "DSP48">   --->   Core 65 'DSP48' <Latency = 0> <II = 1> <Delay = 5.55> <IPBlock> <Opcode : 'mul' 'add' 'sub' 'select'> <InPorts = 0> <OutPorts = 1> <Sync> <CReg>
ST_11 : Operation 691 [1/1] (0.00ns)   --->   "%tmp_55_11 = call i16 @_ssdm_op_PartSelect.i16.i23.i32.i32(i23 %ret_V_11, i32 7, i32 22)" [bi_lstm/src/rnn.cpp:329]   --->   Operation 691 'partselect' 'tmp_55_11' <Predicate = (!exitcond2)> <Delay = 0.00>
ST_11 : Operation 692 [1/2] (2.77ns)   --->   "%Weight_fc1_V_2_load_5 = load i7* %Weight_fc1_V_2_addr_5, align 1" [bi_lstm/src/rnn.cpp:329]   --->   Operation 692 'load' 'Weight_fc1_V_2_load_5' <Predicate = (!exitcond2)> <Delay = 2.77> <Core = "ROM_1P_BRAM">   --->   Core 61 'ROM_1P_BRAM' <Latency = 1> <II = 1> <Delay = 2.77> <Storage> <Opcode : 'load'> <Ports = 1> <Width = 7> <Depth = 100> <ROM>
ST_11 : Operation 693 [1/1] (0.00ns)   --->   "%tmp_21 = sext i7 %Weight_fc1_V_2_load_5 to i23" [bi_lstm/src/rnn.cpp:329]   --->   Operation 693 'sext' 'tmp_21' <Predicate = (!exitcond2)> <Delay = 0.00>
ST_11 : Operation 694 [1/1] (2.82ns) (grouped into DSP with root node ret_V_18)   --->   "%rhs_V31_18_cast = mul i23 %tmp_21, %tmp" [bi_lstm/src/rnn.cpp:329]   --->   Operation 694 'mul' 'rhs_V31_18_cast' <Predicate = (!exitcond2)> <Delay = 2.82> <Core = "DSP48">   --->   Core 65 'DSP48' <Latency = 0> <II = 1> <Delay = 5.55> <IPBlock> <Opcode : 'mul' 'add' 'sub' 'select'> <InPorts = 0> <OutPorts = 1> <Sync> <CReg>
ST_11 : Operation 695 [1/1] (0.00ns)   --->   "%lhs_V_1_18 = call i23 @_ssdm_op_BitConcatenate.i23.i16.i7(i16 %fc1_out_9_V_load_1, i7 0)" [bi_lstm/src/rnn.cpp:329]   --->   Operation 695 'bitconcatenate' 'lhs_V_1_18' <Predicate = (!exitcond2)> <Delay = 0.00>
ST_11 : Operation 696 [1/1] (2.73ns) (root node of the DSP)   --->   "%ret_V_18 = add i23 %lhs_V_1_18, %rhs_V31_18_cast" [bi_lstm/src/rnn.cpp:329]   --->   Operation 696 'add' 'ret_V_18' <Predicate = (!exitcond2)> <Delay = 2.73> <Core = "DSP48">   --->   Core 65 'DSP48' <Latency = 0> <II = 1> <Delay = 5.55> <IPBlock> <Opcode : 'mul' 'add' 'sub' 'select'> <InPorts = 0> <OutPorts = 1> <Sync> <CReg>
ST_11 : Operation 697 [1/1] (0.00ns)   --->   "%tmp_55_18 = call i16 @_ssdm_op_PartSelect.i16.i23.i32.i32(i23 %ret_V_18, i32 7, i32 22)" [bi_lstm/src/rnn.cpp:329]   --->   Operation 697 'partselect' 'tmp_55_18' <Predicate = (!exitcond2)> <Delay = 0.00>
ST_11 : Operation 698 [1/1] (1.75ns)   --->   "store i16 %tmp_55_24, i16* %fc1_out_5_V_addr_2, align 2" [bi_lstm/src/rnn.cpp:329]   --->   Operation 698 'store' <Predicate = (!exitcond2)> <Delay = 1.75> <Core = "RAM">   --->   Core 37 'RAM' <Latency = 1> <II = 1> <Delay = 1.75> <Storage> <Opcode : 'load' 'store'> <Ports = 2> <Width = 16> <Depth = 5> <RAM>
ST_11 : Operation 699 [1/2] (2.77ns)   --->   "%Weight_fc1_V_3_load_5 = load i7* %Weight_fc1_V_3_addr_5, align 1" [bi_lstm/src/rnn.cpp:329]   --->   Operation 699 'load' 'Weight_fc1_V_3_load_5' <Predicate = (!exitcond2)> <Delay = 2.77> <Core = "ROM_1P_BRAM">   --->   Core 61 'ROM_1P_BRAM' <Latency = 1> <II = 1> <Delay = 2.77> <Storage> <Opcode : 'load'> <Ports = 1> <Width = 7> <Depth = 100> <ROM>
ST_11 : Operation 700 [1/1] (0.00ns)   --->   "%tmp_28 = sext i7 %Weight_fc1_V_3_load_5 to i23" [bi_lstm/src/rnn.cpp:329]   --->   Operation 700 'sext' 'tmp_28' <Predicate = (!exitcond2)> <Delay = 0.00>
ST_11 : Operation 701 [1/1] (2.82ns) (grouped into DSP with root node ret_V_25)   --->   "%rhs_V31_25_cast = mul i23 %tmp_28, %tmp" [bi_lstm/src/rnn.cpp:329]   --->   Operation 701 'mul' 'rhs_V31_25_cast' <Predicate = (!exitcond2)> <Delay = 2.82> <Core = "DSP48">   --->   Core 65 'DSP48' <Latency = 0> <II = 1> <Delay = 5.55> <IPBlock> <Opcode : 'mul' 'add' 'sub' 'select'> <InPorts = 0> <OutPorts = 1> <Sync> <CReg>
ST_11 : Operation 702 [1/1] (0.00ns)   --->   "%lhs_V_1_25 = call i23 @_ssdm_op_BitConcatenate.i23.i16.i7(i16 %fc1_out_6_V_load_2, i7 0)" [bi_lstm/src/rnn.cpp:329]   --->   Operation 702 'bitconcatenate' 'lhs_V_1_25' <Predicate = (!exitcond2)> <Delay = 0.00>
ST_11 : Operation 703 [1/1] (2.73ns) (root node of the DSP)   --->   "%ret_V_25 = add i23 %lhs_V_1_25, %rhs_V31_25_cast" [bi_lstm/src/rnn.cpp:329]   --->   Operation 703 'add' 'ret_V_25' <Predicate = (!exitcond2)> <Delay = 2.73> <Core = "DSP48">   --->   Core 65 'DSP48' <Latency = 0> <II = 1> <Delay = 5.55> <IPBlock> <Opcode : 'mul' 'add' 'sub' 'select'> <InPorts = 0> <OutPorts = 1> <Sync> <CReg>
ST_11 : Operation 704 [1/1] (0.00ns)   --->   "%tmp_55_25 = call i16 @_ssdm_op_PartSelect.i16.i23.i32.i32(i23 %ret_V_25, i32 7, i32 22)" [bi_lstm/src/rnn.cpp:329]   --->   Operation 704 'partselect' 'tmp_55_25' <Predicate = (!exitcond2)> <Delay = 0.00>
ST_11 : Operation 705 [1/1] (1.75ns)   --->   "store i16 %tmp_55_31, i16* %fc1_out_2_V_addr_3, align 2" [bi_lstm/src/rnn.cpp:329]   --->   Operation 705 'store' <Predicate = (!exitcond2)> <Delay = 1.75> <Core = "RAM">   --->   Core 37 'RAM' <Latency = 1> <II = 1> <Delay = 1.75> <Storage> <Opcode : 'load' 'store'> <Ports = 2> <Width = 16> <Depth = 5> <RAM>
ST_11 : Operation 706 [1/2] (2.77ns)   --->   "%Weight_fc1_V_4_load_5 = load i7* %Weight_fc1_V_4_addr_5, align 1" [bi_lstm/src/rnn.cpp:329]   --->   Operation 706 'load' 'Weight_fc1_V_4_load_5' <Predicate = (!exitcond2)> <Delay = 2.77> <Core = "ROM_1P_BRAM">   --->   Core 61 'ROM_1P_BRAM' <Latency = 1> <II = 1> <Delay = 2.77> <Storage> <Opcode : 'load'> <Ports = 1> <Width = 7> <Depth = 100> <ROM>
ST_11 : Operation 707 [1/1] (0.00ns)   --->   "%tmp_35 = sext i7 %Weight_fc1_V_4_load_5 to i23" [bi_lstm/src/rnn.cpp:329]   --->   Operation 707 'sext' 'tmp_35' <Predicate = (!exitcond2)> <Delay = 0.00>
ST_11 : Operation 708 [1/1] (2.82ns) (grouped into DSP with root node ret_V_32)   --->   "%rhs_V31_32_cast = mul i23 %tmp_35, %tmp" [bi_lstm/src/rnn.cpp:329]   --->   Operation 708 'mul' 'rhs_V31_32_cast' <Predicate = (!exitcond2)> <Delay = 2.82> <Core = "DSP48">   --->   Core 65 'DSP48' <Latency = 0> <II = 1> <Delay = 5.55> <IPBlock> <Opcode : 'mul' 'add' 'sub' 'select'> <InPorts = 0> <OutPorts = 1> <Sync> <CReg>
ST_11 : Operation 709 [1/1] (0.00ns)   --->   "%lhs_V_1_32 = call i23 @_ssdm_op_BitConcatenate.i23.i16.i7(i16 %fc1_out_3_V_load_3, i7 0)" [bi_lstm/src/rnn.cpp:329]   --->   Operation 709 'bitconcatenate' 'lhs_V_1_32' <Predicate = (!exitcond2)> <Delay = 0.00>
ST_11 : Operation 710 [1/1] (2.73ns) (root node of the DSP)   --->   "%ret_V_32 = add i23 %lhs_V_1_32, %rhs_V31_32_cast" [bi_lstm/src/rnn.cpp:329]   --->   Operation 710 'add' 'ret_V_32' <Predicate = (!exitcond2)> <Delay = 2.73> <Core = "DSP48">   --->   Core 65 'DSP48' <Latency = 0> <II = 1> <Delay = 5.55> <IPBlock> <Opcode : 'mul' 'add' 'sub' 'select'> <InPorts = 0> <OutPorts = 1> <Sync> <CReg>
ST_11 : Operation 711 [1/1] (0.00ns)   --->   "%tmp_55_32 = call i16 @_ssdm_op_PartSelect.i16.i23.i32.i32(i23 %ret_V_32, i32 7, i32 22)" [bi_lstm/src/rnn.cpp:329]   --->   Operation 711 'partselect' 'tmp_55_32' <Predicate = (!exitcond2)> <Delay = 0.00>
ST_11 : Operation 712 [1/2] (2.77ns)   --->   "%Weight_fc1_V_5_load_4 = load i7* %Weight_fc1_V_5_addr_4, align 1" [bi_lstm/src/rnn.cpp:329]   --->   Operation 712 'load' 'Weight_fc1_V_5_load_4' <Predicate = (!exitcond2)> <Delay = 2.77> <Core = "ROM_1P_BRAM">   --->   Core 61 'ROM_1P_BRAM' <Latency = 1> <II = 1> <Delay = 2.77> <Storage> <Opcode : 'load'> <Ports = 1> <Width = 7> <Depth = 100> <ROM>
ST_11 : Operation 713 [1/1] (0.00ns)   --->   "%tmp_41 = sext i7 %Weight_fc1_V_5_load_4 to i23" [bi_lstm/src/rnn.cpp:329]   --->   Operation 713 'sext' 'tmp_41' <Predicate = (!exitcond2)> <Delay = 0.00>
ST_11 : Operation 714 [1/1] (2.82ns) (grouped into DSP with root node ret_V_38)   --->   "%rhs_V31_38_cast = mul i23 %tmp_41, %tmp" [bi_lstm/src/rnn.cpp:329]   --->   Operation 714 'mul' 'rhs_V31_38_cast' <Predicate = (!exitcond2)> <Delay = 2.82> <Core = "DSP48">   --->   Core 65 'DSP48' <Latency = 0> <II = 1> <Delay = 5.55> <IPBlock> <Opcode : 'mul' 'add' 'sub' 'select'> <InPorts = 0> <OutPorts = 1> <Sync> <CReg>
ST_11 : Operation 715 [1/1] (0.00ns)   --->   "%lhs_V_1_38 = call i23 @_ssdm_op_BitConcatenate.i23.i16.i7(i16 %fc1_out_9_V_load_3, i7 0)" [bi_lstm/src/rnn.cpp:329]   --->   Operation 715 'bitconcatenate' 'lhs_V_1_38' <Predicate = (!exitcond2)> <Delay = 0.00>
ST_11 : Operation 716 [1/1] (2.73ns) (root node of the DSP)   --->   "%ret_V_38 = add i23 %lhs_V_1_38, %rhs_V31_38_cast" [bi_lstm/src/rnn.cpp:329]   --->   Operation 716 'add' 'ret_V_38' <Predicate = (!exitcond2)> <Delay = 2.73> <Core = "DSP48">   --->   Core 65 'DSP48' <Latency = 0> <II = 1> <Delay = 5.55> <IPBlock> <Opcode : 'mul' 'add' 'sub' 'select'> <InPorts = 0> <OutPorts = 1> <Sync> <CReg>
ST_11 : Operation 717 [1/1] (0.00ns)   --->   "%tmp_55_38 = call i16 @_ssdm_op_PartSelect.i16.i23.i32.i32(i23 %ret_V_38, i32 7, i32 22)" [bi_lstm/src/rnn.cpp:329]   --->   Operation 717 'partselect' 'tmp_55_38' <Predicate = (!exitcond2)> <Delay = 0.00>
ST_11 : Operation 718 [1/2] (2.77ns)   --->   "%Weight_fc1_V_6_load = load i7* %Weight_fc1_V_6_addr, align 1" [bi_lstm/src/rnn.cpp:329]   --->   Operation 718 'load' 'Weight_fc1_V_6_load' <Predicate = (!exitcond2)> <Delay = 2.77> <Core = "ROM_1P_BRAM">   --->   Core 61 'ROM_1P_BRAM' <Latency = 1> <II = 1> <Delay = 2.77> <Storage> <Opcode : 'load'> <Ports = 1> <Width = 7> <Depth = 100> <ROM>
ST_11 : Operation 719 [1/1] (0.00ns)   --->   "%tmp_44 = sext i7 %Weight_fc1_V_6_load to i23" [bi_lstm/src/rnn.cpp:329]   --->   Operation 719 'sext' 'tmp_44' <Predicate = (!exitcond2)> <Delay = 0.00>
ST_11 : Operation 720 [1/1] (2.82ns) (grouped into DSP with root node ret_V_41)   --->   "%rhs_V31_41_cast = mul i23 %tmp_44, %tmp" [bi_lstm/src/rnn.cpp:329]   --->   Operation 720 'mul' 'rhs_V31_41_cast' <Predicate = (!exitcond2)> <Delay = 2.82> <Core = "DSP48">   --->   Core 65 'DSP48' <Latency = 0> <II = 1> <Delay = 5.55> <IPBlock> <Opcode : 'mul' 'add' 'sub' 'select'> <InPorts = 0> <OutPorts = 1> <Sync> <CReg>
ST_11 : Operation 721 [1/1] (0.00ns)   --->   "%lhs_V_1_41 = call i23 @_ssdm_op_BitConcatenate.i23.i16.i7(i16 %fc1_out_2_V_load_4, i7 0)" [bi_lstm/src/rnn.cpp:329]   --->   Operation 721 'bitconcatenate' 'lhs_V_1_41' <Predicate = (!exitcond2)> <Delay = 0.00>
ST_11 : Operation 722 [1/1] (2.73ns) (root node of the DSP)   --->   "%ret_V_41 = add i23 %lhs_V_1_41, %rhs_V31_41_cast" [bi_lstm/src/rnn.cpp:329]   --->   Operation 722 'add' 'ret_V_41' <Predicate = (!exitcond2)> <Delay = 2.73> <Core = "DSP48">   --->   Core 65 'DSP48' <Latency = 0> <II = 1> <Delay = 5.55> <IPBlock> <Opcode : 'mul' 'add' 'sub' 'select'> <InPorts = 0> <OutPorts = 1> <Sync> <CReg>
ST_11 : Operation 723 [1/1] (0.00ns)   --->   "%tmp_55_41 = call i16 @_ssdm_op_PartSelect.i16.i23.i32.i32(i23 %ret_V_41, i32 7, i32 22)" [bi_lstm/src/rnn.cpp:329]   --->   Operation 723 'partselect' 'tmp_55_41' <Predicate = (!exitcond2)> <Delay = 0.00>
ST_11 : Operation 724 [1/1] (1.75ns)   --->   "store i16 %tmp_55_46, i16* %fc1_out_7_V_addr_4, align 2" [bi_lstm/src/rnn.cpp:329]   --->   Operation 724 'store' <Predicate = (!exitcond2)> <Delay = 1.75> <Core = "RAM">   --->   Core 37 'RAM' <Latency = 1> <II = 1> <Delay = 1.75> <Storage> <Opcode : 'load' 'store'> <Ports = 2> <Width = 16> <Depth = 5> <RAM>

State 12 <SV = 11> <Delay = 1.75>
ST_12 : Operation 725 [1/1] (1.75ns)   --->   "store i16 %tmp_55_4, i16* %fc1_out_4_V_addr, align 2" [bi_lstm/src/rnn.cpp:329]   --->   Operation 725 'store' <Predicate = (!exitcond2)> <Delay = 1.75> <Core = "RAM">   --->   Core 37 'RAM' <Latency = 1> <II = 1> <Delay = 1.75> <Storage> <Opcode : 'load' 'store'> <Ports = 2> <Width = 16> <Depth = 5> <RAM>
ST_12 : Operation 726 [1/1] (1.75ns)   --->   "store i16 %tmp_55_5, i16* %fc1_out_5_V_addr, align 2" [bi_lstm/src/rnn.cpp:329]   --->   Operation 726 'store' <Predicate = (!exitcond2)> <Delay = 1.75> <Core = "RAM">   --->   Core 37 'RAM' <Latency = 1> <II = 1> <Delay = 1.75> <Storage> <Opcode : 'load' 'store'> <Ports = 2> <Width = 16> <Depth = 5> <RAM>
ST_12 : Operation 727 [1/1] (1.75ns)   --->   "store i16 %tmp_55_11, i16* %fc1_out_2_V_addr_1, align 2" [bi_lstm/src/rnn.cpp:329]   --->   Operation 727 'store' <Predicate = (!exitcond2)> <Delay = 1.75> <Core = "RAM">   --->   Core 37 'RAM' <Latency = 1> <II = 1> <Delay = 1.75> <Storage> <Opcode : 'load' 'store'> <Ports = 2> <Width = 16> <Depth = 5> <RAM>
ST_12 : Operation 728 [1/1] (1.75ns)   --->   "store i16 %tmp_55_17, i16* %fc1_out_8_V_addr_1, align 2" [bi_lstm/src/rnn.cpp:329]   --->   Operation 728 'store' <Predicate = (!exitcond2)> <Delay = 1.75> <Core = "RAM">   --->   Core 37 'RAM' <Latency = 1> <II = 1> <Delay = 1.75> <Storage> <Opcode : 'load' 'store'> <Ports = 2> <Width = 16> <Depth = 5> <RAM>
ST_12 : Operation 729 [1/1] (1.75ns)   --->   "store i16 %tmp_55_18, i16* %fc1_out_9_V_addr_1, align 2" [bi_lstm/src/rnn.cpp:329]   --->   Operation 729 'store' <Predicate = (!exitcond2)> <Delay = 1.75> <Core = "RAM">   --->   Core 37 'RAM' <Latency = 1> <II = 1> <Delay = 1.75> <Storage> <Opcode : 'load' 'store'> <Ports = 2> <Width = 16> <Depth = 5> <RAM>
ST_12 : Operation 730 [1/1] (1.75ns)   --->   "store i16 %tmp_55_25, i16* %fc1_out_6_V_addr_2, align 2" [bi_lstm/src/rnn.cpp:329]   --->   Operation 730 'store' <Predicate = (!exitcond2)> <Delay = 1.75> <Core = "RAM">   --->   Core 37 'RAM' <Latency = 1> <II = 1> <Delay = 1.75> <Storage> <Opcode : 'load' 'store'> <Ports = 2> <Width = 16> <Depth = 5> <RAM>
ST_12 : Operation 731 [1/1] (1.75ns)   --->   "store i16 %tmp_55_32, i16* %fc1_out_3_V_addr_3, align 2" [bi_lstm/src/rnn.cpp:329]   --->   Operation 731 'store' <Predicate = (!exitcond2)> <Delay = 1.75> <Core = "RAM">   --->   Core 37 'RAM' <Latency = 1> <II = 1> <Delay = 1.75> <Storage> <Opcode : 'load' 'store'> <Ports = 2> <Width = 16> <Depth = 5> <RAM>
ST_12 : Operation 732 [1/1] (1.75ns)   --->   "store i16 %tmp_55_36, i16* %fc1_out_7_V_addr_3, align 2" [bi_lstm/src/rnn.cpp:329]   --->   Operation 732 'store' <Predicate = (!exitcond2)> <Delay = 1.75> <Core = "RAM">   --->   Core 37 'RAM' <Latency = 1> <II = 1> <Delay = 1.75> <Storage> <Opcode : 'load' 'store'> <Ports = 2> <Width = 16> <Depth = 5> <RAM>
ST_12 : Operation 733 [1/1] (1.75ns)   --->   "store i16 %tmp_55_38, i16* %fc1_out_9_V_addr_3, align 2" [bi_lstm/src/rnn.cpp:329]   --->   Operation 733 'store' <Predicate = (!exitcond2)> <Delay = 1.75> <Core = "RAM">   --->   Core 37 'RAM' <Latency = 1> <II = 1> <Delay = 1.75> <Storage> <Opcode : 'load' 'store'> <Ports = 2> <Width = 16> <Depth = 5> <RAM>
ST_12 : Operation 734 [1/1] (1.75ns)   --->   "store i16 %tmp_55_41, i16* %fc1_out_2_V_addr_4, align 2" [bi_lstm/src/rnn.cpp:329]   --->   Operation 734 'store' <Predicate = (!exitcond2)> <Delay = 1.75> <Core = "RAM">   --->   Core 37 'RAM' <Latency = 1> <II = 1> <Delay = 1.75> <Storage> <Opcode : 'load' 'store'> <Ports = 2> <Width = 16> <Depth = 5> <RAM>
ST_12 : Operation 735 [1/1] (0.00ns)   --->   "%empty_53 = call i32 (...)* @_ssdm_op_SpecRegionEnd([13 x i8]* @p_str45, i32 %tmp_s)" [bi_lstm/src/rnn.cpp:331]   --->   Operation 735 'specregionend' 'empty_53' <Predicate = (!exitcond2)> <Delay = 0.00>
ST_12 : Operation 736 [1/1] (0.00ns)   --->   "br label %.preheader380" [bi_lstm/src/rnn.cpp:324]   --->   Operation 736 'br' <Predicate = (!exitcond2)> <Delay = 0.00>

State 13 <SV = 4> <Delay = 0.00>
ST_13 : Operation 737 [1/1] (0.00ns)   --->   "ret void"   --->   Operation 737 'ret' <Predicate = true> <Delay = 0.00>


============================================================
+ Verbose Summary: Timing violations
============================================================
Target clock period: 10ns, clock uncertainty: 1.25ns.

 <State 1>: 1.75ns
The critical path consists of the following:
	'getelementptr' operation ('fc1_out_0_V_addr', bi_lstm/src/rnn.cpp:322) [35]  (0 ns)
	'store' operation (bi_lstm/src/rnn.cpp:322) of constant 16 on array 'fc1_out_0_V' [36]  (1.75 ns)

 <State 2>: 1.75ns
The critical path consists of the following:
	'getelementptr' operation ('fc1_out_0_V_addr_1', bi_lstm/src/rnn.cpp:322) [55]  (0 ns)
	'store' operation (bi_lstm/src/rnn.cpp:322) of constant 256 on array 'fc1_out_0_V' [56]  (1.75 ns)

 <State 3>: 1.75ns
The critical path consists of the following:
	'getelementptr' operation ('fc1_out_0_V_addr_3', bi_lstm/src/rnn.cpp:322) [95]  (0 ns)
	'store' operation (bi_lstm/src/rnn.cpp:322) of constant 192 on array 'fc1_out_0_V' [96]  (1.75 ns)

 <State 4>: 4.19ns
The critical path consists of the following:
	'phi' operation ('j') with incoming values : ('j', bi_lstm/src/rnn.cpp:324) [137]  (0 ns)
	'add' operation ('tmp_58', bi_lstm/src/rnn.cpp:329) [166]  (1.42 ns)
	'getelementptr' operation ('Weight_fc1_V_0_addr_6', bi_lstm/src/rnn.cpp:329) [168]  (0 ns)
	'load' operation ('Weight_fc1_V_0_load_6', bi_lstm/src/rnn.cpp:329) on array 'Weight_fc1_V_0' [299]  (2.77 ns)

 <State 5>: 8.32ns
The critical path consists of the following:
	'load' operation ('Weight_fc1_V_0_load_6', bi_lstm/src/rnn.cpp:329) on array 'Weight_fc1_V_0' [299]  (2.77 ns)
	'mul' operation of DSP[304] ('rhs_V31_6_cast', bi_lstm/src/rnn.cpp:329) [301]  (2.82 ns)
	'add' operation of DSP[304] ('ret_V_6', bi_lstm/src/rnn.cpp:329) [304]  (2.73 ns)

 <State 6>: 8.32ns
The critical path consists of the following:
	'load' operation ('Weight_fc1_V_0_load', bi_lstm/src/rnn.cpp:329) on array 'Weight_fc1_V_0' [251]  (2.77 ns)
	'mul' operation of DSP[256] ('rhs_V31_cast', bi_lstm/src/rnn.cpp:329) [253]  (2.82 ns)
	'add' operation of DSP[256] ('ret_V', bi_lstm/src/rnn.cpp:329) [256]  (2.73 ns)

 <State 7>: 8.32ns
The critical path consists of the following:
	'load' operation ('Weight_fc1_V_0_load_1', bi_lstm/src/rnn.cpp:329) on array 'Weight_fc1_V_0' [259]  (2.77 ns)
	'mul' operation of DSP[264] ('rhs_V31_1_cast', bi_lstm/src/rnn.cpp:329) [261]  (2.82 ns)
	'add' operation of DSP[264] ('ret_V_1', bi_lstm/src/rnn.cpp:329) [264]  (2.73 ns)

 <State 8>: 8.32ns
The critical path consists of the following:
	'load' operation ('Weight_fc1_V_0_load_2', bi_lstm/src/rnn.cpp:329) on array 'Weight_fc1_V_0' [267]  (2.77 ns)
	'mul' operation of DSP[272] ('rhs_V31_2_cast', bi_lstm/src/rnn.cpp:329) [269]  (2.82 ns)
	'add' operation of DSP[272] ('ret_V_2', bi_lstm/src/rnn.cpp:329) [272]  (2.73 ns)

 <State 9>: 8.32ns
The critical path consists of the following:
	'load' operation ('Weight_fc1_V_0_load_3', bi_lstm/src/rnn.cpp:329) on array 'Weight_fc1_V_0' [275]  (2.77 ns)
	'mul' operation of DSP[280] ('rhs_V31_3_cast', bi_lstm/src/rnn.cpp:329) [277]  (2.82 ns)
	'add' operation of DSP[280] ('ret_V_3', bi_lstm/src/rnn.cpp:329) [280]  (2.73 ns)

 <State 10>: 8.32ns
The critical path consists of the following:
	'load' operation ('Weight_fc1_V_0_load_4', bi_lstm/src/rnn.cpp:329) on array 'Weight_fc1_V_0' [283]  (2.77 ns)
	'mul' operation of DSP[288] ('rhs_V31_4_cast', bi_lstm/src/rnn.cpp:329) [285]  (2.82 ns)
	'add' operation of DSP[288] ('ret_V_4', bi_lstm/src/rnn.cpp:329) [288]  (2.73 ns)

 <State 11>: 8.32ns
The critical path consists of the following:
	'load' operation ('Weight_fc1_V_0_load_5', bi_lstm/src/rnn.cpp:329) on array 'Weight_fc1_V_0' [291]  (2.77 ns)
	'mul' operation of DSP[296] ('rhs_V31_5_cast', bi_lstm/src/rnn.cpp:329) [293]  (2.82 ns)
	'add' operation of DSP[296] ('ret_V_s', bi_lstm/src/rnn.cpp:329) [296]  (2.73 ns)

 <State 12>: 1.75ns
The critical path consists of the following:
	'store' operation (bi_lstm/src/rnn.cpp:329) of variable 'tmp_55_4', bi_lstm/src/rnn.cpp:329 on array 'fc1_out_4_V' [290]  (1.75 ns)

 <State 13>: 0ns
The critical path consists of the following:


============================================================
+ Verbose Summary: Binding
============================================================
N/A
* FSMD analyzer results:
  - Output states:
 - Input state : 
  - Chain level:
	State 1
	State 2
	State 3
	State 4
	State 5
	State 6
	State 7
	State 8
	State 9
	State 10
	State 11
	State 12
	State 13


============================================================
+ Verbose Summary: Datapath Resource usage 
============================================================
N/A
