

================================================================
== Vivado HLS Report for 'sigmoid'
================================================================
* Date:           Sat Apr 19 01:58:38 2025

* Version:        2018.3 (Build 2405991 on Thu Dec 06 23:56:15 MST 2018)
* Project:        bi_lstm
* Solution:       solution1
* Product family: zynq
* Target device:  xc7z020clg400-2


================================================================
== Performance Estimates
================================================================
+ Timing (ns): 
    * Summary: 
    +--------+-------+----------+------------+
    |  Clock | Target| Estimated| Uncertainty|
    +--------+-------+----------+------------+
    |ap_clk  |  10.00|     7.425|        1.25|
    +--------+-------+----------+------------+

+ Latency (clock cycles): 
    * Summary: 
    +-----+-----+-----+-----+---------+
    |  Latency  |  Interval | Pipeline|
    | min | max | min | max |   Type  |
    +-----+-----+-----+-----+---------+
    |   98|  112|   98|  112|   none  |
    +-----+-----+-----+-----+---------+

    + Detail: 
        * Instance: 
        N/A

        * Loop: 
        +----------+-----+-----+----------+-----------+-----------+------+----------+
        |          |  Latency  | Iteration|  Initiation Interval  | Trip |          |
        | Loop Name| min | max |  Latency |  achieved |   target  | Count| Pipelined|
        +----------+-----+-----+----------+-----------+-----------+------+----------+
        |- Loop 1  |   97|  111|  13 ~ 15 |          -|          -|     7|    no    |
        +----------+-----+-----+----------+-----------+-----------+------+----------+



================================================================
== Utilization Estimates
================================================================
* Summary: 
+-----------------+---------+-------+--------+-------+
|       Name      | BRAM_18K| DSP48E|   FF   |  LUT  |
+-----------------+---------+-------+--------+-------+
|DSP              |        -|      -|       -|      -|
|Expression       |        -|      -|       0|    898|
|FIFO             |        -|      -|       -|      -|
|Instance         |        -|      -|       -|      -|
|Memory           |        1|      -|       0|      0|
|Multiplexer      |        -|      -|       -|     34|
|Register         |        -|      -|     237|      -|
+-----------------+---------+-------+--------+-------+
|Total            |        1|      0|     237|    932|
+-----------------+---------+-------+--------+-------+
|Available        |      280|    220|  106400|  53200|
+-----------------+---------+-------+--------+-------+
|Utilization (%)  |    ~0   |      0|   ~0   |      1|
+-----------------+---------+-------+--------+-------+

+ Detail: 
    * Instance: 
    N/A

    * DSP48: 
    N/A

    * Memory: 
    +-----------------+----------------------+---------+---+----+------+-----+------+-------------+
    |      Memory     |        Module        | BRAM_18K| FF| LUT| Words| Bits| Banks| W*Bits*Banks|
    +-----------------+----------------------+---------+---+----+------+-----+------+-------------+
    |sigmoid_lut_V_U  |sigmoid_sigmoid_ldEe  |        1|  0|   0|   256|   15|     1|         3840|
    +-----------------+----------------------+---------+---+----+------+-----+------+-------------+
    |Total            |                      |        1|  0|   0|   256|   15|     1|         3840|
    +-----------------+----------------------+---------+---+----+------+-----+------+-------------+

    * FIFO: 
    N/A

    * Expression: 
    +--------------------------+----------+-------+---+----+------------+------------+
    |       Variable Name      | Operation| DSP48E| FF| LUT| Bitwidth P0| Bitwidth P1|
    +--------------------------+----------+-------+---+----+------------+------------+
    |i_3_7_fu_578_p2           |     +    |      0|  0|  32|           4|          32|
    |ret_V_1_fu_470_p2         |     +    |      0|  0|  13|          11|          13|
    |ret_V_2_fu_610_p2         |     +    |      0|  0|  13|          11|          13|
    |ret_V_3_fu_722_p2         |     +    |      0|  0|  13|          11|          13|
    |ret_V_5_fu_1046_p2        |     +    |      0|  0|  13|          11|          13|
    |ret_V_6_fu_1208_p2        |     +    |      0|  0|  13|          11|          13|
    |ret_V_7_fu_1370_p2        |     +    |      0|  0|  13|          11|          13|
    |ret_V_fu_349_p2           |     +    |      0|  0|  13|          11|          13|
    |ret_V_s_fu_884_p2         |     +    |      0|  0|  13|          11|          13|
    |tmp_60_fu_409_p2          |     +    |      0|  0|   8|           1|           8|
    |tmp_67_fu_530_p2          |     +    |      0|  0|   8|           1|           8|
    |tmp_71_fu_670_p2          |     +    |      0|  0|   8|           1|           8|
    |tmp_76_fu_782_p2          |     +    |      0|  0|   8|           1|           8|
    |tmp_81_fu_944_p2          |     +    |      0|  0|   8|           1|           8|
    |tmp_86_fu_1106_p2         |     +    |      0|  0|   8|           1|           8|
    |tmp_91_fu_1268_p2         |     +    |      0|  0|   8|           1|           8|
    |tmp_96_fu_1430_p2         |     +    |      0|  0|   8|           1|           8|
    |r_V_4_1_fu_496_p2         |     -    |      0|  0|  24|          24|          24|
    |r_V_4_2_fu_636_p2         |     -    |      0|  0|  24|          24|          24|
    |r_V_4_3_fu_748_p2         |     -    |      0|  0|  24|          24|          24|
    |r_V_4_4_fu_910_p2         |     -    |      0|  0|  24|          24|          24|
    |r_V_4_5_fu_1072_p2        |     -    |      0|  0|  24|          24|          24|
    |r_V_4_6_fu_1234_p2        |     -    |      0|  0|  24|          24|          24|
    |r_V_4_7_fu_1396_p2        |     -    |      0|  0|  24|          24|          24|
    |r_V_4_fu_375_p2           |     -    |      0|  0|  24|          24|          24|
    |sel_tmp12_fu_1147_p2      |    and   |      0|  0|   1|           1|           1|
    |sel_tmp17_fu_1309_p2      |    and   |      0|  0|   1|           1|           1|
    |sel_tmp19_fu_1471_p2      |    and   |      0|  0|   1|           1|           1|
    |sel_tmp22_fu_1525_p2      |    and   |      0|  0|   1|           1|           1|
    |sel_tmp2_fu_823_p2        |    and   |      0|  0|   1|           1|           1|
    |sel_tmp7_fu_985_p2        |    and   |      0|  0|   1|           1|           1|
    |exitcond_2_fu_572_p2      |   icmp   |      0|  0|  12|          32|           6|
    |tmp_12_1_fu_514_p2        |   icmp   |      0|  0|   6|          14|           1|
    |tmp_12_2_fu_654_p2        |   icmp   |      0|  0|   6|          14|           1|
    |tmp_12_3_fu_766_p2        |   icmp   |      0|  0|   6|          14|           1|
    |tmp_12_4_fu_928_p2        |   icmp   |      0|  0|   6|          14|           1|
    |tmp_12_5_fu_1090_p2       |   icmp   |      0|  0|   6|          14|           1|
    |tmp_12_6_fu_1252_p2       |   icmp   |      0|  0|   6|          14|           1|
    |tmp_12_7_fu_1414_p2       |   icmp   |      0|  0|   6|          14|           1|
    |tmp_12_fu_393_p2          |   icmp   |      0|  0|   6|          14|           1|
    |tmp_1_46_fu_444_p2        |   icmp   |      0|  0|   7|          16|          15|
    |tmp_2_fu_584_p2           |   icmp   |      0|  0|   7|          16|          15|
    |tmp_3_fu_696_p2           |   icmp   |      0|  0|   7|          16|          15|
    |tmp_4_fu_858_p2           |   icmp   |      0|  0|   7|          16|          15|
    |tmp_5_fu_1020_p2          |   icmp   |      0|  0|   7|          16|          15|
    |tmp_6_fu_1182_p2          |   icmp   |      0|  0|   7|          16|          15|
    |tmp_7_fu_1344_p2          |   icmp   |      0|  0|   7|          16|          15|
    |tmp_9_1_fu_450_p2         |   icmp   |      0|  0|   7|          16|          16|
    |tmp_9_2_fu_590_p2         |   icmp   |      0|  0|   7|          16|          16|
    |tmp_9_3_fu_702_p2         |   icmp   |      0|  0|   7|          16|          16|
    |tmp_9_4_fu_864_p2         |   icmp   |      0|  0|   7|          16|          16|
    |tmp_9_5_fu_1026_p2        |   icmp   |      0|  0|   7|          16|          16|
    |tmp_9_6_fu_1188_p2        |   icmp   |      0|  0|   7|          16|          16|
    |tmp_9_7_fu_1350_p2        |   icmp   |      0|  0|   7|          16|          16|
    |tmp_9_fu_329_p2           |   icmp   |      0|  0|   7|          16|          16|
    |tmp_s_fu_323_p2           |   icmp   |      0|  0|   7|          16|          15|
    |i_3_s_fu_566_p2           |    or    |      0|  0|  32|          32|           2|
    |tmp_74_fu_836_p2          |    or    |      0|  0|   1|           1|           1|
    |tmp_79_fu_998_p2          |    or    |      0|  0|   1|           1|           1|
    |tmp_84_fu_1160_p2         |    or    |      0|  0|   1|           1|           1|
    |tmp_89_fu_1322_p2         |    or    |      0|  0|   1|           1|           1|
    |tmp_94_fu_1484_p2         |    or    |      0|  0|   1|           1|           1|
    |tmp_99_fu_1538_p2         |    or    |      0|  0|   1|           1|           1|
    |sel_tmp10_fu_1152_p3      |  select  |      0|  0|  13|           1|           1|
    |sel_tmp15_fu_1314_p3      |  select  |      0|  0|  13|           1|           1|
    |sel_tmp20_fu_1476_p3      |  select  |      0|  0|  13|           1|           1|
    |sel_tmp23_fu_1530_p3      |  select  |      0|  0|  13|           1|           1|
    |sel_tmp5_fu_990_p3        |  select  |      0|  0|  13|           1|           1|
    |sel_tmp_fu_828_p3         |  select  |      0|  0|  13|           1|           1|
    |storemerge1_2_fu_841_p3   |  select  |      0|  0|  12|           1|          12|
    |storemerge1_3_fu_1003_p3  |  select  |      0|  0|  12|           1|          12|
    |storemerge1_4_fu_1165_p3  |  select  |      0|  0|  12|           1|          12|
    |storemerge1_5_fu_1327_p3  |  select  |      0|  0|  12|           1|          12|
    |storemerge1_6_fu_1489_p3  |  select  |      0|  0|  12|           1|          12|
    |storemerge1_7_fu_1543_p3  |  select  |      0|  0|  12|           1|          12|
    |tmp_62_fu_415_p3          |  select  |      0|  0|   8|           1|           8|
    |tmp_64_fu_423_p3          |  select  |      0|  0|   8|           1|           8|
    |tmp_68_fu_536_p3          |  select  |      0|  0|   8|           1|           8|
    |tmp_69_fu_544_p3          |  select  |      0|  0|   8|           1|           8|
    |tmp_72_fu_676_p3          |  select  |      0|  0|   8|           1|           8|
    |tmp_73_fu_684_p3          |  select  |      0|  0|   8|           1|           8|
    |tmp_77_fu_788_p3          |  select  |      0|  0|   8|           1|           8|
    |tmp_78_fu_796_p3          |  select  |      0|  0|   8|           1|           8|
    |tmp_82_fu_950_p3          |  select  |      0|  0|   8|           1|           8|
    |tmp_83_fu_958_p3          |  select  |      0|  0|   8|           1|           8|
    |tmp_87_fu_1112_p3         |  select  |      0|  0|   8|           1|           8|
    |tmp_88_fu_1120_p3         |  select  |      0|  0|   8|           1|           8|
    |tmp_92_fu_1274_p3         |  select  |      0|  0|   8|           1|           8|
    |tmp_93_fu_1282_p3         |  select  |      0|  0|   8|           1|           8|
    |tmp_97_fu_1436_p3         |  select  |      0|  0|   8|           1|           8|
    |tmp_98_fu_1444_p3         |  select  |      0|  0|   8|           1|           8|
    |sel_tmp11_fu_1142_p2      |    xor   |      0|  0|   2|           1|           2|
    |sel_tmp16_fu_1304_p2      |    xor   |      0|  0|   2|           1|           2|
    |sel_tmp18_fu_1466_p2      |    xor   |      0|  0|   2|           1|           2|
    |sel_tmp1_fu_818_p2        |    xor   |      0|  0|   2|           1|           2|
    |sel_tmp21_fu_1520_p2      |    xor   |      0|  0|   2|           1|           2|
    |sel_tmp6_fu_980_p2        |    xor   |      0|  0|   2|           1|           2|
    +--------------------------+----------+-------+---+----+------------+------------+
    |Total                     |          |      0|  0| 898|         770|         886|
    +--------------------------+----------+-------+---+----+------------+------------+

    * Multiplexer: 
    +----------------------------------------+----+-----------+-----+-----------+
    |                  Name                  | LUT| Input Size| Bits| Total Bits|
    +----------------------------------------+----+-----------+-----+-----------+
    |ap_NS_fsm                               |   8|         17|    1|         17|
    |ap_phi_mux_storemerge1_1_phi_fu_288_p6  |   3|          2|   12|         24|
    |i_reg_256                               |   3|          2|   32|         64|
    |res_0_V_address0                        |   3|          3|    3|          9|
    |res_1_V_address0                        |   3|          3|    3|          9|
    |res_2_V_address0                        |   3|          3|    3|          9|
    |sigmoid_lut_V_address0                  |   5|          9|    8|         72|
    |storemerge1_1_reg_283                   |   3|          3|   12|         36|
    |storemerge1_reg_268                     |   3|          3|   12|         36|
    +----------------------------------------+----+-----------+-----+-----------+
    |Total                                   |  34|         45|   86|        276|
    +----------------------------------------+----+-----------+-----+-----------+

    * Register: 
    +-----------------------+----+----+-----+-----------+
    |          Name         | FF | LUT| Bits| Const Bits|
    +-----------------------+----+----+-----+-----------+
    |ap_CS_fsm              |  16|   0|   16|          0|
    |i_3_7_reg_1651         |  32|   0|   32|          0|
    |i_reg_256              |  32|   0|   32|          0|
    |newIndex2_reg_1556     |  29|   0|   64|         35|
    |storemerge1_1_reg_283  |  12|   0|   12|          0|
    |storemerge1_reg_268    |  12|   0|   12|          0|
    |tmp_1_46_reg_1600      |   1|   0|    1|          0|
    |tmp_2_reg_1656         |   1|   0|    1|          0|
    |tmp_3_reg_1677         |   1|   0|    1|          0|
    |tmp_4_reg_1698         |   1|   0|    1|          0|
    |tmp_5_reg_1719         |   1|   0|    1|          0|
    |tmp_64_reg_1580        |   8|   0|    8|          0|
    |tmp_69_reg_1608        |   8|   0|    8|          0|
    |tmp_6_reg_1740         |   1|   0|    1|          0|
    |tmp_73_reg_1667        |   8|   0|    8|          0|
    |tmp_78_reg_1688        |   8|   0|    8|          0|
    |tmp_7_reg_1761         |   1|   0|    1|          0|
    |tmp_83_reg_1709        |   8|   0|    8|          0|
    |tmp_88_reg_1730        |   8|   0|    8|          0|
    |tmp_93_reg_1751        |   8|   0|    8|          0|
    |tmp_98_reg_1772        |   8|   0|    8|          0|
    |tmp_9_1_reg_1604       |   1|   0|    1|          0|
    |tmp_9_2_reg_1662       |   1|   0|    1|          0|
    |tmp_9_3_reg_1683       |   1|   0|    1|          0|
    |tmp_9_4_reg_1704       |   1|   0|    1|          0|
    |tmp_9_5_reg_1725       |   1|   0|    1|          0|
    |tmp_9_6_reg_1746       |   1|   0|    1|          0|
    |tmp_9_7_reg_1767       |   1|   0|    1|          0|
    |tmp_9_reg_1576         |   1|   0|    1|          0|
    |tmp_s_reg_1572         |   1|   0|    1|          0|
    |x_0_V_addr_reg_1567    |   3|   0|    3|          0|
    |x_1_V_addr_reg_1595    |   3|   0|    3|          0|
    |x_2_V_addr_reg_1621    |   3|   0|    3|          0|
    |x_3_V_addr_reg_1626    |   3|   0|    3|          0|
    |x_4_V_addr_reg_1631    |   3|   0|    3|          0|
    |x_5_V_addr_reg_1636    |   3|   0|    3|          0|
    |x_6_V_addr_reg_1641    |   3|   0|    3|          0|
    |x_7_V_addr_reg_1646    |   3|   0|    3|          0|
    +-----------------------+----+----+-----+-----------+
    |Total                  | 237|   0|  272|         35|
    +-----------------------+----+----+-----+-----------+



================================================================
== Interface
================================================================
* Summary: 
+------------------+-----+-----+------------+--------------+--------------+
|     RTL Ports    | Dir | Bits|  Protocol  | Source Object|    C Type    |
+------------------+-----+-----+------------+--------------+--------------+
|ap_clk            |  in |    1| ap_ctrl_hs |    sigmoid   | return value |
|ap_rst            |  in |    1| ap_ctrl_hs |    sigmoid   | return value |
|ap_start          |  in |    1| ap_ctrl_hs |    sigmoid   | return value |
|ap_done           | out |    1| ap_ctrl_hs |    sigmoid   | return value |
|ap_idle           | out |    1| ap_ctrl_hs |    sigmoid   | return value |
|ap_ready          | out |    1| ap_ctrl_hs |    sigmoid   | return value |
|res_0_V_address0  | out |    3|  ap_memory |    res_0_V   |     array    |
|res_0_V_ce0       | out |    1|  ap_memory |    res_0_V   |     array    |
|res_0_V_we0       | out |    1|  ap_memory |    res_0_V   |     array    |
|res_0_V_d0        | out |   16|  ap_memory |    res_0_V   |     array    |
|res_0_V_q0        |  in |   16|  ap_memory |    res_0_V   |     array    |
|res_1_V_address0  | out |    3|  ap_memory |    res_1_V   |     array    |
|res_1_V_ce0       | out |    1|  ap_memory |    res_1_V   |     array    |
|res_1_V_we0       | out |    1|  ap_memory |    res_1_V   |     array    |
|res_1_V_d0        | out |   16|  ap_memory |    res_1_V   |     array    |
|res_1_V_q0        |  in |   16|  ap_memory |    res_1_V   |     array    |
|res_2_V_address0  | out |    3|  ap_memory |    res_2_V   |     array    |
|res_2_V_ce0       | out |    1|  ap_memory |    res_2_V   |     array    |
|res_2_V_we0       | out |    1|  ap_memory |    res_2_V   |     array    |
|res_2_V_d0        | out |   16|  ap_memory |    res_2_V   |     array    |
|res_2_V_q0        |  in |   16|  ap_memory |    res_2_V   |     array    |
|res_3_V_address0  | out |    3|  ap_memory |    res_3_V   |     array    |
|res_3_V_ce0       | out |    1|  ap_memory |    res_3_V   |     array    |
|res_3_V_we0       | out |    1|  ap_memory |    res_3_V   |     array    |
|res_3_V_d0        | out |   16|  ap_memory |    res_3_V   |     array    |
|res_3_V_q0        |  in |   16|  ap_memory |    res_3_V   |     array    |
|res_4_V_address0  | out |    3|  ap_memory |    res_4_V   |     array    |
|res_4_V_ce0       | out |    1|  ap_memory |    res_4_V   |     array    |
|res_4_V_we0       | out |    1|  ap_memory |    res_4_V   |     array    |
|res_4_V_d0        | out |   16|  ap_memory |    res_4_V   |     array    |
|res_4_V_q0        |  in |   16|  ap_memory |    res_4_V   |     array    |
|res_5_V_address0  | out |    3|  ap_memory |    res_5_V   |     array    |
|res_5_V_ce0       | out |    1|  ap_memory |    res_5_V   |     array    |
|res_5_V_we0       | out |    1|  ap_memory |    res_5_V   |     array    |
|res_5_V_d0        | out |   16|  ap_memory |    res_5_V   |     array    |
|res_5_V_q0        |  in |   16|  ap_memory |    res_5_V   |     array    |
|res_6_V_address0  | out |    3|  ap_memory |    res_6_V   |     array    |
|res_6_V_ce0       | out |    1|  ap_memory |    res_6_V   |     array    |
|res_6_V_we0       | out |    1|  ap_memory |    res_6_V   |     array    |
|res_6_V_d0        | out |   16|  ap_memory |    res_6_V   |     array    |
|res_6_V_q0        |  in |   16|  ap_memory |    res_6_V   |     array    |
|res_7_V_address0  | out |    3|  ap_memory |    res_7_V   |     array    |
|res_7_V_ce0       | out |    1|  ap_memory |    res_7_V   |     array    |
|res_7_V_we0       | out |    1|  ap_memory |    res_7_V   |     array    |
|res_7_V_d0        | out |   16|  ap_memory |    res_7_V   |     array    |
|res_7_V_q0        |  in |   16|  ap_memory |    res_7_V   |     array    |
+------------------+-----+-----+------------+--------------+--------------+

============================================================
+ Verbose Summary: Synthesis Manager
============================================================
InlineROM: 1
ExposeGlobal: 0
============================================================
+ Verbose Summary: CDFG Model
============================================================
IsTopModel: 0
ResetActiveHigh: 1
IsCombinational: 2
IsDatapathOnly: 2
HasWiredReturn: 1
HasMFsm: 0
HasVarLatency: 1
IsPipeline: 0
IsRtlPipelined: 0
IsInstanceOverlapped: 0
IsDontTouch: 0
HasImplIP: 0
IsGatedGlobalClock: 0


============================================================
+ Verbose Summary: Schedule
============================================================
* Number of FSM states : 16
* Pipeline : 0
* Dataflow Pipeline: 0

* FSM state transitions: 
1 --> 
	2  / true
2 --> 
	3  / true
3 --> 
	5  / (tmp_9) | (tmp_s)
	4  / (!tmp_s & !tmp_9)
4 --> 
	5  / true
5 --> 
	6  / true
6 --> 
	8  / (tmp_9_1) | (tmp_1_46)
	7  / (!tmp_1_46 & !tmp_9_1)
7 --> 
	8  / true
8 --> 
	9  / (!exitcond_2)
9 --> 
	10  / true
10 --> 
	11  / true
11 --> 
	12  / true
12 --> 
	13  / true
13 --> 
	14  / true
14 --> 
	15  / true
15 --> 
	16  / true
16 --> 
	2  / true

* FSM state operations: 

State 1 <SV = 0> <Delay = 0.46>
ST_1 : Operation 17 [1/1] (0.00ns)   --->   "call void (...)* @_ssdm_op_SpecMemCore([256 x i15]* @sigmoid_lut_V, [1 x i8]* @p_str22, [12 x i8]* @p_str40, [1 x i8]* @p_str22, i32 -1, [1 x i8]* @p_str22, [1 x i8]* @p_str22, [1 x i8]* @p_str22, [1 x i8]* @p_str22, [1 x i8]* @p_str22)"   --->   Operation 17 'specmemcore' <Predicate = true> <Delay = 0.00>
ST_1 : Operation 18 [1/1] (0.46ns)   --->   "br label %_ZN8ap_fixedILi16ELi5EL9ap_q_mode5EL9ap_o_mode3ELi0EEC1Ei.exit.0" [bi_lstm/src/rnn.cpp:52]   --->   Operation 18 'br' <Predicate = true> <Delay = 0.46>

State 2 <SV = 1> <Delay = 1.75>
ST_2 : Operation 19 [1/1] (0.00ns)   --->   "%i = phi i32 [ 0, %0 ], [ %i_3_7, %_ZN8ap_fixedILi16ELi5EL9ap_q_mode5EL9ap_o_mode3ELi0EEC1Ei.exit.2_ifconv ]" [bi_lstm/src/rnn.cpp:52]   --->   Operation 19 'phi' 'i' <Predicate = true> <Delay = 0.00>
ST_2 : Operation 20 [1/1] (0.00ns)   --->   "%newIndex = call i29 @_ssdm_op_PartSelect.i29.i32.i32.i32(i32 %i, i32 3, i32 31)" [bi_lstm/src/rnn.cpp:54]   --->   Operation 20 'partselect' 'newIndex' <Predicate = true> <Delay = 0.00>
ST_2 : Operation 21 [1/1] (0.00ns)   --->   "%newIndex2 = zext i29 %newIndex to i64" [bi_lstm/src/rnn.cpp:54]   --->   Operation 21 'zext' 'newIndex2' <Predicate = true> <Delay = 0.00>
ST_2 : Operation 22 [1/1] (0.00ns)   --->   "%x_0_V_addr = getelementptr [7 x i16]* %res_0_V, i64 0, i64 %newIndex2" [bi_lstm/src/rnn.cpp:54]   --->   Operation 22 'getelementptr' 'x_0_V_addr' <Predicate = true> <Delay = 0.00>
ST_2 : Operation 23 [2/2] (1.75ns)   --->   "%x_0_V_load = load i16* %x_0_V_addr, align 2" [bi_lstm/src/rnn.cpp:54]   --->   Operation 23 'load' 'x_0_V_load' <Predicate = true> <Delay = 1.75> <Core = "RAM">   --->   Core 37 'RAM' <Latency = 1> <II = 1> <Delay = 2.77> <Storage> <Opcode : 'load' 'store'> <Ports = 2> <Width = 32> <Depth = 3900> <RAM>

State 3 <SV = 2> <Delay = 7.42>
ST_3 : Operation 24 [1/1] (0.00ns)   --->   "%empty = call i32 (...)* @_ssdm_op_SpecLoopTripCount(i64 7, i64 7, i64 7)"   --->   Operation 24 'speclooptripcount' 'empty' <Predicate = true> <Delay = 0.00>
ST_3 : Operation 25 [1/2] (1.75ns)   --->   "%x_0_V_load = load i16* %x_0_V_addr, align 2" [bi_lstm/src/rnn.cpp:54]   --->   Operation 25 'load' 'x_0_V_load' <Predicate = true> <Delay = 1.75> <Core = "RAM">   --->   Core 37 'RAM' <Latency = 1> <II = 1> <Delay = 2.77> <Storage> <Opcode : 'load' 'store'> <Ports = 2> <Width = 32> <Depth = 3900> <RAM>
ST_3 : Operation 26 [1/1] (2.13ns)   --->   "%tmp_s = icmp sgt i16 %x_0_V_load, 16384" [bi_lstm/src/rnn.cpp:54]   --->   Operation 26 'icmp' 'tmp_s' <Predicate = true> <Delay = 2.13> <Core = "Cmp">   --->   Core 25 'Cmp' <Latency = 0> <II = 1> <Delay = 2.13> <FuncUnit> <Opcode : 'icmp'> <InPorts = 2> <OutPorts = 1>
ST_3 : Operation 27 [1/1] (0.79ns)   --->   "br i1 %tmp_s, label %branch112, label %_ZN8ap_fixedILi16ELi5EL9ap_q_mode5EL9ap_o_mode3ELi0EEC1Ei.exit60.0" [bi_lstm/src/rnn.cpp:54]   --->   Operation 27 'br' <Predicate = true> <Delay = 0.79>
ST_3 : Operation 28 [1/1] (2.13ns)   --->   "%tmp_9 = icmp slt i16 %x_0_V_load, -16384" [bi_lstm/src/rnn.cpp:55]   --->   Operation 28 'icmp' 'tmp_9' <Predicate = (!tmp_s)> <Delay = 2.13> <Core = "Cmp">   --->   Core 25 'Cmp' <Latency = 0> <II = 1> <Delay = 2.13> <FuncUnit> <Opcode : 'icmp'> <InPorts = 2> <OutPorts = 1>
ST_3 : Operation 29 [1/1] (0.79ns)   --->   "br i1 %tmp_9, label %branch112, label %_ZN8ap_fixedILi16ELi9EL9ap_q_mode5EL9ap_o_mode3ELi0EEC1ILi16ELi5ELb1ELS0_5ELS1_3ELi0EEERK13ap_fixed_baseIXT_EXT0_EXT1_EXT2_EXT3_EXT4_EE.exit.0_ifconv" [bi_lstm/src/rnn.cpp:55]   --->   Operation 29 'br' <Predicate = (!tmp_s)> <Delay = 0.79>
ST_3 : Operation 30 [1/1] (0.00ns)   --->   "%tmp_35 = call i12 @_ssdm_op_PartSelect.i12.i16.i32.i32(i16 %x_0_V_load, i32 4, i32 15)" [bi_lstm/src/rnn.cpp:57]   --->   Operation 30 'partselect' 'tmp_35' <Predicate = (!tmp_s & !tmp_9)> <Delay = 0.00>
ST_3 : Operation 31 [1/1] (0.00ns)   --->   "%lhs_V_cast = sext i12 %tmp_35 to i13" [bi_lstm/src/rnn.cpp:57]   --->   Operation 31 'sext' 'lhs_V_cast' <Predicate = (!tmp_s & !tmp_9)> <Delay = 0.00>
ST_3 : Operation 32 [1/1] (1.54ns)   --->   "%ret_V = add i13 1024, %lhs_V_cast" [bi_lstm/src/rnn.cpp:57]   --->   Operation 32 'add' 'ret_V' <Predicate = (!tmp_s & !tmp_9)> <Delay = 1.54> <Core = "AddSub">   --->   Core 14 'AddSub' <Latency = 0> <II = 1> <Delay = 1.30> <FuncUnit> <Opcode : 'add' 'sub'> <InPorts = 2> <OutPorts = 1>
ST_3 : Operation 33 [1/1] (0.00ns)   --->   "%p_shl = call i24 @_ssdm_op_BitConcatenate.i24.i13.i11(i13 %ret_V, i11 0)" [bi_lstm/src/rnn.cpp:57]   --->   Operation 33 'bitconcatenate' 'p_shl' <Predicate = (!tmp_s & !tmp_9)> <Delay = 0.00>
ST_3 : Operation 34 [1/1] (0.00ns)   --->   "%p_shl2 = call i16 @_ssdm_op_BitConcatenate.i16.i13.i3(i13 %ret_V, i3 0)" [bi_lstm/src/rnn.cpp:57]   --->   Operation 34 'bitconcatenate' 'p_shl2' <Predicate = (!tmp_s & !tmp_9)> <Delay = 0.00>
ST_3 : Operation 35 [1/1] (0.00ns)   --->   "%p_shl2_cast = sext i16 %p_shl2 to i24" [bi_lstm/src/rnn.cpp:57]   --->   Operation 35 'sext' 'p_shl2_cast' <Predicate = (!tmp_s & !tmp_9)> <Delay = 0.00>
ST_3 : Operation 36 [1/1] (1.68ns)   --->   "%r_V_4 = sub i24 %p_shl, %p_shl2_cast" [bi_lstm/src/rnn.cpp:57]   --->   Operation 36 'sub' 'r_V_4' <Predicate = (!tmp_s & !tmp_9)> <Delay = 1.68> <Core = "AddSub">   --->   Core 14 'AddSub' <Latency = 0> <II = 1> <Delay = 1.30> <FuncUnit> <Opcode : 'add' 'sub'> <InPorts = 2> <OutPorts = 1>
ST_3 : Operation 37 [1/1] (0.00ns) (grouped into LUT with out node tmp_64)   --->   "%tmp_100 = call i1 @_ssdm_op_BitSelect.i1.i24.i32(i24 %r_V_4, i32 23)" [bi_lstm/src/rnn.cpp:57]   --->   Operation 37 'bitselect' 'tmp_100' <Predicate = (!tmp_s & !tmp_9)> <Delay = 0.00>
ST_3 : Operation 38 [1/1] (0.00ns)   --->   "%tmp_101 = trunc i24 %r_V_4 to i14" [bi_lstm/src/rnn.cpp:57]   --->   Operation 38 'trunc' 'tmp_101' <Predicate = (!tmp_s & !tmp_9)> <Delay = 0.00>
ST_3 : Operation 39 [1/1] (1.98ns)   --->   "%tmp_12 = icmp eq i14 %tmp_101, 0" [bi_lstm/src/rnn.cpp:57]   --->   Operation 39 'icmp' 'tmp_12' <Predicate = (!tmp_s & !tmp_9)> <Delay = 1.98> <Core = "Cmp">   --->   Core 25 'Cmp' <Latency = 0> <II = 1> <Delay = 2.13> <FuncUnit> <Opcode : 'icmp'> <InPorts = 2> <OutPorts = 1>
ST_3 : Operation 40 [1/1] (0.00ns)   --->   "%tmp_58 = call i8 @_ssdm_op_PartSelect.i8.i24.i32.i32(i24 %r_V_4, i32 14, i32 21)" [bi_lstm/src/rnn.cpp:57]   --->   Operation 40 'partselect' 'tmp_58' <Predicate = (!tmp_s & !tmp_9)> <Delay = 0.00>
ST_3 : Operation 41 [1/1] (1.30ns)   --->   "%tmp_60 = add i8 1, %tmp_58" [bi_lstm/src/rnn.cpp:57]   --->   Operation 41 'add' 'tmp_60' <Predicate = (!tmp_s & !tmp_9)> <Delay = 1.30> <Core = "AddSub">   --->   Core 14 'AddSub' <Latency = 0> <II = 1> <Delay = 1.30> <FuncUnit> <Opcode : 'add' 'sub'> <InPorts = 2> <OutPorts = 1>
ST_3 : Operation 42 [1/1] (0.00ns) (grouped into LUT with out node tmp_64)   --->   "%tmp_62 = select i1 %tmp_12, i8 %tmp_58, i8 %tmp_60" [bi_lstm/src/rnn.cpp:57]   --->   Operation 42 'select' 'tmp_62' <Predicate = (!tmp_s & !tmp_9)> <Delay = 0.00> <Core = "Sel">   --->   Core 26 'Sel' <Latency = 0> <II = 1> <Delay = 0.44> <FuncUnit> <Opcode : 'select'> <InPorts = 3> <OutPorts = 1>
ST_3 : Operation 43 [1/1] (0.44ns) (out node of the LUT)   --->   "%tmp_64 = select i1 %tmp_100, i8 %tmp_62, i8 %tmp_58" [bi_lstm/src/rnn.cpp:57]   --->   Operation 43 'select' 'tmp_64' <Predicate = (!tmp_s & !tmp_9)> <Delay = 0.44> <Core = "Sel">   --->   Core 26 'Sel' <Latency = 0> <II = 1> <Delay = 0.44> <FuncUnit> <Opcode : 'select'> <InPorts = 3> <OutPorts = 1>

State 4 <SV = 3> <Delay = 2.77>
ST_4 : Operation 44 [1/1] (0.00ns)   --->   "%tmp_13 = zext i8 %tmp_64 to i64" [bi_lstm/src/rnn.cpp:58]   --->   Operation 44 'zext' 'tmp_13' <Predicate = true> <Delay = 0.00>
ST_4 : Operation 45 [1/1] (0.00ns)   --->   "%sigmoid_lut_V_addr = getelementptr [256 x i15]* @sigmoid_lut_V, i64 0, i64 %tmp_13" [bi_lstm/src/rnn.cpp:58]   --->   Operation 45 'getelementptr' 'sigmoid_lut_V_addr' <Predicate = true> <Delay = 0.00>
ST_4 : Operation 46 [2/2] (2.77ns)   --->   "%sigmoid_lut_V_load = load i15* %sigmoid_lut_V_addr, align 2" [bi_lstm/src/rnn.cpp:58]   --->   Operation 46 'load' 'sigmoid_lut_V_load' <Predicate = true> <Delay = 2.77> <Core = "ROM_1P_BRAM">   --->   Core 61 'ROM_1P_BRAM' <Latency = 1> <II = 1> <Delay = 2.77> <Storage> <Opcode : 'load'> <Ports = 1> <Width = 15> <Depth = 256> <ROM>

State 5 <SV = 4> <Delay = 2.77>
ST_5 : Operation 47 [1/2] (2.77ns)   --->   "%sigmoid_lut_V_load = load i15* %sigmoid_lut_V_addr, align 2" [bi_lstm/src/rnn.cpp:58]   --->   Operation 47 'load' 'sigmoid_lut_V_load' <Predicate = (!tmp_s & !tmp_9)> <Delay = 2.77> <Core = "ROM_1P_BRAM">   --->   Core 61 'ROM_1P_BRAM' <Latency = 1> <II = 1> <Delay = 2.77> <Storage> <Opcode : 'load'> <Ports = 1> <Width = 15> <Depth = 256> <ROM>
ST_5 : Operation 48 [1/1] (0.00ns)   --->   "%tmp = call i11 @_ssdm_op_PartSelect.i11.i15.i32.i32(i15 %sigmoid_lut_V_load, i32 4, i32 14)" [bi_lstm/src/rnn.cpp:58]   --->   Operation 48 'partselect' 'tmp' <Predicate = (!tmp_s & !tmp_9)> <Delay = 0.00>
ST_5 : Operation 49 [1/1] (0.00ns)   --->   "%tmp_37 = zext i11 %tmp to i12" [bi_lstm/src/rnn.cpp:58]   --->   Operation 49 'zext' 'tmp_37' <Predicate = (!tmp_s & !tmp_9)> <Delay = 0.00>
ST_5 : Operation 50 [1/1] (0.79ns)   --->   "br label %branch112"   --->   Operation 50 'br' <Predicate = (!tmp_s & !tmp_9)> <Delay = 0.79>
ST_5 : Operation 51 [1/1] (0.00ns)   --->   "%x_1_V_addr = getelementptr [7 x i16]* %res_1_V, i64 0, i64 %newIndex2" [bi_lstm/src/rnn.cpp:54]   --->   Operation 51 'getelementptr' 'x_1_V_addr' <Predicate = true> <Delay = 0.00>
ST_5 : Operation 52 [2/2] (1.75ns)   --->   "%x_1_V_load = load i16* %x_1_V_addr, align 2" [bi_lstm/src/rnn.cpp:54]   --->   Operation 52 'load' 'x_1_V_load' <Predicate = true> <Delay = 1.75> <Core = "RAM">   --->   Core 37 'RAM' <Latency = 1> <II = 1> <Delay = 2.77> <Storage> <Opcode : 'load' 'store'> <Ports = 2> <Width = 32> <Depth = 3900> <RAM>

State 6 <SV = 5> <Delay = 7.42>
ST_6 : Operation 53 [1/1] (0.00ns)   --->   "%storemerge1 = phi i12 [ -2048, %_ZN8ap_fixedILi16ELi5EL9ap_q_mode5EL9ap_o_mode3ELi0EEC1Ei.exit.0 ], [ %tmp_37, %_ZN8ap_fixedILi16ELi9EL9ap_q_mode5EL9ap_o_mode3ELi0EEC1ILi16ELi5ELb1ELS0_5ELS1_3ELi0EEERK13ap_fixed_baseIXT_EXT0_EXT1_EXT2_EXT3_EXT4_EE.exit.0_ifconv ], [ 0, %_ZN8ap_fixedILi16ELi5EL9ap_q_mode5EL9ap_o_mode3ELi0EEC1Ei.exit60.0 ]" [bi_lstm/src/rnn.cpp:58]   --->   Operation 53 'phi' 'storemerge1' <Predicate = true> <Delay = 0.00>
ST_6 : Operation 54 [1/1] (0.00ns)   --->   "%storemerge1_cast = zext i12 %storemerge1 to i16" [bi_lstm/src/rnn.cpp:54]   --->   Operation 54 'zext' 'storemerge1_cast' <Predicate = true> <Delay = 0.00>
ST_6 : Operation 55 [1/1] (1.75ns)   --->   "store i16 %storemerge1_cast, i16* %x_0_V_addr, align 2" [bi_lstm/src/rnn.cpp:54]   --->   Operation 55 'store' <Predicate = true> <Delay = 1.75> <Core = "RAM">   --->   Core 37 'RAM' <Latency = 1> <II = 1> <Delay = 2.77> <Storage> <Opcode : 'load' 'store'> <Ports = 2> <Width = 32> <Depth = 3900> <RAM>
ST_6 : Operation 56 [1/2] (1.75ns)   --->   "%x_1_V_load = load i16* %x_1_V_addr, align 2" [bi_lstm/src/rnn.cpp:54]   --->   Operation 56 'load' 'x_1_V_load' <Predicate = true> <Delay = 1.75> <Core = "RAM">   --->   Core 37 'RAM' <Latency = 1> <II = 1> <Delay = 2.77> <Storage> <Opcode : 'load' 'store'> <Ports = 2> <Width = 32> <Depth = 3900> <RAM>
ST_6 : Operation 57 [1/1] (2.13ns)   --->   "%tmp_1_46 = icmp sgt i16 %x_1_V_load, 16384" [bi_lstm/src/rnn.cpp:54]   --->   Operation 57 'icmp' 'tmp_1_46' <Predicate = true> <Delay = 2.13> <Core = "Cmp">   --->   Core 25 'Cmp' <Latency = 0> <II = 1> <Delay = 2.13> <FuncUnit> <Opcode : 'icmp'> <InPorts = 2> <OutPorts = 1>
ST_6 : Operation 58 [1/1] (0.79ns)   --->   "br i1 %tmp_1_46, label %branch97, label %_ZN8ap_fixedILi16ELi5EL9ap_q_mode5EL9ap_o_mode3ELi0EEC1Ei.exit60.1" [bi_lstm/src/rnn.cpp:54]   --->   Operation 58 'br' <Predicate = true> <Delay = 0.79>
ST_6 : Operation 59 [1/1] (2.13ns)   --->   "%tmp_9_1 = icmp slt i16 %x_1_V_load, -16384" [bi_lstm/src/rnn.cpp:55]   --->   Operation 59 'icmp' 'tmp_9_1' <Predicate = (!tmp_1_46)> <Delay = 2.13> <Core = "Cmp">   --->   Core 25 'Cmp' <Latency = 0> <II = 1> <Delay = 2.13> <FuncUnit> <Opcode : 'icmp'> <InPorts = 2> <OutPorts = 1>
ST_6 : Operation 60 [1/1] (0.79ns)   --->   "br i1 %tmp_9_1, label %branch97, label %_ZN8ap_fixedILi16ELi9EL9ap_q_mode5EL9ap_o_mode3ELi0EEC1ILi16ELi5ELb1ELS0_5ELS1_3ELi0EEERK13ap_fixed_baseIXT_EXT0_EXT1_EXT2_EXT3_EXT4_EE.exit.1_ifconv" [bi_lstm/src/rnn.cpp:55]   --->   Operation 60 'br' <Predicate = (!tmp_1_46)> <Delay = 0.79>
ST_6 : Operation 61 [1/1] (0.00ns)   --->   "%tmp_39 = call i12 @_ssdm_op_PartSelect.i12.i16.i32.i32(i16 %x_1_V_load, i32 4, i32 15)" [bi_lstm/src/rnn.cpp:57]   --->   Operation 61 'partselect' 'tmp_39' <Predicate = (!tmp_1_46 & !tmp_9_1)> <Delay = 0.00>
ST_6 : Operation 62 [1/1] (0.00ns)   --->   "%lhs_V_1_cast = sext i12 %tmp_39 to i13" [bi_lstm/src/rnn.cpp:57]   --->   Operation 62 'sext' 'lhs_V_1_cast' <Predicate = (!tmp_1_46 & !tmp_9_1)> <Delay = 0.00>
ST_6 : Operation 63 [1/1] (1.54ns)   --->   "%ret_V_1 = add i13 1024, %lhs_V_1_cast" [bi_lstm/src/rnn.cpp:57]   --->   Operation 63 'add' 'ret_V_1' <Predicate = (!tmp_1_46 & !tmp_9_1)> <Delay = 1.54> <Core = "AddSub">   --->   Core 14 'AddSub' <Latency = 0> <II = 1> <Delay = 1.30> <FuncUnit> <Opcode : 'add' 'sub'> <InPorts = 2> <OutPorts = 1>
ST_6 : Operation 64 [1/1] (0.00ns)   --->   "%p_shl_1 = call i24 @_ssdm_op_BitConcatenate.i24.i13.i11(i13 %ret_V_1, i11 0)" [bi_lstm/src/rnn.cpp:57]   --->   Operation 64 'bitconcatenate' 'p_shl_1' <Predicate = (!tmp_1_46 & !tmp_9_1)> <Delay = 0.00>
ST_6 : Operation 65 [1/1] (0.00ns)   --->   "%p_shl2_1 = call i16 @_ssdm_op_BitConcatenate.i16.i13.i3(i13 %ret_V_1, i3 0)" [bi_lstm/src/rnn.cpp:57]   --->   Operation 65 'bitconcatenate' 'p_shl2_1' <Predicate = (!tmp_1_46 & !tmp_9_1)> <Delay = 0.00>
ST_6 : Operation 66 [1/1] (0.00ns)   --->   "%p_shl2_1_cast = sext i16 %p_shl2_1 to i24" [bi_lstm/src/rnn.cpp:57]   --->   Operation 66 'sext' 'p_shl2_1_cast' <Predicate = (!tmp_1_46 & !tmp_9_1)> <Delay = 0.00>
ST_6 : Operation 67 [1/1] (1.68ns)   --->   "%r_V_4_1 = sub i24 %p_shl_1, %p_shl2_1_cast" [bi_lstm/src/rnn.cpp:57]   --->   Operation 67 'sub' 'r_V_4_1' <Predicate = (!tmp_1_46 & !tmp_9_1)> <Delay = 1.68> <Core = "AddSub">   --->   Core 14 'AddSub' <Latency = 0> <II = 1> <Delay = 1.30> <FuncUnit> <Opcode : 'add' 'sub'> <InPorts = 2> <OutPorts = 1>
ST_6 : Operation 68 [1/1] (0.00ns) (grouped into LUT with out node tmp_69)   --->   "%tmp_102 = call i1 @_ssdm_op_BitSelect.i1.i24.i32(i24 %r_V_4_1, i32 23)" [bi_lstm/src/rnn.cpp:57]   --->   Operation 68 'bitselect' 'tmp_102' <Predicate = (!tmp_1_46 & !tmp_9_1)> <Delay = 0.00>
ST_6 : Operation 69 [1/1] (0.00ns)   --->   "%tmp_103 = trunc i24 %r_V_4_1 to i14" [bi_lstm/src/rnn.cpp:57]   --->   Operation 69 'trunc' 'tmp_103' <Predicate = (!tmp_1_46 & !tmp_9_1)> <Delay = 0.00>
ST_6 : Operation 70 [1/1] (1.98ns)   --->   "%tmp_12_1 = icmp eq i14 %tmp_103, 0" [bi_lstm/src/rnn.cpp:57]   --->   Operation 70 'icmp' 'tmp_12_1' <Predicate = (!tmp_1_46 & !tmp_9_1)> <Delay = 1.98> <Core = "Cmp">   --->   Core 25 'Cmp' <Latency = 0> <II = 1> <Delay = 2.13> <FuncUnit> <Opcode : 'icmp'> <InPorts = 2> <OutPorts = 1>
ST_6 : Operation 71 [1/1] (0.00ns)   --->   "%tmp_66 = call i8 @_ssdm_op_PartSelect.i8.i24.i32.i32(i24 %r_V_4_1, i32 14, i32 21)" [bi_lstm/src/rnn.cpp:57]   --->   Operation 71 'partselect' 'tmp_66' <Predicate = (!tmp_1_46 & !tmp_9_1)> <Delay = 0.00>
ST_6 : Operation 72 [1/1] (1.30ns)   --->   "%tmp_67 = add i8 1, %tmp_66" [bi_lstm/src/rnn.cpp:57]   --->   Operation 72 'add' 'tmp_67' <Predicate = (!tmp_1_46 & !tmp_9_1)> <Delay = 1.30> <Core = "AddSub">   --->   Core 14 'AddSub' <Latency = 0> <II = 1> <Delay = 1.30> <FuncUnit> <Opcode : 'add' 'sub'> <InPorts = 2> <OutPorts = 1>
ST_6 : Operation 73 [1/1] (0.00ns) (grouped into LUT with out node tmp_69)   --->   "%tmp_68 = select i1 %tmp_12_1, i8 %tmp_66, i8 %tmp_67" [bi_lstm/src/rnn.cpp:57]   --->   Operation 73 'select' 'tmp_68' <Predicate = (!tmp_1_46 & !tmp_9_1)> <Delay = 0.00> <Core = "Sel">   --->   Core 26 'Sel' <Latency = 0> <II = 1> <Delay = 0.44> <FuncUnit> <Opcode : 'select'> <InPorts = 3> <OutPorts = 1>
ST_6 : Operation 74 [1/1] (0.44ns) (out node of the LUT)   --->   "%tmp_69 = select i1 %tmp_102, i8 %tmp_68, i8 %tmp_66" [bi_lstm/src/rnn.cpp:57]   --->   Operation 74 'select' 'tmp_69' <Predicate = (!tmp_1_46 & !tmp_9_1)> <Delay = 0.44> <Core = "Sel">   --->   Core 26 'Sel' <Latency = 0> <II = 1> <Delay = 0.44> <FuncUnit> <Opcode : 'select'> <InPorts = 3> <OutPorts = 1>

State 7 <SV = 6> <Delay = 2.77>
ST_7 : Operation 75 [1/1] (0.00ns)   --->   "%tmp_13_1 = zext i8 %tmp_69 to i64" [bi_lstm/src/rnn.cpp:58]   --->   Operation 75 'zext' 'tmp_13_1' <Predicate = true> <Delay = 0.00>
ST_7 : Operation 76 [1/1] (0.00ns)   --->   "%sigmoid_lut_V_addr_1 = getelementptr [256 x i15]* @sigmoid_lut_V, i64 0, i64 %tmp_13_1" [bi_lstm/src/rnn.cpp:58]   --->   Operation 76 'getelementptr' 'sigmoid_lut_V_addr_1' <Predicate = true> <Delay = 0.00>
ST_7 : Operation 77 [2/2] (2.77ns)   --->   "%sigmoid_lut_V_load_1 = load i15* %sigmoid_lut_V_addr_1, align 2" [bi_lstm/src/rnn.cpp:58]   --->   Operation 77 'load' 'sigmoid_lut_V_load_1' <Predicate = true> <Delay = 2.77> <Core = "ROM_1P_BRAM">   --->   Core 61 'ROM_1P_BRAM' <Latency = 1> <II = 1> <Delay = 2.77> <Storage> <Opcode : 'load'> <Ports = 1> <Width = 15> <Depth = 256> <ROM>

State 8 <SV = 7> <Delay = 5.32>
ST_8 : Operation 78 [1/2] (2.77ns)   --->   "%sigmoid_lut_V_load_1 = load i15* %sigmoid_lut_V_addr_1, align 2" [bi_lstm/src/rnn.cpp:58]   --->   Operation 78 'load' 'sigmoid_lut_V_load_1' <Predicate = (!tmp_1_46 & !tmp_9_1)> <Delay = 2.77> <Core = "ROM_1P_BRAM">   --->   Core 61 'ROM_1P_BRAM' <Latency = 1> <II = 1> <Delay = 2.77> <Storage> <Opcode : 'load'> <Ports = 1> <Width = 15> <Depth = 256> <ROM>
ST_8 : Operation 79 [1/1] (0.00ns)   --->   "%tmp_1 = call i11 @_ssdm_op_PartSelect.i11.i15.i32.i32(i15 %sigmoid_lut_V_load_1, i32 4, i32 14)" [bi_lstm/src/rnn.cpp:58]   --->   Operation 79 'partselect' 'tmp_1' <Predicate = (!tmp_1_46 & !tmp_9_1)> <Delay = 0.00>
ST_8 : Operation 80 [1/1] (0.00ns)   --->   "%tmp_41 = zext i11 %tmp_1 to i12" [bi_lstm/src/rnn.cpp:58]   --->   Operation 80 'zext' 'tmp_41' <Predicate = (!tmp_1_46 & !tmp_9_1)> <Delay = 0.00>
ST_8 : Operation 81 [1/1] (0.79ns)   --->   "br label %branch97"   --->   Operation 81 'br' <Predicate = (!tmp_1_46 & !tmp_9_1)> <Delay = 0.79>
ST_8 : Operation 82 [1/1] (0.00ns)   --->   "%storemerge1_1 = phi i12 [ -2048, %branch112 ], [ %tmp_41, %_ZN8ap_fixedILi16ELi9EL9ap_q_mode5EL9ap_o_mode3ELi0EEC1ILi16ELi5ELb1ELS0_5ELS1_3ELi0EEERK13ap_fixed_baseIXT_EXT0_EXT1_EXT2_EXT3_EXT4_EE.exit.1_ifconv ], [ 0, %_ZN8ap_fixedILi16ELi5EL9ap_q_mode5EL9ap_o_mode3ELi0EEC1Ei.exit60.1 ]" [bi_lstm/src/rnn.cpp:58]   --->   Operation 82 'phi' 'storemerge1_1' <Predicate = true> <Delay = 0.00>
ST_8 : Operation 83 [1/1] (0.00ns)   --->   "%storemerge1_1_cast = zext i12 %storemerge1_1 to i16" [bi_lstm/src/rnn.cpp:54]   --->   Operation 83 'zext' 'storemerge1_1_cast' <Predicate = true> <Delay = 0.00>
ST_8 : Operation 84 [1/1] (1.75ns)   --->   "store i16 %storemerge1_1_cast, i16* %x_1_V_addr, align 2" [bi_lstm/src/rnn.cpp:54]   --->   Operation 84 'store' <Predicate = true> <Delay = 1.75> <Core = "RAM">   --->   Core 37 'RAM' <Latency = 1> <II = 1> <Delay = 2.77> <Storage> <Opcode : 'load' 'store'> <Ports = 2> <Width = 32> <Depth = 3900> <RAM>
ST_8 : Operation 85 [1/1] (0.00ns) (grouped into LUT with out node exitcond_2)   --->   "%i_3_s = or i32 %i, 2" [bi_lstm/src/rnn.cpp:52]   --->   Operation 85 'or' 'i_3_s' <Predicate = true> <Delay = 0.00>
ST_8 : Operation 86 [1/1] (1.96ns) (out node of the LUT)   --->   "%exitcond_2 = icmp eq i32 %i_3_s, 50" [bi_lstm/src/rnn.cpp:52]   --->   Operation 86 'icmp' 'exitcond_2' <Predicate = true> <Delay = 1.96> <Core = "Cmp">   --->   Core 25 'Cmp' <Latency = 0> <II = 1> <Delay = 2.13> <FuncUnit> <Opcode : 'icmp'> <InPorts = 2> <OutPorts = 1>
ST_8 : Operation 87 [1/1] (0.00ns)   --->   "br i1 %exitcond_2, label %1, label %_ZN8ap_fixedILi16ELi5EL9ap_q_mode5EL9ap_o_mode3ELi0EEC1Ei.exit.2_ifconv" [bi_lstm/src/rnn.cpp:52]   --->   Operation 87 'br' <Predicate = true> <Delay = 0.00>
ST_8 : Operation 88 [1/1] (0.00ns)   --->   "%x_2_V_addr = getelementptr [6 x i16]* %res_2_V, i64 0, i64 %newIndex2" [bi_lstm/src/rnn.cpp:54]   --->   Operation 88 'getelementptr' 'x_2_V_addr' <Predicate = (!exitcond_2)> <Delay = 0.00>
ST_8 : Operation 89 [2/2] (1.75ns)   --->   "%x_2_V_load = load i16* %x_2_V_addr, align 2" [bi_lstm/src/rnn.cpp:54]   --->   Operation 89 'load' 'x_2_V_load' <Predicate = (!exitcond_2)> <Delay = 1.75> <Core = "RAM">   --->   Core 37 'RAM' <Latency = 1> <II = 1> <Delay = 2.77> <Storage> <Opcode : 'load' 'store'> <Ports = 2> <Width = 32> <Depth = 3900> <RAM>
ST_8 : Operation 90 [1/1] (0.00ns)   --->   "%x_3_V_addr = getelementptr [6 x i16]* %res_3_V, i64 0, i64 %newIndex2" [bi_lstm/src/rnn.cpp:54]   --->   Operation 90 'getelementptr' 'x_3_V_addr' <Predicate = (!exitcond_2)> <Delay = 0.00>
ST_8 : Operation 91 [1/1] (0.00ns)   --->   "%x_4_V_addr = getelementptr [6 x i16]* %res_4_V, i64 0, i64 %newIndex2" [bi_lstm/src/rnn.cpp:54]   --->   Operation 91 'getelementptr' 'x_4_V_addr' <Predicate = (!exitcond_2)> <Delay = 0.00>
ST_8 : Operation 92 [1/1] (0.00ns)   --->   "%x_5_V_addr = getelementptr [6 x i16]* %res_5_V, i64 0, i64 %newIndex2" [bi_lstm/src/rnn.cpp:54]   --->   Operation 92 'getelementptr' 'x_5_V_addr' <Predicate = (!exitcond_2)> <Delay = 0.00>
ST_8 : Operation 93 [1/1] (0.00ns)   --->   "%x_6_V_addr = getelementptr [6 x i16]* %res_6_V, i64 0, i64 %newIndex2" [bi_lstm/src/rnn.cpp:54]   --->   Operation 93 'getelementptr' 'x_6_V_addr' <Predicate = (!exitcond_2)> <Delay = 0.00>
ST_8 : Operation 94 [1/1] (0.00ns)   --->   "%x_7_V_addr = getelementptr [6 x i16]* %res_7_V, i64 0, i64 %newIndex2" [bi_lstm/src/rnn.cpp:54]   --->   Operation 94 'getelementptr' 'x_7_V_addr' <Predicate = (!exitcond_2)> <Delay = 0.00>
ST_8 : Operation 95 [1/1] (1.89ns)   --->   "%i_3_7 = add nsw i32 8, %i" [bi_lstm/src/rnn.cpp:52]   --->   Operation 95 'add' 'i_3_7' <Predicate = (!exitcond_2)> <Delay = 1.89> <Core = "AddSub">   --->   Core 14 'AddSub' <Latency = 0> <II = 1> <Delay = 1.30> <FuncUnit> <Opcode : 'add' 'sub'> <InPorts = 2> <OutPorts = 1>
ST_8 : Operation 96 [1/1] (0.00ns)   --->   "ret void" [bi_lstm/src/rnn.cpp:61]   --->   Operation 96 'ret' <Predicate = (exitcond_2)> <Delay = 0.00>

State 9 <SV = 8> <Delay = 7.42>
ST_9 : Operation 97 [1/2] (1.75ns)   --->   "%x_2_V_load = load i16* %x_2_V_addr, align 2" [bi_lstm/src/rnn.cpp:54]   --->   Operation 97 'load' 'x_2_V_load' <Predicate = true> <Delay = 1.75> <Core = "RAM">   --->   Core 37 'RAM' <Latency = 1> <II = 1> <Delay = 2.77> <Storage> <Opcode : 'load' 'store'> <Ports = 2> <Width = 32> <Depth = 3900> <RAM>
ST_9 : Operation 98 [1/1] (2.13ns)   --->   "%tmp_2 = icmp sgt i16 %x_2_V_load, 16384" [bi_lstm/src/rnn.cpp:54]   --->   Operation 98 'icmp' 'tmp_2' <Predicate = true> <Delay = 2.13> <Core = "Cmp">   --->   Core 25 'Cmp' <Latency = 0> <II = 1> <Delay = 2.13> <FuncUnit> <Opcode : 'icmp'> <InPorts = 2> <OutPorts = 1>
ST_9 : Operation 99 [1/1] (2.13ns)   --->   "%tmp_9_2 = icmp slt i16 %x_2_V_load, -16384" [bi_lstm/src/rnn.cpp:55]   --->   Operation 99 'icmp' 'tmp_9_2' <Predicate = true> <Delay = 2.13> <Core = "Cmp">   --->   Core 25 'Cmp' <Latency = 0> <II = 1> <Delay = 2.13> <FuncUnit> <Opcode : 'icmp'> <InPorts = 2> <OutPorts = 1>
ST_9 : Operation 100 [1/1] (0.00ns)   --->   "%tmp_43 = call i12 @_ssdm_op_PartSelect.i12.i16.i32.i32(i16 %x_2_V_load, i32 4, i32 15)" [bi_lstm/src/rnn.cpp:57]   --->   Operation 100 'partselect' 'tmp_43' <Predicate = true> <Delay = 0.00>
ST_9 : Operation 101 [1/1] (0.00ns)   --->   "%lhs_V_2_cast = sext i12 %tmp_43 to i13" [bi_lstm/src/rnn.cpp:57]   --->   Operation 101 'sext' 'lhs_V_2_cast' <Predicate = true> <Delay = 0.00>
ST_9 : Operation 102 [1/1] (1.54ns)   --->   "%ret_V_2 = add i13 1024, %lhs_V_2_cast" [bi_lstm/src/rnn.cpp:57]   --->   Operation 102 'add' 'ret_V_2' <Predicate = true> <Delay = 1.54> <Core = "AddSub">   --->   Core 14 'AddSub' <Latency = 0> <II = 1> <Delay = 1.30> <FuncUnit> <Opcode : 'add' 'sub'> <InPorts = 2> <OutPorts = 1>
ST_9 : Operation 103 [1/1] (0.00ns)   --->   "%p_shl_2 = call i24 @_ssdm_op_BitConcatenate.i24.i13.i11(i13 %ret_V_2, i11 0)" [bi_lstm/src/rnn.cpp:57]   --->   Operation 103 'bitconcatenate' 'p_shl_2' <Predicate = true> <Delay = 0.00>
ST_9 : Operation 104 [1/1] (0.00ns)   --->   "%p_shl2_2 = call i16 @_ssdm_op_BitConcatenate.i16.i13.i3(i13 %ret_V_2, i3 0)" [bi_lstm/src/rnn.cpp:57]   --->   Operation 104 'bitconcatenate' 'p_shl2_2' <Predicate = true> <Delay = 0.00>
ST_9 : Operation 105 [1/1] (0.00ns)   --->   "%p_shl2_2_cast = sext i16 %p_shl2_2 to i24" [bi_lstm/src/rnn.cpp:57]   --->   Operation 105 'sext' 'p_shl2_2_cast' <Predicate = true> <Delay = 0.00>
ST_9 : Operation 106 [1/1] (1.68ns)   --->   "%r_V_4_2 = sub i24 %p_shl_2, %p_shl2_2_cast" [bi_lstm/src/rnn.cpp:57]   --->   Operation 106 'sub' 'r_V_4_2' <Predicate = true> <Delay = 1.68> <Core = "AddSub">   --->   Core 14 'AddSub' <Latency = 0> <II = 1> <Delay = 1.30> <FuncUnit> <Opcode : 'add' 'sub'> <InPorts = 2> <OutPorts = 1>
ST_9 : Operation 107 [1/1] (0.00ns) (grouped into LUT with out node tmp_73)   --->   "%tmp_104 = call i1 @_ssdm_op_BitSelect.i1.i24.i32(i24 %r_V_4_2, i32 23)" [bi_lstm/src/rnn.cpp:57]   --->   Operation 107 'bitselect' 'tmp_104' <Predicate = true> <Delay = 0.00>
ST_9 : Operation 108 [1/1] (0.00ns)   --->   "%tmp_105 = trunc i24 %r_V_4_2 to i14" [bi_lstm/src/rnn.cpp:57]   --->   Operation 108 'trunc' 'tmp_105' <Predicate = true> <Delay = 0.00>
ST_9 : Operation 109 [1/1] (1.98ns)   --->   "%tmp_12_2 = icmp eq i14 %tmp_105, 0" [bi_lstm/src/rnn.cpp:57]   --->   Operation 109 'icmp' 'tmp_12_2' <Predicate = true> <Delay = 1.98> <Core = "Cmp">   --->   Core 25 'Cmp' <Latency = 0> <II = 1> <Delay = 2.13> <FuncUnit> <Opcode : 'icmp'> <InPorts = 2> <OutPorts = 1>
ST_9 : Operation 110 [1/1] (0.00ns)   --->   "%tmp_70 = call i8 @_ssdm_op_PartSelect.i8.i24.i32.i32(i24 %r_V_4_2, i32 14, i32 21)" [bi_lstm/src/rnn.cpp:57]   --->   Operation 110 'partselect' 'tmp_70' <Predicate = true> <Delay = 0.00>
ST_9 : Operation 111 [1/1] (1.30ns)   --->   "%tmp_71 = add i8 1, %tmp_70" [bi_lstm/src/rnn.cpp:57]   --->   Operation 111 'add' 'tmp_71' <Predicate = true> <Delay = 1.30> <Core = "AddSub">   --->   Core 14 'AddSub' <Latency = 0> <II = 1> <Delay = 1.30> <FuncUnit> <Opcode : 'add' 'sub'> <InPorts = 2> <OutPorts = 1>
ST_9 : Operation 112 [1/1] (0.00ns) (grouped into LUT with out node tmp_73)   --->   "%tmp_72 = select i1 %tmp_12_2, i8 %tmp_70, i8 %tmp_71" [bi_lstm/src/rnn.cpp:57]   --->   Operation 112 'select' 'tmp_72' <Predicate = true> <Delay = 0.00> <Core = "Sel">   --->   Core 26 'Sel' <Latency = 0> <II = 1> <Delay = 0.44> <FuncUnit> <Opcode : 'select'> <InPorts = 3> <OutPorts = 1>
ST_9 : Operation 113 [1/1] (0.44ns) (out node of the LUT)   --->   "%tmp_73 = select i1 %tmp_104, i8 %tmp_72, i8 %tmp_70" [bi_lstm/src/rnn.cpp:57]   --->   Operation 113 'select' 'tmp_73' <Predicate = true> <Delay = 0.44> <Core = "Sel">   --->   Core 26 'Sel' <Latency = 0> <II = 1> <Delay = 0.44> <FuncUnit> <Opcode : 'select'> <InPorts = 3> <OutPorts = 1>
ST_9 : Operation 114 [2/2] (1.75ns)   --->   "%x_3_V_load = load i16* %x_3_V_addr, align 2" [bi_lstm/src/rnn.cpp:54]   --->   Operation 114 'load' 'x_3_V_load' <Predicate = true> <Delay = 1.75> <Core = "RAM">   --->   Core 37 'RAM' <Latency = 1> <II = 1> <Delay = 2.77> <Storage> <Opcode : 'load' 'store'> <Ports = 2> <Width = 32> <Depth = 3900> <RAM>

State 10 <SV = 9> <Delay = 7.42>
ST_10 : Operation 115 [1/1] (0.00ns)   --->   "%tmp_13_2 = zext i8 %tmp_73 to i64" [bi_lstm/src/rnn.cpp:58]   --->   Operation 115 'zext' 'tmp_13_2' <Predicate = true> <Delay = 0.00>
ST_10 : Operation 116 [1/1] (0.00ns)   --->   "%sigmoid_lut_V_addr_2 = getelementptr [256 x i15]* @sigmoid_lut_V, i64 0, i64 %tmp_13_2" [bi_lstm/src/rnn.cpp:58]   --->   Operation 116 'getelementptr' 'sigmoid_lut_V_addr_2' <Predicate = true> <Delay = 0.00>
ST_10 : Operation 117 [2/2] (2.77ns)   --->   "%sigmoid_lut_V_load_2 = load i15* %sigmoid_lut_V_addr_2, align 2" [bi_lstm/src/rnn.cpp:58]   --->   Operation 117 'load' 'sigmoid_lut_V_load_2' <Predicate = true> <Delay = 2.77> <Core = "ROM_1P_BRAM">   --->   Core 61 'ROM_1P_BRAM' <Latency = 1> <II = 1> <Delay = 2.77> <Storage> <Opcode : 'load'> <Ports = 1> <Width = 15> <Depth = 256> <ROM>
ST_10 : Operation 118 [1/2] (1.75ns)   --->   "%x_3_V_load = load i16* %x_3_V_addr, align 2" [bi_lstm/src/rnn.cpp:54]   --->   Operation 118 'load' 'x_3_V_load' <Predicate = true> <Delay = 1.75> <Core = "RAM">   --->   Core 37 'RAM' <Latency = 1> <II = 1> <Delay = 2.77> <Storage> <Opcode : 'load' 'store'> <Ports = 2> <Width = 32> <Depth = 3900> <RAM>
ST_10 : Operation 119 [1/1] (2.13ns)   --->   "%tmp_3 = icmp sgt i16 %x_3_V_load, 16384" [bi_lstm/src/rnn.cpp:54]   --->   Operation 119 'icmp' 'tmp_3' <Predicate = true> <Delay = 2.13> <Core = "Cmp">   --->   Core 25 'Cmp' <Latency = 0> <II = 1> <Delay = 2.13> <FuncUnit> <Opcode : 'icmp'> <InPorts = 2> <OutPorts = 1>
ST_10 : Operation 120 [1/1] (2.13ns)   --->   "%tmp_9_3 = icmp slt i16 %x_3_V_load, -16384" [bi_lstm/src/rnn.cpp:55]   --->   Operation 120 'icmp' 'tmp_9_3' <Predicate = true> <Delay = 2.13> <Core = "Cmp">   --->   Core 25 'Cmp' <Latency = 0> <II = 1> <Delay = 2.13> <FuncUnit> <Opcode : 'icmp'> <InPorts = 2> <OutPorts = 1>
ST_10 : Operation 121 [1/1] (0.00ns)   --->   "%tmp_47 = call i12 @_ssdm_op_PartSelect.i12.i16.i32.i32(i16 %x_3_V_load, i32 4, i32 15)" [bi_lstm/src/rnn.cpp:57]   --->   Operation 121 'partselect' 'tmp_47' <Predicate = true> <Delay = 0.00>
ST_10 : Operation 122 [1/1] (0.00ns)   --->   "%lhs_V_3_cast = sext i12 %tmp_47 to i13" [bi_lstm/src/rnn.cpp:57]   --->   Operation 122 'sext' 'lhs_V_3_cast' <Predicate = true> <Delay = 0.00>
ST_10 : Operation 123 [1/1] (1.54ns)   --->   "%ret_V_3 = add i13 1024, %lhs_V_3_cast" [bi_lstm/src/rnn.cpp:57]   --->   Operation 123 'add' 'ret_V_3' <Predicate = true> <Delay = 1.54> <Core = "AddSub">   --->   Core 14 'AddSub' <Latency = 0> <II = 1> <Delay = 1.30> <FuncUnit> <Opcode : 'add' 'sub'> <InPorts = 2> <OutPorts = 1>
ST_10 : Operation 124 [1/1] (0.00ns)   --->   "%p_shl_3 = call i24 @_ssdm_op_BitConcatenate.i24.i13.i11(i13 %ret_V_3, i11 0)" [bi_lstm/src/rnn.cpp:57]   --->   Operation 124 'bitconcatenate' 'p_shl_3' <Predicate = true> <Delay = 0.00>
ST_10 : Operation 125 [1/1] (0.00ns)   --->   "%p_shl2_3 = call i16 @_ssdm_op_BitConcatenate.i16.i13.i3(i13 %ret_V_3, i3 0)" [bi_lstm/src/rnn.cpp:57]   --->   Operation 125 'bitconcatenate' 'p_shl2_3' <Predicate = true> <Delay = 0.00>
ST_10 : Operation 126 [1/1] (0.00ns)   --->   "%p_shl2_3_cast = sext i16 %p_shl2_3 to i24" [bi_lstm/src/rnn.cpp:57]   --->   Operation 126 'sext' 'p_shl2_3_cast' <Predicate = true> <Delay = 0.00>
ST_10 : Operation 127 [1/1] (1.68ns)   --->   "%r_V_4_3 = sub i24 %p_shl_3, %p_shl2_3_cast" [bi_lstm/src/rnn.cpp:57]   --->   Operation 127 'sub' 'r_V_4_3' <Predicate = true> <Delay = 1.68> <Core = "AddSub">   --->   Core 14 'AddSub' <Latency = 0> <II = 1> <Delay = 1.30> <FuncUnit> <Opcode : 'add' 'sub'> <InPorts = 2> <OutPorts = 1>
ST_10 : Operation 128 [1/1] (0.00ns) (grouped into LUT with out node tmp_78)   --->   "%tmp_106 = call i1 @_ssdm_op_BitSelect.i1.i24.i32(i24 %r_V_4_3, i32 23)" [bi_lstm/src/rnn.cpp:57]   --->   Operation 128 'bitselect' 'tmp_106' <Predicate = true> <Delay = 0.00>
ST_10 : Operation 129 [1/1] (0.00ns)   --->   "%tmp_107 = trunc i24 %r_V_4_3 to i14" [bi_lstm/src/rnn.cpp:57]   --->   Operation 129 'trunc' 'tmp_107' <Predicate = true> <Delay = 0.00>
ST_10 : Operation 130 [1/1] (1.98ns)   --->   "%tmp_12_3 = icmp eq i14 %tmp_107, 0" [bi_lstm/src/rnn.cpp:57]   --->   Operation 130 'icmp' 'tmp_12_3' <Predicate = true> <Delay = 1.98> <Core = "Cmp">   --->   Core 25 'Cmp' <Latency = 0> <II = 1> <Delay = 2.13> <FuncUnit> <Opcode : 'icmp'> <InPorts = 2> <OutPorts = 1>
ST_10 : Operation 131 [1/1] (0.00ns)   --->   "%tmp_75 = call i8 @_ssdm_op_PartSelect.i8.i24.i32.i32(i24 %r_V_4_3, i32 14, i32 21)" [bi_lstm/src/rnn.cpp:57]   --->   Operation 131 'partselect' 'tmp_75' <Predicate = true> <Delay = 0.00>
ST_10 : Operation 132 [1/1] (1.30ns)   --->   "%tmp_76 = add i8 1, %tmp_75" [bi_lstm/src/rnn.cpp:57]   --->   Operation 132 'add' 'tmp_76' <Predicate = true> <Delay = 1.30> <Core = "AddSub">   --->   Core 14 'AddSub' <Latency = 0> <II = 1> <Delay = 1.30> <FuncUnit> <Opcode : 'add' 'sub'> <InPorts = 2> <OutPorts = 1>
ST_10 : Operation 133 [1/1] (0.00ns) (grouped into LUT with out node tmp_78)   --->   "%tmp_77 = select i1 %tmp_12_3, i8 %tmp_75, i8 %tmp_76" [bi_lstm/src/rnn.cpp:57]   --->   Operation 133 'select' 'tmp_77' <Predicate = true> <Delay = 0.00> <Core = "Sel">   --->   Core 26 'Sel' <Latency = 0> <II = 1> <Delay = 0.44> <FuncUnit> <Opcode : 'select'> <InPorts = 3> <OutPorts = 1>
ST_10 : Operation 134 [1/1] (0.44ns) (out node of the LUT)   --->   "%tmp_78 = select i1 %tmp_106, i8 %tmp_77, i8 %tmp_75" [bi_lstm/src/rnn.cpp:57]   --->   Operation 134 'select' 'tmp_78' <Predicate = true> <Delay = 0.44> <Core = "Sel">   --->   Core 26 'Sel' <Latency = 0> <II = 1> <Delay = 0.44> <FuncUnit> <Opcode : 'select'> <InPorts = 3> <OutPorts = 1>
ST_10 : Operation 135 [2/2] (1.75ns)   --->   "%x_4_V_load = load i16* %x_4_V_addr, align 2" [bi_lstm/src/rnn.cpp:54]   --->   Operation 135 'load' 'x_4_V_load' <Predicate = true> <Delay = 1.75> <Core = "RAM">   --->   Core 37 'RAM' <Latency = 1> <II = 1> <Delay = 2.77> <Storage> <Opcode : 'load' 'store'> <Ports = 2> <Width = 32> <Depth = 3900> <RAM>

State 11 <SV = 10> <Delay = 7.42>
ST_11 : Operation 136 [1/2] (2.77ns)   --->   "%sigmoid_lut_V_load_2 = load i15* %sigmoid_lut_V_addr_2, align 2" [bi_lstm/src/rnn.cpp:58]   --->   Operation 136 'load' 'sigmoid_lut_V_load_2' <Predicate = true> <Delay = 2.77> <Core = "ROM_1P_BRAM">   --->   Core 61 'ROM_1P_BRAM' <Latency = 1> <II = 1> <Delay = 2.77> <Storage> <Opcode : 'load'> <Ports = 1> <Width = 15> <Depth = 256> <ROM>
ST_11 : Operation 137 [1/1] (0.00ns) (grouped into LUT with out node storemerge1_2)   --->   "%tmp_2_40 = call i11 @_ssdm_op_PartSelect.i11.i15.i32.i32(i15 %sigmoid_lut_V_load_2, i32 4, i32 14)" [bi_lstm/src/rnn.cpp:58]   --->   Operation 137 'partselect' 'tmp_2_40' <Predicate = true> <Delay = 0.00>
ST_11 : Operation 138 [1/1] (0.00ns) (grouped into LUT with out node storemerge1_2)   --->   "%tmp_45 = zext i11 %tmp_2_40 to i12" [bi_lstm/src/rnn.cpp:58]   --->   Operation 138 'zext' 'tmp_45' <Predicate = true> <Delay = 0.00>
ST_11 : Operation 139 [1/1] (0.00ns) (grouped into LUT with out node sel_tmp2)   --->   "%sel_tmp1 = xor i1 %tmp_2, true" [bi_lstm/src/rnn.cpp:54]   --->   Operation 139 'xor' 'sel_tmp1' <Predicate = true> <Delay = 0.00> <Core = "LogicGate">   --->   Core 27 'LogicGate' <Latency = 0> <II = 1> <Delay = 0.80> <FuncUnit> <Opcode : 'and' 'or' 'xor'> <InPorts = 2> <OutPorts = 1>
ST_11 : Operation 140 [1/1] (0.80ns) (out node of the LUT)   --->   "%sel_tmp2 = and i1 %tmp_9_2, %sel_tmp1" [bi_lstm/src/rnn.cpp:55]   --->   Operation 140 'and' 'sel_tmp2' <Predicate = true> <Delay = 0.80> <Core = "LogicGate">   --->   Core 27 'LogicGate' <Latency = 0> <II = 1> <Delay = 0.80> <FuncUnit> <Opcode : 'and' 'or' 'xor'> <InPorts = 2> <OutPorts = 1>
ST_11 : Operation 141 [1/1] (0.00ns) (grouped into LUT with out node storemerge1_2)   --->   "%sel_tmp = select i1 %sel_tmp2, i12 0, i12 -2048" [bi_lstm/src/rnn.cpp:58]   --->   Operation 141 'select' 'sel_tmp' <Predicate = true> <Delay = 0.00> <Core = "Sel">   --->   Core 26 'Sel' <Latency = 0> <II = 1> <Delay = 0.44> <FuncUnit> <Opcode : 'select'> <InPorts = 3> <OutPorts = 1>
ST_11 : Operation 142 [1/1] (0.00ns) (grouped into LUT with out node storemerge1_2)   --->   "%tmp_74 = or i1 %sel_tmp2, %tmp_2" [bi_lstm/src/rnn.cpp:58]   --->   Operation 142 'or' 'tmp_74' <Predicate = true> <Delay = 0.00> <Core = "LogicGate">   --->   Core 27 'LogicGate' <Latency = 0> <II = 1> <Delay = 0.80> <FuncUnit> <Opcode : 'and' 'or' 'xor'> <InPorts = 2> <OutPorts = 1>
ST_11 : Operation 143 [1/1] (0.80ns) (out node of the LUT)   --->   "%storemerge1_2 = select i1 %tmp_74, i12 %sel_tmp, i12 %tmp_45" [bi_lstm/src/rnn.cpp:58]   --->   Operation 143 'select' 'storemerge1_2' <Predicate = true> <Delay = 0.80> <Core = "Sel">   --->   Core 26 'Sel' <Latency = 0> <II = 1> <Delay = 0.44> <FuncUnit> <Opcode : 'select'> <InPorts = 3> <OutPorts = 1>
ST_11 : Operation 144 [1/1] (0.00ns)   --->   "%storemerge1_2_cast = zext i12 %storemerge1_2 to i16" [bi_lstm/src/rnn.cpp:54]   --->   Operation 144 'zext' 'storemerge1_2_cast' <Predicate = true> <Delay = 0.00>
ST_11 : Operation 145 [1/1] (1.75ns)   --->   "store i16 %storemerge1_2_cast, i16* %x_2_V_addr, align 2" [bi_lstm/src/rnn.cpp:54]   --->   Operation 145 'store' <Predicate = true> <Delay = 1.75> <Core = "RAM">   --->   Core 37 'RAM' <Latency = 1> <II = 1> <Delay = 2.77> <Storage> <Opcode : 'load' 'store'> <Ports = 2> <Width = 32> <Depth = 3900> <RAM>
ST_11 : Operation 146 [1/1] (0.00ns)   --->   "%tmp_13_3 = zext i8 %tmp_78 to i64" [bi_lstm/src/rnn.cpp:58]   --->   Operation 146 'zext' 'tmp_13_3' <Predicate = true> <Delay = 0.00>
ST_11 : Operation 147 [1/1] (0.00ns)   --->   "%sigmoid_lut_V_addr_3 = getelementptr [256 x i15]* @sigmoid_lut_V, i64 0, i64 %tmp_13_3" [bi_lstm/src/rnn.cpp:58]   --->   Operation 147 'getelementptr' 'sigmoid_lut_V_addr_3' <Predicate = true> <Delay = 0.00>
ST_11 : Operation 148 [2/2] (2.77ns)   --->   "%sigmoid_lut_V_load_3 = load i15* %sigmoid_lut_V_addr_3, align 2" [bi_lstm/src/rnn.cpp:58]   --->   Operation 148 'load' 'sigmoid_lut_V_load_3' <Predicate = true> <Delay = 2.77> <Core = "ROM_1P_BRAM">   --->   Core 61 'ROM_1P_BRAM' <Latency = 1> <II = 1> <Delay = 2.77> <Storage> <Opcode : 'load'> <Ports = 1> <Width = 15> <Depth = 256> <ROM>
ST_11 : Operation 149 [1/2] (1.75ns)   --->   "%x_4_V_load = load i16* %x_4_V_addr, align 2" [bi_lstm/src/rnn.cpp:54]   --->   Operation 149 'load' 'x_4_V_load' <Predicate = true> <Delay = 1.75> <Core = "RAM">   --->   Core 37 'RAM' <Latency = 1> <II = 1> <Delay = 2.77> <Storage> <Opcode : 'load' 'store'> <Ports = 2> <Width = 32> <Depth = 3900> <RAM>
ST_11 : Operation 150 [1/1] (2.13ns)   --->   "%tmp_4 = icmp sgt i16 %x_4_V_load, 16384" [bi_lstm/src/rnn.cpp:54]   --->   Operation 150 'icmp' 'tmp_4' <Predicate = true> <Delay = 2.13> <Core = "Cmp">   --->   Core 25 'Cmp' <Latency = 0> <II = 1> <Delay = 2.13> <FuncUnit> <Opcode : 'icmp'> <InPorts = 2> <OutPorts = 1>
ST_11 : Operation 151 [1/1] (2.13ns)   --->   "%tmp_9_4 = icmp slt i16 %x_4_V_load, -16384" [bi_lstm/src/rnn.cpp:55]   --->   Operation 151 'icmp' 'tmp_9_4' <Predicate = true> <Delay = 2.13> <Core = "Cmp">   --->   Core 25 'Cmp' <Latency = 0> <II = 1> <Delay = 2.13> <FuncUnit> <Opcode : 'icmp'> <InPorts = 2> <OutPorts = 1>
ST_11 : Operation 152 [1/1] (0.00ns)   --->   "%tmp_51 = call i12 @_ssdm_op_PartSelect.i12.i16.i32.i32(i16 %x_4_V_load, i32 4, i32 15)" [bi_lstm/src/rnn.cpp:57]   --->   Operation 152 'partselect' 'tmp_51' <Predicate = true> <Delay = 0.00>
ST_11 : Operation 153 [1/1] (0.00ns)   --->   "%lhs_V_4_cast = sext i12 %tmp_51 to i13" [bi_lstm/src/rnn.cpp:57]   --->   Operation 153 'sext' 'lhs_V_4_cast' <Predicate = true> <Delay = 0.00>
ST_11 : Operation 154 [1/1] (1.54ns)   --->   "%ret_V_s = add i13 1024, %lhs_V_4_cast" [bi_lstm/src/rnn.cpp:57]   --->   Operation 154 'add' 'ret_V_s' <Predicate = true> <Delay = 1.54> <Core = "AddSub">   --->   Core 14 'AddSub' <Latency = 0> <II = 1> <Delay = 1.30> <FuncUnit> <Opcode : 'add' 'sub'> <InPorts = 2> <OutPorts = 1>
ST_11 : Operation 155 [1/1] (0.00ns)   --->   "%p_shl_4 = call i24 @_ssdm_op_BitConcatenate.i24.i13.i11(i13 %ret_V_s, i11 0)" [bi_lstm/src/rnn.cpp:57]   --->   Operation 155 'bitconcatenate' 'p_shl_4' <Predicate = true> <Delay = 0.00>
ST_11 : Operation 156 [1/1] (0.00ns)   --->   "%p_shl2_4 = call i16 @_ssdm_op_BitConcatenate.i16.i13.i3(i13 %ret_V_s, i3 0)" [bi_lstm/src/rnn.cpp:57]   --->   Operation 156 'bitconcatenate' 'p_shl2_4' <Predicate = true> <Delay = 0.00>
ST_11 : Operation 157 [1/1] (0.00ns)   --->   "%p_shl2_4_cast = sext i16 %p_shl2_4 to i24" [bi_lstm/src/rnn.cpp:57]   --->   Operation 157 'sext' 'p_shl2_4_cast' <Predicate = true> <Delay = 0.00>
ST_11 : Operation 158 [1/1] (1.68ns)   --->   "%r_V_4_4 = sub i24 %p_shl_4, %p_shl2_4_cast" [bi_lstm/src/rnn.cpp:57]   --->   Operation 158 'sub' 'r_V_4_4' <Predicate = true> <Delay = 1.68> <Core = "AddSub">   --->   Core 14 'AddSub' <Latency = 0> <II = 1> <Delay = 1.30> <FuncUnit> <Opcode : 'add' 'sub'> <InPorts = 2> <OutPorts = 1>
ST_11 : Operation 159 [1/1] (0.00ns) (grouped into LUT with out node tmp_83)   --->   "%tmp_108 = call i1 @_ssdm_op_BitSelect.i1.i24.i32(i24 %r_V_4_4, i32 23)" [bi_lstm/src/rnn.cpp:57]   --->   Operation 159 'bitselect' 'tmp_108' <Predicate = true> <Delay = 0.00>
ST_11 : Operation 160 [1/1] (0.00ns)   --->   "%tmp_109 = trunc i24 %r_V_4_4 to i14" [bi_lstm/src/rnn.cpp:57]   --->   Operation 160 'trunc' 'tmp_109' <Predicate = true> <Delay = 0.00>
ST_11 : Operation 161 [1/1] (1.98ns)   --->   "%tmp_12_4 = icmp eq i14 %tmp_109, 0" [bi_lstm/src/rnn.cpp:57]   --->   Operation 161 'icmp' 'tmp_12_4' <Predicate = true> <Delay = 1.98> <Core = "Cmp">   --->   Core 25 'Cmp' <Latency = 0> <II = 1> <Delay = 2.13> <FuncUnit> <Opcode : 'icmp'> <InPorts = 2> <OutPorts = 1>
ST_11 : Operation 162 [1/1] (0.00ns)   --->   "%tmp_80 = call i8 @_ssdm_op_PartSelect.i8.i24.i32.i32(i24 %r_V_4_4, i32 14, i32 21)" [bi_lstm/src/rnn.cpp:57]   --->   Operation 162 'partselect' 'tmp_80' <Predicate = true> <Delay = 0.00>
ST_11 : Operation 163 [1/1] (1.30ns)   --->   "%tmp_81 = add i8 1, %tmp_80" [bi_lstm/src/rnn.cpp:57]   --->   Operation 163 'add' 'tmp_81' <Predicate = true> <Delay = 1.30> <Core = "AddSub">   --->   Core 14 'AddSub' <Latency = 0> <II = 1> <Delay = 1.30> <FuncUnit> <Opcode : 'add' 'sub'> <InPorts = 2> <OutPorts = 1>
ST_11 : Operation 164 [1/1] (0.00ns) (grouped into LUT with out node tmp_83)   --->   "%tmp_82 = select i1 %tmp_12_4, i8 %tmp_80, i8 %tmp_81" [bi_lstm/src/rnn.cpp:57]   --->   Operation 164 'select' 'tmp_82' <Predicate = true> <Delay = 0.00> <Core = "Sel">   --->   Core 26 'Sel' <Latency = 0> <II = 1> <Delay = 0.44> <FuncUnit> <Opcode : 'select'> <InPorts = 3> <OutPorts = 1>
ST_11 : Operation 165 [1/1] (0.44ns) (out node of the LUT)   --->   "%tmp_83 = select i1 %tmp_108, i8 %tmp_82, i8 %tmp_80" [bi_lstm/src/rnn.cpp:57]   --->   Operation 165 'select' 'tmp_83' <Predicate = true> <Delay = 0.44> <Core = "Sel">   --->   Core 26 'Sel' <Latency = 0> <II = 1> <Delay = 0.44> <FuncUnit> <Opcode : 'select'> <InPorts = 3> <OutPorts = 1>
ST_11 : Operation 166 [2/2] (1.75ns)   --->   "%x_5_V_load = load i16* %x_5_V_addr, align 2" [bi_lstm/src/rnn.cpp:54]   --->   Operation 166 'load' 'x_5_V_load' <Predicate = true> <Delay = 1.75> <Core = "RAM">   --->   Core 37 'RAM' <Latency = 1> <II = 1> <Delay = 2.77> <Storage> <Opcode : 'load' 'store'> <Ports = 2> <Width = 32> <Depth = 3900> <RAM>

State 12 <SV = 11> <Delay = 7.42>
ST_12 : Operation 167 [1/2] (2.77ns)   --->   "%sigmoid_lut_V_load_3 = load i15* %sigmoid_lut_V_addr_3, align 2" [bi_lstm/src/rnn.cpp:58]   --->   Operation 167 'load' 'sigmoid_lut_V_load_3' <Predicate = true> <Delay = 2.77> <Core = "ROM_1P_BRAM">   --->   Core 61 'ROM_1P_BRAM' <Latency = 1> <II = 1> <Delay = 2.77> <Storage> <Opcode : 'load'> <Ports = 1> <Width = 15> <Depth = 256> <ROM>
ST_12 : Operation 168 [1/1] (0.00ns) (grouped into LUT with out node storemerge1_3)   --->   "%tmp_3_41 = call i11 @_ssdm_op_PartSelect.i11.i15.i32.i32(i15 %sigmoid_lut_V_load_3, i32 4, i32 14)" [bi_lstm/src/rnn.cpp:58]   --->   Operation 168 'partselect' 'tmp_3_41' <Predicate = true> <Delay = 0.00>
ST_12 : Operation 169 [1/1] (0.00ns) (grouped into LUT with out node storemerge1_3)   --->   "%tmp_49 = zext i11 %tmp_3_41 to i12" [bi_lstm/src/rnn.cpp:58]   --->   Operation 169 'zext' 'tmp_49' <Predicate = true> <Delay = 0.00>
ST_12 : Operation 170 [1/1] (0.00ns) (grouped into LUT with out node sel_tmp7)   --->   "%sel_tmp6 = xor i1 %tmp_3, true" [bi_lstm/src/rnn.cpp:54]   --->   Operation 170 'xor' 'sel_tmp6' <Predicate = true> <Delay = 0.00> <Core = "LogicGate">   --->   Core 27 'LogicGate' <Latency = 0> <II = 1> <Delay = 0.80> <FuncUnit> <Opcode : 'and' 'or' 'xor'> <InPorts = 2> <OutPorts = 1>
ST_12 : Operation 171 [1/1] (0.80ns) (out node of the LUT)   --->   "%sel_tmp7 = and i1 %tmp_9_3, %sel_tmp6" [bi_lstm/src/rnn.cpp:55]   --->   Operation 171 'and' 'sel_tmp7' <Predicate = true> <Delay = 0.80> <Core = "LogicGate">   --->   Core 27 'LogicGate' <Latency = 0> <II = 1> <Delay = 0.80> <FuncUnit> <Opcode : 'and' 'or' 'xor'> <InPorts = 2> <OutPorts = 1>
ST_12 : Operation 172 [1/1] (0.00ns) (grouped into LUT with out node storemerge1_3)   --->   "%sel_tmp5 = select i1 %sel_tmp7, i12 0, i12 -2048" [bi_lstm/src/rnn.cpp:58]   --->   Operation 172 'select' 'sel_tmp5' <Predicate = true> <Delay = 0.00> <Core = "Sel">   --->   Core 26 'Sel' <Latency = 0> <II = 1> <Delay = 0.44> <FuncUnit> <Opcode : 'select'> <InPorts = 3> <OutPorts = 1>
ST_12 : Operation 173 [1/1] (0.00ns) (grouped into LUT with out node storemerge1_3)   --->   "%tmp_79 = or i1 %sel_tmp7, %tmp_3" [bi_lstm/src/rnn.cpp:58]   --->   Operation 173 'or' 'tmp_79' <Predicate = true> <Delay = 0.00> <Core = "LogicGate">   --->   Core 27 'LogicGate' <Latency = 0> <II = 1> <Delay = 0.80> <FuncUnit> <Opcode : 'and' 'or' 'xor'> <InPorts = 2> <OutPorts = 1>
ST_12 : Operation 174 [1/1] (0.80ns) (out node of the LUT)   --->   "%storemerge1_3 = select i1 %tmp_79, i12 %sel_tmp5, i12 %tmp_49" [bi_lstm/src/rnn.cpp:58]   --->   Operation 174 'select' 'storemerge1_3' <Predicate = true> <Delay = 0.80> <Core = "Sel">   --->   Core 26 'Sel' <Latency = 0> <II = 1> <Delay = 0.44> <FuncUnit> <Opcode : 'select'> <InPorts = 3> <OutPorts = 1>
ST_12 : Operation 175 [1/1] (0.00ns)   --->   "%storemerge1_3_cast = zext i12 %storemerge1_3 to i16" [bi_lstm/src/rnn.cpp:54]   --->   Operation 175 'zext' 'storemerge1_3_cast' <Predicate = true> <Delay = 0.00>
ST_12 : Operation 176 [1/1] (1.75ns)   --->   "store i16 %storemerge1_3_cast, i16* %x_3_V_addr, align 2" [bi_lstm/src/rnn.cpp:54]   --->   Operation 176 'store' <Predicate = true> <Delay = 1.75> <Core = "RAM">   --->   Core 37 'RAM' <Latency = 1> <II = 1> <Delay = 2.77> <Storage> <Opcode : 'load' 'store'> <Ports = 2> <Width = 32> <Depth = 3900> <RAM>
ST_12 : Operation 177 [1/1] (0.00ns)   --->   "%tmp_13_4 = zext i8 %tmp_83 to i64" [bi_lstm/src/rnn.cpp:58]   --->   Operation 177 'zext' 'tmp_13_4' <Predicate = true> <Delay = 0.00>
ST_12 : Operation 178 [1/1] (0.00ns)   --->   "%sigmoid_lut_V_addr_4 = getelementptr [256 x i15]* @sigmoid_lut_V, i64 0, i64 %tmp_13_4" [bi_lstm/src/rnn.cpp:58]   --->   Operation 178 'getelementptr' 'sigmoid_lut_V_addr_4' <Predicate = true> <Delay = 0.00>
ST_12 : Operation 179 [2/2] (2.77ns)   --->   "%sigmoid_lut_V_load_4 = load i15* %sigmoid_lut_V_addr_4, align 2" [bi_lstm/src/rnn.cpp:58]   --->   Operation 179 'load' 'sigmoid_lut_V_load_4' <Predicate = true> <Delay = 2.77> <Core = "ROM_1P_BRAM">   --->   Core 61 'ROM_1P_BRAM' <Latency = 1> <II = 1> <Delay = 2.77> <Storage> <Opcode : 'load'> <Ports = 1> <Width = 15> <Depth = 256> <ROM>
ST_12 : Operation 180 [1/2] (1.75ns)   --->   "%x_5_V_load = load i16* %x_5_V_addr, align 2" [bi_lstm/src/rnn.cpp:54]   --->   Operation 180 'load' 'x_5_V_load' <Predicate = true> <Delay = 1.75> <Core = "RAM">   --->   Core 37 'RAM' <Latency = 1> <II = 1> <Delay = 2.77> <Storage> <Opcode : 'load' 'store'> <Ports = 2> <Width = 32> <Depth = 3900> <RAM>
ST_12 : Operation 181 [1/1] (2.13ns)   --->   "%tmp_5 = icmp sgt i16 %x_5_V_load, 16384" [bi_lstm/src/rnn.cpp:54]   --->   Operation 181 'icmp' 'tmp_5' <Predicate = true> <Delay = 2.13> <Core = "Cmp">   --->   Core 25 'Cmp' <Latency = 0> <II = 1> <Delay = 2.13> <FuncUnit> <Opcode : 'icmp'> <InPorts = 2> <OutPorts = 1>
ST_12 : Operation 182 [1/1] (2.13ns)   --->   "%tmp_9_5 = icmp slt i16 %x_5_V_load, -16384" [bi_lstm/src/rnn.cpp:55]   --->   Operation 182 'icmp' 'tmp_9_5' <Predicate = true> <Delay = 2.13> <Core = "Cmp">   --->   Core 25 'Cmp' <Latency = 0> <II = 1> <Delay = 2.13> <FuncUnit> <Opcode : 'icmp'> <InPorts = 2> <OutPorts = 1>
ST_12 : Operation 183 [1/1] (0.00ns)   --->   "%tmp_55 = call i12 @_ssdm_op_PartSelect.i12.i16.i32.i32(i16 %x_5_V_load, i32 4, i32 15)" [bi_lstm/src/rnn.cpp:57]   --->   Operation 183 'partselect' 'tmp_55' <Predicate = true> <Delay = 0.00>
ST_12 : Operation 184 [1/1] (0.00ns)   --->   "%lhs_V_5_cast = sext i12 %tmp_55 to i13" [bi_lstm/src/rnn.cpp:57]   --->   Operation 184 'sext' 'lhs_V_5_cast' <Predicate = true> <Delay = 0.00>
ST_12 : Operation 185 [1/1] (1.54ns)   --->   "%ret_V_5 = add i13 1024, %lhs_V_5_cast" [bi_lstm/src/rnn.cpp:57]   --->   Operation 185 'add' 'ret_V_5' <Predicate = true> <Delay = 1.54> <Core = "AddSub">   --->   Core 14 'AddSub' <Latency = 0> <II = 1> <Delay = 1.30> <FuncUnit> <Opcode : 'add' 'sub'> <InPorts = 2> <OutPorts = 1>
ST_12 : Operation 186 [1/1] (0.00ns)   --->   "%p_shl_5 = call i24 @_ssdm_op_BitConcatenate.i24.i13.i11(i13 %ret_V_5, i11 0)" [bi_lstm/src/rnn.cpp:57]   --->   Operation 186 'bitconcatenate' 'p_shl_5' <Predicate = true> <Delay = 0.00>
ST_12 : Operation 187 [1/1] (0.00ns)   --->   "%p_shl2_5 = call i16 @_ssdm_op_BitConcatenate.i16.i13.i3(i13 %ret_V_5, i3 0)" [bi_lstm/src/rnn.cpp:57]   --->   Operation 187 'bitconcatenate' 'p_shl2_5' <Predicate = true> <Delay = 0.00>
ST_12 : Operation 188 [1/1] (0.00ns)   --->   "%p_shl2_5_cast = sext i16 %p_shl2_5 to i24" [bi_lstm/src/rnn.cpp:57]   --->   Operation 188 'sext' 'p_shl2_5_cast' <Predicate = true> <Delay = 0.00>
ST_12 : Operation 189 [1/1] (1.68ns)   --->   "%r_V_4_5 = sub i24 %p_shl_5, %p_shl2_5_cast" [bi_lstm/src/rnn.cpp:57]   --->   Operation 189 'sub' 'r_V_4_5' <Predicate = true> <Delay = 1.68> <Core = "AddSub">   --->   Core 14 'AddSub' <Latency = 0> <II = 1> <Delay = 1.30> <FuncUnit> <Opcode : 'add' 'sub'> <InPorts = 2> <OutPorts = 1>
ST_12 : Operation 190 [1/1] (0.00ns) (grouped into LUT with out node tmp_88)   --->   "%tmp_110 = call i1 @_ssdm_op_BitSelect.i1.i24.i32(i24 %r_V_4_5, i32 23)" [bi_lstm/src/rnn.cpp:57]   --->   Operation 190 'bitselect' 'tmp_110' <Predicate = true> <Delay = 0.00>
ST_12 : Operation 191 [1/1] (0.00ns)   --->   "%tmp_111 = trunc i24 %r_V_4_5 to i14" [bi_lstm/src/rnn.cpp:57]   --->   Operation 191 'trunc' 'tmp_111' <Predicate = true> <Delay = 0.00>
ST_12 : Operation 192 [1/1] (1.98ns)   --->   "%tmp_12_5 = icmp eq i14 %tmp_111, 0" [bi_lstm/src/rnn.cpp:57]   --->   Operation 192 'icmp' 'tmp_12_5' <Predicate = true> <Delay = 1.98> <Core = "Cmp">   --->   Core 25 'Cmp' <Latency = 0> <II = 1> <Delay = 2.13> <FuncUnit> <Opcode : 'icmp'> <InPorts = 2> <OutPorts = 1>
ST_12 : Operation 193 [1/1] (0.00ns)   --->   "%tmp_85 = call i8 @_ssdm_op_PartSelect.i8.i24.i32.i32(i24 %r_V_4_5, i32 14, i32 21)" [bi_lstm/src/rnn.cpp:57]   --->   Operation 193 'partselect' 'tmp_85' <Predicate = true> <Delay = 0.00>
ST_12 : Operation 194 [1/1] (1.30ns)   --->   "%tmp_86 = add i8 1, %tmp_85" [bi_lstm/src/rnn.cpp:57]   --->   Operation 194 'add' 'tmp_86' <Predicate = true> <Delay = 1.30> <Core = "AddSub">   --->   Core 14 'AddSub' <Latency = 0> <II = 1> <Delay = 1.30> <FuncUnit> <Opcode : 'add' 'sub'> <InPorts = 2> <OutPorts = 1>
ST_12 : Operation 195 [1/1] (0.00ns) (grouped into LUT with out node tmp_88)   --->   "%tmp_87 = select i1 %tmp_12_5, i8 %tmp_85, i8 %tmp_86" [bi_lstm/src/rnn.cpp:57]   --->   Operation 195 'select' 'tmp_87' <Predicate = true> <Delay = 0.00> <Core = "Sel">   --->   Core 26 'Sel' <Latency = 0> <II = 1> <Delay = 0.44> <FuncUnit> <Opcode : 'select'> <InPorts = 3> <OutPorts = 1>
ST_12 : Operation 196 [1/1] (0.44ns) (out node of the LUT)   --->   "%tmp_88 = select i1 %tmp_110, i8 %tmp_87, i8 %tmp_85" [bi_lstm/src/rnn.cpp:57]   --->   Operation 196 'select' 'tmp_88' <Predicate = true> <Delay = 0.44> <Core = "Sel">   --->   Core 26 'Sel' <Latency = 0> <II = 1> <Delay = 0.44> <FuncUnit> <Opcode : 'select'> <InPorts = 3> <OutPorts = 1>
ST_12 : Operation 197 [2/2] (1.75ns)   --->   "%x_6_V_load = load i16* %x_6_V_addr, align 2" [bi_lstm/src/rnn.cpp:54]   --->   Operation 197 'load' 'x_6_V_load' <Predicate = true> <Delay = 1.75> <Core = "RAM">   --->   Core 37 'RAM' <Latency = 1> <II = 1> <Delay = 2.77> <Storage> <Opcode : 'load' 'store'> <Ports = 2> <Width = 32> <Depth = 3900> <RAM>

State 13 <SV = 12> <Delay = 7.42>
ST_13 : Operation 198 [1/2] (2.77ns)   --->   "%sigmoid_lut_V_load_4 = load i15* %sigmoid_lut_V_addr_4, align 2" [bi_lstm/src/rnn.cpp:58]   --->   Operation 198 'load' 'sigmoid_lut_V_load_4' <Predicate = true> <Delay = 2.77> <Core = "ROM_1P_BRAM">   --->   Core 61 'ROM_1P_BRAM' <Latency = 1> <II = 1> <Delay = 2.77> <Storage> <Opcode : 'load'> <Ports = 1> <Width = 15> <Depth = 256> <ROM>
ST_13 : Operation 199 [1/1] (0.00ns) (grouped into LUT with out node storemerge1_4)   --->   "%tmp_4_42 = call i11 @_ssdm_op_PartSelect.i11.i15.i32.i32(i15 %sigmoid_lut_V_load_4, i32 4, i32 14)" [bi_lstm/src/rnn.cpp:58]   --->   Operation 199 'partselect' 'tmp_4_42' <Predicate = true> <Delay = 0.00>
ST_13 : Operation 200 [1/1] (0.00ns) (grouped into LUT with out node storemerge1_4)   --->   "%tmp_53 = zext i11 %tmp_4_42 to i12" [bi_lstm/src/rnn.cpp:58]   --->   Operation 200 'zext' 'tmp_53' <Predicate = true> <Delay = 0.00>
ST_13 : Operation 201 [1/1] (0.00ns) (grouped into LUT with out node sel_tmp12)   --->   "%sel_tmp11 = xor i1 %tmp_4, true" [bi_lstm/src/rnn.cpp:54]   --->   Operation 201 'xor' 'sel_tmp11' <Predicate = true> <Delay = 0.00> <Core = "LogicGate">   --->   Core 27 'LogicGate' <Latency = 0> <II = 1> <Delay = 0.80> <FuncUnit> <Opcode : 'and' 'or' 'xor'> <InPorts = 2> <OutPorts = 1>
ST_13 : Operation 202 [1/1] (0.80ns) (out node of the LUT)   --->   "%sel_tmp12 = and i1 %tmp_9_4, %sel_tmp11" [bi_lstm/src/rnn.cpp:55]   --->   Operation 202 'and' 'sel_tmp12' <Predicate = true> <Delay = 0.80> <Core = "LogicGate">   --->   Core 27 'LogicGate' <Latency = 0> <II = 1> <Delay = 0.80> <FuncUnit> <Opcode : 'and' 'or' 'xor'> <InPorts = 2> <OutPorts = 1>
ST_13 : Operation 203 [1/1] (0.00ns) (grouped into LUT with out node storemerge1_4)   --->   "%sel_tmp10 = select i1 %sel_tmp12, i12 0, i12 -2048" [bi_lstm/src/rnn.cpp:58]   --->   Operation 203 'select' 'sel_tmp10' <Predicate = true> <Delay = 0.00> <Core = "Sel">   --->   Core 26 'Sel' <Latency = 0> <II = 1> <Delay = 0.44> <FuncUnit> <Opcode : 'select'> <InPorts = 3> <OutPorts = 1>
ST_13 : Operation 204 [1/1] (0.00ns) (grouped into LUT with out node storemerge1_4)   --->   "%tmp_84 = or i1 %sel_tmp12, %tmp_4" [bi_lstm/src/rnn.cpp:58]   --->   Operation 204 'or' 'tmp_84' <Predicate = true> <Delay = 0.00> <Core = "LogicGate">   --->   Core 27 'LogicGate' <Latency = 0> <II = 1> <Delay = 0.80> <FuncUnit> <Opcode : 'and' 'or' 'xor'> <InPorts = 2> <OutPorts = 1>
ST_13 : Operation 205 [1/1] (0.80ns) (out node of the LUT)   --->   "%storemerge1_4 = select i1 %tmp_84, i12 %sel_tmp10, i12 %tmp_53" [bi_lstm/src/rnn.cpp:58]   --->   Operation 205 'select' 'storemerge1_4' <Predicate = true> <Delay = 0.80> <Core = "Sel">   --->   Core 26 'Sel' <Latency = 0> <II = 1> <Delay = 0.44> <FuncUnit> <Opcode : 'select'> <InPorts = 3> <OutPorts = 1>
ST_13 : Operation 206 [1/1] (0.00ns)   --->   "%storemerge1_4_cast = zext i12 %storemerge1_4 to i16" [bi_lstm/src/rnn.cpp:54]   --->   Operation 206 'zext' 'storemerge1_4_cast' <Predicate = true> <Delay = 0.00>
ST_13 : Operation 207 [1/1] (1.75ns)   --->   "store i16 %storemerge1_4_cast, i16* %x_4_V_addr, align 2" [bi_lstm/src/rnn.cpp:54]   --->   Operation 207 'store' <Predicate = true> <Delay = 1.75> <Core = "RAM">   --->   Core 37 'RAM' <Latency = 1> <II = 1> <Delay = 2.77> <Storage> <Opcode : 'load' 'store'> <Ports = 2> <Width = 32> <Depth = 3900> <RAM>
ST_13 : Operation 208 [1/1] (0.00ns)   --->   "%tmp_13_5 = zext i8 %tmp_88 to i64" [bi_lstm/src/rnn.cpp:58]   --->   Operation 208 'zext' 'tmp_13_5' <Predicate = true> <Delay = 0.00>
ST_13 : Operation 209 [1/1] (0.00ns)   --->   "%sigmoid_lut_V_addr_5 = getelementptr [256 x i15]* @sigmoid_lut_V, i64 0, i64 %tmp_13_5" [bi_lstm/src/rnn.cpp:58]   --->   Operation 209 'getelementptr' 'sigmoid_lut_V_addr_5' <Predicate = true> <Delay = 0.00>
ST_13 : Operation 210 [2/2] (2.77ns)   --->   "%sigmoid_lut_V_load_5 = load i15* %sigmoid_lut_V_addr_5, align 2" [bi_lstm/src/rnn.cpp:58]   --->   Operation 210 'load' 'sigmoid_lut_V_load_5' <Predicate = true> <Delay = 2.77> <Core = "ROM_1P_BRAM">   --->   Core 61 'ROM_1P_BRAM' <Latency = 1> <II = 1> <Delay = 2.77> <Storage> <Opcode : 'load'> <Ports = 1> <Width = 15> <Depth = 256> <ROM>
ST_13 : Operation 211 [1/2] (1.75ns)   --->   "%x_6_V_load = load i16* %x_6_V_addr, align 2" [bi_lstm/src/rnn.cpp:54]   --->   Operation 211 'load' 'x_6_V_load' <Predicate = true> <Delay = 1.75> <Core = "RAM">   --->   Core 37 'RAM' <Latency = 1> <II = 1> <Delay = 2.77> <Storage> <Opcode : 'load' 'store'> <Ports = 2> <Width = 32> <Depth = 3900> <RAM>
ST_13 : Operation 212 [1/1] (2.13ns)   --->   "%tmp_6 = icmp sgt i16 %x_6_V_load, 16384" [bi_lstm/src/rnn.cpp:54]   --->   Operation 212 'icmp' 'tmp_6' <Predicate = true> <Delay = 2.13> <Core = "Cmp">   --->   Core 25 'Cmp' <Latency = 0> <II = 1> <Delay = 2.13> <FuncUnit> <Opcode : 'icmp'> <InPorts = 2> <OutPorts = 1>
ST_13 : Operation 213 [1/1] (2.13ns)   --->   "%tmp_9_6 = icmp slt i16 %x_6_V_load, -16384" [bi_lstm/src/rnn.cpp:55]   --->   Operation 213 'icmp' 'tmp_9_6' <Predicate = true> <Delay = 2.13> <Core = "Cmp">   --->   Core 25 'Cmp' <Latency = 0> <II = 1> <Delay = 2.13> <FuncUnit> <Opcode : 'icmp'> <InPorts = 2> <OutPorts = 1>
ST_13 : Operation 214 [1/1] (0.00ns)   --->   "%tmp_59 = call i12 @_ssdm_op_PartSelect.i12.i16.i32.i32(i16 %x_6_V_load, i32 4, i32 15)" [bi_lstm/src/rnn.cpp:57]   --->   Operation 214 'partselect' 'tmp_59' <Predicate = true> <Delay = 0.00>
ST_13 : Operation 215 [1/1] (0.00ns)   --->   "%lhs_V_6_cast = sext i12 %tmp_59 to i13" [bi_lstm/src/rnn.cpp:57]   --->   Operation 215 'sext' 'lhs_V_6_cast' <Predicate = true> <Delay = 0.00>
ST_13 : Operation 216 [1/1] (1.54ns)   --->   "%ret_V_6 = add i13 1024, %lhs_V_6_cast" [bi_lstm/src/rnn.cpp:57]   --->   Operation 216 'add' 'ret_V_6' <Predicate = true> <Delay = 1.54> <Core = "AddSub">   --->   Core 14 'AddSub' <Latency = 0> <II = 1> <Delay = 1.30> <FuncUnit> <Opcode : 'add' 'sub'> <InPorts = 2> <OutPorts = 1>
ST_13 : Operation 217 [1/1] (0.00ns)   --->   "%p_shl_6 = call i24 @_ssdm_op_BitConcatenate.i24.i13.i11(i13 %ret_V_6, i11 0)" [bi_lstm/src/rnn.cpp:57]   --->   Operation 217 'bitconcatenate' 'p_shl_6' <Predicate = true> <Delay = 0.00>
ST_13 : Operation 218 [1/1] (0.00ns)   --->   "%p_shl2_6 = call i16 @_ssdm_op_BitConcatenate.i16.i13.i3(i13 %ret_V_6, i3 0)" [bi_lstm/src/rnn.cpp:57]   --->   Operation 218 'bitconcatenate' 'p_shl2_6' <Predicate = true> <Delay = 0.00>
ST_13 : Operation 219 [1/1] (0.00ns)   --->   "%p_shl2_6_cast = sext i16 %p_shl2_6 to i24" [bi_lstm/src/rnn.cpp:57]   --->   Operation 219 'sext' 'p_shl2_6_cast' <Predicate = true> <Delay = 0.00>
ST_13 : Operation 220 [1/1] (1.68ns)   --->   "%r_V_4_6 = sub i24 %p_shl_6, %p_shl2_6_cast" [bi_lstm/src/rnn.cpp:57]   --->   Operation 220 'sub' 'r_V_4_6' <Predicate = true> <Delay = 1.68> <Core = "AddSub">   --->   Core 14 'AddSub' <Latency = 0> <II = 1> <Delay = 1.30> <FuncUnit> <Opcode : 'add' 'sub'> <InPorts = 2> <OutPorts = 1>
ST_13 : Operation 221 [1/1] (0.00ns) (grouped into LUT with out node tmp_93)   --->   "%tmp_112 = call i1 @_ssdm_op_BitSelect.i1.i24.i32(i24 %r_V_4_6, i32 23)" [bi_lstm/src/rnn.cpp:57]   --->   Operation 221 'bitselect' 'tmp_112' <Predicate = true> <Delay = 0.00>
ST_13 : Operation 222 [1/1] (0.00ns)   --->   "%tmp_113 = trunc i24 %r_V_4_6 to i14" [bi_lstm/src/rnn.cpp:57]   --->   Operation 222 'trunc' 'tmp_113' <Predicate = true> <Delay = 0.00>
ST_13 : Operation 223 [1/1] (1.98ns)   --->   "%tmp_12_6 = icmp eq i14 %tmp_113, 0" [bi_lstm/src/rnn.cpp:57]   --->   Operation 223 'icmp' 'tmp_12_6' <Predicate = true> <Delay = 1.98> <Core = "Cmp">   --->   Core 25 'Cmp' <Latency = 0> <II = 1> <Delay = 2.13> <FuncUnit> <Opcode : 'icmp'> <InPorts = 2> <OutPorts = 1>
ST_13 : Operation 224 [1/1] (0.00ns)   --->   "%tmp_90 = call i8 @_ssdm_op_PartSelect.i8.i24.i32.i32(i24 %r_V_4_6, i32 14, i32 21)" [bi_lstm/src/rnn.cpp:57]   --->   Operation 224 'partselect' 'tmp_90' <Predicate = true> <Delay = 0.00>
ST_13 : Operation 225 [1/1] (1.30ns)   --->   "%tmp_91 = add i8 1, %tmp_90" [bi_lstm/src/rnn.cpp:57]   --->   Operation 225 'add' 'tmp_91' <Predicate = true> <Delay = 1.30> <Core = "AddSub">   --->   Core 14 'AddSub' <Latency = 0> <II = 1> <Delay = 1.30> <FuncUnit> <Opcode : 'add' 'sub'> <InPorts = 2> <OutPorts = 1>
ST_13 : Operation 226 [1/1] (0.00ns) (grouped into LUT with out node tmp_93)   --->   "%tmp_92 = select i1 %tmp_12_6, i8 %tmp_90, i8 %tmp_91" [bi_lstm/src/rnn.cpp:57]   --->   Operation 226 'select' 'tmp_92' <Predicate = true> <Delay = 0.00> <Core = "Sel">   --->   Core 26 'Sel' <Latency = 0> <II = 1> <Delay = 0.44> <FuncUnit> <Opcode : 'select'> <InPorts = 3> <OutPorts = 1>
ST_13 : Operation 227 [1/1] (0.44ns) (out node of the LUT)   --->   "%tmp_93 = select i1 %tmp_112, i8 %tmp_92, i8 %tmp_90" [bi_lstm/src/rnn.cpp:57]   --->   Operation 227 'select' 'tmp_93' <Predicate = true> <Delay = 0.44> <Core = "Sel">   --->   Core 26 'Sel' <Latency = 0> <II = 1> <Delay = 0.44> <FuncUnit> <Opcode : 'select'> <InPorts = 3> <OutPorts = 1>
ST_13 : Operation 228 [2/2] (1.75ns)   --->   "%x_7_V_load = load i16* %x_7_V_addr, align 2" [bi_lstm/src/rnn.cpp:54]   --->   Operation 228 'load' 'x_7_V_load' <Predicate = true> <Delay = 1.75> <Core = "RAM">   --->   Core 37 'RAM' <Latency = 1> <II = 1> <Delay = 2.77> <Storage> <Opcode : 'load' 'store'> <Ports = 2> <Width = 32> <Depth = 3900> <RAM>

State 14 <SV = 13> <Delay = 7.42>
ST_14 : Operation 229 [1/2] (2.77ns)   --->   "%sigmoid_lut_V_load_5 = load i15* %sigmoid_lut_V_addr_5, align 2" [bi_lstm/src/rnn.cpp:58]   --->   Operation 229 'load' 'sigmoid_lut_V_load_5' <Predicate = true> <Delay = 2.77> <Core = "ROM_1P_BRAM">   --->   Core 61 'ROM_1P_BRAM' <Latency = 1> <II = 1> <Delay = 2.77> <Storage> <Opcode : 'load'> <Ports = 1> <Width = 15> <Depth = 256> <ROM>
ST_14 : Operation 230 [1/1] (0.00ns) (grouped into LUT with out node storemerge1_5)   --->   "%tmp_5_43 = call i11 @_ssdm_op_PartSelect.i11.i15.i32.i32(i15 %sigmoid_lut_V_load_5, i32 4, i32 14)" [bi_lstm/src/rnn.cpp:58]   --->   Operation 230 'partselect' 'tmp_5_43' <Predicate = true> <Delay = 0.00>
ST_14 : Operation 231 [1/1] (0.00ns) (grouped into LUT with out node storemerge1_5)   --->   "%tmp_57 = zext i11 %tmp_5_43 to i12" [bi_lstm/src/rnn.cpp:58]   --->   Operation 231 'zext' 'tmp_57' <Predicate = true> <Delay = 0.00>
ST_14 : Operation 232 [1/1] (0.00ns) (grouped into LUT with out node sel_tmp17)   --->   "%sel_tmp16 = xor i1 %tmp_5, true" [bi_lstm/src/rnn.cpp:54]   --->   Operation 232 'xor' 'sel_tmp16' <Predicate = true> <Delay = 0.00> <Core = "LogicGate">   --->   Core 27 'LogicGate' <Latency = 0> <II = 1> <Delay = 0.80> <FuncUnit> <Opcode : 'and' 'or' 'xor'> <InPorts = 2> <OutPorts = 1>
ST_14 : Operation 233 [1/1] (0.80ns) (out node of the LUT)   --->   "%sel_tmp17 = and i1 %tmp_9_5, %sel_tmp16" [bi_lstm/src/rnn.cpp:55]   --->   Operation 233 'and' 'sel_tmp17' <Predicate = true> <Delay = 0.80> <Core = "LogicGate">   --->   Core 27 'LogicGate' <Latency = 0> <II = 1> <Delay = 0.80> <FuncUnit> <Opcode : 'and' 'or' 'xor'> <InPorts = 2> <OutPorts = 1>
ST_14 : Operation 234 [1/1] (0.00ns) (grouped into LUT with out node storemerge1_5)   --->   "%sel_tmp15 = select i1 %sel_tmp17, i12 0, i12 -2048" [bi_lstm/src/rnn.cpp:58]   --->   Operation 234 'select' 'sel_tmp15' <Predicate = true> <Delay = 0.00> <Core = "Sel">   --->   Core 26 'Sel' <Latency = 0> <II = 1> <Delay = 0.44> <FuncUnit> <Opcode : 'select'> <InPorts = 3> <OutPorts = 1>
ST_14 : Operation 235 [1/1] (0.00ns) (grouped into LUT with out node storemerge1_5)   --->   "%tmp_89 = or i1 %sel_tmp17, %tmp_5" [bi_lstm/src/rnn.cpp:58]   --->   Operation 235 'or' 'tmp_89' <Predicate = true> <Delay = 0.00> <Core = "LogicGate">   --->   Core 27 'LogicGate' <Latency = 0> <II = 1> <Delay = 0.80> <FuncUnit> <Opcode : 'and' 'or' 'xor'> <InPorts = 2> <OutPorts = 1>
ST_14 : Operation 236 [1/1] (0.80ns) (out node of the LUT)   --->   "%storemerge1_5 = select i1 %tmp_89, i12 %sel_tmp15, i12 %tmp_57" [bi_lstm/src/rnn.cpp:58]   --->   Operation 236 'select' 'storemerge1_5' <Predicate = true> <Delay = 0.80> <Core = "Sel">   --->   Core 26 'Sel' <Latency = 0> <II = 1> <Delay = 0.44> <FuncUnit> <Opcode : 'select'> <InPorts = 3> <OutPorts = 1>
ST_14 : Operation 237 [1/1] (0.00ns)   --->   "%storemerge1_5_cast = zext i12 %storemerge1_5 to i16" [bi_lstm/src/rnn.cpp:54]   --->   Operation 237 'zext' 'storemerge1_5_cast' <Predicate = true> <Delay = 0.00>
ST_14 : Operation 238 [1/1] (1.75ns)   --->   "store i16 %storemerge1_5_cast, i16* %x_5_V_addr, align 2" [bi_lstm/src/rnn.cpp:54]   --->   Operation 238 'store' <Predicate = true> <Delay = 1.75> <Core = "RAM">   --->   Core 37 'RAM' <Latency = 1> <II = 1> <Delay = 2.77> <Storage> <Opcode : 'load' 'store'> <Ports = 2> <Width = 32> <Depth = 3900> <RAM>
ST_14 : Operation 239 [1/1] (0.00ns)   --->   "%tmp_13_6 = zext i8 %tmp_93 to i64" [bi_lstm/src/rnn.cpp:58]   --->   Operation 239 'zext' 'tmp_13_6' <Predicate = true> <Delay = 0.00>
ST_14 : Operation 240 [1/1] (0.00ns)   --->   "%sigmoid_lut_V_addr_6 = getelementptr [256 x i15]* @sigmoid_lut_V, i64 0, i64 %tmp_13_6" [bi_lstm/src/rnn.cpp:58]   --->   Operation 240 'getelementptr' 'sigmoid_lut_V_addr_6' <Predicate = true> <Delay = 0.00>
ST_14 : Operation 241 [2/2] (2.77ns)   --->   "%sigmoid_lut_V_load_6 = load i15* %sigmoid_lut_V_addr_6, align 2" [bi_lstm/src/rnn.cpp:58]   --->   Operation 241 'load' 'sigmoid_lut_V_load_6' <Predicate = true> <Delay = 2.77> <Core = "ROM_1P_BRAM">   --->   Core 61 'ROM_1P_BRAM' <Latency = 1> <II = 1> <Delay = 2.77> <Storage> <Opcode : 'load'> <Ports = 1> <Width = 15> <Depth = 256> <ROM>
ST_14 : Operation 242 [1/2] (1.75ns)   --->   "%x_7_V_load = load i16* %x_7_V_addr, align 2" [bi_lstm/src/rnn.cpp:54]   --->   Operation 242 'load' 'x_7_V_load' <Predicate = true> <Delay = 1.75> <Core = "RAM">   --->   Core 37 'RAM' <Latency = 1> <II = 1> <Delay = 2.77> <Storage> <Opcode : 'load' 'store'> <Ports = 2> <Width = 32> <Depth = 3900> <RAM>
ST_14 : Operation 243 [1/1] (2.13ns)   --->   "%tmp_7 = icmp sgt i16 %x_7_V_load, 16384" [bi_lstm/src/rnn.cpp:54]   --->   Operation 243 'icmp' 'tmp_7' <Predicate = true> <Delay = 2.13> <Core = "Cmp">   --->   Core 25 'Cmp' <Latency = 0> <II = 1> <Delay = 2.13> <FuncUnit> <Opcode : 'icmp'> <InPorts = 2> <OutPorts = 1>
ST_14 : Operation 244 [1/1] (2.13ns)   --->   "%tmp_9_7 = icmp slt i16 %x_7_V_load, -16384" [bi_lstm/src/rnn.cpp:55]   --->   Operation 244 'icmp' 'tmp_9_7' <Predicate = true> <Delay = 2.13> <Core = "Cmp">   --->   Core 25 'Cmp' <Latency = 0> <II = 1> <Delay = 2.13> <FuncUnit> <Opcode : 'icmp'> <InPorts = 2> <OutPorts = 1>
ST_14 : Operation 245 [1/1] (0.00ns)   --->   "%tmp_63 = call i12 @_ssdm_op_PartSelect.i12.i16.i32.i32(i16 %x_7_V_load, i32 4, i32 15)" [bi_lstm/src/rnn.cpp:57]   --->   Operation 245 'partselect' 'tmp_63' <Predicate = true> <Delay = 0.00>
ST_14 : Operation 246 [1/1] (0.00ns)   --->   "%lhs_V_7_cast = sext i12 %tmp_63 to i13" [bi_lstm/src/rnn.cpp:57]   --->   Operation 246 'sext' 'lhs_V_7_cast' <Predicate = true> <Delay = 0.00>
ST_14 : Operation 247 [1/1] (1.54ns)   --->   "%ret_V_7 = add i13 1024, %lhs_V_7_cast" [bi_lstm/src/rnn.cpp:57]   --->   Operation 247 'add' 'ret_V_7' <Predicate = true> <Delay = 1.54> <Core = "AddSub">   --->   Core 14 'AddSub' <Latency = 0> <II = 1> <Delay = 1.30> <FuncUnit> <Opcode : 'add' 'sub'> <InPorts = 2> <OutPorts = 1>
ST_14 : Operation 248 [1/1] (0.00ns)   --->   "%p_shl_7 = call i24 @_ssdm_op_BitConcatenate.i24.i13.i11(i13 %ret_V_7, i11 0)" [bi_lstm/src/rnn.cpp:57]   --->   Operation 248 'bitconcatenate' 'p_shl_7' <Predicate = true> <Delay = 0.00>
ST_14 : Operation 249 [1/1] (0.00ns)   --->   "%p_shl2_7 = call i16 @_ssdm_op_BitConcatenate.i16.i13.i3(i13 %ret_V_7, i3 0)" [bi_lstm/src/rnn.cpp:57]   --->   Operation 249 'bitconcatenate' 'p_shl2_7' <Predicate = true> <Delay = 0.00>
ST_14 : Operation 250 [1/1] (0.00ns)   --->   "%p_shl2_7_cast = sext i16 %p_shl2_7 to i24" [bi_lstm/src/rnn.cpp:57]   --->   Operation 250 'sext' 'p_shl2_7_cast' <Predicate = true> <Delay = 0.00>
ST_14 : Operation 251 [1/1] (1.68ns)   --->   "%r_V_4_7 = sub i24 %p_shl_7, %p_shl2_7_cast" [bi_lstm/src/rnn.cpp:57]   --->   Operation 251 'sub' 'r_V_4_7' <Predicate = true> <Delay = 1.68> <Core = "AddSub">   --->   Core 14 'AddSub' <Latency = 0> <II = 1> <Delay = 1.30> <FuncUnit> <Opcode : 'add' 'sub'> <InPorts = 2> <OutPorts = 1>
ST_14 : Operation 252 [1/1] (0.00ns) (grouped into LUT with out node tmp_98)   --->   "%tmp_114 = call i1 @_ssdm_op_BitSelect.i1.i24.i32(i24 %r_V_4_7, i32 23)" [bi_lstm/src/rnn.cpp:57]   --->   Operation 252 'bitselect' 'tmp_114' <Predicate = true> <Delay = 0.00>
ST_14 : Operation 253 [1/1] (0.00ns)   --->   "%tmp_115 = trunc i24 %r_V_4_7 to i14" [bi_lstm/src/rnn.cpp:57]   --->   Operation 253 'trunc' 'tmp_115' <Predicate = true> <Delay = 0.00>
ST_14 : Operation 254 [1/1] (1.98ns)   --->   "%tmp_12_7 = icmp eq i14 %tmp_115, 0" [bi_lstm/src/rnn.cpp:57]   --->   Operation 254 'icmp' 'tmp_12_7' <Predicate = true> <Delay = 1.98> <Core = "Cmp">   --->   Core 25 'Cmp' <Latency = 0> <II = 1> <Delay = 2.13> <FuncUnit> <Opcode : 'icmp'> <InPorts = 2> <OutPorts = 1>
ST_14 : Operation 255 [1/1] (0.00ns)   --->   "%tmp_95 = call i8 @_ssdm_op_PartSelect.i8.i24.i32.i32(i24 %r_V_4_7, i32 14, i32 21)" [bi_lstm/src/rnn.cpp:57]   --->   Operation 255 'partselect' 'tmp_95' <Predicate = true> <Delay = 0.00>
ST_14 : Operation 256 [1/1] (1.30ns)   --->   "%tmp_96 = add i8 1, %tmp_95" [bi_lstm/src/rnn.cpp:57]   --->   Operation 256 'add' 'tmp_96' <Predicate = true> <Delay = 1.30> <Core = "AddSub">   --->   Core 14 'AddSub' <Latency = 0> <II = 1> <Delay = 1.30> <FuncUnit> <Opcode : 'add' 'sub'> <InPorts = 2> <OutPorts = 1>
ST_14 : Operation 257 [1/1] (0.00ns) (grouped into LUT with out node tmp_98)   --->   "%tmp_97 = select i1 %tmp_12_7, i8 %tmp_95, i8 %tmp_96" [bi_lstm/src/rnn.cpp:57]   --->   Operation 257 'select' 'tmp_97' <Predicate = true> <Delay = 0.00> <Core = "Sel">   --->   Core 26 'Sel' <Latency = 0> <II = 1> <Delay = 0.44> <FuncUnit> <Opcode : 'select'> <InPorts = 3> <OutPorts = 1>
ST_14 : Operation 258 [1/1] (0.44ns) (out node of the LUT)   --->   "%tmp_98 = select i1 %tmp_114, i8 %tmp_97, i8 %tmp_95" [bi_lstm/src/rnn.cpp:57]   --->   Operation 258 'select' 'tmp_98' <Predicate = true> <Delay = 0.44> <Core = "Sel">   --->   Core 26 'Sel' <Latency = 0> <II = 1> <Delay = 0.44> <FuncUnit> <Opcode : 'select'> <InPorts = 3> <OutPorts = 1>

State 15 <SV = 14> <Delay = 5.32>
ST_15 : Operation 259 [1/2] (2.77ns)   --->   "%sigmoid_lut_V_load_6 = load i15* %sigmoid_lut_V_addr_6, align 2" [bi_lstm/src/rnn.cpp:58]   --->   Operation 259 'load' 'sigmoid_lut_V_load_6' <Predicate = true> <Delay = 2.77> <Core = "ROM_1P_BRAM">   --->   Core 61 'ROM_1P_BRAM' <Latency = 1> <II = 1> <Delay = 2.77> <Storage> <Opcode : 'load'> <Ports = 1> <Width = 15> <Depth = 256> <ROM>
ST_15 : Operation 260 [1/1] (0.00ns) (grouped into LUT with out node storemerge1_6)   --->   "%tmp_6_44 = call i11 @_ssdm_op_PartSelect.i11.i15.i32.i32(i15 %sigmoid_lut_V_load_6, i32 4, i32 14)" [bi_lstm/src/rnn.cpp:58]   --->   Operation 260 'partselect' 'tmp_6_44' <Predicate = true> <Delay = 0.00>
ST_15 : Operation 261 [1/1] (0.00ns) (grouped into LUT with out node storemerge1_6)   --->   "%tmp_61 = zext i11 %tmp_6_44 to i12" [bi_lstm/src/rnn.cpp:58]   --->   Operation 261 'zext' 'tmp_61' <Predicate = true> <Delay = 0.00>
ST_15 : Operation 262 [1/1] (0.00ns) (grouped into LUT with out node sel_tmp19)   --->   "%sel_tmp18 = xor i1 %tmp_6, true" [bi_lstm/src/rnn.cpp:54]   --->   Operation 262 'xor' 'sel_tmp18' <Predicate = true> <Delay = 0.00> <Core = "LogicGate">   --->   Core 27 'LogicGate' <Latency = 0> <II = 1> <Delay = 0.80> <FuncUnit> <Opcode : 'and' 'or' 'xor'> <InPorts = 2> <OutPorts = 1>
ST_15 : Operation 263 [1/1] (0.80ns) (out node of the LUT)   --->   "%sel_tmp19 = and i1 %tmp_9_6, %sel_tmp18" [bi_lstm/src/rnn.cpp:55]   --->   Operation 263 'and' 'sel_tmp19' <Predicate = true> <Delay = 0.80> <Core = "LogicGate">   --->   Core 27 'LogicGate' <Latency = 0> <II = 1> <Delay = 0.80> <FuncUnit> <Opcode : 'and' 'or' 'xor'> <InPorts = 2> <OutPorts = 1>
ST_15 : Operation 264 [1/1] (0.00ns) (grouped into LUT with out node storemerge1_6)   --->   "%sel_tmp20 = select i1 %sel_tmp19, i12 0, i12 -2048" [bi_lstm/src/rnn.cpp:58]   --->   Operation 264 'select' 'sel_tmp20' <Predicate = true> <Delay = 0.00> <Core = "Sel">   --->   Core 26 'Sel' <Latency = 0> <II = 1> <Delay = 0.44> <FuncUnit> <Opcode : 'select'> <InPorts = 3> <OutPorts = 1>
ST_15 : Operation 265 [1/1] (0.00ns) (grouped into LUT with out node storemerge1_6)   --->   "%tmp_94 = or i1 %sel_tmp19, %tmp_6" [bi_lstm/src/rnn.cpp:58]   --->   Operation 265 'or' 'tmp_94' <Predicate = true> <Delay = 0.00> <Core = "LogicGate">   --->   Core 27 'LogicGate' <Latency = 0> <II = 1> <Delay = 0.80> <FuncUnit> <Opcode : 'and' 'or' 'xor'> <InPorts = 2> <OutPorts = 1>
ST_15 : Operation 266 [1/1] (0.80ns) (out node of the LUT)   --->   "%storemerge1_6 = select i1 %tmp_94, i12 %sel_tmp20, i12 %tmp_61" [bi_lstm/src/rnn.cpp:58]   --->   Operation 266 'select' 'storemerge1_6' <Predicate = true> <Delay = 0.80> <Core = "Sel">   --->   Core 26 'Sel' <Latency = 0> <II = 1> <Delay = 0.44> <FuncUnit> <Opcode : 'select'> <InPorts = 3> <OutPorts = 1>
ST_15 : Operation 267 [1/1] (0.00ns)   --->   "%storemerge1_6_cast = zext i12 %storemerge1_6 to i16" [bi_lstm/src/rnn.cpp:54]   --->   Operation 267 'zext' 'storemerge1_6_cast' <Predicate = true> <Delay = 0.00>
ST_15 : Operation 268 [1/1] (1.75ns)   --->   "store i16 %storemerge1_6_cast, i16* %x_6_V_addr, align 2" [bi_lstm/src/rnn.cpp:54]   --->   Operation 268 'store' <Predicate = true> <Delay = 1.75> <Core = "RAM">   --->   Core 37 'RAM' <Latency = 1> <II = 1> <Delay = 2.77> <Storage> <Opcode : 'load' 'store'> <Ports = 2> <Width = 32> <Depth = 3900> <RAM>
ST_15 : Operation 269 [1/1] (0.00ns)   --->   "%tmp_13_7 = zext i8 %tmp_98 to i64" [bi_lstm/src/rnn.cpp:58]   --->   Operation 269 'zext' 'tmp_13_7' <Predicate = true> <Delay = 0.00>
ST_15 : Operation 270 [1/1] (0.00ns)   --->   "%sigmoid_lut_V_addr_7 = getelementptr [256 x i15]* @sigmoid_lut_V, i64 0, i64 %tmp_13_7" [bi_lstm/src/rnn.cpp:58]   --->   Operation 270 'getelementptr' 'sigmoid_lut_V_addr_7' <Predicate = true> <Delay = 0.00>
ST_15 : Operation 271 [2/2] (2.77ns)   --->   "%sigmoid_lut_V_load_7 = load i15* %sigmoid_lut_V_addr_7, align 2" [bi_lstm/src/rnn.cpp:58]   --->   Operation 271 'load' 'sigmoid_lut_V_load_7' <Predicate = true> <Delay = 2.77> <Core = "ROM_1P_BRAM">   --->   Core 61 'ROM_1P_BRAM' <Latency = 1> <II = 1> <Delay = 2.77> <Storage> <Opcode : 'load'> <Ports = 1> <Width = 15> <Depth = 256> <ROM>

State 16 <SV = 15> <Delay = 5.32>
ST_16 : Operation 272 [1/2] (2.77ns)   --->   "%sigmoid_lut_V_load_7 = load i15* %sigmoid_lut_V_addr_7, align 2" [bi_lstm/src/rnn.cpp:58]   --->   Operation 272 'load' 'sigmoid_lut_V_load_7' <Predicate = true> <Delay = 2.77> <Core = "ROM_1P_BRAM">   --->   Core 61 'ROM_1P_BRAM' <Latency = 1> <II = 1> <Delay = 2.77> <Storage> <Opcode : 'load'> <Ports = 1> <Width = 15> <Depth = 256> <ROM>
ST_16 : Operation 273 [1/1] (0.00ns) (grouped into LUT with out node storemerge1_7)   --->   "%tmp_7_45 = call i11 @_ssdm_op_PartSelect.i11.i15.i32.i32(i15 %sigmoid_lut_V_load_7, i32 4, i32 14)" [bi_lstm/src/rnn.cpp:58]   --->   Operation 273 'partselect' 'tmp_7_45' <Predicate = true> <Delay = 0.00>
ST_16 : Operation 274 [1/1] (0.00ns) (grouped into LUT with out node storemerge1_7)   --->   "%tmp_65 = zext i11 %tmp_7_45 to i12" [bi_lstm/src/rnn.cpp:58]   --->   Operation 274 'zext' 'tmp_65' <Predicate = true> <Delay = 0.00>
ST_16 : Operation 275 [1/1] (0.00ns) (grouped into LUT with out node sel_tmp22)   --->   "%sel_tmp21 = xor i1 %tmp_7, true" [bi_lstm/src/rnn.cpp:54]   --->   Operation 275 'xor' 'sel_tmp21' <Predicate = true> <Delay = 0.00> <Core = "LogicGate">   --->   Core 27 'LogicGate' <Latency = 0> <II = 1> <Delay = 0.80> <FuncUnit> <Opcode : 'and' 'or' 'xor'> <InPorts = 2> <OutPorts = 1>
ST_16 : Operation 276 [1/1] (0.80ns) (out node of the LUT)   --->   "%sel_tmp22 = and i1 %tmp_9_7, %sel_tmp21" [bi_lstm/src/rnn.cpp:55]   --->   Operation 276 'and' 'sel_tmp22' <Predicate = true> <Delay = 0.80> <Core = "LogicGate">   --->   Core 27 'LogicGate' <Latency = 0> <II = 1> <Delay = 0.80> <FuncUnit> <Opcode : 'and' 'or' 'xor'> <InPorts = 2> <OutPorts = 1>
ST_16 : Operation 277 [1/1] (0.00ns) (grouped into LUT with out node storemerge1_7)   --->   "%sel_tmp23 = select i1 %sel_tmp22, i12 0, i12 -2048" [bi_lstm/src/rnn.cpp:58]   --->   Operation 277 'select' 'sel_tmp23' <Predicate = true> <Delay = 0.00> <Core = "Sel">   --->   Core 26 'Sel' <Latency = 0> <II = 1> <Delay = 0.44> <FuncUnit> <Opcode : 'select'> <InPorts = 3> <OutPorts = 1>
ST_16 : Operation 278 [1/1] (0.00ns) (grouped into LUT with out node storemerge1_7)   --->   "%tmp_99 = or i1 %sel_tmp22, %tmp_7" [bi_lstm/src/rnn.cpp:58]   --->   Operation 278 'or' 'tmp_99' <Predicate = true> <Delay = 0.00> <Core = "LogicGate">   --->   Core 27 'LogicGate' <Latency = 0> <II = 1> <Delay = 0.80> <FuncUnit> <Opcode : 'and' 'or' 'xor'> <InPorts = 2> <OutPorts = 1>
ST_16 : Operation 279 [1/1] (0.80ns) (out node of the LUT)   --->   "%storemerge1_7 = select i1 %tmp_99, i12 %sel_tmp23, i12 %tmp_65" [bi_lstm/src/rnn.cpp:58]   --->   Operation 279 'select' 'storemerge1_7' <Predicate = true> <Delay = 0.80> <Core = "Sel">   --->   Core 26 'Sel' <Latency = 0> <II = 1> <Delay = 0.44> <FuncUnit> <Opcode : 'select'> <InPorts = 3> <OutPorts = 1>
ST_16 : Operation 280 [1/1] (0.00ns)   --->   "%storemerge1_7_cast = zext i12 %storemerge1_7 to i16" [bi_lstm/src/rnn.cpp:54]   --->   Operation 280 'zext' 'storemerge1_7_cast' <Predicate = true> <Delay = 0.00>
ST_16 : Operation 281 [1/1] (1.75ns)   --->   "store i16 %storemerge1_7_cast, i16* %x_7_V_addr, align 2" [bi_lstm/src/rnn.cpp:54]   --->   Operation 281 'store' <Predicate = true> <Delay = 1.75> <Core = "RAM">   --->   Core 37 'RAM' <Latency = 1> <II = 1> <Delay = 2.77> <Storage> <Opcode : 'load' 'store'> <Ports = 2> <Width = 32> <Depth = 3900> <RAM>
ST_16 : Operation 282 [1/1] (0.00ns)   --->   "br label %_ZN8ap_fixedILi16ELi5EL9ap_q_mode5EL9ap_o_mode3ELi0EEC1Ei.exit.0" [bi_lstm/src/rnn.cpp:52]   --->   Operation 282 'br' <Predicate = true> <Delay = 0.00>


============================================================
+ Verbose Summary: Binding
============================================================
STG Binding: 
---------------- STG Properties BEGIN ----------------
- Is combinational: 0
- Is one-state seq: 0
- Is datapath-only: 0
- Is pipelined: 0
- Is top level: 0
Port [ Return ] is wired: 1; IO mode=ap_ctrl_hs:ce=0
Port [ res_0_V]:  wired=1; compound=1; hidden=0; nouse=0; global=0; static=0; extern=0; dir=2; type=1; pingpong=0; private_global=0; MemPort=[23]; IO mode=ap_memory:ce=0
Port [ res_1_V]:  wired=1; compound=1; hidden=0; nouse=0; global=0; static=0; extern=0; dir=2; type=1; pingpong=0; private_global=0; MemPort=[23]; IO mode=ap_memory:ce=0
Port [ res_2_V]:  wired=1; compound=1; hidden=0; nouse=0; global=0; static=0; extern=0; dir=2; type=1; pingpong=0; private_global=0; MemPort=[23]; IO mode=ap_memory:ce=0
Port [ res_3_V]:  wired=1; compound=1; hidden=0; nouse=0; global=0; static=0; extern=0; dir=2; type=1; pingpong=0; private_global=0; MemPort=[23]; IO mode=ap_memory:ce=0
Port [ res_4_V]:  wired=1; compound=1; hidden=0; nouse=0; global=0; static=0; extern=0; dir=2; type=1; pingpong=0; private_global=0; MemPort=[23]; IO mode=ap_memory:ce=0
Port [ res_5_V]:  wired=1; compound=1; hidden=0; nouse=0; global=0; static=0; extern=0; dir=2; type=1; pingpong=0; private_global=0; MemPort=[23]; IO mode=ap_memory:ce=0
Port [ res_6_V]:  wired=1; compound=1; hidden=0; nouse=0; global=0; static=0; extern=0; dir=2; type=1; pingpong=0; private_global=0; MemPort=[23]; IO mode=ap_memory:ce=0
Port [ res_7_V]:  wired=1; compound=1; hidden=0; nouse=0; global=0; static=0; extern=0; dir=2; type=1; pingpong=0; private_global=0; MemPort=[23]; IO mode=ap_memory:ce=0
Port [ sigmoid_lut_V]:  wired=0; compound=1; hidden=1; nouse=0; global=1; static=1; extern=0; dir=0; type=1; pingpong=0; private_global=0; linkage=7; visibility=0; MemPort=[1]; IO mode=ap_memory:ce=0
---------------- STG Properties END ------------------

---------------- Datapath Model BEGIN ----------------

<LifeTime>
<method=bitvector/>
StgValue_17          (specmemcore      ) [ 00000000000000000]
StgValue_18          (br               ) [ 01111111111111111]
i                    (phi              ) [ 00111111100000000]
newIndex             (partselect       ) [ 00000000000000000]
newIndex2            (zext             ) [ 00011111100000000]
x_0_V_addr           (getelementptr    ) [ 00011110000000000]
empty                (speclooptripcount) [ 00000000000000000]
x_0_V_load           (load             ) [ 00000000000000000]
tmp_s                (icmp             ) [ 00111111111111111]
StgValue_27          (br               ) [ 00111111111111111]
tmp_9                (icmp             ) [ 00111111111111111]
StgValue_29          (br               ) [ 00111111111111111]
tmp_35               (partselect       ) [ 00000000000000000]
lhs_V_cast           (sext             ) [ 00000000000000000]
ret_V                (add              ) [ 00000000000000000]
p_shl                (bitconcatenate   ) [ 00000000000000000]
p_shl2               (bitconcatenate   ) [ 00000000000000000]
p_shl2_cast          (sext             ) [ 00000000000000000]
r_V_4                (sub              ) [ 00000000000000000]
tmp_100              (bitselect        ) [ 00000000000000000]
tmp_101              (trunc            ) [ 00000000000000000]
tmp_12               (icmp             ) [ 00000000000000000]
tmp_58               (partselect       ) [ 00000000000000000]
tmp_60               (add              ) [ 00000000000000000]
tmp_62               (select           ) [ 00000000000000000]
tmp_64               (select           ) [ 00001000000000000]
tmp_13               (zext             ) [ 00000000000000000]
sigmoid_lut_V_addr   (getelementptr    ) [ 00110111111111111]
sigmoid_lut_V_load   (load             ) [ 00000000000000000]
tmp                  (partselect       ) [ 00000000000000000]
tmp_37               (zext             ) [ 00111111111111111]
StgValue_50          (br               ) [ 00111111111111111]
x_1_V_addr           (getelementptr    ) [ 00000011100000000]
storemerge1          (phi              ) [ 00000010000000000]
storemerge1_cast     (zext             ) [ 00000000000000000]
StgValue_55          (store            ) [ 00000000000000000]
x_1_V_load           (load             ) [ 00000000000000000]
tmp_1_46             (icmp             ) [ 00111111111111111]
StgValue_58          (br               ) [ 00111111111111111]
tmp_9_1              (icmp             ) [ 00111111111111111]
StgValue_60          (br               ) [ 00111111111111111]
tmp_39               (partselect       ) [ 00000000000000000]
lhs_V_1_cast         (sext             ) [ 00000000000000000]
ret_V_1              (add              ) [ 00000000000000000]
p_shl_1              (bitconcatenate   ) [ 00000000000000000]
p_shl2_1             (bitconcatenate   ) [ 00000000000000000]
p_shl2_1_cast        (sext             ) [ 00000000000000000]
r_V_4_1              (sub              ) [ 00000000000000000]
tmp_102              (bitselect        ) [ 00000000000000000]
tmp_103              (trunc            ) [ 00000000000000000]
tmp_12_1             (icmp             ) [ 00000000000000000]
tmp_66               (partselect       ) [ 00000000000000000]
tmp_67               (add              ) [ 00000000000000000]
tmp_68               (select           ) [ 00000000000000000]
tmp_69               (select           ) [ 00000001000000000]
tmp_13_1             (zext             ) [ 00000000000000000]
sigmoid_lut_V_addr_1 (getelementptr    ) [ 00111110111111111]
sigmoid_lut_V_load_1 (load             ) [ 00000000000000000]
tmp_1                (partselect       ) [ 00000000000000000]
tmp_41               (zext             ) [ 00000000000000000]
StgValue_81          (br               ) [ 00000000000000000]
storemerge1_1        (phi              ) [ 00000000100000000]
storemerge1_1_cast   (zext             ) [ 00000000000000000]
StgValue_84          (store            ) [ 00000000000000000]
i_3_s                (or               ) [ 00000000000000000]
exitcond_2           (icmp             ) [ 00111111111111111]
StgValue_87          (br               ) [ 00000000000000000]
x_2_V_addr           (getelementptr    ) [ 00000000011100000]
x_3_V_addr           (getelementptr    ) [ 00000000011110000]
x_4_V_addr           (getelementptr    ) [ 00000000011111000]
x_5_V_addr           (getelementptr    ) [ 00000000011111100]
x_6_V_addr           (getelementptr    ) [ 00000000011111110]
x_7_V_addr           (getelementptr    ) [ 00000000011111111]
i_3_7                (add              ) [ 01100000011111111]
StgValue_96          (ret              ) [ 00000000000000000]
x_2_V_load           (load             ) [ 00000000000000000]
tmp_2                (icmp             ) [ 00000000001100000]
tmp_9_2              (icmp             ) [ 00000000001100000]
tmp_43               (partselect       ) [ 00000000000000000]
lhs_V_2_cast         (sext             ) [ 00000000000000000]
ret_V_2              (add              ) [ 00000000000000000]
p_shl_2              (bitconcatenate   ) [ 00000000000000000]
p_shl2_2             (bitconcatenate   ) [ 00000000000000000]
p_shl2_2_cast        (sext             ) [ 00000000000000000]
r_V_4_2              (sub              ) [ 00000000000000000]
tmp_104              (bitselect        ) [ 00000000000000000]
tmp_105              (trunc            ) [ 00000000000000000]
tmp_12_2             (icmp             ) [ 00000000000000000]
tmp_70               (partselect       ) [ 00000000000000000]
tmp_71               (add              ) [ 00000000000000000]
tmp_72               (select           ) [ 00000000000000000]
tmp_73               (select           ) [ 00000000001000000]
tmp_13_2             (zext             ) [ 00000000000000000]
sigmoid_lut_V_addr_2 (getelementptr    ) [ 00000000000100000]
x_3_V_load           (load             ) [ 00000000000000000]
tmp_3                (icmp             ) [ 00000000000110000]
tmp_9_3              (icmp             ) [ 00000000000110000]
tmp_47               (partselect       ) [ 00000000000000000]
lhs_V_3_cast         (sext             ) [ 00000000000000000]
ret_V_3              (add              ) [ 00000000000000000]
p_shl_3              (bitconcatenate   ) [ 00000000000000000]
p_shl2_3             (bitconcatenate   ) [ 00000000000000000]
p_shl2_3_cast        (sext             ) [ 00000000000000000]
r_V_4_3              (sub              ) [ 00000000000000000]
tmp_106              (bitselect        ) [ 00000000000000000]
tmp_107              (trunc            ) [ 00000000000000000]
tmp_12_3             (icmp             ) [ 00000000000000000]
tmp_75               (partselect       ) [ 00000000000000000]
tmp_76               (add              ) [ 00000000000000000]
tmp_77               (select           ) [ 00000000000000000]
tmp_78               (select           ) [ 00000000000100000]
sigmoid_lut_V_load_2 (load             ) [ 00000000000000000]
tmp_2_40             (partselect       ) [ 00000000000000000]
tmp_45               (zext             ) [ 00000000000000000]
sel_tmp1             (xor              ) [ 00000000000000000]
sel_tmp2             (and              ) [ 00000000000000000]
sel_tmp              (select           ) [ 00000000000000000]
tmp_74               (or               ) [ 00000000000000000]
storemerge1_2        (select           ) [ 00000000000000000]
storemerge1_2_cast   (zext             ) [ 00000000000000000]
StgValue_145         (store            ) [ 00000000000000000]
tmp_13_3             (zext             ) [ 00000000000000000]
sigmoid_lut_V_addr_3 (getelementptr    ) [ 00000000000010000]
x_4_V_load           (load             ) [ 00000000000000000]
tmp_4                (icmp             ) [ 00000000000011000]
tmp_9_4              (icmp             ) [ 00000000000011000]
tmp_51               (partselect       ) [ 00000000000000000]
lhs_V_4_cast         (sext             ) [ 00000000000000000]
ret_V_s              (add              ) [ 00000000000000000]
p_shl_4              (bitconcatenate   ) [ 00000000000000000]
p_shl2_4             (bitconcatenate   ) [ 00000000000000000]
p_shl2_4_cast        (sext             ) [ 00000000000000000]
r_V_4_4              (sub              ) [ 00000000000000000]
tmp_108              (bitselect        ) [ 00000000000000000]
tmp_109              (trunc            ) [ 00000000000000000]
tmp_12_4             (icmp             ) [ 00000000000000000]
tmp_80               (partselect       ) [ 00000000000000000]
tmp_81               (add              ) [ 00000000000000000]
tmp_82               (select           ) [ 00000000000000000]
tmp_83               (select           ) [ 00000000000010000]
sigmoid_lut_V_load_3 (load             ) [ 00000000000000000]
tmp_3_41             (partselect       ) [ 00000000000000000]
tmp_49               (zext             ) [ 00000000000000000]
sel_tmp6             (xor              ) [ 00000000000000000]
sel_tmp7             (and              ) [ 00000000000000000]
sel_tmp5             (select           ) [ 00000000000000000]
tmp_79               (or               ) [ 00000000000000000]
storemerge1_3        (select           ) [ 00000000000000000]
storemerge1_3_cast   (zext             ) [ 00000000000000000]
StgValue_176         (store            ) [ 00000000000000000]
tmp_13_4             (zext             ) [ 00000000000000000]
sigmoid_lut_V_addr_4 (getelementptr    ) [ 00000000000001000]
x_5_V_load           (load             ) [ 00000000000000000]
tmp_5                (icmp             ) [ 00000000000001100]
tmp_9_5              (icmp             ) [ 00000000000001100]
tmp_55               (partselect       ) [ 00000000000000000]
lhs_V_5_cast         (sext             ) [ 00000000000000000]
ret_V_5              (add              ) [ 00000000000000000]
p_shl_5              (bitconcatenate   ) [ 00000000000000000]
p_shl2_5             (bitconcatenate   ) [ 00000000000000000]
p_shl2_5_cast        (sext             ) [ 00000000000000000]
r_V_4_5              (sub              ) [ 00000000000000000]
tmp_110              (bitselect        ) [ 00000000000000000]
tmp_111              (trunc            ) [ 00000000000000000]
tmp_12_5             (icmp             ) [ 00000000000000000]
tmp_85               (partselect       ) [ 00000000000000000]
tmp_86               (add              ) [ 00000000000000000]
tmp_87               (select           ) [ 00000000000000000]
tmp_88               (select           ) [ 00000000000001000]
sigmoid_lut_V_load_4 (load             ) [ 00000000000000000]
tmp_4_42             (partselect       ) [ 00000000000000000]
tmp_53               (zext             ) [ 00000000000000000]
sel_tmp11            (xor              ) [ 00000000000000000]
sel_tmp12            (and              ) [ 00000000000000000]
sel_tmp10            (select           ) [ 00000000000000000]
tmp_84               (or               ) [ 00000000000000000]
storemerge1_4        (select           ) [ 00000000000000000]
storemerge1_4_cast   (zext             ) [ 00000000000000000]
StgValue_207         (store            ) [ 00000000000000000]
tmp_13_5             (zext             ) [ 00000000000000000]
sigmoid_lut_V_addr_5 (getelementptr    ) [ 00000000000000100]
x_6_V_load           (load             ) [ 00000000000000000]
tmp_6                (icmp             ) [ 00000000000000110]
tmp_9_6              (icmp             ) [ 00000000000000110]
tmp_59               (partselect       ) [ 00000000000000000]
lhs_V_6_cast         (sext             ) [ 00000000000000000]
ret_V_6              (add              ) [ 00000000000000000]
p_shl_6              (bitconcatenate   ) [ 00000000000000000]
p_shl2_6             (bitconcatenate   ) [ 00000000000000000]
p_shl2_6_cast        (sext             ) [ 00000000000000000]
r_V_4_6              (sub              ) [ 00000000000000000]
tmp_112              (bitselect        ) [ 00000000000000000]
tmp_113              (trunc            ) [ 00000000000000000]
tmp_12_6             (icmp             ) [ 00000000000000000]
tmp_90               (partselect       ) [ 00000000000000000]
tmp_91               (add              ) [ 00000000000000000]
tmp_92               (select           ) [ 00000000000000000]
tmp_93               (select           ) [ 00000000000000100]
sigmoid_lut_V_load_5 (load             ) [ 00000000000000000]
tmp_5_43             (partselect       ) [ 00000000000000000]
tmp_57               (zext             ) [ 00000000000000000]
sel_tmp16            (xor              ) [ 00000000000000000]
sel_tmp17            (and              ) [ 00000000000000000]
sel_tmp15            (select           ) [ 00000000000000000]
tmp_89               (or               ) [ 00000000000000000]
storemerge1_5        (select           ) [ 00000000000000000]
storemerge1_5_cast   (zext             ) [ 00000000000000000]
StgValue_238         (store            ) [ 00000000000000000]
tmp_13_6             (zext             ) [ 00000000000000000]
sigmoid_lut_V_addr_6 (getelementptr    ) [ 00000000000000010]
x_7_V_load           (load             ) [ 00000000000000000]
tmp_7                (icmp             ) [ 00000000000000011]
tmp_9_7              (icmp             ) [ 00000000000000011]
tmp_63               (partselect       ) [ 00000000000000000]
lhs_V_7_cast         (sext             ) [ 00000000000000000]
ret_V_7              (add              ) [ 00000000000000000]
p_shl_7              (bitconcatenate   ) [ 00000000000000000]
p_shl2_7             (bitconcatenate   ) [ 00000000000000000]
p_shl2_7_cast        (sext             ) [ 00000000000000000]
r_V_4_7              (sub              ) [ 00000000000000000]
tmp_114              (bitselect        ) [ 00000000000000000]
tmp_115              (trunc            ) [ 00000000000000000]
tmp_12_7             (icmp             ) [ 00000000000000000]
tmp_95               (partselect       ) [ 00000000000000000]
tmp_96               (add              ) [ 00000000000000000]
tmp_97               (select           ) [ 00000000000000000]
tmp_98               (select           ) [ 00000000000000010]
sigmoid_lut_V_load_6 (load             ) [ 00000000000000000]
tmp_6_44             (partselect       ) [ 00000000000000000]
tmp_61               (zext             ) [ 00000000000000000]
sel_tmp18            (xor              ) [ 00000000000000000]
sel_tmp19            (and              ) [ 00000000000000000]
sel_tmp20            (select           ) [ 00000000000000000]
tmp_94               (or               ) [ 00000000000000000]
storemerge1_6        (select           ) [ 00000000000000000]
storemerge1_6_cast   (zext             ) [ 00000000000000000]
StgValue_268         (store            ) [ 00000000000000000]
tmp_13_7             (zext             ) [ 00000000000000000]
sigmoid_lut_V_addr_7 (getelementptr    ) [ 00000000000000001]
sigmoid_lut_V_load_7 (load             ) [ 00000000000000000]
tmp_7_45             (partselect       ) [ 00000000000000000]
tmp_65               (zext             ) [ 00000000000000000]
sel_tmp21            (xor              ) [ 00000000000000000]
sel_tmp22            (and              ) [ 00000000000000000]
sel_tmp23            (select           ) [ 00000000000000000]
tmp_99               (or               ) [ 00000000000000000]
storemerge1_7        (select           ) [ 00000000000000000]
storemerge1_7_cast   (zext             ) [ 00000000000000000]
StgValue_281         (store            ) [ 00000000000000000]
StgValue_282         (br               ) [ 01111111111111111]
</LifeTime>

<model>

<comp_list>
<comp id="0" class="1000" name="res_0_V">
<pin_list>
<pin id="1" dir="1" index="0" bw="1" slack="0"/>
</pin_list>
<bind>
<StgValue><ssdm name="res_0_V"/><MemPortTyVec>2 3 </MemPortTyVec>
</StgValue>
</bind>
</comp>

<comp id="2" class="1000" name="res_1_V">
<pin_list>
<pin id="3" dir="1" index="0" bw="1" slack="0"/>
</pin_list>
<bind>
<StgValue><ssdm name="res_1_V"/><MemPortTyVec>2 3 </MemPortTyVec>
</StgValue>
</bind>
</comp>

<comp id="4" class="1000" name="res_2_V">
<pin_list>
<pin id="5" dir="1" index="0" bw="1" slack="0"/>
</pin_list>
<bind>
<StgValue><ssdm name="res_2_V"/><MemPortTyVec>2 3 </MemPortTyVec>
</StgValue>
</bind>
</comp>

<comp id="6" class="1000" name="res_3_V">
<pin_list>
<pin id="7" dir="1" index="0" bw="1" slack="0"/>
</pin_list>
<bind>
<StgValue><ssdm name="res_3_V"/><MemPortTyVec>2 3 </MemPortTyVec>
</StgValue>
</bind>
</comp>

<comp id="8" class="1000" name="res_4_V">
<pin_list>
<pin id="9" dir="1" index="0" bw="1" slack="0"/>
</pin_list>
<bind>
<StgValue><ssdm name="res_4_V"/><MemPortTyVec>2 3 </MemPortTyVec>
</StgValue>
</bind>
</comp>

<comp id="10" class="1000" name="res_5_V">
<pin_list>
<pin id="11" dir="1" index="0" bw="1" slack="0"/>
</pin_list>
<bind>
<StgValue><ssdm name="res_5_V"/><MemPortTyVec>2 3 </MemPortTyVec>
</StgValue>
</bind>
</comp>

<comp id="12" class="1000" name="res_6_V">
<pin_list>
<pin id="13" dir="1" index="0" bw="1" slack="0"/>
</pin_list>
<bind>
<StgValue><ssdm name="res_6_V"/><MemPortTyVec>2 3 </MemPortTyVec>
</StgValue>
</bind>
</comp>

<comp id="14" class="1000" name="res_7_V">
<pin_list>
<pin id="15" dir="1" index="0" bw="1" slack="0"/>
</pin_list>
<bind>
<StgValue><ssdm name="res_7_V"/><MemPortTyVec>2 3 </MemPortTyVec>
</StgValue>
</bind>
</comp>

<comp id="16" class="1000" name="sigmoid_lut_V">
<pin_list>
<pin id="17" dir="1" index="0" bw="1" slack="0"/>
</pin_list>
<bind>
<StgValue><ssdm name="sigmoid_lut_V"/><MemPortTyVec>1 </MemPortTyVec>
</StgValue>
</bind>
</comp>

<comp id="18" class="1001" name="const_18">
<pin_list>
<pin id="19" dir="1" index="0" bw="1" slack="2147483647"/>
</pin_list>
<bind>
<StgValue><ssdm name="_ssdm_op_SpecMemCore"/></StgValue>
</bind>
</comp>

<comp id="20" class="1001" name="const_20">
<pin_list>
<pin id="21" dir="1" index="0" bw="1" slack="2147483647"/>
</pin_list>
<bind>
<StgValue><ssdm name="p_str22"/></StgValue>
</bind>
</comp>

<comp id="22" class="1001" name="const_22">
<pin_list>
<pin id="23" dir="1" index="0" bw="1" slack="2147483647"/>
</pin_list>
<bind>
<StgValue><ssdm name="p_str40"/></StgValue>
</bind>
</comp>

<comp id="24" class="1001" name="const_24">
<pin_list>
<pin id="25" dir="1" index="0" bw="1" slack="2147483647"/>
</pin_list>
<bind>
<StgValue><ssdm name=""/></StgValue>
</bind>
</comp>

<comp id="26" class="1001" name="const_26">
<pin_list>
<pin id="27" dir="1" index="0" bw="1" slack="1"/>
</pin_list>
<bind>
<StgValue><ssdm name=""/></StgValue>
</bind>
</comp>

<comp id="28" class="1001" name="const_28">
<pin_list>
<pin id="29" dir="1" index="0" bw="1" slack="0"/>
</pin_list>
<bind>
<StgValue><ssdm name="_ssdm_op_PartSelect.i29.i32.i32.i32"/></StgValue>
</bind>
</comp>

<comp id="30" class="1001" name="const_30">
<pin_list>
<pin id="31" dir="1" index="0" bw="1" slack="0"/>
</pin_list>
<bind>
<StgValue><ssdm name=""/></StgValue>
</bind>
</comp>

<comp id="32" class="1001" name="const_32">
<pin_list>
<pin id="33" dir="1" index="0" bw="1" slack="0"/>
</pin_list>
<bind>
<StgValue><ssdm name=""/></StgValue>
</bind>
</comp>

<comp id="34" class="1001" name="const_34">
<pin_list>
<pin id="35" dir="1" index="0" bw="1" slack="0"/>
</pin_list>
<bind>
<StgValue><ssdm name=""/></StgValue>
</bind>
</comp>

<comp id="36" class="1001" name="const_36">
<pin_list>
<pin id="37" dir="1" index="0" bw="1" slack="2147483647"/>
</pin_list>
<bind>
<StgValue><ssdm name="_ssdm_op_SpecLoopTripCount"/></StgValue>
</bind>
</comp>

<comp id="38" class="1001" name="const_38">
<pin_list>
<pin id="39" dir="1" index="0" bw="1" slack="2147483647"/>
</pin_list>
<bind>
<StgValue><ssdm name=""/></StgValue>
</bind>
</comp>

<comp id="40" class="1001" name="const_40">
<pin_list>
<pin id="41" dir="1" index="0" bw="1" slack="0"/>
</pin_list>
<bind>
<StgValue><ssdm name=""/></StgValue>
</bind>
</comp>

<comp id="42" class="1001" name="const_42">
<pin_list>
<pin id="43" dir="1" index="0" bw="1" slack="0"/>
</pin_list>
<bind>
<StgValue><ssdm name=""/></StgValue>
</bind>
</comp>

<comp id="44" class="1001" name="const_44">
<pin_list>
<pin id="45" dir="1" index="0" bw="1" slack="0"/>
</pin_list>
<bind>
<StgValue><ssdm name="_ssdm_op_PartSelect.i12.i16.i32.i32"/></StgValue>
</bind>
</comp>

<comp id="46" class="1001" name="const_46">
<pin_list>
<pin id="47" dir="1" index="0" bw="1" slack="0"/>
</pin_list>
<bind>
<StgValue><ssdm name=""/></StgValue>
</bind>
</comp>

<comp id="48" class="1001" name="const_48">
<pin_list>
<pin id="49" dir="1" index="0" bw="1" slack="0"/>
</pin_list>
<bind>
<StgValue><ssdm name=""/></StgValue>
</bind>
</comp>

<comp id="50" class="1001" name="const_50">
<pin_list>
<pin id="51" dir="1" index="0" bw="1" slack="0"/>
</pin_list>
<bind>
<StgValue><ssdm name=""/></StgValue>
</bind>
</comp>

<comp id="52" class="1001" name="const_52">
<pin_list>
<pin id="53" dir="1" index="0" bw="1" slack="0"/>
</pin_list>
<bind>
<StgValue><ssdm name="_ssdm_op_BitConcatenate.i24.i13.i11"/></StgValue>
</bind>
</comp>

<comp id="54" class="1001" name="const_54">
<pin_list>
<pin id="55" dir="1" index="0" bw="1" slack="0"/>
</pin_list>
<bind>
<StgValue><ssdm name=""/></StgValue>
</bind>
</comp>

<comp id="56" class="1001" name="const_56">
<pin_list>
<pin id="57" dir="1" index="0" bw="1" slack="0"/>
</pin_list>
<bind>
<StgValue><ssdm name="_ssdm_op_BitConcatenate.i16.i13.i3"/></StgValue>
</bind>
</comp>

<comp id="58" class="1001" name="const_58">
<pin_list>
<pin id="59" dir="1" index="0" bw="1" slack="0"/>
</pin_list>
<bind>
<StgValue><ssdm name=""/></StgValue>
</bind>
</comp>

<comp id="60" class="1001" name="const_60">
<pin_list>
<pin id="61" dir="1" index="0" bw="1" slack="0"/>
</pin_list>
<bind>
<StgValue><ssdm name="_ssdm_op_BitSelect.i1.i24.i32"/></StgValue>
</bind>
</comp>

<comp id="62" class="1001" name="const_62">
<pin_list>
<pin id="63" dir="1" index="0" bw="1" slack="0"/>
</pin_list>
<bind>
<StgValue><ssdm name=""/></StgValue>
</bind>
</comp>

<comp id="64" class="1001" name="const_64">
<pin_list>
<pin id="65" dir="1" index="0" bw="1" slack="0"/>
</pin_list>
<bind>
<StgValue><ssdm name=""/></StgValue>
</bind>
</comp>

<comp id="66" class="1001" name="const_66">
<pin_list>
<pin id="67" dir="1" index="0" bw="1" slack="0"/>
</pin_list>
<bind>
<StgValue><ssdm name="_ssdm_op_PartSelect.i8.i24.i32.i32"/></StgValue>
</bind>
</comp>

<comp id="68" class="1001" name="const_68">
<pin_list>
<pin id="69" dir="1" index="0" bw="1" slack="0"/>
</pin_list>
<bind>
<StgValue><ssdm name=""/></StgValue>
</bind>
</comp>

<comp id="70" class="1001" name="const_70">
<pin_list>
<pin id="71" dir="1" index="0" bw="1" slack="0"/>
</pin_list>
<bind>
<StgValue><ssdm name=""/></StgValue>
</bind>
</comp>

<comp id="72" class="1001" name="const_72">
<pin_list>
<pin id="73" dir="1" index="0" bw="1" slack="0"/>
</pin_list>
<bind>
<StgValue><ssdm name=""/></StgValue>
</bind>
</comp>

<comp id="74" class="1001" name="const_74">
<pin_list>
<pin id="75" dir="1" index="0" bw="1" slack="0"/>
</pin_list>
<bind>
<StgValue><ssdm name="_ssdm_op_PartSelect.i11.i15.i32.i32"/></StgValue>
</bind>
</comp>

<comp id="76" class="1001" name="const_76">
<pin_list>
<pin id="77" dir="1" index="0" bw="1" slack="0"/>
</pin_list>
<bind>
<StgValue><ssdm name=""/></StgValue>
</bind>
</comp>

<comp id="78" class="1001" name="const_78">
<pin_list>
<pin id="79" dir="1" index="0" bw="1" slack="0"/>
</pin_list>
<bind>
<StgValue><ssdm name=""/></StgValue>
</bind>
</comp>

<comp id="80" class="1001" name="const_80">
<pin_list>
<pin id="81" dir="1" index="0" bw="1" slack="0"/>
</pin_list>
<bind>
<StgValue><ssdm name=""/></StgValue>
</bind>
</comp>

<comp id="82" class="1001" name="const_82">
<pin_list>
<pin id="83" dir="1" index="0" bw="1" slack="0"/>
</pin_list>
<bind>
<StgValue><ssdm name=""/></StgValue>
</bind>
</comp>

<comp id="84" class="1001" name="const_84">
<pin_list>
<pin id="85" dir="1" index="0" bw="1" slack="0"/>
</pin_list>
<bind>
<StgValue><ssdm name=""/></StgValue>
</bind>
</comp>

<comp id="86" class="1001" name="const_86">
<pin_list>
<pin id="87" dir="1" index="0" bw="1" slack="0"/>
</pin_list>
<bind>
<StgValue><ssdm name=""/></StgValue>
</bind>
</comp>

<comp id="88" class="1004" name="x_0_V_addr_gep_fu_88">
<pin_list>
<pin id="89" dir="0" index="0" bw="16" slack="0"/>
<pin id="90" dir="0" index="1" bw="1" slack="0"/>
<pin id="91" dir="0" index="2" bw="29" slack="0"/>
<pin id="92" dir="1" index="3" bw="3" slack="0"/>
</pin_list>
<bind>
<opcode="getelementptr(29) " fcode="getelementptr"/>
<opset="x_0_V_addr/2 "/>
</bind>
</comp>

<comp id="95" class="1004" name="grp_access_fu_95">
<pin_list>
<pin id="96" dir="0" index="0" bw="3" slack="0"/>
<pin id="97" dir="0" index="1" bw="16" slack="0"/>
<pin id="98" dir="0" index="2" bw="0" slack="2147483647"/>
<pin id="99" dir="1" index="3" bw="16" slack="0"/>
</pin_list>
<bind>
<opcode="load(27) store(28) " fcode="store"/>
<opset="x_0_V_load/2 StgValue_55/6 "/>
</bind>
</comp>

<comp id="101" class="1004" name="sigmoid_lut_V_addr_gep_fu_101">
<pin_list>
<pin id="102" dir="0" index="0" bw="15" slack="0"/>
<pin id="103" dir="0" index="1" bw="1" slack="0"/>
<pin id="104" dir="0" index="2" bw="8" slack="0"/>
<pin id="105" dir="1" index="3" bw="8" slack="0"/>
</pin_list>
<bind>
<opcode="getelementptr(29) " fcode="getelementptr"/>
<opset="sigmoid_lut_V_addr/4 "/>
</bind>
</comp>

<comp id="108" class="1004" name="grp_access_fu_108">
<pin_list>
<pin id="109" dir="0" index="0" bw="8" slack="0"/>
<pin id="110" dir="0" index="1" bw="15" slack="2147483647"/>
<pin id="111" dir="0" index="2" bw="0" slack="2147483647"/>
<pin id="112" dir="1" index="3" bw="15" slack="0"/>
</pin_list>
<bind>
<opcode="load(27) " fcode="load"/>
<opset="sigmoid_lut_V_load/4 sigmoid_lut_V_load_1/7 sigmoid_lut_V_load_2/10 sigmoid_lut_V_load_3/11 sigmoid_lut_V_load_4/12 sigmoid_lut_V_load_5/13 sigmoid_lut_V_load_6/14 sigmoid_lut_V_load_7/15 "/>
</bind>
</comp>

<comp id="114" class="1004" name="x_1_V_addr_gep_fu_114">
<pin_list>
<pin id="115" dir="0" index="0" bw="16" slack="0"/>
<pin id="116" dir="0" index="1" bw="1" slack="0"/>
<pin id="117" dir="0" index="2" bw="29" slack="3"/>
<pin id="118" dir="1" index="3" bw="3" slack="0"/>
</pin_list>
<bind>
<opcode="getelementptr(29) " fcode="getelementptr"/>
<opset="x_1_V_addr/5 "/>
</bind>
</comp>

<comp id="121" class="1004" name="grp_access_fu_121">
<pin_list>
<pin id="122" dir="0" index="0" bw="3" slack="0"/>
<pin id="123" dir="0" index="1" bw="16" slack="0"/>
<pin id="124" dir="0" index="2" bw="0" slack="2147483647"/>
<pin id="125" dir="1" index="3" bw="16" slack="0"/>
</pin_list>
<bind>
<opcode="load(27) store(28) " fcode="store"/>
<opset="x_1_V_load/5 StgValue_84/8 "/>
</bind>
</comp>

<comp id="127" class="1004" name="sigmoid_lut_V_addr_1_gep_fu_127">
<pin_list>
<pin id="128" dir="0" index="0" bw="15" slack="0"/>
<pin id="129" dir="0" index="1" bw="1" slack="0"/>
<pin id="130" dir="0" index="2" bw="8" slack="0"/>
<pin id="131" dir="1" index="3" bw="8" slack="0"/>
</pin_list>
<bind>
<opcode="getelementptr(29) " fcode="getelementptr"/>
<opset="sigmoid_lut_V_addr_1/7 "/>
</bind>
</comp>

<comp id="135" class="1004" name="x_2_V_addr_gep_fu_135">
<pin_list>
<pin id="136" dir="0" index="0" bw="16" slack="0"/>
<pin id="137" dir="0" index="1" bw="1" slack="0"/>
<pin id="138" dir="0" index="2" bw="29" slack="6"/>
<pin id="139" dir="1" index="3" bw="3" slack="0"/>
</pin_list>
<bind>
<opcode="getelementptr(29) " fcode="getelementptr"/>
<opset="x_2_V_addr/8 "/>
</bind>
</comp>

<comp id="142" class="1004" name="grp_access_fu_142">
<pin_list>
<pin id="143" dir="0" index="0" bw="3" slack="0"/>
<pin id="144" dir="0" index="1" bw="16" slack="0"/>
<pin id="145" dir="0" index="2" bw="0" slack="2147483647"/>
<pin id="146" dir="1" index="3" bw="16" slack="0"/>
</pin_list>
<bind>
<opcode="load(27) store(28) " fcode="store"/>
<opset="x_2_V_load/8 StgValue_145/11 "/>
</bind>
</comp>

<comp id="148" class="1004" name="x_3_V_addr_gep_fu_148">
<pin_list>
<pin id="149" dir="0" index="0" bw="16" slack="0"/>
<pin id="150" dir="0" index="1" bw="1" slack="0"/>
<pin id="151" dir="0" index="2" bw="29" slack="6"/>
<pin id="152" dir="1" index="3" bw="3" slack="1"/>
</pin_list>
<bind>
<opcode="getelementptr(29) " fcode="getelementptr"/>
<opset="x_3_V_addr/8 "/>
</bind>
</comp>

<comp id="155" class="1004" name="x_4_V_addr_gep_fu_155">
<pin_list>
<pin id="156" dir="0" index="0" bw="16" slack="0"/>
<pin id="157" dir="0" index="1" bw="1" slack="0"/>
<pin id="158" dir="0" index="2" bw="29" slack="6"/>
<pin id="159" dir="1" index="3" bw="3" slack="2"/>
</pin_list>
<bind>
<opcode="getelementptr(29) " fcode="getelementptr"/>
<opset="x_4_V_addr/8 "/>
</bind>
</comp>

<comp id="162" class="1004" name="x_5_V_addr_gep_fu_162">
<pin_list>
<pin id="163" dir="0" index="0" bw="16" slack="0"/>
<pin id="164" dir="0" index="1" bw="1" slack="0"/>
<pin id="165" dir="0" index="2" bw="29" slack="6"/>
<pin id="166" dir="1" index="3" bw="3" slack="3"/>
</pin_list>
<bind>
<opcode="getelementptr(29) " fcode="getelementptr"/>
<opset="x_5_V_addr/8 "/>
</bind>
</comp>

<comp id="169" class="1004" name="x_6_V_addr_gep_fu_169">
<pin_list>
<pin id="170" dir="0" index="0" bw="16" slack="0"/>
<pin id="171" dir="0" index="1" bw="1" slack="0"/>
<pin id="172" dir="0" index="2" bw="29" slack="6"/>
<pin id="173" dir="1" index="3" bw="3" slack="4"/>
</pin_list>
<bind>
<opcode="getelementptr(29) " fcode="getelementptr"/>
<opset="x_6_V_addr/8 "/>
</bind>
</comp>

<comp id="176" class="1004" name="x_7_V_addr_gep_fu_176">
<pin_list>
<pin id="177" dir="0" index="0" bw="16" slack="0"/>
<pin id="178" dir="0" index="1" bw="1" slack="0"/>
<pin id="179" dir="0" index="2" bw="29" slack="6"/>
<pin id="180" dir="1" index="3" bw="3" slack="5"/>
</pin_list>
<bind>
<opcode="getelementptr(29) " fcode="getelementptr"/>
<opset="x_7_V_addr/8 "/>
</bind>
</comp>

<comp id="183" class="1004" name="grp_access_fu_183">
<pin_list>
<pin id="184" dir="0" index="0" bw="3" slack="1"/>
<pin id="185" dir="0" index="1" bw="16" slack="0"/>
<pin id="186" dir="0" index="2" bw="0" slack="2147483647"/>
<pin id="187" dir="1" index="3" bw="16" slack="0"/>
</pin_list>
<bind>
<opcode="load(27) store(28) " fcode="store"/>
<opset="x_3_V_load/9 StgValue_176/12 "/>
</bind>
</comp>

<comp id="188" class="1004" name="sigmoid_lut_V_addr_2_gep_fu_188">
<pin_list>
<pin id="189" dir="0" index="0" bw="15" slack="0"/>
<pin id="190" dir="0" index="1" bw="1" slack="0"/>
<pin id="191" dir="0" index="2" bw="8" slack="0"/>
<pin id="192" dir="1" index="3" bw="8" slack="0"/>
</pin_list>
<bind>
<opcode="getelementptr(29) " fcode="getelementptr"/>
<opset="sigmoid_lut_V_addr_2/10 "/>
</bind>
</comp>

<comp id="196" class="1004" name="grp_access_fu_196">
<pin_list>
<pin id="197" dir="0" index="0" bw="3" slack="2"/>
<pin id="198" dir="0" index="1" bw="16" slack="0"/>
<pin id="199" dir="0" index="2" bw="0" slack="2147483647"/>
<pin id="200" dir="1" index="3" bw="16" slack="0"/>
</pin_list>
<bind>
<opcode="load(27) store(28) " fcode="store"/>
<opset="x_4_V_load/10 StgValue_207/13 "/>
</bind>
</comp>

<comp id="201" class="1004" name="sigmoid_lut_V_addr_3_gep_fu_201">
<pin_list>
<pin id="202" dir="0" index="0" bw="15" slack="0"/>
<pin id="203" dir="0" index="1" bw="1" slack="0"/>
<pin id="204" dir="0" index="2" bw="8" slack="0"/>
<pin id="205" dir="1" index="3" bw="8" slack="0"/>
</pin_list>
<bind>
<opcode="getelementptr(29) " fcode="getelementptr"/>
<opset="sigmoid_lut_V_addr_3/11 "/>
</bind>
</comp>

<comp id="209" class="1004" name="grp_access_fu_209">
<pin_list>
<pin id="210" dir="0" index="0" bw="3" slack="3"/>
<pin id="211" dir="0" index="1" bw="16" slack="0"/>
<pin id="212" dir="0" index="2" bw="0" slack="2147483647"/>
<pin id="213" dir="1" index="3" bw="16" slack="0"/>
</pin_list>
<bind>
<opcode="load(27) store(28) " fcode="store"/>
<opset="x_5_V_load/11 StgValue_238/14 "/>
</bind>
</comp>

<comp id="214" class="1004" name="sigmoid_lut_V_addr_4_gep_fu_214">
<pin_list>
<pin id="215" dir="0" index="0" bw="15" slack="0"/>
<pin id="216" dir="0" index="1" bw="1" slack="0"/>
<pin id="217" dir="0" index="2" bw="8" slack="0"/>
<pin id="218" dir="1" index="3" bw="8" slack="0"/>
</pin_list>
<bind>
<opcode="getelementptr(29) " fcode="getelementptr"/>
<opset="sigmoid_lut_V_addr_4/12 "/>
</bind>
</comp>

<comp id="222" class="1004" name="grp_access_fu_222">
<pin_list>
<pin id="223" dir="0" index="0" bw="3" slack="4"/>
<pin id="224" dir="0" index="1" bw="16" slack="0"/>
<pin id="225" dir="0" index="2" bw="0" slack="2147483647"/>
<pin id="226" dir="1" index="3" bw="16" slack="0"/>
</pin_list>
<bind>
<opcode="load(27) store(28) " fcode="store"/>
<opset="x_6_V_load/12 StgValue_268/15 "/>
</bind>
</comp>

<comp id="227" class="1004" name="sigmoid_lut_V_addr_5_gep_fu_227">
<pin_list>
<pin id="228" dir="0" index="0" bw="15" slack="0"/>
<pin id="229" dir="0" index="1" bw="1" slack="0"/>
<pin id="230" dir="0" index="2" bw="8" slack="0"/>
<pin id="231" dir="1" index="3" bw="8" slack="0"/>
</pin_list>
<bind>
<opcode="getelementptr(29) " fcode="getelementptr"/>
<opset="sigmoid_lut_V_addr_5/13 "/>
</bind>
</comp>

<comp id="235" class="1004" name="grp_access_fu_235">
<pin_list>
<pin id="236" dir="0" index="0" bw="3" slack="5"/>
<pin id="237" dir="0" index="1" bw="16" slack="0"/>
<pin id="238" dir="0" index="2" bw="0" slack="2147483647"/>
<pin id="239" dir="1" index="3" bw="16" slack="0"/>
</pin_list>
<bind>
<opcode="load(27) store(28) " fcode="store"/>
<opset="x_7_V_load/13 StgValue_281/16 "/>
</bind>
</comp>

<comp id="240" class="1004" name="sigmoid_lut_V_addr_6_gep_fu_240">
<pin_list>
<pin id="241" dir="0" index="0" bw="15" slack="0"/>
<pin id="242" dir="0" index="1" bw="1" slack="0"/>
<pin id="243" dir="0" index="2" bw="8" slack="0"/>
<pin id="244" dir="1" index="3" bw="8" slack="0"/>
</pin_list>
<bind>
<opcode="getelementptr(29) " fcode="getelementptr"/>
<opset="sigmoid_lut_V_addr_6/14 "/>
</bind>
</comp>

<comp id="248" class="1004" name="sigmoid_lut_V_addr_7_gep_fu_248">
<pin_list>
<pin id="249" dir="0" index="0" bw="15" slack="0"/>
<pin id="250" dir="0" index="1" bw="1" slack="0"/>
<pin id="251" dir="0" index="2" bw="8" slack="0"/>
<pin id="252" dir="1" index="3" bw="8" slack="0"/>
</pin_list>
<bind>
<opcode="getelementptr(29) " fcode="getelementptr"/>
<opset="sigmoid_lut_V_addr_7/15 "/>
</bind>
</comp>

<comp id="256" class="1005" name="i_reg_256">
<pin_list>
<pin id="257" dir="0" index="0" bw="32" slack="1"/>
<pin id="258" dir="1" index="1" bw="32" slack="1"/>
</pin_list>
<bind>
<opset="i (phireg) "/>
</bind>
</comp>

<comp id="260" class="1004" name="i_phi_fu_260">
<pin_list>
<pin id="261" dir="0" index="0" bw="1" slack="1"/>
<pin id="262" dir="0" index="1" bw="0" slack="2147483647"/>
<pin id="263" dir="0" index="2" bw="32" slack="1"/>
<pin id="264" dir="0" index="3" bw="0" slack="2147483647"/>
<pin id="265" dir="1" index="4" bw="32" slack="0"/>
</pin_list>
<bind>
<opcode="phi(47) " fcode="phi"/>
<opset="i/2 "/>
</bind>
</comp>

<comp id="268" class="1005" name="storemerge1_reg_268">
<pin_list>
<pin id="269" dir="0" index="0" bw="12" slack="3"/>
<pin id="270" dir="1" index="1" bw="12" slack="3"/>
</pin_list>
<bind>
<opset="storemerge1 (phireg) "/>
</bind>
</comp>

<comp id="273" class="1004" name="storemerge1_phi_fu_273">
<pin_list>
<pin id="274" dir="0" index="0" bw="12" slack="3"/>
<pin id="275" dir="0" index="1" bw="0" slack="2147483647"/>
<pin id="276" dir="0" index="2" bw="11" slack="1"/>
<pin id="277" dir="0" index="3" bw="0" slack="2147483647"/>
<pin id="278" dir="0" index="4" bw="1" slack="3"/>
<pin id="279" dir="0" index="5" bw="0" slack="2147483647"/>
<pin id="280" dir="1" index="6" bw="12" slack="0"/>
</pin_list>
<bind>
<opcode="phi(47) " fcode="phi"/>
<opset="storemerge1/6 "/>
</bind>
</comp>

<comp id="283" class="1005" name="storemerge1_1_reg_283">
<pin_list>
<pin id="284" dir="0" index="0" bw="12" slack="2"/>
<pin id="285" dir="1" index="1" bw="12" slack="2"/>
</pin_list>
<bind>
<opset="storemerge1_1 (phireg) "/>
</bind>
</comp>

<comp id="288" class="1004" name="storemerge1_1_phi_fu_288">
<pin_list>
<pin id="289" dir="0" index="0" bw="12" slack="2"/>
<pin id="290" dir="0" index="1" bw="0" slack="2147483647"/>
<pin id="291" dir="0" index="2" bw="11" slack="0"/>
<pin id="292" dir="0" index="3" bw="0" slack="2147483647"/>
<pin id="293" dir="0" index="4" bw="1" slack="2"/>
<pin id="294" dir="0" index="5" bw="0" slack="2147483647"/>
<pin id="295" dir="1" index="6" bw="12" slack="0"/>
</pin_list>
<bind>
<opcode="phi(47) " fcode="phi"/>
<opset="storemerge1_1/8 "/>
</bind>
</comp>

<comp id="298" class="1004" name="grp_fu_298">
<pin_list>
<pin id="299" dir="0" index="0" bw="11" slack="0"/>
<pin id="300" dir="0" index="1" bw="15" slack="0"/>
<pin id="301" dir="0" index="2" bw="4" slack="0"/>
<pin id="302" dir="0" index="3" bw="5" slack="0"/>
<pin id="303" dir="1" index="4" bw="11" slack="0"/>
</pin_list>
<bind>
<opcode="partselect(1002) " fcode="partselect"/>
<opset="tmp/5 tmp_1/8 "/>
</bind>
</comp>

<comp id="308" class="1004" name="newIndex_fu_308">
<pin_list>
<pin id="309" dir="0" index="0" bw="29" slack="0"/>
<pin id="310" dir="0" index="1" bw="32" slack="0"/>
<pin id="311" dir="0" index="2" bw="3" slack="0"/>
<pin id="312" dir="0" index="3" bw="6" slack="0"/>
<pin id="313" dir="1" index="4" bw="29" slack="0"/>
</pin_list>
<bind>
<opcode="partselect(1002) " fcode="partselect"/>
<opset="newIndex/2 "/>
</bind>
</comp>

<comp id="318" class="1004" name="newIndex2_fu_318">
<pin_list>
<pin id="319" dir="0" index="0" bw="29" slack="0"/>
<pin id="320" dir="1" index="1" bw="64" slack="0"/>
</pin_list>
<bind>
<opcode="zext(34) " fcode="zext"/>
<opset="newIndex2/2 "/>
</bind>
</comp>

<comp id="323" class="1004" name="tmp_s_fu_323">
<pin_list>
<pin id="324" dir="0" index="0" bw="16" slack="0"/>
<pin id="325" dir="0" index="1" bw="16" slack="0"/>
<pin id="326" dir="1" index="2" bw="1" slack="2"/>
</pin_list>
<bind>
<opcode="icmp(45) " fcode="icmp"/>
<opset="tmp_s/3 "/>
</bind>
</comp>

<comp id="329" class="1004" name="tmp_9_fu_329">
<pin_list>
<pin id="330" dir="0" index="0" bw="16" slack="0"/>
<pin id="331" dir="0" index="1" bw="16" slack="0"/>
<pin id="332" dir="1" index="2" bw="1" slack="2"/>
</pin_list>
<bind>
<opcode="icmp(45) " fcode="icmp"/>
<opset="tmp_9/3 "/>
</bind>
</comp>

<comp id="335" class="1004" name="tmp_35_fu_335">
<pin_list>
<pin id="336" dir="0" index="0" bw="12" slack="0"/>
<pin id="337" dir="0" index="1" bw="16" slack="0"/>
<pin id="338" dir="0" index="2" bw="4" slack="0"/>
<pin id="339" dir="0" index="3" bw="5" slack="0"/>
<pin id="340" dir="1" index="4" bw="12" slack="0"/>
</pin_list>
<bind>
<opcode="partselect(1002) " fcode="partselect"/>
<opset="tmp_35/3 "/>
</bind>
</comp>

<comp id="345" class="1004" name="lhs_V_cast_fu_345">
<pin_list>
<pin id="346" dir="0" index="0" bw="12" slack="0"/>
<pin id="347" dir="1" index="1" bw="13" slack="0"/>
</pin_list>
<bind>
<opcode="sext(35) " fcode="sext"/>
<opset="lhs_V_cast/3 "/>
</bind>
</comp>

<comp id="349" class="1004" name="ret_V_fu_349">
<pin_list>
<pin id="350" dir="0" index="0" bw="12" slack="0"/>
<pin id="351" dir="0" index="1" bw="12" slack="0"/>
<pin id="352" dir="1" index="2" bw="13" slack="0"/>
</pin_list>
<bind>
<opcode="add(8) " fcode="add"/>
<opset="ret_V/3 "/>
</bind>
</comp>

<comp id="355" class="1004" name="p_shl_fu_355">
<pin_list>
<pin id="356" dir="0" index="0" bw="24" slack="0"/>
<pin id="357" dir="0" index="1" bw="13" slack="0"/>
<pin id="358" dir="0" index="2" bw="1" slack="0"/>
<pin id="359" dir="1" index="3" bw="24" slack="0"/>
</pin_list>
<bind>
<opcode="bitconcatenate(1004) " fcode="bitconcatenate"/>
<opset="p_shl/3 "/>
</bind>
</comp>

<comp id="363" class="1004" name="p_shl2_fu_363">
<pin_list>
<pin id="364" dir="0" index="0" bw="16" slack="0"/>
<pin id="365" dir="0" index="1" bw="13" slack="0"/>
<pin id="366" dir="0" index="2" bw="1" slack="0"/>
<pin id="367" dir="1" index="3" bw="16" slack="0"/>
</pin_list>
<bind>
<opcode="bitconcatenate(1004) " fcode="bitconcatenate"/>
<opset="p_shl2/3 "/>
</bind>
</comp>

<comp id="371" class="1004" name="p_shl2_cast_fu_371">
<pin_list>
<pin id="372" dir="0" index="0" bw="16" slack="0"/>
<pin id="373" dir="1" index="1" bw="24" slack="0"/>
</pin_list>
<bind>
<opcode="sext(35) " fcode="sext"/>
<opset="p_shl2_cast/3 "/>
</bind>
</comp>

<comp id="375" class="1004" name="r_V_4_fu_375">
<pin_list>
<pin id="376" dir="0" index="0" bw="24" slack="0"/>
<pin id="377" dir="0" index="1" bw="16" slack="0"/>
<pin id="378" dir="1" index="2" bw="24" slack="0"/>
</pin_list>
<bind>
<opcode="sub(10) " fcode="sub"/>
<opset="r_V_4/3 "/>
</bind>
</comp>

<comp id="381" class="1004" name="tmp_100_fu_381">
<pin_list>
<pin id="382" dir="0" index="0" bw="1" slack="0"/>
<pin id="383" dir="0" index="1" bw="24" slack="0"/>
<pin id="384" dir="0" index="2" bw="6" slack="0"/>
<pin id="385" dir="1" index="3" bw="1" slack="0"/>
</pin_list>
<bind>
<opcode="bitselect(1000) " fcode="bitselect"/>
<opset="tmp_100/3 "/>
</bind>
</comp>

<comp id="389" class="1004" name="tmp_101_fu_389">
<pin_list>
<pin id="390" dir="0" index="0" bw="24" slack="0"/>
<pin id="391" dir="1" index="1" bw="14" slack="0"/>
</pin_list>
<bind>
<opcode="trunc(33) " fcode="trunc"/>
<opset="tmp_101/3 "/>
</bind>
</comp>

<comp id="393" class="1004" name="tmp_12_fu_393">
<pin_list>
<pin id="394" dir="0" index="0" bw="14" slack="0"/>
<pin id="395" dir="0" index="1" bw="14" slack="0"/>
<pin id="396" dir="1" index="2" bw="1" slack="0"/>
</pin_list>
<bind>
<opcode="icmp(45) " fcode="icmp"/>
<opset="tmp_12/3 "/>
</bind>
</comp>

<comp id="399" class="1004" name="tmp_58_fu_399">
<pin_list>
<pin id="400" dir="0" index="0" bw="8" slack="0"/>
<pin id="401" dir="0" index="1" bw="24" slack="0"/>
<pin id="402" dir="0" index="2" bw="5" slack="0"/>
<pin id="403" dir="0" index="3" bw="6" slack="0"/>
<pin id="404" dir="1" index="4" bw="8" slack="0"/>
</pin_list>
<bind>
<opcode="partselect(1002) " fcode="partselect"/>
<opset="tmp_58/3 "/>
</bind>
</comp>

<comp id="409" class="1004" name="tmp_60_fu_409">
<pin_list>
<pin id="410" dir="0" index="0" bw="1" slack="0"/>
<pin id="411" dir="0" index="1" bw="8" slack="0"/>
<pin id="412" dir="1" index="2" bw="8" slack="0"/>
</pin_list>
<bind>
<opcode="add(8) " fcode="add"/>
<opset="tmp_60/3 "/>
</bind>
</comp>

<comp id="415" class="1004" name="tmp_62_fu_415">
<pin_list>
<pin id="416" dir="0" index="0" bw="1" slack="0"/>
<pin id="417" dir="0" index="1" bw="8" slack="0"/>
<pin id="418" dir="0" index="2" bw="8" slack="0"/>
<pin id="419" dir="1" index="3" bw="8" slack="0"/>
</pin_list>
<bind>
<opcode="select(49) " fcode="select"/>
<opset="tmp_62/3 "/>
</bind>
</comp>

<comp id="423" class="1004" name="tmp_64_fu_423">
<pin_list>
<pin id="424" dir="0" index="0" bw="1" slack="0"/>
<pin id="425" dir="0" index="1" bw="8" slack="0"/>
<pin id="426" dir="0" index="2" bw="8" slack="0"/>
<pin id="427" dir="1" index="3" bw="8" slack="1"/>
</pin_list>
<bind>
<opcode="select(49) " fcode="select"/>
<opset="tmp_64/3 "/>
</bind>
</comp>

<comp id="431" class="1004" name="tmp_13_fu_431">
<pin_list>
<pin id="432" dir="0" index="0" bw="8" slack="1"/>
<pin id="433" dir="1" index="1" bw="64" slack="0"/>
</pin_list>
<bind>
<opcode="zext(34) " fcode="zext"/>
<opset="tmp_13/4 "/>
</bind>
</comp>

<comp id="435" class="1004" name="tmp_37_fu_435">
<pin_list>
<pin id="436" dir="0" index="0" bw="11" slack="0"/>
<pin id="437" dir="1" index="1" bw="12" slack="1"/>
</pin_list>
<bind>
<opcode="zext(34) " fcode="zext"/>
<opset="tmp_37/5 "/>
</bind>
</comp>

<comp id="439" class="1004" name="storemerge1_cast_fu_439">
<pin_list>
<pin id="440" dir="0" index="0" bw="12" slack="0"/>
<pin id="441" dir="1" index="1" bw="16" slack="0"/>
</pin_list>
<bind>
<opcode="zext(34) " fcode="zext"/>
<opset="storemerge1_cast/6 "/>
</bind>
</comp>

<comp id="444" class="1004" name="tmp_1_46_fu_444">
<pin_list>
<pin id="445" dir="0" index="0" bw="16" slack="0"/>
<pin id="446" dir="0" index="1" bw="16" slack="0"/>
<pin id="447" dir="1" index="2" bw="1" slack="2"/>
</pin_list>
<bind>
<opcode="icmp(45) " fcode="icmp"/>
<opset="tmp_1_46/6 "/>
</bind>
</comp>

<comp id="450" class="1004" name="tmp_9_1_fu_450">
<pin_list>
<pin id="451" dir="0" index="0" bw="16" slack="0"/>
<pin id="452" dir="0" index="1" bw="16" slack="0"/>
<pin id="453" dir="1" index="2" bw="1" slack="2"/>
</pin_list>
<bind>
<opcode="icmp(45) " fcode="icmp"/>
<opset="tmp_9_1/6 "/>
</bind>
</comp>

<comp id="456" class="1004" name="tmp_39_fu_456">
<pin_list>
<pin id="457" dir="0" index="0" bw="12" slack="0"/>
<pin id="458" dir="0" index="1" bw="16" slack="0"/>
<pin id="459" dir="0" index="2" bw="4" slack="0"/>
<pin id="460" dir="0" index="3" bw="5" slack="0"/>
<pin id="461" dir="1" index="4" bw="12" slack="0"/>
</pin_list>
<bind>
<opcode="partselect(1002) " fcode="partselect"/>
<opset="tmp_39/6 "/>
</bind>
</comp>

<comp id="466" class="1004" name="lhs_V_1_cast_fu_466">
<pin_list>
<pin id="467" dir="0" index="0" bw="12" slack="0"/>
<pin id="468" dir="1" index="1" bw="13" slack="0"/>
</pin_list>
<bind>
<opcode="sext(35) " fcode="sext"/>
<opset="lhs_V_1_cast/6 "/>
</bind>
</comp>

<comp id="470" class="1004" name="ret_V_1_fu_470">
<pin_list>
<pin id="471" dir="0" index="0" bw="12" slack="0"/>
<pin id="472" dir="0" index="1" bw="12" slack="0"/>
<pin id="473" dir="1" index="2" bw="13" slack="0"/>
</pin_list>
<bind>
<opcode="add(8) " fcode="add"/>
<opset="ret_V_1/6 "/>
</bind>
</comp>

<comp id="476" class="1004" name="p_shl_1_fu_476">
<pin_list>
<pin id="477" dir="0" index="0" bw="24" slack="0"/>
<pin id="478" dir="0" index="1" bw="13" slack="0"/>
<pin id="479" dir="0" index="2" bw="1" slack="0"/>
<pin id="480" dir="1" index="3" bw="24" slack="0"/>
</pin_list>
<bind>
<opcode="bitconcatenate(1004) " fcode="bitconcatenate"/>
<opset="p_shl_1/6 "/>
</bind>
</comp>

<comp id="484" class="1004" name="p_shl2_1_fu_484">
<pin_list>
<pin id="485" dir="0" index="0" bw="16" slack="0"/>
<pin id="486" dir="0" index="1" bw="13" slack="0"/>
<pin id="487" dir="0" index="2" bw="1" slack="0"/>
<pin id="488" dir="1" index="3" bw="16" slack="0"/>
</pin_list>
<bind>
<opcode="bitconcatenate(1004) " fcode="bitconcatenate"/>
<opset="p_shl2_1/6 "/>
</bind>
</comp>

<comp id="492" class="1004" name="p_shl2_1_cast_fu_492">
<pin_list>
<pin id="493" dir="0" index="0" bw="16" slack="0"/>
<pin id="494" dir="1" index="1" bw="24" slack="0"/>
</pin_list>
<bind>
<opcode="sext(35) " fcode="sext"/>
<opset="p_shl2_1_cast/6 "/>
</bind>
</comp>

<comp id="496" class="1004" name="r_V_4_1_fu_496">
<pin_list>
<pin id="497" dir="0" index="0" bw="24" slack="0"/>
<pin id="498" dir="0" index="1" bw="16" slack="0"/>
<pin id="499" dir="1" index="2" bw="24" slack="0"/>
</pin_list>
<bind>
<opcode="sub(10) " fcode="sub"/>
<opset="r_V_4_1/6 "/>
</bind>
</comp>

<comp id="502" class="1004" name="tmp_102_fu_502">
<pin_list>
<pin id="503" dir="0" index="0" bw="1" slack="0"/>
<pin id="504" dir="0" index="1" bw="24" slack="0"/>
<pin id="505" dir="0" index="2" bw="6" slack="0"/>
<pin id="506" dir="1" index="3" bw="1" slack="0"/>
</pin_list>
<bind>
<opcode="bitselect(1000) " fcode="bitselect"/>
<opset="tmp_102/6 "/>
</bind>
</comp>

<comp id="510" class="1004" name="tmp_103_fu_510">
<pin_list>
<pin id="511" dir="0" index="0" bw="24" slack="0"/>
<pin id="512" dir="1" index="1" bw="14" slack="0"/>
</pin_list>
<bind>
<opcode="trunc(33) " fcode="trunc"/>
<opset="tmp_103/6 "/>
</bind>
</comp>

<comp id="514" class="1004" name="tmp_12_1_fu_514">
<pin_list>
<pin id="515" dir="0" index="0" bw="14" slack="0"/>
<pin id="516" dir="0" index="1" bw="14" slack="0"/>
<pin id="517" dir="1" index="2" bw="1" slack="0"/>
</pin_list>
<bind>
<opcode="icmp(45) " fcode="icmp"/>
<opset="tmp_12_1/6 "/>
</bind>
</comp>

<comp id="520" class="1004" name="tmp_66_fu_520">
<pin_list>
<pin id="521" dir="0" index="0" bw="8" slack="0"/>
<pin id="522" dir="0" index="1" bw="24" slack="0"/>
<pin id="523" dir="0" index="2" bw="5" slack="0"/>
<pin id="524" dir="0" index="3" bw="6" slack="0"/>
<pin id="525" dir="1" index="4" bw="8" slack="0"/>
</pin_list>
<bind>
<opcode="partselect(1002) " fcode="partselect"/>
<opset="tmp_66/6 "/>
</bind>
</comp>

<comp id="530" class="1004" name="tmp_67_fu_530">
<pin_list>
<pin id="531" dir="0" index="0" bw="1" slack="0"/>
<pin id="532" dir="0" index="1" bw="8" slack="0"/>
<pin id="533" dir="1" index="2" bw="8" slack="0"/>
</pin_list>
<bind>
<opcode="add(8) " fcode="add"/>
<opset="tmp_67/6 "/>
</bind>
</comp>

<comp id="536" class="1004" name="tmp_68_fu_536">
<pin_list>
<pin id="537" dir="0" index="0" bw="1" slack="0"/>
<pin id="538" dir="0" index="1" bw="8" slack="0"/>
<pin id="539" dir="0" index="2" bw="8" slack="0"/>
<pin id="540" dir="1" index="3" bw="8" slack="0"/>
</pin_list>
<bind>
<opcode="select(49) " fcode="select"/>
<opset="tmp_68/6 "/>
</bind>
</comp>

<comp id="544" class="1004" name="tmp_69_fu_544">
<pin_list>
<pin id="545" dir="0" index="0" bw="1" slack="0"/>
<pin id="546" dir="0" index="1" bw="8" slack="0"/>
<pin id="547" dir="0" index="2" bw="8" slack="0"/>
<pin id="548" dir="1" index="3" bw="8" slack="1"/>
</pin_list>
<bind>
<opcode="select(49) " fcode="select"/>
<opset="tmp_69/6 "/>
</bind>
</comp>

<comp id="552" class="1004" name="tmp_13_1_fu_552">
<pin_list>
<pin id="553" dir="0" index="0" bw="8" slack="1"/>
<pin id="554" dir="1" index="1" bw="64" slack="0"/>
</pin_list>
<bind>
<opcode="zext(34) " fcode="zext"/>
<opset="tmp_13_1/7 "/>
</bind>
</comp>

<comp id="556" class="1004" name="tmp_41_fu_556">
<pin_list>
<pin id="557" dir="0" index="0" bw="11" slack="0"/>
<pin id="558" dir="1" index="1" bw="12" slack="0"/>
</pin_list>
<bind>
<opcode="zext(34) " fcode="zext"/>
<opset="tmp_41/8 "/>
</bind>
</comp>

<comp id="561" class="1004" name="storemerge1_1_cast_fu_561">
<pin_list>
<pin id="562" dir="0" index="0" bw="12" slack="0"/>
<pin id="563" dir="1" index="1" bw="16" slack="0"/>
</pin_list>
<bind>
<opcode="zext(34) " fcode="zext"/>
<opset="storemerge1_1_cast/8 "/>
</bind>
</comp>

<comp id="566" class="1004" name="i_3_s_fu_566">
<pin_list>
<pin id="567" dir="0" index="0" bw="32" slack="6"/>
<pin id="568" dir="0" index="1" bw="32" slack="0"/>
<pin id="569" dir="1" index="2" bw="32" slack="0"/>
</pin_list>
<bind>
<opcode="or(24) " fcode="or"/>
<opset="i_3_s/8 "/>
</bind>
</comp>

<comp id="572" class="1004" name="exitcond_2_fu_572">
<pin_list>
<pin id="573" dir="0" index="0" bw="32" slack="0"/>
<pin id="574" dir="0" index="1" bw="32" slack="0"/>
<pin id="575" dir="1" index="2" bw="1" slack="2147483647"/>
</pin_list>
<bind>
<opcode="icmp(45) " fcode="icmp"/>
<opset="exitcond_2/8 "/>
</bind>
</comp>

<comp id="578" class="1004" name="i_3_7_fu_578">
<pin_list>
<pin id="579" dir="0" index="0" bw="5" slack="0"/>
<pin id="580" dir="0" index="1" bw="32" slack="6"/>
<pin id="581" dir="1" index="2" bw="32" slack="1"/>
</pin_list>
<bind>
<opcode="add(8) " fcode="add"/>
<opset="i_3_7/8 "/>
</bind>
</comp>

<comp id="584" class="1004" name="tmp_2_fu_584">
<pin_list>
<pin id="585" dir="0" index="0" bw="16" slack="0"/>
<pin id="586" dir="0" index="1" bw="16" slack="0"/>
<pin id="587" dir="1" index="2" bw="1" slack="2"/>
</pin_list>
<bind>
<opcode="icmp(45) " fcode="icmp"/>
<opset="tmp_2/9 "/>
</bind>
</comp>

<comp id="590" class="1004" name="tmp_9_2_fu_590">
<pin_list>
<pin id="591" dir="0" index="0" bw="16" slack="0"/>
<pin id="592" dir="0" index="1" bw="16" slack="0"/>
<pin id="593" dir="1" index="2" bw="1" slack="2"/>
</pin_list>
<bind>
<opcode="icmp(45) " fcode="icmp"/>
<opset="tmp_9_2/9 "/>
</bind>
</comp>

<comp id="596" class="1004" name="tmp_43_fu_596">
<pin_list>
<pin id="597" dir="0" index="0" bw="12" slack="0"/>
<pin id="598" dir="0" index="1" bw="16" slack="0"/>
<pin id="599" dir="0" index="2" bw="4" slack="0"/>
<pin id="600" dir="0" index="3" bw="5" slack="0"/>
<pin id="601" dir="1" index="4" bw="12" slack="0"/>
</pin_list>
<bind>
<opcode="partselect(1002) " fcode="partselect"/>
<opset="tmp_43/9 "/>
</bind>
</comp>

<comp id="606" class="1004" name="lhs_V_2_cast_fu_606">
<pin_list>
<pin id="607" dir="0" index="0" bw="12" slack="0"/>
<pin id="608" dir="1" index="1" bw="13" slack="0"/>
</pin_list>
<bind>
<opcode="sext(35) " fcode="sext"/>
<opset="lhs_V_2_cast/9 "/>
</bind>
</comp>

<comp id="610" class="1004" name="ret_V_2_fu_610">
<pin_list>
<pin id="611" dir="0" index="0" bw="12" slack="0"/>
<pin id="612" dir="0" index="1" bw="12" slack="0"/>
<pin id="613" dir="1" index="2" bw="13" slack="0"/>
</pin_list>
<bind>
<opcode="add(8) " fcode="add"/>
<opset="ret_V_2/9 "/>
</bind>
</comp>

<comp id="616" class="1004" name="p_shl_2_fu_616">
<pin_list>
<pin id="617" dir="0" index="0" bw="24" slack="0"/>
<pin id="618" dir="0" index="1" bw="13" slack="0"/>
<pin id="619" dir="0" index="2" bw="1" slack="0"/>
<pin id="620" dir="1" index="3" bw="24" slack="0"/>
</pin_list>
<bind>
<opcode="bitconcatenate(1004) " fcode="bitconcatenate"/>
<opset="p_shl_2/9 "/>
</bind>
</comp>

<comp id="624" class="1004" name="p_shl2_2_fu_624">
<pin_list>
<pin id="625" dir="0" index="0" bw="16" slack="0"/>
<pin id="626" dir="0" index="1" bw="13" slack="0"/>
<pin id="627" dir="0" index="2" bw="1" slack="0"/>
<pin id="628" dir="1" index="3" bw="16" slack="0"/>
</pin_list>
<bind>
<opcode="bitconcatenate(1004) " fcode="bitconcatenate"/>
<opset="p_shl2_2/9 "/>
</bind>
</comp>

<comp id="632" class="1004" name="p_shl2_2_cast_fu_632">
<pin_list>
<pin id="633" dir="0" index="0" bw="16" slack="0"/>
<pin id="634" dir="1" index="1" bw="24" slack="0"/>
</pin_list>
<bind>
<opcode="sext(35) " fcode="sext"/>
<opset="p_shl2_2_cast/9 "/>
</bind>
</comp>

<comp id="636" class="1004" name="r_V_4_2_fu_636">
<pin_list>
<pin id="637" dir="0" index="0" bw="24" slack="0"/>
<pin id="638" dir="0" index="1" bw="16" slack="0"/>
<pin id="639" dir="1" index="2" bw="24" slack="0"/>
</pin_list>
<bind>
<opcode="sub(10) " fcode="sub"/>
<opset="r_V_4_2/9 "/>
</bind>
</comp>

<comp id="642" class="1004" name="tmp_104_fu_642">
<pin_list>
<pin id="643" dir="0" index="0" bw="1" slack="0"/>
<pin id="644" dir="0" index="1" bw="24" slack="0"/>
<pin id="645" dir="0" index="2" bw="6" slack="0"/>
<pin id="646" dir="1" index="3" bw="1" slack="0"/>
</pin_list>
<bind>
<opcode="bitselect(1000) " fcode="bitselect"/>
<opset="tmp_104/9 "/>
</bind>
</comp>

<comp id="650" class="1004" name="tmp_105_fu_650">
<pin_list>
<pin id="651" dir="0" index="0" bw="24" slack="0"/>
<pin id="652" dir="1" index="1" bw="14" slack="0"/>
</pin_list>
<bind>
<opcode="trunc(33) " fcode="trunc"/>
<opset="tmp_105/9 "/>
</bind>
</comp>

<comp id="654" class="1004" name="tmp_12_2_fu_654">
<pin_list>
<pin id="655" dir="0" index="0" bw="14" slack="0"/>
<pin id="656" dir="0" index="1" bw="14" slack="0"/>
<pin id="657" dir="1" index="2" bw="1" slack="0"/>
</pin_list>
<bind>
<opcode="icmp(45) " fcode="icmp"/>
<opset="tmp_12_2/9 "/>
</bind>
</comp>

<comp id="660" class="1004" name="tmp_70_fu_660">
<pin_list>
<pin id="661" dir="0" index="0" bw="8" slack="0"/>
<pin id="662" dir="0" index="1" bw="24" slack="0"/>
<pin id="663" dir="0" index="2" bw="5" slack="0"/>
<pin id="664" dir="0" index="3" bw="6" slack="0"/>
<pin id="665" dir="1" index="4" bw="8" slack="0"/>
</pin_list>
<bind>
<opcode="partselect(1002) " fcode="partselect"/>
<opset="tmp_70/9 "/>
</bind>
</comp>

<comp id="670" class="1004" name="tmp_71_fu_670">
<pin_list>
<pin id="671" dir="0" index="0" bw="1" slack="0"/>
<pin id="672" dir="0" index="1" bw="8" slack="0"/>
<pin id="673" dir="1" index="2" bw="8" slack="0"/>
</pin_list>
<bind>
<opcode="add(8) " fcode="add"/>
<opset="tmp_71/9 "/>
</bind>
</comp>

<comp id="676" class="1004" name="tmp_72_fu_676">
<pin_list>
<pin id="677" dir="0" index="0" bw="1" slack="0"/>
<pin id="678" dir="0" index="1" bw="8" slack="0"/>
<pin id="679" dir="0" index="2" bw="8" slack="0"/>
<pin id="680" dir="1" index="3" bw="8" slack="0"/>
</pin_list>
<bind>
<opcode="select(49) " fcode="select"/>
<opset="tmp_72/9 "/>
</bind>
</comp>

<comp id="684" class="1004" name="tmp_73_fu_684">
<pin_list>
<pin id="685" dir="0" index="0" bw="1" slack="0"/>
<pin id="686" dir="0" index="1" bw="8" slack="0"/>
<pin id="687" dir="0" index="2" bw="8" slack="0"/>
<pin id="688" dir="1" index="3" bw="8" slack="1"/>
</pin_list>
<bind>
<opcode="select(49) " fcode="select"/>
<opset="tmp_73/9 "/>
</bind>
</comp>

<comp id="692" class="1004" name="tmp_13_2_fu_692">
<pin_list>
<pin id="693" dir="0" index="0" bw="8" slack="1"/>
<pin id="694" dir="1" index="1" bw="64" slack="0"/>
</pin_list>
<bind>
<opcode="zext(34) " fcode="zext"/>
<opset="tmp_13_2/10 "/>
</bind>
</comp>

<comp id="696" class="1004" name="tmp_3_fu_696">
<pin_list>
<pin id="697" dir="0" index="0" bw="16" slack="0"/>
<pin id="698" dir="0" index="1" bw="16" slack="0"/>
<pin id="699" dir="1" index="2" bw="1" slack="2"/>
</pin_list>
<bind>
<opcode="icmp(45) " fcode="icmp"/>
<opset="tmp_3/10 "/>
</bind>
</comp>

<comp id="702" class="1004" name="tmp_9_3_fu_702">
<pin_list>
<pin id="703" dir="0" index="0" bw="16" slack="0"/>
<pin id="704" dir="0" index="1" bw="16" slack="0"/>
<pin id="705" dir="1" index="2" bw="1" slack="2"/>
</pin_list>
<bind>
<opcode="icmp(45) " fcode="icmp"/>
<opset="tmp_9_3/10 "/>
</bind>
</comp>

<comp id="708" class="1004" name="tmp_47_fu_708">
<pin_list>
<pin id="709" dir="0" index="0" bw="12" slack="0"/>
<pin id="710" dir="0" index="1" bw="16" slack="0"/>
<pin id="711" dir="0" index="2" bw="4" slack="0"/>
<pin id="712" dir="0" index="3" bw="5" slack="0"/>
<pin id="713" dir="1" index="4" bw="12" slack="0"/>
</pin_list>
<bind>
<opcode="partselect(1002) " fcode="partselect"/>
<opset="tmp_47/10 "/>
</bind>
</comp>

<comp id="718" class="1004" name="lhs_V_3_cast_fu_718">
<pin_list>
<pin id="719" dir="0" index="0" bw="12" slack="0"/>
<pin id="720" dir="1" index="1" bw="13" slack="0"/>
</pin_list>
<bind>
<opcode="sext(35) " fcode="sext"/>
<opset="lhs_V_3_cast/10 "/>
</bind>
</comp>

<comp id="722" class="1004" name="ret_V_3_fu_722">
<pin_list>
<pin id="723" dir="0" index="0" bw="12" slack="0"/>
<pin id="724" dir="0" index="1" bw="12" slack="0"/>
<pin id="725" dir="1" index="2" bw="13" slack="0"/>
</pin_list>
<bind>
<opcode="add(8) " fcode="add"/>
<opset="ret_V_3/10 "/>
</bind>
</comp>

<comp id="728" class="1004" name="p_shl_3_fu_728">
<pin_list>
<pin id="729" dir="0" index="0" bw="24" slack="0"/>
<pin id="730" dir="0" index="1" bw="13" slack="0"/>
<pin id="731" dir="0" index="2" bw="1" slack="0"/>
<pin id="732" dir="1" index="3" bw="24" slack="0"/>
</pin_list>
<bind>
<opcode="bitconcatenate(1004) " fcode="bitconcatenate"/>
<opset="p_shl_3/10 "/>
</bind>
</comp>

<comp id="736" class="1004" name="p_shl2_3_fu_736">
<pin_list>
<pin id="737" dir="0" index="0" bw="16" slack="0"/>
<pin id="738" dir="0" index="1" bw="13" slack="0"/>
<pin id="739" dir="0" index="2" bw="1" slack="0"/>
<pin id="740" dir="1" index="3" bw="16" slack="0"/>
</pin_list>
<bind>
<opcode="bitconcatenate(1004) " fcode="bitconcatenate"/>
<opset="p_shl2_3/10 "/>
</bind>
</comp>

<comp id="744" class="1004" name="p_shl2_3_cast_fu_744">
<pin_list>
<pin id="745" dir="0" index="0" bw="16" slack="0"/>
<pin id="746" dir="1" index="1" bw="24" slack="0"/>
</pin_list>
<bind>
<opcode="sext(35) " fcode="sext"/>
<opset="p_shl2_3_cast/10 "/>
</bind>
</comp>

<comp id="748" class="1004" name="r_V_4_3_fu_748">
<pin_list>
<pin id="749" dir="0" index="0" bw="24" slack="0"/>
<pin id="750" dir="0" index="1" bw="16" slack="0"/>
<pin id="751" dir="1" index="2" bw="24" slack="0"/>
</pin_list>
<bind>
<opcode="sub(10) " fcode="sub"/>
<opset="r_V_4_3/10 "/>
</bind>
</comp>

<comp id="754" class="1004" name="tmp_106_fu_754">
<pin_list>
<pin id="755" dir="0" index="0" bw="1" slack="0"/>
<pin id="756" dir="0" index="1" bw="24" slack="0"/>
<pin id="757" dir="0" index="2" bw="6" slack="0"/>
<pin id="758" dir="1" index="3" bw="1" slack="0"/>
</pin_list>
<bind>
<opcode="bitselect(1000) " fcode="bitselect"/>
<opset="tmp_106/10 "/>
</bind>
</comp>

<comp id="762" class="1004" name="tmp_107_fu_762">
<pin_list>
<pin id="763" dir="0" index="0" bw="24" slack="0"/>
<pin id="764" dir="1" index="1" bw="14" slack="0"/>
</pin_list>
<bind>
<opcode="trunc(33) " fcode="trunc"/>
<opset="tmp_107/10 "/>
</bind>
</comp>

<comp id="766" class="1004" name="tmp_12_3_fu_766">
<pin_list>
<pin id="767" dir="0" index="0" bw="14" slack="0"/>
<pin id="768" dir="0" index="1" bw="14" slack="0"/>
<pin id="769" dir="1" index="2" bw="1" slack="0"/>
</pin_list>
<bind>
<opcode="icmp(45) " fcode="icmp"/>
<opset="tmp_12_3/10 "/>
</bind>
</comp>

<comp id="772" class="1004" name="tmp_75_fu_772">
<pin_list>
<pin id="773" dir="0" index="0" bw="8" slack="0"/>
<pin id="774" dir="0" index="1" bw="24" slack="0"/>
<pin id="775" dir="0" index="2" bw="5" slack="0"/>
<pin id="776" dir="0" index="3" bw="6" slack="0"/>
<pin id="777" dir="1" index="4" bw="8" slack="0"/>
</pin_list>
<bind>
<opcode="partselect(1002) " fcode="partselect"/>
<opset="tmp_75/10 "/>
</bind>
</comp>

<comp id="782" class="1004" name="tmp_76_fu_782">
<pin_list>
<pin id="783" dir="0" index="0" bw="1" slack="0"/>
<pin id="784" dir="0" index="1" bw="8" slack="0"/>
<pin id="785" dir="1" index="2" bw="8" slack="0"/>
</pin_list>
<bind>
<opcode="add(8) " fcode="add"/>
<opset="tmp_76/10 "/>
</bind>
</comp>

<comp id="788" class="1004" name="tmp_77_fu_788">
<pin_list>
<pin id="789" dir="0" index="0" bw="1" slack="0"/>
<pin id="790" dir="0" index="1" bw="8" slack="0"/>
<pin id="791" dir="0" index="2" bw="8" slack="0"/>
<pin id="792" dir="1" index="3" bw="8" slack="0"/>
</pin_list>
<bind>
<opcode="select(49) " fcode="select"/>
<opset="tmp_77/10 "/>
</bind>
</comp>

<comp id="796" class="1004" name="tmp_78_fu_796">
<pin_list>
<pin id="797" dir="0" index="0" bw="1" slack="0"/>
<pin id="798" dir="0" index="1" bw="8" slack="0"/>
<pin id="799" dir="0" index="2" bw="8" slack="0"/>
<pin id="800" dir="1" index="3" bw="8" slack="1"/>
</pin_list>
<bind>
<opcode="select(49) " fcode="select"/>
<opset="tmp_78/10 "/>
</bind>
</comp>

<comp id="804" class="1004" name="tmp_2_40_fu_804">
<pin_list>
<pin id="805" dir="0" index="0" bw="11" slack="0"/>
<pin id="806" dir="0" index="1" bw="15" slack="0"/>
<pin id="807" dir="0" index="2" bw="4" slack="0"/>
<pin id="808" dir="0" index="3" bw="5" slack="0"/>
<pin id="809" dir="1" index="4" bw="11" slack="0"/>
</pin_list>
<bind>
<opcode="partselect(1002) " fcode="partselect"/>
<opset="tmp_2_40/11 "/>
</bind>
</comp>

<comp id="814" class="1004" name="tmp_45_fu_814">
<pin_list>
<pin id="815" dir="0" index="0" bw="11" slack="0"/>
<pin id="816" dir="1" index="1" bw="12" slack="0"/>
</pin_list>
<bind>
<opcode="zext(34) " fcode="zext"/>
<opset="tmp_45/11 "/>
</bind>
</comp>

<comp id="818" class="1004" name="sel_tmp1_fu_818">
<pin_list>
<pin id="819" dir="0" index="0" bw="1" slack="2"/>
<pin id="820" dir="0" index="1" bw="1" slack="0"/>
<pin id="821" dir="1" index="2" bw="1" slack="0"/>
</pin_list>
<bind>
<opcode="xor(25) " fcode="xor"/>
<opset="sel_tmp1/11 "/>
</bind>
</comp>

<comp id="823" class="1004" name="sel_tmp2_fu_823">
<pin_list>
<pin id="824" dir="0" index="0" bw="1" slack="2"/>
<pin id="825" dir="0" index="1" bw="1" slack="0"/>
<pin id="826" dir="1" index="2" bw="1" slack="0"/>
</pin_list>
<bind>
<opcode="and(23) " fcode="and"/>
<opset="sel_tmp2/11 "/>
</bind>
</comp>

<comp id="828" class="1004" name="sel_tmp_fu_828">
<pin_list>
<pin id="829" dir="0" index="0" bw="1" slack="0"/>
<pin id="830" dir="0" index="1" bw="12" slack="0"/>
<pin id="831" dir="0" index="2" bw="12" slack="0"/>
<pin id="832" dir="1" index="3" bw="12" slack="0"/>
</pin_list>
<bind>
<opcode="select(49) " fcode="select"/>
<opset="sel_tmp/11 "/>
</bind>
</comp>

<comp id="836" class="1004" name="tmp_74_fu_836">
<pin_list>
<pin id="837" dir="0" index="0" bw="1" slack="0"/>
<pin id="838" dir="0" index="1" bw="1" slack="2"/>
<pin id="839" dir="1" index="2" bw="1" slack="0"/>
</pin_list>
<bind>
<opcode="or(24) " fcode="or"/>
<opset="tmp_74/11 "/>
</bind>
</comp>

<comp id="841" class="1004" name="storemerge1_2_fu_841">
<pin_list>
<pin id="842" dir="0" index="0" bw="1" slack="0"/>
<pin id="843" dir="0" index="1" bw="12" slack="0"/>
<pin id="844" dir="0" index="2" bw="12" slack="0"/>
<pin id="845" dir="1" index="3" bw="12" slack="0"/>
</pin_list>
<bind>
<opcode="select(49) " fcode="select"/>
<opset="storemerge1_2/11 "/>
</bind>
</comp>

<comp id="849" class="1004" name="storemerge1_2_cast_fu_849">
<pin_list>
<pin id="850" dir="0" index="0" bw="12" slack="0"/>
<pin id="851" dir="1" index="1" bw="16" slack="0"/>
</pin_list>
<bind>
<opcode="zext(34) " fcode="zext"/>
<opset="storemerge1_2_cast/11 "/>
</bind>
</comp>

<comp id="854" class="1004" name="tmp_13_3_fu_854">
<pin_list>
<pin id="855" dir="0" index="0" bw="8" slack="1"/>
<pin id="856" dir="1" index="1" bw="64" slack="0"/>
</pin_list>
<bind>
<opcode="zext(34) " fcode="zext"/>
<opset="tmp_13_3/11 "/>
</bind>
</comp>

<comp id="858" class="1004" name="tmp_4_fu_858">
<pin_list>
<pin id="859" dir="0" index="0" bw="16" slack="0"/>
<pin id="860" dir="0" index="1" bw="16" slack="0"/>
<pin id="861" dir="1" index="2" bw="1" slack="2"/>
</pin_list>
<bind>
<opcode="icmp(45) " fcode="icmp"/>
<opset="tmp_4/11 "/>
</bind>
</comp>

<comp id="864" class="1004" name="tmp_9_4_fu_864">
<pin_list>
<pin id="865" dir="0" index="0" bw="16" slack="0"/>
<pin id="866" dir="0" index="1" bw="16" slack="0"/>
<pin id="867" dir="1" index="2" bw="1" slack="2"/>
</pin_list>
<bind>
<opcode="icmp(45) " fcode="icmp"/>
<opset="tmp_9_4/11 "/>
</bind>
</comp>

<comp id="870" class="1004" name="tmp_51_fu_870">
<pin_list>
<pin id="871" dir="0" index="0" bw="12" slack="0"/>
<pin id="872" dir="0" index="1" bw="16" slack="0"/>
<pin id="873" dir="0" index="2" bw="4" slack="0"/>
<pin id="874" dir="0" index="3" bw="5" slack="0"/>
<pin id="875" dir="1" index="4" bw="12" slack="0"/>
</pin_list>
<bind>
<opcode="partselect(1002) " fcode="partselect"/>
<opset="tmp_51/11 "/>
</bind>
</comp>

<comp id="880" class="1004" name="lhs_V_4_cast_fu_880">
<pin_list>
<pin id="881" dir="0" index="0" bw="12" slack="0"/>
<pin id="882" dir="1" index="1" bw="13" slack="0"/>
</pin_list>
<bind>
<opcode="sext(35) " fcode="sext"/>
<opset="lhs_V_4_cast/11 "/>
</bind>
</comp>

<comp id="884" class="1004" name="ret_V_s_fu_884">
<pin_list>
<pin id="885" dir="0" index="0" bw="12" slack="0"/>
<pin id="886" dir="0" index="1" bw="12" slack="0"/>
<pin id="887" dir="1" index="2" bw="13" slack="0"/>
</pin_list>
<bind>
<opcode="add(8) " fcode="add"/>
<opset="ret_V_s/11 "/>
</bind>
</comp>

<comp id="890" class="1004" name="p_shl_4_fu_890">
<pin_list>
<pin id="891" dir="0" index="0" bw="24" slack="0"/>
<pin id="892" dir="0" index="1" bw="13" slack="0"/>
<pin id="893" dir="0" index="2" bw="1" slack="0"/>
<pin id="894" dir="1" index="3" bw="24" slack="0"/>
</pin_list>
<bind>
<opcode="bitconcatenate(1004) " fcode="bitconcatenate"/>
<opset="p_shl_4/11 "/>
</bind>
</comp>

<comp id="898" class="1004" name="p_shl2_4_fu_898">
<pin_list>
<pin id="899" dir="0" index="0" bw="16" slack="0"/>
<pin id="900" dir="0" index="1" bw="13" slack="0"/>
<pin id="901" dir="0" index="2" bw="1" slack="0"/>
<pin id="902" dir="1" index="3" bw="16" slack="0"/>
</pin_list>
<bind>
<opcode="bitconcatenate(1004) " fcode="bitconcatenate"/>
<opset="p_shl2_4/11 "/>
</bind>
</comp>

<comp id="906" class="1004" name="p_shl2_4_cast_fu_906">
<pin_list>
<pin id="907" dir="0" index="0" bw="16" slack="0"/>
<pin id="908" dir="1" index="1" bw="24" slack="0"/>
</pin_list>
<bind>
<opcode="sext(35) " fcode="sext"/>
<opset="p_shl2_4_cast/11 "/>
</bind>
</comp>

<comp id="910" class="1004" name="r_V_4_4_fu_910">
<pin_list>
<pin id="911" dir="0" index="0" bw="24" slack="0"/>
<pin id="912" dir="0" index="1" bw="16" slack="0"/>
<pin id="913" dir="1" index="2" bw="24" slack="0"/>
</pin_list>
<bind>
<opcode="sub(10) " fcode="sub"/>
<opset="r_V_4_4/11 "/>
</bind>
</comp>

<comp id="916" class="1004" name="tmp_108_fu_916">
<pin_list>
<pin id="917" dir="0" index="0" bw="1" slack="0"/>
<pin id="918" dir="0" index="1" bw="24" slack="0"/>
<pin id="919" dir="0" index="2" bw="6" slack="0"/>
<pin id="920" dir="1" index="3" bw="1" slack="0"/>
</pin_list>
<bind>
<opcode="bitselect(1000) " fcode="bitselect"/>
<opset="tmp_108/11 "/>
</bind>
</comp>

<comp id="924" class="1004" name="tmp_109_fu_924">
<pin_list>
<pin id="925" dir="0" index="0" bw="24" slack="0"/>
<pin id="926" dir="1" index="1" bw="14" slack="0"/>
</pin_list>
<bind>
<opcode="trunc(33) " fcode="trunc"/>
<opset="tmp_109/11 "/>
</bind>
</comp>

<comp id="928" class="1004" name="tmp_12_4_fu_928">
<pin_list>
<pin id="929" dir="0" index="0" bw="14" slack="0"/>
<pin id="930" dir="0" index="1" bw="14" slack="0"/>
<pin id="931" dir="1" index="2" bw="1" slack="0"/>
</pin_list>
<bind>
<opcode="icmp(45) " fcode="icmp"/>
<opset="tmp_12_4/11 "/>
</bind>
</comp>

<comp id="934" class="1004" name="tmp_80_fu_934">
<pin_list>
<pin id="935" dir="0" index="0" bw="8" slack="0"/>
<pin id="936" dir="0" index="1" bw="24" slack="0"/>
<pin id="937" dir="0" index="2" bw="5" slack="0"/>
<pin id="938" dir="0" index="3" bw="6" slack="0"/>
<pin id="939" dir="1" index="4" bw="8" slack="0"/>
</pin_list>
<bind>
<opcode="partselect(1002) " fcode="partselect"/>
<opset="tmp_80/11 "/>
</bind>
</comp>

<comp id="944" class="1004" name="tmp_81_fu_944">
<pin_list>
<pin id="945" dir="0" index="0" bw="1" slack="0"/>
<pin id="946" dir="0" index="1" bw="8" slack="0"/>
<pin id="947" dir="1" index="2" bw="8" slack="0"/>
</pin_list>
<bind>
<opcode="add(8) " fcode="add"/>
<opset="tmp_81/11 "/>
</bind>
</comp>

<comp id="950" class="1004" name="tmp_82_fu_950">
<pin_list>
<pin id="951" dir="0" index="0" bw="1" slack="0"/>
<pin id="952" dir="0" index="1" bw="8" slack="0"/>
<pin id="953" dir="0" index="2" bw="8" slack="0"/>
<pin id="954" dir="1" index="3" bw="8" slack="0"/>
</pin_list>
<bind>
<opcode="select(49) " fcode="select"/>
<opset="tmp_82/11 "/>
</bind>
</comp>

<comp id="958" class="1004" name="tmp_83_fu_958">
<pin_list>
<pin id="959" dir="0" index="0" bw="1" slack="0"/>
<pin id="960" dir="0" index="1" bw="8" slack="0"/>
<pin id="961" dir="0" index="2" bw="8" slack="0"/>
<pin id="962" dir="1" index="3" bw="8" slack="1"/>
</pin_list>
<bind>
<opcode="select(49) " fcode="select"/>
<opset="tmp_83/11 "/>
</bind>
</comp>

<comp id="966" class="1004" name="tmp_3_41_fu_966">
<pin_list>
<pin id="967" dir="0" index="0" bw="11" slack="0"/>
<pin id="968" dir="0" index="1" bw="15" slack="0"/>
<pin id="969" dir="0" index="2" bw="4" slack="0"/>
<pin id="970" dir="0" index="3" bw="5" slack="0"/>
<pin id="971" dir="1" index="4" bw="11" slack="0"/>
</pin_list>
<bind>
<opcode="partselect(1002) " fcode="partselect"/>
<opset="tmp_3_41/12 "/>
</bind>
</comp>

<comp id="976" class="1004" name="tmp_49_fu_976">
<pin_list>
<pin id="977" dir="0" index="0" bw="11" slack="0"/>
<pin id="978" dir="1" index="1" bw="12" slack="0"/>
</pin_list>
<bind>
<opcode="zext(34) " fcode="zext"/>
<opset="tmp_49/12 "/>
</bind>
</comp>

<comp id="980" class="1004" name="sel_tmp6_fu_980">
<pin_list>
<pin id="981" dir="0" index="0" bw="1" slack="2"/>
<pin id="982" dir="0" index="1" bw="1" slack="0"/>
<pin id="983" dir="1" index="2" bw="1" slack="0"/>
</pin_list>
<bind>
<opcode="xor(25) " fcode="xor"/>
<opset="sel_tmp6/12 "/>
</bind>
</comp>

<comp id="985" class="1004" name="sel_tmp7_fu_985">
<pin_list>
<pin id="986" dir="0" index="0" bw="1" slack="2"/>
<pin id="987" dir="0" index="1" bw="1" slack="0"/>
<pin id="988" dir="1" index="2" bw="1" slack="0"/>
</pin_list>
<bind>
<opcode="and(23) " fcode="and"/>
<opset="sel_tmp7/12 "/>
</bind>
</comp>

<comp id="990" class="1004" name="sel_tmp5_fu_990">
<pin_list>
<pin id="991" dir="0" index="0" bw="1" slack="0"/>
<pin id="992" dir="0" index="1" bw="12" slack="0"/>
<pin id="993" dir="0" index="2" bw="12" slack="0"/>
<pin id="994" dir="1" index="3" bw="12" slack="0"/>
</pin_list>
<bind>
<opcode="select(49) " fcode="select"/>
<opset="sel_tmp5/12 "/>
</bind>
</comp>

<comp id="998" class="1004" name="tmp_79_fu_998">
<pin_list>
<pin id="999" dir="0" index="0" bw="1" slack="0"/>
<pin id="1000" dir="0" index="1" bw="1" slack="2"/>
<pin id="1001" dir="1" index="2" bw="1" slack="0"/>
</pin_list>
<bind>
<opcode="or(24) " fcode="or"/>
<opset="tmp_79/12 "/>
</bind>
</comp>

<comp id="1003" class="1004" name="storemerge1_3_fu_1003">
<pin_list>
<pin id="1004" dir="0" index="0" bw="1" slack="0"/>
<pin id="1005" dir="0" index="1" bw="12" slack="0"/>
<pin id="1006" dir="0" index="2" bw="12" slack="0"/>
<pin id="1007" dir="1" index="3" bw="12" slack="0"/>
</pin_list>
<bind>
<opcode="select(49) " fcode="select"/>
<opset="storemerge1_3/12 "/>
</bind>
</comp>

<comp id="1011" class="1004" name="storemerge1_3_cast_fu_1011">
<pin_list>
<pin id="1012" dir="0" index="0" bw="12" slack="0"/>
<pin id="1013" dir="1" index="1" bw="16" slack="0"/>
</pin_list>
<bind>
<opcode="zext(34) " fcode="zext"/>
<opset="storemerge1_3_cast/12 "/>
</bind>
</comp>

<comp id="1016" class="1004" name="tmp_13_4_fu_1016">
<pin_list>
<pin id="1017" dir="0" index="0" bw="8" slack="1"/>
<pin id="1018" dir="1" index="1" bw="64" slack="0"/>
</pin_list>
<bind>
<opcode="zext(34) " fcode="zext"/>
<opset="tmp_13_4/12 "/>
</bind>
</comp>

<comp id="1020" class="1004" name="tmp_5_fu_1020">
<pin_list>
<pin id="1021" dir="0" index="0" bw="16" slack="0"/>
<pin id="1022" dir="0" index="1" bw="16" slack="0"/>
<pin id="1023" dir="1" index="2" bw="1" slack="2"/>
</pin_list>
<bind>
<opcode="icmp(45) " fcode="icmp"/>
<opset="tmp_5/12 "/>
</bind>
</comp>

<comp id="1026" class="1004" name="tmp_9_5_fu_1026">
<pin_list>
<pin id="1027" dir="0" index="0" bw="16" slack="0"/>
<pin id="1028" dir="0" index="1" bw="16" slack="0"/>
<pin id="1029" dir="1" index="2" bw="1" slack="2"/>
</pin_list>
<bind>
<opcode="icmp(45) " fcode="icmp"/>
<opset="tmp_9_5/12 "/>
</bind>
</comp>

<comp id="1032" class="1004" name="tmp_55_fu_1032">
<pin_list>
<pin id="1033" dir="0" index="0" bw="12" slack="0"/>
<pin id="1034" dir="0" index="1" bw="16" slack="0"/>
<pin id="1035" dir="0" index="2" bw="4" slack="0"/>
<pin id="1036" dir="0" index="3" bw="5" slack="0"/>
<pin id="1037" dir="1" index="4" bw="12" slack="0"/>
</pin_list>
<bind>
<opcode="partselect(1002) " fcode="partselect"/>
<opset="tmp_55/12 "/>
</bind>
</comp>

<comp id="1042" class="1004" name="lhs_V_5_cast_fu_1042">
<pin_list>
<pin id="1043" dir="0" index="0" bw="12" slack="0"/>
<pin id="1044" dir="1" index="1" bw="13" slack="0"/>
</pin_list>
<bind>
<opcode="sext(35) " fcode="sext"/>
<opset="lhs_V_5_cast/12 "/>
</bind>
</comp>

<comp id="1046" class="1004" name="ret_V_5_fu_1046">
<pin_list>
<pin id="1047" dir="0" index="0" bw="12" slack="0"/>
<pin id="1048" dir="0" index="1" bw="12" slack="0"/>
<pin id="1049" dir="1" index="2" bw="13" slack="0"/>
</pin_list>
<bind>
<opcode="add(8) " fcode="add"/>
<opset="ret_V_5/12 "/>
</bind>
</comp>

<comp id="1052" class="1004" name="p_shl_5_fu_1052">
<pin_list>
<pin id="1053" dir="0" index="0" bw="24" slack="0"/>
<pin id="1054" dir="0" index="1" bw="13" slack="0"/>
<pin id="1055" dir="0" index="2" bw="1" slack="0"/>
<pin id="1056" dir="1" index="3" bw="24" slack="0"/>
</pin_list>
<bind>
<opcode="bitconcatenate(1004) " fcode="bitconcatenate"/>
<opset="p_shl_5/12 "/>
</bind>
</comp>

<comp id="1060" class="1004" name="p_shl2_5_fu_1060">
<pin_list>
<pin id="1061" dir="0" index="0" bw="16" slack="0"/>
<pin id="1062" dir="0" index="1" bw="13" slack="0"/>
<pin id="1063" dir="0" index="2" bw="1" slack="0"/>
<pin id="1064" dir="1" index="3" bw="16" slack="0"/>
</pin_list>
<bind>
<opcode="bitconcatenate(1004) " fcode="bitconcatenate"/>
<opset="p_shl2_5/12 "/>
</bind>
</comp>

<comp id="1068" class="1004" name="p_shl2_5_cast_fu_1068">
<pin_list>
<pin id="1069" dir="0" index="0" bw="16" slack="0"/>
<pin id="1070" dir="1" index="1" bw="24" slack="0"/>
</pin_list>
<bind>
<opcode="sext(35) " fcode="sext"/>
<opset="p_shl2_5_cast/12 "/>
</bind>
</comp>

<comp id="1072" class="1004" name="r_V_4_5_fu_1072">
<pin_list>
<pin id="1073" dir="0" index="0" bw="24" slack="0"/>
<pin id="1074" dir="0" index="1" bw="16" slack="0"/>
<pin id="1075" dir="1" index="2" bw="24" slack="0"/>
</pin_list>
<bind>
<opcode="sub(10) " fcode="sub"/>
<opset="r_V_4_5/12 "/>
</bind>
</comp>

<comp id="1078" class="1004" name="tmp_110_fu_1078">
<pin_list>
<pin id="1079" dir="0" index="0" bw="1" slack="0"/>
<pin id="1080" dir="0" index="1" bw="24" slack="0"/>
<pin id="1081" dir="0" index="2" bw="6" slack="0"/>
<pin id="1082" dir="1" index="3" bw="1" slack="0"/>
</pin_list>
<bind>
<opcode="bitselect(1000) " fcode="bitselect"/>
<opset="tmp_110/12 "/>
</bind>
</comp>

<comp id="1086" class="1004" name="tmp_111_fu_1086">
<pin_list>
<pin id="1087" dir="0" index="0" bw="24" slack="0"/>
<pin id="1088" dir="1" index="1" bw="14" slack="0"/>
</pin_list>
<bind>
<opcode="trunc(33) " fcode="trunc"/>
<opset="tmp_111/12 "/>
</bind>
</comp>

<comp id="1090" class="1004" name="tmp_12_5_fu_1090">
<pin_list>
<pin id="1091" dir="0" index="0" bw="14" slack="0"/>
<pin id="1092" dir="0" index="1" bw="14" slack="0"/>
<pin id="1093" dir="1" index="2" bw="1" slack="0"/>
</pin_list>
<bind>
<opcode="icmp(45) " fcode="icmp"/>
<opset="tmp_12_5/12 "/>
</bind>
</comp>

<comp id="1096" class="1004" name="tmp_85_fu_1096">
<pin_list>
<pin id="1097" dir="0" index="0" bw="8" slack="0"/>
<pin id="1098" dir="0" index="1" bw="24" slack="0"/>
<pin id="1099" dir="0" index="2" bw="5" slack="0"/>
<pin id="1100" dir="0" index="3" bw="6" slack="0"/>
<pin id="1101" dir="1" index="4" bw="8" slack="0"/>
</pin_list>
<bind>
<opcode="partselect(1002) " fcode="partselect"/>
<opset="tmp_85/12 "/>
</bind>
</comp>

<comp id="1106" class="1004" name="tmp_86_fu_1106">
<pin_list>
<pin id="1107" dir="0" index="0" bw="1" slack="0"/>
<pin id="1108" dir="0" index="1" bw="8" slack="0"/>
<pin id="1109" dir="1" index="2" bw="8" slack="0"/>
</pin_list>
<bind>
<opcode="add(8) " fcode="add"/>
<opset="tmp_86/12 "/>
</bind>
</comp>

<comp id="1112" class="1004" name="tmp_87_fu_1112">
<pin_list>
<pin id="1113" dir="0" index="0" bw="1" slack="0"/>
<pin id="1114" dir="0" index="1" bw="8" slack="0"/>
<pin id="1115" dir="0" index="2" bw="8" slack="0"/>
<pin id="1116" dir="1" index="3" bw="8" slack="0"/>
</pin_list>
<bind>
<opcode="select(49) " fcode="select"/>
<opset="tmp_87/12 "/>
</bind>
</comp>

<comp id="1120" class="1004" name="tmp_88_fu_1120">
<pin_list>
<pin id="1121" dir="0" index="0" bw="1" slack="0"/>
<pin id="1122" dir="0" index="1" bw="8" slack="0"/>
<pin id="1123" dir="0" index="2" bw="8" slack="0"/>
<pin id="1124" dir="1" index="3" bw="8" slack="1"/>
</pin_list>
<bind>
<opcode="select(49) " fcode="select"/>
<opset="tmp_88/12 "/>
</bind>
</comp>

<comp id="1128" class="1004" name="tmp_4_42_fu_1128">
<pin_list>
<pin id="1129" dir="0" index="0" bw="11" slack="0"/>
<pin id="1130" dir="0" index="1" bw="15" slack="0"/>
<pin id="1131" dir="0" index="2" bw="4" slack="0"/>
<pin id="1132" dir="0" index="3" bw="5" slack="0"/>
<pin id="1133" dir="1" index="4" bw="11" slack="0"/>
</pin_list>
<bind>
<opcode="partselect(1002) " fcode="partselect"/>
<opset="tmp_4_42/13 "/>
</bind>
</comp>

<comp id="1138" class="1004" name="tmp_53_fu_1138">
<pin_list>
<pin id="1139" dir="0" index="0" bw="11" slack="0"/>
<pin id="1140" dir="1" index="1" bw="12" slack="0"/>
</pin_list>
<bind>
<opcode="zext(34) " fcode="zext"/>
<opset="tmp_53/13 "/>
</bind>
</comp>

<comp id="1142" class="1004" name="sel_tmp11_fu_1142">
<pin_list>
<pin id="1143" dir="0" index="0" bw="1" slack="2"/>
<pin id="1144" dir="0" index="1" bw="1" slack="0"/>
<pin id="1145" dir="1" index="2" bw="1" slack="0"/>
</pin_list>
<bind>
<opcode="xor(25) " fcode="xor"/>
<opset="sel_tmp11/13 "/>
</bind>
</comp>

<comp id="1147" class="1004" name="sel_tmp12_fu_1147">
<pin_list>
<pin id="1148" dir="0" index="0" bw="1" slack="2"/>
<pin id="1149" dir="0" index="1" bw="1" slack="0"/>
<pin id="1150" dir="1" index="2" bw="1" slack="0"/>
</pin_list>
<bind>
<opcode="and(23) " fcode="and"/>
<opset="sel_tmp12/13 "/>
</bind>
</comp>

<comp id="1152" class="1004" name="sel_tmp10_fu_1152">
<pin_list>
<pin id="1153" dir="0" index="0" bw="1" slack="0"/>
<pin id="1154" dir="0" index="1" bw="12" slack="0"/>
<pin id="1155" dir="0" index="2" bw="12" slack="0"/>
<pin id="1156" dir="1" index="3" bw="12" slack="0"/>
</pin_list>
<bind>
<opcode="select(49) " fcode="select"/>
<opset="sel_tmp10/13 "/>
</bind>
</comp>

<comp id="1160" class="1004" name="tmp_84_fu_1160">
<pin_list>
<pin id="1161" dir="0" index="0" bw="1" slack="0"/>
<pin id="1162" dir="0" index="1" bw="1" slack="2"/>
<pin id="1163" dir="1" index="2" bw="1" slack="0"/>
</pin_list>
<bind>
<opcode="or(24) " fcode="or"/>
<opset="tmp_84/13 "/>
</bind>
</comp>

<comp id="1165" class="1004" name="storemerge1_4_fu_1165">
<pin_list>
<pin id="1166" dir="0" index="0" bw="1" slack="0"/>
<pin id="1167" dir="0" index="1" bw="12" slack="0"/>
<pin id="1168" dir="0" index="2" bw="12" slack="0"/>
<pin id="1169" dir="1" index="3" bw="12" slack="0"/>
</pin_list>
<bind>
<opcode="select(49) " fcode="select"/>
<opset="storemerge1_4/13 "/>
</bind>
</comp>

<comp id="1173" class="1004" name="storemerge1_4_cast_fu_1173">
<pin_list>
<pin id="1174" dir="0" index="0" bw="12" slack="0"/>
<pin id="1175" dir="1" index="1" bw="16" slack="0"/>
</pin_list>
<bind>
<opcode="zext(34) " fcode="zext"/>
<opset="storemerge1_4_cast/13 "/>
</bind>
</comp>

<comp id="1178" class="1004" name="tmp_13_5_fu_1178">
<pin_list>
<pin id="1179" dir="0" index="0" bw="8" slack="1"/>
<pin id="1180" dir="1" index="1" bw="64" slack="0"/>
</pin_list>
<bind>
<opcode="zext(34) " fcode="zext"/>
<opset="tmp_13_5/13 "/>
</bind>
</comp>

<comp id="1182" class="1004" name="tmp_6_fu_1182">
<pin_list>
<pin id="1183" dir="0" index="0" bw="16" slack="0"/>
<pin id="1184" dir="0" index="1" bw="16" slack="0"/>
<pin id="1185" dir="1" index="2" bw="1" slack="2"/>
</pin_list>
<bind>
<opcode="icmp(45) " fcode="icmp"/>
<opset="tmp_6/13 "/>
</bind>
</comp>

<comp id="1188" class="1004" name="tmp_9_6_fu_1188">
<pin_list>
<pin id="1189" dir="0" index="0" bw="16" slack="0"/>
<pin id="1190" dir="0" index="1" bw="16" slack="0"/>
<pin id="1191" dir="1" index="2" bw="1" slack="2"/>
</pin_list>
<bind>
<opcode="icmp(45) " fcode="icmp"/>
<opset="tmp_9_6/13 "/>
</bind>
</comp>

<comp id="1194" class="1004" name="tmp_59_fu_1194">
<pin_list>
<pin id="1195" dir="0" index="0" bw="12" slack="0"/>
<pin id="1196" dir="0" index="1" bw="16" slack="0"/>
<pin id="1197" dir="0" index="2" bw="4" slack="0"/>
<pin id="1198" dir="0" index="3" bw="5" slack="0"/>
<pin id="1199" dir="1" index="4" bw="12" slack="0"/>
</pin_list>
<bind>
<opcode="partselect(1002) " fcode="partselect"/>
<opset="tmp_59/13 "/>
</bind>
</comp>

<comp id="1204" class="1004" name="lhs_V_6_cast_fu_1204">
<pin_list>
<pin id="1205" dir="0" index="0" bw="12" slack="0"/>
<pin id="1206" dir="1" index="1" bw="13" slack="0"/>
</pin_list>
<bind>
<opcode="sext(35) " fcode="sext"/>
<opset="lhs_V_6_cast/13 "/>
</bind>
</comp>

<comp id="1208" class="1004" name="ret_V_6_fu_1208">
<pin_list>
<pin id="1209" dir="0" index="0" bw="12" slack="0"/>
<pin id="1210" dir="0" index="1" bw="12" slack="0"/>
<pin id="1211" dir="1" index="2" bw="13" slack="0"/>
</pin_list>
<bind>
<opcode="add(8) " fcode="add"/>
<opset="ret_V_6/13 "/>
</bind>
</comp>

<comp id="1214" class="1004" name="p_shl_6_fu_1214">
<pin_list>
<pin id="1215" dir="0" index="0" bw="24" slack="0"/>
<pin id="1216" dir="0" index="1" bw="13" slack="0"/>
<pin id="1217" dir="0" index="2" bw="1" slack="0"/>
<pin id="1218" dir="1" index="3" bw="24" slack="0"/>
</pin_list>
<bind>
<opcode="bitconcatenate(1004) " fcode="bitconcatenate"/>
<opset="p_shl_6/13 "/>
</bind>
</comp>

<comp id="1222" class="1004" name="p_shl2_6_fu_1222">
<pin_list>
<pin id="1223" dir="0" index="0" bw="16" slack="0"/>
<pin id="1224" dir="0" index="1" bw="13" slack="0"/>
<pin id="1225" dir="0" index="2" bw="1" slack="0"/>
<pin id="1226" dir="1" index="3" bw="16" slack="0"/>
</pin_list>
<bind>
<opcode="bitconcatenate(1004) " fcode="bitconcatenate"/>
<opset="p_shl2_6/13 "/>
</bind>
</comp>

<comp id="1230" class="1004" name="p_shl2_6_cast_fu_1230">
<pin_list>
<pin id="1231" dir="0" index="0" bw="16" slack="0"/>
<pin id="1232" dir="1" index="1" bw="24" slack="0"/>
</pin_list>
<bind>
<opcode="sext(35) " fcode="sext"/>
<opset="p_shl2_6_cast/13 "/>
</bind>
</comp>

<comp id="1234" class="1004" name="r_V_4_6_fu_1234">
<pin_list>
<pin id="1235" dir="0" index="0" bw="24" slack="0"/>
<pin id="1236" dir="0" index="1" bw="16" slack="0"/>
<pin id="1237" dir="1" index="2" bw="24" slack="0"/>
</pin_list>
<bind>
<opcode="sub(10) " fcode="sub"/>
<opset="r_V_4_6/13 "/>
</bind>
</comp>

<comp id="1240" class="1004" name="tmp_112_fu_1240">
<pin_list>
<pin id="1241" dir="0" index="0" bw="1" slack="0"/>
<pin id="1242" dir="0" index="1" bw="24" slack="0"/>
<pin id="1243" dir="0" index="2" bw="6" slack="0"/>
<pin id="1244" dir="1" index="3" bw="1" slack="0"/>
</pin_list>
<bind>
<opcode="bitselect(1000) " fcode="bitselect"/>
<opset="tmp_112/13 "/>
</bind>
</comp>

<comp id="1248" class="1004" name="tmp_113_fu_1248">
<pin_list>
<pin id="1249" dir="0" index="0" bw="24" slack="0"/>
<pin id="1250" dir="1" index="1" bw="14" slack="0"/>
</pin_list>
<bind>
<opcode="trunc(33) " fcode="trunc"/>
<opset="tmp_113/13 "/>
</bind>
</comp>

<comp id="1252" class="1004" name="tmp_12_6_fu_1252">
<pin_list>
<pin id="1253" dir="0" index="0" bw="14" slack="0"/>
<pin id="1254" dir="0" index="1" bw="14" slack="0"/>
<pin id="1255" dir="1" index="2" bw="1" slack="0"/>
</pin_list>
<bind>
<opcode="icmp(45) " fcode="icmp"/>
<opset="tmp_12_6/13 "/>
</bind>
</comp>

<comp id="1258" class="1004" name="tmp_90_fu_1258">
<pin_list>
<pin id="1259" dir="0" index="0" bw="8" slack="0"/>
<pin id="1260" dir="0" index="1" bw="24" slack="0"/>
<pin id="1261" dir="0" index="2" bw="5" slack="0"/>
<pin id="1262" dir="0" index="3" bw="6" slack="0"/>
<pin id="1263" dir="1" index="4" bw="8" slack="0"/>
</pin_list>
<bind>
<opcode="partselect(1002) " fcode="partselect"/>
<opset="tmp_90/13 "/>
</bind>
</comp>

<comp id="1268" class="1004" name="tmp_91_fu_1268">
<pin_list>
<pin id="1269" dir="0" index="0" bw="1" slack="0"/>
<pin id="1270" dir="0" index="1" bw="8" slack="0"/>
<pin id="1271" dir="1" index="2" bw="8" slack="0"/>
</pin_list>
<bind>
<opcode="add(8) " fcode="add"/>
<opset="tmp_91/13 "/>
</bind>
</comp>

<comp id="1274" class="1004" name="tmp_92_fu_1274">
<pin_list>
<pin id="1275" dir="0" index="0" bw="1" slack="0"/>
<pin id="1276" dir="0" index="1" bw="8" slack="0"/>
<pin id="1277" dir="0" index="2" bw="8" slack="0"/>
<pin id="1278" dir="1" index="3" bw="8" slack="0"/>
</pin_list>
<bind>
<opcode="select(49) " fcode="select"/>
<opset="tmp_92/13 "/>
</bind>
</comp>

<comp id="1282" class="1004" name="tmp_93_fu_1282">
<pin_list>
<pin id="1283" dir="0" index="0" bw="1" slack="0"/>
<pin id="1284" dir="0" index="1" bw="8" slack="0"/>
<pin id="1285" dir="0" index="2" bw="8" slack="0"/>
<pin id="1286" dir="1" index="3" bw="8" slack="1"/>
</pin_list>
<bind>
<opcode="select(49) " fcode="select"/>
<opset="tmp_93/13 "/>
</bind>
</comp>

<comp id="1290" class="1004" name="tmp_5_43_fu_1290">
<pin_list>
<pin id="1291" dir="0" index="0" bw="11" slack="0"/>
<pin id="1292" dir="0" index="1" bw="15" slack="0"/>
<pin id="1293" dir="0" index="2" bw="4" slack="0"/>
<pin id="1294" dir="0" index="3" bw="5" slack="0"/>
<pin id="1295" dir="1" index="4" bw="11" slack="0"/>
</pin_list>
<bind>
<opcode="partselect(1002) " fcode="partselect"/>
<opset="tmp_5_43/14 "/>
</bind>
</comp>

<comp id="1300" class="1004" name="tmp_57_fu_1300">
<pin_list>
<pin id="1301" dir="0" index="0" bw="11" slack="0"/>
<pin id="1302" dir="1" index="1" bw="12" slack="0"/>
</pin_list>
<bind>
<opcode="zext(34) " fcode="zext"/>
<opset="tmp_57/14 "/>
</bind>
</comp>

<comp id="1304" class="1004" name="sel_tmp16_fu_1304">
<pin_list>
<pin id="1305" dir="0" index="0" bw="1" slack="2"/>
<pin id="1306" dir="0" index="1" bw="1" slack="0"/>
<pin id="1307" dir="1" index="2" bw="1" slack="0"/>
</pin_list>
<bind>
<opcode="xor(25) " fcode="xor"/>
<opset="sel_tmp16/14 "/>
</bind>
</comp>

<comp id="1309" class="1004" name="sel_tmp17_fu_1309">
<pin_list>
<pin id="1310" dir="0" index="0" bw="1" slack="2"/>
<pin id="1311" dir="0" index="1" bw="1" slack="0"/>
<pin id="1312" dir="1" index="2" bw="1" slack="0"/>
</pin_list>
<bind>
<opcode="and(23) " fcode="and"/>
<opset="sel_tmp17/14 "/>
</bind>
</comp>

<comp id="1314" class="1004" name="sel_tmp15_fu_1314">
<pin_list>
<pin id="1315" dir="0" index="0" bw="1" slack="0"/>
<pin id="1316" dir="0" index="1" bw="12" slack="0"/>
<pin id="1317" dir="0" index="2" bw="12" slack="0"/>
<pin id="1318" dir="1" index="3" bw="12" slack="0"/>
</pin_list>
<bind>
<opcode="select(49) " fcode="select"/>
<opset="sel_tmp15/14 "/>
</bind>
</comp>

<comp id="1322" class="1004" name="tmp_89_fu_1322">
<pin_list>
<pin id="1323" dir="0" index="0" bw="1" slack="0"/>
<pin id="1324" dir="0" index="1" bw="1" slack="2"/>
<pin id="1325" dir="1" index="2" bw="1" slack="0"/>
</pin_list>
<bind>
<opcode="or(24) " fcode="or"/>
<opset="tmp_89/14 "/>
</bind>
</comp>

<comp id="1327" class="1004" name="storemerge1_5_fu_1327">
<pin_list>
<pin id="1328" dir="0" index="0" bw="1" slack="0"/>
<pin id="1329" dir="0" index="1" bw="12" slack="0"/>
<pin id="1330" dir="0" index="2" bw="12" slack="0"/>
<pin id="1331" dir="1" index="3" bw="12" slack="0"/>
</pin_list>
<bind>
<opcode="select(49) " fcode="select"/>
<opset="storemerge1_5/14 "/>
</bind>
</comp>

<comp id="1335" class="1004" name="storemerge1_5_cast_fu_1335">
<pin_list>
<pin id="1336" dir="0" index="0" bw="12" slack="0"/>
<pin id="1337" dir="1" index="1" bw="16" slack="0"/>
</pin_list>
<bind>
<opcode="zext(34) " fcode="zext"/>
<opset="storemerge1_5_cast/14 "/>
</bind>
</comp>

<comp id="1340" class="1004" name="tmp_13_6_fu_1340">
<pin_list>
<pin id="1341" dir="0" index="0" bw="8" slack="1"/>
<pin id="1342" dir="1" index="1" bw="64" slack="0"/>
</pin_list>
<bind>
<opcode="zext(34) " fcode="zext"/>
<opset="tmp_13_6/14 "/>
</bind>
</comp>

<comp id="1344" class="1004" name="tmp_7_fu_1344">
<pin_list>
<pin id="1345" dir="0" index="0" bw="16" slack="0"/>
<pin id="1346" dir="0" index="1" bw="16" slack="0"/>
<pin id="1347" dir="1" index="2" bw="1" slack="2"/>
</pin_list>
<bind>
<opcode="icmp(45) " fcode="icmp"/>
<opset="tmp_7/14 "/>
</bind>
</comp>

<comp id="1350" class="1004" name="tmp_9_7_fu_1350">
<pin_list>
<pin id="1351" dir="0" index="0" bw="16" slack="0"/>
<pin id="1352" dir="0" index="1" bw="16" slack="0"/>
<pin id="1353" dir="1" index="2" bw="1" slack="2"/>
</pin_list>
<bind>
<opcode="icmp(45) " fcode="icmp"/>
<opset="tmp_9_7/14 "/>
</bind>
</comp>

<comp id="1356" class="1004" name="tmp_63_fu_1356">
<pin_list>
<pin id="1357" dir="0" index="0" bw="12" slack="0"/>
<pin id="1358" dir="0" index="1" bw="16" slack="0"/>
<pin id="1359" dir="0" index="2" bw="4" slack="0"/>
<pin id="1360" dir="0" index="3" bw="5" slack="0"/>
<pin id="1361" dir="1" index="4" bw="12" slack="0"/>
</pin_list>
<bind>
<opcode="partselect(1002) " fcode="partselect"/>
<opset="tmp_63/14 "/>
</bind>
</comp>

<comp id="1366" class="1004" name="lhs_V_7_cast_fu_1366">
<pin_list>
<pin id="1367" dir="0" index="0" bw="12" slack="0"/>
<pin id="1368" dir="1" index="1" bw="13" slack="0"/>
</pin_list>
<bind>
<opcode="sext(35) " fcode="sext"/>
<opset="lhs_V_7_cast/14 "/>
</bind>
</comp>

<comp id="1370" class="1004" name="ret_V_7_fu_1370">
<pin_list>
<pin id="1371" dir="0" index="0" bw="12" slack="0"/>
<pin id="1372" dir="0" index="1" bw="12" slack="0"/>
<pin id="1373" dir="1" index="2" bw="13" slack="0"/>
</pin_list>
<bind>
<opcode="add(8) " fcode="add"/>
<opset="ret_V_7/14 "/>
</bind>
</comp>

<comp id="1376" class="1004" name="p_shl_7_fu_1376">
<pin_list>
<pin id="1377" dir="0" index="0" bw="24" slack="0"/>
<pin id="1378" dir="0" index="1" bw="13" slack="0"/>
<pin id="1379" dir="0" index="2" bw="1" slack="0"/>
<pin id="1380" dir="1" index="3" bw="24" slack="0"/>
</pin_list>
<bind>
<opcode="bitconcatenate(1004) " fcode="bitconcatenate"/>
<opset="p_shl_7/14 "/>
</bind>
</comp>

<comp id="1384" class="1004" name="p_shl2_7_fu_1384">
<pin_list>
<pin id="1385" dir="0" index="0" bw="16" slack="0"/>
<pin id="1386" dir="0" index="1" bw="13" slack="0"/>
<pin id="1387" dir="0" index="2" bw="1" slack="0"/>
<pin id="1388" dir="1" index="3" bw="16" slack="0"/>
</pin_list>
<bind>
<opcode="bitconcatenate(1004) " fcode="bitconcatenate"/>
<opset="p_shl2_7/14 "/>
</bind>
</comp>

<comp id="1392" class="1004" name="p_shl2_7_cast_fu_1392">
<pin_list>
<pin id="1393" dir="0" index="0" bw="16" slack="0"/>
<pin id="1394" dir="1" index="1" bw="24" slack="0"/>
</pin_list>
<bind>
<opcode="sext(35) " fcode="sext"/>
<opset="p_shl2_7_cast/14 "/>
</bind>
</comp>

<comp id="1396" class="1004" name="r_V_4_7_fu_1396">
<pin_list>
<pin id="1397" dir="0" index="0" bw="24" slack="0"/>
<pin id="1398" dir="0" index="1" bw="16" slack="0"/>
<pin id="1399" dir="1" index="2" bw="24" slack="0"/>
</pin_list>
<bind>
<opcode="sub(10) " fcode="sub"/>
<opset="r_V_4_7/14 "/>
</bind>
</comp>

<comp id="1402" class="1004" name="tmp_114_fu_1402">
<pin_list>
<pin id="1403" dir="0" index="0" bw="1" slack="0"/>
<pin id="1404" dir="0" index="1" bw="24" slack="0"/>
<pin id="1405" dir="0" index="2" bw="6" slack="0"/>
<pin id="1406" dir="1" index="3" bw="1" slack="0"/>
</pin_list>
<bind>
<opcode="bitselect(1000) " fcode="bitselect"/>
<opset="tmp_114/14 "/>
</bind>
</comp>

<comp id="1410" class="1004" name="tmp_115_fu_1410">
<pin_list>
<pin id="1411" dir="0" index="0" bw="24" slack="0"/>
<pin id="1412" dir="1" index="1" bw="14" slack="0"/>
</pin_list>
<bind>
<opcode="trunc(33) " fcode="trunc"/>
<opset="tmp_115/14 "/>
</bind>
</comp>

<comp id="1414" class="1004" name="tmp_12_7_fu_1414">
<pin_list>
<pin id="1415" dir="0" index="0" bw="14" slack="0"/>
<pin id="1416" dir="0" index="1" bw="14" slack="0"/>
<pin id="1417" dir="1" index="2" bw="1" slack="0"/>
</pin_list>
<bind>
<opcode="icmp(45) " fcode="icmp"/>
<opset="tmp_12_7/14 "/>
</bind>
</comp>

<comp id="1420" class="1004" name="tmp_95_fu_1420">
<pin_list>
<pin id="1421" dir="0" index="0" bw="8" slack="0"/>
<pin id="1422" dir="0" index="1" bw="24" slack="0"/>
<pin id="1423" dir="0" index="2" bw="5" slack="0"/>
<pin id="1424" dir="0" index="3" bw="6" slack="0"/>
<pin id="1425" dir="1" index="4" bw="8" slack="0"/>
</pin_list>
<bind>
<opcode="partselect(1002) " fcode="partselect"/>
<opset="tmp_95/14 "/>
</bind>
</comp>

<comp id="1430" class="1004" name="tmp_96_fu_1430">
<pin_list>
<pin id="1431" dir="0" index="0" bw="1" slack="0"/>
<pin id="1432" dir="0" index="1" bw="8" slack="0"/>
<pin id="1433" dir="1" index="2" bw="8" slack="0"/>
</pin_list>
<bind>
<opcode="add(8) " fcode="add"/>
<opset="tmp_96/14 "/>
</bind>
</comp>

<comp id="1436" class="1004" name="tmp_97_fu_1436">
<pin_list>
<pin id="1437" dir="0" index="0" bw="1" slack="0"/>
<pin id="1438" dir="0" index="1" bw="8" slack="0"/>
<pin id="1439" dir="0" index="2" bw="8" slack="0"/>
<pin id="1440" dir="1" index="3" bw="8" slack="0"/>
</pin_list>
<bind>
<opcode="select(49) " fcode="select"/>
<opset="tmp_97/14 "/>
</bind>
</comp>

<comp id="1444" class="1004" name="tmp_98_fu_1444">
<pin_list>
<pin id="1445" dir="0" index="0" bw="1" slack="0"/>
<pin id="1446" dir="0" index="1" bw="8" slack="0"/>
<pin id="1447" dir="0" index="2" bw="8" slack="0"/>
<pin id="1448" dir="1" index="3" bw="8" slack="1"/>
</pin_list>
<bind>
<opcode="select(49) " fcode="select"/>
<opset="tmp_98/14 "/>
</bind>
</comp>

<comp id="1452" class="1004" name="tmp_6_44_fu_1452">
<pin_list>
<pin id="1453" dir="0" index="0" bw="11" slack="0"/>
<pin id="1454" dir="0" index="1" bw="15" slack="0"/>
<pin id="1455" dir="0" index="2" bw="4" slack="0"/>
<pin id="1456" dir="0" index="3" bw="5" slack="0"/>
<pin id="1457" dir="1" index="4" bw="11" slack="0"/>
</pin_list>
<bind>
<opcode="partselect(1002) " fcode="partselect"/>
<opset="tmp_6_44/15 "/>
</bind>
</comp>

<comp id="1462" class="1004" name="tmp_61_fu_1462">
<pin_list>
<pin id="1463" dir="0" index="0" bw="11" slack="0"/>
<pin id="1464" dir="1" index="1" bw="12" slack="0"/>
</pin_list>
<bind>
<opcode="zext(34) " fcode="zext"/>
<opset="tmp_61/15 "/>
</bind>
</comp>

<comp id="1466" class="1004" name="sel_tmp18_fu_1466">
<pin_list>
<pin id="1467" dir="0" index="0" bw="1" slack="2"/>
<pin id="1468" dir="0" index="1" bw="1" slack="0"/>
<pin id="1469" dir="1" index="2" bw="1" slack="0"/>
</pin_list>
<bind>
<opcode="xor(25) " fcode="xor"/>
<opset="sel_tmp18/15 "/>
</bind>
</comp>

<comp id="1471" class="1004" name="sel_tmp19_fu_1471">
<pin_list>
<pin id="1472" dir="0" index="0" bw="1" slack="2"/>
<pin id="1473" dir="0" index="1" bw="1" slack="0"/>
<pin id="1474" dir="1" index="2" bw="1" slack="0"/>
</pin_list>
<bind>
<opcode="and(23) " fcode="and"/>
<opset="sel_tmp19/15 "/>
</bind>
</comp>

<comp id="1476" class="1004" name="sel_tmp20_fu_1476">
<pin_list>
<pin id="1477" dir="0" index="0" bw="1" slack="0"/>
<pin id="1478" dir="0" index="1" bw="12" slack="0"/>
<pin id="1479" dir="0" index="2" bw="12" slack="0"/>
<pin id="1480" dir="1" index="3" bw="12" slack="0"/>
</pin_list>
<bind>
<opcode="select(49) " fcode="select"/>
<opset="sel_tmp20/15 "/>
</bind>
</comp>

<comp id="1484" class="1004" name="tmp_94_fu_1484">
<pin_list>
<pin id="1485" dir="0" index="0" bw="1" slack="0"/>
<pin id="1486" dir="0" index="1" bw="1" slack="2"/>
<pin id="1487" dir="1" index="2" bw="1" slack="0"/>
</pin_list>
<bind>
<opcode="or(24) " fcode="or"/>
<opset="tmp_94/15 "/>
</bind>
</comp>

<comp id="1489" class="1004" name="storemerge1_6_fu_1489">
<pin_list>
<pin id="1490" dir="0" index="0" bw="1" slack="0"/>
<pin id="1491" dir="0" index="1" bw="12" slack="0"/>
<pin id="1492" dir="0" index="2" bw="12" slack="0"/>
<pin id="1493" dir="1" index="3" bw="12" slack="0"/>
</pin_list>
<bind>
<opcode="select(49) " fcode="select"/>
<opset="storemerge1_6/15 "/>
</bind>
</comp>

<comp id="1497" class="1004" name="storemerge1_6_cast_fu_1497">
<pin_list>
<pin id="1498" dir="0" index="0" bw="12" slack="0"/>
<pin id="1499" dir="1" index="1" bw="16" slack="0"/>
</pin_list>
<bind>
<opcode="zext(34) " fcode="zext"/>
<opset="storemerge1_6_cast/15 "/>
</bind>
</comp>

<comp id="1502" class="1004" name="tmp_13_7_fu_1502">
<pin_list>
<pin id="1503" dir="0" index="0" bw="8" slack="1"/>
<pin id="1504" dir="1" index="1" bw="64" slack="0"/>
</pin_list>
<bind>
<opcode="zext(34) " fcode="zext"/>
<opset="tmp_13_7/15 "/>
</bind>
</comp>

<comp id="1506" class="1004" name="tmp_7_45_fu_1506">
<pin_list>
<pin id="1507" dir="0" index="0" bw="11" slack="0"/>
<pin id="1508" dir="0" index="1" bw="15" slack="0"/>
<pin id="1509" dir="0" index="2" bw="4" slack="0"/>
<pin id="1510" dir="0" index="3" bw="5" slack="0"/>
<pin id="1511" dir="1" index="4" bw="11" slack="0"/>
</pin_list>
<bind>
<opcode="partselect(1002) " fcode="partselect"/>
<opset="tmp_7_45/16 "/>
</bind>
</comp>

<comp id="1516" class="1004" name="tmp_65_fu_1516">
<pin_list>
<pin id="1517" dir="0" index="0" bw="11" slack="0"/>
<pin id="1518" dir="1" index="1" bw="12" slack="0"/>
</pin_list>
<bind>
<opcode="zext(34) " fcode="zext"/>
<opset="tmp_65/16 "/>
</bind>
</comp>

<comp id="1520" class="1004" name="sel_tmp21_fu_1520">
<pin_list>
<pin id="1521" dir="0" index="0" bw="1" slack="2"/>
<pin id="1522" dir="0" index="1" bw="1" slack="0"/>
<pin id="1523" dir="1" index="2" bw="1" slack="0"/>
</pin_list>
<bind>
<opcode="xor(25) " fcode="xor"/>
<opset="sel_tmp21/16 "/>
</bind>
</comp>

<comp id="1525" class="1004" name="sel_tmp22_fu_1525">
<pin_list>
<pin id="1526" dir="0" index="0" bw="1" slack="2"/>
<pin id="1527" dir="0" index="1" bw="1" slack="0"/>
<pin id="1528" dir="1" index="2" bw="1" slack="0"/>
</pin_list>
<bind>
<opcode="and(23) " fcode="and"/>
<opset="sel_tmp22/16 "/>
</bind>
</comp>

<comp id="1530" class="1004" name="sel_tmp23_fu_1530">
<pin_list>
<pin id="1531" dir="0" index="0" bw="1" slack="0"/>
<pin id="1532" dir="0" index="1" bw="12" slack="0"/>
<pin id="1533" dir="0" index="2" bw="12" slack="0"/>
<pin id="1534" dir="1" index="3" bw="12" slack="0"/>
</pin_list>
<bind>
<opcode="select(49) " fcode="select"/>
<opset="sel_tmp23/16 "/>
</bind>
</comp>

<comp id="1538" class="1004" name="tmp_99_fu_1538">
<pin_list>
<pin id="1539" dir="0" index="0" bw="1" slack="0"/>
<pin id="1540" dir="0" index="1" bw="1" slack="2"/>
<pin id="1541" dir="1" index="2" bw="1" slack="0"/>
</pin_list>
<bind>
<opcode="or(24) " fcode="or"/>
<opset="tmp_99/16 "/>
</bind>
</comp>

<comp id="1543" class="1004" name="storemerge1_7_fu_1543">
<pin_list>
<pin id="1544" dir="0" index="0" bw="1" slack="0"/>
<pin id="1545" dir="0" index="1" bw="12" slack="0"/>
<pin id="1546" dir="0" index="2" bw="12" slack="0"/>
<pin id="1547" dir="1" index="3" bw="12" slack="0"/>
</pin_list>
<bind>
<opcode="select(49) " fcode="select"/>
<opset="storemerge1_7/16 "/>
</bind>
</comp>

<comp id="1551" class="1004" name="storemerge1_7_cast_fu_1551">
<pin_list>
<pin id="1552" dir="0" index="0" bw="12" slack="0"/>
<pin id="1553" dir="1" index="1" bw="16" slack="0"/>
</pin_list>
<bind>
<opcode="zext(34) " fcode="zext"/>
<opset="storemerge1_7_cast/16 "/>
</bind>
</comp>

<comp id="1556" class="1005" name="newIndex2_reg_1556">
<pin_list>
<pin id="1557" dir="0" index="0" bw="64" slack="3"/>
<pin id="1558" dir="1" index="1" bw="64" slack="3"/>
</pin_list>
<bind>
<opset="newIndex2 "/>
</bind>
</comp>

<comp id="1567" class="1005" name="x_0_V_addr_reg_1567">
<pin_list>
<pin id="1568" dir="0" index="0" bw="3" slack="1"/>
<pin id="1569" dir="1" index="1" bw="3" slack="1"/>
</pin_list>
<bind>
<opset="x_0_V_addr "/>
</bind>
</comp>

<comp id="1572" class="1005" name="tmp_s_reg_1572">
<pin_list>
<pin id="1573" dir="0" index="0" bw="1" slack="2"/>
<pin id="1574" dir="1" index="1" bw="1" slack="2147483647"/>
</pin_list>
<bind>
<opset="tmp_s "/>
</bind>
</comp>

<comp id="1576" class="1005" name="tmp_9_reg_1576">
<pin_list>
<pin id="1577" dir="0" index="0" bw="1" slack="2"/>
<pin id="1578" dir="1" index="1" bw="1" slack="2147483647"/>
</pin_list>
<bind>
<opset="tmp_9 "/>
</bind>
</comp>

<comp id="1580" class="1005" name="tmp_64_reg_1580">
<pin_list>
<pin id="1581" dir="0" index="0" bw="8" slack="1"/>
<pin id="1582" dir="1" index="1" bw="8" slack="1"/>
</pin_list>
<bind>
<opset="tmp_64 "/>
</bind>
</comp>

<comp id="1585" class="1005" name="sigmoid_lut_V_addr_reg_1585">
<pin_list>
<pin id="1586" dir="0" index="0" bw="8" slack="1"/>
<pin id="1587" dir="1" index="1" bw="8" slack="1"/>
</pin_list>
<bind>
<opset="sigmoid_lut_V_addr "/>
</bind>
</comp>

<comp id="1590" class="1005" name="tmp_37_reg_1590">
<pin_list>
<pin id="1591" dir="0" index="0" bw="12" slack="1"/>
<pin id="1592" dir="1" index="1" bw="12" slack="1"/>
</pin_list>
<bind>
<opset="tmp_37 "/>
</bind>
</comp>

<comp id="1595" class="1005" name="x_1_V_addr_reg_1595">
<pin_list>
<pin id="1596" dir="0" index="0" bw="3" slack="1"/>
<pin id="1597" dir="1" index="1" bw="3" slack="1"/>
</pin_list>
<bind>
<opset="x_1_V_addr "/>
</bind>
</comp>

<comp id="1600" class="1005" name="tmp_1_46_reg_1600">
<pin_list>
<pin id="1601" dir="0" index="0" bw="1" slack="2"/>
<pin id="1602" dir="1" index="1" bw="1" slack="2147483647"/>
</pin_list>
<bind>
<opset="tmp_1_46 "/>
</bind>
</comp>

<comp id="1604" class="1005" name="tmp_9_1_reg_1604">
<pin_list>
<pin id="1605" dir="0" index="0" bw="1" slack="2"/>
<pin id="1606" dir="1" index="1" bw="1" slack="2147483647"/>
</pin_list>
<bind>
<opset="tmp_9_1 "/>
</bind>
</comp>

<comp id="1608" class="1005" name="tmp_69_reg_1608">
<pin_list>
<pin id="1609" dir="0" index="0" bw="8" slack="1"/>
<pin id="1610" dir="1" index="1" bw="8" slack="1"/>
</pin_list>
<bind>
<opset="tmp_69 "/>
</bind>
</comp>

<comp id="1613" class="1005" name="sigmoid_lut_V_addr_1_reg_1613">
<pin_list>
<pin id="1614" dir="0" index="0" bw="8" slack="1"/>
<pin id="1615" dir="1" index="1" bw="8" slack="1"/>
</pin_list>
<bind>
<opset="sigmoid_lut_V_addr_1 "/>
</bind>
</comp>

<comp id="1621" class="1005" name="x_2_V_addr_reg_1621">
<pin_list>
<pin id="1622" dir="0" index="0" bw="3" slack="1"/>
<pin id="1623" dir="1" index="1" bw="3" slack="1"/>
</pin_list>
<bind>
<opset="x_2_V_addr "/>
</bind>
</comp>

<comp id="1626" class="1005" name="x_3_V_addr_reg_1626">
<pin_list>
<pin id="1627" dir="0" index="0" bw="3" slack="1"/>
<pin id="1628" dir="1" index="1" bw="3" slack="1"/>
</pin_list>
<bind>
<opset="x_3_V_addr "/>
</bind>
</comp>

<comp id="1631" class="1005" name="x_4_V_addr_reg_1631">
<pin_list>
<pin id="1632" dir="0" index="0" bw="3" slack="2"/>
<pin id="1633" dir="1" index="1" bw="3" slack="2"/>
</pin_list>
<bind>
<opset="x_4_V_addr "/>
</bind>
</comp>

<comp id="1636" class="1005" name="x_5_V_addr_reg_1636">
<pin_list>
<pin id="1637" dir="0" index="0" bw="3" slack="3"/>
<pin id="1638" dir="1" index="1" bw="3" slack="3"/>
</pin_list>
<bind>
<opset="x_5_V_addr "/>
</bind>
</comp>

<comp id="1641" class="1005" name="x_6_V_addr_reg_1641">
<pin_list>
<pin id="1642" dir="0" index="0" bw="3" slack="4"/>
<pin id="1643" dir="1" index="1" bw="3" slack="4"/>
</pin_list>
<bind>
<opset="x_6_V_addr "/>
</bind>
</comp>

<comp id="1646" class="1005" name="x_7_V_addr_reg_1646">
<pin_list>
<pin id="1647" dir="0" index="0" bw="3" slack="5"/>
<pin id="1648" dir="1" index="1" bw="3" slack="5"/>
</pin_list>
<bind>
<opset="x_7_V_addr "/>
</bind>
</comp>

<comp id="1651" class="1005" name="i_3_7_reg_1651">
<pin_list>
<pin id="1652" dir="0" index="0" bw="32" slack="1"/>
<pin id="1653" dir="1" index="1" bw="32" slack="1"/>
</pin_list>
<bind>
<opset="i_3_7 "/>
</bind>
</comp>

<comp id="1656" class="1005" name="tmp_2_reg_1656">
<pin_list>
<pin id="1657" dir="0" index="0" bw="1" slack="2"/>
<pin id="1658" dir="1" index="1" bw="1" slack="2"/>
</pin_list>
<bind>
<opset="tmp_2 "/>
</bind>
</comp>

<comp id="1662" class="1005" name="tmp_9_2_reg_1662">
<pin_list>
<pin id="1663" dir="0" index="0" bw="1" slack="2"/>
<pin id="1664" dir="1" index="1" bw="1" slack="2"/>
</pin_list>
<bind>
<opset="tmp_9_2 "/>
</bind>
</comp>

<comp id="1667" class="1005" name="tmp_73_reg_1667">
<pin_list>
<pin id="1668" dir="0" index="0" bw="8" slack="1"/>
<pin id="1669" dir="1" index="1" bw="8" slack="1"/>
</pin_list>
<bind>
<opset="tmp_73 "/>
</bind>
</comp>

<comp id="1672" class="1005" name="sigmoid_lut_V_addr_2_reg_1672">
<pin_list>
<pin id="1673" dir="0" index="0" bw="8" slack="1"/>
<pin id="1674" dir="1" index="1" bw="8" slack="1"/>
</pin_list>
<bind>
<opset="sigmoid_lut_V_addr_2 "/>
</bind>
</comp>

<comp id="1677" class="1005" name="tmp_3_reg_1677">
<pin_list>
<pin id="1678" dir="0" index="0" bw="1" slack="2"/>
<pin id="1679" dir="1" index="1" bw="1" slack="2"/>
</pin_list>
<bind>
<opset="tmp_3 "/>
</bind>
</comp>

<comp id="1683" class="1005" name="tmp_9_3_reg_1683">
<pin_list>
<pin id="1684" dir="0" index="0" bw="1" slack="2"/>
<pin id="1685" dir="1" index="1" bw="1" slack="2"/>
</pin_list>
<bind>
<opset="tmp_9_3 "/>
</bind>
</comp>

<comp id="1688" class="1005" name="tmp_78_reg_1688">
<pin_list>
<pin id="1689" dir="0" index="0" bw="8" slack="1"/>
<pin id="1690" dir="1" index="1" bw="8" slack="1"/>
</pin_list>
<bind>
<opset="tmp_78 "/>
</bind>
</comp>

<comp id="1693" class="1005" name="sigmoid_lut_V_addr_3_reg_1693">
<pin_list>
<pin id="1694" dir="0" index="0" bw="8" slack="1"/>
<pin id="1695" dir="1" index="1" bw="8" slack="1"/>
</pin_list>
<bind>
<opset="sigmoid_lut_V_addr_3 "/>
</bind>
</comp>

<comp id="1698" class="1005" name="tmp_4_reg_1698">
<pin_list>
<pin id="1699" dir="0" index="0" bw="1" slack="2"/>
<pin id="1700" dir="1" index="1" bw="1" slack="2"/>
</pin_list>
<bind>
<opset="tmp_4 "/>
</bind>
</comp>

<comp id="1704" class="1005" name="tmp_9_4_reg_1704">
<pin_list>
<pin id="1705" dir="0" index="0" bw="1" slack="2"/>
<pin id="1706" dir="1" index="1" bw="1" slack="2"/>
</pin_list>
<bind>
<opset="tmp_9_4 "/>
</bind>
</comp>

<comp id="1709" class="1005" name="tmp_83_reg_1709">
<pin_list>
<pin id="1710" dir="0" index="0" bw="8" slack="1"/>
<pin id="1711" dir="1" index="1" bw="8" slack="1"/>
</pin_list>
<bind>
<opset="tmp_83 "/>
</bind>
</comp>

<comp id="1714" class="1005" name="sigmoid_lut_V_addr_4_reg_1714">
<pin_list>
<pin id="1715" dir="0" index="0" bw="8" slack="1"/>
<pin id="1716" dir="1" index="1" bw="8" slack="1"/>
</pin_list>
<bind>
<opset="sigmoid_lut_V_addr_4 "/>
</bind>
</comp>

<comp id="1719" class="1005" name="tmp_5_reg_1719">
<pin_list>
<pin id="1720" dir="0" index="0" bw="1" slack="2"/>
<pin id="1721" dir="1" index="1" bw="1" slack="2"/>
</pin_list>
<bind>
<opset="tmp_5 "/>
</bind>
</comp>

<comp id="1725" class="1005" name="tmp_9_5_reg_1725">
<pin_list>
<pin id="1726" dir="0" index="0" bw="1" slack="2"/>
<pin id="1727" dir="1" index="1" bw="1" slack="2"/>
</pin_list>
<bind>
<opset="tmp_9_5 "/>
</bind>
</comp>

<comp id="1730" class="1005" name="tmp_88_reg_1730">
<pin_list>
<pin id="1731" dir="0" index="0" bw="8" slack="1"/>
<pin id="1732" dir="1" index="1" bw="8" slack="1"/>
</pin_list>
<bind>
<opset="tmp_88 "/>
</bind>
</comp>

<comp id="1735" class="1005" name="sigmoid_lut_V_addr_5_reg_1735">
<pin_list>
<pin id="1736" dir="0" index="0" bw="8" slack="1"/>
<pin id="1737" dir="1" index="1" bw="8" slack="1"/>
</pin_list>
<bind>
<opset="sigmoid_lut_V_addr_5 "/>
</bind>
</comp>

<comp id="1740" class="1005" name="tmp_6_reg_1740">
<pin_list>
<pin id="1741" dir="0" index="0" bw="1" slack="2"/>
<pin id="1742" dir="1" index="1" bw="1" slack="2"/>
</pin_list>
<bind>
<opset="tmp_6 "/>
</bind>
</comp>

<comp id="1746" class="1005" name="tmp_9_6_reg_1746">
<pin_list>
<pin id="1747" dir="0" index="0" bw="1" slack="2"/>
<pin id="1748" dir="1" index="1" bw="1" slack="2"/>
</pin_list>
<bind>
<opset="tmp_9_6 "/>
</bind>
</comp>

<comp id="1751" class="1005" name="tmp_93_reg_1751">
<pin_list>
<pin id="1752" dir="0" index="0" bw="8" slack="1"/>
<pin id="1753" dir="1" index="1" bw="8" slack="1"/>
</pin_list>
<bind>
<opset="tmp_93 "/>
</bind>
</comp>

<comp id="1756" class="1005" name="sigmoid_lut_V_addr_6_reg_1756">
<pin_list>
<pin id="1757" dir="0" index="0" bw="8" slack="1"/>
<pin id="1758" dir="1" index="1" bw="8" slack="1"/>
</pin_list>
<bind>
<opset="sigmoid_lut_V_addr_6 "/>
</bind>
</comp>

<comp id="1761" class="1005" name="tmp_7_reg_1761">
<pin_list>
<pin id="1762" dir="0" index="0" bw="1" slack="2"/>
<pin id="1763" dir="1" index="1" bw="1" slack="2"/>
</pin_list>
<bind>
<opset="tmp_7 "/>
</bind>
</comp>

<comp id="1767" class="1005" name="tmp_9_7_reg_1767">
<pin_list>
<pin id="1768" dir="0" index="0" bw="1" slack="2"/>
<pin id="1769" dir="1" index="1" bw="1" slack="2"/>
</pin_list>
<bind>
<opset="tmp_9_7 "/>
</bind>
</comp>

<comp id="1772" class="1005" name="tmp_98_reg_1772">
<pin_list>
<pin id="1773" dir="0" index="0" bw="8" slack="1"/>
<pin id="1774" dir="1" index="1" bw="8" slack="1"/>
</pin_list>
<bind>
<opset="tmp_98 "/>
</bind>
</comp>

<comp id="1777" class="1005" name="sigmoid_lut_V_addr_7_reg_1777">
<pin_list>
<pin id="1778" dir="0" index="0" bw="8" slack="1"/>
<pin id="1779" dir="1" index="1" bw="8" slack="1"/>
</pin_list>
<bind>
<opset="sigmoid_lut_V_addr_7 "/>
</bind>
</comp>

</comp_list>

<net_list>
<net id="93"><net_src comp="0" pin="0"/><net_sink comp="88" pin=0"/></net>

<net id="94"><net_src comp="34" pin="0"/><net_sink comp="88" pin=1"/></net>

<net id="100"><net_src comp="88" pin="3"/><net_sink comp="95" pin=0"/></net>

<net id="106"><net_src comp="16" pin="0"/><net_sink comp="101" pin=0"/></net>

<net id="107"><net_src comp="34" pin="0"/><net_sink comp="101" pin=1"/></net>

<net id="113"><net_src comp="101" pin="3"/><net_sink comp="108" pin=0"/></net>

<net id="119"><net_src comp="2" pin="0"/><net_sink comp="114" pin=0"/></net>

<net id="120"><net_src comp="34" pin="0"/><net_sink comp="114" pin=1"/></net>

<net id="126"><net_src comp="114" pin="3"/><net_sink comp="121" pin=0"/></net>

<net id="132"><net_src comp="16" pin="0"/><net_sink comp="127" pin=0"/></net>

<net id="133"><net_src comp="34" pin="0"/><net_sink comp="127" pin=1"/></net>

<net id="134"><net_src comp="127" pin="3"/><net_sink comp="108" pin=0"/></net>

<net id="140"><net_src comp="4" pin="0"/><net_sink comp="135" pin=0"/></net>

<net id="141"><net_src comp="34" pin="0"/><net_sink comp="135" pin=1"/></net>

<net id="147"><net_src comp="135" pin="3"/><net_sink comp="142" pin=0"/></net>

<net id="153"><net_src comp="6" pin="0"/><net_sink comp="148" pin=0"/></net>

<net id="154"><net_src comp="34" pin="0"/><net_sink comp="148" pin=1"/></net>

<net id="160"><net_src comp="8" pin="0"/><net_sink comp="155" pin=0"/></net>

<net id="161"><net_src comp="34" pin="0"/><net_sink comp="155" pin=1"/></net>

<net id="167"><net_src comp="10" pin="0"/><net_sink comp="162" pin=0"/></net>

<net id="168"><net_src comp="34" pin="0"/><net_sink comp="162" pin=1"/></net>

<net id="174"><net_src comp="12" pin="0"/><net_sink comp="169" pin=0"/></net>

<net id="175"><net_src comp="34" pin="0"/><net_sink comp="169" pin=1"/></net>

<net id="181"><net_src comp="14" pin="0"/><net_sink comp="176" pin=0"/></net>

<net id="182"><net_src comp="34" pin="0"/><net_sink comp="176" pin=1"/></net>

<net id="193"><net_src comp="16" pin="0"/><net_sink comp="188" pin=0"/></net>

<net id="194"><net_src comp="34" pin="0"/><net_sink comp="188" pin=1"/></net>

<net id="195"><net_src comp="188" pin="3"/><net_sink comp="108" pin=0"/></net>

<net id="206"><net_src comp="16" pin="0"/><net_sink comp="201" pin=0"/></net>

<net id="207"><net_src comp="34" pin="0"/><net_sink comp="201" pin=1"/></net>

<net id="208"><net_src comp="201" pin="3"/><net_sink comp="108" pin=0"/></net>

<net id="219"><net_src comp="16" pin="0"/><net_sink comp="214" pin=0"/></net>

<net id="220"><net_src comp="34" pin="0"/><net_sink comp="214" pin=1"/></net>

<net id="221"><net_src comp="214" pin="3"/><net_sink comp="108" pin=0"/></net>

<net id="232"><net_src comp="16" pin="0"/><net_sink comp="227" pin=0"/></net>

<net id="233"><net_src comp="34" pin="0"/><net_sink comp="227" pin=1"/></net>

<net id="234"><net_src comp="227" pin="3"/><net_sink comp="108" pin=0"/></net>

<net id="245"><net_src comp="16" pin="0"/><net_sink comp="240" pin=0"/></net>

<net id="246"><net_src comp="34" pin="0"/><net_sink comp="240" pin=1"/></net>

<net id="247"><net_src comp="240" pin="3"/><net_sink comp="108" pin=0"/></net>

<net id="253"><net_src comp="16" pin="0"/><net_sink comp="248" pin=0"/></net>

<net id="254"><net_src comp="34" pin="0"/><net_sink comp="248" pin=1"/></net>

<net id="255"><net_src comp="248" pin="3"/><net_sink comp="108" pin=0"/></net>

<net id="259"><net_src comp="26" pin="0"/><net_sink comp="256" pin=0"/></net>

<net id="266"><net_src comp="256" pin="1"/><net_sink comp="260" pin=0"/></net>

<net id="267"><net_src comp="260" pin="4"/><net_sink comp="256" pin=0"/></net>

<net id="271"><net_src comp="76" pin="0"/><net_sink comp="268" pin=0"/></net>

<net id="272"><net_src comp="78" pin="0"/><net_sink comp="268" pin=0"/></net>

<net id="281"><net_src comp="268" pin="1"/><net_sink comp="273" pin=0"/></net>

<net id="282"><net_src comp="268" pin="1"/><net_sink comp="273" pin=4"/></net>

<net id="286"><net_src comp="76" pin="0"/><net_sink comp="283" pin=0"/></net>

<net id="287"><net_src comp="78" pin="0"/><net_sink comp="283" pin=0"/></net>

<net id="296"><net_src comp="283" pin="1"/><net_sink comp="288" pin=0"/></net>

<net id="297"><net_src comp="283" pin="1"/><net_sink comp="288" pin=4"/></net>

<net id="304"><net_src comp="74" pin="0"/><net_sink comp="298" pin=0"/></net>

<net id="305"><net_src comp="108" pin="3"/><net_sink comp="298" pin=1"/></net>

<net id="306"><net_src comp="46" pin="0"/><net_sink comp="298" pin=2"/></net>

<net id="307"><net_src comp="68" pin="0"/><net_sink comp="298" pin=3"/></net>

<net id="314"><net_src comp="28" pin="0"/><net_sink comp="308" pin=0"/></net>

<net id="315"><net_src comp="260" pin="4"/><net_sink comp="308" pin=1"/></net>

<net id="316"><net_src comp="30" pin="0"/><net_sink comp="308" pin=2"/></net>

<net id="317"><net_src comp="32" pin="0"/><net_sink comp="308" pin=3"/></net>

<net id="321"><net_src comp="308" pin="4"/><net_sink comp="318" pin=0"/></net>

<net id="322"><net_src comp="318" pin="1"/><net_sink comp="88" pin=2"/></net>

<net id="327"><net_src comp="95" pin="3"/><net_sink comp="323" pin=0"/></net>

<net id="328"><net_src comp="40" pin="0"/><net_sink comp="323" pin=1"/></net>

<net id="333"><net_src comp="95" pin="3"/><net_sink comp="329" pin=0"/></net>

<net id="334"><net_src comp="42" pin="0"/><net_sink comp="329" pin=1"/></net>

<net id="341"><net_src comp="44" pin="0"/><net_sink comp="335" pin=0"/></net>

<net id="342"><net_src comp="95" pin="3"/><net_sink comp="335" pin=1"/></net>

<net id="343"><net_src comp="46" pin="0"/><net_sink comp="335" pin=2"/></net>

<net id="344"><net_src comp="48" pin="0"/><net_sink comp="335" pin=3"/></net>

<net id="348"><net_src comp="335" pin="4"/><net_sink comp="345" pin=0"/></net>

<net id="353"><net_src comp="50" pin="0"/><net_sink comp="349" pin=0"/></net>

<net id="354"><net_src comp="345" pin="1"/><net_sink comp="349" pin=1"/></net>

<net id="360"><net_src comp="52" pin="0"/><net_sink comp="355" pin=0"/></net>

<net id="361"><net_src comp="349" pin="2"/><net_sink comp="355" pin=1"/></net>

<net id="362"><net_src comp="54" pin="0"/><net_sink comp="355" pin=2"/></net>

<net id="368"><net_src comp="56" pin="0"/><net_sink comp="363" pin=0"/></net>

<net id="369"><net_src comp="349" pin="2"/><net_sink comp="363" pin=1"/></net>

<net id="370"><net_src comp="58" pin="0"/><net_sink comp="363" pin=2"/></net>

<net id="374"><net_src comp="363" pin="3"/><net_sink comp="371" pin=0"/></net>

<net id="379"><net_src comp="355" pin="3"/><net_sink comp="375" pin=0"/></net>

<net id="380"><net_src comp="371" pin="1"/><net_sink comp="375" pin=1"/></net>

<net id="386"><net_src comp="60" pin="0"/><net_sink comp="381" pin=0"/></net>

<net id="387"><net_src comp="375" pin="2"/><net_sink comp="381" pin=1"/></net>

<net id="388"><net_src comp="62" pin="0"/><net_sink comp="381" pin=2"/></net>

<net id="392"><net_src comp="375" pin="2"/><net_sink comp="389" pin=0"/></net>

<net id="397"><net_src comp="389" pin="1"/><net_sink comp="393" pin=0"/></net>

<net id="398"><net_src comp="64" pin="0"/><net_sink comp="393" pin=1"/></net>

<net id="405"><net_src comp="66" pin="0"/><net_sink comp="399" pin=0"/></net>

<net id="406"><net_src comp="375" pin="2"/><net_sink comp="399" pin=1"/></net>

<net id="407"><net_src comp="68" pin="0"/><net_sink comp="399" pin=2"/></net>

<net id="408"><net_src comp="70" pin="0"/><net_sink comp="399" pin=3"/></net>

<net id="413"><net_src comp="72" pin="0"/><net_sink comp="409" pin=0"/></net>

<net id="414"><net_src comp="399" pin="4"/><net_sink comp="409" pin=1"/></net>

<net id="420"><net_src comp="393" pin="2"/><net_sink comp="415" pin=0"/></net>

<net id="421"><net_src comp="399" pin="4"/><net_sink comp="415" pin=1"/></net>

<net id="422"><net_src comp="409" pin="2"/><net_sink comp="415" pin=2"/></net>

<net id="428"><net_src comp="381" pin="3"/><net_sink comp="423" pin=0"/></net>

<net id="429"><net_src comp="415" pin="3"/><net_sink comp="423" pin=1"/></net>

<net id="430"><net_src comp="399" pin="4"/><net_sink comp="423" pin=2"/></net>

<net id="434"><net_src comp="431" pin="1"/><net_sink comp="101" pin=2"/></net>

<net id="438"><net_src comp="298" pin="4"/><net_sink comp="435" pin=0"/></net>

<net id="442"><net_src comp="273" pin="6"/><net_sink comp="439" pin=0"/></net>

<net id="443"><net_src comp="439" pin="1"/><net_sink comp="95" pin=1"/></net>

<net id="448"><net_src comp="121" pin="3"/><net_sink comp="444" pin=0"/></net>

<net id="449"><net_src comp="40" pin="0"/><net_sink comp="444" pin=1"/></net>

<net id="454"><net_src comp="121" pin="3"/><net_sink comp="450" pin=0"/></net>

<net id="455"><net_src comp="42" pin="0"/><net_sink comp="450" pin=1"/></net>

<net id="462"><net_src comp="44" pin="0"/><net_sink comp="456" pin=0"/></net>

<net id="463"><net_src comp="121" pin="3"/><net_sink comp="456" pin=1"/></net>

<net id="464"><net_src comp="46" pin="0"/><net_sink comp="456" pin=2"/></net>

<net id="465"><net_src comp="48" pin="0"/><net_sink comp="456" pin=3"/></net>

<net id="469"><net_src comp="456" pin="4"/><net_sink comp="466" pin=0"/></net>

<net id="474"><net_src comp="50" pin="0"/><net_sink comp="470" pin=0"/></net>

<net id="475"><net_src comp="466" pin="1"/><net_sink comp="470" pin=1"/></net>

<net id="481"><net_src comp="52" pin="0"/><net_sink comp="476" pin=0"/></net>

<net id="482"><net_src comp="470" pin="2"/><net_sink comp="476" pin=1"/></net>

<net id="483"><net_src comp="54" pin="0"/><net_sink comp="476" pin=2"/></net>

<net id="489"><net_src comp="56" pin="0"/><net_sink comp="484" pin=0"/></net>

<net id="490"><net_src comp="470" pin="2"/><net_sink comp="484" pin=1"/></net>

<net id="491"><net_src comp="58" pin="0"/><net_sink comp="484" pin=2"/></net>

<net id="495"><net_src comp="484" pin="3"/><net_sink comp="492" pin=0"/></net>

<net id="500"><net_src comp="476" pin="3"/><net_sink comp="496" pin=0"/></net>

<net id="501"><net_src comp="492" pin="1"/><net_sink comp="496" pin=1"/></net>

<net id="507"><net_src comp="60" pin="0"/><net_sink comp="502" pin=0"/></net>

<net id="508"><net_src comp="496" pin="2"/><net_sink comp="502" pin=1"/></net>

<net id="509"><net_src comp="62" pin="0"/><net_sink comp="502" pin=2"/></net>

<net id="513"><net_src comp="496" pin="2"/><net_sink comp="510" pin=0"/></net>

<net id="518"><net_src comp="510" pin="1"/><net_sink comp="514" pin=0"/></net>

<net id="519"><net_src comp="64" pin="0"/><net_sink comp="514" pin=1"/></net>

<net id="526"><net_src comp="66" pin="0"/><net_sink comp="520" pin=0"/></net>

<net id="527"><net_src comp="496" pin="2"/><net_sink comp="520" pin=1"/></net>

<net id="528"><net_src comp="68" pin="0"/><net_sink comp="520" pin=2"/></net>

<net id="529"><net_src comp="70" pin="0"/><net_sink comp="520" pin=3"/></net>

<net id="534"><net_src comp="72" pin="0"/><net_sink comp="530" pin=0"/></net>

<net id="535"><net_src comp="520" pin="4"/><net_sink comp="530" pin=1"/></net>

<net id="541"><net_src comp="514" pin="2"/><net_sink comp="536" pin=0"/></net>

<net id="542"><net_src comp="520" pin="4"/><net_sink comp="536" pin=1"/></net>

<net id="543"><net_src comp="530" pin="2"/><net_sink comp="536" pin=2"/></net>

<net id="549"><net_src comp="502" pin="3"/><net_sink comp="544" pin=0"/></net>

<net id="550"><net_src comp="536" pin="3"/><net_sink comp="544" pin=1"/></net>

<net id="551"><net_src comp="520" pin="4"/><net_sink comp="544" pin=2"/></net>

<net id="555"><net_src comp="552" pin="1"/><net_sink comp="127" pin=2"/></net>

<net id="559"><net_src comp="298" pin="4"/><net_sink comp="556" pin=0"/></net>

<net id="560"><net_src comp="556" pin="1"/><net_sink comp="288" pin=2"/></net>

<net id="564"><net_src comp="288" pin="6"/><net_sink comp="561" pin=0"/></net>

<net id="565"><net_src comp="561" pin="1"/><net_sink comp="121" pin=1"/></net>

<net id="570"><net_src comp="256" pin="1"/><net_sink comp="566" pin=0"/></net>

<net id="571"><net_src comp="80" pin="0"/><net_sink comp="566" pin=1"/></net>

<net id="576"><net_src comp="566" pin="2"/><net_sink comp="572" pin=0"/></net>

<net id="577"><net_src comp="82" pin="0"/><net_sink comp="572" pin=1"/></net>

<net id="582"><net_src comp="84" pin="0"/><net_sink comp="578" pin=0"/></net>

<net id="583"><net_src comp="256" pin="1"/><net_sink comp="578" pin=1"/></net>

<net id="588"><net_src comp="142" pin="3"/><net_sink comp="584" pin=0"/></net>

<net id="589"><net_src comp="40" pin="0"/><net_sink comp="584" pin=1"/></net>

<net id="594"><net_src comp="142" pin="3"/><net_sink comp="590" pin=0"/></net>

<net id="595"><net_src comp="42" pin="0"/><net_sink comp="590" pin=1"/></net>

<net id="602"><net_src comp="44" pin="0"/><net_sink comp="596" pin=0"/></net>

<net id="603"><net_src comp="142" pin="3"/><net_sink comp="596" pin=1"/></net>

<net id="604"><net_src comp="46" pin="0"/><net_sink comp="596" pin=2"/></net>

<net id="605"><net_src comp="48" pin="0"/><net_sink comp="596" pin=3"/></net>

<net id="609"><net_src comp="596" pin="4"/><net_sink comp="606" pin=0"/></net>

<net id="614"><net_src comp="50" pin="0"/><net_sink comp="610" pin=0"/></net>

<net id="615"><net_src comp="606" pin="1"/><net_sink comp="610" pin=1"/></net>

<net id="621"><net_src comp="52" pin="0"/><net_sink comp="616" pin=0"/></net>

<net id="622"><net_src comp="610" pin="2"/><net_sink comp="616" pin=1"/></net>

<net id="623"><net_src comp="54" pin="0"/><net_sink comp="616" pin=2"/></net>

<net id="629"><net_src comp="56" pin="0"/><net_sink comp="624" pin=0"/></net>

<net id="630"><net_src comp="610" pin="2"/><net_sink comp="624" pin=1"/></net>

<net id="631"><net_src comp="58" pin="0"/><net_sink comp="624" pin=2"/></net>

<net id="635"><net_src comp="624" pin="3"/><net_sink comp="632" pin=0"/></net>

<net id="640"><net_src comp="616" pin="3"/><net_sink comp="636" pin=0"/></net>

<net id="641"><net_src comp="632" pin="1"/><net_sink comp="636" pin=1"/></net>

<net id="647"><net_src comp="60" pin="0"/><net_sink comp="642" pin=0"/></net>

<net id="648"><net_src comp="636" pin="2"/><net_sink comp="642" pin=1"/></net>

<net id="649"><net_src comp="62" pin="0"/><net_sink comp="642" pin=2"/></net>

<net id="653"><net_src comp="636" pin="2"/><net_sink comp="650" pin=0"/></net>

<net id="658"><net_src comp="650" pin="1"/><net_sink comp="654" pin=0"/></net>

<net id="659"><net_src comp="64" pin="0"/><net_sink comp="654" pin=1"/></net>

<net id="666"><net_src comp="66" pin="0"/><net_sink comp="660" pin=0"/></net>

<net id="667"><net_src comp="636" pin="2"/><net_sink comp="660" pin=1"/></net>

<net id="668"><net_src comp="68" pin="0"/><net_sink comp="660" pin=2"/></net>

<net id="669"><net_src comp="70" pin="0"/><net_sink comp="660" pin=3"/></net>

<net id="674"><net_src comp="72" pin="0"/><net_sink comp="670" pin=0"/></net>

<net id="675"><net_src comp="660" pin="4"/><net_sink comp="670" pin=1"/></net>

<net id="681"><net_src comp="654" pin="2"/><net_sink comp="676" pin=0"/></net>

<net id="682"><net_src comp="660" pin="4"/><net_sink comp="676" pin=1"/></net>

<net id="683"><net_src comp="670" pin="2"/><net_sink comp="676" pin=2"/></net>

<net id="689"><net_src comp="642" pin="3"/><net_sink comp="684" pin=0"/></net>

<net id="690"><net_src comp="676" pin="3"/><net_sink comp="684" pin=1"/></net>

<net id="691"><net_src comp="660" pin="4"/><net_sink comp="684" pin=2"/></net>

<net id="695"><net_src comp="692" pin="1"/><net_sink comp="188" pin=2"/></net>

<net id="700"><net_src comp="183" pin="3"/><net_sink comp="696" pin=0"/></net>

<net id="701"><net_src comp="40" pin="0"/><net_sink comp="696" pin=1"/></net>

<net id="706"><net_src comp="183" pin="3"/><net_sink comp="702" pin=0"/></net>

<net id="707"><net_src comp="42" pin="0"/><net_sink comp="702" pin=1"/></net>

<net id="714"><net_src comp="44" pin="0"/><net_sink comp="708" pin=0"/></net>

<net id="715"><net_src comp="183" pin="3"/><net_sink comp="708" pin=1"/></net>

<net id="716"><net_src comp="46" pin="0"/><net_sink comp="708" pin=2"/></net>

<net id="717"><net_src comp="48" pin="0"/><net_sink comp="708" pin=3"/></net>

<net id="721"><net_src comp="708" pin="4"/><net_sink comp="718" pin=0"/></net>

<net id="726"><net_src comp="50" pin="0"/><net_sink comp="722" pin=0"/></net>

<net id="727"><net_src comp="718" pin="1"/><net_sink comp="722" pin=1"/></net>

<net id="733"><net_src comp="52" pin="0"/><net_sink comp="728" pin=0"/></net>

<net id="734"><net_src comp="722" pin="2"/><net_sink comp="728" pin=1"/></net>

<net id="735"><net_src comp="54" pin="0"/><net_sink comp="728" pin=2"/></net>

<net id="741"><net_src comp="56" pin="0"/><net_sink comp="736" pin=0"/></net>

<net id="742"><net_src comp="722" pin="2"/><net_sink comp="736" pin=1"/></net>

<net id="743"><net_src comp="58" pin="0"/><net_sink comp="736" pin=2"/></net>

<net id="747"><net_src comp="736" pin="3"/><net_sink comp="744" pin=0"/></net>

<net id="752"><net_src comp="728" pin="3"/><net_sink comp="748" pin=0"/></net>

<net id="753"><net_src comp="744" pin="1"/><net_sink comp="748" pin=1"/></net>

<net id="759"><net_src comp="60" pin="0"/><net_sink comp="754" pin=0"/></net>

<net id="760"><net_src comp="748" pin="2"/><net_sink comp="754" pin=1"/></net>

<net id="761"><net_src comp="62" pin="0"/><net_sink comp="754" pin=2"/></net>

<net id="765"><net_src comp="748" pin="2"/><net_sink comp="762" pin=0"/></net>

<net id="770"><net_src comp="762" pin="1"/><net_sink comp="766" pin=0"/></net>

<net id="771"><net_src comp="64" pin="0"/><net_sink comp="766" pin=1"/></net>

<net id="778"><net_src comp="66" pin="0"/><net_sink comp="772" pin=0"/></net>

<net id="779"><net_src comp="748" pin="2"/><net_sink comp="772" pin=1"/></net>

<net id="780"><net_src comp="68" pin="0"/><net_sink comp="772" pin=2"/></net>

<net id="781"><net_src comp="70" pin="0"/><net_sink comp="772" pin=3"/></net>

<net id="786"><net_src comp="72" pin="0"/><net_sink comp="782" pin=0"/></net>

<net id="787"><net_src comp="772" pin="4"/><net_sink comp="782" pin=1"/></net>

<net id="793"><net_src comp="766" pin="2"/><net_sink comp="788" pin=0"/></net>

<net id="794"><net_src comp="772" pin="4"/><net_sink comp="788" pin=1"/></net>

<net id="795"><net_src comp="782" pin="2"/><net_sink comp="788" pin=2"/></net>

<net id="801"><net_src comp="754" pin="3"/><net_sink comp="796" pin=0"/></net>

<net id="802"><net_src comp="788" pin="3"/><net_sink comp="796" pin=1"/></net>

<net id="803"><net_src comp="772" pin="4"/><net_sink comp="796" pin=2"/></net>

<net id="810"><net_src comp="74" pin="0"/><net_sink comp="804" pin=0"/></net>

<net id="811"><net_src comp="108" pin="3"/><net_sink comp="804" pin=1"/></net>

<net id="812"><net_src comp="46" pin="0"/><net_sink comp="804" pin=2"/></net>

<net id="813"><net_src comp="68" pin="0"/><net_sink comp="804" pin=3"/></net>

<net id="817"><net_src comp="804" pin="4"/><net_sink comp="814" pin=0"/></net>

<net id="822"><net_src comp="86" pin="0"/><net_sink comp="818" pin=1"/></net>

<net id="827"><net_src comp="818" pin="2"/><net_sink comp="823" pin=1"/></net>

<net id="833"><net_src comp="823" pin="2"/><net_sink comp="828" pin=0"/></net>

<net id="834"><net_src comp="78" pin="0"/><net_sink comp="828" pin=1"/></net>

<net id="835"><net_src comp="76" pin="0"/><net_sink comp="828" pin=2"/></net>

<net id="840"><net_src comp="823" pin="2"/><net_sink comp="836" pin=0"/></net>

<net id="846"><net_src comp="836" pin="2"/><net_sink comp="841" pin=0"/></net>

<net id="847"><net_src comp="828" pin="3"/><net_sink comp="841" pin=1"/></net>

<net id="848"><net_src comp="814" pin="1"/><net_sink comp="841" pin=2"/></net>

<net id="852"><net_src comp="841" pin="3"/><net_sink comp="849" pin=0"/></net>

<net id="853"><net_src comp="849" pin="1"/><net_sink comp="142" pin=1"/></net>

<net id="857"><net_src comp="854" pin="1"/><net_sink comp="201" pin=2"/></net>

<net id="862"><net_src comp="196" pin="3"/><net_sink comp="858" pin=0"/></net>

<net id="863"><net_src comp="40" pin="0"/><net_sink comp="858" pin=1"/></net>

<net id="868"><net_src comp="196" pin="3"/><net_sink comp="864" pin=0"/></net>

<net id="869"><net_src comp="42" pin="0"/><net_sink comp="864" pin=1"/></net>

<net id="876"><net_src comp="44" pin="0"/><net_sink comp="870" pin=0"/></net>

<net id="877"><net_src comp="196" pin="3"/><net_sink comp="870" pin=1"/></net>

<net id="878"><net_src comp="46" pin="0"/><net_sink comp="870" pin=2"/></net>

<net id="879"><net_src comp="48" pin="0"/><net_sink comp="870" pin=3"/></net>

<net id="883"><net_src comp="870" pin="4"/><net_sink comp="880" pin=0"/></net>

<net id="888"><net_src comp="50" pin="0"/><net_sink comp="884" pin=0"/></net>

<net id="889"><net_src comp="880" pin="1"/><net_sink comp="884" pin=1"/></net>

<net id="895"><net_src comp="52" pin="0"/><net_sink comp="890" pin=0"/></net>

<net id="896"><net_src comp="884" pin="2"/><net_sink comp="890" pin=1"/></net>

<net id="897"><net_src comp="54" pin="0"/><net_sink comp="890" pin=2"/></net>

<net id="903"><net_src comp="56" pin="0"/><net_sink comp="898" pin=0"/></net>

<net id="904"><net_src comp="884" pin="2"/><net_sink comp="898" pin=1"/></net>

<net id="905"><net_src comp="58" pin="0"/><net_sink comp="898" pin=2"/></net>

<net id="909"><net_src comp="898" pin="3"/><net_sink comp="906" pin=0"/></net>

<net id="914"><net_src comp="890" pin="3"/><net_sink comp="910" pin=0"/></net>

<net id="915"><net_src comp="906" pin="1"/><net_sink comp="910" pin=1"/></net>

<net id="921"><net_src comp="60" pin="0"/><net_sink comp="916" pin=0"/></net>

<net id="922"><net_src comp="910" pin="2"/><net_sink comp="916" pin=1"/></net>

<net id="923"><net_src comp="62" pin="0"/><net_sink comp="916" pin=2"/></net>

<net id="927"><net_src comp="910" pin="2"/><net_sink comp="924" pin=0"/></net>

<net id="932"><net_src comp="924" pin="1"/><net_sink comp="928" pin=0"/></net>

<net id="933"><net_src comp="64" pin="0"/><net_sink comp="928" pin=1"/></net>

<net id="940"><net_src comp="66" pin="0"/><net_sink comp="934" pin=0"/></net>

<net id="941"><net_src comp="910" pin="2"/><net_sink comp="934" pin=1"/></net>

<net id="942"><net_src comp="68" pin="0"/><net_sink comp="934" pin=2"/></net>

<net id="943"><net_src comp="70" pin="0"/><net_sink comp="934" pin=3"/></net>

<net id="948"><net_src comp="72" pin="0"/><net_sink comp="944" pin=0"/></net>

<net id="949"><net_src comp="934" pin="4"/><net_sink comp="944" pin=1"/></net>

<net id="955"><net_src comp="928" pin="2"/><net_sink comp="950" pin=0"/></net>

<net id="956"><net_src comp="934" pin="4"/><net_sink comp="950" pin=1"/></net>

<net id="957"><net_src comp="944" pin="2"/><net_sink comp="950" pin=2"/></net>

<net id="963"><net_src comp="916" pin="3"/><net_sink comp="958" pin=0"/></net>

<net id="964"><net_src comp="950" pin="3"/><net_sink comp="958" pin=1"/></net>

<net id="965"><net_src comp="934" pin="4"/><net_sink comp="958" pin=2"/></net>

<net id="972"><net_src comp="74" pin="0"/><net_sink comp="966" pin=0"/></net>

<net id="973"><net_src comp="108" pin="3"/><net_sink comp="966" pin=1"/></net>

<net id="974"><net_src comp="46" pin="0"/><net_sink comp="966" pin=2"/></net>

<net id="975"><net_src comp="68" pin="0"/><net_sink comp="966" pin=3"/></net>

<net id="979"><net_src comp="966" pin="4"/><net_sink comp="976" pin=0"/></net>

<net id="984"><net_src comp="86" pin="0"/><net_sink comp="980" pin=1"/></net>

<net id="989"><net_src comp="980" pin="2"/><net_sink comp="985" pin=1"/></net>

<net id="995"><net_src comp="985" pin="2"/><net_sink comp="990" pin=0"/></net>

<net id="996"><net_src comp="78" pin="0"/><net_sink comp="990" pin=1"/></net>

<net id="997"><net_src comp="76" pin="0"/><net_sink comp="990" pin=2"/></net>

<net id="1002"><net_src comp="985" pin="2"/><net_sink comp="998" pin=0"/></net>

<net id="1008"><net_src comp="998" pin="2"/><net_sink comp="1003" pin=0"/></net>

<net id="1009"><net_src comp="990" pin="3"/><net_sink comp="1003" pin=1"/></net>

<net id="1010"><net_src comp="976" pin="1"/><net_sink comp="1003" pin=2"/></net>

<net id="1014"><net_src comp="1003" pin="3"/><net_sink comp="1011" pin=0"/></net>

<net id="1015"><net_src comp="1011" pin="1"/><net_sink comp="183" pin=1"/></net>

<net id="1019"><net_src comp="1016" pin="1"/><net_sink comp="214" pin=2"/></net>

<net id="1024"><net_src comp="209" pin="3"/><net_sink comp="1020" pin=0"/></net>

<net id="1025"><net_src comp="40" pin="0"/><net_sink comp="1020" pin=1"/></net>

<net id="1030"><net_src comp="209" pin="3"/><net_sink comp="1026" pin=0"/></net>

<net id="1031"><net_src comp="42" pin="0"/><net_sink comp="1026" pin=1"/></net>

<net id="1038"><net_src comp="44" pin="0"/><net_sink comp="1032" pin=0"/></net>

<net id="1039"><net_src comp="209" pin="3"/><net_sink comp="1032" pin=1"/></net>

<net id="1040"><net_src comp="46" pin="0"/><net_sink comp="1032" pin=2"/></net>

<net id="1041"><net_src comp="48" pin="0"/><net_sink comp="1032" pin=3"/></net>

<net id="1045"><net_src comp="1032" pin="4"/><net_sink comp="1042" pin=0"/></net>

<net id="1050"><net_src comp="50" pin="0"/><net_sink comp="1046" pin=0"/></net>

<net id="1051"><net_src comp="1042" pin="1"/><net_sink comp="1046" pin=1"/></net>

<net id="1057"><net_src comp="52" pin="0"/><net_sink comp="1052" pin=0"/></net>

<net id="1058"><net_src comp="1046" pin="2"/><net_sink comp="1052" pin=1"/></net>

<net id="1059"><net_src comp="54" pin="0"/><net_sink comp="1052" pin=2"/></net>

<net id="1065"><net_src comp="56" pin="0"/><net_sink comp="1060" pin=0"/></net>

<net id="1066"><net_src comp="1046" pin="2"/><net_sink comp="1060" pin=1"/></net>

<net id="1067"><net_src comp="58" pin="0"/><net_sink comp="1060" pin=2"/></net>

<net id="1071"><net_src comp="1060" pin="3"/><net_sink comp="1068" pin=0"/></net>

<net id="1076"><net_src comp="1052" pin="3"/><net_sink comp="1072" pin=0"/></net>

<net id="1077"><net_src comp="1068" pin="1"/><net_sink comp="1072" pin=1"/></net>

<net id="1083"><net_src comp="60" pin="0"/><net_sink comp="1078" pin=0"/></net>

<net id="1084"><net_src comp="1072" pin="2"/><net_sink comp="1078" pin=1"/></net>

<net id="1085"><net_src comp="62" pin="0"/><net_sink comp="1078" pin=2"/></net>

<net id="1089"><net_src comp="1072" pin="2"/><net_sink comp="1086" pin=0"/></net>

<net id="1094"><net_src comp="1086" pin="1"/><net_sink comp="1090" pin=0"/></net>

<net id="1095"><net_src comp="64" pin="0"/><net_sink comp="1090" pin=1"/></net>

<net id="1102"><net_src comp="66" pin="0"/><net_sink comp="1096" pin=0"/></net>

<net id="1103"><net_src comp="1072" pin="2"/><net_sink comp="1096" pin=1"/></net>

<net id="1104"><net_src comp="68" pin="0"/><net_sink comp="1096" pin=2"/></net>

<net id="1105"><net_src comp="70" pin="0"/><net_sink comp="1096" pin=3"/></net>

<net id="1110"><net_src comp="72" pin="0"/><net_sink comp="1106" pin=0"/></net>

<net id="1111"><net_src comp="1096" pin="4"/><net_sink comp="1106" pin=1"/></net>

<net id="1117"><net_src comp="1090" pin="2"/><net_sink comp="1112" pin=0"/></net>

<net id="1118"><net_src comp="1096" pin="4"/><net_sink comp="1112" pin=1"/></net>

<net id="1119"><net_src comp="1106" pin="2"/><net_sink comp="1112" pin=2"/></net>

<net id="1125"><net_src comp="1078" pin="3"/><net_sink comp="1120" pin=0"/></net>

<net id="1126"><net_src comp="1112" pin="3"/><net_sink comp="1120" pin=1"/></net>

<net id="1127"><net_src comp="1096" pin="4"/><net_sink comp="1120" pin=2"/></net>

<net id="1134"><net_src comp="74" pin="0"/><net_sink comp="1128" pin=0"/></net>

<net id="1135"><net_src comp="108" pin="3"/><net_sink comp="1128" pin=1"/></net>

<net id="1136"><net_src comp="46" pin="0"/><net_sink comp="1128" pin=2"/></net>

<net id="1137"><net_src comp="68" pin="0"/><net_sink comp="1128" pin=3"/></net>

<net id="1141"><net_src comp="1128" pin="4"/><net_sink comp="1138" pin=0"/></net>

<net id="1146"><net_src comp="86" pin="0"/><net_sink comp="1142" pin=1"/></net>

<net id="1151"><net_src comp="1142" pin="2"/><net_sink comp="1147" pin=1"/></net>

<net id="1157"><net_src comp="1147" pin="2"/><net_sink comp="1152" pin=0"/></net>

<net id="1158"><net_src comp="78" pin="0"/><net_sink comp="1152" pin=1"/></net>

<net id="1159"><net_src comp="76" pin="0"/><net_sink comp="1152" pin=2"/></net>

<net id="1164"><net_src comp="1147" pin="2"/><net_sink comp="1160" pin=0"/></net>

<net id="1170"><net_src comp="1160" pin="2"/><net_sink comp="1165" pin=0"/></net>

<net id="1171"><net_src comp="1152" pin="3"/><net_sink comp="1165" pin=1"/></net>

<net id="1172"><net_src comp="1138" pin="1"/><net_sink comp="1165" pin=2"/></net>

<net id="1176"><net_src comp="1165" pin="3"/><net_sink comp="1173" pin=0"/></net>

<net id="1177"><net_src comp="1173" pin="1"/><net_sink comp="196" pin=1"/></net>

<net id="1181"><net_src comp="1178" pin="1"/><net_sink comp="227" pin=2"/></net>

<net id="1186"><net_src comp="222" pin="3"/><net_sink comp="1182" pin=0"/></net>

<net id="1187"><net_src comp="40" pin="0"/><net_sink comp="1182" pin=1"/></net>

<net id="1192"><net_src comp="222" pin="3"/><net_sink comp="1188" pin=0"/></net>

<net id="1193"><net_src comp="42" pin="0"/><net_sink comp="1188" pin=1"/></net>

<net id="1200"><net_src comp="44" pin="0"/><net_sink comp="1194" pin=0"/></net>

<net id="1201"><net_src comp="222" pin="3"/><net_sink comp="1194" pin=1"/></net>

<net id="1202"><net_src comp="46" pin="0"/><net_sink comp="1194" pin=2"/></net>

<net id="1203"><net_src comp="48" pin="0"/><net_sink comp="1194" pin=3"/></net>

<net id="1207"><net_src comp="1194" pin="4"/><net_sink comp="1204" pin=0"/></net>

<net id="1212"><net_src comp="50" pin="0"/><net_sink comp="1208" pin=0"/></net>

<net id="1213"><net_src comp="1204" pin="1"/><net_sink comp="1208" pin=1"/></net>

<net id="1219"><net_src comp="52" pin="0"/><net_sink comp="1214" pin=0"/></net>

<net id="1220"><net_src comp="1208" pin="2"/><net_sink comp="1214" pin=1"/></net>

<net id="1221"><net_src comp="54" pin="0"/><net_sink comp="1214" pin=2"/></net>

<net id="1227"><net_src comp="56" pin="0"/><net_sink comp="1222" pin=0"/></net>

<net id="1228"><net_src comp="1208" pin="2"/><net_sink comp="1222" pin=1"/></net>

<net id="1229"><net_src comp="58" pin="0"/><net_sink comp="1222" pin=2"/></net>

<net id="1233"><net_src comp="1222" pin="3"/><net_sink comp="1230" pin=0"/></net>

<net id="1238"><net_src comp="1214" pin="3"/><net_sink comp="1234" pin=0"/></net>

<net id="1239"><net_src comp="1230" pin="1"/><net_sink comp="1234" pin=1"/></net>

<net id="1245"><net_src comp="60" pin="0"/><net_sink comp="1240" pin=0"/></net>

<net id="1246"><net_src comp="1234" pin="2"/><net_sink comp="1240" pin=1"/></net>

<net id="1247"><net_src comp="62" pin="0"/><net_sink comp="1240" pin=2"/></net>

<net id="1251"><net_src comp="1234" pin="2"/><net_sink comp="1248" pin=0"/></net>

<net id="1256"><net_src comp="1248" pin="1"/><net_sink comp="1252" pin=0"/></net>

<net id="1257"><net_src comp="64" pin="0"/><net_sink comp="1252" pin=1"/></net>

<net id="1264"><net_src comp="66" pin="0"/><net_sink comp="1258" pin=0"/></net>

<net id="1265"><net_src comp="1234" pin="2"/><net_sink comp="1258" pin=1"/></net>

<net id="1266"><net_src comp="68" pin="0"/><net_sink comp="1258" pin=2"/></net>

<net id="1267"><net_src comp="70" pin="0"/><net_sink comp="1258" pin=3"/></net>

<net id="1272"><net_src comp="72" pin="0"/><net_sink comp="1268" pin=0"/></net>

<net id="1273"><net_src comp="1258" pin="4"/><net_sink comp="1268" pin=1"/></net>

<net id="1279"><net_src comp="1252" pin="2"/><net_sink comp="1274" pin=0"/></net>

<net id="1280"><net_src comp="1258" pin="4"/><net_sink comp="1274" pin=1"/></net>

<net id="1281"><net_src comp="1268" pin="2"/><net_sink comp="1274" pin=2"/></net>

<net id="1287"><net_src comp="1240" pin="3"/><net_sink comp="1282" pin=0"/></net>

<net id="1288"><net_src comp="1274" pin="3"/><net_sink comp="1282" pin=1"/></net>

<net id="1289"><net_src comp="1258" pin="4"/><net_sink comp="1282" pin=2"/></net>

<net id="1296"><net_src comp="74" pin="0"/><net_sink comp="1290" pin=0"/></net>

<net id="1297"><net_src comp="108" pin="3"/><net_sink comp="1290" pin=1"/></net>

<net id="1298"><net_src comp="46" pin="0"/><net_sink comp="1290" pin=2"/></net>

<net id="1299"><net_src comp="68" pin="0"/><net_sink comp="1290" pin=3"/></net>

<net id="1303"><net_src comp="1290" pin="4"/><net_sink comp="1300" pin=0"/></net>

<net id="1308"><net_src comp="86" pin="0"/><net_sink comp="1304" pin=1"/></net>

<net id="1313"><net_src comp="1304" pin="2"/><net_sink comp="1309" pin=1"/></net>

<net id="1319"><net_src comp="1309" pin="2"/><net_sink comp="1314" pin=0"/></net>

<net id="1320"><net_src comp="78" pin="0"/><net_sink comp="1314" pin=1"/></net>

<net id="1321"><net_src comp="76" pin="0"/><net_sink comp="1314" pin=2"/></net>

<net id="1326"><net_src comp="1309" pin="2"/><net_sink comp="1322" pin=0"/></net>

<net id="1332"><net_src comp="1322" pin="2"/><net_sink comp="1327" pin=0"/></net>

<net id="1333"><net_src comp="1314" pin="3"/><net_sink comp="1327" pin=1"/></net>

<net id="1334"><net_src comp="1300" pin="1"/><net_sink comp="1327" pin=2"/></net>

<net id="1338"><net_src comp="1327" pin="3"/><net_sink comp="1335" pin=0"/></net>

<net id="1339"><net_src comp="1335" pin="1"/><net_sink comp="209" pin=1"/></net>

<net id="1343"><net_src comp="1340" pin="1"/><net_sink comp="240" pin=2"/></net>

<net id="1348"><net_src comp="235" pin="3"/><net_sink comp="1344" pin=0"/></net>

<net id="1349"><net_src comp="40" pin="0"/><net_sink comp="1344" pin=1"/></net>

<net id="1354"><net_src comp="235" pin="3"/><net_sink comp="1350" pin=0"/></net>

<net id="1355"><net_src comp="42" pin="0"/><net_sink comp="1350" pin=1"/></net>

<net id="1362"><net_src comp="44" pin="0"/><net_sink comp="1356" pin=0"/></net>

<net id="1363"><net_src comp="235" pin="3"/><net_sink comp="1356" pin=1"/></net>

<net id="1364"><net_src comp="46" pin="0"/><net_sink comp="1356" pin=2"/></net>

<net id="1365"><net_src comp="48" pin="0"/><net_sink comp="1356" pin=3"/></net>

<net id="1369"><net_src comp="1356" pin="4"/><net_sink comp="1366" pin=0"/></net>

<net id="1374"><net_src comp="50" pin="0"/><net_sink comp="1370" pin=0"/></net>

<net id="1375"><net_src comp="1366" pin="1"/><net_sink comp="1370" pin=1"/></net>

<net id="1381"><net_src comp="52" pin="0"/><net_sink comp="1376" pin=0"/></net>

<net id="1382"><net_src comp="1370" pin="2"/><net_sink comp="1376" pin=1"/></net>

<net id="1383"><net_src comp="54" pin="0"/><net_sink comp="1376" pin=2"/></net>

<net id="1389"><net_src comp="56" pin="0"/><net_sink comp="1384" pin=0"/></net>

<net id="1390"><net_src comp="1370" pin="2"/><net_sink comp="1384" pin=1"/></net>

<net id="1391"><net_src comp="58" pin="0"/><net_sink comp="1384" pin=2"/></net>

<net id="1395"><net_src comp="1384" pin="3"/><net_sink comp="1392" pin=0"/></net>

<net id="1400"><net_src comp="1376" pin="3"/><net_sink comp="1396" pin=0"/></net>

<net id="1401"><net_src comp="1392" pin="1"/><net_sink comp="1396" pin=1"/></net>

<net id="1407"><net_src comp="60" pin="0"/><net_sink comp="1402" pin=0"/></net>

<net id="1408"><net_src comp="1396" pin="2"/><net_sink comp="1402" pin=1"/></net>

<net id="1409"><net_src comp="62" pin="0"/><net_sink comp="1402" pin=2"/></net>

<net id="1413"><net_src comp="1396" pin="2"/><net_sink comp="1410" pin=0"/></net>

<net id="1418"><net_src comp="1410" pin="1"/><net_sink comp="1414" pin=0"/></net>

<net id="1419"><net_src comp="64" pin="0"/><net_sink comp="1414" pin=1"/></net>

<net id="1426"><net_src comp="66" pin="0"/><net_sink comp="1420" pin=0"/></net>

<net id="1427"><net_src comp="1396" pin="2"/><net_sink comp="1420" pin=1"/></net>

<net id="1428"><net_src comp="68" pin="0"/><net_sink comp="1420" pin=2"/></net>

<net id="1429"><net_src comp="70" pin="0"/><net_sink comp="1420" pin=3"/></net>

<net id="1434"><net_src comp="72" pin="0"/><net_sink comp="1430" pin=0"/></net>

<net id="1435"><net_src comp="1420" pin="4"/><net_sink comp="1430" pin=1"/></net>

<net id="1441"><net_src comp="1414" pin="2"/><net_sink comp="1436" pin=0"/></net>

<net id="1442"><net_src comp="1420" pin="4"/><net_sink comp="1436" pin=1"/></net>

<net id="1443"><net_src comp="1430" pin="2"/><net_sink comp="1436" pin=2"/></net>

<net id="1449"><net_src comp="1402" pin="3"/><net_sink comp="1444" pin=0"/></net>

<net id="1450"><net_src comp="1436" pin="3"/><net_sink comp="1444" pin=1"/></net>

<net id="1451"><net_src comp="1420" pin="4"/><net_sink comp="1444" pin=2"/></net>

<net id="1458"><net_src comp="74" pin="0"/><net_sink comp="1452" pin=0"/></net>

<net id="1459"><net_src comp="108" pin="3"/><net_sink comp="1452" pin=1"/></net>

<net id="1460"><net_src comp="46" pin="0"/><net_sink comp="1452" pin=2"/></net>

<net id="1461"><net_src comp="68" pin="0"/><net_sink comp="1452" pin=3"/></net>

<net id="1465"><net_src comp="1452" pin="4"/><net_sink comp="1462" pin=0"/></net>

<net id="1470"><net_src comp="86" pin="0"/><net_sink comp="1466" pin=1"/></net>

<net id="1475"><net_src comp="1466" pin="2"/><net_sink comp="1471" pin=1"/></net>

<net id="1481"><net_src comp="1471" pin="2"/><net_sink comp="1476" pin=0"/></net>

<net id="1482"><net_src comp="78" pin="0"/><net_sink comp="1476" pin=1"/></net>

<net id="1483"><net_src comp="76" pin="0"/><net_sink comp="1476" pin=2"/></net>

<net id="1488"><net_src comp="1471" pin="2"/><net_sink comp="1484" pin=0"/></net>

<net id="1494"><net_src comp="1484" pin="2"/><net_sink comp="1489" pin=0"/></net>

<net id="1495"><net_src comp="1476" pin="3"/><net_sink comp="1489" pin=1"/></net>

<net id="1496"><net_src comp="1462" pin="1"/><net_sink comp="1489" pin=2"/></net>

<net id="1500"><net_src comp="1489" pin="3"/><net_sink comp="1497" pin=0"/></net>

<net id="1501"><net_src comp="1497" pin="1"/><net_sink comp="222" pin=1"/></net>

<net id="1505"><net_src comp="1502" pin="1"/><net_sink comp="248" pin=2"/></net>

<net id="1512"><net_src comp="74" pin="0"/><net_sink comp="1506" pin=0"/></net>

<net id="1513"><net_src comp="108" pin="3"/><net_sink comp="1506" pin=1"/></net>

<net id="1514"><net_src comp="46" pin="0"/><net_sink comp="1506" pin=2"/></net>

<net id="1515"><net_src comp="68" pin="0"/><net_sink comp="1506" pin=3"/></net>

<net id="1519"><net_src comp="1506" pin="4"/><net_sink comp="1516" pin=0"/></net>

<net id="1524"><net_src comp="86" pin="0"/><net_sink comp="1520" pin=1"/></net>

<net id="1529"><net_src comp="1520" pin="2"/><net_sink comp="1525" pin=1"/></net>

<net id="1535"><net_src comp="1525" pin="2"/><net_sink comp="1530" pin=0"/></net>

<net id="1536"><net_src comp="78" pin="0"/><net_sink comp="1530" pin=1"/></net>

<net id="1537"><net_src comp="76" pin="0"/><net_sink comp="1530" pin=2"/></net>

<net id="1542"><net_src comp="1525" pin="2"/><net_sink comp="1538" pin=0"/></net>

<net id="1548"><net_src comp="1538" pin="2"/><net_sink comp="1543" pin=0"/></net>

<net id="1549"><net_src comp="1530" pin="3"/><net_sink comp="1543" pin=1"/></net>

<net id="1550"><net_src comp="1516" pin="1"/><net_sink comp="1543" pin=2"/></net>

<net id="1554"><net_src comp="1543" pin="3"/><net_sink comp="1551" pin=0"/></net>

<net id="1555"><net_src comp="1551" pin="1"/><net_sink comp="235" pin=1"/></net>

<net id="1559"><net_src comp="318" pin="1"/><net_sink comp="1556" pin=0"/></net>

<net id="1560"><net_src comp="1556" pin="1"/><net_sink comp="114" pin=2"/></net>

<net id="1561"><net_src comp="1556" pin="1"/><net_sink comp="135" pin=2"/></net>

<net id="1562"><net_src comp="1556" pin="1"/><net_sink comp="148" pin=2"/></net>

<net id="1563"><net_src comp="1556" pin="1"/><net_sink comp="155" pin=2"/></net>

<net id="1564"><net_src comp="1556" pin="1"/><net_sink comp="162" pin=2"/></net>

<net id="1565"><net_src comp="1556" pin="1"/><net_sink comp="169" pin=2"/></net>

<net id="1566"><net_src comp="1556" pin="1"/><net_sink comp="176" pin=2"/></net>

<net id="1570"><net_src comp="88" pin="3"/><net_sink comp="1567" pin=0"/></net>

<net id="1571"><net_src comp="1567" pin="1"/><net_sink comp="95" pin=0"/></net>

<net id="1575"><net_src comp="323" pin="2"/><net_sink comp="1572" pin=0"/></net>

<net id="1579"><net_src comp="329" pin="2"/><net_sink comp="1576" pin=0"/></net>

<net id="1583"><net_src comp="423" pin="3"/><net_sink comp="1580" pin=0"/></net>

<net id="1584"><net_src comp="1580" pin="1"/><net_sink comp="431" pin=0"/></net>

<net id="1588"><net_src comp="101" pin="3"/><net_sink comp="1585" pin=0"/></net>

<net id="1589"><net_src comp="1585" pin="1"/><net_sink comp="108" pin=0"/></net>

<net id="1593"><net_src comp="435" pin="1"/><net_sink comp="1590" pin=0"/></net>

<net id="1594"><net_src comp="1590" pin="1"/><net_sink comp="273" pin=2"/></net>

<net id="1598"><net_src comp="114" pin="3"/><net_sink comp="1595" pin=0"/></net>

<net id="1599"><net_src comp="1595" pin="1"/><net_sink comp="121" pin=0"/></net>

<net id="1603"><net_src comp="444" pin="2"/><net_sink comp="1600" pin=0"/></net>

<net id="1607"><net_src comp="450" pin="2"/><net_sink comp="1604" pin=0"/></net>

<net id="1611"><net_src comp="544" pin="3"/><net_sink comp="1608" pin=0"/></net>

<net id="1612"><net_src comp="1608" pin="1"/><net_sink comp="552" pin=0"/></net>

<net id="1616"><net_src comp="127" pin="3"/><net_sink comp="1613" pin=0"/></net>

<net id="1617"><net_src comp="1613" pin="1"/><net_sink comp="108" pin=0"/></net>

<net id="1624"><net_src comp="135" pin="3"/><net_sink comp="1621" pin=0"/></net>

<net id="1625"><net_src comp="1621" pin="1"/><net_sink comp="142" pin=0"/></net>

<net id="1629"><net_src comp="148" pin="3"/><net_sink comp="1626" pin=0"/></net>

<net id="1630"><net_src comp="1626" pin="1"/><net_sink comp="183" pin=0"/></net>

<net id="1634"><net_src comp="155" pin="3"/><net_sink comp="1631" pin=0"/></net>

<net id="1635"><net_src comp="1631" pin="1"/><net_sink comp="196" pin=0"/></net>

<net id="1639"><net_src comp="162" pin="3"/><net_sink comp="1636" pin=0"/></net>

<net id="1640"><net_src comp="1636" pin="1"/><net_sink comp="209" pin=0"/></net>

<net id="1644"><net_src comp="169" pin="3"/><net_sink comp="1641" pin=0"/></net>

<net id="1645"><net_src comp="1641" pin="1"/><net_sink comp="222" pin=0"/></net>

<net id="1649"><net_src comp="176" pin="3"/><net_sink comp="1646" pin=0"/></net>

<net id="1650"><net_src comp="1646" pin="1"/><net_sink comp="235" pin=0"/></net>

<net id="1654"><net_src comp="578" pin="2"/><net_sink comp="1651" pin=0"/></net>

<net id="1655"><net_src comp="1651" pin="1"/><net_sink comp="260" pin=2"/></net>

<net id="1659"><net_src comp="584" pin="2"/><net_sink comp="1656" pin=0"/></net>

<net id="1660"><net_src comp="1656" pin="1"/><net_sink comp="818" pin=0"/></net>

<net id="1661"><net_src comp="1656" pin="1"/><net_sink comp="836" pin=1"/></net>

<net id="1665"><net_src comp="590" pin="2"/><net_sink comp="1662" pin=0"/></net>

<net id="1666"><net_src comp="1662" pin="1"/><net_sink comp="823" pin=0"/></net>

<net id="1670"><net_src comp="684" pin="3"/><net_sink comp="1667" pin=0"/></net>

<net id="1671"><net_src comp="1667" pin="1"/><net_sink comp="692" pin=0"/></net>

<net id="1675"><net_src comp="188" pin="3"/><net_sink comp="1672" pin=0"/></net>

<net id="1676"><net_src comp="1672" pin="1"/><net_sink comp="108" pin=0"/></net>

<net id="1680"><net_src comp="696" pin="2"/><net_sink comp="1677" pin=0"/></net>

<net id="1681"><net_src comp="1677" pin="1"/><net_sink comp="980" pin=0"/></net>

<net id="1682"><net_src comp="1677" pin="1"/><net_sink comp="998" pin=1"/></net>

<net id="1686"><net_src comp="702" pin="2"/><net_sink comp="1683" pin=0"/></net>

<net id="1687"><net_src comp="1683" pin="1"/><net_sink comp="985" pin=0"/></net>

<net id="1691"><net_src comp="796" pin="3"/><net_sink comp="1688" pin=0"/></net>

<net id="1692"><net_src comp="1688" pin="1"/><net_sink comp="854" pin=0"/></net>

<net id="1696"><net_src comp="201" pin="3"/><net_sink comp="1693" pin=0"/></net>

<net id="1697"><net_src comp="1693" pin="1"/><net_sink comp="108" pin=0"/></net>

<net id="1701"><net_src comp="858" pin="2"/><net_sink comp="1698" pin=0"/></net>

<net id="1702"><net_src comp="1698" pin="1"/><net_sink comp="1142" pin=0"/></net>

<net id="1703"><net_src comp="1698" pin="1"/><net_sink comp="1160" pin=1"/></net>

<net id="1707"><net_src comp="864" pin="2"/><net_sink comp="1704" pin=0"/></net>

<net id="1708"><net_src comp="1704" pin="1"/><net_sink comp="1147" pin=0"/></net>

<net id="1712"><net_src comp="958" pin="3"/><net_sink comp="1709" pin=0"/></net>

<net id="1713"><net_src comp="1709" pin="1"/><net_sink comp="1016" pin=0"/></net>

<net id="1717"><net_src comp="214" pin="3"/><net_sink comp="1714" pin=0"/></net>

<net id="1718"><net_src comp="1714" pin="1"/><net_sink comp="108" pin=0"/></net>

<net id="1722"><net_src comp="1020" pin="2"/><net_sink comp="1719" pin=0"/></net>

<net id="1723"><net_src comp="1719" pin="1"/><net_sink comp="1304" pin=0"/></net>

<net id="1724"><net_src comp="1719" pin="1"/><net_sink comp="1322" pin=1"/></net>

<net id="1728"><net_src comp="1026" pin="2"/><net_sink comp="1725" pin=0"/></net>

<net id="1729"><net_src comp="1725" pin="1"/><net_sink comp="1309" pin=0"/></net>

<net id="1733"><net_src comp="1120" pin="3"/><net_sink comp="1730" pin=0"/></net>

<net id="1734"><net_src comp="1730" pin="1"/><net_sink comp="1178" pin=0"/></net>

<net id="1738"><net_src comp="227" pin="3"/><net_sink comp="1735" pin=0"/></net>

<net id="1739"><net_src comp="1735" pin="1"/><net_sink comp="108" pin=0"/></net>

<net id="1743"><net_src comp="1182" pin="2"/><net_sink comp="1740" pin=0"/></net>

<net id="1744"><net_src comp="1740" pin="1"/><net_sink comp="1466" pin=0"/></net>

<net id="1745"><net_src comp="1740" pin="1"/><net_sink comp="1484" pin=1"/></net>

<net id="1749"><net_src comp="1188" pin="2"/><net_sink comp="1746" pin=0"/></net>

<net id="1750"><net_src comp="1746" pin="1"/><net_sink comp="1471" pin=0"/></net>

<net id="1754"><net_src comp="1282" pin="3"/><net_sink comp="1751" pin=0"/></net>

<net id="1755"><net_src comp="1751" pin="1"/><net_sink comp="1340" pin=0"/></net>

<net id="1759"><net_src comp="240" pin="3"/><net_sink comp="1756" pin=0"/></net>

<net id="1760"><net_src comp="1756" pin="1"/><net_sink comp="108" pin=0"/></net>

<net id="1764"><net_src comp="1344" pin="2"/><net_sink comp="1761" pin=0"/></net>

<net id="1765"><net_src comp="1761" pin="1"/><net_sink comp="1520" pin=0"/></net>

<net id="1766"><net_src comp="1761" pin="1"/><net_sink comp="1538" pin=1"/></net>

<net id="1770"><net_src comp="1350" pin="2"/><net_sink comp="1767" pin=0"/></net>

<net id="1771"><net_src comp="1767" pin="1"/><net_sink comp="1525" pin=0"/></net>

<net id="1775"><net_src comp="1444" pin="3"/><net_sink comp="1772" pin=0"/></net>

<net id="1776"><net_src comp="1772" pin="1"/><net_sink comp="1502" pin=0"/></net>

<net id="1780"><net_src comp="248" pin="3"/><net_sink comp="1777" pin=0"/></net>

<net id="1781"><net_src comp="1777" pin="1"/><net_sink comp="108" pin=0"/></net>

</net_list>

</model> 
---------------- Datapath Model END ------------------

* FSMD analyzer results:
  - Output states:
	Port: res_0_V | {6 }
	Port: res_1_V | {8 }
	Port: res_2_V | {11 }
	Port: res_3_V | {12 }
	Port: res_4_V | {13 }
	Port: res_5_V | {14 }
	Port: res_6_V | {15 }
	Port: res_7_V | {16 }
	Port: sigmoid_lut_V | {}
 - Input state : 
	Port: sigmoid : res_0_V | {2 3 }
	Port: sigmoid : res_1_V | {5 6 }
	Port: sigmoid : res_2_V | {8 9 }
	Port: sigmoid : res_3_V | {9 10 }
	Port: sigmoid : res_4_V | {10 11 }
	Port: sigmoid : res_5_V | {11 12 }
	Port: sigmoid : res_6_V | {12 13 }
	Port: sigmoid : res_7_V | {13 14 }
	Port: sigmoid : sigmoid_lut_V | {4 5 7 8 10 11 12 13 14 15 16 }
  - Chain level:
	State 1
	State 2
		newIndex : 1
		newIndex2 : 2
		x_0_V_addr : 3
		x_0_V_load : 4
	State 3
		tmp_s : 1
		StgValue_27 : 2
		tmp_9 : 1
		StgValue_29 : 2
		tmp_35 : 1
		lhs_V_cast : 2
		ret_V : 3
		p_shl : 4
		p_shl2 : 4
		p_shl2_cast : 5
		r_V_4 : 6
		tmp_100 : 7
		tmp_101 : 7
		tmp_12 : 8
		tmp_58 : 7
		tmp_60 : 8
		tmp_62 : 9
		tmp_64 : 10
	State 4
		sigmoid_lut_V_addr : 1
		sigmoid_lut_V_load : 2
	State 5
		tmp : 1
		tmp_37 : 2
		x_1_V_load : 1
	State 6
		storemerge1_cast : 1
		StgValue_55 : 2
		tmp_1_46 : 1
		StgValue_58 : 2
		tmp_9_1 : 1
		StgValue_60 : 2
		tmp_39 : 1
		lhs_V_1_cast : 2
		ret_V_1 : 3
		p_shl_1 : 4
		p_shl2_1 : 4
		p_shl2_1_cast : 5
		r_V_4_1 : 6
		tmp_102 : 7
		tmp_103 : 7
		tmp_12_1 : 8
		tmp_66 : 7
		tmp_67 : 8
		tmp_68 : 9
		tmp_69 : 10
	State 7
		sigmoid_lut_V_addr_1 : 1
		sigmoid_lut_V_load_1 : 2
	State 8
		tmp_1 : 1
		tmp_41 : 2
		storemerge1_1 : 3
		storemerge1_1_cast : 4
		StgValue_84 : 5
		StgValue_87 : 1
		x_2_V_load : 1
	State 9
		tmp_2 : 1
		tmp_9_2 : 1
		tmp_43 : 1
		lhs_V_2_cast : 2
		ret_V_2 : 3
		p_shl_2 : 4
		p_shl2_2 : 4
		p_shl2_2_cast : 5
		r_V_4_2 : 6
		tmp_104 : 7
		tmp_105 : 7
		tmp_12_2 : 8
		tmp_70 : 7
		tmp_71 : 8
		tmp_72 : 9
		tmp_73 : 10
	State 10
		sigmoid_lut_V_addr_2 : 1
		sigmoid_lut_V_load_2 : 2
		tmp_3 : 1
		tmp_9_3 : 1
		tmp_47 : 1
		lhs_V_3_cast : 2
		ret_V_3 : 3
		p_shl_3 : 4
		p_shl2_3 : 4
		p_shl2_3_cast : 5
		r_V_4_3 : 6
		tmp_106 : 7
		tmp_107 : 7
		tmp_12_3 : 8
		tmp_75 : 7
		tmp_76 : 8
		tmp_77 : 9
		tmp_78 : 10
	State 11
		tmp_2_40 : 1
		tmp_45 : 2
		storemerge1_2_cast : 1
		StgValue_145 : 2
		sigmoid_lut_V_addr_3 : 1
		sigmoid_lut_V_load_3 : 2
		tmp_4 : 1
		tmp_9_4 : 1
		tmp_51 : 1
		lhs_V_4_cast : 2
		ret_V_s : 3
		p_shl_4 : 4
		p_shl2_4 : 4
		p_shl2_4_cast : 5
		r_V_4_4 : 6
		tmp_108 : 7
		tmp_109 : 7
		tmp_12_4 : 8
		tmp_80 : 7
		tmp_81 : 8
		tmp_82 : 9
		tmp_83 : 10
	State 12
		tmp_3_41 : 1
		tmp_49 : 2
		storemerge1_3_cast : 1
		StgValue_176 : 2
		sigmoid_lut_V_addr_4 : 1
		sigmoid_lut_V_load_4 : 2
		tmp_5 : 1
		tmp_9_5 : 1
		tmp_55 : 1
		lhs_V_5_cast : 2
		ret_V_5 : 3
		p_shl_5 : 4
		p_shl2_5 : 4
		p_shl2_5_cast : 5
		r_V_4_5 : 6
		tmp_110 : 7
		tmp_111 : 7
		tmp_12_5 : 8
		tmp_85 : 7
		tmp_86 : 8
		tmp_87 : 9
		tmp_88 : 10
	State 13
		tmp_4_42 : 1
		tmp_53 : 2
		storemerge1_4_cast : 1
		StgValue_207 : 2
		sigmoid_lut_V_addr_5 : 1
		sigmoid_lut_V_load_5 : 2
		tmp_6 : 1
		tmp_9_6 : 1
		tmp_59 : 1
		lhs_V_6_cast : 2
		ret_V_6 : 3
		p_shl_6 : 4
		p_shl2_6 : 4
		p_shl2_6_cast : 5
		r_V_4_6 : 6
		tmp_112 : 7
		tmp_113 : 7
		tmp_12_6 : 8
		tmp_90 : 7
		tmp_91 : 8
		tmp_92 : 9
		tmp_93 : 10
	State 14
		tmp_5_43 : 1
		tmp_57 : 2
		storemerge1_5_cast : 1
		StgValue_238 : 2
		sigmoid_lut_V_addr_6 : 1
		sigmoid_lut_V_load_6 : 2
		tmp_7 : 1
		tmp_9_7 : 1
		tmp_63 : 1
		lhs_V_7_cast : 2
		ret_V_7 : 3
		p_shl_7 : 4
		p_shl2_7 : 4
		p_shl2_7_cast : 5
		r_V_4_7 : 6
		tmp_114 : 7
		tmp_115 : 7
		tmp_12_7 : 8
		tmp_95 : 7
		tmp_96 : 8
		tmp_97 : 9
		tmp_98 : 10
	State 15
		tmp_6_44 : 1
		tmp_61 : 2
		storemerge1_6_cast : 1
		StgValue_268 : 2
		sigmoid_lut_V_addr_7 : 1
		sigmoid_lut_V_load_7 : 2
	State 16
		tmp_7_45 : 1
		tmp_65 : 2
		storemerge1_7_cast : 1
		StgValue_281 : 2


============================================================
+ Verbose Summary: Datapath Resource usage 
============================================================

* Functional unit list:
|----------|----------------------------|---------|---------|
| Operation|       Functional Unit      |    FF   |   LUT   |
|----------|----------------------------|---------|---------|
|          |        tmp_62_fu_415       |    0    |    8    |
|          |        tmp_64_fu_423       |    0    |    8    |
|          |        tmp_68_fu_536       |    0    |    8    |
|          |        tmp_69_fu_544       |    0    |    8    |
|          |        tmp_72_fu_676       |    0    |    8    |
|          |        tmp_73_fu_684       |    0    |    8    |
|          |        tmp_77_fu_788       |    0    |    8    |
|          |        tmp_78_fu_796       |    0    |    8    |
|          |       sel_tmp_fu_828       |    0    |    12   |
|          |    storemerge1_2_fu_841    |    0    |    12   |
|          |        tmp_82_fu_950       |    0    |    8    |
|          |        tmp_83_fu_958       |    0    |    8    |
|          |       sel_tmp5_fu_990      |    0    |    12   |
|  select  |    storemerge1_3_fu_1003   |    0    |    12   |
|          |       tmp_87_fu_1112       |    0    |    8    |
|          |       tmp_88_fu_1120       |    0    |    8    |
|          |      sel_tmp10_fu_1152     |    0    |    12   |
|          |    storemerge1_4_fu_1165   |    0    |    12   |
|          |       tmp_92_fu_1274       |    0    |    8    |
|          |       tmp_93_fu_1282       |    0    |    8    |
|          |      sel_tmp15_fu_1314     |    0    |    12   |
|          |    storemerge1_5_fu_1327   |    0    |    12   |
|          |       tmp_97_fu_1436       |    0    |    8    |
|          |       tmp_98_fu_1444       |    0    |    8    |
|          |      sel_tmp20_fu_1476     |    0    |    12   |
|          |    storemerge1_6_fu_1489   |    0    |    12   |
|          |      sel_tmp23_fu_1530     |    0    |    12   |
|          |    storemerge1_7_fu_1543   |    0    |    12   |
|----------|----------------------------|---------|---------|
|          |        ret_V_fu_349        |    0    |    12   |
|          |        tmp_60_fu_409       |    0    |    8    |
|          |       ret_V_1_fu_470       |    0    |    12   |
|          |        tmp_67_fu_530       |    0    |    8    |
|          |        i_3_7_fu_578        |    0    |    32   |
|          |       ret_V_2_fu_610       |    0    |    12   |
|          |        tmp_71_fu_670       |    0    |    8    |
|          |       ret_V_3_fu_722       |    0    |    12   |
|    add   |        tmp_76_fu_782       |    0    |    8    |
|          |       ret_V_s_fu_884       |    0    |    12   |
|          |        tmp_81_fu_944       |    0    |    8    |
|          |       ret_V_5_fu_1046      |    0    |    12   |
|          |       tmp_86_fu_1106       |    0    |    8    |
|          |       ret_V_6_fu_1208      |    0    |    12   |
|          |       tmp_91_fu_1268       |    0    |    8    |
|          |       ret_V_7_fu_1370      |    0    |    12   |
|          |       tmp_96_fu_1430       |    0    |    8    |
|----------|----------------------------|---------|---------|
|          |        r_V_4_fu_375        |    0    |    24   |
|          |       r_V_4_1_fu_496       |    0    |    24   |
|          |       r_V_4_2_fu_636       |    0    |    24   |
|    sub   |       r_V_4_3_fu_748       |    0    |    24   |
|          |       r_V_4_4_fu_910       |    0    |    24   |
|          |       r_V_4_5_fu_1072      |    0    |    24   |
|          |       r_V_4_6_fu_1234      |    0    |    24   |
|          |       r_V_4_7_fu_1396      |    0    |    24   |
|----------|----------------------------|---------|---------|
|          |        tmp_s_fu_323        |    0    |    7    |
|          |        tmp_9_fu_329        |    0    |    7    |
|          |        tmp_12_fu_393       |    0    |    6    |
|          |       tmp_1_46_fu_444      |    0    |    7    |
|          |       tmp_9_1_fu_450       |    0    |    7    |
|          |       tmp_12_1_fu_514      |    0    |    6    |
|          |      exitcond_2_fu_572     |    0    |    12   |
|          |        tmp_2_fu_584        |    0    |    7    |
|          |       tmp_9_2_fu_590       |    0    |    7    |
|          |       tmp_12_2_fu_654      |    0    |    6    |
|          |        tmp_3_fu_696        |    0    |    7    |
|          |       tmp_9_3_fu_702       |    0    |    7    |
|   icmp   |       tmp_12_3_fu_766      |    0    |    6    |
|          |        tmp_4_fu_858        |    0    |    7    |
|          |       tmp_9_4_fu_864       |    0    |    7    |
|          |       tmp_12_4_fu_928      |    0    |    6    |
|          |        tmp_5_fu_1020       |    0    |    7    |
|          |       tmp_9_5_fu_1026      |    0    |    7    |
|          |      tmp_12_5_fu_1090      |    0    |    6    |
|          |        tmp_6_fu_1182       |    0    |    7    |
|          |       tmp_9_6_fu_1188      |    0    |    7    |
|          |      tmp_12_6_fu_1252      |    0    |    6    |
|          |        tmp_7_fu_1344       |    0    |    7    |
|          |       tmp_9_7_fu_1350      |    0    |    7    |
|          |      tmp_12_7_fu_1414      |    0    |    6    |
|----------|----------------------------|---------|---------|
|          |        i_3_s_fu_566        |    0    |    0    |
|          |        tmp_74_fu_836       |    0    |    1    |
|          |        tmp_79_fu_998       |    0    |    1    |
|    or    |       tmp_84_fu_1160       |    0    |    1    |
|          |       tmp_89_fu_1322       |    0    |    1    |
|          |       tmp_94_fu_1484       |    0    |    1    |
|          |       tmp_99_fu_1538       |    0    |    1    |
|----------|----------------------------|---------|---------|
|          |       sel_tmp1_fu_818      |    0    |    1    |
|          |       sel_tmp6_fu_980      |    0    |    1    |
|    xor   |      sel_tmp11_fu_1142     |    0    |    1    |
|          |      sel_tmp16_fu_1304     |    0    |    1    |
|          |      sel_tmp18_fu_1466     |    0    |    1    |
|          |      sel_tmp21_fu_1520     |    0    |    1    |
|----------|----------------------------|---------|---------|
|          |       sel_tmp2_fu_823      |    0    |    1    |
|          |       sel_tmp7_fu_985      |    0    |    1    |
|    and   |      sel_tmp12_fu_1147     |    0    |    1    |
|          |      sel_tmp17_fu_1309     |    0    |    1    |
|          |      sel_tmp19_fu_1471     |    0    |    1    |
|          |      sel_tmp22_fu_1525     |    0    |    1    |
|----------|----------------------------|---------|---------|
|          |         grp_fu_298         |    0    |    0    |
|          |       newIndex_fu_308      |    0    |    0    |
|          |        tmp_35_fu_335       |    0    |    0    |
|          |        tmp_58_fu_399       |    0    |    0    |
|          |        tmp_39_fu_456       |    0    |    0    |
|          |        tmp_66_fu_520       |    0    |    0    |
|          |        tmp_43_fu_596       |    0    |    0    |
|          |        tmp_70_fu_660       |    0    |    0    |
|          |        tmp_47_fu_708       |    0    |    0    |
|          |        tmp_75_fu_772       |    0    |    0    |
|          |       tmp_2_40_fu_804      |    0    |    0    |
|partselect|        tmp_51_fu_870       |    0    |    0    |
|          |        tmp_80_fu_934       |    0    |    0    |
|          |       tmp_3_41_fu_966      |    0    |    0    |
|          |       tmp_55_fu_1032       |    0    |    0    |
|          |       tmp_85_fu_1096       |    0    |    0    |
|          |      tmp_4_42_fu_1128      |    0    |    0    |
|          |       tmp_59_fu_1194       |    0    |    0    |
|          |       tmp_90_fu_1258       |    0    |    0    |
|          |      tmp_5_43_fu_1290      |    0    |    0    |
|          |       tmp_63_fu_1356       |    0    |    0    |
|          |       tmp_95_fu_1420       |    0    |    0    |
|          |      tmp_6_44_fu_1452      |    0    |    0    |
|          |      tmp_7_45_fu_1506      |    0    |    0    |
|----------|----------------------------|---------|---------|
|          |      newIndex2_fu_318      |    0    |    0    |
|          |        tmp_13_fu_431       |    0    |    0    |
|          |        tmp_37_fu_435       |    0    |    0    |
|          |   storemerge1_cast_fu_439  |    0    |    0    |
|          |       tmp_13_1_fu_552      |    0    |    0    |
|          |        tmp_41_fu_556       |    0    |    0    |
|          |  storemerge1_1_cast_fu_561 |    0    |    0    |
|          |       tmp_13_2_fu_692      |    0    |    0    |
|          |        tmp_45_fu_814       |    0    |    0    |
|          |  storemerge1_2_cast_fu_849 |    0    |    0    |
|          |       tmp_13_3_fu_854      |    0    |    0    |
|          |        tmp_49_fu_976       |    0    |    0    |
|   zext   | storemerge1_3_cast_fu_1011 |    0    |    0    |
|          |      tmp_13_4_fu_1016      |    0    |    0    |
|          |       tmp_53_fu_1138       |    0    |    0    |
|          | storemerge1_4_cast_fu_1173 |    0    |    0    |
|          |      tmp_13_5_fu_1178      |    0    |    0    |
|          |       tmp_57_fu_1300       |    0    |    0    |
|          | storemerge1_5_cast_fu_1335 |    0    |    0    |
|          |      tmp_13_6_fu_1340      |    0    |    0    |
|          |       tmp_61_fu_1462       |    0    |    0    |
|          | storemerge1_6_cast_fu_1497 |    0    |    0    |
|          |      tmp_13_7_fu_1502      |    0    |    0    |
|          |       tmp_65_fu_1516       |    0    |    0    |
|          | storemerge1_7_cast_fu_1551 |    0    |    0    |
|----------|----------------------------|---------|---------|
|          |      lhs_V_cast_fu_345     |    0    |    0    |
|          |     p_shl2_cast_fu_371     |    0    |    0    |
|          |     lhs_V_1_cast_fu_466    |    0    |    0    |
|          |    p_shl2_1_cast_fu_492    |    0    |    0    |
|          |     lhs_V_2_cast_fu_606    |    0    |    0    |
|          |    p_shl2_2_cast_fu_632    |    0    |    0    |
|          |     lhs_V_3_cast_fu_718    |    0    |    0    |
|   sext   |    p_shl2_3_cast_fu_744    |    0    |    0    |
|          |     lhs_V_4_cast_fu_880    |    0    |    0    |
|          |    p_shl2_4_cast_fu_906    |    0    |    0    |
|          |    lhs_V_5_cast_fu_1042    |    0    |    0    |
|          |    p_shl2_5_cast_fu_1068   |    0    |    0    |
|          |    lhs_V_6_cast_fu_1204    |    0    |    0    |
|          |    p_shl2_6_cast_fu_1230   |    0    |    0    |
|          |    lhs_V_7_cast_fu_1366    |    0    |    0    |
|          |    p_shl2_7_cast_fu_1392   |    0    |    0    |
|----------|----------------------------|---------|---------|
|          |        p_shl_fu_355        |    0    |    0    |
|          |        p_shl2_fu_363       |    0    |    0    |
|          |       p_shl_1_fu_476       |    0    |    0    |
|          |       p_shl2_1_fu_484      |    0    |    0    |
|          |       p_shl_2_fu_616       |    0    |    0    |
|          |       p_shl2_2_fu_624      |    0    |    0    |
|          |       p_shl_3_fu_728       |    0    |    0    |
|bitconcatenate|       p_shl2_3_fu_736      |    0    |    0    |
|          |       p_shl_4_fu_890       |    0    |    0    |
|          |       p_shl2_4_fu_898      |    0    |    0    |
|          |       p_shl_5_fu_1052      |    0    |    0    |
|          |      p_shl2_5_fu_1060      |    0    |    0    |
|          |       p_shl_6_fu_1214      |    0    |    0    |
|          |      p_shl2_6_fu_1222      |    0    |    0    |
|          |       p_shl_7_fu_1376      |    0    |    0    |
|          |      p_shl2_7_fu_1384      |    0    |    0    |
|----------|----------------------------|---------|---------|
|          |       tmp_100_fu_381       |    0    |    0    |
|          |       tmp_102_fu_502       |    0    |    0    |
|          |       tmp_104_fu_642       |    0    |    0    |
| bitselect|       tmp_106_fu_754       |    0    |    0    |
|          |       tmp_108_fu_916       |    0    |    0    |
|          |       tmp_110_fu_1078      |    0    |    0    |
|          |       tmp_112_fu_1240      |    0    |    0    |
|          |       tmp_114_fu_1402      |    0    |    0    |
|----------|----------------------------|---------|---------|
|          |       tmp_101_fu_389       |    0    |    0    |
|          |       tmp_103_fu_510       |    0    |    0    |
|          |       tmp_105_fu_650       |    0    |    0    |
|   trunc  |       tmp_107_fu_762       |    0    |    0    |
|          |       tmp_109_fu_924       |    0    |    0    |
|          |       tmp_111_fu_1086      |    0    |    0    |
|          |       tmp_113_fu_1248      |    0    |    0    |
|          |       tmp_115_fu_1410      |    0    |    0    |
|----------|----------------------------|---------|---------|
|   Total  |                            |    0    |   846   |
|----------|----------------------------|---------|---------|

Memories:
N/A

* Register list:
+-----------------------------+--------+
|                             |   FF   |
+-----------------------------+--------+
|        i_3_7_reg_1651       |   32   |
|          i_reg_256          |   32   |
|      newIndex2_reg_1556     |   64   |
|sigmoid_lut_V_addr_1_reg_1613|    8   |
|sigmoid_lut_V_addr_2_reg_1672|    8   |
|sigmoid_lut_V_addr_3_reg_1693|    8   |
|sigmoid_lut_V_addr_4_reg_1714|    8   |
|sigmoid_lut_V_addr_5_reg_1735|    8   |
|sigmoid_lut_V_addr_6_reg_1756|    8   |
|sigmoid_lut_V_addr_7_reg_1777|    8   |
| sigmoid_lut_V_addr_reg_1585 |    8   |
|    storemerge1_1_reg_283    |   12   |
|     storemerge1_reg_268     |   12   |
|      tmp_1_46_reg_1600      |    1   |
|        tmp_2_reg_1656       |    1   |
|       tmp_37_reg_1590       |   12   |
|        tmp_3_reg_1677       |    1   |
|        tmp_4_reg_1698       |    1   |
|        tmp_5_reg_1719       |    1   |
|       tmp_64_reg_1580       |    8   |
|       tmp_69_reg_1608       |    8   |
|        tmp_6_reg_1740       |    1   |
|       tmp_73_reg_1667       |    8   |
|       tmp_78_reg_1688       |    8   |
|        tmp_7_reg_1761       |    1   |
|       tmp_83_reg_1709       |    8   |
|       tmp_88_reg_1730       |    8   |
|       tmp_93_reg_1751       |    8   |
|       tmp_98_reg_1772       |    8   |
|       tmp_9_1_reg_1604      |    1   |
|       tmp_9_2_reg_1662      |    1   |
|       tmp_9_3_reg_1683      |    1   |
|       tmp_9_4_reg_1704      |    1   |
|       tmp_9_5_reg_1725      |    1   |
|       tmp_9_6_reg_1746      |    1   |
|       tmp_9_7_reg_1767      |    1   |
|        tmp_9_reg_1576       |    1   |
|        tmp_s_reg_1572       |    1   |
|     x_0_V_addr_reg_1567     |    3   |
|     x_1_V_addr_reg_1595     |    3   |
|     x_2_V_addr_reg_1621     |    3   |
|     x_3_V_addr_reg_1626     |    3   |
|     x_4_V_addr_reg_1631     |    3   |
|     x_5_V_addr_reg_1636     |    3   |
|     x_6_V_addr_reg_1641     |    3   |
|     x_7_V_addr_reg_1646     |    3   |
+-----------------------------+--------+
|            Total            |   332  |
+-----------------------------+--------+

* Multiplexer (MUX) list: 
|-----------------------|------|------|------|--------||---------||---------|
|          Comp         |  Pin | Size |  BW  | S x BW ||  Delay  ||   LUT   |
|-----------------------|------|------|------|--------||---------||---------|
|    grp_access_fu_95   |  p0  |   2  |   3  |    6   ||    3    |
|   grp_access_fu_108   |  p0  |  16  |   8  |   128  ||    6    |
|   grp_access_fu_121   |  p0  |   2  |   3  |    6   ||    3    |
|   grp_access_fu_142   |  p0  |   2  |   3  |    6   ||    3    |
|       i_reg_256       |  p0  |   2  |  32  |   64   ||    3    |
|  storemerge1_reg_268  |  p0  |   2  |  12  |   24   |
| storemerge1_1_reg_283 |  p0  |   2  |  12  |   24   |
|-----------------------|------|------|------|--------||---------||---------|
|         Total         |      |      |      |   258  ||  3.992  ||    18   |
|-----------------------|------|------|------|--------||---------||---------|



* Summary:
+-----------+--------+--------+--------+
|           |  Delay |   FF   |   LUT  |
+-----------+--------+--------+--------+
|  Function |    -   |    0   |   846  |
|   Memory  |    -   |    -   |    -   |
|Multiplexer|    3   |    -   |   18   |
|  Register |    -   |   332  |    -   |
+-----------+--------+--------+--------+
|   Total   |    3   |   332  |   864  |
+-----------+--------+--------+--------+
