

================================================================
== Vivado HLS Report for 'tanh'
================================================================
* Date:           Sat Apr 19 01:58:39 2025

* Version:        2018.3 (Build 2405991 on Thu Dec 06 23:56:15 MST 2018)
* Project:        bi_lstm
* Solution:       solution1
* Product family: zynq
* Target device:  xc7z020clg400-2


================================================================
== Performance Estimates
================================================================
+ Timing (ns): 
    * Summary: 
    +--------+-------+----------+------------+
    |  Clock | Target| Estimated| Uncertainty|
    +--------+-------+----------+------------+
    |ap_clk  |  10.00|     7.453|        1.25|
    +--------+-------+----------+------------+

+ Latency (clock cycles): 
    * Summary: 
    +-----+-----+-----+-----+---------+
    |  Latency  |  Interval | Pipeline|
    | min | max | min | max |   Type  |
    +-----+-----+-----+-----+---------+
    |   98|  112|   98|  112|   none  |
    +-----+-----+-----+-----+---------+

    + Detail: 
        * Instance: 
        N/A

        * Loop: 
        +----------+-----+-----+----------+-----------+-----------+------+----------+
        |          |  Latency  | Iteration|  Initiation Interval  | Trip |          |
        | Loop Name| min | max |  Latency |  achieved |   target  | Count| Pipelined|
        +----------+-----+-----+----------+-----------+-----------+------+----------+
        |- Loop 1  |   97|  111|  13 ~ 15 |          -|          -|     7|    no    |
        +----------+-----+-----+----------+-----------+-----------+------+----------+



================================================================
== Utilization Estimates
================================================================
* Summary: 
+-----------------+---------+-------+--------+-------+
|       Name      | BRAM_18K| DSP48E|   FF   |  LUT  |
+-----------------+---------+-------+--------+-------+
|DSP              |        -|      -|       -|      -|
|Expression       |        -|      -|       0|    912|
|FIFO             |        -|      -|       -|      -|
|Instance         |        -|      -|       -|      -|
|Memory           |        1|      -|       0|      0|
|Multiplexer      |        -|      -|       -|     34|
|Register         |        -|      -|     239|      -|
+-----------------+---------+-------+--------+-------+
|Total            |        1|      0|     239|    946|
+-----------------+---------+-------+--------+-------+
|Available        |      280|    220|  106400|  53200|
+-----------------+---------+-------+--------+-------+
|Utilization (%)  |    ~0   |      0|   ~0   |      1|
+-----------------+---------+-------+--------+-------+

+ Detail: 
    * Instance: 
    N/A

    * DSP48: 
    N/A

    * Memory: 
    +-----------------+--------------------+---------+---+----+------+-----+------+-------------+
    |      Memory     |       Module       | BRAM_18K| FF| LUT| Words| Bits| Banks| W*Bits*Banks|
    +-----------------+--------------------+---------+---+----+------+-----+------+-------------+
    |tanh_lut_V163_U  |tanh_tanh_lut_V163  |        1|  0|   0|   256|   16|     1|         4096|
    +-----------------+--------------------+---------+---+----+------+-----+------+-------------+
    |Total            |                    |        1|  0|   0|   256|   16|     1|         4096|
    +-----------------+--------------------+---------+---+----+------+-----+------+-------------+

    * FIFO: 
    N/A

    * Expression: 
    +--------------------------+----------+-------+---+----+------------+------------+
    |       Variable Name      | Operation| DSP48E| FF| LUT| Bitwidth P0| Bitwidth P1|
    +--------------------------+----------+-------+---+----+------------+------------+
    |i_2_7_fu_576_p2           |     +    |      0|  0|  32|           4|          32|
    |ret_V_1_fu_468_p2         |     +    |      0|  0|  13|          10|          13|
    |ret_V_3_fu_720_p2         |     +    |      0|  0|  13|          10|          13|
    |ret_V_4_fu_882_p2         |     +    |      0|  0|  13|          10|          13|
    |ret_V_5_fu_1044_p2        |     +    |      0|  0|  13|          10|          13|
    |ret_V_6_fu_1206_p2        |     +    |      0|  0|  13|          10|          13|
    |ret_V_7_fu_1368_p2        |     +    |      0|  0|  13|          10|          13|
    |ret_V_fu_347_p2           |     +    |      0|  0|  13|          10|          13|
    |ret_V_s_fu_608_p2         |     +    |      0|  0|  13|          10|          13|
    |tmp_15_fu_528_p2          |     +    |      0|  0|   8|           1|           8|
    |tmp_23_fu_668_p2          |     +    |      0|  0|   8|           1|           8|
    |tmp_33_fu_780_p2          |     +    |      0|  0|   8|           1|           8|
    |tmp_39_fu_942_p2          |     +    |      0|  0|   8|           1|           8|
    |tmp_44_fu_1104_p2         |     +    |      0|  0|   8|           1|           8|
    |tmp_49_fu_1266_p2         |     +    |      0|  0|   8|           1|           8|
    |tmp_54_fu_1428_p2         |     +    |      0|  0|   8|           1|           8|
    |tmp_7_fu_407_p2           |     +    |      0|  0|   8|           1|           8|
    |r_V_2_1_fu_494_p2         |     -    |      0|  0|  25|          25|          25|
    |r_V_2_2_fu_634_p2         |     -    |      0|  0|  25|          25|          25|
    |r_V_2_3_fu_746_p2         |     -    |      0|  0|  25|          25|          25|
    |r_V_2_4_fu_908_p2         |     -    |      0|  0|  25|          25|          25|
    |r_V_2_5_fu_1070_p2        |     -    |      0|  0|  25|          25|          25|
    |r_V_2_6_fu_1232_p2        |     -    |      0|  0|  25|          25|          25|
    |r_V_2_7_fu_1394_p2        |     -    |      0|  0|  25|          25|          25|
    |r_V_2_fu_373_p2           |     -    |      0|  0|  25|          25|          25|
    |sel_tmp10_fu_1307_p2      |    and   |      0|  0|   1|           1|           1|
    |sel_tmp13_fu_1469_p2      |    and   |      0|  0|   1|           1|           1|
    |sel_tmp16_fu_1523_p2      |    and   |      0|  0|   1|           1|           1|
    |sel_tmp2_fu_821_p2        |    and   |      0|  0|   1|           1|           1|
    |sel_tmp4_fu_1145_p2       |    and   |      0|  0|   1|           1|           1|
    |sel_tmp7_fu_983_p2        |    and   |      0|  0|   1|           1|           1|
    |exitcond_2_fu_570_p2      |   icmp   |      0|  0|  12|          32|           6|
    |tmp_1_33_fu_512_p2        |   icmp   |      0|  0|   6|          14|           1|
    |tmp_2_34_fu_652_p2        |   icmp   |      0|  0|   6|          14|           1|
    |tmp_3_1_fu_442_p2         |   icmp   |      0|  0|   7|          16|          14|
    |tmp_3_2_fu_582_p2         |   icmp   |      0|  0|   7|          16|          14|
    |tmp_3_35_fu_764_p2        |   icmp   |      0|  0|   6|          14|           1|
    |tmp_3_3_fu_694_p2         |   icmp   |      0|  0|   7|          16|          14|
    |tmp_3_4_fu_856_p2         |   icmp   |      0|  0|   7|          16|          14|
    |tmp_3_5_fu_1018_p2        |   icmp   |      0|  0|   7|          16|          14|
    |tmp_3_6_fu_1180_p2        |   icmp   |      0|  0|   7|          16|          14|
    |tmp_3_7_fu_1342_p2        |   icmp   |      0|  0|   7|          16|          14|
    |tmp_3_fu_321_p2           |   icmp   |      0|  0|   7|          16|          14|
    |tmp_4_1_fu_448_p2         |   icmp   |      0|  0|   7|          16|          15|
    |tmp_4_2_fu_588_p2         |   icmp   |      0|  0|   7|          16|          15|
    |tmp_4_36_fu_926_p2        |   icmp   |      0|  0|   6|          14|           1|
    |tmp_4_3_fu_700_p2         |   icmp   |      0|  0|   7|          16|          15|
    |tmp_4_4_fu_862_p2         |   icmp   |      0|  0|   7|          16|          15|
    |tmp_4_5_fu_1024_p2        |   icmp   |      0|  0|   7|          16|          15|
    |tmp_4_6_fu_1186_p2        |   icmp   |      0|  0|   7|          16|          15|
    |tmp_4_7_fu_1348_p2        |   icmp   |      0|  0|   7|          16|          15|
    |tmp_4_fu_327_p2           |   icmp   |      0|  0|   7|          16|          15|
    |tmp_5_37_fu_1088_p2       |   icmp   |      0|  0|   6|          14|           1|
    |tmp_6_38_fu_1250_p2       |   icmp   |      0|  0|   6|          14|           1|
    |tmp_7_39_fu_1412_p2       |   icmp   |      0|  0|   6|          14|           1|
    |tmp_s_fu_391_p2           |   icmp   |      0|  0|   6|          14|           1|
    |i_2_s_fu_564_p2           |    or    |      0|  0|  32|          32|           2|
    |tmp_29_fu_834_p2          |    or    |      0|  0|   1|           1|           1|
    |tmp_37_fu_996_p2          |    or    |      0|  0|   1|           1|           1|
    |tmp_42_fu_1158_p2         |    or    |      0|  0|   1|           1|           1|
    |tmp_47_fu_1320_p2         |    or    |      0|  0|   1|           1|           1|
    |tmp_52_fu_1482_p2         |    or    |      0|  0|   1|           1|           1|
    |tmp_57_fu_1536_p2         |    or    |      0|  0|   1|           1|           1|
    |sel_tmp11_fu_1312_p3      |  select  |      0|  0|  13|           1|          13|
    |sel_tmp14_fu_1474_p3      |  select  |      0|  0|  13|           1|          13|
    |sel_tmp17_fu_1528_p3      |  select  |      0|  0|  13|           1|          13|
    |sel_tmp5_fu_988_p3        |  select  |      0|  0|  13|           1|          13|
    |sel_tmp8_fu_1150_p3       |  select  |      0|  0|  13|           1|          13|
    |sel_tmp_fu_826_p3         |  select  |      0|  0|  13|           1|          13|
    |storemerge1_2_fu_839_p3   |  select  |      0|  0|  13|           1|          13|
    |storemerge1_3_fu_1001_p3  |  select  |      0|  0|  13|           1|          13|
    |storemerge1_4_fu_1163_p3  |  select  |      0|  0|  13|           1|          13|
    |storemerge1_5_fu_1325_p3  |  select  |      0|  0|  13|           1|          13|
    |storemerge1_6_fu_1487_p3  |  select  |      0|  0|  13|           1|          13|
    |storemerge1_7_fu_1541_p3  |  select  |      0|  0|  13|           1|          13|
    |tmp_11_fu_421_p3          |  select  |      0|  0|   8|           1|           8|
    |tmp_17_fu_534_p3          |  select  |      0|  0|   8|           1|           8|
    |tmp_19_fu_542_p3          |  select  |      0|  0|   8|           1|           8|
    |tmp_25_fu_674_p3          |  select  |      0|  0|   8|           1|           8|
    |tmp_27_fu_682_p3          |  select  |      0|  0|   8|           1|           8|
    |tmp_35_fu_786_p3          |  select  |      0|  0|   8|           1|           8|
    |tmp_36_fu_794_p3          |  select  |      0|  0|   8|           1|           8|
    |tmp_40_fu_948_p3          |  select  |      0|  0|   8|           1|           8|
    |tmp_41_fu_956_p3          |  select  |      0|  0|   8|           1|           8|
    |tmp_45_fu_1110_p3         |  select  |      0|  0|   8|           1|           8|
    |tmp_46_fu_1118_p3         |  select  |      0|  0|   8|           1|           8|
    |tmp_50_fu_1272_p3         |  select  |      0|  0|   8|           1|           8|
    |tmp_51_fu_1280_p3         |  select  |      0|  0|   8|           1|           8|
    |tmp_55_fu_1434_p3         |  select  |      0|  0|   8|           1|           8|
    |tmp_56_fu_1442_p3         |  select  |      0|  0|   8|           1|           8|
    |tmp_8_fu_413_p3           |  select  |      0|  0|   8|           1|           8|
    |sel_tmp12_fu_1464_p2      |    xor   |      0|  0|   2|           1|           2|
    |sel_tmp15_fu_1518_p2      |    xor   |      0|  0|   2|           1|           2|
    |sel_tmp1_fu_816_p2        |    xor   |      0|  0|   2|           1|           2|
    |sel_tmp3_fu_1140_p2       |    xor   |      0|  0|   2|           1|           2|
    |sel_tmp6_fu_978_p2        |    xor   |      0|  0|   2|           1|           2|
    |sel_tmp9_fu_1302_p2       |    xor   |      0|  0|   2|           1|           2|
    +--------------------------+----------+-------+---+----+------------+------------+
    |Total                     |          |      0|  0| 912|         770|         956|
    +--------------------------+----------+-------+---+----+------------+------------+

    * Multiplexer: 
    +----------------------------------------+----+-----------+-----+-----------+
    |                  Name                  | LUT| Input Size| Bits| Total Bits|
    +----------------------------------------+----+-----------+-----+-----------+
    |ap_NS_fsm                               |   8|         17|    1|         17|
    |ap_phi_mux_storemerge1_1_phi_fu_286_p6  |   3|          2|   13|         26|
    |i_reg_254                               |   3|          2|   32|         64|
    |res_0_V_address0                        |   3|          3|    3|          9|
    |res_1_V_address0                        |   3|          3|    3|          9|
    |res_2_V_address0                        |   3|          3|    3|          9|
    |storemerge1_1_reg_281                   |   3|          3|   13|         39|
    |storemerge1_reg_266                     |   3|          3|   13|         39|
    |tanh_lut_V163_address0                  |   5|          9|    8|         72|
    +----------------------------------------+----+-----------+-----+-----------+
    |Total                                   |  34|         45|   89|        284|
    +----------------------------------------+----+-----------+-----+-----------+

    * Register: 
    +-----------------------+----+----+-----+-----------+
    |          Name         | FF | LUT| Bits| Const Bits|
    +-----------------------+----+----+-----+-----------+
    |ap_CS_fsm              |  16|   0|   16|          0|
    |i_2_7_reg_1649         |  32|   0|   32|          0|
    |i_reg_254              |  32|   0|   32|          0|
    |newIndex1_reg_1554     |  29|   0|   64|         35|
    |storemerge1_1_reg_281  |  13|   0|   13|          0|
    |storemerge1_reg_266    |  13|   0|   13|          0|
    |tmp_11_reg_1578        |   8|   0|    8|          0|
    |tmp_19_reg_1606        |   8|   0|    8|          0|
    |tmp_27_reg_1665        |   8|   0|    8|          0|
    |tmp_36_reg_1686        |   8|   0|    8|          0|
    |tmp_3_1_reg_1598       |   1|   0|    1|          0|
    |tmp_3_2_reg_1654       |   1|   0|    1|          0|
    |tmp_3_3_reg_1675       |   1|   0|    1|          0|
    |tmp_3_4_reg_1696       |   1|   0|    1|          0|
    |tmp_3_5_reg_1717       |   1|   0|    1|          0|
    |tmp_3_6_reg_1738       |   1|   0|    1|          0|
    |tmp_3_7_reg_1759       |   1|   0|    1|          0|
    |tmp_3_reg_1570         |   1|   0|    1|          0|
    |tmp_41_reg_1707        |   8|   0|    8|          0|
    |tmp_46_reg_1728        |   8|   0|    8|          0|
    |tmp_4_1_reg_1602       |   1|   0|    1|          0|
    |tmp_4_2_reg_1660       |   1|   0|    1|          0|
    |tmp_4_3_reg_1681       |   1|   0|    1|          0|
    |tmp_4_4_reg_1702       |   1|   0|    1|          0|
    |tmp_4_5_reg_1723       |   1|   0|    1|          0|
    |tmp_4_6_reg_1744       |   1|   0|    1|          0|
    |tmp_4_7_reg_1765       |   1|   0|    1|          0|
    |tmp_4_reg_1574         |   1|   0|    1|          0|
    |tmp_51_reg_1749        |   8|   0|    8|          0|
    |tmp_56_reg_1770        |   8|   0|    8|          0|
    |x_0_V_addr_reg_1565    |   3|   0|    3|          0|
    |x_1_V_addr_reg_1593    |   3|   0|    3|          0|
    |x_2_V_addr_reg_1619    |   3|   0|    3|          0|
    |x_3_V_addr_reg_1624    |   3|   0|    3|          0|
    |x_4_V_addr_reg_1629    |   3|   0|    3|          0|
    |x_5_V_addr_reg_1634    |   3|   0|    3|          0|
    |x_6_V_addr_reg_1639    |   3|   0|    3|          0|
    |x_7_V_addr_reg_1644    |   3|   0|    3|          0|
    +-----------------------+----+----+-----+-----------+
    |Total                  | 239|   0|  274|         35|
    +-----------------------+----+----+-----+-----------+



================================================================
== Interface
================================================================
* Summary: 
+------------------+-----+-----+------------+--------------+--------------+
|     RTL Ports    | Dir | Bits|  Protocol  | Source Object|    C Type    |
+------------------+-----+-----+------------+--------------+--------------+
|ap_clk            |  in |    1| ap_ctrl_hs |     tanh     | return value |
|ap_rst            |  in |    1| ap_ctrl_hs |     tanh     | return value |
|ap_start          |  in |    1| ap_ctrl_hs |     tanh     | return value |
|ap_done           | out |    1| ap_ctrl_hs |     tanh     | return value |
|ap_idle           | out |    1| ap_ctrl_hs |     tanh     | return value |
|ap_ready          | out |    1| ap_ctrl_hs |     tanh     | return value |
|res_0_V_address0  | out |    3|  ap_memory |    res_0_V   |     array    |
|res_0_V_ce0       | out |    1|  ap_memory |    res_0_V   |     array    |
|res_0_V_we0       | out |    1|  ap_memory |    res_0_V   |     array    |
|res_0_V_d0        | out |   16|  ap_memory |    res_0_V   |     array    |
|res_0_V_q0        |  in |   16|  ap_memory |    res_0_V   |     array    |
|res_1_V_address0  | out |    3|  ap_memory |    res_1_V   |     array    |
|res_1_V_ce0       | out |    1|  ap_memory |    res_1_V   |     array    |
|res_1_V_we0       | out |    1|  ap_memory |    res_1_V   |     array    |
|res_1_V_d0        | out |   16|  ap_memory |    res_1_V   |     array    |
|res_1_V_q0        |  in |   16|  ap_memory |    res_1_V   |     array    |
|res_2_V_address0  | out |    3|  ap_memory |    res_2_V   |     array    |
|res_2_V_ce0       | out |    1|  ap_memory |    res_2_V   |     array    |
|res_2_V_we0       | out |    1|  ap_memory |    res_2_V   |     array    |
|res_2_V_d0        | out |   16|  ap_memory |    res_2_V   |     array    |
|res_2_V_q0        |  in |   16|  ap_memory |    res_2_V   |     array    |
|res_3_V_address0  | out |    3|  ap_memory |    res_3_V   |     array    |
|res_3_V_ce0       | out |    1|  ap_memory |    res_3_V   |     array    |
|res_3_V_we0       | out |    1|  ap_memory |    res_3_V   |     array    |
|res_3_V_d0        | out |   16|  ap_memory |    res_3_V   |     array    |
|res_3_V_q0        |  in |   16|  ap_memory |    res_3_V   |     array    |
|res_4_V_address0  | out |    3|  ap_memory |    res_4_V   |     array    |
|res_4_V_ce0       | out |    1|  ap_memory |    res_4_V   |     array    |
|res_4_V_we0       | out |    1|  ap_memory |    res_4_V   |     array    |
|res_4_V_d0        | out |   16|  ap_memory |    res_4_V   |     array    |
|res_4_V_q0        |  in |   16|  ap_memory |    res_4_V   |     array    |
|res_5_V_address0  | out |    3|  ap_memory |    res_5_V   |     array    |
|res_5_V_ce0       | out |    1|  ap_memory |    res_5_V   |     array    |
|res_5_V_we0       | out |    1|  ap_memory |    res_5_V   |     array    |
|res_5_V_d0        | out |   16|  ap_memory |    res_5_V   |     array    |
|res_5_V_q0        |  in |   16|  ap_memory |    res_5_V   |     array    |
|res_6_V_address0  | out |    3|  ap_memory |    res_6_V   |     array    |
|res_6_V_ce0       | out |    1|  ap_memory |    res_6_V   |     array    |
|res_6_V_we0       | out |    1|  ap_memory |    res_6_V   |     array    |
|res_6_V_d0        | out |   16|  ap_memory |    res_6_V   |     array    |
|res_6_V_q0        |  in |   16|  ap_memory |    res_6_V   |     array    |
|res_7_V_address0  | out |    3|  ap_memory |    res_7_V   |     array    |
|res_7_V_ce0       | out |    1|  ap_memory |    res_7_V   |     array    |
|res_7_V_we0       | out |    1|  ap_memory |    res_7_V   |     array    |
|res_7_V_d0        | out |   16|  ap_memory |    res_7_V   |     array    |
|res_7_V_q0        |  in |   16|  ap_memory |    res_7_V   |     array    |
+------------------+-----+-----+------------+--------------+--------------+

============================================================
+ Verbose Summary: Synthesis Manager
============================================================
InlineROM: 1
ExposeGlobal: 0
============================================================
+ Verbose Summary: CDFG Model
============================================================
IsTopModel: 0
ResetActiveHigh: 1
IsCombinational: 2
IsDatapathOnly: 2
HasWiredReturn: 1
HasMFsm: 0
HasVarLatency: 1
IsPipeline: 0
IsRtlPipelined: 0
IsInstanceOverlapped: 0
IsDontTouch: 0
HasImplIP: 0
IsGatedGlobalClock: 0


============================================================
+ Verbose Summary: Schedule
============================================================
* Number of FSM states : 16
* Pipeline : 0
* Dataflow Pipeline: 0

* FSM state transitions: 
1 --> 
	2  / true
2 --> 
	3  / true
3 --> 
	5  / (tmp_4) | (tmp_3)
	4  / (!tmp_3 & !tmp_4)
4 --> 
	5  / true
5 --> 
	6  / true
6 --> 
	8  / (tmp_4_1) | (tmp_3_1)
	7  / (!tmp_3_1 & !tmp_4_1)
7 --> 
	8  / true
8 --> 
	9  / (!exitcond_2)
9 --> 
	10  / true
10 --> 
	11  / true
11 --> 
	12  / true
12 --> 
	13  / true
13 --> 
	14  / true
14 --> 
	15  / true
15 --> 
	16  / true
16 --> 
	2  / true

* FSM state operations: 

State 1 <SV = 0> <Delay = 0.46>
ST_1 : Operation 17 [1/1] (0.00ns)   --->   "call void (...)* @_ssdm_op_SpecMemCore([256 x i16]* @tanh_lut_V163, [1 x i8]* @p_str22, [12 x i8]* @p_str40, [1 x i8]* @p_str22, i32 -1, [1 x i8]* @p_str22, [1 x i8]* @p_str22, [1 x i8]* @p_str22, [1 x i8]* @p_str22, [1 x i8]* @p_str22)"   --->   Operation 17 'specmemcore' <Predicate = true> <Delay = 0.00>
ST_1 : Operation 18 [1/1] (0.00ns)   --->   "call void (...)* @_ssdm_op_SpecMemCore([256 x i16]* @tanh_lut_V163, [1 x i8]* @p_str22, [12 x i8]* @p_str40, [1 x i8]* @p_str22, i32 -1, [1 x i8]* @p_str22, [1 x i8]* @p_str22, [1 x i8]* @p_str22, [1 x i8]* @p_str22, [1 x i8]* @p_str22)"   --->   Operation 18 'specmemcore' <Predicate = true> <Delay = 0.00>
ST_1 : Operation 19 [1/1] (0.00ns)   --->   "call void (...)* @_ssdm_op_SpecMemCore([256 x i16]* @tanh_lut_V163, [1 x i8]* @p_str22, [12 x i8]* @p_str40, [1 x i8]* @p_str22, i32 -1, [1 x i8]* @p_str22, [1 x i8]* @p_str22, [1 x i8]* @p_str22, [1 x i8]* @p_str22, [1 x i8]* @p_str22)" [bi_lstm/src/rnn.cpp:301]   --->   Operation 19 'specmemcore' <Predicate = true> <Delay = 0.00>
ST_1 : Operation 20 [1/1] (0.00ns)   --->   "call void (...)* @_ssdm_op_SpecMemCore([256 x i16]* @tanh_lut_V163, [1 x i8]* @p_str22, [12 x i8]* @p_str40, [1 x i8]* @p_str22, i32 -1, [1 x i8]* @p_str22, [1 x i8]* @p_str22, [1 x i8]* @p_str22, [1 x i8]* @p_str22, [1 x i8]* @p_str22)"   --->   Operation 20 'specmemcore' <Predicate = true> <Delay = 0.00>
ST_1 : Operation 21 [1/1] (0.46ns)   --->   "br label %_ZN8ap_fixedILi16ELi5EL9ap_q_mode5EL9ap_o_mode3ELi0EEC1Ei.exit.0" [bi_lstm/src/rnn.cpp:65]   --->   Operation 21 'br' <Predicate = true> <Delay = 0.46>

State 2 <SV = 1> <Delay = 1.75>
ST_2 : Operation 22 [1/1] (0.00ns)   --->   "%i = phi i32 [ 0, %0 ], [ %i_2_7, %_ZN8ap_fixedILi16ELi5EL9ap_q_mode5EL9ap_o_mode3ELi0EEC1Ei.exit.2_ifconv ]" [bi_lstm/src/rnn.cpp:65]   --->   Operation 22 'phi' 'i' <Predicate = true> <Delay = 0.00>
ST_2 : Operation 23 [1/1] (0.00ns)   --->   "%newIndex = call i29 @_ssdm_op_PartSelect.i29.i32.i32.i32(i32 %i, i32 3, i32 31)" [bi_lstm/src/rnn.cpp:67]   --->   Operation 23 'partselect' 'newIndex' <Predicate = true> <Delay = 0.00>
ST_2 : Operation 24 [1/1] (0.00ns)   --->   "%newIndex1 = zext i29 %newIndex to i64" [bi_lstm/src/rnn.cpp:67]   --->   Operation 24 'zext' 'newIndex1' <Predicate = true> <Delay = 0.00>
ST_2 : Operation 25 [1/1] (0.00ns)   --->   "%x_0_V_addr = getelementptr [7 x i16]* %res_0_V, i64 0, i64 %newIndex1" [bi_lstm/src/rnn.cpp:67]   --->   Operation 25 'getelementptr' 'x_0_V_addr' <Predicate = true> <Delay = 0.00>
ST_2 : Operation 26 [2/2] (1.75ns)   --->   "%x_0_V_load = load i16* %x_0_V_addr, align 2" [bi_lstm/src/rnn.cpp:67]   --->   Operation 26 'load' 'x_0_V_load' <Predicate = true> <Delay = 1.75> <Core = "RAM">   --->   Core 37 'RAM' <Latency = 1> <II = 1> <Delay = 2.77> <Storage> <Opcode : 'load' 'store'> <Ports = 2> <Width = 32> <Depth = 3900> <RAM>

State 3 <SV = 2> <Delay = 7.45>
ST_3 : Operation 27 [1/1] (0.00ns)   --->   "%empty = call i32 (...)* @_ssdm_op_SpecLoopTripCount(i64 7, i64 7, i64 7)"   --->   Operation 27 'speclooptripcount' 'empty' <Predicate = true> <Delay = 0.00>
ST_3 : Operation 28 [1/2] (1.75ns)   --->   "%x_0_V_load = load i16* %x_0_V_addr, align 2" [bi_lstm/src/rnn.cpp:67]   --->   Operation 28 'load' 'x_0_V_load' <Predicate = true> <Delay = 1.75> <Core = "RAM">   --->   Core 37 'RAM' <Latency = 1> <II = 1> <Delay = 2.77> <Storage> <Opcode : 'load' 'store'> <Ports = 2> <Width = 32> <Depth = 3900> <RAM>
ST_3 : Operation 29 [1/1] (2.13ns)   --->   "%tmp_3 = icmp sgt i16 %x_0_V_load, 8192" [bi_lstm/src/rnn.cpp:67]   --->   Operation 29 'icmp' 'tmp_3' <Predicate = true> <Delay = 2.13> <Core = "Cmp">   --->   Core 25 'Cmp' <Latency = 0> <II = 1> <Delay = 1.98> <FuncUnit> <Opcode : 'icmp'> <InPorts = 2> <OutPorts = 1>
ST_3 : Operation 30 [1/1] (0.79ns)   --->   "br i1 %tmp_3, label %branch112, label %_ZN8ap_fixedILi16ELi5EL9ap_q_mode5EL9ap_o_mode3ELi0EEC1Ei.exit60.0" [bi_lstm/src/rnn.cpp:67]   --->   Operation 30 'br' <Predicate = true> <Delay = 0.79>
ST_3 : Operation 31 [1/1] (2.13ns)   --->   "%tmp_4 = icmp slt i16 %x_0_V_load, -8192" [bi_lstm/src/rnn.cpp:68]   --->   Operation 31 'icmp' 'tmp_4' <Predicate = (!tmp_3)> <Delay = 2.13> <Core = "Cmp">   --->   Core 25 'Cmp' <Latency = 0> <II = 1> <Delay = 1.98> <FuncUnit> <Opcode : 'icmp'> <InPorts = 2> <OutPorts = 1>
ST_3 : Operation 32 [1/1] (0.79ns)   --->   "br i1 %tmp_4, label %branch112, label %_ZN8ap_fixedILi16ELi9EL9ap_q_mode5EL9ap_o_mode3ELi0EEC1ILi16ELi5ELb1ELS0_5ELS1_3ELi0EEERK13ap_fixed_baseIXT_EXT0_EXT1_EXT2_EXT3_EXT4_EE.exit.0_ifconv" [bi_lstm/src/rnn.cpp:68]   --->   Operation 32 'br' <Predicate = (!tmp_3)> <Delay = 0.79>
ST_3 : Operation 33 [1/1] (0.00ns)   --->   "%tmp_2 = call i12 @_ssdm_op_PartSelect.i12.i16.i32.i32(i16 %x_0_V_load, i32 4, i32 15)" [bi_lstm/src/rnn.cpp:70]   --->   Operation 33 'partselect' 'tmp_2' <Predicate = (!tmp_3 & !tmp_4)> <Delay = 0.00>
ST_3 : Operation 34 [1/1] (0.00ns)   --->   "%lhs_V_cast = sext i12 %tmp_2 to i13" [bi_lstm/src/rnn.cpp:70]   --->   Operation 34 'sext' 'lhs_V_cast' <Predicate = (!tmp_3 & !tmp_4)> <Delay = 0.00>
ST_3 : Operation 35 [1/1] (1.54ns)   --->   "%ret_V = add i13 512, %lhs_V_cast" [bi_lstm/src/rnn.cpp:70]   --->   Operation 35 'add' 'ret_V' <Predicate = (!tmp_3 & !tmp_4)> <Delay = 1.54> <Core = "AddSub">   --->   Core 14 'AddSub' <Latency = 0> <II = 1> <Delay = 1.30> <FuncUnit> <Opcode : 'add' 'sub'> <InPorts = 2> <OutPorts = 1>
ST_3 : Operation 36 [1/1] (0.00ns)   --->   "%p_shl = call i25 @_ssdm_op_BitConcatenate.i25.i13.i12(i13 %ret_V, i12 0)" [bi_lstm/src/rnn.cpp:70]   --->   Operation 36 'bitconcatenate' 'p_shl' <Predicate = (!tmp_3 & !tmp_4)> <Delay = 0.00>
ST_3 : Operation 37 [1/1] (0.00ns)   --->   "%p_shl2 = call i17 @_ssdm_op_BitConcatenate.i17.i13.i4(i13 %ret_V, i4 0)" [bi_lstm/src/rnn.cpp:70]   --->   Operation 37 'bitconcatenate' 'p_shl2' <Predicate = (!tmp_3 & !tmp_4)> <Delay = 0.00>
ST_3 : Operation 38 [1/1] (0.00ns)   --->   "%p_shl2_cast = sext i17 %p_shl2 to i25" [bi_lstm/src/rnn.cpp:70]   --->   Operation 38 'sext' 'p_shl2_cast' <Predicate = (!tmp_3 & !tmp_4)> <Delay = 0.00>
ST_3 : Operation 39 [1/1] (1.71ns)   --->   "%r_V_2 = sub i25 %p_shl, %p_shl2_cast" [bi_lstm/src/rnn.cpp:70]   --->   Operation 39 'sub' 'r_V_2' <Predicate = (!tmp_3 & !tmp_4)> <Delay = 1.71> <Core = "AddSub">   --->   Core 14 'AddSub' <Latency = 0> <II = 1> <Delay = 1.30> <FuncUnit> <Opcode : 'add' 'sub'> <InPorts = 2> <OutPorts = 1>
ST_3 : Operation 40 [1/1] (0.00ns) (grouped into LUT with out node tmp_11)   --->   "%tmp = call i1 @_ssdm_op_BitSelect.i1.i25.i32(i25 %r_V_2, i32 24)" [bi_lstm/src/rnn.cpp:70]   --->   Operation 40 'bitselect' 'tmp' <Predicate = (!tmp_3 & !tmp_4)> <Delay = 0.00>
ST_3 : Operation 41 [1/1] (0.00ns)   --->   "%tmp_58 = trunc i25 %r_V_2 to i14" [bi_lstm/src/rnn.cpp:70]   --->   Operation 41 'trunc' 'tmp_58' <Predicate = (!tmp_3 & !tmp_4)> <Delay = 0.00>
ST_3 : Operation 42 [1/1] (1.98ns)   --->   "%tmp_s = icmp eq i14 %tmp_58, 0" [bi_lstm/src/rnn.cpp:70]   --->   Operation 42 'icmp' 'tmp_s' <Predicate = (!tmp_3 & !tmp_4)> <Delay = 1.98> <Core = "Cmp">   --->   Core 25 'Cmp' <Latency = 0> <II = 1> <Delay = 1.98> <FuncUnit> <Opcode : 'icmp'> <InPorts = 2> <OutPorts = 1>
ST_3 : Operation 43 [1/1] (0.00ns)   --->   "%tmp_5 = call i8 @_ssdm_op_PartSelect.i8.i25.i32.i32(i25 %r_V_2, i32 14, i32 21)" [bi_lstm/src/rnn.cpp:70]   --->   Operation 43 'partselect' 'tmp_5' <Predicate = (!tmp_3 & !tmp_4)> <Delay = 0.00>
ST_3 : Operation 44 [1/1] (1.30ns)   --->   "%tmp_7 = add i8 1, %tmp_5" [bi_lstm/src/rnn.cpp:70]   --->   Operation 44 'add' 'tmp_7' <Predicate = (!tmp_3 & !tmp_4)> <Delay = 1.30> <Core = "AddSub">   --->   Core 14 'AddSub' <Latency = 0> <II = 1> <Delay = 1.30> <FuncUnit> <Opcode : 'add' 'sub'> <InPorts = 2> <OutPorts = 1>
ST_3 : Operation 45 [1/1] (0.00ns) (grouped into LUT with out node tmp_11)   --->   "%tmp_8 = select i1 %tmp_s, i8 %tmp_5, i8 %tmp_7" [bi_lstm/src/rnn.cpp:70]   --->   Operation 45 'select' 'tmp_8' <Predicate = (!tmp_3 & !tmp_4)> <Delay = 0.00> <Core = "Sel">   --->   Core 26 'Sel' <Latency = 0> <II = 1> <Delay = 0.44> <FuncUnit> <Opcode : 'select'> <InPorts = 3> <OutPorts = 1>
ST_3 : Operation 46 [1/1] (0.44ns) (out node of the LUT)   --->   "%tmp_11 = select i1 %tmp, i8 %tmp_8, i8 %tmp_5" [bi_lstm/src/rnn.cpp:70]   --->   Operation 46 'select' 'tmp_11' <Predicate = (!tmp_3 & !tmp_4)> <Delay = 0.44> <Core = "Sel">   --->   Core 26 'Sel' <Latency = 0> <II = 1> <Delay = 0.44> <FuncUnit> <Opcode : 'select'> <InPorts = 3> <OutPorts = 1>

State 4 <SV = 3> <Delay = 2.77>
ST_4 : Operation 47 [1/1] (0.00ns)   --->   "%tmp_1 = zext i8 %tmp_11 to i64" [bi_lstm/src/rnn.cpp:71]   --->   Operation 47 'zext' 'tmp_1' <Predicate = true> <Delay = 0.00>
ST_4 : Operation 48 [1/1] (0.00ns)   --->   "%tanh_lut_V163_addr = getelementptr [256 x i16]* @tanh_lut_V163, i64 0, i64 %tmp_1" [bi_lstm/src/rnn.cpp:71]   --->   Operation 48 'getelementptr' 'tanh_lut_V163_addr' <Predicate = true> <Delay = 0.00>
ST_4 : Operation 49 [2/2] (2.77ns)   --->   "%tanh_lut_V163_load = load i16* %tanh_lut_V163_addr, align 2" [bi_lstm/src/rnn.cpp:71]   --->   Operation 49 'load' 'tanh_lut_V163_load' <Predicate = true> <Delay = 2.77> <Core = "ROM_1P_BRAM">   --->   Core 61 'ROM_1P_BRAM' <Latency = 1> <II = 1> <Delay = 2.77> <Storage> <Opcode : 'load'> <Ports = 1> <Width = 16> <Depth = 256> <ROM>

State 5 <SV = 4> <Delay = 2.77>
ST_5 : Operation 50 [1/2] (2.77ns)   --->   "%tanh_lut_V163_load = load i16* %tanh_lut_V163_addr, align 2" [bi_lstm/src/rnn.cpp:71]   --->   Operation 50 'load' 'tanh_lut_V163_load' <Predicate = (!tmp_3 & !tmp_4)> <Delay = 2.77> <Core = "ROM_1P_BRAM">   --->   Core 61 'ROM_1P_BRAM' <Latency = 1> <II = 1> <Delay = 2.77> <Storage> <Opcode : 'load'> <Ports = 1> <Width = 16> <Depth = 256> <ROM>
ST_5 : Operation 51 [1/1] (0.00ns)   --->   "%tmp_6 = call i12 @_ssdm_op_PartSelect.i12.i16.i32.i32(i16 %tanh_lut_V163_load, i32 4, i32 15)" [bi_lstm/src/rnn.cpp:71]   --->   Operation 51 'partselect' 'tmp_6' <Predicate = (!tmp_3 & !tmp_4)> <Delay = 0.00>
ST_5 : Operation 52 [1/1] (0.00ns)   --->   "%tmp_8_cast = sext i12 %tmp_6 to i13" [bi_lstm/src/rnn.cpp:71]   --->   Operation 52 'sext' 'tmp_8_cast' <Predicate = (!tmp_3 & !tmp_4)> <Delay = 0.00>
ST_5 : Operation 53 [1/1] (0.79ns)   --->   "br label %branch112"   --->   Operation 53 'br' <Predicate = (!tmp_3 & !tmp_4)> <Delay = 0.79>
ST_5 : Operation 54 [1/1] (0.00ns)   --->   "%x_1_V_addr = getelementptr [7 x i16]* %res_1_V, i64 0, i64 %newIndex1" [bi_lstm/src/rnn.cpp:67]   --->   Operation 54 'getelementptr' 'x_1_V_addr' <Predicate = true> <Delay = 0.00>
ST_5 : Operation 55 [2/2] (1.75ns)   --->   "%x_1_V_load = load i16* %x_1_V_addr, align 2" [bi_lstm/src/rnn.cpp:67]   --->   Operation 55 'load' 'x_1_V_load' <Predicate = true> <Delay = 1.75> <Core = "RAM">   --->   Core 37 'RAM' <Latency = 1> <II = 1> <Delay = 2.77> <Storage> <Opcode : 'load' 'store'> <Ports = 2> <Width = 32> <Depth = 3900> <RAM>

State 6 <SV = 5> <Delay = 7.45>
ST_6 : Operation 56 [1/1] (0.00ns)   --->   "%storemerge1 = phi i13 [ 2048, %_ZN8ap_fixedILi16ELi5EL9ap_q_mode5EL9ap_o_mode3ELi0EEC1Ei.exit.0 ], [ %tmp_8_cast, %_ZN8ap_fixedILi16ELi9EL9ap_q_mode5EL9ap_o_mode3ELi0EEC1ILi16ELi5ELb1ELS0_5ELS1_3ELi0EEERK13ap_fixed_baseIXT_EXT0_EXT1_EXT2_EXT3_EXT4_EE.exit.0_ifconv ], [ -2048, %_ZN8ap_fixedILi16ELi5EL9ap_q_mode5EL9ap_o_mode3ELi0EEC1Ei.exit60.0 ]" [bi_lstm/src/rnn.cpp:71]   --->   Operation 56 'phi' 'storemerge1' <Predicate = true> <Delay = 0.00>
ST_6 : Operation 57 [1/1] (0.00ns)   --->   "%storemerge1_cast = sext i13 %storemerge1 to i16" [bi_lstm/src/rnn.cpp:67]   --->   Operation 57 'sext' 'storemerge1_cast' <Predicate = true> <Delay = 0.00>
ST_6 : Operation 58 [1/1] (1.75ns)   --->   "store i16 %storemerge1_cast, i16* %x_0_V_addr, align 2" [bi_lstm/src/rnn.cpp:67]   --->   Operation 58 'store' <Predicate = true> <Delay = 1.75> <Core = "RAM">   --->   Core 37 'RAM' <Latency = 1> <II = 1> <Delay = 2.77> <Storage> <Opcode : 'load' 'store'> <Ports = 2> <Width = 32> <Depth = 3900> <RAM>
ST_6 : Operation 59 [1/2] (1.75ns)   --->   "%x_1_V_load = load i16* %x_1_V_addr, align 2" [bi_lstm/src/rnn.cpp:67]   --->   Operation 59 'load' 'x_1_V_load' <Predicate = true> <Delay = 1.75> <Core = "RAM">   --->   Core 37 'RAM' <Latency = 1> <II = 1> <Delay = 2.77> <Storage> <Opcode : 'load' 'store'> <Ports = 2> <Width = 32> <Depth = 3900> <RAM>
ST_6 : Operation 60 [1/1] (2.13ns)   --->   "%tmp_3_1 = icmp sgt i16 %x_1_V_load, 8192" [bi_lstm/src/rnn.cpp:67]   --->   Operation 60 'icmp' 'tmp_3_1' <Predicate = true> <Delay = 2.13> <Core = "Cmp">   --->   Core 25 'Cmp' <Latency = 0> <II = 1> <Delay = 1.98> <FuncUnit> <Opcode : 'icmp'> <InPorts = 2> <OutPorts = 1>
ST_6 : Operation 61 [1/1] (0.79ns)   --->   "br i1 %tmp_3_1, label %branch97, label %_ZN8ap_fixedILi16ELi5EL9ap_q_mode5EL9ap_o_mode3ELi0EEC1Ei.exit60.1" [bi_lstm/src/rnn.cpp:67]   --->   Operation 61 'br' <Predicate = true> <Delay = 0.79>
ST_6 : Operation 62 [1/1] (2.13ns)   --->   "%tmp_4_1 = icmp slt i16 %x_1_V_load, -8192" [bi_lstm/src/rnn.cpp:68]   --->   Operation 62 'icmp' 'tmp_4_1' <Predicate = (!tmp_3_1)> <Delay = 2.13> <Core = "Cmp">   --->   Core 25 'Cmp' <Latency = 0> <II = 1> <Delay = 1.98> <FuncUnit> <Opcode : 'icmp'> <InPorts = 2> <OutPorts = 1>
ST_6 : Operation 63 [1/1] (0.79ns)   --->   "br i1 %tmp_4_1, label %branch97, label %_ZN8ap_fixedILi16ELi9EL9ap_q_mode5EL9ap_o_mode3ELi0EEC1ILi16ELi5ELb1ELS0_5ELS1_3ELi0EEERK13ap_fixed_baseIXT_EXT0_EXT1_EXT2_EXT3_EXT4_EE.exit.1_ifconv" [bi_lstm/src/rnn.cpp:68]   --->   Operation 63 'br' <Predicate = (!tmp_3_1)> <Delay = 0.79>
ST_6 : Operation 64 [1/1] (0.00ns)   --->   "%tmp_9 = call i12 @_ssdm_op_PartSelect.i12.i16.i32.i32(i16 %x_1_V_load, i32 4, i32 15)" [bi_lstm/src/rnn.cpp:70]   --->   Operation 64 'partselect' 'tmp_9' <Predicate = (!tmp_3_1 & !tmp_4_1)> <Delay = 0.00>
ST_6 : Operation 65 [1/1] (0.00ns)   --->   "%lhs_V_1_cast = sext i12 %tmp_9 to i13" [bi_lstm/src/rnn.cpp:70]   --->   Operation 65 'sext' 'lhs_V_1_cast' <Predicate = (!tmp_3_1 & !tmp_4_1)> <Delay = 0.00>
ST_6 : Operation 66 [1/1] (1.54ns)   --->   "%ret_V_1 = add i13 512, %lhs_V_1_cast" [bi_lstm/src/rnn.cpp:70]   --->   Operation 66 'add' 'ret_V_1' <Predicate = (!tmp_3_1 & !tmp_4_1)> <Delay = 1.54> <Core = "AddSub">   --->   Core 14 'AddSub' <Latency = 0> <II = 1> <Delay = 1.30> <FuncUnit> <Opcode : 'add' 'sub'> <InPorts = 2> <OutPorts = 1>
ST_6 : Operation 67 [1/1] (0.00ns)   --->   "%p_shl_1 = call i25 @_ssdm_op_BitConcatenate.i25.i13.i12(i13 %ret_V_1, i12 0)" [bi_lstm/src/rnn.cpp:70]   --->   Operation 67 'bitconcatenate' 'p_shl_1' <Predicate = (!tmp_3_1 & !tmp_4_1)> <Delay = 0.00>
ST_6 : Operation 68 [1/1] (0.00ns)   --->   "%p_shl2_1 = call i17 @_ssdm_op_BitConcatenate.i17.i13.i4(i13 %ret_V_1, i4 0)" [bi_lstm/src/rnn.cpp:70]   --->   Operation 68 'bitconcatenate' 'p_shl2_1' <Predicate = (!tmp_3_1 & !tmp_4_1)> <Delay = 0.00>
ST_6 : Operation 69 [1/1] (0.00ns)   --->   "%p_shl2_1_cast = sext i17 %p_shl2_1 to i25" [bi_lstm/src/rnn.cpp:70]   --->   Operation 69 'sext' 'p_shl2_1_cast' <Predicate = (!tmp_3_1 & !tmp_4_1)> <Delay = 0.00>
ST_6 : Operation 70 [1/1] (1.71ns)   --->   "%r_V_2_1 = sub i25 %p_shl_1, %p_shl2_1_cast" [bi_lstm/src/rnn.cpp:70]   --->   Operation 70 'sub' 'r_V_2_1' <Predicate = (!tmp_3_1 & !tmp_4_1)> <Delay = 1.71> <Core = "AddSub">   --->   Core 14 'AddSub' <Latency = 0> <II = 1> <Delay = 1.30> <FuncUnit> <Opcode : 'add' 'sub'> <InPorts = 2> <OutPorts = 1>
ST_6 : Operation 71 [1/1] (0.00ns) (grouped into LUT with out node tmp_19)   --->   "%tmp_59 = call i1 @_ssdm_op_BitSelect.i1.i25.i32(i25 %r_V_2_1, i32 24)" [bi_lstm/src/rnn.cpp:70]   --->   Operation 71 'bitselect' 'tmp_59' <Predicate = (!tmp_3_1 & !tmp_4_1)> <Delay = 0.00>
ST_6 : Operation 72 [1/1] (0.00ns)   --->   "%tmp_60 = trunc i25 %r_V_2_1 to i14" [bi_lstm/src/rnn.cpp:70]   --->   Operation 72 'trunc' 'tmp_60' <Predicate = (!tmp_3_1 & !tmp_4_1)> <Delay = 0.00>
ST_6 : Operation 73 [1/1] (1.98ns)   --->   "%tmp_1_33 = icmp eq i14 %tmp_60, 0" [bi_lstm/src/rnn.cpp:70]   --->   Operation 73 'icmp' 'tmp_1_33' <Predicate = (!tmp_3_1 & !tmp_4_1)> <Delay = 1.98> <Core = "Cmp">   --->   Core 25 'Cmp' <Latency = 0> <II = 1> <Delay = 1.98> <FuncUnit> <Opcode : 'icmp'> <InPorts = 2> <OutPorts = 1>
ST_6 : Operation 74 [1/1] (0.00ns)   --->   "%tmp_13 = call i8 @_ssdm_op_PartSelect.i8.i25.i32.i32(i25 %r_V_2_1, i32 14, i32 21)" [bi_lstm/src/rnn.cpp:70]   --->   Operation 74 'partselect' 'tmp_13' <Predicate = (!tmp_3_1 & !tmp_4_1)> <Delay = 0.00>
ST_6 : Operation 75 [1/1] (1.30ns)   --->   "%tmp_15 = add i8 1, %tmp_13" [bi_lstm/src/rnn.cpp:70]   --->   Operation 75 'add' 'tmp_15' <Predicate = (!tmp_3_1 & !tmp_4_1)> <Delay = 1.30> <Core = "AddSub">   --->   Core 14 'AddSub' <Latency = 0> <II = 1> <Delay = 1.30> <FuncUnit> <Opcode : 'add' 'sub'> <InPorts = 2> <OutPorts = 1>
ST_6 : Operation 76 [1/1] (0.00ns) (grouped into LUT with out node tmp_19)   --->   "%tmp_17 = select i1 %tmp_1_33, i8 %tmp_13, i8 %tmp_15" [bi_lstm/src/rnn.cpp:70]   --->   Operation 76 'select' 'tmp_17' <Predicate = (!tmp_3_1 & !tmp_4_1)> <Delay = 0.00> <Core = "Sel">   --->   Core 26 'Sel' <Latency = 0> <II = 1> <Delay = 0.44> <FuncUnit> <Opcode : 'select'> <InPorts = 3> <OutPorts = 1>
ST_6 : Operation 77 [1/1] (0.44ns) (out node of the LUT)   --->   "%tmp_19 = select i1 %tmp_59, i8 %tmp_17, i8 %tmp_13" [bi_lstm/src/rnn.cpp:70]   --->   Operation 77 'select' 'tmp_19' <Predicate = (!tmp_3_1 & !tmp_4_1)> <Delay = 0.44> <Core = "Sel">   --->   Core 26 'Sel' <Latency = 0> <II = 1> <Delay = 0.44> <FuncUnit> <Opcode : 'select'> <InPorts = 3> <OutPorts = 1>

State 7 <SV = 6> <Delay = 2.77>
ST_7 : Operation 78 [1/1] (0.00ns)   --->   "%tmp_1_1 = zext i8 %tmp_19 to i64" [bi_lstm/src/rnn.cpp:71]   --->   Operation 78 'zext' 'tmp_1_1' <Predicate = true> <Delay = 0.00>
ST_7 : Operation 79 [1/1] (0.00ns)   --->   "%tanh_lut_V163_addr_1 = getelementptr [256 x i16]* @tanh_lut_V163, i64 0, i64 %tmp_1_1" [bi_lstm/src/rnn.cpp:71]   --->   Operation 79 'getelementptr' 'tanh_lut_V163_addr_1' <Predicate = true> <Delay = 0.00>
ST_7 : Operation 80 [2/2] (2.77ns)   --->   "%tanh_lut_V163_load_1 = load i16* %tanh_lut_V163_addr_1, align 2" [bi_lstm/src/rnn.cpp:71]   --->   Operation 80 'load' 'tanh_lut_V163_load_1' <Predicate = true> <Delay = 2.77> <Core = "ROM_1P_BRAM">   --->   Core 61 'ROM_1P_BRAM' <Latency = 1> <II = 1> <Delay = 2.77> <Storage> <Opcode : 'load'> <Ports = 1> <Width = 16> <Depth = 256> <ROM>

State 8 <SV = 7> <Delay = 5.32>
ST_8 : Operation 81 [1/2] (2.77ns)   --->   "%tanh_lut_V163_load_1 = load i16* %tanh_lut_V163_addr_1, align 2" [bi_lstm/src/rnn.cpp:71]   --->   Operation 81 'load' 'tanh_lut_V163_load_1' <Predicate = (!tmp_3_1 & !tmp_4_1)> <Delay = 2.77> <Core = "ROM_1P_BRAM">   --->   Core 61 'ROM_1P_BRAM' <Latency = 1> <II = 1> <Delay = 2.77> <Storage> <Opcode : 'load'> <Ports = 1> <Width = 16> <Depth = 256> <ROM>
ST_8 : Operation 82 [1/1] (0.00ns)   --->   "%tmp_10 = call i12 @_ssdm_op_PartSelect.i12.i16.i32.i32(i16 %tanh_lut_V163_load_1, i32 4, i32 15)" [bi_lstm/src/rnn.cpp:71]   --->   Operation 82 'partselect' 'tmp_10' <Predicate = (!tmp_3_1 & !tmp_4_1)> <Delay = 0.00>
ST_8 : Operation 83 [1/1] (0.00ns)   --->   "%tmp_8_1_cast = sext i12 %tmp_10 to i13" [bi_lstm/src/rnn.cpp:71]   --->   Operation 83 'sext' 'tmp_8_1_cast' <Predicate = (!tmp_3_1 & !tmp_4_1)> <Delay = 0.00>
ST_8 : Operation 84 [1/1] (0.79ns)   --->   "br label %branch97"   --->   Operation 84 'br' <Predicate = (!tmp_3_1 & !tmp_4_1)> <Delay = 0.79>
ST_8 : Operation 85 [1/1] (0.00ns)   --->   "%storemerge1_1 = phi i13 [ 2048, %branch112 ], [ %tmp_8_1_cast, %_ZN8ap_fixedILi16ELi9EL9ap_q_mode5EL9ap_o_mode3ELi0EEC1ILi16ELi5ELb1ELS0_5ELS1_3ELi0EEERK13ap_fixed_baseIXT_EXT0_EXT1_EXT2_EXT3_EXT4_EE.exit.1_ifconv ], [ -2048, %_ZN8ap_fixedILi16ELi5EL9ap_q_mode5EL9ap_o_mode3ELi0EEC1Ei.exit60.1 ]" [bi_lstm/src/rnn.cpp:71]   --->   Operation 85 'phi' 'storemerge1_1' <Predicate = true> <Delay = 0.00>
ST_8 : Operation 86 [1/1] (0.00ns)   --->   "%storemerge1_1_cast = sext i13 %storemerge1_1 to i16" [bi_lstm/src/rnn.cpp:67]   --->   Operation 86 'sext' 'storemerge1_1_cast' <Predicate = true> <Delay = 0.00>
ST_8 : Operation 87 [1/1] (1.75ns)   --->   "store i16 %storemerge1_1_cast, i16* %x_1_V_addr, align 2" [bi_lstm/src/rnn.cpp:67]   --->   Operation 87 'store' <Predicate = true> <Delay = 1.75> <Core = "RAM">   --->   Core 37 'RAM' <Latency = 1> <II = 1> <Delay = 2.77> <Storage> <Opcode : 'load' 'store'> <Ports = 2> <Width = 32> <Depth = 3900> <RAM>
ST_8 : Operation 88 [1/1] (0.00ns) (grouped into LUT with out node exitcond_2)   --->   "%i_2_s = or i32 %i, 2" [bi_lstm/src/rnn.cpp:65]   --->   Operation 88 'or' 'i_2_s' <Predicate = true> <Delay = 0.00>
ST_8 : Operation 89 [1/1] (1.96ns) (out node of the LUT)   --->   "%exitcond_2 = icmp eq i32 %i_2_s, 50" [bi_lstm/src/rnn.cpp:65]   --->   Operation 89 'icmp' 'exitcond_2' <Predicate = true> <Delay = 1.96> <Core = "Cmp">   --->   Core 25 'Cmp' <Latency = 0> <II = 1> <Delay = 1.98> <FuncUnit> <Opcode : 'icmp'> <InPorts = 2> <OutPorts = 1>
ST_8 : Operation 90 [1/1] (0.00ns)   --->   "br i1 %exitcond_2, label %1, label %_ZN8ap_fixedILi16ELi5EL9ap_q_mode5EL9ap_o_mode3ELi0EEC1Ei.exit.2_ifconv" [bi_lstm/src/rnn.cpp:65]   --->   Operation 90 'br' <Predicate = true> <Delay = 0.00>
ST_8 : Operation 91 [1/1] (0.00ns)   --->   "%x_2_V_addr = getelementptr [6 x i16]* %res_2_V, i64 0, i64 %newIndex1" [bi_lstm/src/rnn.cpp:67]   --->   Operation 91 'getelementptr' 'x_2_V_addr' <Predicate = (!exitcond_2)> <Delay = 0.00>
ST_8 : Operation 92 [2/2] (1.75ns)   --->   "%x_2_V_load = load i16* %x_2_V_addr, align 2" [bi_lstm/src/rnn.cpp:67]   --->   Operation 92 'load' 'x_2_V_load' <Predicate = (!exitcond_2)> <Delay = 1.75> <Core = "RAM">   --->   Core 37 'RAM' <Latency = 1> <II = 1> <Delay = 2.77> <Storage> <Opcode : 'load' 'store'> <Ports = 2> <Width = 32> <Depth = 3900> <RAM>
ST_8 : Operation 93 [1/1] (0.00ns)   --->   "%x_3_V_addr = getelementptr [6 x i16]* %res_3_V, i64 0, i64 %newIndex1" [bi_lstm/src/rnn.cpp:67]   --->   Operation 93 'getelementptr' 'x_3_V_addr' <Predicate = (!exitcond_2)> <Delay = 0.00>
ST_8 : Operation 94 [1/1] (0.00ns)   --->   "%x_4_V_addr = getelementptr [6 x i16]* %res_4_V, i64 0, i64 %newIndex1" [bi_lstm/src/rnn.cpp:67]   --->   Operation 94 'getelementptr' 'x_4_V_addr' <Predicate = (!exitcond_2)> <Delay = 0.00>
ST_8 : Operation 95 [1/1] (0.00ns)   --->   "%x_5_V_addr = getelementptr [6 x i16]* %res_5_V, i64 0, i64 %newIndex1" [bi_lstm/src/rnn.cpp:67]   --->   Operation 95 'getelementptr' 'x_5_V_addr' <Predicate = (!exitcond_2)> <Delay = 0.00>
ST_8 : Operation 96 [1/1] (0.00ns)   --->   "%x_6_V_addr = getelementptr [6 x i16]* %res_6_V, i64 0, i64 %newIndex1" [bi_lstm/src/rnn.cpp:67]   --->   Operation 96 'getelementptr' 'x_6_V_addr' <Predicate = (!exitcond_2)> <Delay = 0.00>
ST_8 : Operation 97 [1/1] (0.00ns)   --->   "%x_7_V_addr = getelementptr [6 x i16]* %res_7_V, i64 0, i64 %newIndex1" [bi_lstm/src/rnn.cpp:67]   --->   Operation 97 'getelementptr' 'x_7_V_addr' <Predicate = (!exitcond_2)> <Delay = 0.00>
ST_8 : Operation 98 [1/1] (1.89ns)   --->   "%i_2_7 = add nsw i32 8, %i" [bi_lstm/src/rnn.cpp:65]   --->   Operation 98 'add' 'i_2_7' <Predicate = (!exitcond_2)> <Delay = 1.89> <Core = "AddSub">   --->   Core 14 'AddSub' <Latency = 0> <II = 1> <Delay = 1.30> <FuncUnit> <Opcode : 'add' 'sub'> <InPorts = 2> <OutPorts = 1>
ST_8 : Operation 99 [1/1] (0.00ns)   --->   "ret void" [bi_lstm/src/rnn.cpp:74]   --->   Operation 99 'ret' <Predicate = (exitcond_2)> <Delay = 0.00>

State 9 <SV = 8> <Delay = 7.45>
ST_9 : Operation 100 [1/2] (1.75ns)   --->   "%x_2_V_load = load i16* %x_2_V_addr, align 2" [bi_lstm/src/rnn.cpp:67]   --->   Operation 100 'load' 'x_2_V_load' <Predicate = true> <Delay = 1.75> <Core = "RAM">   --->   Core 37 'RAM' <Latency = 1> <II = 1> <Delay = 2.77> <Storage> <Opcode : 'load' 'store'> <Ports = 2> <Width = 32> <Depth = 3900> <RAM>
ST_9 : Operation 101 [1/1] (2.13ns)   --->   "%tmp_3_2 = icmp sgt i16 %x_2_V_load, 8192" [bi_lstm/src/rnn.cpp:67]   --->   Operation 101 'icmp' 'tmp_3_2' <Predicate = true> <Delay = 2.13> <Core = "Cmp">   --->   Core 25 'Cmp' <Latency = 0> <II = 1> <Delay = 1.98> <FuncUnit> <Opcode : 'icmp'> <InPorts = 2> <OutPorts = 1>
ST_9 : Operation 102 [1/1] (2.13ns)   --->   "%tmp_4_2 = icmp slt i16 %x_2_V_load, -8192" [bi_lstm/src/rnn.cpp:68]   --->   Operation 102 'icmp' 'tmp_4_2' <Predicate = true> <Delay = 2.13> <Core = "Cmp">   --->   Core 25 'Cmp' <Latency = 0> <II = 1> <Delay = 1.98> <FuncUnit> <Opcode : 'icmp'> <InPorts = 2> <OutPorts = 1>
ST_9 : Operation 103 [1/1] (0.00ns)   --->   "%tmp_12 = call i12 @_ssdm_op_PartSelect.i12.i16.i32.i32(i16 %x_2_V_load, i32 4, i32 15)" [bi_lstm/src/rnn.cpp:70]   --->   Operation 103 'partselect' 'tmp_12' <Predicate = true> <Delay = 0.00>
ST_9 : Operation 104 [1/1] (0.00ns)   --->   "%lhs_V_2_cast = sext i12 %tmp_12 to i13" [bi_lstm/src/rnn.cpp:70]   --->   Operation 104 'sext' 'lhs_V_2_cast' <Predicate = true> <Delay = 0.00>
ST_9 : Operation 105 [1/1] (1.54ns)   --->   "%ret_V_s = add i13 512, %lhs_V_2_cast" [bi_lstm/src/rnn.cpp:70]   --->   Operation 105 'add' 'ret_V_s' <Predicate = true> <Delay = 1.54> <Core = "AddSub">   --->   Core 14 'AddSub' <Latency = 0> <II = 1> <Delay = 1.30> <FuncUnit> <Opcode : 'add' 'sub'> <InPorts = 2> <OutPorts = 1>
ST_9 : Operation 106 [1/1] (0.00ns)   --->   "%p_shl_2 = call i25 @_ssdm_op_BitConcatenate.i25.i13.i12(i13 %ret_V_s, i12 0)" [bi_lstm/src/rnn.cpp:70]   --->   Operation 106 'bitconcatenate' 'p_shl_2' <Predicate = true> <Delay = 0.00>
ST_9 : Operation 107 [1/1] (0.00ns)   --->   "%p_shl2_2 = call i17 @_ssdm_op_BitConcatenate.i17.i13.i4(i13 %ret_V_s, i4 0)" [bi_lstm/src/rnn.cpp:70]   --->   Operation 107 'bitconcatenate' 'p_shl2_2' <Predicate = true> <Delay = 0.00>
ST_9 : Operation 108 [1/1] (0.00ns)   --->   "%p_shl2_2_cast = sext i17 %p_shl2_2 to i25" [bi_lstm/src/rnn.cpp:70]   --->   Operation 108 'sext' 'p_shl2_2_cast' <Predicate = true> <Delay = 0.00>
ST_9 : Operation 109 [1/1] (1.71ns)   --->   "%r_V_2_2 = sub i25 %p_shl_2, %p_shl2_2_cast" [bi_lstm/src/rnn.cpp:70]   --->   Operation 109 'sub' 'r_V_2_2' <Predicate = true> <Delay = 1.71> <Core = "AddSub">   --->   Core 14 'AddSub' <Latency = 0> <II = 1> <Delay = 1.30> <FuncUnit> <Opcode : 'add' 'sub'> <InPorts = 2> <OutPorts = 1>
ST_9 : Operation 110 [1/1] (0.00ns) (grouped into LUT with out node tmp_27)   --->   "%tmp_61 = call i1 @_ssdm_op_BitSelect.i1.i25.i32(i25 %r_V_2_2, i32 24)" [bi_lstm/src/rnn.cpp:70]   --->   Operation 110 'bitselect' 'tmp_61' <Predicate = true> <Delay = 0.00>
ST_9 : Operation 111 [1/1] (0.00ns)   --->   "%tmp_62 = trunc i25 %r_V_2_2 to i14" [bi_lstm/src/rnn.cpp:70]   --->   Operation 111 'trunc' 'tmp_62' <Predicate = true> <Delay = 0.00>
ST_9 : Operation 112 [1/1] (1.98ns)   --->   "%tmp_2_34 = icmp eq i14 %tmp_62, 0" [bi_lstm/src/rnn.cpp:70]   --->   Operation 112 'icmp' 'tmp_2_34' <Predicate = true> <Delay = 1.98> <Core = "Cmp">   --->   Core 25 'Cmp' <Latency = 0> <II = 1> <Delay = 1.98> <FuncUnit> <Opcode : 'icmp'> <InPorts = 2> <OutPorts = 1>
ST_9 : Operation 113 [1/1] (0.00ns)   --->   "%tmp_21 = call i8 @_ssdm_op_PartSelect.i8.i25.i32.i32(i25 %r_V_2_2, i32 14, i32 21)" [bi_lstm/src/rnn.cpp:70]   --->   Operation 113 'partselect' 'tmp_21' <Predicate = true> <Delay = 0.00>
ST_9 : Operation 114 [1/1] (1.30ns)   --->   "%tmp_23 = add i8 1, %tmp_21" [bi_lstm/src/rnn.cpp:70]   --->   Operation 114 'add' 'tmp_23' <Predicate = true> <Delay = 1.30> <Core = "AddSub">   --->   Core 14 'AddSub' <Latency = 0> <II = 1> <Delay = 1.30> <FuncUnit> <Opcode : 'add' 'sub'> <InPorts = 2> <OutPorts = 1>
ST_9 : Operation 115 [1/1] (0.00ns) (grouped into LUT with out node tmp_27)   --->   "%tmp_25 = select i1 %tmp_2_34, i8 %tmp_21, i8 %tmp_23" [bi_lstm/src/rnn.cpp:70]   --->   Operation 115 'select' 'tmp_25' <Predicate = true> <Delay = 0.00> <Core = "Sel">   --->   Core 26 'Sel' <Latency = 0> <II = 1> <Delay = 0.44> <FuncUnit> <Opcode : 'select'> <InPorts = 3> <OutPorts = 1>
ST_9 : Operation 116 [1/1] (0.44ns) (out node of the LUT)   --->   "%tmp_27 = select i1 %tmp_61, i8 %tmp_25, i8 %tmp_21" [bi_lstm/src/rnn.cpp:70]   --->   Operation 116 'select' 'tmp_27' <Predicate = true> <Delay = 0.44> <Core = "Sel">   --->   Core 26 'Sel' <Latency = 0> <II = 1> <Delay = 0.44> <FuncUnit> <Opcode : 'select'> <InPorts = 3> <OutPorts = 1>
ST_9 : Operation 117 [2/2] (1.75ns)   --->   "%x_3_V_load = load i16* %x_3_V_addr, align 2" [bi_lstm/src/rnn.cpp:67]   --->   Operation 117 'load' 'x_3_V_load' <Predicate = true> <Delay = 1.75> <Core = "RAM">   --->   Core 37 'RAM' <Latency = 1> <II = 1> <Delay = 2.77> <Storage> <Opcode : 'load' 'store'> <Ports = 2> <Width = 32> <Depth = 3900> <RAM>

State 10 <SV = 9> <Delay = 7.45>
ST_10 : Operation 118 [1/1] (0.00ns)   --->   "%tmp_1_2 = zext i8 %tmp_27 to i64" [bi_lstm/src/rnn.cpp:71]   --->   Operation 118 'zext' 'tmp_1_2' <Predicate = true> <Delay = 0.00>
ST_10 : Operation 119 [1/1] (0.00ns)   --->   "%tanh_lut_V163_addr_2 = getelementptr [256 x i16]* @tanh_lut_V163, i64 0, i64 %tmp_1_2" [bi_lstm/src/rnn.cpp:71]   --->   Operation 119 'getelementptr' 'tanh_lut_V163_addr_2' <Predicate = true> <Delay = 0.00>
ST_10 : Operation 120 [2/2] (2.77ns)   --->   "%tanh_lut_V163_load_2 = load i16* %tanh_lut_V163_addr_2, align 2" [bi_lstm/src/rnn.cpp:71]   --->   Operation 120 'load' 'tanh_lut_V163_load_2' <Predicate = true> <Delay = 2.77> <Core = "ROM_1P_BRAM">   --->   Core 61 'ROM_1P_BRAM' <Latency = 1> <II = 1> <Delay = 2.77> <Storage> <Opcode : 'load'> <Ports = 1> <Width = 16> <Depth = 256> <ROM>
ST_10 : Operation 121 [1/2] (1.75ns)   --->   "%x_3_V_load = load i16* %x_3_V_addr, align 2" [bi_lstm/src/rnn.cpp:67]   --->   Operation 121 'load' 'x_3_V_load' <Predicate = true> <Delay = 1.75> <Core = "RAM">   --->   Core 37 'RAM' <Latency = 1> <II = 1> <Delay = 2.77> <Storage> <Opcode : 'load' 'store'> <Ports = 2> <Width = 32> <Depth = 3900> <RAM>
ST_10 : Operation 122 [1/1] (2.13ns)   --->   "%tmp_3_3 = icmp sgt i16 %x_3_V_load, 8192" [bi_lstm/src/rnn.cpp:67]   --->   Operation 122 'icmp' 'tmp_3_3' <Predicate = true> <Delay = 2.13> <Core = "Cmp">   --->   Core 25 'Cmp' <Latency = 0> <II = 1> <Delay = 1.98> <FuncUnit> <Opcode : 'icmp'> <InPorts = 2> <OutPorts = 1>
ST_10 : Operation 123 [1/1] (2.13ns)   --->   "%tmp_4_3 = icmp slt i16 %x_3_V_load, -8192" [bi_lstm/src/rnn.cpp:68]   --->   Operation 123 'icmp' 'tmp_4_3' <Predicate = true> <Delay = 2.13> <Core = "Cmp">   --->   Core 25 'Cmp' <Latency = 0> <II = 1> <Delay = 1.98> <FuncUnit> <Opcode : 'icmp'> <InPorts = 2> <OutPorts = 1>
ST_10 : Operation 124 [1/1] (0.00ns)   --->   "%tmp_16 = call i12 @_ssdm_op_PartSelect.i12.i16.i32.i32(i16 %x_3_V_load, i32 4, i32 15)" [bi_lstm/src/rnn.cpp:70]   --->   Operation 124 'partselect' 'tmp_16' <Predicate = true> <Delay = 0.00>
ST_10 : Operation 125 [1/1] (0.00ns)   --->   "%lhs_V_3_cast = sext i12 %tmp_16 to i13" [bi_lstm/src/rnn.cpp:70]   --->   Operation 125 'sext' 'lhs_V_3_cast' <Predicate = true> <Delay = 0.00>
ST_10 : Operation 126 [1/1] (1.54ns)   --->   "%ret_V_3 = add i13 512, %lhs_V_3_cast" [bi_lstm/src/rnn.cpp:70]   --->   Operation 126 'add' 'ret_V_3' <Predicate = true> <Delay = 1.54> <Core = "AddSub">   --->   Core 14 'AddSub' <Latency = 0> <II = 1> <Delay = 1.30> <FuncUnit> <Opcode : 'add' 'sub'> <InPorts = 2> <OutPorts = 1>
ST_10 : Operation 127 [1/1] (0.00ns)   --->   "%p_shl_3 = call i25 @_ssdm_op_BitConcatenate.i25.i13.i12(i13 %ret_V_3, i12 0)" [bi_lstm/src/rnn.cpp:70]   --->   Operation 127 'bitconcatenate' 'p_shl_3' <Predicate = true> <Delay = 0.00>
ST_10 : Operation 128 [1/1] (0.00ns)   --->   "%p_shl2_3 = call i17 @_ssdm_op_BitConcatenate.i17.i13.i4(i13 %ret_V_3, i4 0)" [bi_lstm/src/rnn.cpp:70]   --->   Operation 128 'bitconcatenate' 'p_shl2_3' <Predicate = true> <Delay = 0.00>
ST_10 : Operation 129 [1/1] (0.00ns)   --->   "%p_shl2_3_cast = sext i17 %p_shl2_3 to i25" [bi_lstm/src/rnn.cpp:70]   --->   Operation 129 'sext' 'p_shl2_3_cast' <Predicate = true> <Delay = 0.00>
ST_10 : Operation 130 [1/1] (1.71ns)   --->   "%r_V_2_3 = sub i25 %p_shl_3, %p_shl2_3_cast" [bi_lstm/src/rnn.cpp:70]   --->   Operation 130 'sub' 'r_V_2_3' <Predicate = true> <Delay = 1.71> <Core = "AddSub">   --->   Core 14 'AddSub' <Latency = 0> <II = 1> <Delay = 1.30> <FuncUnit> <Opcode : 'add' 'sub'> <InPorts = 2> <OutPorts = 1>
ST_10 : Operation 131 [1/1] (0.00ns) (grouped into LUT with out node tmp_36)   --->   "%tmp_63 = call i1 @_ssdm_op_BitSelect.i1.i25.i32(i25 %r_V_2_3, i32 24)" [bi_lstm/src/rnn.cpp:70]   --->   Operation 131 'bitselect' 'tmp_63' <Predicate = true> <Delay = 0.00>
ST_10 : Operation 132 [1/1] (0.00ns)   --->   "%tmp_64 = trunc i25 %r_V_2_3 to i14" [bi_lstm/src/rnn.cpp:70]   --->   Operation 132 'trunc' 'tmp_64' <Predicate = true> <Delay = 0.00>
ST_10 : Operation 133 [1/1] (1.98ns)   --->   "%tmp_3_35 = icmp eq i14 %tmp_64, 0" [bi_lstm/src/rnn.cpp:70]   --->   Operation 133 'icmp' 'tmp_3_35' <Predicate = true> <Delay = 1.98> <Core = "Cmp">   --->   Core 25 'Cmp' <Latency = 0> <II = 1> <Delay = 1.98> <FuncUnit> <Opcode : 'icmp'> <InPorts = 2> <OutPorts = 1>
ST_10 : Operation 134 [1/1] (0.00ns)   --->   "%tmp_31 = call i8 @_ssdm_op_PartSelect.i8.i25.i32.i32(i25 %r_V_2_3, i32 14, i32 21)" [bi_lstm/src/rnn.cpp:70]   --->   Operation 134 'partselect' 'tmp_31' <Predicate = true> <Delay = 0.00>
ST_10 : Operation 135 [1/1] (1.30ns)   --->   "%tmp_33 = add i8 1, %tmp_31" [bi_lstm/src/rnn.cpp:70]   --->   Operation 135 'add' 'tmp_33' <Predicate = true> <Delay = 1.30> <Core = "AddSub">   --->   Core 14 'AddSub' <Latency = 0> <II = 1> <Delay = 1.30> <FuncUnit> <Opcode : 'add' 'sub'> <InPorts = 2> <OutPorts = 1>
ST_10 : Operation 136 [1/1] (0.00ns) (grouped into LUT with out node tmp_36)   --->   "%tmp_35 = select i1 %tmp_3_35, i8 %tmp_31, i8 %tmp_33" [bi_lstm/src/rnn.cpp:70]   --->   Operation 136 'select' 'tmp_35' <Predicate = true> <Delay = 0.00> <Core = "Sel">   --->   Core 26 'Sel' <Latency = 0> <II = 1> <Delay = 0.44> <FuncUnit> <Opcode : 'select'> <InPorts = 3> <OutPorts = 1>
ST_10 : Operation 137 [1/1] (0.44ns) (out node of the LUT)   --->   "%tmp_36 = select i1 %tmp_63, i8 %tmp_35, i8 %tmp_31" [bi_lstm/src/rnn.cpp:70]   --->   Operation 137 'select' 'tmp_36' <Predicate = true> <Delay = 0.44> <Core = "Sel">   --->   Core 26 'Sel' <Latency = 0> <II = 1> <Delay = 0.44> <FuncUnit> <Opcode : 'select'> <InPorts = 3> <OutPorts = 1>
ST_10 : Operation 138 [2/2] (1.75ns)   --->   "%x_4_V_load = load i16* %x_4_V_addr, align 2" [bi_lstm/src/rnn.cpp:67]   --->   Operation 138 'load' 'x_4_V_load' <Predicate = true> <Delay = 1.75> <Core = "RAM">   --->   Core 37 'RAM' <Latency = 1> <II = 1> <Delay = 2.77> <Storage> <Opcode : 'load' 'store'> <Ports = 2> <Width = 32> <Depth = 3900> <RAM>

State 11 <SV = 10> <Delay = 7.45>
ST_11 : Operation 139 [1/2] (2.77ns)   --->   "%tanh_lut_V163_load_2 = load i16* %tanh_lut_V163_addr_2, align 2" [bi_lstm/src/rnn.cpp:71]   --->   Operation 139 'load' 'tanh_lut_V163_load_2' <Predicate = true> <Delay = 2.77> <Core = "ROM_1P_BRAM">   --->   Core 61 'ROM_1P_BRAM' <Latency = 1> <II = 1> <Delay = 2.77> <Storage> <Opcode : 'load'> <Ports = 1> <Width = 16> <Depth = 256> <ROM>
ST_11 : Operation 140 [1/1] (0.00ns) (grouped into LUT with out node storemerge1_2)   --->   "%tmp_14 = call i12 @_ssdm_op_PartSelect.i12.i16.i32.i32(i16 %tanh_lut_V163_load_2, i32 4, i32 15)" [bi_lstm/src/rnn.cpp:71]   --->   Operation 140 'partselect' 'tmp_14' <Predicate = true> <Delay = 0.00>
ST_11 : Operation 141 [1/1] (0.00ns) (grouped into LUT with out node storemerge1_2)   --->   "%tmp_8_2_cast = sext i12 %tmp_14 to i13" [bi_lstm/src/rnn.cpp:71]   --->   Operation 141 'sext' 'tmp_8_2_cast' <Predicate = true> <Delay = 0.00>
ST_11 : Operation 142 [1/1] (0.00ns) (grouped into LUT with out node sel_tmp2)   --->   "%sel_tmp1 = xor i1 %tmp_3_2, true" [bi_lstm/src/rnn.cpp:67]   --->   Operation 142 'xor' 'sel_tmp1' <Predicate = true> <Delay = 0.00> <Core = "LogicGate">   --->   Core 27 'LogicGate' <Latency = 0> <II = 1> <Delay = 0.80> <FuncUnit> <Opcode : 'and' 'or' 'xor'> <InPorts = 2> <OutPorts = 1>
ST_11 : Operation 143 [1/1] (0.80ns) (out node of the LUT)   --->   "%sel_tmp2 = and i1 %tmp_4_2, %sel_tmp1" [bi_lstm/src/rnn.cpp:68]   --->   Operation 143 'and' 'sel_tmp2' <Predicate = true> <Delay = 0.80> <Core = "LogicGate">   --->   Core 27 'LogicGate' <Latency = 0> <II = 1> <Delay = 0.80> <FuncUnit> <Opcode : 'and' 'or' 'xor'> <InPorts = 2> <OutPorts = 1>
ST_11 : Operation 144 [1/1] (0.00ns) (grouped into LUT with out node storemerge1_2)   --->   "%sel_tmp = select i1 %sel_tmp2, i13 -2048, i13 2048" [bi_lstm/src/rnn.cpp:68]   --->   Operation 144 'select' 'sel_tmp' <Predicate = true> <Delay = 0.00> <Core = "Sel">   --->   Core 26 'Sel' <Latency = 0> <II = 1> <Delay = 0.44> <FuncUnit> <Opcode : 'select'> <InPorts = 3> <OutPorts = 1>
ST_11 : Operation 145 [1/1] (0.00ns) (grouped into LUT with out node storemerge1_2)   --->   "%tmp_29 = or i1 %sel_tmp2, %tmp_3_2" [bi_lstm/src/rnn.cpp:68]   --->   Operation 145 'or' 'tmp_29' <Predicate = true> <Delay = 0.00> <Core = "LogicGate">   --->   Core 27 'LogicGate' <Latency = 0> <II = 1> <Delay = 0.80> <FuncUnit> <Opcode : 'and' 'or' 'xor'> <InPorts = 2> <OutPorts = 1>
ST_11 : Operation 146 [1/1] (0.80ns) (out node of the LUT)   --->   "%storemerge1_2 = select i1 %tmp_29, i13 %sel_tmp, i13 %tmp_8_2_cast" [bi_lstm/src/rnn.cpp:68]   --->   Operation 146 'select' 'storemerge1_2' <Predicate = true> <Delay = 0.80> <Core = "Sel">   --->   Core 26 'Sel' <Latency = 0> <II = 1> <Delay = 0.44> <FuncUnit> <Opcode : 'select'> <InPorts = 3> <OutPorts = 1>
ST_11 : Operation 147 [1/1] (0.00ns)   --->   "%storemerge1_2_cast = sext i13 %storemerge1_2 to i16" [bi_lstm/src/rnn.cpp:67]   --->   Operation 147 'sext' 'storemerge1_2_cast' <Predicate = true> <Delay = 0.00>
ST_11 : Operation 148 [1/1] (1.75ns)   --->   "store i16 %storemerge1_2_cast, i16* %x_2_V_addr, align 2" [bi_lstm/src/rnn.cpp:67]   --->   Operation 148 'store' <Predicate = true> <Delay = 1.75> <Core = "RAM">   --->   Core 37 'RAM' <Latency = 1> <II = 1> <Delay = 2.77> <Storage> <Opcode : 'load' 'store'> <Ports = 2> <Width = 32> <Depth = 3900> <RAM>
ST_11 : Operation 149 [1/1] (0.00ns)   --->   "%tmp_1_3 = zext i8 %tmp_36 to i64" [bi_lstm/src/rnn.cpp:71]   --->   Operation 149 'zext' 'tmp_1_3' <Predicate = true> <Delay = 0.00>
ST_11 : Operation 150 [1/1] (0.00ns)   --->   "%tanh_lut_V163_addr_3 = getelementptr [256 x i16]* @tanh_lut_V163, i64 0, i64 %tmp_1_3" [bi_lstm/src/rnn.cpp:71]   --->   Operation 150 'getelementptr' 'tanh_lut_V163_addr_3' <Predicate = true> <Delay = 0.00>
ST_11 : Operation 151 [2/2] (2.77ns)   --->   "%tanh_lut_V163_load_3 = load i16* %tanh_lut_V163_addr_3, align 2" [bi_lstm/src/rnn.cpp:71]   --->   Operation 151 'load' 'tanh_lut_V163_load_3' <Predicate = true> <Delay = 2.77> <Core = "ROM_1P_BRAM">   --->   Core 61 'ROM_1P_BRAM' <Latency = 1> <II = 1> <Delay = 2.77> <Storage> <Opcode : 'load'> <Ports = 1> <Width = 16> <Depth = 256> <ROM>
ST_11 : Operation 152 [1/2] (1.75ns)   --->   "%x_4_V_load = load i16* %x_4_V_addr, align 2" [bi_lstm/src/rnn.cpp:67]   --->   Operation 152 'load' 'x_4_V_load' <Predicate = true> <Delay = 1.75> <Core = "RAM">   --->   Core 37 'RAM' <Latency = 1> <II = 1> <Delay = 2.77> <Storage> <Opcode : 'load' 'store'> <Ports = 2> <Width = 32> <Depth = 3900> <RAM>
ST_11 : Operation 153 [1/1] (2.13ns)   --->   "%tmp_3_4 = icmp sgt i16 %x_4_V_load, 8192" [bi_lstm/src/rnn.cpp:67]   --->   Operation 153 'icmp' 'tmp_3_4' <Predicate = true> <Delay = 2.13> <Core = "Cmp">   --->   Core 25 'Cmp' <Latency = 0> <II = 1> <Delay = 1.98> <FuncUnit> <Opcode : 'icmp'> <InPorts = 2> <OutPorts = 1>
ST_11 : Operation 154 [1/1] (2.13ns)   --->   "%tmp_4_4 = icmp slt i16 %x_4_V_load, -8192" [bi_lstm/src/rnn.cpp:68]   --->   Operation 154 'icmp' 'tmp_4_4' <Predicate = true> <Delay = 2.13> <Core = "Cmp">   --->   Core 25 'Cmp' <Latency = 0> <II = 1> <Delay = 1.98> <FuncUnit> <Opcode : 'icmp'> <InPorts = 2> <OutPorts = 1>
ST_11 : Operation 155 [1/1] (0.00ns)   --->   "%tmp_20 = call i12 @_ssdm_op_PartSelect.i12.i16.i32.i32(i16 %x_4_V_load, i32 4, i32 15)" [bi_lstm/src/rnn.cpp:70]   --->   Operation 155 'partselect' 'tmp_20' <Predicate = true> <Delay = 0.00>
ST_11 : Operation 156 [1/1] (0.00ns)   --->   "%lhs_V_4_cast = sext i12 %tmp_20 to i13" [bi_lstm/src/rnn.cpp:70]   --->   Operation 156 'sext' 'lhs_V_4_cast' <Predicate = true> <Delay = 0.00>
ST_11 : Operation 157 [1/1] (1.54ns)   --->   "%ret_V_4 = add i13 512, %lhs_V_4_cast" [bi_lstm/src/rnn.cpp:70]   --->   Operation 157 'add' 'ret_V_4' <Predicate = true> <Delay = 1.54> <Core = "AddSub">   --->   Core 14 'AddSub' <Latency = 0> <II = 1> <Delay = 1.30> <FuncUnit> <Opcode : 'add' 'sub'> <InPorts = 2> <OutPorts = 1>
ST_11 : Operation 158 [1/1] (0.00ns)   --->   "%p_shl_4 = call i25 @_ssdm_op_BitConcatenate.i25.i13.i12(i13 %ret_V_4, i12 0)" [bi_lstm/src/rnn.cpp:70]   --->   Operation 158 'bitconcatenate' 'p_shl_4' <Predicate = true> <Delay = 0.00>
ST_11 : Operation 159 [1/1] (0.00ns)   --->   "%p_shl2_4 = call i17 @_ssdm_op_BitConcatenate.i17.i13.i4(i13 %ret_V_4, i4 0)" [bi_lstm/src/rnn.cpp:70]   --->   Operation 159 'bitconcatenate' 'p_shl2_4' <Predicate = true> <Delay = 0.00>
ST_11 : Operation 160 [1/1] (0.00ns)   --->   "%p_shl2_4_cast = sext i17 %p_shl2_4 to i25" [bi_lstm/src/rnn.cpp:70]   --->   Operation 160 'sext' 'p_shl2_4_cast' <Predicate = true> <Delay = 0.00>
ST_11 : Operation 161 [1/1] (1.71ns)   --->   "%r_V_2_4 = sub i25 %p_shl_4, %p_shl2_4_cast" [bi_lstm/src/rnn.cpp:70]   --->   Operation 161 'sub' 'r_V_2_4' <Predicate = true> <Delay = 1.71> <Core = "AddSub">   --->   Core 14 'AddSub' <Latency = 0> <II = 1> <Delay = 1.30> <FuncUnit> <Opcode : 'add' 'sub'> <InPorts = 2> <OutPorts = 1>
ST_11 : Operation 162 [1/1] (0.00ns) (grouped into LUT with out node tmp_41)   --->   "%tmp_65 = call i1 @_ssdm_op_BitSelect.i1.i25.i32(i25 %r_V_2_4, i32 24)" [bi_lstm/src/rnn.cpp:70]   --->   Operation 162 'bitselect' 'tmp_65' <Predicate = true> <Delay = 0.00>
ST_11 : Operation 163 [1/1] (0.00ns)   --->   "%tmp_66 = trunc i25 %r_V_2_4 to i14" [bi_lstm/src/rnn.cpp:70]   --->   Operation 163 'trunc' 'tmp_66' <Predicate = true> <Delay = 0.00>
ST_11 : Operation 164 [1/1] (1.98ns)   --->   "%tmp_4_36 = icmp eq i14 %tmp_66, 0" [bi_lstm/src/rnn.cpp:70]   --->   Operation 164 'icmp' 'tmp_4_36' <Predicate = true> <Delay = 1.98> <Core = "Cmp">   --->   Core 25 'Cmp' <Latency = 0> <II = 1> <Delay = 1.98> <FuncUnit> <Opcode : 'icmp'> <InPorts = 2> <OutPorts = 1>
ST_11 : Operation 165 [1/1] (0.00ns)   --->   "%tmp_38 = call i8 @_ssdm_op_PartSelect.i8.i25.i32.i32(i25 %r_V_2_4, i32 14, i32 21)" [bi_lstm/src/rnn.cpp:70]   --->   Operation 165 'partselect' 'tmp_38' <Predicate = true> <Delay = 0.00>
ST_11 : Operation 166 [1/1] (1.30ns)   --->   "%tmp_39 = add i8 1, %tmp_38" [bi_lstm/src/rnn.cpp:70]   --->   Operation 166 'add' 'tmp_39' <Predicate = true> <Delay = 1.30> <Core = "AddSub">   --->   Core 14 'AddSub' <Latency = 0> <II = 1> <Delay = 1.30> <FuncUnit> <Opcode : 'add' 'sub'> <InPorts = 2> <OutPorts = 1>
ST_11 : Operation 167 [1/1] (0.00ns) (grouped into LUT with out node tmp_41)   --->   "%tmp_40 = select i1 %tmp_4_36, i8 %tmp_38, i8 %tmp_39" [bi_lstm/src/rnn.cpp:70]   --->   Operation 167 'select' 'tmp_40' <Predicate = true> <Delay = 0.00> <Core = "Sel">   --->   Core 26 'Sel' <Latency = 0> <II = 1> <Delay = 0.44> <FuncUnit> <Opcode : 'select'> <InPorts = 3> <OutPorts = 1>
ST_11 : Operation 168 [1/1] (0.44ns) (out node of the LUT)   --->   "%tmp_41 = select i1 %tmp_65, i8 %tmp_40, i8 %tmp_38" [bi_lstm/src/rnn.cpp:70]   --->   Operation 168 'select' 'tmp_41' <Predicate = true> <Delay = 0.44> <Core = "Sel">   --->   Core 26 'Sel' <Latency = 0> <II = 1> <Delay = 0.44> <FuncUnit> <Opcode : 'select'> <InPorts = 3> <OutPorts = 1>
ST_11 : Operation 169 [2/2] (1.75ns)   --->   "%x_5_V_load = load i16* %x_5_V_addr, align 2" [bi_lstm/src/rnn.cpp:67]   --->   Operation 169 'load' 'x_5_V_load' <Predicate = true> <Delay = 1.75> <Core = "RAM">   --->   Core 37 'RAM' <Latency = 1> <II = 1> <Delay = 2.77> <Storage> <Opcode : 'load' 'store'> <Ports = 2> <Width = 32> <Depth = 3900> <RAM>

State 12 <SV = 11> <Delay = 7.45>
ST_12 : Operation 170 [1/2] (2.77ns)   --->   "%tanh_lut_V163_load_3 = load i16* %tanh_lut_V163_addr_3, align 2" [bi_lstm/src/rnn.cpp:71]   --->   Operation 170 'load' 'tanh_lut_V163_load_3' <Predicate = true> <Delay = 2.77> <Core = "ROM_1P_BRAM">   --->   Core 61 'ROM_1P_BRAM' <Latency = 1> <II = 1> <Delay = 2.77> <Storage> <Opcode : 'load'> <Ports = 1> <Width = 16> <Depth = 256> <ROM>
ST_12 : Operation 171 [1/1] (0.00ns) (grouped into LUT with out node storemerge1_3)   --->   "%tmp_18 = call i12 @_ssdm_op_PartSelect.i12.i16.i32.i32(i16 %tanh_lut_V163_load_3, i32 4, i32 15)" [bi_lstm/src/rnn.cpp:71]   --->   Operation 171 'partselect' 'tmp_18' <Predicate = true> <Delay = 0.00>
ST_12 : Operation 172 [1/1] (0.00ns) (grouped into LUT with out node storemerge1_3)   --->   "%tmp_8_3_cast = sext i12 %tmp_18 to i13" [bi_lstm/src/rnn.cpp:71]   --->   Operation 172 'sext' 'tmp_8_3_cast' <Predicate = true> <Delay = 0.00>
ST_12 : Operation 173 [1/1] (0.00ns) (grouped into LUT with out node sel_tmp7)   --->   "%sel_tmp6 = xor i1 %tmp_3_3, true" [bi_lstm/src/rnn.cpp:67]   --->   Operation 173 'xor' 'sel_tmp6' <Predicate = true> <Delay = 0.00> <Core = "LogicGate">   --->   Core 27 'LogicGate' <Latency = 0> <II = 1> <Delay = 0.80> <FuncUnit> <Opcode : 'and' 'or' 'xor'> <InPorts = 2> <OutPorts = 1>
ST_12 : Operation 174 [1/1] (0.80ns) (out node of the LUT)   --->   "%sel_tmp7 = and i1 %tmp_4_3, %sel_tmp6" [bi_lstm/src/rnn.cpp:68]   --->   Operation 174 'and' 'sel_tmp7' <Predicate = true> <Delay = 0.80> <Core = "LogicGate">   --->   Core 27 'LogicGate' <Latency = 0> <II = 1> <Delay = 0.80> <FuncUnit> <Opcode : 'and' 'or' 'xor'> <InPorts = 2> <OutPorts = 1>
ST_12 : Operation 175 [1/1] (0.00ns) (grouped into LUT with out node storemerge1_3)   --->   "%sel_tmp5 = select i1 %sel_tmp7, i13 -2048, i13 2048" [bi_lstm/src/rnn.cpp:68]   --->   Operation 175 'select' 'sel_tmp5' <Predicate = true> <Delay = 0.00> <Core = "Sel">   --->   Core 26 'Sel' <Latency = 0> <II = 1> <Delay = 0.44> <FuncUnit> <Opcode : 'select'> <InPorts = 3> <OutPorts = 1>
ST_12 : Operation 176 [1/1] (0.00ns) (grouped into LUT with out node storemerge1_3)   --->   "%tmp_37 = or i1 %sel_tmp7, %tmp_3_3" [bi_lstm/src/rnn.cpp:68]   --->   Operation 176 'or' 'tmp_37' <Predicate = true> <Delay = 0.00> <Core = "LogicGate">   --->   Core 27 'LogicGate' <Latency = 0> <II = 1> <Delay = 0.80> <FuncUnit> <Opcode : 'and' 'or' 'xor'> <InPorts = 2> <OutPorts = 1>
ST_12 : Operation 177 [1/1] (0.80ns) (out node of the LUT)   --->   "%storemerge1_3 = select i1 %tmp_37, i13 %sel_tmp5, i13 %tmp_8_3_cast" [bi_lstm/src/rnn.cpp:68]   --->   Operation 177 'select' 'storemerge1_3' <Predicate = true> <Delay = 0.80> <Core = "Sel">   --->   Core 26 'Sel' <Latency = 0> <II = 1> <Delay = 0.44> <FuncUnit> <Opcode : 'select'> <InPorts = 3> <OutPorts = 1>
ST_12 : Operation 178 [1/1] (0.00ns)   --->   "%storemerge1_3_cast = sext i13 %storemerge1_3 to i16" [bi_lstm/src/rnn.cpp:67]   --->   Operation 178 'sext' 'storemerge1_3_cast' <Predicate = true> <Delay = 0.00>
ST_12 : Operation 179 [1/1] (1.75ns)   --->   "store i16 %storemerge1_3_cast, i16* %x_3_V_addr, align 2" [bi_lstm/src/rnn.cpp:67]   --->   Operation 179 'store' <Predicate = true> <Delay = 1.75> <Core = "RAM">   --->   Core 37 'RAM' <Latency = 1> <II = 1> <Delay = 2.77> <Storage> <Opcode : 'load' 'store'> <Ports = 2> <Width = 32> <Depth = 3900> <RAM>
ST_12 : Operation 180 [1/1] (0.00ns)   --->   "%tmp_1_4 = zext i8 %tmp_41 to i64" [bi_lstm/src/rnn.cpp:71]   --->   Operation 180 'zext' 'tmp_1_4' <Predicate = true> <Delay = 0.00>
ST_12 : Operation 181 [1/1] (0.00ns)   --->   "%tanh_lut_V163_addr_4 = getelementptr [256 x i16]* @tanh_lut_V163, i64 0, i64 %tmp_1_4" [bi_lstm/src/rnn.cpp:71]   --->   Operation 181 'getelementptr' 'tanh_lut_V163_addr_4' <Predicate = true> <Delay = 0.00>
ST_12 : Operation 182 [2/2] (2.77ns)   --->   "%tanh_lut_V163_load_4 = load i16* %tanh_lut_V163_addr_4, align 2" [bi_lstm/src/rnn.cpp:71]   --->   Operation 182 'load' 'tanh_lut_V163_load_4' <Predicate = true> <Delay = 2.77> <Core = "ROM_1P_BRAM">   --->   Core 61 'ROM_1P_BRAM' <Latency = 1> <II = 1> <Delay = 2.77> <Storage> <Opcode : 'load'> <Ports = 1> <Width = 16> <Depth = 256> <ROM>
ST_12 : Operation 183 [1/2] (1.75ns)   --->   "%x_5_V_load = load i16* %x_5_V_addr, align 2" [bi_lstm/src/rnn.cpp:67]   --->   Operation 183 'load' 'x_5_V_load' <Predicate = true> <Delay = 1.75> <Core = "RAM">   --->   Core 37 'RAM' <Latency = 1> <II = 1> <Delay = 2.77> <Storage> <Opcode : 'load' 'store'> <Ports = 2> <Width = 32> <Depth = 3900> <RAM>
ST_12 : Operation 184 [1/1] (2.13ns)   --->   "%tmp_3_5 = icmp sgt i16 %x_5_V_load, 8192" [bi_lstm/src/rnn.cpp:67]   --->   Operation 184 'icmp' 'tmp_3_5' <Predicate = true> <Delay = 2.13> <Core = "Cmp">   --->   Core 25 'Cmp' <Latency = 0> <II = 1> <Delay = 1.98> <FuncUnit> <Opcode : 'icmp'> <InPorts = 2> <OutPorts = 1>
ST_12 : Operation 185 [1/1] (2.13ns)   --->   "%tmp_4_5 = icmp slt i16 %x_5_V_load, -8192" [bi_lstm/src/rnn.cpp:68]   --->   Operation 185 'icmp' 'tmp_4_5' <Predicate = true> <Delay = 2.13> <Core = "Cmp">   --->   Core 25 'Cmp' <Latency = 0> <II = 1> <Delay = 1.98> <FuncUnit> <Opcode : 'icmp'> <InPorts = 2> <OutPorts = 1>
ST_12 : Operation 186 [1/1] (0.00ns)   --->   "%tmp_24 = call i12 @_ssdm_op_PartSelect.i12.i16.i32.i32(i16 %x_5_V_load, i32 4, i32 15)" [bi_lstm/src/rnn.cpp:70]   --->   Operation 186 'partselect' 'tmp_24' <Predicate = true> <Delay = 0.00>
ST_12 : Operation 187 [1/1] (0.00ns)   --->   "%lhs_V_5_cast = sext i12 %tmp_24 to i13" [bi_lstm/src/rnn.cpp:70]   --->   Operation 187 'sext' 'lhs_V_5_cast' <Predicate = true> <Delay = 0.00>
ST_12 : Operation 188 [1/1] (1.54ns)   --->   "%ret_V_5 = add i13 512, %lhs_V_5_cast" [bi_lstm/src/rnn.cpp:70]   --->   Operation 188 'add' 'ret_V_5' <Predicate = true> <Delay = 1.54> <Core = "AddSub">   --->   Core 14 'AddSub' <Latency = 0> <II = 1> <Delay = 1.30> <FuncUnit> <Opcode : 'add' 'sub'> <InPorts = 2> <OutPorts = 1>
ST_12 : Operation 189 [1/1] (0.00ns)   --->   "%p_shl_5 = call i25 @_ssdm_op_BitConcatenate.i25.i13.i12(i13 %ret_V_5, i12 0)" [bi_lstm/src/rnn.cpp:70]   --->   Operation 189 'bitconcatenate' 'p_shl_5' <Predicate = true> <Delay = 0.00>
ST_12 : Operation 190 [1/1] (0.00ns)   --->   "%p_shl2_5 = call i17 @_ssdm_op_BitConcatenate.i17.i13.i4(i13 %ret_V_5, i4 0)" [bi_lstm/src/rnn.cpp:70]   --->   Operation 190 'bitconcatenate' 'p_shl2_5' <Predicate = true> <Delay = 0.00>
ST_12 : Operation 191 [1/1] (0.00ns)   --->   "%p_shl2_5_cast = sext i17 %p_shl2_5 to i25" [bi_lstm/src/rnn.cpp:70]   --->   Operation 191 'sext' 'p_shl2_5_cast' <Predicate = true> <Delay = 0.00>
ST_12 : Operation 192 [1/1] (1.71ns)   --->   "%r_V_2_5 = sub i25 %p_shl_5, %p_shl2_5_cast" [bi_lstm/src/rnn.cpp:70]   --->   Operation 192 'sub' 'r_V_2_5' <Predicate = true> <Delay = 1.71> <Core = "AddSub">   --->   Core 14 'AddSub' <Latency = 0> <II = 1> <Delay = 1.30> <FuncUnit> <Opcode : 'add' 'sub'> <InPorts = 2> <OutPorts = 1>
ST_12 : Operation 193 [1/1] (0.00ns) (grouped into LUT with out node tmp_46)   --->   "%tmp_67 = call i1 @_ssdm_op_BitSelect.i1.i25.i32(i25 %r_V_2_5, i32 24)" [bi_lstm/src/rnn.cpp:70]   --->   Operation 193 'bitselect' 'tmp_67' <Predicate = true> <Delay = 0.00>
ST_12 : Operation 194 [1/1] (0.00ns)   --->   "%tmp_68 = trunc i25 %r_V_2_5 to i14" [bi_lstm/src/rnn.cpp:70]   --->   Operation 194 'trunc' 'tmp_68' <Predicate = true> <Delay = 0.00>
ST_12 : Operation 195 [1/1] (1.98ns)   --->   "%tmp_5_37 = icmp eq i14 %tmp_68, 0" [bi_lstm/src/rnn.cpp:70]   --->   Operation 195 'icmp' 'tmp_5_37' <Predicate = true> <Delay = 1.98> <Core = "Cmp">   --->   Core 25 'Cmp' <Latency = 0> <II = 1> <Delay = 1.98> <FuncUnit> <Opcode : 'icmp'> <InPorts = 2> <OutPorts = 1>
ST_12 : Operation 196 [1/1] (0.00ns)   --->   "%tmp_43 = call i8 @_ssdm_op_PartSelect.i8.i25.i32.i32(i25 %r_V_2_5, i32 14, i32 21)" [bi_lstm/src/rnn.cpp:70]   --->   Operation 196 'partselect' 'tmp_43' <Predicate = true> <Delay = 0.00>
ST_12 : Operation 197 [1/1] (1.30ns)   --->   "%tmp_44 = add i8 1, %tmp_43" [bi_lstm/src/rnn.cpp:70]   --->   Operation 197 'add' 'tmp_44' <Predicate = true> <Delay = 1.30> <Core = "AddSub">   --->   Core 14 'AddSub' <Latency = 0> <II = 1> <Delay = 1.30> <FuncUnit> <Opcode : 'add' 'sub'> <InPorts = 2> <OutPorts = 1>
ST_12 : Operation 198 [1/1] (0.00ns) (grouped into LUT with out node tmp_46)   --->   "%tmp_45 = select i1 %tmp_5_37, i8 %tmp_43, i8 %tmp_44" [bi_lstm/src/rnn.cpp:70]   --->   Operation 198 'select' 'tmp_45' <Predicate = true> <Delay = 0.00> <Core = "Sel">   --->   Core 26 'Sel' <Latency = 0> <II = 1> <Delay = 0.44> <FuncUnit> <Opcode : 'select'> <InPorts = 3> <OutPorts = 1>
ST_12 : Operation 199 [1/1] (0.44ns) (out node of the LUT)   --->   "%tmp_46 = select i1 %tmp_67, i8 %tmp_45, i8 %tmp_43" [bi_lstm/src/rnn.cpp:70]   --->   Operation 199 'select' 'tmp_46' <Predicate = true> <Delay = 0.44> <Core = "Sel">   --->   Core 26 'Sel' <Latency = 0> <II = 1> <Delay = 0.44> <FuncUnit> <Opcode : 'select'> <InPorts = 3> <OutPorts = 1>
ST_12 : Operation 200 [2/2] (1.75ns)   --->   "%x_6_V_load = load i16* %x_6_V_addr, align 2" [bi_lstm/src/rnn.cpp:67]   --->   Operation 200 'load' 'x_6_V_load' <Predicate = true> <Delay = 1.75> <Core = "RAM">   --->   Core 37 'RAM' <Latency = 1> <II = 1> <Delay = 2.77> <Storage> <Opcode : 'load' 'store'> <Ports = 2> <Width = 32> <Depth = 3900> <RAM>

State 13 <SV = 12> <Delay = 7.45>
ST_13 : Operation 201 [1/2] (2.77ns)   --->   "%tanh_lut_V163_load_4 = load i16* %tanh_lut_V163_addr_4, align 2" [bi_lstm/src/rnn.cpp:71]   --->   Operation 201 'load' 'tanh_lut_V163_load_4' <Predicate = true> <Delay = 2.77> <Core = "ROM_1P_BRAM">   --->   Core 61 'ROM_1P_BRAM' <Latency = 1> <II = 1> <Delay = 2.77> <Storage> <Opcode : 'load'> <Ports = 1> <Width = 16> <Depth = 256> <ROM>
ST_13 : Operation 202 [1/1] (0.00ns) (grouped into LUT with out node storemerge1_4)   --->   "%tmp_22 = call i12 @_ssdm_op_PartSelect.i12.i16.i32.i32(i16 %tanh_lut_V163_load_4, i32 4, i32 15)" [bi_lstm/src/rnn.cpp:71]   --->   Operation 202 'partselect' 'tmp_22' <Predicate = true> <Delay = 0.00>
ST_13 : Operation 203 [1/1] (0.00ns) (grouped into LUT with out node storemerge1_4)   --->   "%tmp_8_4_cast = sext i12 %tmp_22 to i13" [bi_lstm/src/rnn.cpp:71]   --->   Operation 203 'sext' 'tmp_8_4_cast' <Predicate = true> <Delay = 0.00>
ST_13 : Operation 204 [1/1] (0.00ns) (grouped into LUT with out node sel_tmp4)   --->   "%sel_tmp3 = xor i1 %tmp_3_4, true" [bi_lstm/src/rnn.cpp:67]   --->   Operation 204 'xor' 'sel_tmp3' <Predicate = true> <Delay = 0.00> <Core = "LogicGate">   --->   Core 27 'LogicGate' <Latency = 0> <II = 1> <Delay = 0.80> <FuncUnit> <Opcode : 'and' 'or' 'xor'> <InPorts = 2> <OutPorts = 1>
ST_13 : Operation 205 [1/1] (0.80ns) (out node of the LUT)   --->   "%sel_tmp4 = and i1 %tmp_4_4, %sel_tmp3" [bi_lstm/src/rnn.cpp:68]   --->   Operation 205 'and' 'sel_tmp4' <Predicate = true> <Delay = 0.80> <Core = "LogicGate">   --->   Core 27 'LogicGate' <Latency = 0> <II = 1> <Delay = 0.80> <FuncUnit> <Opcode : 'and' 'or' 'xor'> <InPorts = 2> <OutPorts = 1>
ST_13 : Operation 206 [1/1] (0.00ns) (grouped into LUT with out node storemerge1_4)   --->   "%sel_tmp8 = select i1 %sel_tmp4, i13 -2048, i13 2048" [bi_lstm/src/rnn.cpp:68]   --->   Operation 206 'select' 'sel_tmp8' <Predicate = true> <Delay = 0.00> <Core = "Sel">   --->   Core 26 'Sel' <Latency = 0> <II = 1> <Delay = 0.44> <FuncUnit> <Opcode : 'select'> <InPorts = 3> <OutPorts = 1>
ST_13 : Operation 207 [1/1] (0.00ns) (grouped into LUT with out node storemerge1_4)   --->   "%tmp_42 = or i1 %sel_tmp4, %tmp_3_4" [bi_lstm/src/rnn.cpp:68]   --->   Operation 207 'or' 'tmp_42' <Predicate = true> <Delay = 0.00> <Core = "LogicGate">   --->   Core 27 'LogicGate' <Latency = 0> <II = 1> <Delay = 0.80> <FuncUnit> <Opcode : 'and' 'or' 'xor'> <InPorts = 2> <OutPorts = 1>
ST_13 : Operation 208 [1/1] (0.80ns) (out node of the LUT)   --->   "%storemerge1_4 = select i1 %tmp_42, i13 %sel_tmp8, i13 %tmp_8_4_cast" [bi_lstm/src/rnn.cpp:68]   --->   Operation 208 'select' 'storemerge1_4' <Predicate = true> <Delay = 0.80> <Core = "Sel">   --->   Core 26 'Sel' <Latency = 0> <II = 1> <Delay = 0.44> <FuncUnit> <Opcode : 'select'> <InPorts = 3> <OutPorts = 1>
ST_13 : Operation 209 [1/1] (0.00ns)   --->   "%storemerge1_4_cast = sext i13 %storemerge1_4 to i16" [bi_lstm/src/rnn.cpp:67]   --->   Operation 209 'sext' 'storemerge1_4_cast' <Predicate = true> <Delay = 0.00>
ST_13 : Operation 210 [1/1] (1.75ns)   --->   "store i16 %storemerge1_4_cast, i16* %x_4_V_addr, align 2" [bi_lstm/src/rnn.cpp:67]   --->   Operation 210 'store' <Predicate = true> <Delay = 1.75> <Core = "RAM">   --->   Core 37 'RAM' <Latency = 1> <II = 1> <Delay = 2.77> <Storage> <Opcode : 'load' 'store'> <Ports = 2> <Width = 32> <Depth = 3900> <RAM>
ST_13 : Operation 211 [1/1] (0.00ns)   --->   "%tmp_1_5 = zext i8 %tmp_46 to i64" [bi_lstm/src/rnn.cpp:71]   --->   Operation 211 'zext' 'tmp_1_5' <Predicate = true> <Delay = 0.00>
ST_13 : Operation 212 [1/1] (0.00ns)   --->   "%tanh_lut_V163_addr_5 = getelementptr [256 x i16]* @tanh_lut_V163, i64 0, i64 %tmp_1_5" [bi_lstm/src/rnn.cpp:71]   --->   Operation 212 'getelementptr' 'tanh_lut_V163_addr_5' <Predicate = true> <Delay = 0.00>
ST_13 : Operation 213 [2/2] (2.77ns)   --->   "%tanh_lut_V163_load_5 = load i16* %tanh_lut_V163_addr_5, align 2" [bi_lstm/src/rnn.cpp:71]   --->   Operation 213 'load' 'tanh_lut_V163_load_5' <Predicate = true> <Delay = 2.77> <Core = "ROM_1P_BRAM">   --->   Core 61 'ROM_1P_BRAM' <Latency = 1> <II = 1> <Delay = 2.77> <Storage> <Opcode : 'load'> <Ports = 1> <Width = 16> <Depth = 256> <ROM>
ST_13 : Operation 214 [1/2] (1.75ns)   --->   "%x_6_V_load = load i16* %x_6_V_addr, align 2" [bi_lstm/src/rnn.cpp:67]   --->   Operation 214 'load' 'x_6_V_load' <Predicate = true> <Delay = 1.75> <Core = "RAM">   --->   Core 37 'RAM' <Latency = 1> <II = 1> <Delay = 2.77> <Storage> <Opcode : 'load' 'store'> <Ports = 2> <Width = 32> <Depth = 3900> <RAM>
ST_13 : Operation 215 [1/1] (2.13ns)   --->   "%tmp_3_6 = icmp sgt i16 %x_6_V_load, 8192" [bi_lstm/src/rnn.cpp:67]   --->   Operation 215 'icmp' 'tmp_3_6' <Predicate = true> <Delay = 2.13> <Core = "Cmp">   --->   Core 25 'Cmp' <Latency = 0> <II = 1> <Delay = 1.98> <FuncUnit> <Opcode : 'icmp'> <InPorts = 2> <OutPorts = 1>
ST_13 : Operation 216 [1/1] (2.13ns)   --->   "%tmp_4_6 = icmp slt i16 %x_6_V_load, -8192" [bi_lstm/src/rnn.cpp:68]   --->   Operation 216 'icmp' 'tmp_4_6' <Predicate = true> <Delay = 2.13> <Core = "Cmp">   --->   Core 25 'Cmp' <Latency = 0> <II = 1> <Delay = 1.98> <FuncUnit> <Opcode : 'icmp'> <InPorts = 2> <OutPorts = 1>
ST_13 : Operation 217 [1/1] (0.00ns)   --->   "%tmp_28 = call i12 @_ssdm_op_PartSelect.i12.i16.i32.i32(i16 %x_6_V_load, i32 4, i32 15)" [bi_lstm/src/rnn.cpp:70]   --->   Operation 217 'partselect' 'tmp_28' <Predicate = true> <Delay = 0.00>
ST_13 : Operation 218 [1/1] (0.00ns)   --->   "%lhs_V_6_cast = sext i12 %tmp_28 to i13" [bi_lstm/src/rnn.cpp:70]   --->   Operation 218 'sext' 'lhs_V_6_cast' <Predicate = true> <Delay = 0.00>
ST_13 : Operation 219 [1/1] (1.54ns)   --->   "%ret_V_6 = add i13 512, %lhs_V_6_cast" [bi_lstm/src/rnn.cpp:70]   --->   Operation 219 'add' 'ret_V_6' <Predicate = true> <Delay = 1.54> <Core = "AddSub">   --->   Core 14 'AddSub' <Latency = 0> <II = 1> <Delay = 1.30> <FuncUnit> <Opcode : 'add' 'sub'> <InPorts = 2> <OutPorts = 1>
ST_13 : Operation 220 [1/1] (0.00ns)   --->   "%p_shl_6 = call i25 @_ssdm_op_BitConcatenate.i25.i13.i12(i13 %ret_V_6, i12 0)" [bi_lstm/src/rnn.cpp:70]   --->   Operation 220 'bitconcatenate' 'p_shl_6' <Predicate = true> <Delay = 0.00>
ST_13 : Operation 221 [1/1] (0.00ns)   --->   "%p_shl2_6 = call i17 @_ssdm_op_BitConcatenate.i17.i13.i4(i13 %ret_V_6, i4 0)" [bi_lstm/src/rnn.cpp:70]   --->   Operation 221 'bitconcatenate' 'p_shl2_6' <Predicate = true> <Delay = 0.00>
ST_13 : Operation 222 [1/1] (0.00ns)   --->   "%p_shl2_6_cast = sext i17 %p_shl2_6 to i25" [bi_lstm/src/rnn.cpp:70]   --->   Operation 222 'sext' 'p_shl2_6_cast' <Predicate = true> <Delay = 0.00>
ST_13 : Operation 223 [1/1] (1.71ns)   --->   "%r_V_2_6 = sub i25 %p_shl_6, %p_shl2_6_cast" [bi_lstm/src/rnn.cpp:70]   --->   Operation 223 'sub' 'r_V_2_6' <Predicate = true> <Delay = 1.71> <Core = "AddSub">   --->   Core 14 'AddSub' <Latency = 0> <II = 1> <Delay = 1.30> <FuncUnit> <Opcode : 'add' 'sub'> <InPorts = 2> <OutPorts = 1>
ST_13 : Operation 224 [1/1] (0.00ns) (grouped into LUT with out node tmp_51)   --->   "%tmp_69 = call i1 @_ssdm_op_BitSelect.i1.i25.i32(i25 %r_V_2_6, i32 24)" [bi_lstm/src/rnn.cpp:70]   --->   Operation 224 'bitselect' 'tmp_69' <Predicate = true> <Delay = 0.00>
ST_13 : Operation 225 [1/1] (0.00ns)   --->   "%tmp_70 = trunc i25 %r_V_2_6 to i14" [bi_lstm/src/rnn.cpp:70]   --->   Operation 225 'trunc' 'tmp_70' <Predicate = true> <Delay = 0.00>
ST_13 : Operation 226 [1/1] (1.98ns)   --->   "%tmp_6_38 = icmp eq i14 %tmp_70, 0" [bi_lstm/src/rnn.cpp:70]   --->   Operation 226 'icmp' 'tmp_6_38' <Predicate = true> <Delay = 1.98> <Core = "Cmp">   --->   Core 25 'Cmp' <Latency = 0> <II = 1> <Delay = 1.98> <FuncUnit> <Opcode : 'icmp'> <InPorts = 2> <OutPorts = 1>
ST_13 : Operation 227 [1/1] (0.00ns)   --->   "%tmp_48 = call i8 @_ssdm_op_PartSelect.i8.i25.i32.i32(i25 %r_V_2_6, i32 14, i32 21)" [bi_lstm/src/rnn.cpp:70]   --->   Operation 227 'partselect' 'tmp_48' <Predicate = true> <Delay = 0.00>
ST_13 : Operation 228 [1/1] (1.30ns)   --->   "%tmp_49 = add i8 1, %tmp_48" [bi_lstm/src/rnn.cpp:70]   --->   Operation 228 'add' 'tmp_49' <Predicate = true> <Delay = 1.30> <Core = "AddSub">   --->   Core 14 'AddSub' <Latency = 0> <II = 1> <Delay = 1.30> <FuncUnit> <Opcode : 'add' 'sub'> <InPorts = 2> <OutPorts = 1>
ST_13 : Operation 229 [1/1] (0.00ns) (grouped into LUT with out node tmp_51)   --->   "%tmp_50 = select i1 %tmp_6_38, i8 %tmp_48, i8 %tmp_49" [bi_lstm/src/rnn.cpp:70]   --->   Operation 229 'select' 'tmp_50' <Predicate = true> <Delay = 0.00> <Core = "Sel">   --->   Core 26 'Sel' <Latency = 0> <II = 1> <Delay = 0.44> <FuncUnit> <Opcode : 'select'> <InPorts = 3> <OutPorts = 1>
ST_13 : Operation 230 [1/1] (0.44ns) (out node of the LUT)   --->   "%tmp_51 = select i1 %tmp_69, i8 %tmp_50, i8 %tmp_48" [bi_lstm/src/rnn.cpp:70]   --->   Operation 230 'select' 'tmp_51' <Predicate = true> <Delay = 0.44> <Core = "Sel">   --->   Core 26 'Sel' <Latency = 0> <II = 1> <Delay = 0.44> <FuncUnit> <Opcode : 'select'> <InPorts = 3> <OutPorts = 1>
ST_13 : Operation 231 [2/2] (1.75ns)   --->   "%x_7_V_load = load i16* %x_7_V_addr, align 2" [bi_lstm/src/rnn.cpp:67]   --->   Operation 231 'load' 'x_7_V_load' <Predicate = true> <Delay = 1.75> <Core = "RAM">   --->   Core 37 'RAM' <Latency = 1> <II = 1> <Delay = 2.77> <Storage> <Opcode : 'load' 'store'> <Ports = 2> <Width = 32> <Depth = 3900> <RAM>

State 14 <SV = 13> <Delay = 7.45>
ST_14 : Operation 232 [1/2] (2.77ns)   --->   "%tanh_lut_V163_load_5 = load i16* %tanh_lut_V163_addr_5, align 2" [bi_lstm/src/rnn.cpp:71]   --->   Operation 232 'load' 'tanh_lut_V163_load_5' <Predicate = true> <Delay = 2.77> <Core = "ROM_1P_BRAM">   --->   Core 61 'ROM_1P_BRAM' <Latency = 1> <II = 1> <Delay = 2.77> <Storage> <Opcode : 'load'> <Ports = 1> <Width = 16> <Depth = 256> <ROM>
ST_14 : Operation 233 [1/1] (0.00ns) (grouped into LUT with out node storemerge1_5)   --->   "%tmp_26 = call i12 @_ssdm_op_PartSelect.i12.i16.i32.i32(i16 %tanh_lut_V163_load_5, i32 4, i32 15)" [bi_lstm/src/rnn.cpp:71]   --->   Operation 233 'partselect' 'tmp_26' <Predicate = true> <Delay = 0.00>
ST_14 : Operation 234 [1/1] (0.00ns) (grouped into LUT with out node storemerge1_5)   --->   "%tmp_8_5_cast = sext i12 %tmp_26 to i13" [bi_lstm/src/rnn.cpp:71]   --->   Operation 234 'sext' 'tmp_8_5_cast' <Predicate = true> <Delay = 0.00>
ST_14 : Operation 235 [1/1] (0.00ns) (grouped into LUT with out node sel_tmp10)   --->   "%sel_tmp9 = xor i1 %tmp_3_5, true" [bi_lstm/src/rnn.cpp:67]   --->   Operation 235 'xor' 'sel_tmp9' <Predicate = true> <Delay = 0.00> <Core = "LogicGate">   --->   Core 27 'LogicGate' <Latency = 0> <II = 1> <Delay = 0.80> <FuncUnit> <Opcode : 'and' 'or' 'xor'> <InPorts = 2> <OutPorts = 1>
ST_14 : Operation 236 [1/1] (0.80ns) (out node of the LUT)   --->   "%sel_tmp10 = and i1 %tmp_4_5, %sel_tmp9" [bi_lstm/src/rnn.cpp:68]   --->   Operation 236 'and' 'sel_tmp10' <Predicate = true> <Delay = 0.80> <Core = "LogicGate">   --->   Core 27 'LogicGate' <Latency = 0> <II = 1> <Delay = 0.80> <FuncUnit> <Opcode : 'and' 'or' 'xor'> <InPorts = 2> <OutPorts = 1>
ST_14 : Operation 237 [1/1] (0.00ns) (grouped into LUT with out node storemerge1_5)   --->   "%sel_tmp11 = select i1 %sel_tmp10, i13 -2048, i13 2048" [bi_lstm/src/rnn.cpp:68]   --->   Operation 237 'select' 'sel_tmp11' <Predicate = true> <Delay = 0.00> <Core = "Sel">   --->   Core 26 'Sel' <Latency = 0> <II = 1> <Delay = 0.44> <FuncUnit> <Opcode : 'select'> <InPorts = 3> <OutPorts = 1>
ST_14 : Operation 238 [1/1] (0.00ns) (grouped into LUT with out node storemerge1_5)   --->   "%tmp_47 = or i1 %sel_tmp10, %tmp_3_5" [bi_lstm/src/rnn.cpp:68]   --->   Operation 238 'or' 'tmp_47' <Predicate = true> <Delay = 0.00> <Core = "LogicGate">   --->   Core 27 'LogicGate' <Latency = 0> <II = 1> <Delay = 0.80> <FuncUnit> <Opcode : 'and' 'or' 'xor'> <InPorts = 2> <OutPorts = 1>
ST_14 : Operation 239 [1/1] (0.80ns) (out node of the LUT)   --->   "%storemerge1_5 = select i1 %tmp_47, i13 %sel_tmp11, i13 %tmp_8_5_cast" [bi_lstm/src/rnn.cpp:68]   --->   Operation 239 'select' 'storemerge1_5' <Predicate = true> <Delay = 0.80> <Core = "Sel">   --->   Core 26 'Sel' <Latency = 0> <II = 1> <Delay = 0.44> <FuncUnit> <Opcode : 'select'> <InPorts = 3> <OutPorts = 1>
ST_14 : Operation 240 [1/1] (0.00ns)   --->   "%storemerge1_5_cast = sext i13 %storemerge1_5 to i16" [bi_lstm/src/rnn.cpp:67]   --->   Operation 240 'sext' 'storemerge1_5_cast' <Predicate = true> <Delay = 0.00>
ST_14 : Operation 241 [1/1] (1.75ns)   --->   "store i16 %storemerge1_5_cast, i16* %x_5_V_addr, align 2" [bi_lstm/src/rnn.cpp:67]   --->   Operation 241 'store' <Predicate = true> <Delay = 1.75> <Core = "RAM">   --->   Core 37 'RAM' <Latency = 1> <II = 1> <Delay = 2.77> <Storage> <Opcode : 'load' 'store'> <Ports = 2> <Width = 32> <Depth = 3900> <RAM>
ST_14 : Operation 242 [1/1] (0.00ns)   --->   "%tmp_1_6 = zext i8 %tmp_51 to i64" [bi_lstm/src/rnn.cpp:71]   --->   Operation 242 'zext' 'tmp_1_6' <Predicate = true> <Delay = 0.00>
ST_14 : Operation 243 [1/1] (0.00ns)   --->   "%tanh_lut_V163_addr_6 = getelementptr [256 x i16]* @tanh_lut_V163, i64 0, i64 %tmp_1_6" [bi_lstm/src/rnn.cpp:71]   --->   Operation 243 'getelementptr' 'tanh_lut_V163_addr_6' <Predicate = true> <Delay = 0.00>
ST_14 : Operation 244 [2/2] (2.77ns)   --->   "%tanh_lut_V163_load_6 = load i16* %tanh_lut_V163_addr_6, align 2" [bi_lstm/src/rnn.cpp:71]   --->   Operation 244 'load' 'tanh_lut_V163_load_6' <Predicate = true> <Delay = 2.77> <Core = "ROM_1P_BRAM">   --->   Core 61 'ROM_1P_BRAM' <Latency = 1> <II = 1> <Delay = 2.77> <Storage> <Opcode : 'load'> <Ports = 1> <Width = 16> <Depth = 256> <ROM>
ST_14 : Operation 245 [1/2] (1.75ns)   --->   "%x_7_V_load = load i16* %x_7_V_addr, align 2" [bi_lstm/src/rnn.cpp:67]   --->   Operation 245 'load' 'x_7_V_load' <Predicate = true> <Delay = 1.75> <Core = "RAM">   --->   Core 37 'RAM' <Latency = 1> <II = 1> <Delay = 2.77> <Storage> <Opcode : 'load' 'store'> <Ports = 2> <Width = 32> <Depth = 3900> <RAM>
ST_14 : Operation 246 [1/1] (2.13ns)   --->   "%tmp_3_7 = icmp sgt i16 %x_7_V_load, 8192" [bi_lstm/src/rnn.cpp:67]   --->   Operation 246 'icmp' 'tmp_3_7' <Predicate = true> <Delay = 2.13> <Core = "Cmp">   --->   Core 25 'Cmp' <Latency = 0> <II = 1> <Delay = 1.98> <FuncUnit> <Opcode : 'icmp'> <InPorts = 2> <OutPorts = 1>
ST_14 : Operation 247 [1/1] (2.13ns)   --->   "%tmp_4_7 = icmp slt i16 %x_7_V_load, -8192" [bi_lstm/src/rnn.cpp:68]   --->   Operation 247 'icmp' 'tmp_4_7' <Predicate = true> <Delay = 2.13> <Core = "Cmp">   --->   Core 25 'Cmp' <Latency = 0> <II = 1> <Delay = 1.98> <FuncUnit> <Opcode : 'icmp'> <InPorts = 2> <OutPorts = 1>
ST_14 : Operation 248 [1/1] (0.00ns)   --->   "%tmp_32 = call i12 @_ssdm_op_PartSelect.i12.i16.i32.i32(i16 %x_7_V_load, i32 4, i32 15)" [bi_lstm/src/rnn.cpp:70]   --->   Operation 248 'partselect' 'tmp_32' <Predicate = true> <Delay = 0.00>
ST_14 : Operation 249 [1/1] (0.00ns)   --->   "%lhs_V_7_cast = sext i12 %tmp_32 to i13" [bi_lstm/src/rnn.cpp:70]   --->   Operation 249 'sext' 'lhs_V_7_cast' <Predicate = true> <Delay = 0.00>
ST_14 : Operation 250 [1/1] (1.54ns)   --->   "%ret_V_7 = add i13 512, %lhs_V_7_cast" [bi_lstm/src/rnn.cpp:70]   --->   Operation 250 'add' 'ret_V_7' <Predicate = true> <Delay = 1.54> <Core = "AddSub">   --->   Core 14 'AddSub' <Latency = 0> <II = 1> <Delay = 1.30> <FuncUnit> <Opcode : 'add' 'sub'> <InPorts = 2> <OutPorts = 1>
ST_14 : Operation 251 [1/1] (0.00ns)   --->   "%p_shl_7 = call i25 @_ssdm_op_BitConcatenate.i25.i13.i12(i13 %ret_V_7, i12 0)" [bi_lstm/src/rnn.cpp:70]   --->   Operation 251 'bitconcatenate' 'p_shl_7' <Predicate = true> <Delay = 0.00>
ST_14 : Operation 252 [1/1] (0.00ns)   --->   "%p_shl2_7 = call i17 @_ssdm_op_BitConcatenate.i17.i13.i4(i13 %ret_V_7, i4 0)" [bi_lstm/src/rnn.cpp:70]   --->   Operation 252 'bitconcatenate' 'p_shl2_7' <Predicate = true> <Delay = 0.00>
ST_14 : Operation 253 [1/1] (0.00ns)   --->   "%p_shl2_7_cast = sext i17 %p_shl2_7 to i25" [bi_lstm/src/rnn.cpp:70]   --->   Operation 253 'sext' 'p_shl2_7_cast' <Predicate = true> <Delay = 0.00>
ST_14 : Operation 254 [1/1] (1.71ns)   --->   "%r_V_2_7 = sub i25 %p_shl_7, %p_shl2_7_cast" [bi_lstm/src/rnn.cpp:70]   --->   Operation 254 'sub' 'r_V_2_7' <Predicate = true> <Delay = 1.71> <Core = "AddSub">   --->   Core 14 'AddSub' <Latency = 0> <II = 1> <Delay = 1.30> <FuncUnit> <Opcode : 'add' 'sub'> <InPorts = 2> <OutPorts = 1>
ST_14 : Operation 255 [1/1] (0.00ns) (grouped into LUT with out node tmp_56)   --->   "%tmp_71 = call i1 @_ssdm_op_BitSelect.i1.i25.i32(i25 %r_V_2_7, i32 24)" [bi_lstm/src/rnn.cpp:70]   --->   Operation 255 'bitselect' 'tmp_71' <Predicate = true> <Delay = 0.00>
ST_14 : Operation 256 [1/1] (0.00ns)   --->   "%tmp_72 = trunc i25 %r_V_2_7 to i14" [bi_lstm/src/rnn.cpp:70]   --->   Operation 256 'trunc' 'tmp_72' <Predicate = true> <Delay = 0.00>
ST_14 : Operation 257 [1/1] (1.98ns)   --->   "%tmp_7_39 = icmp eq i14 %tmp_72, 0" [bi_lstm/src/rnn.cpp:70]   --->   Operation 257 'icmp' 'tmp_7_39' <Predicate = true> <Delay = 1.98> <Core = "Cmp">   --->   Core 25 'Cmp' <Latency = 0> <II = 1> <Delay = 1.98> <FuncUnit> <Opcode : 'icmp'> <InPorts = 2> <OutPorts = 1>
ST_14 : Operation 258 [1/1] (0.00ns)   --->   "%tmp_53 = call i8 @_ssdm_op_PartSelect.i8.i25.i32.i32(i25 %r_V_2_7, i32 14, i32 21)" [bi_lstm/src/rnn.cpp:70]   --->   Operation 258 'partselect' 'tmp_53' <Predicate = true> <Delay = 0.00>
ST_14 : Operation 259 [1/1] (1.30ns)   --->   "%tmp_54 = add i8 1, %tmp_53" [bi_lstm/src/rnn.cpp:70]   --->   Operation 259 'add' 'tmp_54' <Predicate = true> <Delay = 1.30> <Core = "AddSub">   --->   Core 14 'AddSub' <Latency = 0> <II = 1> <Delay = 1.30> <FuncUnit> <Opcode : 'add' 'sub'> <InPorts = 2> <OutPorts = 1>
ST_14 : Operation 260 [1/1] (0.00ns) (grouped into LUT with out node tmp_56)   --->   "%tmp_55 = select i1 %tmp_7_39, i8 %tmp_53, i8 %tmp_54" [bi_lstm/src/rnn.cpp:70]   --->   Operation 260 'select' 'tmp_55' <Predicate = true> <Delay = 0.00> <Core = "Sel">   --->   Core 26 'Sel' <Latency = 0> <II = 1> <Delay = 0.44> <FuncUnit> <Opcode : 'select'> <InPorts = 3> <OutPorts = 1>
ST_14 : Operation 261 [1/1] (0.44ns) (out node of the LUT)   --->   "%tmp_56 = select i1 %tmp_71, i8 %tmp_55, i8 %tmp_53" [bi_lstm/src/rnn.cpp:70]   --->   Operation 261 'select' 'tmp_56' <Predicate = true> <Delay = 0.44> <Core = "Sel">   --->   Core 26 'Sel' <Latency = 0> <II = 1> <Delay = 0.44> <FuncUnit> <Opcode : 'select'> <InPorts = 3> <OutPorts = 1>

State 15 <SV = 14> <Delay = 5.32>
ST_15 : Operation 262 [1/2] (2.77ns)   --->   "%tanh_lut_V163_load_6 = load i16* %tanh_lut_V163_addr_6, align 2" [bi_lstm/src/rnn.cpp:71]   --->   Operation 262 'load' 'tanh_lut_V163_load_6' <Predicate = true> <Delay = 2.77> <Core = "ROM_1P_BRAM">   --->   Core 61 'ROM_1P_BRAM' <Latency = 1> <II = 1> <Delay = 2.77> <Storage> <Opcode : 'load'> <Ports = 1> <Width = 16> <Depth = 256> <ROM>
ST_15 : Operation 263 [1/1] (0.00ns) (grouped into LUT with out node storemerge1_6)   --->   "%tmp_30 = call i12 @_ssdm_op_PartSelect.i12.i16.i32.i32(i16 %tanh_lut_V163_load_6, i32 4, i32 15)" [bi_lstm/src/rnn.cpp:71]   --->   Operation 263 'partselect' 'tmp_30' <Predicate = true> <Delay = 0.00>
ST_15 : Operation 264 [1/1] (0.00ns) (grouped into LUT with out node storemerge1_6)   --->   "%tmp_8_6_cast = sext i12 %tmp_30 to i13" [bi_lstm/src/rnn.cpp:71]   --->   Operation 264 'sext' 'tmp_8_6_cast' <Predicate = true> <Delay = 0.00>
ST_15 : Operation 265 [1/1] (0.00ns) (grouped into LUT with out node sel_tmp13)   --->   "%sel_tmp12 = xor i1 %tmp_3_6, true" [bi_lstm/src/rnn.cpp:67]   --->   Operation 265 'xor' 'sel_tmp12' <Predicate = true> <Delay = 0.00> <Core = "LogicGate">   --->   Core 27 'LogicGate' <Latency = 0> <II = 1> <Delay = 0.80> <FuncUnit> <Opcode : 'and' 'or' 'xor'> <InPorts = 2> <OutPorts = 1>
ST_15 : Operation 266 [1/1] (0.80ns) (out node of the LUT)   --->   "%sel_tmp13 = and i1 %tmp_4_6, %sel_tmp12" [bi_lstm/src/rnn.cpp:68]   --->   Operation 266 'and' 'sel_tmp13' <Predicate = true> <Delay = 0.80> <Core = "LogicGate">   --->   Core 27 'LogicGate' <Latency = 0> <II = 1> <Delay = 0.80> <FuncUnit> <Opcode : 'and' 'or' 'xor'> <InPorts = 2> <OutPorts = 1>
ST_15 : Operation 267 [1/1] (0.00ns) (grouped into LUT with out node storemerge1_6)   --->   "%sel_tmp14 = select i1 %sel_tmp13, i13 -2048, i13 2048" [bi_lstm/src/rnn.cpp:68]   --->   Operation 267 'select' 'sel_tmp14' <Predicate = true> <Delay = 0.00> <Core = "Sel">   --->   Core 26 'Sel' <Latency = 0> <II = 1> <Delay = 0.44> <FuncUnit> <Opcode : 'select'> <InPorts = 3> <OutPorts = 1>
ST_15 : Operation 268 [1/1] (0.00ns) (grouped into LUT with out node storemerge1_6)   --->   "%tmp_52 = or i1 %sel_tmp13, %tmp_3_6" [bi_lstm/src/rnn.cpp:68]   --->   Operation 268 'or' 'tmp_52' <Predicate = true> <Delay = 0.00> <Core = "LogicGate">   --->   Core 27 'LogicGate' <Latency = 0> <II = 1> <Delay = 0.80> <FuncUnit> <Opcode : 'and' 'or' 'xor'> <InPorts = 2> <OutPorts = 1>
ST_15 : Operation 269 [1/1] (0.80ns) (out node of the LUT)   --->   "%storemerge1_6 = select i1 %tmp_52, i13 %sel_tmp14, i13 %tmp_8_6_cast" [bi_lstm/src/rnn.cpp:68]   --->   Operation 269 'select' 'storemerge1_6' <Predicate = true> <Delay = 0.80> <Core = "Sel">   --->   Core 26 'Sel' <Latency = 0> <II = 1> <Delay = 0.44> <FuncUnit> <Opcode : 'select'> <InPorts = 3> <OutPorts = 1>
ST_15 : Operation 270 [1/1] (0.00ns)   --->   "%storemerge1_6_cast = sext i13 %storemerge1_6 to i16" [bi_lstm/src/rnn.cpp:67]   --->   Operation 270 'sext' 'storemerge1_6_cast' <Predicate = true> <Delay = 0.00>
ST_15 : Operation 271 [1/1] (1.75ns)   --->   "store i16 %storemerge1_6_cast, i16* %x_6_V_addr, align 2" [bi_lstm/src/rnn.cpp:67]   --->   Operation 271 'store' <Predicate = true> <Delay = 1.75> <Core = "RAM">   --->   Core 37 'RAM' <Latency = 1> <II = 1> <Delay = 2.77> <Storage> <Opcode : 'load' 'store'> <Ports = 2> <Width = 32> <Depth = 3900> <RAM>
ST_15 : Operation 272 [1/1] (0.00ns)   --->   "%tmp_1_7 = zext i8 %tmp_56 to i64" [bi_lstm/src/rnn.cpp:71]   --->   Operation 272 'zext' 'tmp_1_7' <Predicate = true> <Delay = 0.00>
ST_15 : Operation 273 [1/1] (0.00ns)   --->   "%tanh_lut_V163_addr_7 = getelementptr [256 x i16]* @tanh_lut_V163, i64 0, i64 %tmp_1_7" [bi_lstm/src/rnn.cpp:71]   --->   Operation 273 'getelementptr' 'tanh_lut_V163_addr_7' <Predicate = true> <Delay = 0.00>
ST_15 : Operation 274 [2/2] (2.77ns)   --->   "%tanh_lut_V163_load_7 = load i16* %tanh_lut_V163_addr_7, align 2" [bi_lstm/src/rnn.cpp:71]   --->   Operation 274 'load' 'tanh_lut_V163_load_7' <Predicate = true> <Delay = 2.77> <Core = "ROM_1P_BRAM">   --->   Core 61 'ROM_1P_BRAM' <Latency = 1> <II = 1> <Delay = 2.77> <Storage> <Opcode : 'load'> <Ports = 1> <Width = 16> <Depth = 256> <ROM>

State 16 <SV = 15> <Delay = 5.32>
ST_16 : Operation 275 [1/2] (2.77ns)   --->   "%tanh_lut_V163_load_7 = load i16* %tanh_lut_V163_addr_7, align 2" [bi_lstm/src/rnn.cpp:71]   --->   Operation 275 'load' 'tanh_lut_V163_load_7' <Predicate = true> <Delay = 2.77> <Core = "ROM_1P_BRAM">   --->   Core 61 'ROM_1P_BRAM' <Latency = 1> <II = 1> <Delay = 2.77> <Storage> <Opcode : 'load'> <Ports = 1> <Width = 16> <Depth = 256> <ROM>
ST_16 : Operation 276 [1/1] (0.00ns) (grouped into LUT with out node storemerge1_7)   --->   "%tmp_34 = call i12 @_ssdm_op_PartSelect.i12.i16.i32.i32(i16 %tanh_lut_V163_load_7, i32 4, i32 15)" [bi_lstm/src/rnn.cpp:71]   --->   Operation 276 'partselect' 'tmp_34' <Predicate = true> <Delay = 0.00>
ST_16 : Operation 277 [1/1] (0.00ns) (grouped into LUT with out node storemerge1_7)   --->   "%tmp_8_7_cast = sext i12 %tmp_34 to i13" [bi_lstm/src/rnn.cpp:71]   --->   Operation 277 'sext' 'tmp_8_7_cast' <Predicate = true> <Delay = 0.00>
ST_16 : Operation 278 [1/1] (0.00ns) (grouped into LUT with out node sel_tmp16)   --->   "%sel_tmp15 = xor i1 %tmp_3_7, true" [bi_lstm/src/rnn.cpp:67]   --->   Operation 278 'xor' 'sel_tmp15' <Predicate = true> <Delay = 0.00> <Core = "LogicGate">   --->   Core 27 'LogicGate' <Latency = 0> <II = 1> <Delay = 0.80> <FuncUnit> <Opcode : 'and' 'or' 'xor'> <InPorts = 2> <OutPorts = 1>
ST_16 : Operation 279 [1/1] (0.80ns) (out node of the LUT)   --->   "%sel_tmp16 = and i1 %tmp_4_7, %sel_tmp15" [bi_lstm/src/rnn.cpp:68]   --->   Operation 279 'and' 'sel_tmp16' <Predicate = true> <Delay = 0.80> <Core = "LogicGate">   --->   Core 27 'LogicGate' <Latency = 0> <II = 1> <Delay = 0.80> <FuncUnit> <Opcode : 'and' 'or' 'xor'> <InPorts = 2> <OutPorts = 1>
ST_16 : Operation 280 [1/1] (0.00ns) (grouped into LUT with out node storemerge1_7)   --->   "%sel_tmp17 = select i1 %sel_tmp16, i13 -2048, i13 2048" [bi_lstm/src/rnn.cpp:68]   --->   Operation 280 'select' 'sel_tmp17' <Predicate = true> <Delay = 0.00> <Core = "Sel">   --->   Core 26 'Sel' <Latency = 0> <II = 1> <Delay = 0.44> <FuncUnit> <Opcode : 'select'> <InPorts = 3> <OutPorts = 1>
ST_16 : Operation 281 [1/1] (0.00ns) (grouped into LUT with out node storemerge1_7)   --->   "%tmp_57 = or i1 %sel_tmp16, %tmp_3_7" [bi_lstm/src/rnn.cpp:68]   --->   Operation 281 'or' 'tmp_57' <Predicate = true> <Delay = 0.00> <Core = "LogicGate">   --->   Core 27 'LogicGate' <Latency = 0> <II = 1> <Delay = 0.80> <FuncUnit> <Opcode : 'and' 'or' 'xor'> <InPorts = 2> <OutPorts = 1>
ST_16 : Operation 282 [1/1] (0.80ns) (out node of the LUT)   --->   "%storemerge1_7 = select i1 %tmp_57, i13 %sel_tmp17, i13 %tmp_8_7_cast" [bi_lstm/src/rnn.cpp:68]   --->   Operation 282 'select' 'storemerge1_7' <Predicate = true> <Delay = 0.80> <Core = "Sel">   --->   Core 26 'Sel' <Latency = 0> <II = 1> <Delay = 0.44> <FuncUnit> <Opcode : 'select'> <InPorts = 3> <OutPorts = 1>
ST_16 : Operation 283 [1/1] (0.00ns)   --->   "%storemerge1_7_cast = sext i13 %storemerge1_7 to i16" [bi_lstm/src/rnn.cpp:67]   --->   Operation 283 'sext' 'storemerge1_7_cast' <Predicate = true> <Delay = 0.00>
ST_16 : Operation 284 [1/1] (1.75ns)   --->   "store i16 %storemerge1_7_cast, i16* %x_7_V_addr, align 2" [bi_lstm/src/rnn.cpp:67]   --->   Operation 284 'store' <Predicate = true> <Delay = 1.75> <Core = "RAM">   --->   Core 37 'RAM' <Latency = 1> <II = 1> <Delay = 2.77> <Storage> <Opcode : 'load' 'store'> <Ports = 2> <Width = 32> <Depth = 3900> <RAM>
ST_16 : Operation 285 [1/1] (0.00ns)   --->   "br label %_ZN8ap_fixedILi16ELi5EL9ap_q_mode5EL9ap_o_mode3ELi0EEC1Ei.exit.0" [bi_lstm/src/rnn.cpp:65]   --->   Operation 285 'br' <Predicate = true> <Delay = 0.00>


============================================================
+ Verbose Summary: Binding
============================================================
STG Binding: 
---------------- STG Properties BEGIN ----------------
- Is combinational: 0
- Is one-state seq: 0
- Is datapath-only: 0
- Is pipelined: 0
- Is top level: 0
Port [ Return ] is wired: 1; IO mode=ap_ctrl_hs:ce=0
Port [ res_0_V]:  wired=1; compound=1; hidden=0; nouse=0; global=0; static=0; extern=0; dir=2; type=1; pingpong=0; private_global=0; MemPort=[23]; IO mode=ap_memory:ce=0
Port [ res_1_V]:  wired=1; compound=1; hidden=0; nouse=0; global=0; static=0; extern=0; dir=2; type=1; pingpong=0; private_global=0; MemPort=[23]; IO mode=ap_memory:ce=0
Port [ res_2_V]:  wired=1; compound=1; hidden=0; nouse=0; global=0; static=0; extern=0; dir=2; type=1; pingpong=0; private_global=0; MemPort=[23]; IO mode=ap_memory:ce=0
Port [ res_3_V]:  wired=1; compound=1; hidden=0; nouse=0; global=0; static=0; extern=0; dir=2; type=1; pingpong=0; private_global=0; MemPort=[23]; IO mode=ap_memory:ce=0
Port [ res_4_V]:  wired=1; compound=1; hidden=0; nouse=0; global=0; static=0; extern=0; dir=2; type=1; pingpong=0; private_global=0; MemPort=[23]; IO mode=ap_memory:ce=0
Port [ res_5_V]:  wired=1; compound=1; hidden=0; nouse=0; global=0; static=0; extern=0; dir=2; type=1; pingpong=0; private_global=0; MemPort=[23]; IO mode=ap_memory:ce=0
Port [ res_6_V]:  wired=1; compound=1; hidden=0; nouse=0; global=0; static=0; extern=0; dir=2; type=1; pingpong=0; private_global=0; MemPort=[23]; IO mode=ap_memory:ce=0
Port [ res_7_V]:  wired=1; compound=1; hidden=0; nouse=0; global=0; static=0; extern=0; dir=2; type=1; pingpong=0; private_global=0; MemPort=[23]; IO mode=ap_memory:ce=0
Port [ tanh_lut_V163]:  wired=0; compound=1; hidden=1; nouse=0; global=1; static=1; extern=0; dir=0; type=1; pingpong=0; private_global=0; linkage=7; visibility=0; MemPort=[1]; IO mode=ap_memory:ce=0
---------------- STG Properties END ------------------

---------------- Datapath Model BEGIN ----------------

<LifeTime>
<method=bitvector/>
StgValue_17          (specmemcore      ) [ 00000000000000000]
StgValue_18          (specmemcore      ) [ 00000000000000000]
StgValue_19          (specmemcore      ) [ 00000000000000000]
StgValue_20          (specmemcore      ) [ 00000000000000000]
StgValue_21          (br               ) [ 01111111111111111]
i                    (phi              ) [ 00111111100000000]
newIndex             (partselect       ) [ 00000000000000000]
newIndex1            (zext             ) [ 00011111100000000]
x_0_V_addr           (getelementptr    ) [ 00011110000000000]
empty                (speclooptripcount) [ 00000000000000000]
x_0_V_load           (load             ) [ 00000000000000000]
tmp_3                (icmp             ) [ 00111111111111111]
StgValue_30          (br               ) [ 00111111111111111]
tmp_4                (icmp             ) [ 00111111111111111]
StgValue_32          (br               ) [ 00111111111111111]
tmp_2                (partselect       ) [ 00000000000000000]
lhs_V_cast           (sext             ) [ 00000000000000000]
ret_V                (add              ) [ 00000000000000000]
p_shl                (bitconcatenate   ) [ 00000000000000000]
p_shl2               (bitconcatenate   ) [ 00000000000000000]
p_shl2_cast          (sext             ) [ 00000000000000000]
r_V_2                (sub              ) [ 00000000000000000]
tmp                  (bitselect        ) [ 00000000000000000]
tmp_58               (trunc            ) [ 00000000000000000]
tmp_s                (icmp             ) [ 00000000000000000]
tmp_5                (partselect       ) [ 00000000000000000]
tmp_7                (add              ) [ 00000000000000000]
tmp_8                (select           ) [ 00000000000000000]
tmp_11               (select           ) [ 00001000000000000]
tmp_1                (zext             ) [ 00000000000000000]
tanh_lut_V163_addr   (getelementptr    ) [ 00110111111111111]
tanh_lut_V163_load   (load             ) [ 00000000000000000]
tmp_6                (partselect       ) [ 00000000000000000]
tmp_8_cast           (sext             ) [ 00111111111111111]
StgValue_53          (br               ) [ 00111111111111111]
x_1_V_addr           (getelementptr    ) [ 00000011100000000]
storemerge1          (phi              ) [ 00000010000000000]
storemerge1_cast     (sext             ) [ 00000000000000000]
StgValue_58          (store            ) [ 00000000000000000]
x_1_V_load           (load             ) [ 00000000000000000]
tmp_3_1              (icmp             ) [ 00111111111111111]
StgValue_61          (br               ) [ 00111111111111111]
tmp_4_1              (icmp             ) [ 00111111111111111]
StgValue_63          (br               ) [ 00111111111111111]
tmp_9                (partselect       ) [ 00000000000000000]
lhs_V_1_cast         (sext             ) [ 00000000000000000]
ret_V_1              (add              ) [ 00000000000000000]
p_shl_1              (bitconcatenate   ) [ 00000000000000000]
p_shl2_1             (bitconcatenate   ) [ 00000000000000000]
p_shl2_1_cast        (sext             ) [ 00000000000000000]
r_V_2_1              (sub              ) [ 00000000000000000]
tmp_59               (bitselect        ) [ 00000000000000000]
tmp_60               (trunc            ) [ 00000000000000000]
tmp_1_33             (icmp             ) [ 00000000000000000]
tmp_13               (partselect       ) [ 00000000000000000]
tmp_15               (add              ) [ 00000000000000000]
tmp_17               (select           ) [ 00000000000000000]
tmp_19               (select           ) [ 00000001000000000]
tmp_1_1              (zext             ) [ 00000000000000000]
tanh_lut_V163_addr_1 (getelementptr    ) [ 00111110111111111]
tanh_lut_V163_load_1 (load             ) [ 00000000000000000]
tmp_10               (partselect       ) [ 00000000000000000]
tmp_8_1_cast         (sext             ) [ 00000000000000000]
StgValue_84          (br               ) [ 00000000000000000]
storemerge1_1        (phi              ) [ 00000000100000000]
storemerge1_1_cast   (sext             ) [ 00000000000000000]
StgValue_87          (store            ) [ 00000000000000000]
i_2_s                (or               ) [ 00000000000000000]
exitcond_2           (icmp             ) [ 00111111111111111]
StgValue_90          (br               ) [ 00000000000000000]
x_2_V_addr           (getelementptr    ) [ 00000000011100000]
x_3_V_addr           (getelementptr    ) [ 00000000011110000]
x_4_V_addr           (getelementptr    ) [ 00000000011111000]
x_5_V_addr           (getelementptr    ) [ 00000000011111100]
x_6_V_addr           (getelementptr    ) [ 00000000011111110]
x_7_V_addr           (getelementptr    ) [ 00000000011111111]
i_2_7                (add              ) [ 01100000011111111]
StgValue_99          (ret              ) [ 00000000000000000]
x_2_V_load           (load             ) [ 00000000000000000]
tmp_3_2              (icmp             ) [ 00000000001100000]
tmp_4_2              (icmp             ) [ 00000000001100000]
tmp_12               (partselect       ) [ 00000000000000000]
lhs_V_2_cast         (sext             ) [ 00000000000000000]
ret_V_s              (add              ) [ 00000000000000000]
p_shl_2              (bitconcatenate   ) [ 00000000000000000]
p_shl2_2             (bitconcatenate   ) [ 00000000000000000]
p_shl2_2_cast        (sext             ) [ 00000000000000000]
r_V_2_2              (sub              ) [ 00000000000000000]
tmp_61               (bitselect        ) [ 00000000000000000]
tmp_62               (trunc            ) [ 00000000000000000]
tmp_2_34             (icmp             ) [ 00000000000000000]
tmp_21               (partselect       ) [ 00000000000000000]
tmp_23               (add              ) [ 00000000000000000]
tmp_25               (select           ) [ 00000000000000000]
tmp_27               (select           ) [ 00000000001000000]
tmp_1_2              (zext             ) [ 00000000000000000]
tanh_lut_V163_addr_2 (getelementptr    ) [ 00000000000100000]
x_3_V_load           (load             ) [ 00000000000000000]
tmp_3_3              (icmp             ) [ 00000000000110000]
tmp_4_3              (icmp             ) [ 00000000000110000]
tmp_16               (partselect       ) [ 00000000000000000]
lhs_V_3_cast         (sext             ) [ 00000000000000000]
ret_V_3              (add              ) [ 00000000000000000]
p_shl_3              (bitconcatenate   ) [ 00000000000000000]
p_shl2_3             (bitconcatenate   ) [ 00000000000000000]
p_shl2_3_cast        (sext             ) [ 00000000000000000]
r_V_2_3              (sub              ) [ 00000000000000000]
tmp_63               (bitselect        ) [ 00000000000000000]
tmp_64               (trunc            ) [ 00000000000000000]
tmp_3_35             (icmp             ) [ 00000000000000000]
tmp_31               (partselect       ) [ 00000000000000000]
tmp_33               (add              ) [ 00000000000000000]
tmp_35               (select           ) [ 00000000000000000]
tmp_36               (select           ) [ 00000000000100000]
tanh_lut_V163_load_2 (load             ) [ 00000000000000000]
tmp_14               (partselect       ) [ 00000000000000000]
tmp_8_2_cast         (sext             ) [ 00000000000000000]
sel_tmp1             (xor              ) [ 00000000000000000]
sel_tmp2             (and              ) [ 00000000000000000]
sel_tmp              (select           ) [ 00000000000000000]
tmp_29               (or               ) [ 00000000000000000]
storemerge1_2        (select           ) [ 00000000000000000]
storemerge1_2_cast   (sext             ) [ 00000000000000000]
StgValue_148         (store            ) [ 00000000000000000]
tmp_1_3              (zext             ) [ 00000000000000000]
tanh_lut_V163_addr_3 (getelementptr    ) [ 00000000000010000]
x_4_V_load           (load             ) [ 00000000000000000]
tmp_3_4              (icmp             ) [ 00000000000011000]
tmp_4_4              (icmp             ) [ 00000000000011000]
tmp_20               (partselect       ) [ 00000000000000000]
lhs_V_4_cast         (sext             ) [ 00000000000000000]
ret_V_4              (add              ) [ 00000000000000000]
p_shl_4              (bitconcatenate   ) [ 00000000000000000]
p_shl2_4             (bitconcatenate   ) [ 00000000000000000]
p_shl2_4_cast        (sext             ) [ 00000000000000000]
r_V_2_4              (sub              ) [ 00000000000000000]
tmp_65               (bitselect        ) [ 00000000000000000]
tmp_66               (trunc            ) [ 00000000000000000]
tmp_4_36             (icmp             ) [ 00000000000000000]
tmp_38               (partselect       ) [ 00000000000000000]
tmp_39               (add              ) [ 00000000000000000]
tmp_40               (select           ) [ 00000000000000000]
tmp_41               (select           ) [ 00000000000010000]
tanh_lut_V163_load_3 (load             ) [ 00000000000000000]
tmp_18               (partselect       ) [ 00000000000000000]
tmp_8_3_cast         (sext             ) [ 00000000000000000]
sel_tmp6             (xor              ) [ 00000000000000000]
sel_tmp7             (and              ) [ 00000000000000000]
sel_tmp5             (select           ) [ 00000000000000000]
tmp_37               (or               ) [ 00000000000000000]
storemerge1_3        (select           ) [ 00000000000000000]
storemerge1_3_cast   (sext             ) [ 00000000000000000]
StgValue_179         (store            ) [ 00000000000000000]
tmp_1_4              (zext             ) [ 00000000000000000]
tanh_lut_V163_addr_4 (getelementptr    ) [ 00000000000001000]
x_5_V_load           (load             ) [ 00000000000000000]
tmp_3_5              (icmp             ) [ 00000000000001100]
tmp_4_5              (icmp             ) [ 00000000000001100]
tmp_24               (partselect       ) [ 00000000000000000]
lhs_V_5_cast         (sext             ) [ 00000000000000000]
ret_V_5              (add              ) [ 00000000000000000]
p_shl_5              (bitconcatenate   ) [ 00000000000000000]
p_shl2_5             (bitconcatenate   ) [ 00000000000000000]
p_shl2_5_cast        (sext             ) [ 00000000000000000]
r_V_2_5              (sub              ) [ 00000000000000000]
tmp_67               (bitselect        ) [ 00000000000000000]
tmp_68               (trunc            ) [ 00000000000000000]
tmp_5_37             (icmp             ) [ 00000000000000000]
tmp_43               (partselect       ) [ 00000000000000000]
tmp_44               (add              ) [ 00000000000000000]
tmp_45               (select           ) [ 00000000000000000]
tmp_46               (select           ) [ 00000000000001000]
tanh_lut_V163_load_4 (load             ) [ 00000000000000000]
tmp_22               (partselect       ) [ 00000000000000000]
tmp_8_4_cast         (sext             ) [ 00000000000000000]
sel_tmp3             (xor              ) [ 00000000000000000]
sel_tmp4             (and              ) [ 00000000000000000]
sel_tmp8             (select           ) [ 00000000000000000]
tmp_42               (or               ) [ 00000000000000000]
storemerge1_4        (select           ) [ 00000000000000000]
storemerge1_4_cast   (sext             ) [ 00000000000000000]
StgValue_210         (store            ) [ 00000000000000000]
tmp_1_5              (zext             ) [ 00000000000000000]
tanh_lut_V163_addr_5 (getelementptr    ) [ 00000000000000100]
x_6_V_load           (load             ) [ 00000000000000000]
tmp_3_6              (icmp             ) [ 00000000000000110]
tmp_4_6              (icmp             ) [ 00000000000000110]
tmp_28               (partselect       ) [ 00000000000000000]
lhs_V_6_cast         (sext             ) [ 00000000000000000]
ret_V_6              (add              ) [ 00000000000000000]
p_shl_6              (bitconcatenate   ) [ 00000000000000000]
p_shl2_6             (bitconcatenate   ) [ 00000000000000000]
p_shl2_6_cast        (sext             ) [ 00000000000000000]
r_V_2_6              (sub              ) [ 00000000000000000]
tmp_69               (bitselect        ) [ 00000000000000000]
tmp_70               (trunc            ) [ 00000000000000000]
tmp_6_38             (icmp             ) [ 00000000000000000]
tmp_48               (partselect       ) [ 00000000000000000]
tmp_49               (add              ) [ 00000000000000000]
tmp_50               (select           ) [ 00000000000000000]
tmp_51               (select           ) [ 00000000000000100]
tanh_lut_V163_load_5 (load             ) [ 00000000000000000]
tmp_26               (partselect       ) [ 00000000000000000]
tmp_8_5_cast         (sext             ) [ 00000000000000000]
sel_tmp9             (xor              ) [ 00000000000000000]
sel_tmp10            (and              ) [ 00000000000000000]
sel_tmp11            (select           ) [ 00000000000000000]
tmp_47               (or               ) [ 00000000000000000]
storemerge1_5        (select           ) [ 00000000000000000]
storemerge1_5_cast   (sext             ) [ 00000000000000000]
StgValue_241         (store            ) [ 00000000000000000]
tmp_1_6              (zext             ) [ 00000000000000000]
tanh_lut_V163_addr_6 (getelementptr    ) [ 00000000000000010]
x_7_V_load           (load             ) [ 00000000000000000]
tmp_3_7              (icmp             ) [ 00000000000000011]
tmp_4_7              (icmp             ) [ 00000000000000011]
tmp_32               (partselect       ) [ 00000000000000000]
lhs_V_7_cast         (sext             ) [ 00000000000000000]
ret_V_7              (add              ) [ 00000000000000000]
p_shl_7              (bitconcatenate   ) [ 00000000000000000]
p_shl2_7             (bitconcatenate   ) [ 00000000000000000]
p_shl2_7_cast        (sext             ) [ 00000000000000000]
r_V_2_7              (sub              ) [ 00000000000000000]
tmp_71               (bitselect        ) [ 00000000000000000]
tmp_72               (trunc            ) [ 00000000000000000]
tmp_7_39             (icmp             ) [ 00000000000000000]
tmp_53               (partselect       ) [ 00000000000000000]
tmp_54               (add              ) [ 00000000000000000]
tmp_55               (select           ) [ 00000000000000000]
tmp_56               (select           ) [ 00000000000000010]
tanh_lut_V163_load_6 (load             ) [ 00000000000000000]
tmp_30               (partselect       ) [ 00000000000000000]
tmp_8_6_cast         (sext             ) [ 00000000000000000]
sel_tmp12            (xor              ) [ 00000000000000000]
sel_tmp13            (and              ) [ 00000000000000000]
sel_tmp14            (select           ) [ 00000000000000000]
tmp_52               (or               ) [ 00000000000000000]
storemerge1_6        (select           ) [ 00000000000000000]
storemerge1_6_cast   (sext             ) [ 00000000000000000]
StgValue_271         (store            ) [ 00000000000000000]
tmp_1_7              (zext             ) [ 00000000000000000]
tanh_lut_V163_addr_7 (getelementptr    ) [ 00000000000000001]
tanh_lut_V163_load_7 (load             ) [ 00000000000000000]
tmp_34               (partselect       ) [ 00000000000000000]
tmp_8_7_cast         (sext             ) [ 00000000000000000]
sel_tmp15            (xor              ) [ 00000000000000000]
sel_tmp16            (and              ) [ 00000000000000000]
sel_tmp17            (select           ) [ 00000000000000000]
tmp_57               (or               ) [ 00000000000000000]
storemerge1_7        (select           ) [ 00000000000000000]
storemerge1_7_cast   (sext             ) [ 00000000000000000]
StgValue_284         (store            ) [ 00000000000000000]
StgValue_285         (br               ) [ 01111111111111111]
</LifeTime>

<model>

<comp_list>
<comp id="0" class="1000" name="res_0_V">
<pin_list>
<pin id="1" dir="1" index="0" bw="1" slack="0"/>
</pin_list>
<bind>
<StgValue><ssdm name="res_0_V"/><MemPortTyVec>2 3 </MemPortTyVec>
</StgValue>
</bind>
</comp>

<comp id="2" class="1000" name="res_1_V">
<pin_list>
<pin id="3" dir="1" index="0" bw="1" slack="0"/>
</pin_list>
<bind>
<StgValue><ssdm name="res_1_V"/><MemPortTyVec>2 3 </MemPortTyVec>
</StgValue>
</bind>
</comp>

<comp id="4" class="1000" name="res_2_V">
<pin_list>
<pin id="5" dir="1" index="0" bw="1" slack="0"/>
</pin_list>
<bind>
<StgValue><ssdm name="res_2_V"/><MemPortTyVec>2 3 </MemPortTyVec>
</StgValue>
</bind>
</comp>

<comp id="6" class="1000" name="res_3_V">
<pin_list>
<pin id="7" dir="1" index="0" bw="1" slack="0"/>
</pin_list>
<bind>
<StgValue><ssdm name="res_3_V"/><MemPortTyVec>2 3 </MemPortTyVec>
</StgValue>
</bind>
</comp>

<comp id="8" class="1000" name="res_4_V">
<pin_list>
<pin id="9" dir="1" index="0" bw="1" slack="0"/>
</pin_list>
<bind>
<StgValue><ssdm name="res_4_V"/><MemPortTyVec>2 3 </MemPortTyVec>
</StgValue>
</bind>
</comp>

<comp id="10" class="1000" name="res_5_V">
<pin_list>
<pin id="11" dir="1" index="0" bw="1" slack="0"/>
</pin_list>
<bind>
<StgValue><ssdm name="res_5_V"/><MemPortTyVec>2 3 </MemPortTyVec>
</StgValue>
</bind>
</comp>

<comp id="12" class="1000" name="res_6_V">
<pin_list>
<pin id="13" dir="1" index="0" bw="1" slack="0"/>
</pin_list>
<bind>
<StgValue><ssdm name="res_6_V"/><MemPortTyVec>2 3 </MemPortTyVec>
</StgValue>
</bind>
</comp>

<comp id="14" class="1000" name="res_7_V">
<pin_list>
<pin id="15" dir="1" index="0" bw="1" slack="0"/>
</pin_list>
<bind>
<StgValue><ssdm name="res_7_V"/><MemPortTyVec>2 3 </MemPortTyVec>
</StgValue>
</bind>
</comp>

<comp id="16" class="1000" name="tanh_lut_V163">
<pin_list>
<pin id="17" dir="1" index="0" bw="1" slack="0"/>
</pin_list>
<bind>
<StgValue><ssdm name="tanh_lut_V163"/><MemPortTyVec>1 </MemPortTyVec>
</StgValue>
</bind>
</comp>

<comp id="18" class="1001" name="const_18">
<pin_list>
<pin id="19" dir="1" index="0" bw="1" slack="2147483647"/>
</pin_list>
<bind>
<StgValue><ssdm name="_ssdm_op_SpecMemCore"/></StgValue>
</bind>
</comp>

<comp id="20" class="1001" name="const_20">
<pin_list>
<pin id="21" dir="1" index="0" bw="1" slack="2147483647"/>
</pin_list>
<bind>
<StgValue><ssdm name="p_str22"/></StgValue>
</bind>
</comp>

<comp id="22" class="1001" name="const_22">
<pin_list>
<pin id="23" dir="1" index="0" bw="1" slack="2147483647"/>
</pin_list>
<bind>
<StgValue><ssdm name="p_str40"/></StgValue>
</bind>
</comp>

<comp id="24" class="1001" name="const_24">
<pin_list>
<pin id="25" dir="1" index="0" bw="1" slack="2147483647"/>
</pin_list>
<bind>
<StgValue><ssdm name=""/></StgValue>
</bind>
</comp>

<comp id="26" class="1001" name="const_26">
<pin_list>
<pin id="27" dir="1" index="0" bw="1" slack="1"/>
</pin_list>
<bind>
<StgValue><ssdm name=""/></StgValue>
</bind>
</comp>

<comp id="28" class="1001" name="const_28">
<pin_list>
<pin id="29" dir="1" index="0" bw="1" slack="0"/>
</pin_list>
<bind>
<StgValue><ssdm name="_ssdm_op_PartSelect.i29.i32.i32.i32"/></StgValue>
</bind>
</comp>

<comp id="30" class="1001" name="const_30">
<pin_list>
<pin id="31" dir="1" index="0" bw="1" slack="0"/>
</pin_list>
<bind>
<StgValue><ssdm name=""/></StgValue>
</bind>
</comp>

<comp id="32" class="1001" name="const_32">
<pin_list>
<pin id="33" dir="1" index="0" bw="1" slack="0"/>
</pin_list>
<bind>
<StgValue><ssdm name=""/></StgValue>
</bind>
</comp>

<comp id="34" class="1001" name="const_34">
<pin_list>
<pin id="35" dir="1" index="0" bw="1" slack="0"/>
</pin_list>
<bind>
<StgValue><ssdm name=""/></StgValue>
</bind>
</comp>

<comp id="36" class="1001" name="const_36">
<pin_list>
<pin id="37" dir="1" index="0" bw="1" slack="2147483647"/>
</pin_list>
<bind>
<StgValue><ssdm name="_ssdm_op_SpecLoopTripCount"/></StgValue>
</bind>
</comp>

<comp id="38" class="1001" name="const_38">
<pin_list>
<pin id="39" dir="1" index="0" bw="1" slack="2147483647"/>
</pin_list>
<bind>
<StgValue><ssdm name=""/></StgValue>
</bind>
</comp>

<comp id="40" class="1001" name="const_40">
<pin_list>
<pin id="41" dir="1" index="0" bw="1" slack="0"/>
</pin_list>
<bind>
<StgValue><ssdm name=""/></StgValue>
</bind>
</comp>

<comp id="42" class="1001" name="const_42">
<pin_list>
<pin id="43" dir="1" index="0" bw="1" slack="0"/>
</pin_list>
<bind>
<StgValue><ssdm name=""/></StgValue>
</bind>
</comp>

<comp id="44" class="1001" name="const_44">
<pin_list>
<pin id="45" dir="1" index="0" bw="1" slack="0"/>
</pin_list>
<bind>
<StgValue><ssdm name="_ssdm_op_PartSelect.i12.i16.i32.i32"/></StgValue>
</bind>
</comp>

<comp id="46" class="1001" name="const_46">
<pin_list>
<pin id="47" dir="1" index="0" bw="1" slack="0"/>
</pin_list>
<bind>
<StgValue><ssdm name=""/></StgValue>
</bind>
</comp>

<comp id="48" class="1001" name="const_48">
<pin_list>
<pin id="49" dir="1" index="0" bw="1" slack="0"/>
</pin_list>
<bind>
<StgValue><ssdm name=""/></StgValue>
</bind>
</comp>

<comp id="50" class="1001" name="const_50">
<pin_list>
<pin id="51" dir="1" index="0" bw="1" slack="0"/>
</pin_list>
<bind>
<StgValue><ssdm name=""/></StgValue>
</bind>
</comp>

<comp id="52" class="1001" name="const_52">
<pin_list>
<pin id="53" dir="1" index="0" bw="1" slack="0"/>
</pin_list>
<bind>
<StgValue><ssdm name="_ssdm_op_BitConcatenate.i25.i13.i12"/></StgValue>
</bind>
</comp>

<comp id="54" class="1001" name="const_54">
<pin_list>
<pin id="55" dir="1" index="0" bw="1" slack="0"/>
</pin_list>
<bind>
<StgValue><ssdm name=""/></StgValue>
</bind>
</comp>

<comp id="56" class="1001" name="const_56">
<pin_list>
<pin id="57" dir="1" index="0" bw="1" slack="0"/>
</pin_list>
<bind>
<StgValue><ssdm name="_ssdm_op_BitConcatenate.i17.i13.i4"/></StgValue>
</bind>
</comp>

<comp id="58" class="1001" name="const_58">
<pin_list>
<pin id="59" dir="1" index="0" bw="1" slack="0"/>
</pin_list>
<bind>
<StgValue><ssdm name=""/></StgValue>
</bind>
</comp>

<comp id="60" class="1001" name="const_60">
<pin_list>
<pin id="61" dir="1" index="0" bw="1" slack="0"/>
</pin_list>
<bind>
<StgValue><ssdm name="_ssdm_op_BitSelect.i1.i25.i32"/></StgValue>
</bind>
</comp>

<comp id="62" class="1001" name="const_62">
<pin_list>
<pin id="63" dir="1" index="0" bw="1" slack="0"/>
</pin_list>
<bind>
<StgValue><ssdm name=""/></StgValue>
</bind>
</comp>

<comp id="64" class="1001" name="const_64">
<pin_list>
<pin id="65" dir="1" index="0" bw="1" slack="0"/>
</pin_list>
<bind>
<StgValue><ssdm name=""/></StgValue>
</bind>
</comp>

<comp id="66" class="1001" name="const_66">
<pin_list>
<pin id="67" dir="1" index="0" bw="1" slack="0"/>
</pin_list>
<bind>
<StgValue><ssdm name="_ssdm_op_PartSelect.i8.i25.i32.i32"/></StgValue>
</bind>
</comp>

<comp id="68" class="1001" name="const_68">
<pin_list>
<pin id="69" dir="1" index="0" bw="1" slack="0"/>
</pin_list>
<bind>
<StgValue><ssdm name=""/></StgValue>
</bind>
</comp>

<comp id="70" class="1001" name="const_70">
<pin_list>
<pin id="71" dir="1" index="0" bw="1" slack="0"/>
</pin_list>
<bind>
<StgValue><ssdm name=""/></StgValue>
</bind>
</comp>

<comp id="72" class="1001" name="const_72">
<pin_list>
<pin id="73" dir="1" index="0" bw="1" slack="0"/>
</pin_list>
<bind>
<StgValue><ssdm name=""/></StgValue>
</bind>
</comp>

<comp id="74" class="1001" name="const_74">
<pin_list>
<pin id="75" dir="1" index="0" bw="1" slack="0"/>
</pin_list>
<bind>
<StgValue><ssdm name=""/></StgValue>
</bind>
</comp>

<comp id="76" class="1001" name="const_76">
<pin_list>
<pin id="77" dir="1" index="0" bw="1" slack="0"/>
</pin_list>
<bind>
<StgValue><ssdm name=""/></StgValue>
</bind>
</comp>

<comp id="78" class="1001" name="const_78">
<pin_list>
<pin id="79" dir="1" index="0" bw="1" slack="0"/>
</pin_list>
<bind>
<StgValue><ssdm name=""/></StgValue>
</bind>
</comp>

<comp id="80" class="1001" name="const_80">
<pin_list>
<pin id="81" dir="1" index="0" bw="1" slack="0"/>
</pin_list>
<bind>
<StgValue><ssdm name=""/></StgValue>
</bind>
</comp>

<comp id="82" class="1001" name="const_82">
<pin_list>
<pin id="83" dir="1" index="0" bw="1" slack="0"/>
</pin_list>
<bind>
<StgValue><ssdm name=""/></StgValue>
</bind>
</comp>

<comp id="84" class="1001" name="const_84">
<pin_list>
<pin id="85" dir="1" index="0" bw="1" slack="0"/>
</pin_list>
<bind>
<StgValue><ssdm name=""/></StgValue>
</bind>
</comp>

<comp id="86" class="1004" name="x_0_V_addr_gep_fu_86">
<pin_list>
<pin id="87" dir="0" index="0" bw="16" slack="0"/>
<pin id="88" dir="0" index="1" bw="1" slack="0"/>
<pin id="89" dir="0" index="2" bw="29" slack="0"/>
<pin id="90" dir="1" index="3" bw="3" slack="0"/>
</pin_list>
<bind>
<opcode="getelementptr(29) " fcode="getelementptr"/>
<opset="x_0_V_addr/2 "/>
</bind>
</comp>

<comp id="93" class="1004" name="grp_access_fu_93">
<pin_list>
<pin id="94" dir="0" index="0" bw="3" slack="0"/>
<pin id="95" dir="0" index="1" bw="16" slack="0"/>
<pin id="96" dir="0" index="2" bw="0" slack="2147483647"/>
<pin id="97" dir="1" index="3" bw="16" slack="0"/>
</pin_list>
<bind>
<opcode="load(27) store(28) " fcode="store"/>
<opset="x_0_V_load/2 StgValue_58/6 "/>
</bind>
</comp>

<comp id="99" class="1004" name="tanh_lut_V163_addr_gep_fu_99">
<pin_list>
<pin id="100" dir="0" index="0" bw="16" slack="0"/>
<pin id="101" dir="0" index="1" bw="1" slack="0"/>
<pin id="102" dir="0" index="2" bw="8" slack="0"/>
<pin id="103" dir="1" index="3" bw="8" slack="0"/>
</pin_list>
<bind>
<opcode="getelementptr(29) " fcode="getelementptr"/>
<opset="tanh_lut_V163_addr/4 "/>
</bind>
</comp>

<comp id="106" class="1004" name="grp_access_fu_106">
<pin_list>
<pin id="107" dir="0" index="0" bw="8" slack="0"/>
<pin id="108" dir="0" index="1" bw="16" slack="2147483647"/>
<pin id="109" dir="0" index="2" bw="0" slack="2147483647"/>
<pin id="110" dir="1" index="3" bw="16" slack="0"/>
</pin_list>
<bind>
<opcode="load(27) " fcode="load"/>
<opset="tanh_lut_V163_load/4 tanh_lut_V163_load_1/7 tanh_lut_V163_load_2/10 tanh_lut_V163_load_3/11 tanh_lut_V163_load_4/12 tanh_lut_V163_load_5/13 tanh_lut_V163_load_6/14 tanh_lut_V163_load_7/15 "/>
</bind>
</comp>

<comp id="112" class="1004" name="x_1_V_addr_gep_fu_112">
<pin_list>
<pin id="113" dir="0" index="0" bw="16" slack="0"/>
<pin id="114" dir="0" index="1" bw="1" slack="0"/>
<pin id="115" dir="0" index="2" bw="29" slack="3"/>
<pin id="116" dir="1" index="3" bw="3" slack="0"/>
</pin_list>
<bind>
<opcode="getelementptr(29) " fcode="getelementptr"/>
<opset="x_1_V_addr/5 "/>
</bind>
</comp>

<comp id="119" class="1004" name="grp_access_fu_119">
<pin_list>
<pin id="120" dir="0" index="0" bw="3" slack="0"/>
<pin id="121" dir="0" index="1" bw="16" slack="0"/>
<pin id="122" dir="0" index="2" bw="0" slack="2147483647"/>
<pin id="123" dir="1" index="3" bw="16" slack="0"/>
</pin_list>
<bind>
<opcode="load(27) store(28) " fcode="store"/>
<opset="x_1_V_load/5 StgValue_87/8 "/>
</bind>
</comp>

<comp id="125" class="1004" name="tanh_lut_V163_addr_1_gep_fu_125">
<pin_list>
<pin id="126" dir="0" index="0" bw="16" slack="0"/>
<pin id="127" dir="0" index="1" bw="1" slack="0"/>
<pin id="128" dir="0" index="2" bw="8" slack="0"/>
<pin id="129" dir="1" index="3" bw="8" slack="0"/>
</pin_list>
<bind>
<opcode="getelementptr(29) " fcode="getelementptr"/>
<opset="tanh_lut_V163_addr_1/7 "/>
</bind>
</comp>

<comp id="133" class="1004" name="x_2_V_addr_gep_fu_133">
<pin_list>
<pin id="134" dir="0" index="0" bw="16" slack="0"/>
<pin id="135" dir="0" index="1" bw="1" slack="0"/>
<pin id="136" dir="0" index="2" bw="29" slack="6"/>
<pin id="137" dir="1" index="3" bw="3" slack="0"/>
</pin_list>
<bind>
<opcode="getelementptr(29) " fcode="getelementptr"/>
<opset="x_2_V_addr/8 "/>
</bind>
</comp>

<comp id="140" class="1004" name="grp_access_fu_140">
<pin_list>
<pin id="141" dir="0" index="0" bw="3" slack="0"/>
<pin id="142" dir="0" index="1" bw="16" slack="0"/>
<pin id="143" dir="0" index="2" bw="0" slack="2147483647"/>
<pin id="144" dir="1" index="3" bw="16" slack="0"/>
</pin_list>
<bind>
<opcode="load(27) store(28) " fcode="store"/>
<opset="x_2_V_load/8 StgValue_148/11 "/>
</bind>
</comp>

<comp id="146" class="1004" name="x_3_V_addr_gep_fu_146">
<pin_list>
<pin id="147" dir="0" index="0" bw="16" slack="0"/>
<pin id="148" dir="0" index="1" bw="1" slack="0"/>
<pin id="149" dir="0" index="2" bw="29" slack="6"/>
<pin id="150" dir="1" index="3" bw="3" slack="1"/>
</pin_list>
<bind>
<opcode="getelementptr(29) " fcode="getelementptr"/>
<opset="x_3_V_addr/8 "/>
</bind>
</comp>

<comp id="153" class="1004" name="x_4_V_addr_gep_fu_153">
<pin_list>
<pin id="154" dir="0" index="0" bw="16" slack="0"/>
<pin id="155" dir="0" index="1" bw="1" slack="0"/>
<pin id="156" dir="0" index="2" bw="29" slack="6"/>
<pin id="157" dir="1" index="3" bw="3" slack="2"/>
</pin_list>
<bind>
<opcode="getelementptr(29) " fcode="getelementptr"/>
<opset="x_4_V_addr/8 "/>
</bind>
</comp>

<comp id="160" class="1004" name="x_5_V_addr_gep_fu_160">
<pin_list>
<pin id="161" dir="0" index="0" bw="16" slack="0"/>
<pin id="162" dir="0" index="1" bw="1" slack="0"/>
<pin id="163" dir="0" index="2" bw="29" slack="6"/>
<pin id="164" dir="1" index="3" bw="3" slack="3"/>
</pin_list>
<bind>
<opcode="getelementptr(29) " fcode="getelementptr"/>
<opset="x_5_V_addr/8 "/>
</bind>
</comp>

<comp id="167" class="1004" name="x_6_V_addr_gep_fu_167">
<pin_list>
<pin id="168" dir="0" index="0" bw="16" slack="0"/>
<pin id="169" dir="0" index="1" bw="1" slack="0"/>
<pin id="170" dir="0" index="2" bw="29" slack="6"/>
<pin id="171" dir="1" index="3" bw="3" slack="4"/>
</pin_list>
<bind>
<opcode="getelementptr(29) " fcode="getelementptr"/>
<opset="x_6_V_addr/8 "/>
</bind>
</comp>

<comp id="174" class="1004" name="x_7_V_addr_gep_fu_174">
<pin_list>
<pin id="175" dir="0" index="0" bw="16" slack="0"/>
<pin id="176" dir="0" index="1" bw="1" slack="0"/>
<pin id="177" dir="0" index="2" bw="29" slack="6"/>
<pin id="178" dir="1" index="3" bw="3" slack="5"/>
</pin_list>
<bind>
<opcode="getelementptr(29) " fcode="getelementptr"/>
<opset="x_7_V_addr/8 "/>
</bind>
</comp>

<comp id="181" class="1004" name="grp_access_fu_181">
<pin_list>
<pin id="182" dir="0" index="0" bw="3" slack="1"/>
<pin id="183" dir="0" index="1" bw="16" slack="0"/>
<pin id="184" dir="0" index="2" bw="0" slack="2147483647"/>
<pin id="185" dir="1" index="3" bw="16" slack="0"/>
</pin_list>
<bind>
<opcode="load(27) store(28) " fcode="store"/>
<opset="x_3_V_load/9 StgValue_179/12 "/>
</bind>
</comp>

<comp id="186" class="1004" name="tanh_lut_V163_addr_2_gep_fu_186">
<pin_list>
<pin id="187" dir="0" index="0" bw="16" slack="0"/>
<pin id="188" dir="0" index="1" bw="1" slack="0"/>
<pin id="189" dir="0" index="2" bw="8" slack="0"/>
<pin id="190" dir="1" index="3" bw="8" slack="0"/>
</pin_list>
<bind>
<opcode="getelementptr(29) " fcode="getelementptr"/>
<opset="tanh_lut_V163_addr_2/10 "/>
</bind>
</comp>

<comp id="194" class="1004" name="grp_access_fu_194">
<pin_list>
<pin id="195" dir="0" index="0" bw="3" slack="2"/>
<pin id="196" dir="0" index="1" bw="16" slack="0"/>
<pin id="197" dir="0" index="2" bw="0" slack="2147483647"/>
<pin id="198" dir="1" index="3" bw="16" slack="0"/>
</pin_list>
<bind>
<opcode="load(27) store(28) " fcode="store"/>
<opset="x_4_V_load/10 StgValue_210/13 "/>
</bind>
</comp>

<comp id="199" class="1004" name="tanh_lut_V163_addr_3_gep_fu_199">
<pin_list>
<pin id="200" dir="0" index="0" bw="16" slack="0"/>
<pin id="201" dir="0" index="1" bw="1" slack="0"/>
<pin id="202" dir="0" index="2" bw="8" slack="0"/>
<pin id="203" dir="1" index="3" bw="8" slack="0"/>
</pin_list>
<bind>
<opcode="getelementptr(29) " fcode="getelementptr"/>
<opset="tanh_lut_V163_addr_3/11 "/>
</bind>
</comp>

<comp id="207" class="1004" name="grp_access_fu_207">
<pin_list>
<pin id="208" dir="0" index="0" bw="3" slack="3"/>
<pin id="209" dir="0" index="1" bw="16" slack="0"/>
<pin id="210" dir="0" index="2" bw="0" slack="2147483647"/>
<pin id="211" dir="1" index="3" bw="16" slack="0"/>
</pin_list>
<bind>
<opcode="load(27) store(28) " fcode="store"/>
<opset="x_5_V_load/11 StgValue_241/14 "/>
</bind>
</comp>

<comp id="212" class="1004" name="tanh_lut_V163_addr_4_gep_fu_212">
<pin_list>
<pin id="213" dir="0" index="0" bw="16" slack="0"/>
<pin id="214" dir="0" index="1" bw="1" slack="0"/>
<pin id="215" dir="0" index="2" bw="8" slack="0"/>
<pin id="216" dir="1" index="3" bw="8" slack="0"/>
</pin_list>
<bind>
<opcode="getelementptr(29) " fcode="getelementptr"/>
<opset="tanh_lut_V163_addr_4/12 "/>
</bind>
</comp>

<comp id="220" class="1004" name="grp_access_fu_220">
<pin_list>
<pin id="221" dir="0" index="0" bw="3" slack="4"/>
<pin id="222" dir="0" index="1" bw="16" slack="0"/>
<pin id="223" dir="0" index="2" bw="0" slack="2147483647"/>
<pin id="224" dir="1" index="3" bw="16" slack="0"/>
</pin_list>
<bind>
<opcode="load(27) store(28) " fcode="store"/>
<opset="x_6_V_load/12 StgValue_271/15 "/>
</bind>
</comp>

<comp id="225" class="1004" name="tanh_lut_V163_addr_5_gep_fu_225">
<pin_list>
<pin id="226" dir="0" index="0" bw="16" slack="0"/>
<pin id="227" dir="0" index="1" bw="1" slack="0"/>
<pin id="228" dir="0" index="2" bw="8" slack="0"/>
<pin id="229" dir="1" index="3" bw="8" slack="0"/>
</pin_list>
<bind>
<opcode="getelementptr(29) " fcode="getelementptr"/>
<opset="tanh_lut_V163_addr_5/13 "/>
</bind>
</comp>

<comp id="233" class="1004" name="grp_access_fu_233">
<pin_list>
<pin id="234" dir="0" index="0" bw="3" slack="5"/>
<pin id="235" dir="0" index="1" bw="16" slack="0"/>
<pin id="236" dir="0" index="2" bw="0" slack="2147483647"/>
<pin id="237" dir="1" index="3" bw="16" slack="0"/>
</pin_list>
<bind>
<opcode="load(27) store(28) " fcode="store"/>
<opset="x_7_V_load/13 StgValue_284/16 "/>
</bind>
</comp>

<comp id="238" class="1004" name="tanh_lut_V163_addr_6_gep_fu_238">
<pin_list>
<pin id="239" dir="0" index="0" bw="16" slack="0"/>
<pin id="240" dir="0" index="1" bw="1" slack="0"/>
<pin id="241" dir="0" index="2" bw="8" slack="0"/>
<pin id="242" dir="1" index="3" bw="8" slack="0"/>
</pin_list>
<bind>
<opcode="getelementptr(29) " fcode="getelementptr"/>
<opset="tanh_lut_V163_addr_6/14 "/>
</bind>
</comp>

<comp id="246" class="1004" name="tanh_lut_V163_addr_7_gep_fu_246">
<pin_list>
<pin id="247" dir="0" index="0" bw="16" slack="0"/>
<pin id="248" dir="0" index="1" bw="1" slack="0"/>
<pin id="249" dir="0" index="2" bw="8" slack="0"/>
<pin id="250" dir="1" index="3" bw="8" slack="0"/>
</pin_list>
<bind>
<opcode="getelementptr(29) " fcode="getelementptr"/>
<opset="tanh_lut_V163_addr_7/15 "/>
</bind>
</comp>

<comp id="254" class="1005" name="i_reg_254">
<pin_list>
<pin id="255" dir="0" index="0" bw="32" slack="1"/>
<pin id="256" dir="1" index="1" bw="32" slack="1"/>
</pin_list>
<bind>
<opset="i (phireg) "/>
</bind>
</comp>

<comp id="258" class="1004" name="i_phi_fu_258">
<pin_list>
<pin id="259" dir="0" index="0" bw="1" slack="1"/>
<pin id="260" dir="0" index="1" bw="0" slack="2147483647"/>
<pin id="261" dir="0" index="2" bw="32" slack="1"/>
<pin id="262" dir="0" index="3" bw="0" slack="2147483647"/>
<pin id="263" dir="1" index="4" bw="32" slack="0"/>
</pin_list>
<bind>
<opcode="phi(47) " fcode="phi"/>
<opset="i/2 "/>
</bind>
</comp>

<comp id="266" class="1005" name="storemerge1_reg_266">
<pin_list>
<pin id="267" dir="0" index="0" bw="13" slack="3"/>
<pin id="268" dir="1" index="1" bw="13" slack="3"/>
</pin_list>
<bind>
<opset="storemerge1 (phireg) "/>
</bind>
</comp>

<comp id="271" class="1004" name="storemerge1_phi_fu_271">
<pin_list>
<pin id="272" dir="0" index="0" bw="13" slack="3"/>
<pin id="273" dir="0" index="1" bw="0" slack="2147483647"/>
<pin id="274" dir="0" index="2" bw="12" slack="1"/>
<pin id="275" dir="0" index="3" bw="0" slack="2147483647"/>
<pin id="276" dir="0" index="4" bw="12" slack="3"/>
<pin id="277" dir="0" index="5" bw="0" slack="2147483647"/>
<pin id="278" dir="1" index="6" bw="13" slack="0"/>
</pin_list>
<bind>
<opcode="phi(47) " fcode="phi"/>
<opset="storemerge1/6 "/>
</bind>
</comp>

<comp id="281" class="1005" name="storemerge1_1_reg_281">
<pin_list>
<pin id="282" dir="0" index="0" bw="13" slack="2"/>
<pin id="283" dir="1" index="1" bw="13" slack="2"/>
</pin_list>
<bind>
<opset="storemerge1_1 (phireg) "/>
</bind>
</comp>

<comp id="286" class="1004" name="storemerge1_1_phi_fu_286">
<pin_list>
<pin id="287" dir="0" index="0" bw="13" slack="2"/>
<pin id="288" dir="0" index="1" bw="0" slack="2147483647"/>
<pin id="289" dir="0" index="2" bw="12" slack="0"/>
<pin id="290" dir="0" index="3" bw="0" slack="2147483647"/>
<pin id="291" dir="0" index="4" bw="12" slack="2"/>
<pin id="292" dir="0" index="5" bw="0" slack="2147483647"/>
<pin id="293" dir="1" index="6" bw="13" slack="0"/>
</pin_list>
<bind>
<opcode="phi(47) " fcode="phi"/>
<opset="storemerge1_1/8 "/>
</bind>
</comp>

<comp id="296" class="1004" name="grp_fu_296">
<pin_list>
<pin id="297" dir="0" index="0" bw="12" slack="0"/>
<pin id="298" dir="0" index="1" bw="16" slack="0"/>
<pin id="299" dir="0" index="2" bw="4" slack="0"/>
<pin id="300" dir="0" index="3" bw="5" slack="0"/>
<pin id="301" dir="1" index="4" bw="12" slack="0"/>
</pin_list>
<bind>
<opcode="partselect(1002) " fcode="partselect"/>
<opset="tmp_6/5 tmp_10/8 "/>
</bind>
</comp>

<comp id="306" class="1004" name="newIndex_fu_306">
<pin_list>
<pin id="307" dir="0" index="0" bw="29" slack="0"/>
<pin id="308" dir="0" index="1" bw="32" slack="0"/>
<pin id="309" dir="0" index="2" bw="3" slack="0"/>
<pin id="310" dir="0" index="3" bw="6" slack="0"/>
<pin id="311" dir="1" index="4" bw="29" slack="0"/>
</pin_list>
<bind>
<opcode="partselect(1002) " fcode="partselect"/>
<opset="newIndex/2 "/>
</bind>
</comp>

<comp id="316" class="1004" name="newIndex1_fu_316">
<pin_list>
<pin id="317" dir="0" index="0" bw="29" slack="0"/>
<pin id="318" dir="1" index="1" bw="64" slack="0"/>
</pin_list>
<bind>
<opcode="zext(34) " fcode="zext"/>
<opset="newIndex1/2 "/>
</bind>
</comp>

<comp id="321" class="1004" name="tmp_3_fu_321">
<pin_list>
<pin id="322" dir="0" index="0" bw="16" slack="0"/>
<pin id="323" dir="0" index="1" bw="16" slack="0"/>
<pin id="324" dir="1" index="2" bw="1" slack="2"/>
</pin_list>
<bind>
<opcode="icmp(45) " fcode="icmp"/>
<opset="tmp_3/3 "/>
</bind>
</comp>

<comp id="327" class="1004" name="tmp_4_fu_327">
<pin_list>
<pin id="328" dir="0" index="0" bw="16" slack="0"/>
<pin id="329" dir="0" index="1" bw="16" slack="0"/>
<pin id="330" dir="1" index="2" bw="1" slack="2"/>
</pin_list>
<bind>
<opcode="icmp(45) " fcode="icmp"/>
<opset="tmp_4/3 "/>
</bind>
</comp>

<comp id="333" class="1004" name="tmp_2_fu_333">
<pin_list>
<pin id="334" dir="0" index="0" bw="12" slack="0"/>
<pin id="335" dir="0" index="1" bw="16" slack="0"/>
<pin id="336" dir="0" index="2" bw="4" slack="0"/>
<pin id="337" dir="0" index="3" bw="5" slack="0"/>
<pin id="338" dir="1" index="4" bw="12" slack="0"/>
</pin_list>
<bind>
<opcode="partselect(1002) " fcode="partselect"/>
<opset="tmp_2/3 "/>
</bind>
</comp>

<comp id="343" class="1004" name="lhs_V_cast_fu_343">
<pin_list>
<pin id="344" dir="0" index="0" bw="12" slack="0"/>
<pin id="345" dir="1" index="1" bw="13" slack="0"/>
</pin_list>
<bind>
<opcode="sext(35) " fcode="sext"/>
<opset="lhs_V_cast/3 "/>
</bind>
</comp>

<comp id="347" class="1004" name="ret_V_fu_347">
<pin_list>
<pin id="348" dir="0" index="0" bw="11" slack="0"/>
<pin id="349" dir="0" index="1" bw="12" slack="0"/>
<pin id="350" dir="1" index="2" bw="13" slack="0"/>
</pin_list>
<bind>
<opcode="add(8) " fcode="add"/>
<opset="ret_V/3 "/>
</bind>
</comp>

<comp id="353" class="1004" name="p_shl_fu_353">
<pin_list>
<pin id="354" dir="0" index="0" bw="25" slack="0"/>
<pin id="355" dir="0" index="1" bw="13" slack="0"/>
<pin id="356" dir="0" index="2" bw="1" slack="0"/>
<pin id="357" dir="1" index="3" bw="25" slack="0"/>
</pin_list>
<bind>
<opcode="bitconcatenate(1004) " fcode="bitconcatenate"/>
<opset="p_shl/3 "/>
</bind>
</comp>

<comp id="361" class="1004" name="p_shl2_fu_361">
<pin_list>
<pin id="362" dir="0" index="0" bw="17" slack="0"/>
<pin id="363" dir="0" index="1" bw="13" slack="0"/>
<pin id="364" dir="0" index="2" bw="1" slack="0"/>
<pin id="365" dir="1" index="3" bw="17" slack="0"/>
</pin_list>
<bind>
<opcode="bitconcatenate(1004) " fcode="bitconcatenate"/>
<opset="p_shl2/3 "/>
</bind>
</comp>

<comp id="369" class="1004" name="p_shl2_cast_fu_369">
<pin_list>
<pin id="370" dir="0" index="0" bw="17" slack="0"/>
<pin id="371" dir="1" index="1" bw="25" slack="0"/>
</pin_list>
<bind>
<opcode="sext(35) " fcode="sext"/>
<opset="p_shl2_cast/3 "/>
</bind>
</comp>

<comp id="373" class="1004" name="r_V_2_fu_373">
<pin_list>
<pin id="374" dir="0" index="0" bw="25" slack="0"/>
<pin id="375" dir="0" index="1" bw="17" slack="0"/>
<pin id="376" dir="1" index="2" bw="25" slack="0"/>
</pin_list>
<bind>
<opcode="sub(10) " fcode="sub"/>
<opset="r_V_2/3 "/>
</bind>
</comp>

<comp id="379" class="1004" name="tmp_fu_379">
<pin_list>
<pin id="380" dir="0" index="0" bw="1" slack="0"/>
<pin id="381" dir="0" index="1" bw="25" slack="0"/>
<pin id="382" dir="0" index="2" bw="6" slack="0"/>
<pin id="383" dir="1" index="3" bw="1" slack="0"/>
</pin_list>
<bind>
<opcode="bitselect(1000) " fcode="bitselect"/>
<opset="tmp/3 "/>
</bind>
</comp>

<comp id="387" class="1004" name="tmp_58_fu_387">
<pin_list>
<pin id="388" dir="0" index="0" bw="25" slack="0"/>
<pin id="389" dir="1" index="1" bw="14" slack="0"/>
</pin_list>
<bind>
<opcode="trunc(33) " fcode="trunc"/>
<opset="tmp_58/3 "/>
</bind>
</comp>

<comp id="391" class="1004" name="tmp_s_fu_391">
<pin_list>
<pin id="392" dir="0" index="0" bw="14" slack="0"/>
<pin id="393" dir="0" index="1" bw="14" slack="0"/>
<pin id="394" dir="1" index="2" bw="1" slack="0"/>
</pin_list>
<bind>
<opcode="icmp(45) " fcode="icmp"/>
<opset="tmp_s/3 "/>
</bind>
</comp>

<comp id="397" class="1004" name="tmp_5_fu_397">
<pin_list>
<pin id="398" dir="0" index="0" bw="8" slack="0"/>
<pin id="399" dir="0" index="1" bw="25" slack="0"/>
<pin id="400" dir="0" index="2" bw="5" slack="0"/>
<pin id="401" dir="0" index="3" bw="6" slack="0"/>
<pin id="402" dir="1" index="4" bw="8" slack="0"/>
</pin_list>
<bind>
<opcode="partselect(1002) " fcode="partselect"/>
<opset="tmp_5/3 "/>
</bind>
</comp>

<comp id="407" class="1004" name="tmp_7_fu_407">
<pin_list>
<pin id="408" dir="0" index="0" bw="1" slack="0"/>
<pin id="409" dir="0" index="1" bw="8" slack="0"/>
<pin id="410" dir="1" index="2" bw="8" slack="0"/>
</pin_list>
<bind>
<opcode="add(8) " fcode="add"/>
<opset="tmp_7/3 "/>
</bind>
</comp>

<comp id="413" class="1004" name="tmp_8_fu_413">
<pin_list>
<pin id="414" dir="0" index="0" bw="1" slack="0"/>
<pin id="415" dir="0" index="1" bw="8" slack="0"/>
<pin id="416" dir="0" index="2" bw="8" slack="0"/>
<pin id="417" dir="1" index="3" bw="8" slack="0"/>
</pin_list>
<bind>
<opcode="select(49) " fcode="select"/>
<opset="tmp_8/3 "/>
</bind>
</comp>

<comp id="421" class="1004" name="tmp_11_fu_421">
<pin_list>
<pin id="422" dir="0" index="0" bw="1" slack="0"/>
<pin id="423" dir="0" index="1" bw="8" slack="0"/>
<pin id="424" dir="0" index="2" bw="8" slack="0"/>
<pin id="425" dir="1" index="3" bw="8" slack="1"/>
</pin_list>
<bind>
<opcode="select(49) " fcode="select"/>
<opset="tmp_11/3 "/>
</bind>
</comp>

<comp id="429" class="1004" name="tmp_1_fu_429">
<pin_list>
<pin id="430" dir="0" index="0" bw="8" slack="1"/>
<pin id="431" dir="1" index="1" bw="64" slack="0"/>
</pin_list>
<bind>
<opcode="zext(34) " fcode="zext"/>
<opset="tmp_1/4 "/>
</bind>
</comp>

<comp id="433" class="1004" name="tmp_8_cast_fu_433">
<pin_list>
<pin id="434" dir="0" index="0" bw="12" slack="0"/>
<pin id="435" dir="1" index="1" bw="13" slack="1"/>
</pin_list>
<bind>
<opcode="sext(35) " fcode="sext"/>
<opset="tmp_8_cast/5 "/>
</bind>
</comp>

<comp id="437" class="1004" name="storemerge1_cast_fu_437">
<pin_list>
<pin id="438" dir="0" index="0" bw="13" slack="0"/>
<pin id="439" dir="1" index="1" bw="16" slack="0"/>
</pin_list>
<bind>
<opcode="sext(35) " fcode="sext"/>
<opset="storemerge1_cast/6 "/>
</bind>
</comp>

<comp id="442" class="1004" name="tmp_3_1_fu_442">
<pin_list>
<pin id="443" dir="0" index="0" bw="16" slack="0"/>
<pin id="444" dir="0" index="1" bw="16" slack="0"/>
<pin id="445" dir="1" index="2" bw="1" slack="2"/>
</pin_list>
<bind>
<opcode="icmp(45) " fcode="icmp"/>
<opset="tmp_3_1/6 "/>
</bind>
</comp>

<comp id="448" class="1004" name="tmp_4_1_fu_448">
<pin_list>
<pin id="449" dir="0" index="0" bw="16" slack="0"/>
<pin id="450" dir="0" index="1" bw="16" slack="0"/>
<pin id="451" dir="1" index="2" bw="1" slack="2"/>
</pin_list>
<bind>
<opcode="icmp(45) " fcode="icmp"/>
<opset="tmp_4_1/6 "/>
</bind>
</comp>

<comp id="454" class="1004" name="tmp_9_fu_454">
<pin_list>
<pin id="455" dir="0" index="0" bw="12" slack="0"/>
<pin id="456" dir="0" index="1" bw="16" slack="0"/>
<pin id="457" dir="0" index="2" bw="4" slack="0"/>
<pin id="458" dir="0" index="3" bw="5" slack="0"/>
<pin id="459" dir="1" index="4" bw="12" slack="0"/>
</pin_list>
<bind>
<opcode="partselect(1002) " fcode="partselect"/>
<opset="tmp_9/6 "/>
</bind>
</comp>

<comp id="464" class="1004" name="lhs_V_1_cast_fu_464">
<pin_list>
<pin id="465" dir="0" index="0" bw="12" slack="0"/>
<pin id="466" dir="1" index="1" bw="13" slack="0"/>
</pin_list>
<bind>
<opcode="sext(35) " fcode="sext"/>
<opset="lhs_V_1_cast/6 "/>
</bind>
</comp>

<comp id="468" class="1004" name="ret_V_1_fu_468">
<pin_list>
<pin id="469" dir="0" index="0" bw="11" slack="0"/>
<pin id="470" dir="0" index="1" bw="12" slack="0"/>
<pin id="471" dir="1" index="2" bw="13" slack="0"/>
</pin_list>
<bind>
<opcode="add(8) " fcode="add"/>
<opset="ret_V_1/6 "/>
</bind>
</comp>

<comp id="474" class="1004" name="p_shl_1_fu_474">
<pin_list>
<pin id="475" dir="0" index="0" bw="25" slack="0"/>
<pin id="476" dir="0" index="1" bw="13" slack="0"/>
<pin id="477" dir="0" index="2" bw="1" slack="0"/>
<pin id="478" dir="1" index="3" bw="25" slack="0"/>
</pin_list>
<bind>
<opcode="bitconcatenate(1004) " fcode="bitconcatenate"/>
<opset="p_shl_1/6 "/>
</bind>
</comp>

<comp id="482" class="1004" name="p_shl2_1_fu_482">
<pin_list>
<pin id="483" dir="0" index="0" bw="17" slack="0"/>
<pin id="484" dir="0" index="1" bw="13" slack="0"/>
<pin id="485" dir="0" index="2" bw="1" slack="0"/>
<pin id="486" dir="1" index="3" bw="17" slack="0"/>
</pin_list>
<bind>
<opcode="bitconcatenate(1004) " fcode="bitconcatenate"/>
<opset="p_shl2_1/6 "/>
</bind>
</comp>

<comp id="490" class="1004" name="p_shl2_1_cast_fu_490">
<pin_list>
<pin id="491" dir="0" index="0" bw="17" slack="0"/>
<pin id="492" dir="1" index="1" bw="25" slack="0"/>
</pin_list>
<bind>
<opcode="sext(35) " fcode="sext"/>
<opset="p_shl2_1_cast/6 "/>
</bind>
</comp>

<comp id="494" class="1004" name="r_V_2_1_fu_494">
<pin_list>
<pin id="495" dir="0" index="0" bw="25" slack="0"/>
<pin id="496" dir="0" index="1" bw="17" slack="0"/>
<pin id="497" dir="1" index="2" bw="25" slack="0"/>
</pin_list>
<bind>
<opcode="sub(10) " fcode="sub"/>
<opset="r_V_2_1/6 "/>
</bind>
</comp>

<comp id="500" class="1004" name="tmp_59_fu_500">
<pin_list>
<pin id="501" dir="0" index="0" bw="1" slack="0"/>
<pin id="502" dir="0" index="1" bw="25" slack="0"/>
<pin id="503" dir="0" index="2" bw="6" slack="0"/>
<pin id="504" dir="1" index="3" bw="1" slack="0"/>
</pin_list>
<bind>
<opcode="bitselect(1000) " fcode="bitselect"/>
<opset="tmp_59/6 "/>
</bind>
</comp>

<comp id="508" class="1004" name="tmp_60_fu_508">
<pin_list>
<pin id="509" dir="0" index="0" bw="25" slack="0"/>
<pin id="510" dir="1" index="1" bw="14" slack="0"/>
</pin_list>
<bind>
<opcode="trunc(33) " fcode="trunc"/>
<opset="tmp_60/6 "/>
</bind>
</comp>

<comp id="512" class="1004" name="tmp_1_33_fu_512">
<pin_list>
<pin id="513" dir="0" index="0" bw="14" slack="0"/>
<pin id="514" dir="0" index="1" bw="14" slack="0"/>
<pin id="515" dir="1" index="2" bw="1" slack="0"/>
</pin_list>
<bind>
<opcode="icmp(45) " fcode="icmp"/>
<opset="tmp_1_33/6 "/>
</bind>
</comp>

<comp id="518" class="1004" name="tmp_13_fu_518">
<pin_list>
<pin id="519" dir="0" index="0" bw="8" slack="0"/>
<pin id="520" dir="0" index="1" bw="25" slack="0"/>
<pin id="521" dir="0" index="2" bw="5" slack="0"/>
<pin id="522" dir="0" index="3" bw="6" slack="0"/>
<pin id="523" dir="1" index="4" bw="8" slack="0"/>
</pin_list>
<bind>
<opcode="partselect(1002) " fcode="partselect"/>
<opset="tmp_13/6 "/>
</bind>
</comp>

<comp id="528" class="1004" name="tmp_15_fu_528">
<pin_list>
<pin id="529" dir="0" index="0" bw="1" slack="0"/>
<pin id="530" dir="0" index="1" bw="8" slack="0"/>
<pin id="531" dir="1" index="2" bw="8" slack="0"/>
</pin_list>
<bind>
<opcode="add(8) " fcode="add"/>
<opset="tmp_15/6 "/>
</bind>
</comp>

<comp id="534" class="1004" name="tmp_17_fu_534">
<pin_list>
<pin id="535" dir="0" index="0" bw="1" slack="0"/>
<pin id="536" dir="0" index="1" bw="8" slack="0"/>
<pin id="537" dir="0" index="2" bw="8" slack="0"/>
<pin id="538" dir="1" index="3" bw="8" slack="0"/>
</pin_list>
<bind>
<opcode="select(49) " fcode="select"/>
<opset="tmp_17/6 "/>
</bind>
</comp>

<comp id="542" class="1004" name="tmp_19_fu_542">
<pin_list>
<pin id="543" dir="0" index="0" bw="1" slack="0"/>
<pin id="544" dir="0" index="1" bw="8" slack="0"/>
<pin id="545" dir="0" index="2" bw="8" slack="0"/>
<pin id="546" dir="1" index="3" bw="8" slack="1"/>
</pin_list>
<bind>
<opcode="select(49) " fcode="select"/>
<opset="tmp_19/6 "/>
</bind>
</comp>

<comp id="550" class="1004" name="tmp_1_1_fu_550">
<pin_list>
<pin id="551" dir="0" index="0" bw="8" slack="1"/>
<pin id="552" dir="1" index="1" bw="64" slack="0"/>
</pin_list>
<bind>
<opcode="zext(34) " fcode="zext"/>
<opset="tmp_1_1/7 "/>
</bind>
</comp>

<comp id="554" class="1004" name="tmp_8_1_cast_fu_554">
<pin_list>
<pin id="555" dir="0" index="0" bw="12" slack="0"/>
<pin id="556" dir="1" index="1" bw="13" slack="0"/>
</pin_list>
<bind>
<opcode="sext(35) " fcode="sext"/>
<opset="tmp_8_1_cast/8 "/>
</bind>
</comp>

<comp id="559" class="1004" name="storemerge1_1_cast_fu_559">
<pin_list>
<pin id="560" dir="0" index="0" bw="13" slack="0"/>
<pin id="561" dir="1" index="1" bw="16" slack="0"/>
</pin_list>
<bind>
<opcode="sext(35) " fcode="sext"/>
<opset="storemerge1_1_cast/8 "/>
</bind>
</comp>

<comp id="564" class="1004" name="i_2_s_fu_564">
<pin_list>
<pin id="565" dir="0" index="0" bw="32" slack="6"/>
<pin id="566" dir="0" index="1" bw="32" slack="0"/>
<pin id="567" dir="1" index="2" bw="32" slack="0"/>
</pin_list>
<bind>
<opcode="or(24) " fcode="or"/>
<opset="i_2_s/8 "/>
</bind>
</comp>

<comp id="570" class="1004" name="exitcond_2_fu_570">
<pin_list>
<pin id="571" dir="0" index="0" bw="32" slack="0"/>
<pin id="572" dir="0" index="1" bw="32" slack="0"/>
<pin id="573" dir="1" index="2" bw="1" slack="2147483647"/>
</pin_list>
<bind>
<opcode="icmp(45) " fcode="icmp"/>
<opset="exitcond_2/8 "/>
</bind>
</comp>

<comp id="576" class="1004" name="i_2_7_fu_576">
<pin_list>
<pin id="577" dir="0" index="0" bw="5" slack="0"/>
<pin id="578" dir="0" index="1" bw="32" slack="6"/>
<pin id="579" dir="1" index="2" bw="32" slack="1"/>
</pin_list>
<bind>
<opcode="add(8) " fcode="add"/>
<opset="i_2_7/8 "/>
</bind>
</comp>

<comp id="582" class="1004" name="tmp_3_2_fu_582">
<pin_list>
<pin id="583" dir="0" index="0" bw="16" slack="0"/>
<pin id="584" dir="0" index="1" bw="16" slack="0"/>
<pin id="585" dir="1" index="2" bw="1" slack="2"/>
</pin_list>
<bind>
<opcode="icmp(45) " fcode="icmp"/>
<opset="tmp_3_2/9 "/>
</bind>
</comp>

<comp id="588" class="1004" name="tmp_4_2_fu_588">
<pin_list>
<pin id="589" dir="0" index="0" bw="16" slack="0"/>
<pin id="590" dir="0" index="1" bw="16" slack="0"/>
<pin id="591" dir="1" index="2" bw="1" slack="2"/>
</pin_list>
<bind>
<opcode="icmp(45) " fcode="icmp"/>
<opset="tmp_4_2/9 "/>
</bind>
</comp>

<comp id="594" class="1004" name="tmp_12_fu_594">
<pin_list>
<pin id="595" dir="0" index="0" bw="12" slack="0"/>
<pin id="596" dir="0" index="1" bw="16" slack="0"/>
<pin id="597" dir="0" index="2" bw="4" slack="0"/>
<pin id="598" dir="0" index="3" bw="5" slack="0"/>
<pin id="599" dir="1" index="4" bw="12" slack="0"/>
</pin_list>
<bind>
<opcode="partselect(1002) " fcode="partselect"/>
<opset="tmp_12/9 "/>
</bind>
</comp>

<comp id="604" class="1004" name="lhs_V_2_cast_fu_604">
<pin_list>
<pin id="605" dir="0" index="0" bw="12" slack="0"/>
<pin id="606" dir="1" index="1" bw="13" slack="0"/>
</pin_list>
<bind>
<opcode="sext(35) " fcode="sext"/>
<opset="lhs_V_2_cast/9 "/>
</bind>
</comp>

<comp id="608" class="1004" name="ret_V_s_fu_608">
<pin_list>
<pin id="609" dir="0" index="0" bw="11" slack="0"/>
<pin id="610" dir="0" index="1" bw="12" slack="0"/>
<pin id="611" dir="1" index="2" bw="13" slack="0"/>
</pin_list>
<bind>
<opcode="add(8) " fcode="add"/>
<opset="ret_V_s/9 "/>
</bind>
</comp>

<comp id="614" class="1004" name="p_shl_2_fu_614">
<pin_list>
<pin id="615" dir="0" index="0" bw="25" slack="0"/>
<pin id="616" dir="0" index="1" bw="13" slack="0"/>
<pin id="617" dir="0" index="2" bw="1" slack="0"/>
<pin id="618" dir="1" index="3" bw="25" slack="0"/>
</pin_list>
<bind>
<opcode="bitconcatenate(1004) " fcode="bitconcatenate"/>
<opset="p_shl_2/9 "/>
</bind>
</comp>

<comp id="622" class="1004" name="p_shl2_2_fu_622">
<pin_list>
<pin id="623" dir="0" index="0" bw="17" slack="0"/>
<pin id="624" dir="0" index="1" bw="13" slack="0"/>
<pin id="625" dir="0" index="2" bw="1" slack="0"/>
<pin id="626" dir="1" index="3" bw="17" slack="0"/>
</pin_list>
<bind>
<opcode="bitconcatenate(1004) " fcode="bitconcatenate"/>
<opset="p_shl2_2/9 "/>
</bind>
</comp>

<comp id="630" class="1004" name="p_shl2_2_cast_fu_630">
<pin_list>
<pin id="631" dir="0" index="0" bw="17" slack="0"/>
<pin id="632" dir="1" index="1" bw="25" slack="0"/>
</pin_list>
<bind>
<opcode="sext(35) " fcode="sext"/>
<opset="p_shl2_2_cast/9 "/>
</bind>
</comp>

<comp id="634" class="1004" name="r_V_2_2_fu_634">
<pin_list>
<pin id="635" dir="0" index="0" bw="25" slack="0"/>
<pin id="636" dir="0" index="1" bw="17" slack="0"/>
<pin id="637" dir="1" index="2" bw="25" slack="0"/>
</pin_list>
<bind>
<opcode="sub(10) " fcode="sub"/>
<opset="r_V_2_2/9 "/>
</bind>
</comp>

<comp id="640" class="1004" name="tmp_61_fu_640">
<pin_list>
<pin id="641" dir="0" index="0" bw="1" slack="0"/>
<pin id="642" dir="0" index="1" bw="25" slack="0"/>
<pin id="643" dir="0" index="2" bw="6" slack="0"/>
<pin id="644" dir="1" index="3" bw="1" slack="0"/>
</pin_list>
<bind>
<opcode="bitselect(1000) " fcode="bitselect"/>
<opset="tmp_61/9 "/>
</bind>
</comp>

<comp id="648" class="1004" name="tmp_62_fu_648">
<pin_list>
<pin id="649" dir="0" index="0" bw="25" slack="0"/>
<pin id="650" dir="1" index="1" bw="14" slack="0"/>
</pin_list>
<bind>
<opcode="trunc(33) " fcode="trunc"/>
<opset="tmp_62/9 "/>
</bind>
</comp>

<comp id="652" class="1004" name="tmp_2_34_fu_652">
<pin_list>
<pin id="653" dir="0" index="0" bw="14" slack="0"/>
<pin id="654" dir="0" index="1" bw="14" slack="0"/>
<pin id="655" dir="1" index="2" bw="1" slack="0"/>
</pin_list>
<bind>
<opcode="icmp(45) " fcode="icmp"/>
<opset="tmp_2_34/9 "/>
</bind>
</comp>

<comp id="658" class="1004" name="tmp_21_fu_658">
<pin_list>
<pin id="659" dir="0" index="0" bw="8" slack="0"/>
<pin id="660" dir="0" index="1" bw="25" slack="0"/>
<pin id="661" dir="0" index="2" bw="5" slack="0"/>
<pin id="662" dir="0" index="3" bw="6" slack="0"/>
<pin id="663" dir="1" index="4" bw="8" slack="0"/>
</pin_list>
<bind>
<opcode="partselect(1002) " fcode="partselect"/>
<opset="tmp_21/9 "/>
</bind>
</comp>

<comp id="668" class="1004" name="tmp_23_fu_668">
<pin_list>
<pin id="669" dir="0" index="0" bw="1" slack="0"/>
<pin id="670" dir="0" index="1" bw="8" slack="0"/>
<pin id="671" dir="1" index="2" bw="8" slack="0"/>
</pin_list>
<bind>
<opcode="add(8) " fcode="add"/>
<opset="tmp_23/9 "/>
</bind>
</comp>

<comp id="674" class="1004" name="tmp_25_fu_674">
<pin_list>
<pin id="675" dir="0" index="0" bw="1" slack="0"/>
<pin id="676" dir="0" index="1" bw="8" slack="0"/>
<pin id="677" dir="0" index="2" bw="8" slack="0"/>
<pin id="678" dir="1" index="3" bw="8" slack="0"/>
</pin_list>
<bind>
<opcode="select(49) " fcode="select"/>
<opset="tmp_25/9 "/>
</bind>
</comp>

<comp id="682" class="1004" name="tmp_27_fu_682">
<pin_list>
<pin id="683" dir="0" index="0" bw="1" slack="0"/>
<pin id="684" dir="0" index="1" bw="8" slack="0"/>
<pin id="685" dir="0" index="2" bw="8" slack="0"/>
<pin id="686" dir="1" index="3" bw="8" slack="1"/>
</pin_list>
<bind>
<opcode="select(49) " fcode="select"/>
<opset="tmp_27/9 "/>
</bind>
</comp>

<comp id="690" class="1004" name="tmp_1_2_fu_690">
<pin_list>
<pin id="691" dir="0" index="0" bw="8" slack="1"/>
<pin id="692" dir="1" index="1" bw="64" slack="0"/>
</pin_list>
<bind>
<opcode="zext(34) " fcode="zext"/>
<opset="tmp_1_2/10 "/>
</bind>
</comp>

<comp id="694" class="1004" name="tmp_3_3_fu_694">
<pin_list>
<pin id="695" dir="0" index="0" bw="16" slack="0"/>
<pin id="696" dir="0" index="1" bw="16" slack="0"/>
<pin id="697" dir="1" index="2" bw="1" slack="2"/>
</pin_list>
<bind>
<opcode="icmp(45) " fcode="icmp"/>
<opset="tmp_3_3/10 "/>
</bind>
</comp>

<comp id="700" class="1004" name="tmp_4_3_fu_700">
<pin_list>
<pin id="701" dir="0" index="0" bw="16" slack="0"/>
<pin id="702" dir="0" index="1" bw="16" slack="0"/>
<pin id="703" dir="1" index="2" bw="1" slack="2"/>
</pin_list>
<bind>
<opcode="icmp(45) " fcode="icmp"/>
<opset="tmp_4_3/10 "/>
</bind>
</comp>

<comp id="706" class="1004" name="tmp_16_fu_706">
<pin_list>
<pin id="707" dir="0" index="0" bw="12" slack="0"/>
<pin id="708" dir="0" index="1" bw="16" slack="0"/>
<pin id="709" dir="0" index="2" bw="4" slack="0"/>
<pin id="710" dir="0" index="3" bw="5" slack="0"/>
<pin id="711" dir="1" index="4" bw="12" slack="0"/>
</pin_list>
<bind>
<opcode="partselect(1002) " fcode="partselect"/>
<opset="tmp_16/10 "/>
</bind>
</comp>

<comp id="716" class="1004" name="lhs_V_3_cast_fu_716">
<pin_list>
<pin id="717" dir="0" index="0" bw="12" slack="0"/>
<pin id="718" dir="1" index="1" bw="13" slack="0"/>
</pin_list>
<bind>
<opcode="sext(35) " fcode="sext"/>
<opset="lhs_V_3_cast/10 "/>
</bind>
</comp>

<comp id="720" class="1004" name="ret_V_3_fu_720">
<pin_list>
<pin id="721" dir="0" index="0" bw="11" slack="0"/>
<pin id="722" dir="0" index="1" bw="12" slack="0"/>
<pin id="723" dir="1" index="2" bw="13" slack="0"/>
</pin_list>
<bind>
<opcode="add(8) " fcode="add"/>
<opset="ret_V_3/10 "/>
</bind>
</comp>

<comp id="726" class="1004" name="p_shl_3_fu_726">
<pin_list>
<pin id="727" dir="0" index="0" bw="25" slack="0"/>
<pin id="728" dir="0" index="1" bw="13" slack="0"/>
<pin id="729" dir="0" index="2" bw="1" slack="0"/>
<pin id="730" dir="1" index="3" bw="25" slack="0"/>
</pin_list>
<bind>
<opcode="bitconcatenate(1004) " fcode="bitconcatenate"/>
<opset="p_shl_3/10 "/>
</bind>
</comp>

<comp id="734" class="1004" name="p_shl2_3_fu_734">
<pin_list>
<pin id="735" dir="0" index="0" bw="17" slack="0"/>
<pin id="736" dir="0" index="1" bw="13" slack="0"/>
<pin id="737" dir="0" index="2" bw="1" slack="0"/>
<pin id="738" dir="1" index="3" bw="17" slack="0"/>
</pin_list>
<bind>
<opcode="bitconcatenate(1004) " fcode="bitconcatenate"/>
<opset="p_shl2_3/10 "/>
</bind>
</comp>

<comp id="742" class="1004" name="p_shl2_3_cast_fu_742">
<pin_list>
<pin id="743" dir="0" index="0" bw="17" slack="0"/>
<pin id="744" dir="1" index="1" bw="25" slack="0"/>
</pin_list>
<bind>
<opcode="sext(35) " fcode="sext"/>
<opset="p_shl2_3_cast/10 "/>
</bind>
</comp>

<comp id="746" class="1004" name="r_V_2_3_fu_746">
<pin_list>
<pin id="747" dir="0" index="0" bw="25" slack="0"/>
<pin id="748" dir="0" index="1" bw="17" slack="0"/>
<pin id="749" dir="1" index="2" bw="25" slack="0"/>
</pin_list>
<bind>
<opcode="sub(10) " fcode="sub"/>
<opset="r_V_2_3/10 "/>
</bind>
</comp>

<comp id="752" class="1004" name="tmp_63_fu_752">
<pin_list>
<pin id="753" dir="0" index="0" bw="1" slack="0"/>
<pin id="754" dir="0" index="1" bw="25" slack="0"/>
<pin id="755" dir="0" index="2" bw="6" slack="0"/>
<pin id="756" dir="1" index="3" bw="1" slack="0"/>
</pin_list>
<bind>
<opcode="bitselect(1000) " fcode="bitselect"/>
<opset="tmp_63/10 "/>
</bind>
</comp>

<comp id="760" class="1004" name="tmp_64_fu_760">
<pin_list>
<pin id="761" dir="0" index="0" bw="25" slack="0"/>
<pin id="762" dir="1" index="1" bw="14" slack="0"/>
</pin_list>
<bind>
<opcode="trunc(33) " fcode="trunc"/>
<opset="tmp_64/10 "/>
</bind>
</comp>

<comp id="764" class="1004" name="tmp_3_35_fu_764">
<pin_list>
<pin id="765" dir="0" index="0" bw="14" slack="0"/>
<pin id="766" dir="0" index="1" bw="14" slack="0"/>
<pin id="767" dir="1" index="2" bw="1" slack="0"/>
</pin_list>
<bind>
<opcode="icmp(45) " fcode="icmp"/>
<opset="tmp_3_35/10 "/>
</bind>
</comp>

<comp id="770" class="1004" name="tmp_31_fu_770">
<pin_list>
<pin id="771" dir="0" index="0" bw="8" slack="0"/>
<pin id="772" dir="0" index="1" bw="25" slack="0"/>
<pin id="773" dir="0" index="2" bw="5" slack="0"/>
<pin id="774" dir="0" index="3" bw="6" slack="0"/>
<pin id="775" dir="1" index="4" bw="8" slack="0"/>
</pin_list>
<bind>
<opcode="partselect(1002) " fcode="partselect"/>
<opset="tmp_31/10 "/>
</bind>
</comp>

<comp id="780" class="1004" name="tmp_33_fu_780">
<pin_list>
<pin id="781" dir="0" index="0" bw="1" slack="0"/>
<pin id="782" dir="0" index="1" bw="8" slack="0"/>
<pin id="783" dir="1" index="2" bw="8" slack="0"/>
</pin_list>
<bind>
<opcode="add(8) " fcode="add"/>
<opset="tmp_33/10 "/>
</bind>
</comp>

<comp id="786" class="1004" name="tmp_35_fu_786">
<pin_list>
<pin id="787" dir="0" index="0" bw="1" slack="0"/>
<pin id="788" dir="0" index="1" bw="8" slack="0"/>
<pin id="789" dir="0" index="2" bw="8" slack="0"/>
<pin id="790" dir="1" index="3" bw="8" slack="0"/>
</pin_list>
<bind>
<opcode="select(49) " fcode="select"/>
<opset="tmp_35/10 "/>
</bind>
</comp>

<comp id="794" class="1004" name="tmp_36_fu_794">
<pin_list>
<pin id="795" dir="0" index="0" bw="1" slack="0"/>
<pin id="796" dir="0" index="1" bw="8" slack="0"/>
<pin id="797" dir="0" index="2" bw="8" slack="0"/>
<pin id="798" dir="1" index="3" bw="8" slack="1"/>
</pin_list>
<bind>
<opcode="select(49) " fcode="select"/>
<opset="tmp_36/10 "/>
</bind>
</comp>

<comp id="802" class="1004" name="tmp_14_fu_802">
<pin_list>
<pin id="803" dir="0" index="0" bw="12" slack="0"/>
<pin id="804" dir="0" index="1" bw="16" slack="0"/>
<pin id="805" dir="0" index="2" bw="4" slack="0"/>
<pin id="806" dir="0" index="3" bw="5" slack="0"/>
<pin id="807" dir="1" index="4" bw="12" slack="0"/>
</pin_list>
<bind>
<opcode="partselect(1002) " fcode="partselect"/>
<opset="tmp_14/11 "/>
</bind>
</comp>

<comp id="812" class="1004" name="tmp_8_2_cast_fu_812">
<pin_list>
<pin id="813" dir="0" index="0" bw="12" slack="0"/>
<pin id="814" dir="1" index="1" bw="13" slack="0"/>
</pin_list>
<bind>
<opcode="sext(35) " fcode="sext"/>
<opset="tmp_8_2_cast/11 "/>
</bind>
</comp>

<comp id="816" class="1004" name="sel_tmp1_fu_816">
<pin_list>
<pin id="817" dir="0" index="0" bw="1" slack="2"/>
<pin id="818" dir="0" index="1" bw="1" slack="0"/>
<pin id="819" dir="1" index="2" bw="1" slack="0"/>
</pin_list>
<bind>
<opcode="xor(25) " fcode="xor"/>
<opset="sel_tmp1/11 "/>
</bind>
</comp>

<comp id="821" class="1004" name="sel_tmp2_fu_821">
<pin_list>
<pin id="822" dir="0" index="0" bw="1" slack="2"/>
<pin id="823" dir="0" index="1" bw="1" slack="0"/>
<pin id="824" dir="1" index="2" bw="1" slack="0"/>
</pin_list>
<bind>
<opcode="and(23) " fcode="and"/>
<opset="sel_tmp2/11 "/>
</bind>
</comp>

<comp id="826" class="1004" name="sel_tmp_fu_826">
<pin_list>
<pin id="827" dir="0" index="0" bw="1" slack="0"/>
<pin id="828" dir="0" index="1" bw="13" slack="0"/>
<pin id="829" dir="0" index="2" bw="13" slack="0"/>
<pin id="830" dir="1" index="3" bw="13" slack="0"/>
</pin_list>
<bind>
<opcode="select(49) " fcode="select"/>
<opset="sel_tmp/11 "/>
</bind>
</comp>

<comp id="834" class="1004" name="tmp_29_fu_834">
<pin_list>
<pin id="835" dir="0" index="0" bw="1" slack="0"/>
<pin id="836" dir="0" index="1" bw="1" slack="2"/>
<pin id="837" dir="1" index="2" bw="1" slack="0"/>
</pin_list>
<bind>
<opcode="or(24) " fcode="or"/>
<opset="tmp_29/11 "/>
</bind>
</comp>

<comp id="839" class="1004" name="storemerge1_2_fu_839">
<pin_list>
<pin id="840" dir="0" index="0" bw="1" slack="0"/>
<pin id="841" dir="0" index="1" bw="13" slack="0"/>
<pin id="842" dir="0" index="2" bw="13" slack="0"/>
<pin id="843" dir="1" index="3" bw="13" slack="0"/>
</pin_list>
<bind>
<opcode="select(49) " fcode="select"/>
<opset="storemerge1_2/11 "/>
</bind>
</comp>

<comp id="847" class="1004" name="storemerge1_2_cast_fu_847">
<pin_list>
<pin id="848" dir="0" index="0" bw="13" slack="0"/>
<pin id="849" dir="1" index="1" bw="16" slack="0"/>
</pin_list>
<bind>
<opcode="sext(35) " fcode="sext"/>
<opset="storemerge1_2_cast/11 "/>
</bind>
</comp>

<comp id="852" class="1004" name="tmp_1_3_fu_852">
<pin_list>
<pin id="853" dir="0" index="0" bw="8" slack="1"/>
<pin id="854" dir="1" index="1" bw="64" slack="0"/>
</pin_list>
<bind>
<opcode="zext(34) " fcode="zext"/>
<opset="tmp_1_3/11 "/>
</bind>
</comp>

<comp id="856" class="1004" name="tmp_3_4_fu_856">
<pin_list>
<pin id="857" dir="0" index="0" bw="16" slack="0"/>
<pin id="858" dir="0" index="1" bw="16" slack="0"/>
<pin id="859" dir="1" index="2" bw="1" slack="2"/>
</pin_list>
<bind>
<opcode="icmp(45) " fcode="icmp"/>
<opset="tmp_3_4/11 "/>
</bind>
</comp>

<comp id="862" class="1004" name="tmp_4_4_fu_862">
<pin_list>
<pin id="863" dir="0" index="0" bw="16" slack="0"/>
<pin id="864" dir="0" index="1" bw="16" slack="0"/>
<pin id="865" dir="1" index="2" bw="1" slack="2"/>
</pin_list>
<bind>
<opcode="icmp(45) " fcode="icmp"/>
<opset="tmp_4_4/11 "/>
</bind>
</comp>

<comp id="868" class="1004" name="tmp_20_fu_868">
<pin_list>
<pin id="869" dir="0" index="0" bw="12" slack="0"/>
<pin id="870" dir="0" index="1" bw="16" slack="0"/>
<pin id="871" dir="0" index="2" bw="4" slack="0"/>
<pin id="872" dir="0" index="3" bw="5" slack="0"/>
<pin id="873" dir="1" index="4" bw="12" slack="0"/>
</pin_list>
<bind>
<opcode="partselect(1002) " fcode="partselect"/>
<opset="tmp_20/11 "/>
</bind>
</comp>

<comp id="878" class="1004" name="lhs_V_4_cast_fu_878">
<pin_list>
<pin id="879" dir="0" index="0" bw="12" slack="0"/>
<pin id="880" dir="1" index="1" bw="13" slack="0"/>
</pin_list>
<bind>
<opcode="sext(35) " fcode="sext"/>
<opset="lhs_V_4_cast/11 "/>
</bind>
</comp>

<comp id="882" class="1004" name="ret_V_4_fu_882">
<pin_list>
<pin id="883" dir="0" index="0" bw="11" slack="0"/>
<pin id="884" dir="0" index="1" bw="12" slack="0"/>
<pin id="885" dir="1" index="2" bw="13" slack="0"/>
</pin_list>
<bind>
<opcode="add(8) " fcode="add"/>
<opset="ret_V_4/11 "/>
</bind>
</comp>

<comp id="888" class="1004" name="p_shl_4_fu_888">
<pin_list>
<pin id="889" dir="0" index="0" bw="25" slack="0"/>
<pin id="890" dir="0" index="1" bw="13" slack="0"/>
<pin id="891" dir="0" index="2" bw="1" slack="0"/>
<pin id="892" dir="1" index="3" bw="25" slack="0"/>
</pin_list>
<bind>
<opcode="bitconcatenate(1004) " fcode="bitconcatenate"/>
<opset="p_shl_4/11 "/>
</bind>
</comp>

<comp id="896" class="1004" name="p_shl2_4_fu_896">
<pin_list>
<pin id="897" dir="0" index="0" bw="17" slack="0"/>
<pin id="898" dir="0" index="1" bw="13" slack="0"/>
<pin id="899" dir="0" index="2" bw="1" slack="0"/>
<pin id="900" dir="1" index="3" bw="17" slack="0"/>
</pin_list>
<bind>
<opcode="bitconcatenate(1004) " fcode="bitconcatenate"/>
<opset="p_shl2_4/11 "/>
</bind>
</comp>

<comp id="904" class="1004" name="p_shl2_4_cast_fu_904">
<pin_list>
<pin id="905" dir="0" index="0" bw="17" slack="0"/>
<pin id="906" dir="1" index="1" bw="25" slack="0"/>
</pin_list>
<bind>
<opcode="sext(35) " fcode="sext"/>
<opset="p_shl2_4_cast/11 "/>
</bind>
</comp>

<comp id="908" class="1004" name="r_V_2_4_fu_908">
<pin_list>
<pin id="909" dir="0" index="0" bw="25" slack="0"/>
<pin id="910" dir="0" index="1" bw="17" slack="0"/>
<pin id="911" dir="1" index="2" bw="25" slack="0"/>
</pin_list>
<bind>
<opcode="sub(10) " fcode="sub"/>
<opset="r_V_2_4/11 "/>
</bind>
</comp>

<comp id="914" class="1004" name="tmp_65_fu_914">
<pin_list>
<pin id="915" dir="0" index="0" bw="1" slack="0"/>
<pin id="916" dir="0" index="1" bw="25" slack="0"/>
<pin id="917" dir="0" index="2" bw="6" slack="0"/>
<pin id="918" dir="1" index="3" bw="1" slack="0"/>
</pin_list>
<bind>
<opcode="bitselect(1000) " fcode="bitselect"/>
<opset="tmp_65/11 "/>
</bind>
</comp>

<comp id="922" class="1004" name="tmp_66_fu_922">
<pin_list>
<pin id="923" dir="0" index="0" bw="25" slack="0"/>
<pin id="924" dir="1" index="1" bw="14" slack="0"/>
</pin_list>
<bind>
<opcode="trunc(33) " fcode="trunc"/>
<opset="tmp_66/11 "/>
</bind>
</comp>

<comp id="926" class="1004" name="tmp_4_36_fu_926">
<pin_list>
<pin id="927" dir="0" index="0" bw="14" slack="0"/>
<pin id="928" dir="0" index="1" bw="14" slack="0"/>
<pin id="929" dir="1" index="2" bw="1" slack="0"/>
</pin_list>
<bind>
<opcode="icmp(45) " fcode="icmp"/>
<opset="tmp_4_36/11 "/>
</bind>
</comp>

<comp id="932" class="1004" name="tmp_38_fu_932">
<pin_list>
<pin id="933" dir="0" index="0" bw="8" slack="0"/>
<pin id="934" dir="0" index="1" bw="25" slack="0"/>
<pin id="935" dir="0" index="2" bw="5" slack="0"/>
<pin id="936" dir="0" index="3" bw="6" slack="0"/>
<pin id="937" dir="1" index="4" bw="8" slack="0"/>
</pin_list>
<bind>
<opcode="partselect(1002) " fcode="partselect"/>
<opset="tmp_38/11 "/>
</bind>
</comp>

<comp id="942" class="1004" name="tmp_39_fu_942">
<pin_list>
<pin id="943" dir="0" index="0" bw="1" slack="0"/>
<pin id="944" dir="0" index="1" bw="8" slack="0"/>
<pin id="945" dir="1" index="2" bw="8" slack="0"/>
</pin_list>
<bind>
<opcode="add(8) " fcode="add"/>
<opset="tmp_39/11 "/>
</bind>
</comp>

<comp id="948" class="1004" name="tmp_40_fu_948">
<pin_list>
<pin id="949" dir="0" index="0" bw="1" slack="0"/>
<pin id="950" dir="0" index="1" bw="8" slack="0"/>
<pin id="951" dir="0" index="2" bw="8" slack="0"/>
<pin id="952" dir="1" index="3" bw="8" slack="0"/>
</pin_list>
<bind>
<opcode="select(49) " fcode="select"/>
<opset="tmp_40/11 "/>
</bind>
</comp>

<comp id="956" class="1004" name="tmp_41_fu_956">
<pin_list>
<pin id="957" dir="0" index="0" bw="1" slack="0"/>
<pin id="958" dir="0" index="1" bw="8" slack="0"/>
<pin id="959" dir="0" index="2" bw="8" slack="0"/>
<pin id="960" dir="1" index="3" bw="8" slack="1"/>
</pin_list>
<bind>
<opcode="select(49) " fcode="select"/>
<opset="tmp_41/11 "/>
</bind>
</comp>

<comp id="964" class="1004" name="tmp_18_fu_964">
<pin_list>
<pin id="965" dir="0" index="0" bw="12" slack="0"/>
<pin id="966" dir="0" index="1" bw="16" slack="0"/>
<pin id="967" dir="0" index="2" bw="4" slack="0"/>
<pin id="968" dir="0" index="3" bw="5" slack="0"/>
<pin id="969" dir="1" index="4" bw="12" slack="0"/>
</pin_list>
<bind>
<opcode="partselect(1002) " fcode="partselect"/>
<opset="tmp_18/12 "/>
</bind>
</comp>

<comp id="974" class="1004" name="tmp_8_3_cast_fu_974">
<pin_list>
<pin id="975" dir="0" index="0" bw="12" slack="0"/>
<pin id="976" dir="1" index="1" bw="13" slack="0"/>
</pin_list>
<bind>
<opcode="sext(35) " fcode="sext"/>
<opset="tmp_8_3_cast/12 "/>
</bind>
</comp>

<comp id="978" class="1004" name="sel_tmp6_fu_978">
<pin_list>
<pin id="979" dir="0" index="0" bw="1" slack="2"/>
<pin id="980" dir="0" index="1" bw="1" slack="0"/>
<pin id="981" dir="1" index="2" bw="1" slack="0"/>
</pin_list>
<bind>
<opcode="xor(25) " fcode="xor"/>
<opset="sel_tmp6/12 "/>
</bind>
</comp>

<comp id="983" class="1004" name="sel_tmp7_fu_983">
<pin_list>
<pin id="984" dir="0" index="0" bw="1" slack="2"/>
<pin id="985" dir="0" index="1" bw="1" slack="0"/>
<pin id="986" dir="1" index="2" bw="1" slack="0"/>
</pin_list>
<bind>
<opcode="and(23) " fcode="and"/>
<opset="sel_tmp7/12 "/>
</bind>
</comp>

<comp id="988" class="1004" name="sel_tmp5_fu_988">
<pin_list>
<pin id="989" dir="0" index="0" bw="1" slack="0"/>
<pin id="990" dir="0" index="1" bw="13" slack="0"/>
<pin id="991" dir="0" index="2" bw="13" slack="0"/>
<pin id="992" dir="1" index="3" bw="13" slack="0"/>
</pin_list>
<bind>
<opcode="select(49) " fcode="select"/>
<opset="sel_tmp5/12 "/>
</bind>
</comp>

<comp id="996" class="1004" name="tmp_37_fu_996">
<pin_list>
<pin id="997" dir="0" index="0" bw="1" slack="0"/>
<pin id="998" dir="0" index="1" bw="1" slack="2"/>
<pin id="999" dir="1" index="2" bw="1" slack="0"/>
</pin_list>
<bind>
<opcode="or(24) " fcode="or"/>
<opset="tmp_37/12 "/>
</bind>
</comp>

<comp id="1001" class="1004" name="storemerge1_3_fu_1001">
<pin_list>
<pin id="1002" dir="0" index="0" bw="1" slack="0"/>
<pin id="1003" dir="0" index="1" bw="13" slack="0"/>
<pin id="1004" dir="0" index="2" bw="13" slack="0"/>
<pin id="1005" dir="1" index="3" bw="13" slack="0"/>
</pin_list>
<bind>
<opcode="select(49) " fcode="select"/>
<opset="storemerge1_3/12 "/>
</bind>
</comp>

<comp id="1009" class="1004" name="storemerge1_3_cast_fu_1009">
<pin_list>
<pin id="1010" dir="0" index="0" bw="13" slack="0"/>
<pin id="1011" dir="1" index="1" bw="16" slack="0"/>
</pin_list>
<bind>
<opcode="sext(35) " fcode="sext"/>
<opset="storemerge1_3_cast/12 "/>
</bind>
</comp>

<comp id="1014" class="1004" name="tmp_1_4_fu_1014">
<pin_list>
<pin id="1015" dir="0" index="0" bw="8" slack="1"/>
<pin id="1016" dir="1" index="1" bw="64" slack="0"/>
</pin_list>
<bind>
<opcode="zext(34) " fcode="zext"/>
<opset="tmp_1_4/12 "/>
</bind>
</comp>

<comp id="1018" class="1004" name="tmp_3_5_fu_1018">
<pin_list>
<pin id="1019" dir="0" index="0" bw="16" slack="0"/>
<pin id="1020" dir="0" index="1" bw="16" slack="0"/>
<pin id="1021" dir="1" index="2" bw="1" slack="2"/>
</pin_list>
<bind>
<opcode="icmp(45) " fcode="icmp"/>
<opset="tmp_3_5/12 "/>
</bind>
</comp>

<comp id="1024" class="1004" name="tmp_4_5_fu_1024">
<pin_list>
<pin id="1025" dir="0" index="0" bw="16" slack="0"/>
<pin id="1026" dir="0" index="1" bw="16" slack="0"/>
<pin id="1027" dir="1" index="2" bw="1" slack="2"/>
</pin_list>
<bind>
<opcode="icmp(45) " fcode="icmp"/>
<opset="tmp_4_5/12 "/>
</bind>
</comp>

<comp id="1030" class="1004" name="tmp_24_fu_1030">
<pin_list>
<pin id="1031" dir="0" index="0" bw="12" slack="0"/>
<pin id="1032" dir="0" index="1" bw="16" slack="0"/>
<pin id="1033" dir="0" index="2" bw="4" slack="0"/>
<pin id="1034" dir="0" index="3" bw="5" slack="0"/>
<pin id="1035" dir="1" index="4" bw="12" slack="0"/>
</pin_list>
<bind>
<opcode="partselect(1002) " fcode="partselect"/>
<opset="tmp_24/12 "/>
</bind>
</comp>

<comp id="1040" class="1004" name="lhs_V_5_cast_fu_1040">
<pin_list>
<pin id="1041" dir="0" index="0" bw="12" slack="0"/>
<pin id="1042" dir="1" index="1" bw="13" slack="0"/>
</pin_list>
<bind>
<opcode="sext(35) " fcode="sext"/>
<opset="lhs_V_5_cast/12 "/>
</bind>
</comp>

<comp id="1044" class="1004" name="ret_V_5_fu_1044">
<pin_list>
<pin id="1045" dir="0" index="0" bw="11" slack="0"/>
<pin id="1046" dir="0" index="1" bw="12" slack="0"/>
<pin id="1047" dir="1" index="2" bw="13" slack="0"/>
</pin_list>
<bind>
<opcode="add(8) " fcode="add"/>
<opset="ret_V_5/12 "/>
</bind>
</comp>

<comp id="1050" class="1004" name="p_shl_5_fu_1050">
<pin_list>
<pin id="1051" dir="0" index="0" bw="25" slack="0"/>
<pin id="1052" dir="0" index="1" bw="13" slack="0"/>
<pin id="1053" dir="0" index="2" bw="1" slack="0"/>
<pin id="1054" dir="1" index="3" bw="25" slack="0"/>
</pin_list>
<bind>
<opcode="bitconcatenate(1004) " fcode="bitconcatenate"/>
<opset="p_shl_5/12 "/>
</bind>
</comp>

<comp id="1058" class="1004" name="p_shl2_5_fu_1058">
<pin_list>
<pin id="1059" dir="0" index="0" bw="17" slack="0"/>
<pin id="1060" dir="0" index="1" bw="13" slack="0"/>
<pin id="1061" dir="0" index="2" bw="1" slack="0"/>
<pin id="1062" dir="1" index="3" bw="17" slack="0"/>
</pin_list>
<bind>
<opcode="bitconcatenate(1004) " fcode="bitconcatenate"/>
<opset="p_shl2_5/12 "/>
</bind>
</comp>

<comp id="1066" class="1004" name="p_shl2_5_cast_fu_1066">
<pin_list>
<pin id="1067" dir="0" index="0" bw="17" slack="0"/>
<pin id="1068" dir="1" index="1" bw="25" slack="0"/>
</pin_list>
<bind>
<opcode="sext(35) " fcode="sext"/>
<opset="p_shl2_5_cast/12 "/>
</bind>
</comp>

<comp id="1070" class="1004" name="r_V_2_5_fu_1070">
<pin_list>
<pin id="1071" dir="0" index="0" bw="25" slack="0"/>
<pin id="1072" dir="0" index="1" bw="17" slack="0"/>
<pin id="1073" dir="1" index="2" bw="25" slack="0"/>
</pin_list>
<bind>
<opcode="sub(10) " fcode="sub"/>
<opset="r_V_2_5/12 "/>
</bind>
</comp>

<comp id="1076" class="1004" name="tmp_67_fu_1076">
<pin_list>
<pin id="1077" dir="0" index="0" bw="1" slack="0"/>
<pin id="1078" dir="0" index="1" bw="25" slack="0"/>
<pin id="1079" dir="0" index="2" bw="6" slack="0"/>
<pin id="1080" dir="1" index="3" bw="1" slack="0"/>
</pin_list>
<bind>
<opcode="bitselect(1000) " fcode="bitselect"/>
<opset="tmp_67/12 "/>
</bind>
</comp>

<comp id="1084" class="1004" name="tmp_68_fu_1084">
<pin_list>
<pin id="1085" dir="0" index="0" bw="25" slack="0"/>
<pin id="1086" dir="1" index="1" bw="14" slack="0"/>
</pin_list>
<bind>
<opcode="trunc(33) " fcode="trunc"/>
<opset="tmp_68/12 "/>
</bind>
</comp>

<comp id="1088" class="1004" name="tmp_5_37_fu_1088">
<pin_list>
<pin id="1089" dir="0" index="0" bw="14" slack="0"/>
<pin id="1090" dir="0" index="1" bw="14" slack="0"/>
<pin id="1091" dir="1" index="2" bw="1" slack="0"/>
</pin_list>
<bind>
<opcode="icmp(45) " fcode="icmp"/>
<opset="tmp_5_37/12 "/>
</bind>
</comp>

<comp id="1094" class="1004" name="tmp_43_fu_1094">
<pin_list>
<pin id="1095" dir="0" index="0" bw="8" slack="0"/>
<pin id="1096" dir="0" index="1" bw="25" slack="0"/>
<pin id="1097" dir="0" index="2" bw="5" slack="0"/>
<pin id="1098" dir="0" index="3" bw="6" slack="0"/>
<pin id="1099" dir="1" index="4" bw="8" slack="0"/>
</pin_list>
<bind>
<opcode="partselect(1002) " fcode="partselect"/>
<opset="tmp_43/12 "/>
</bind>
</comp>

<comp id="1104" class="1004" name="tmp_44_fu_1104">
<pin_list>
<pin id="1105" dir="0" index="0" bw="1" slack="0"/>
<pin id="1106" dir="0" index="1" bw="8" slack="0"/>
<pin id="1107" dir="1" index="2" bw="8" slack="0"/>
</pin_list>
<bind>
<opcode="add(8) " fcode="add"/>
<opset="tmp_44/12 "/>
</bind>
</comp>

<comp id="1110" class="1004" name="tmp_45_fu_1110">
<pin_list>
<pin id="1111" dir="0" index="0" bw="1" slack="0"/>
<pin id="1112" dir="0" index="1" bw="8" slack="0"/>
<pin id="1113" dir="0" index="2" bw="8" slack="0"/>
<pin id="1114" dir="1" index="3" bw="8" slack="0"/>
</pin_list>
<bind>
<opcode="select(49) " fcode="select"/>
<opset="tmp_45/12 "/>
</bind>
</comp>

<comp id="1118" class="1004" name="tmp_46_fu_1118">
<pin_list>
<pin id="1119" dir="0" index="0" bw="1" slack="0"/>
<pin id="1120" dir="0" index="1" bw="8" slack="0"/>
<pin id="1121" dir="0" index="2" bw="8" slack="0"/>
<pin id="1122" dir="1" index="3" bw="8" slack="1"/>
</pin_list>
<bind>
<opcode="select(49) " fcode="select"/>
<opset="tmp_46/12 "/>
</bind>
</comp>

<comp id="1126" class="1004" name="tmp_22_fu_1126">
<pin_list>
<pin id="1127" dir="0" index="0" bw="12" slack="0"/>
<pin id="1128" dir="0" index="1" bw="16" slack="0"/>
<pin id="1129" dir="0" index="2" bw="4" slack="0"/>
<pin id="1130" dir="0" index="3" bw="5" slack="0"/>
<pin id="1131" dir="1" index="4" bw="12" slack="0"/>
</pin_list>
<bind>
<opcode="partselect(1002) " fcode="partselect"/>
<opset="tmp_22/13 "/>
</bind>
</comp>

<comp id="1136" class="1004" name="tmp_8_4_cast_fu_1136">
<pin_list>
<pin id="1137" dir="0" index="0" bw="12" slack="0"/>
<pin id="1138" dir="1" index="1" bw="13" slack="0"/>
</pin_list>
<bind>
<opcode="sext(35) " fcode="sext"/>
<opset="tmp_8_4_cast/13 "/>
</bind>
</comp>

<comp id="1140" class="1004" name="sel_tmp3_fu_1140">
<pin_list>
<pin id="1141" dir="0" index="0" bw="1" slack="2"/>
<pin id="1142" dir="0" index="1" bw="1" slack="0"/>
<pin id="1143" dir="1" index="2" bw="1" slack="0"/>
</pin_list>
<bind>
<opcode="xor(25) " fcode="xor"/>
<opset="sel_tmp3/13 "/>
</bind>
</comp>

<comp id="1145" class="1004" name="sel_tmp4_fu_1145">
<pin_list>
<pin id="1146" dir="0" index="0" bw="1" slack="2"/>
<pin id="1147" dir="0" index="1" bw="1" slack="0"/>
<pin id="1148" dir="1" index="2" bw="1" slack="0"/>
</pin_list>
<bind>
<opcode="and(23) " fcode="and"/>
<opset="sel_tmp4/13 "/>
</bind>
</comp>

<comp id="1150" class="1004" name="sel_tmp8_fu_1150">
<pin_list>
<pin id="1151" dir="0" index="0" bw="1" slack="0"/>
<pin id="1152" dir="0" index="1" bw="13" slack="0"/>
<pin id="1153" dir="0" index="2" bw="13" slack="0"/>
<pin id="1154" dir="1" index="3" bw="13" slack="0"/>
</pin_list>
<bind>
<opcode="select(49) " fcode="select"/>
<opset="sel_tmp8/13 "/>
</bind>
</comp>

<comp id="1158" class="1004" name="tmp_42_fu_1158">
<pin_list>
<pin id="1159" dir="0" index="0" bw="1" slack="0"/>
<pin id="1160" dir="0" index="1" bw="1" slack="2"/>
<pin id="1161" dir="1" index="2" bw="1" slack="0"/>
</pin_list>
<bind>
<opcode="or(24) " fcode="or"/>
<opset="tmp_42/13 "/>
</bind>
</comp>

<comp id="1163" class="1004" name="storemerge1_4_fu_1163">
<pin_list>
<pin id="1164" dir="0" index="0" bw="1" slack="0"/>
<pin id="1165" dir="0" index="1" bw="13" slack="0"/>
<pin id="1166" dir="0" index="2" bw="13" slack="0"/>
<pin id="1167" dir="1" index="3" bw="13" slack="0"/>
</pin_list>
<bind>
<opcode="select(49) " fcode="select"/>
<opset="storemerge1_4/13 "/>
</bind>
</comp>

<comp id="1171" class="1004" name="storemerge1_4_cast_fu_1171">
<pin_list>
<pin id="1172" dir="0" index="0" bw="13" slack="0"/>
<pin id="1173" dir="1" index="1" bw="16" slack="0"/>
</pin_list>
<bind>
<opcode="sext(35) " fcode="sext"/>
<opset="storemerge1_4_cast/13 "/>
</bind>
</comp>

<comp id="1176" class="1004" name="tmp_1_5_fu_1176">
<pin_list>
<pin id="1177" dir="0" index="0" bw="8" slack="1"/>
<pin id="1178" dir="1" index="1" bw="64" slack="0"/>
</pin_list>
<bind>
<opcode="zext(34) " fcode="zext"/>
<opset="tmp_1_5/13 "/>
</bind>
</comp>

<comp id="1180" class="1004" name="tmp_3_6_fu_1180">
<pin_list>
<pin id="1181" dir="0" index="0" bw="16" slack="0"/>
<pin id="1182" dir="0" index="1" bw="16" slack="0"/>
<pin id="1183" dir="1" index="2" bw="1" slack="2"/>
</pin_list>
<bind>
<opcode="icmp(45) " fcode="icmp"/>
<opset="tmp_3_6/13 "/>
</bind>
</comp>

<comp id="1186" class="1004" name="tmp_4_6_fu_1186">
<pin_list>
<pin id="1187" dir="0" index="0" bw="16" slack="0"/>
<pin id="1188" dir="0" index="1" bw="16" slack="0"/>
<pin id="1189" dir="1" index="2" bw="1" slack="2"/>
</pin_list>
<bind>
<opcode="icmp(45) " fcode="icmp"/>
<opset="tmp_4_6/13 "/>
</bind>
</comp>

<comp id="1192" class="1004" name="tmp_28_fu_1192">
<pin_list>
<pin id="1193" dir="0" index="0" bw="12" slack="0"/>
<pin id="1194" dir="0" index="1" bw="16" slack="0"/>
<pin id="1195" dir="0" index="2" bw="4" slack="0"/>
<pin id="1196" dir="0" index="3" bw="5" slack="0"/>
<pin id="1197" dir="1" index="4" bw="12" slack="0"/>
</pin_list>
<bind>
<opcode="partselect(1002) " fcode="partselect"/>
<opset="tmp_28/13 "/>
</bind>
</comp>

<comp id="1202" class="1004" name="lhs_V_6_cast_fu_1202">
<pin_list>
<pin id="1203" dir="0" index="0" bw="12" slack="0"/>
<pin id="1204" dir="1" index="1" bw="13" slack="0"/>
</pin_list>
<bind>
<opcode="sext(35) " fcode="sext"/>
<opset="lhs_V_6_cast/13 "/>
</bind>
</comp>

<comp id="1206" class="1004" name="ret_V_6_fu_1206">
<pin_list>
<pin id="1207" dir="0" index="0" bw="11" slack="0"/>
<pin id="1208" dir="0" index="1" bw="12" slack="0"/>
<pin id="1209" dir="1" index="2" bw="13" slack="0"/>
</pin_list>
<bind>
<opcode="add(8) " fcode="add"/>
<opset="ret_V_6/13 "/>
</bind>
</comp>

<comp id="1212" class="1004" name="p_shl_6_fu_1212">
<pin_list>
<pin id="1213" dir="0" index="0" bw="25" slack="0"/>
<pin id="1214" dir="0" index="1" bw="13" slack="0"/>
<pin id="1215" dir="0" index="2" bw="1" slack="0"/>
<pin id="1216" dir="1" index="3" bw="25" slack="0"/>
</pin_list>
<bind>
<opcode="bitconcatenate(1004) " fcode="bitconcatenate"/>
<opset="p_shl_6/13 "/>
</bind>
</comp>

<comp id="1220" class="1004" name="p_shl2_6_fu_1220">
<pin_list>
<pin id="1221" dir="0" index="0" bw="17" slack="0"/>
<pin id="1222" dir="0" index="1" bw="13" slack="0"/>
<pin id="1223" dir="0" index="2" bw="1" slack="0"/>
<pin id="1224" dir="1" index="3" bw="17" slack="0"/>
</pin_list>
<bind>
<opcode="bitconcatenate(1004) " fcode="bitconcatenate"/>
<opset="p_shl2_6/13 "/>
</bind>
</comp>

<comp id="1228" class="1004" name="p_shl2_6_cast_fu_1228">
<pin_list>
<pin id="1229" dir="0" index="0" bw="17" slack="0"/>
<pin id="1230" dir="1" index="1" bw="25" slack="0"/>
</pin_list>
<bind>
<opcode="sext(35) " fcode="sext"/>
<opset="p_shl2_6_cast/13 "/>
</bind>
</comp>

<comp id="1232" class="1004" name="r_V_2_6_fu_1232">
<pin_list>
<pin id="1233" dir="0" index="0" bw="25" slack="0"/>
<pin id="1234" dir="0" index="1" bw="17" slack="0"/>
<pin id="1235" dir="1" index="2" bw="25" slack="0"/>
</pin_list>
<bind>
<opcode="sub(10) " fcode="sub"/>
<opset="r_V_2_6/13 "/>
</bind>
</comp>

<comp id="1238" class="1004" name="tmp_69_fu_1238">
<pin_list>
<pin id="1239" dir="0" index="0" bw="1" slack="0"/>
<pin id="1240" dir="0" index="1" bw="25" slack="0"/>
<pin id="1241" dir="0" index="2" bw="6" slack="0"/>
<pin id="1242" dir="1" index="3" bw="1" slack="0"/>
</pin_list>
<bind>
<opcode="bitselect(1000) " fcode="bitselect"/>
<opset="tmp_69/13 "/>
</bind>
</comp>

<comp id="1246" class="1004" name="tmp_70_fu_1246">
<pin_list>
<pin id="1247" dir="0" index="0" bw="25" slack="0"/>
<pin id="1248" dir="1" index="1" bw="14" slack="0"/>
</pin_list>
<bind>
<opcode="trunc(33) " fcode="trunc"/>
<opset="tmp_70/13 "/>
</bind>
</comp>

<comp id="1250" class="1004" name="tmp_6_38_fu_1250">
<pin_list>
<pin id="1251" dir="0" index="0" bw="14" slack="0"/>
<pin id="1252" dir="0" index="1" bw="14" slack="0"/>
<pin id="1253" dir="1" index="2" bw="1" slack="0"/>
</pin_list>
<bind>
<opcode="icmp(45) " fcode="icmp"/>
<opset="tmp_6_38/13 "/>
</bind>
</comp>

<comp id="1256" class="1004" name="tmp_48_fu_1256">
<pin_list>
<pin id="1257" dir="0" index="0" bw="8" slack="0"/>
<pin id="1258" dir="0" index="1" bw="25" slack="0"/>
<pin id="1259" dir="0" index="2" bw="5" slack="0"/>
<pin id="1260" dir="0" index="3" bw="6" slack="0"/>
<pin id="1261" dir="1" index="4" bw="8" slack="0"/>
</pin_list>
<bind>
<opcode="partselect(1002) " fcode="partselect"/>
<opset="tmp_48/13 "/>
</bind>
</comp>

<comp id="1266" class="1004" name="tmp_49_fu_1266">
<pin_list>
<pin id="1267" dir="0" index="0" bw="1" slack="0"/>
<pin id="1268" dir="0" index="1" bw="8" slack="0"/>
<pin id="1269" dir="1" index="2" bw="8" slack="0"/>
</pin_list>
<bind>
<opcode="add(8) " fcode="add"/>
<opset="tmp_49/13 "/>
</bind>
</comp>

<comp id="1272" class="1004" name="tmp_50_fu_1272">
<pin_list>
<pin id="1273" dir="0" index="0" bw="1" slack="0"/>
<pin id="1274" dir="0" index="1" bw="8" slack="0"/>
<pin id="1275" dir="0" index="2" bw="8" slack="0"/>
<pin id="1276" dir="1" index="3" bw="8" slack="0"/>
</pin_list>
<bind>
<opcode="select(49) " fcode="select"/>
<opset="tmp_50/13 "/>
</bind>
</comp>

<comp id="1280" class="1004" name="tmp_51_fu_1280">
<pin_list>
<pin id="1281" dir="0" index="0" bw="1" slack="0"/>
<pin id="1282" dir="0" index="1" bw="8" slack="0"/>
<pin id="1283" dir="0" index="2" bw="8" slack="0"/>
<pin id="1284" dir="1" index="3" bw="8" slack="1"/>
</pin_list>
<bind>
<opcode="select(49) " fcode="select"/>
<opset="tmp_51/13 "/>
</bind>
</comp>

<comp id="1288" class="1004" name="tmp_26_fu_1288">
<pin_list>
<pin id="1289" dir="0" index="0" bw="12" slack="0"/>
<pin id="1290" dir="0" index="1" bw="16" slack="0"/>
<pin id="1291" dir="0" index="2" bw="4" slack="0"/>
<pin id="1292" dir="0" index="3" bw="5" slack="0"/>
<pin id="1293" dir="1" index="4" bw="12" slack="0"/>
</pin_list>
<bind>
<opcode="partselect(1002) " fcode="partselect"/>
<opset="tmp_26/14 "/>
</bind>
</comp>

<comp id="1298" class="1004" name="tmp_8_5_cast_fu_1298">
<pin_list>
<pin id="1299" dir="0" index="0" bw="12" slack="0"/>
<pin id="1300" dir="1" index="1" bw="13" slack="0"/>
</pin_list>
<bind>
<opcode="sext(35) " fcode="sext"/>
<opset="tmp_8_5_cast/14 "/>
</bind>
</comp>

<comp id="1302" class="1004" name="sel_tmp9_fu_1302">
<pin_list>
<pin id="1303" dir="0" index="0" bw="1" slack="2"/>
<pin id="1304" dir="0" index="1" bw="1" slack="0"/>
<pin id="1305" dir="1" index="2" bw="1" slack="0"/>
</pin_list>
<bind>
<opcode="xor(25) " fcode="xor"/>
<opset="sel_tmp9/14 "/>
</bind>
</comp>

<comp id="1307" class="1004" name="sel_tmp10_fu_1307">
<pin_list>
<pin id="1308" dir="0" index="0" bw="1" slack="2"/>
<pin id="1309" dir="0" index="1" bw="1" slack="0"/>
<pin id="1310" dir="1" index="2" bw="1" slack="0"/>
</pin_list>
<bind>
<opcode="and(23) " fcode="and"/>
<opset="sel_tmp10/14 "/>
</bind>
</comp>

<comp id="1312" class="1004" name="sel_tmp11_fu_1312">
<pin_list>
<pin id="1313" dir="0" index="0" bw="1" slack="0"/>
<pin id="1314" dir="0" index="1" bw="13" slack="0"/>
<pin id="1315" dir="0" index="2" bw="13" slack="0"/>
<pin id="1316" dir="1" index="3" bw="13" slack="0"/>
</pin_list>
<bind>
<opcode="select(49) " fcode="select"/>
<opset="sel_tmp11/14 "/>
</bind>
</comp>

<comp id="1320" class="1004" name="tmp_47_fu_1320">
<pin_list>
<pin id="1321" dir="0" index="0" bw="1" slack="0"/>
<pin id="1322" dir="0" index="1" bw="1" slack="2"/>
<pin id="1323" dir="1" index="2" bw="1" slack="0"/>
</pin_list>
<bind>
<opcode="or(24) " fcode="or"/>
<opset="tmp_47/14 "/>
</bind>
</comp>

<comp id="1325" class="1004" name="storemerge1_5_fu_1325">
<pin_list>
<pin id="1326" dir="0" index="0" bw="1" slack="0"/>
<pin id="1327" dir="0" index="1" bw="13" slack="0"/>
<pin id="1328" dir="0" index="2" bw="13" slack="0"/>
<pin id="1329" dir="1" index="3" bw="13" slack="0"/>
</pin_list>
<bind>
<opcode="select(49) " fcode="select"/>
<opset="storemerge1_5/14 "/>
</bind>
</comp>

<comp id="1333" class="1004" name="storemerge1_5_cast_fu_1333">
<pin_list>
<pin id="1334" dir="0" index="0" bw="13" slack="0"/>
<pin id="1335" dir="1" index="1" bw="16" slack="0"/>
</pin_list>
<bind>
<opcode="sext(35) " fcode="sext"/>
<opset="storemerge1_5_cast/14 "/>
</bind>
</comp>

<comp id="1338" class="1004" name="tmp_1_6_fu_1338">
<pin_list>
<pin id="1339" dir="0" index="0" bw="8" slack="1"/>
<pin id="1340" dir="1" index="1" bw="64" slack="0"/>
</pin_list>
<bind>
<opcode="zext(34) " fcode="zext"/>
<opset="tmp_1_6/14 "/>
</bind>
</comp>

<comp id="1342" class="1004" name="tmp_3_7_fu_1342">
<pin_list>
<pin id="1343" dir="0" index="0" bw="16" slack="0"/>
<pin id="1344" dir="0" index="1" bw="16" slack="0"/>
<pin id="1345" dir="1" index="2" bw="1" slack="2"/>
</pin_list>
<bind>
<opcode="icmp(45) " fcode="icmp"/>
<opset="tmp_3_7/14 "/>
</bind>
</comp>

<comp id="1348" class="1004" name="tmp_4_7_fu_1348">
<pin_list>
<pin id="1349" dir="0" index="0" bw="16" slack="0"/>
<pin id="1350" dir="0" index="1" bw="16" slack="0"/>
<pin id="1351" dir="1" index="2" bw="1" slack="2"/>
</pin_list>
<bind>
<opcode="icmp(45) " fcode="icmp"/>
<opset="tmp_4_7/14 "/>
</bind>
</comp>

<comp id="1354" class="1004" name="tmp_32_fu_1354">
<pin_list>
<pin id="1355" dir="0" index="0" bw="12" slack="0"/>
<pin id="1356" dir="0" index="1" bw="16" slack="0"/>
<pin id="1357" dir="0" index="2" bw="4" slack="0"/>
<pin id="1358" dir="0" index="3" bw="5" slack="0"/>
<pin id="1359" dir="1" index="4" bw="12" slack="0"/>
</pin_list>
<bind>
<opcode="partselect(1002) " fcode="partselect"/>
<opset="tmp_32/14 "/>
</bind>
</comp>

<comp id="1364" class="1004" name="lhs_V_7_cast_fu_1364">
<pin_list>
<pin id="1365" dir="0" index="0" bw="12" slack="0"/>
<pin id="1366" dir="1" index="1" bw="13" slack="0"/>
</pin_list>
<bind>
<opcode="sext(35) " fcode="sext"/>
<opset="lhs_V_7_cast/14 "/>
</bind>
</comp>

<comp id="1368" class="1004" name="ret_V_7_fu_1368">
<pin_list>
<pin id="1369" dir="0" index="0" bw="11" slack="0"/>
<pin id="1370" dir="0" index="1" bw="12" slack="0"/>
<pin id="1371" dir="1" index="2" bw="13" slack="0"/>
</pin_list>
<bind>
<opcode="add(8) " fcode="add"/>
<opset="ret_V_7/14 "/>
</bind>
</comp>

<comp id="1374" class="1004" name="p_shl_7_fu_1374">
<pin_list>
<pin id="1375" dir="0" index="0" bw="25" slack="0"/>
<pin id="1376" dir="0" index="1" bw="13" slack="0"/>
<pin id="1377" dir="0" index="2" bw="1" slack="0"/>
<pin id="1378" dir="1" index="3" bw="25" slack="0"/>
</pin_list>
<bind>
<opcode="bitconcatenate(1004) " fcode="bitconcatenate"/>
<opset="p_shl_7/14 "/>
</bind>
</comp>

<comp id="1382" class="1004" name="p_shl2_7_fu_1382">
<pin_list>
<pin id="1383" dir="0" index="0" bw="17" slack="0"/>
<pin id="1384" dir="0" index="1" bw="13" slack="0"/>
<pin id="1385" dir="0" index="2" bw="1" slack="0"/>
<pin id="1386" dir="1" index="3" bw="17" slack="0"/>
</pin_list>
<bind>
<opcode="bitconcatenate(1004) " fcode="bitconcatenate"/>
<opset="p_shl2_7/14 "/>
</bind>
</comp>

<comp id="1390" class="1004" name="p_shl2_7_cast_fu_1390">
<pin_list>
<pin id="1391" dir="0" index="0" bw="17" slack="0"/>
<pin id="1392" dir="1" index="1" bw="25" slack="0"/>
</pin_list>
<bind>
<opcode="sext(35) " fcode="sext"/>
<opset="p_shl2_7_cast/14 "/>
</bind>
</comp>

<comp id="1394" class="1004" name="r_V_2_7_fu_1394">
<pin_list>
<pin id="1395" dir="0" index="0" bw="25" slack="0"/>
<pin id="1396" dir="0" index="1" bw="17" slack="0"/>
<pin id="1397" dir="1" index="2" bw="25" slack="0"/>
</pin_list>
<bind>
<opcode="sub(10) " fcode="sub"/>
<opset="r_V_2_7/14 "/>
</bind>
</comp>

<comp id="1400" class="1004" name="tmp_71_fu_1400">
<pin_list>
<pin id="1401" dir="0" index="0" bw="1" slack="0"/>
<pin id="1402" dir="0" index="1" bw="25" slack="0"/>
<pin id="1403" dir="0" index="2" bw="6" slack="0"/>
<pin id="1404" dir="1" index="3" bw="1" slack="0"/>
</pin_list>
<bind>
<opcode="bitselect(1000) " fcode="bitselect"/>
<opset="tmp_71/14 "/>
</bind>
</comp>

<comp id="1408" class="1004" name="tmp_72_fu_1408">
<pin_list>
<pin id="1409" dir="0" index="0" bw="25" slack="0"/>
<pin id="1410" dir="1" index="1" bw="14" slack="0"/>
</pin_list>
<bind>
<opcode="trunc(33) " fcode="trunc"/>
<opset="tmp_72/14 "/>
</bind>
</comp>

<comp id="1412" class="1004" name="tmp_7_39_fu_1412">
<pin_list>
<pin id="1413" dir="0" index="0" bw="14" slack="0"/>
<pin id="1414" dir="0" index="1" bw="14" slack="0"/>
<pin id="1415" dir="1" index="2" bw="1" slack="0"/>
</pin_list>
<bind>
<opcode="icmp(45) " fcode="icmp"/>
<opset="tmp_7_39/14 "/>
</bind>
</comp>

<comp id="1418" class="1004" name="tmp_53_fu_1418">
<pin_list>
<pin id="1419" dir="0" index="0" bw="8" slack="0"/>
<pin id="1420" dir="0" index="1" bw="25" slack="0"/>
<pin id="1421" dir="0" index="2" bw="5" slack="0"/>
<pin id="1422" dir="0" index="3" bw="6" slack="0"/>
<pin id="1423" dir="1" index="4" bw="8" slack="0"/>
</pin_list>
<bind>
<opcode="partselect(1002) " fcode="partselect"/>
<opset="tmp_53/14 "/>
</bind>
</comp>

<comp id="1428" class="1004" name="tmp_54_fu_1428">
<pin_list>
<pin id="1429" dir="0" index="0" bw="1" slack="0"/>
<pin id="1430" dir="0" index="1" bw="8" slack="0"/>
<pin id="1431" dir="1" index="2" bw="8" slack="0"/>
</pin_list>
<bind>
<opcode="add(8) " fcode="add"/>
<opset="tmp_54/14 "/>
</bind>
</comp>

<comp id="1434" class="1004" name="tmp_55_fu_1434">
<pin_list>
<pin id="1435" dir="0" index="0" bw="1" slack="0"/>
<pin id="1436" dir="0" index="1" bw="8" slack="0"/>
<pin id="1437" dir="0" index="2" bw="8" slack="0"/>
<pin id="1438" dir="1" index="3" bw="8" slack="0"/>
</pin_list>
<bind>
<opcode="select(49) " fcode="select"/>
<opset="tmp_55/14 "/>
</bind>
</comp>

<comp id="1442" class="1004" name="tmp_56_fu_1442">
<pin_list>
<pin id="1443" dir="0" index="0" bw="1" slack="0"/>
<pin id="1444" dir="0" index="1" bw="8" slack="0"/>
<pin id="1445" dir="0" index="2" bw="8" slack="0"/>
<pin id="1446" dir="1" index="3" bw="8" slack="1"/>
</pin_list>
<bind>
<opcode="select(49) " fcode="select"/>
<opset="tmp_56/14 "/>
</bind>
</comp>

<comp id="1450" class="1004" name="tmp_30_fu_1450">
<pin_list>
<pin id="1451" dir="0" index="0" bw="12" slack="0"/>
<pin id="1452" dir="0" index="1" bw="16" slack="0"/>
<pin id="1453" dir="0" index="2" bw="4" slack="0"/>
<pin id="1454" dir="0" index="3" bw="5" slack="0"/>
<pin id="1455" dir="1" index="4" bw="12" slack="0"/>
</pin_list>
<bind>
<opcode="partselect(1002) " fcode="partselect"/>
<opset="tmp_30/15 "/>
</bind>
</comp>

<comp id="1460" class="1004" name="tmp_8_6_cast_fu_1460">
<pin_list>
<pin id="1461" dir="0" index="0" bw="12" slack="0"/>
<pin id="1462" dir="1" index="1" bw="13" slack="0"/>
</pin_list>
<bind>
<opcode="sext(35) " fcode="sext"/>
<opset="tmp_8_6_cast/15 "/>
</bind>
</comp>

<comp id="1464" class="1004" name="sel_tmp12_fu_1464">
<pin_list>
<pin id="1465" dir="0" index="0" bw="1" slack="2"/>
<pin id="1466" dir="0" index="1" bw="1" slack="0"/>
<pin id="1467" dir="1" index="2" bw="1" slack="0"/>
</pin_list>
<bind>
<opcode="xor(25) " fcode="xor"/>
<opset="sel_tmp12/15 "/>
</bind>
</comp>

<comp id="1469" class="1004" name="sel_tmp13_fu_1469">
<pin_list>
<pin id="1470" dir="0" index="0" bw="1" slack="2"/>
<pin id="1471" dir="0" index="1" bw="1" slack="0"/>
<pin id="1472" dir="1" index="2" bw="1" slack="0"/>
</pin_list>
<bind>
<opcode="and(23) " fcode="and"/>
<opset="sel_tmp13/15 "/>
</bind>
</comp>

<comp id="1474" class="1004" name="sel_tmp14_fu_1474">
<pin_list>
<pin id="1475" dir="0" index="0" bw="1" slack="0"/>
<pin id="1476" dir="0" index="1" bw="13" slack="0"/>
<pin id="1477" dir="0" index="2" bw="13" slack="0"/>
<pin id="1478" dir="1" index="3" bw="13" slack="0"/>
</pin_list>
<bind>
<opcode="select(49) " fcode="select"/>
<opset="sel_tmp14/15 "/>
</bind>
</comp>

<comp id="1482" class="1004" name="tmp_52_fu_1482">
<pin_list>
<pin id="1483" dir="0" index="0" bw="1" slack="0"/>
<pin id="1484" dir="0" index="1" bw="1" slack="2"/>
<pin id="1485" dir="1" index="2" bw="1" slack="0"/>
</pin_list>
<bind>
<opcode="or(24) " fcode="or"/>
<opset="tmp_52/15 "/>
</bind>
</comp>

<comp id="1487" class="1004" name="storemerge1_6_fu_1487">
<pin_list>
<pin id="1488" dir="0" index="0" bw="1" slack="0"/>
<pin id="1489" dir="0" index="1" bw="13" slack="0"/>
<pin id="1490" dir="0" index="2" bw="13" slack="0"/>
<pin id="1491" dir="1" index="3" bw="13" slack="0"/>
</pin_list>
<bind>
<opcode="select(49) " fcode="select"/>
<opset="storemerge1_6/15 "/>
</bind>
</comp>

<comp id="1495" class="1004" name="storemerge1_6_cast_fu_1495">
<pin_list>
<pin id="1496" dir="0" index="0" bw="13" slack="0"/>
<pin id="1497" dir="1" index="1" bw="16" slack="0"/>
</pin_list>
<bind>
<opcode="sext(35) " fcode="sext"/>
<opset="storemerge1_6_cast/15 "/>
</bind>
</comp>

<comp id="1500" class="1004" name="tmp_1_7_fu_1500">
<pin_list>
<pin id="1501" dir="0" index="0" bw="8" slack="1"/>
<pin id="1502" dir="1" index="1" bw="64" slack="0"/>
</pin_list>
<bind>
<opcode="zext(34) " fcode="zext"/>
<opset="tmp_1_7/15 "/>
</bind>
</comp>

<comp id="1504" class="1004" name="tmp_34_fu_1504">
<pin_list>
<pin id="1505" dir="0" index="0" bw="12" slack="0"/>
<pin id="1506" dir="0" index="1" bw="16" slack="0"/>
<pin id="1507" dir="0" index="2" bw="4" slack="0"/>
<pin id="1508" dir="0" index="3" bw="5" slack="0"/>
<pin id="1509" dir="1" index="4" bw="12" slack="0"/>
</pin_list>
<bind>
<opcode="partselect(1002) " fcode="partselect"/>
<opset="tmp_34/16 "/>
</bind>
</comp>

<comp id="1514" class="1004" name="tmp_8_7_cast_fu_1514">
<pin_list>
<pin id="1515" dir="0" index="0" bw="12" slack="0"/>
<pin id="1516" dir="1" index="1" bw="13" slack="0"/>
</pin_list>
<bind>
<opcode="sext(35) " fcode="sext"/>
<opset="tmp_8_7_cast/16 "/>
</bind>
</comp>

<comp id="1518" class="1004" name="sel_tmp15_fu_1518">
<pin_list>
<pin id="1519" dir="0" index="0" bw="1" slack="2"/>
<pin id="1520" dir="0" index="1" bw="1" slack="0"/>
<pin id="1521" dir="1" index="2" bw="1" slack="0"/>
</pin_list>
<bind>
<opcode="xor(25) " fcode="xor"/>
<opset="sel_tmp15/16 "/>
</bind>
</comp>

<comp id="1523" class="1004" name="sel_tmp16_fu_1523">
<pin_list>
<pin id="1524" dir="0" index="0" bw="1" slack="2"/>
<pin id="1525" dir="0" index="1" bw="1" slack="0"/>
<pin id="1526" dir="1" index="2" bw="1" slack="0"/>
</pin_list>
<bind>
<opcode="and(23) " fcode="and"/>
<opset="sel_tmp16/16 "/>
</bind>
</comp>

<comp id="1528" class="1004" name="sel_tmp17_fu_1528">
<pin_list>
<pin id="1529" dir="0" index="0" bw="1" slack="0"/>
<pin id="1530" dir="0" index="1" bw="13" slack="0"/>
<pin id="1531" dir="0" index="2" bw="13" slack="0"/>
<pin id="1532" dir="1" index="3" bw="13" slack="0"/>
</pin_list>
<bind>
<opcode="select(49) " fcode="select"/>
<opset="sel_tmp17/16 "/>
</bind>
</comp>

<comp id="1536" class="1004" name="tmp_57_fu_1536">
<pin_list>
<pin id="1537" dir="0" index="0" bw="1" slack="0"/>
<pin id="1538" dir="0" index="1" bw="1" slack="2"/>
<pin id="1539" dir="1" index="2" bw="1" slack="0"/>
</pin_list>
<bind>
<opcode="or(24) " fcode="or"/>
<opset="tmp_57/16 "/>
</bind>
</comp>

<comp id="1541" class="1004" name="storemerge1_7_fu_1541">
<pin_list>
<pin id="1542" dir="0" index="0" bw="1" slack="0"/>
<pin id="1543" dir="0" index="1" bw="13" slack="0"/>
<pin id="1544" dir="0" index="2" bw="13" slack="0"/>
<pin id="1545" dir="1" index="3" bw="13" slack="0"/>
</pin_list>
<bind>
<opcode="select(49) " fcode="select"/>
<opset="storemerge1_7/16 "/>
</bind>
</comp>

<comp id="1549" class="1004" name="storemerge1_7_cast_fu_1549">
<pin_list>
<pin id="1550" dir="0" index="0" bw="13" slack="0"/>
<pin id="1551" dir="1" index="1" bw="16" slack="0"/>
</pin_list>
<bind>
<opcode="sext(35) " fcode="sext"/>
<opset="storemerge1_7_cast/16 "/>
</bind>
</comp>

<comp id="1554" class="1005" name="newIndex1_reg_1554">
<pin_list>
<pin id="1555" dir="0" index="0" bw="64" slack="3"/>
<pin id="1556" dir="1" index="1" bw="64" slack="3"/>
</pin_list>
<bind>
<opset="newIndex1 "/>
</bind>
</comp>

<comp id="1565" class="1005" name="x_0_V_addr_reg_1565">
<pin_list>
<pin id="1566" dir="0" index="0" bw="3" slack="1"/>
<pin id="1567" dir="1" index="1" bw="3" slack="1"/>
</pin_list>
<bind>
<opset="x_0_V_addr "/>
</bind>
</comp>

<comp id="1570" class="1005" name="tmp_3_reg_1570">
<pin_list>
<pin id="1571" dir="0" index="0" bw="1" slack="2"/>
<pin id="1572" dir="1" index="1" bw="1" slack="2147483647"/>
</pin_list>
<bind>
<opset="tmp_3 "/>
</bind>
</comp>

<comp id="1574" class="1005" name="tmp_4_reg_1574">
<pin_list>
<pin id="1575" dir="0" index="0" bw="1" slack="2"/>
<pin id="1576" dir="1" index="1" bw="1" slack="2147483647"/>
</pin_list>
<bind>
<opset="tmp_4 "/>
</bind>
</comp>

<comp id="1578" class="1005" name="tmp_11_reg_1578">
<pin_list>
<pin id="1579" dir="0" index="0" bw="8" slack="1"/>
<pin id="1580" dir="1" index="1" bw="8" slack="1"/>
</pin_list>
<bind>
<opset="tmp_11 "/>
</bind>
</comp>

<comp id="1583" class="1005" name="tanh_lut_V163_addr_reg_1583">
<pin_list>
<pin id="1584" dir="0" index="0" bw="8" slack="1"/>
<pin id="1585" dir="1" index="1" bw="8" slack="1"/>
</pin_list>
<bind>
<opset="tanh_lut_V163_addr "/>
</bind>
</comp>

<comp id="1588" class="1005" name="tmp_8_cast_reg_1588">
<pin_list>
<pin id="1589" dir="0" index="0" bw="13" slack="1"/>
<pin id="1590" dir="1" index="1" bw="13" slack="1"/>
</pin_list>
<bind>
<opset="tmp_8_cast "/>
</bind>
</comp>

<comp id="1593" class="1005" name="x_1_V_addr_reg_1593">
<pin_list>
<pin id="1594" dir="0" index="0" bw="3" slack="1"/>
<pin id="1595" dir="1" index="1" bw="3" slack="1"/>
</pin_list>
<bind>
<opset="x_1_V_addr "/>
</bind>
</comp>

<comp id="1598" class="1005" name="tmp_3_1_reg_1598">
<pin_list>
<pin id="1599" dir="0" index="0" bw="1" slack="2"/>
<pin id="1600" dir="1" index="1" bw="1" slack="2147483647"/>
</pin_list>
<bind>
<opset="tmp_3_1 "/>
</bind>
</comp>

<comp id="1602" class="1005" name="tmp_4_1_reg_1602">
<pin_list>
<pin id="1603" dir="0" index="0" bw="1" slack="2"/>
<pin id="1604" dir="1" index="1" bw="1" slack="2147483647"/>
</pin_list>
<bind>
<opset="tmp_4_1 "/>
</bind>
</comp>

<comp id="1606" class="1005" name="tmp_19_reg_1606">
<pin_list>
<pin id="1607" dir="0" index="0" bw="8" slack="1"/>
<pin id="1608" dir="1" index="1" bw="8" slack="1"/>
</pin_list>
<bind>
<opset="tmp_19 "/>
</bind>
</comp>

<comp id="1611" class="1005" name="tanh_lut_V163_addr_1_reg_1611">
<pin_list>
<pin id="1612" dir="0" index="0" bw="8" slack="1"/>
<pin id="1613" dir="1" index="1" bw="8" slack="1"/>
</pin_list>
<bind>
<opset="tanh_lut_V163_addr_1 "/>
</bind>
</comp>

<comp id="1619" class="1005" name="x_2_V_addr_reg_1619">
<pin_list>
<pin id="1620" dir="0" index="0" bw="3" slack="1"/>
<pin id="1621" dir="1" index="1" bw="3" slack="1"/>
</pin_list>
<bind>
<opset="x_2_V_addr "/>
</bind>
</comp>

<comp id="1624" class="1005" name="x_3_V_addr_reg_1624">
<pin_list>
<pin id="1625" dir="0" index="0" bw="3" slack="1"/>
<pin id="1626" dir="1" index="1" bw="3" slack="1"/>
</pin_list>
<bind>
<opset="x_3_V_addr "/>
</bind>
</comp>

<comp id="1629" class="1005" name="x_4_V_addr_reg_1629">
<pin_list>
<pin id="1630" dir="0" index="0" bw="3" slack="2"/>
<pin id="1631" dir="1" index="1" bw="3" slack="2"/>
</pin_list>
<bind>
<opset="x_4_V_addr "/>
</bind>
</comp>

<comp id="1634" class="1005" name="x_5_V_addr_reg_1634">
<pin_list>
<pin id="1635" dir="0" index="0" bw="3" slack="3"/>
<pin id="1636" dir="1" index="1" bw="3" slack="3"/>
</pin_list>
<bind>
<opset="x_5_V_addr "/>
</bind>
</comp>

<comp id="1639" class="1005" name="x_6_V_addr_reg_1639">
<pin_list>
<pin id="1640" dir="0" index="0" bw="3" slack="4"/>
<pin id="1641" dir="1" index="1" bw="3" slack="4"/>
</pin_list>
<bind>
<opset="x_6_V_addr "/>
</bind>
</comp>

<comp id="1644" class="1005" name="x_7_V_addr_reg_1644">
<pin_list>
<pin id="1645" dir="0" index="0" bw="3" slack="5"/>
<pin id="1646" dir="1" index="1" bw="3" slack="5"/>
</pin_list>
<bind>
<opset="x_7_V_addr "/>
</bind>
</comp>

<comp id="1649" class="1005" name="i_2_7_reg_1649">
<pin_list>
<pin id="1650" dir="0" index="0" bw="32" slack="1"/>
<pin id="1651" dir="1" index="1" bw="32" slack="1"/>
</pin_list>
<bind>
<opset="i_2_7 "/>
</bind>
</comp>

<comp id="1654" class="1005" name="tmp_3_2_reg_1654">
<pin_list>
<pin id="1655" dir="0" index="0" bw="1" slack="2"/>
<pin id="1656" dir="1" index="1" bw="1" slack="2"/>
</pin_list>
<bind>
<opset="tmp_3_2 "/>
</bind>
</comp>

<comp id="1660" class="1005" name="tmp_4_2_reg_1660">
<pin_list>
<pin id="1661" dir="0" index="0" bw="1" slack="2"/>
<pin id="1662" dir="1" index="1" bw="1" slack="2"/>
</pin_list>
<bind>
<opset="tmp_4_2 "/>
</bind>
</comp>

<comp id="1665" class="1005" name="tmp_27_reg_1665">
<pin_list>
<pin id="1666" dir="0" index="0" bw="8" slack="1"/>
<pin id="1667" dir="1" index="1" bw="8" slack="1"/>
</pin_list>
<bind>
<opset="tmp_27 "/>
</bind>
</comp>

<comp id="1670" class="1005" name="tanh_lut_V163_addr_2_reg_1670">
<pin_list>
<pin id="1671" dir="0" index="0" bw="8" slack="1"/>
<pin id="1672" dir="1" index="1" bw="8" slack="1"/>
</pin_list>
<bind>
<opset="tanh_lut_V163_addr_2 "/>
</bind>
</comp>

<comp id="1675" class="1005" name="tmp_3_3_reg_1675">
<pin_list>
<pin id="1676" dir="0" index="0" bw="1" slack="2"/>
<pin id="1677" dir="1" index="1" bw="1" slack="2"/>
</pin_list>
<bind>
<opset="tmp_3_3 "/>
</bind>
</comp>

<comp id="1681" class="1005" name="tmp_4_3_reg_1681">
<pin_list>
<pin id="1682" dir="0" index="0" bw="1" slack="2"/>
<pin id="1683" dir="1" index="1" bw="1" slack="2"/>
</pin_list>
<bind>
<opset="tmp_4_3 "/>
</bind>
</comp>

<comp id="1686" class="1005" name="tmp_36_reg_1686">
<pin_list>
<pin id="1687" dir="0" index="0" bw="8" slack="1"/>
<pin id="1688" dir="1" index="1" bw="8" slack="1"/>
</pin_list>
<bind>
<opset="tmp_36 "/>
</bind>
</comp>

<comp id="1691" class="1005" name="tanh_lut_V163_addr_3_reg_1691">
<pin_list>
<pin id="1692" dir="0" index="0" bw="8" slack="1"/>
<pin id="1693" dir="1" index="1" bw="8" slack="1"/>
</pin_list>
<bind>
<opset="tanh_lut_V163_addr_3 "/>
</bind>
</comp>

<comp id="1696" class="1005" name="tmp_3_4_reg_1696">
<pin_list>
<pin id="1697" dir="0" index="0" bw="1" slack="2"/>
<pin id="1698" dir="1" index="1" bw="1" slack="2"/>
</pin_list>
<bind>
<opset="tmp_3_4 "/>
</bind>
</comp>

<comp id="1702" class="1005" name="tmp_4_4_reg_1702">
<pin_list>
<pin id="1703" dir="0" index="0" bw="1" slack="2"/>
<pin id="1704" dir="1" index="1" bw="1" slack="2"/>
</pin_list>
<bind>
<opset="tmp_4_4 "/>
</bind>
</comp>

<comp id="1707" class="1005" name="tmp_41_reg_1707">
<pin_list>
<pin id="1708" dir="0" index="0" bw="8" slack="1"/>
<pin id="1709" dir="1" index="1" bw="8" slack="1"/>
</pin_list>
<bind>
<opset="tmp_41 "/>
</bind>
</comp>

<comp id="1712" class="1005" name="tanh_lut_V163_addr_4_reg_1712">
<pin_list>
<pin id="1713" dir="0" index="0" bw="8" slack="1"/>
<pin id="1714" dir="1" index="1" bw="8" slack="1"/>
</pin_list>
<bind>
<opset="tanh_lut_V163_addr_4 "/>
</bind>
</comp>

<comp id="1717" class="1005" name="tmp_3_5_reg_1717">
<pin_list>
<pin id="1718" dir="0" index="0" bw="1" slack="2"/>
<pin id="1719" dir="1" index="1" bw="1" slack="2"/>
</pin_list>
<bind>
<opset="tmp_3_5 "/>
</bind>
</comp>

<comp id="1723" class="1005" name="tmp_4_5_reg_1723">
<pin_list>
<pin id="1724" dir="0" index="0" bw="1" slack="2"/>
<pin id="1725" dir="1" index="1" bw="1" slack="2"/>
</pin_list>
<bind>
<opset="tmp_4_5 "/>
</bind>
</comp>

<comp id="1728" class="1005" name="tmp_46_reg_1728">
<pin_list>
<pin id="1729" dir="0" index="0" bw="8" slack="1"/>
<pin id="1730" dir="1" index="1" bw="8" slack="1"/>
</pin_list>
<bind>
<opset="tmp_46 "/>
</bind>
</comp>

<comp id="1733" class="1005" name="tanh_lut_V163_addr_5_reg_1733">
<pin_list>
<pin id="1734" dir="0" index="0" bw="8" slack="1"/>
<pin id="1735" dir="1" index="1" bw="8" slack="1"/>
</pin_list>
<bind>
<opset="tanh_lut_V163_addr_5 "/>
</bind>
</comp>

<comp id="1738" class="1005" name="tmp_3_6_reg_1738">
<pin_list>
<pin id="1739" dir="0" index="0" bw="1" slack="2"/>
<pin id="1740" dir="1" index="1" bw="1" slack="2"/>
</pin_list>
<bind>
<opset="tmp_3_6 "/>
</bind>
</comp>

<comp id="1744" class="1005" name="tmp_4_6_reg_1744">
<pin_list>
<pin id="1745" dir="0" index="0" bw="1" slack="2"/>
<pin id="1746" dir="1" index="1" bw="1" slack="2"/>
</pin_list>
<bind>
<opset="tmp_4_6 "/>
</bind>
</comp>

<comp id="1749" class="1005" name="tmp_51_reg_1749">
<pin_list>
<pin id="1750" dir="0" index="0" bw="8" slack="1"/>
<pin id="1751" dir="1" index="1" bw="8" slack="1"/>
</pin_list>
<bind>
<opset="tmp_51 "/>
</bind>
</comp>

<comp id="1754" class="1005" name="tanh_lut_V163_addr_6_reg_1754">
<pin_list>
<pin id="1755" dir="0" index="0" bw="8" slack="1"/>
<pin id="1756" dir="1" index="1" bw="8" slack="1"/>
</pin_list>
<bind>
<opset="tanh_lut_V163_addr_6 "/>
</bind>
</comp>

<comp id="1759" class="1005" name="tmp_3_7_reg_1759">
<pin_list>
<pin id="1760" dir="0" index="0" bw="1" slack="2"/>
<pin id="1761" dir="1" index="1" bw="1" slack="2"/>
</pin_list>
<bind>
<opset="tmp_3_7 "/>
</bind>
</comp>

<comp id="1765" class="1005" name="tmp_4_7_reg_1765">
<pin_list>
<pin id="1766" dir="0" index="0" bw="1" slack="2"/>
<pin id="1767" dir="1" index="1" bw="1" slack="2"/>
</pin_list>
<bind>
<opset="tmp_4_7 "/>
</bind>
</comp>

<comp id="1770" class="1005" name="tmp_56_reg_1770">
<pin_list>
<pin id="1771" dir="0" index="0" bw="8" slack="1"/>
<pin id="1772" dir="1" index="1" bw="8" slack="1"/>
</pin_list>
<bind>
<opset="tmp_56 "/>
</bind>
</comp>

<comp id="1775" class="1005" name="tanh_lut_V163_addr_7_reg_1775">
<pin_list>
<pin id="1776" dir="0" index="0" bw="8" slack="1"/>
<pin id="1777" dir="1" index="1" bw="8" slack="1"/>
</pin_list>
<bind>
<opset="tanh_lut_V163_addr_7 "/>
</bind>
</comp>

</comp_list>

<net_list>
<net id="91"><net_src comp="0" pin="0"/><net_sink comp="86" pin=0"/></net>

<net id="92"><net_src comp="34" pin="0"/><net_sink comp="86" pin=1"/></net>

<net id="98"><net_src comp="86" pin="3"/><net_sink comp="93" pin=0"/></net>

<net id="104"><net_src comp="16" pin="0"/><net_sink comp="99" pin=0"/></net>

<net id="105"><net_src comp="34" pin="0"/><net_sink comp="99" pin=1"/></net>

<net id="111"><net_src comp="99" pin="3"/><net_sink comp="106" pin=0"/></net>

<net id="117"><net_src comp="2" pin="0"/><net_sink comp="112" pin=0"/></net>

<net id="118"><net_src comp="34" pin="0"/><net_sink comp="112" pin=1"/></net>

<net id="124"><net_src comp="112" pin="3"/><net_sink comp="119" pin=0"/></net>

<net id="130"><net_src comp="16" pin="0"/><net_sink comp="125" pin=0"/></net>

<net id="131"><net_src comp="34" pin="0"/><net_sink comp="125" pin=1"/></net>

<net id="132"><net_src comp="125" pin="3"/><net_sink comp="106" pin=0"/></net>

<net id="138"><net_src comp="4" pin="0"/><net_sink comp="133" pin=0"/></net>

<net id="139"><net_src comp="34" pin="0"/><net_sink comp="133" pin=1"/></net>

<net id="145"><net_src comp="133" pin="3"/><net_sink comp="140" pin=0"/></net>

<net id="151"><net_src comp="6" pin="0"/><net_sink comp="146" pin=0"/></net>

<net id="152"><net_src comp="34" pin="0"/><net_sink comp="146" pin=1"/></net>

<net id="158"><net_src comp="8" pin="0"/><net_sink comp="153" pin=0"/></net>

<net id="159"><net_src comp="34" pin="0"/><net_sink comp="153" pin=1"/></net>

<net id="165"><net_src comp="10" pin="0"/><net_sink comp="160" pin=0"/></net>

<net id="166"><net_src comp="34" pin="0"/><net_sink comp="160" pin=1"/></net>

<net id="172"><net_src comp="12" pin="0"/><net_sink comp="167" pin=0"/></net>

<net id="173"><net_src comp="34" pin="0"/><net_sink comp="167" pin=1"/></net>

<net id="179"><net_src comp="14" pin="0"/><net_sink comp="174" pin=0"/></net>

<net id="180"><net_src comp="34" pin="0"/><net_sink comp="174" pin=1"/></net>

<net id="191"><net_src comp="16" pin="0"/><net_sink comp="186" pin=0"/></net>

<net id="192"><net_src comp="34" pin="0"/><net_sink comp="186" pin=1"/></net>

<net id="193"><net_src comp="186" pin="3"/><net_sink comp="106" pin=0"/></net>

<net id="204"><net_src comp="16" pin="0"/><net_sink comp="199" pin=0"/></net>

<net id="205"><net_src comp="34" pin="0"/><net_sink comp="199" pin=1"/></net>

<net id="206"><net_src comp="199" pin="3"/><net_sink comp="106" pin=0"/></net>

<net id="217"><net_src comp="16" pin="0"/><net_sink comp="212" pin=0"/></net>

<net id="218"><net_src comp="34" pin="0"/><net_sink comp="212" pin=1"/></net>

<net id="219"><net_src comp="212" pin="3"/><net_sink comp="106" pin=0"/></net>

<net id="230"><net_src comp="16" pin="0"/><net_sink comp="225" pin=0"/></net>

<net id="231"><net_src comp="34" pin="0"/><net_sink comp="225" pin=1"/></net>

<net id="232"><net_src comp="225" pin="3"/><net_sink comp="106" pin=0"/></net>

<net id="243"><net_src comp="16" pin="0"/><net_sink comp="238" pin=0"/></net>

<net id="244"><net_src comp="34" pin="0"/><net_sink comp="238" pin=1"/></net>

<net id="245"><net_src comp="238" pin="3"/><net_sink comp="106" pin=0"/></net>

<net id="251"><net_src comp="16" pin="0"/><net_sink comp="246" pin=0"/></net>

<net id="252"><net_src comp="34" pin="0"/><net_sink comp="246" pin=1"/></net>

<net id="253"><net_src comp="246" pin="3"/><net_sink comp="106" pin=0"/></net>

<net id="257"><net_src comp="26" pin="0"/><net_sink comp="254" pin=0"/></net>

<net id="264"><net_src comp="254" pin="1"/><net_sink comp="258" pin=0"/></net>

<net id="265"><net_src comp="258" pin="4"/><net_sink comp="254" pin=0"/></net>

<net id="269"><net_src comp="74" pin="0"/><net_sink comp="266" pin=0"/></net>

<net id="270"><net_src comp="76" pin="0"/><net_sink comp="266" pin=0"/></net>

<net id="279"><net_src comp="266" pin="1"/><net_sink comp="271" pin=0"/></net>

<net id="280"><net_src comp="266" pin="1"/><net_sink comp="271" pin=4"/></net>

<net id="284"><net_src comp="74" pin="0"/><net_sink comp="281" pin=0"/></net>

<net id="285"><net_src comp="76" pin="0"/><net_sink comp="281" pin=0"/></net>

<net id="294"><net_src comp="281" pin="1"/><net_sink comp="286" pin=0"/></net>

<net id="295"><net_src comp="281" pin="1"/><net_sink comp="286" pin=4"/></net>

<net id="302"><net_src comp="44" pin="0"/><net_sink comp="296" pin=0"/></net>

<net id="303"><net_src comp="106" pin="3"/><net_sink comp="296" pin=1"/></net>

<net id="304"><net_src comp="46" pin="0"/><net_sink comp="296" pin=2"/></net>

<net id="305"><net_src comp="48" pin="0"/><net_sink comp="296" pin=3"/></net>

<net id="312"><net_src comp="28" pin="0"/><net_sink comp="306" pin=0"/></net>

<net id="313"><net_src comp="258" pin="4"/><net_sink comp="306" pin=1"/></net>

<net id="314"><net_src comp="30" pin="0"/><net_sink comp="306" pin=2"/></net>

<net id="315"><net_src comp="32" pin="0"/><net_sink comp="306" pin=3"/></net>

<net id="319"><net_src comp="306" pin="4"/><net_sink comp="316" pin=0"/></net>

<net id="320"><net_src comp="316" pin="1"/><net_sink comp="86" pin=2"/></net>

<net id="325"><net_src comp="93" pin="3"/><net_sink comp="321" pin=0"/></net>

<net id="326"><net_src comp="40" pin="0"/><net_sink comp="321" pin=1"/></net>

<net id="331"><net_src comp="93" pin="3"/><net_sink comp="327" pin=0"/></net>

<net id="332"><net_src comp="42" pin="0"/><net_sink comp="327" pin=1"/></net>

<net id="339"><net_src comp="44" pin="0"/><net_sink comp="333" pin=0"/></net>

<net id="340"><net_src comp="93" pin="3"/><net_sink comp="333" pin=1"/></net>

<net id="341"><net_src comp="46" pin="0"/><net_sink comp="333" pin=2"/></net>

<net id="342"><net_src comp="48" pin="0"/><net_sink comp="333" pin=3"/></net>

<net id="346"><net_src comp="333" pin="4"/><net_sink comp="343" pin=0"/></net>

<net id="351"><net_src comp="50" pin="0"/><net_sink comp="347" pin=0"/></net>

<net id="352"><net_src comp="343" pin="1"/><net_sink comp="347" pin=1"/></net>

<net id="358"><net_src comp="52" pin="0"/><net_sink comp="353" pin=0"/></net>

<net id="359"><net_src comp="347" pin="2"/><net_sink comp="353" pin=1"/></net>

<net id="360"><net_src comp="54" pin="0"/><net_sink comp="353" pin=2"/></net>

<net id="366"><net_src comp="56" pin="0"/><net_sink comp="361" pin=0"/></net>

<net id="367"><net_src comp="347" pin="2"/><net_sink comp="361" pin=1"/></net>

<net id="368"><net_src comp="58" pin="0"/><net_sink comp="361" pin=2"/></net>

<net id="372"><net_src comp="361" pin="3"/><net_sink comp="369" pin=0"/></net>

<net id="377"><net_src comp="353" pin="3"/><net_sink comp="373" pin=0"/></net>

<net id="378"><net_src comp="369" pin="1"/><net_sink comp="373" pin=1"/></net>

<net id="384"><net_src comp="60" pin="0"/><net_sink comp="379" pin=0"/></net>

<net id="385"><net_src comp="373" pin="2"/><net_sink comp="379" pin=1"/></net>

<net id="386"><net_src comp="62" pin="0"/><net_sink comp="379" pin=2"/></net>

<net id="390"><net_src comp="373" pin="2"/><net_sink comp="387" pin=0"/></net>

<net id="395"><net_src comp="387" pin="1"/><net_sink comp="391" pin=0"/></net>

<net id="396"><net_src comp="64" pin="0"/><net_sink comp="391" pin=1"/></net>

<net id="403"><net_src comp="66" pin="0"/><net_sink comp="397" pin=0"/></net>

<net id="404"><net_src comp="373" pin="2"/><net_sink comp="397" pin=1"/></net>

<net id="405"><net_src comp="68" pin="0"/><net_sink comp="397" pin=2"/></net>

<net id="406"><net_src comp="70" pin="0"/><net_sink comp="397" pin=3"/></net>

<net id="411"><net_src comp="72" pin="0"/><net_sink comp="407" pin=0"/></net>

<net id="412"><net_src comp="397" pin="4"/><net_sink comp="407" pin=1"/></net>

<net id="418"><net_src comp="391" pin="2"/><net_sink comp="413" pin=0"/></net>

<net id="419"><net_src comp="397" pin="4"/><net_sink comp="413" pin=1"/></net>

<net id="420"><net_src comp="407" pin="2"/><net_sink comp="413" pin=2"/></net>

<net id="426"><net_src comp="379" pin="3"/><net_sink comp="421" pin=0"/></net>

<net id="427"><net_src comp="413" pin="3"/><net_sink comp="421" pin=1"/></net>

<net id="428"><net_src comp="397" pin="4"/><net_sink comp="421" pin=2"/></net>

<net id="432"><net_src comp="429" pin="1"/><net_sink comp="99" pin=2"/></net>

<net id="436"><net_src comp="296" pin="4"/><net_sink comp="433" pin=0"/></net>

<net id="440"><net_src comp="271" pin="6"/><net_sink comp="437" pin=0"/></net>

<net id="441"><net_src comp="437" pin="1"/><net_sink comp="93" pin=1"/></net>

<net id="446"><net_src comp="119" pin="3"/><net_sink comp="442" pin=0"/></net>

<net id="447"><net_src comp="40" pin="0"/><net_sink comp="442" pin=1"/></net>

<net id="452"><net_src comp="119" pin="3"/><net_sink comp="448" pin=0"/></net>

<net id="453"><net_src comp="42" pin="0"/><net_sink comp="448" pin=1"/></net>

<net id="460"><net_src comp="44" pin="0"/><net_sink comp="454" pin=0"/></net>

<net id="461"><net_src comp="119" pin="3"/><net_sink comp="454" pin=1"/></net>

<net id="462"><net_src comp="46" pin="0"/><net_sink comp="454" pin=2"/></net>

<net id="463"><net_src comp="48" pin="0"/><net_sink comp="454" pin=3"/></net>

<net id="467"><net_src comp="454" pin="4"/><net_sink comp="464" pin=0"/></net>

<net id="472"><net_src comp="50" pin="0"/><net_sink comp="468" pin=0"/></net>

<net id="473"><net_src comp="464" pin="1"/><net_sink comp="468" pin=1"/></net>

<net id="479"><net_src comp="52" pin="0"/><net_sink comp="474" pin=0"/></net>

<net id="480"><net_src comp="468" pin="2"/><net_sink comp="474" pin=1"/></net>

<net id="481"><net_src comp="54" pin="0"/><net_sink comp="474" pin=2"/></net>

<net id="487"><net_src comp="56" pin="0"/><net_sink comp="482" pin=0"/></net>

<net id="488"><net_src comp="468" pin="2"/><net_sink comp="482" pin=1"/></net>

<net id="489"><net_src comp="58" pin="0"/><net_sink comp="482" pin=2"/></net>

<net id="493"><net_src comp="482" pin="3"/><net_sink comp="490" pin=0"/></net>

<net id="498"><net_src comp="474" pin="3"/><net_sink comp="494" pin=0"/></net>

<net id="499"><net_src comp="490" pin="1"/><net_sink comp="494" pin=1"/></net>

<net id="505"><net_src comp="60" pin="0"/><net_sink comp="500" pin=0"/></net>

<net id="506"><net_src comp="494" pin="2"/><net_sink comp="500" pin=1"/></net>

<net id="507"><net_src comp="62" pin="0"/><net_sink comp="500" pin=2"/></net>

<net id="511"><net_src comp="494" pin="2"/><net_sink comp="508" pin=0"/></net>

<net id="516"><net_src comp="508" pin="1"/><net_sink comp="512" pin=0"/></net>

<net id="517"><net_src comp="64" pin="0"/><net_sink comp="512" pin=1"/></net>

<net id="524"><net_src comp="66" pin="0"/><net_sink comp="518" pin=0"/></net>

<net id="525"><net_src comp="494" pin="2"/><net_sink comp="518" pin=1"/></net>

<net id="526"><net_src comp="68" pin="0"/><net_sink comp="518" pin=2"/></net>

<net id="527"><net_src comp="70" pin="0"/><net_sink comp="518" pin=3"/></net>

<net id="532"><net_src comp="72" pin="0"/><net_sink comp="528" pin=0"/></net>

<net id="533"><net_src comp="518" pin="4"/><net_sink comp="528" pin=1"/></net>

<net id="539"><net_src comp="512" pin="2"/><net_sink comp="534" pin=0"/></net>

<net id="540"><net_src comp="518" pin="4"/><net_sink comp="534" pin=1"/></net>

<net id="541"><net_src comp="528" pin="2"/><net_sink comp="534" pin=2"/></net>

<net id="547"><net_src comp="500" pin="3"/><net_sink comp="542" pin=0"/></net>

<net id="548"><net_src comp="534" pin="3"/><net_sink comp="542" pin=1"/></net>

<net id="549"><net_src comp="518" pin="4"/><net_sink comp="542" pin=2"/></net>

<net id="553"><net_src comp="550" pin="1"/><net_sink comp="125" pin=2"/></net>

<net id="557"><net_src comp="296" pin="4"/><net_sink comp="554" pin=0"/></net>

<net id="558"><net_src comp="554" pin="1"/><net_sink comp="286" pin=2"/></net>

<net id="562"><net_src comp="286" pin="6"/><net_sink comp="559" pin=0"/></net>

<net id="563"><net_src comp="559" pin="1"/><net_sink comp="119" pin=1"/></net>

<net id="568"><net_src comp="254" pin="1"/><net_sink comp="564" pin=0"/></net>

<net id="569"><net_src comp="78" pin="0"/><net_sink comp="564" pin=1"/></net>

<net id="574"><net_src comp="564" pin="2"/><net_sink comp="570" pin=0"/></net>

<net id="575"><net_src comp="80" pin="0"/><net_sink comp="570" pin=1"/></net>

<net id="580"><net_src comp="82" pin="0"/><net_sink comp="576" pin=0"/></net>

<net id="581"><net_src comp="254" pin="1"/><net_sink comp="576" pin=1"/></net>

<net id="586"><net_src comp="140" pin="3"/><net_sink comp="582" pin=0"/></net>

<net id="587"><net_src comp="40" pin="0"/><net_sink comp="582" pin=1"/></net>

<net id="592"><net_src comp="140" pin="3"/><net_sink comp="588" pin=0"/></net>

<net id="593"><net_src comp="42" pin="0"/><net_sink comp="588" pin=1"/></net>

<net id="600"><net_src comp="44" pin="0"/><net_sink comp="594" pin=0"/></net>

<net id="601"><net_src comp="140" pin="3"/><net_sink comp="594" pin=1"/></net>

<net id="602"><net_src comp="46" pin="0"/><net_sink comp="594" pin=2"/></net>

<net id="603"><net_src comp="48" pin="0"/><net_sink comp="594" pin=3"/></net>

<net id="607"><net_src comp="594" pin="4"/><net_sink comp="604" pin=0"/></net>

<net id="612"><net_src comp="50" pin="0"/><net_sink comp="608" pin=0"/></net>

<net id="613"><net_src comp="604" pin="1"/><net_sink comp="608" pin=1"/></net>

<net id="619"><net_src comp="52" pin="0"/><net_sink comp="614" pin=0"/></net>

<net id="620"><net_src comp="608" pin="2"/><net_sink comp="614" pin=1"/></net>

<net id="621"><net_src comp="54" pin="0"/><net_sink comp="614" pin=2"/></net>

<net id="627"><net_src comp="56" pin="0"/><net_sink comp="622" pin=0"/></net>

<net id="628"><net_src comp="608" pin="2"/><net_sink comp="622" pin=1"/></net>

<net id="629"><net_src comp="58" pin="0"/><net_sink comp="622" pin=2"/></net>

<net id="633"><net_src comp="622" pin="3"/><net_sink comp="630" pin=0"/></net>

<net id="638"><net_src comp="614" pin="3"/><net_sink comp="634" pin=0"/></net>

<net id="639"><net_src comp="630" pin="1"/><net_sink comp="634" pin=1"/></net>

<net id="645"><net_src comp="60" pin="0"/><net_sink comp="640" pin=0"/></net>

<net id="646"><net_src comp="634" pin="2"/><net_sink comp="640" pin=1"/></net>

<net id="647"><net_src comp="62" pin="0"/><net_sink comp="640" pin=2"/></net>

<net id="651"><net_src comp="634" pin="2"/><net_sink comp="648" pin=0"/></net>

<net id="656"><net_src comp="648" pin="1"/><net_sink comp="652" pin=0"/></net>

<net id="657"><net_src comp="64" pin="0"/><net_sink comp="652" pin=1"/></net>

<net id="664"><net_src comp="66" pin="0"/><net_sink comp="658" pin=0"/></net>

<net id="665"><net_src comp="634" pin="2"/><net_sink comp="658" pin=1"/></net>

<net id="666"><net_src comp="68" pin="0"/><net_sink comp="658" pin=2"/></net>

<net id="667"><net_src comp="70" pin="0"/><net_sink comp="658" pin=3"/></net>

<net id="672"><net_src comp="72" pin="0"/><net_sink comp="668" pin=0"/></net>

<net id="673"><net_src comp="658" pin="4"/><net_sink comp="668" pin=1"/></net>

<net id="679"><net_src comp="652" pin="2"/><net_sink comp="674" pin=0"/></net>

<net id="680"><net_src comp="658" pin="4"/><net_sink comp="674" pin=1"/></net>

<net id="681"><net_src comp="668" pin="2"/><net_sink comp="674" pin=2"/></net>

<net id="687"><net_src comp="640" pin="3"/><net_sink comp="682" pin=0"/></net>

<net id="688"><net_src comp="674" pin="3"/><net_sink comp="682" pin=1"/></net>

<net id="689"><net_src comp="658" pin="4"/><net_sink comp="682" pin=2"/></net>

<net id="693"><net_src comp="690" pin="1"/><net_sink comp="186" pin=2"/></net>

<net id="698"><net_src comp="181" pin="3"/><net_sink comp="694" pin=0"/></net>

<net id="699"><net_src comp="40" pin="0"/><net_sink comp="694" pin=1"/></net>

<net id="704"><net_src comp="181" pin="3"/><net_sink comp="700" pin=0"/></net>

<net id="705"><net_src comp="42" pin="0"/><net_sink comp="700" pin=1"/></net>

<net id="712"><net_src comp="44" pin="0"/><net_sink comp="706" pin=0"/></net>

<net id="713"><net_src comp="181" pin="3"/><net_sink comp="706" pin=1"/></net>

<net id="714"><net_src comp="46" pin="0"/><net_sink comp="706" pin=2"/></net>

<net id="715"><net_src comp="48" pin="0"/><net_sink comp="706" pin=3"/></net>

<net id="719"><net_src comp="706" pin="4"/><net_sink comp="716" pin=0"/></net>

<net id="724"><net_src comp="50" pin="0"/><net_sink comp="720" pin=0"/></net>

<net id="725"><net_src comp="716" pin="1"/><net_sink comp="720" pin=1"/></net>

<net id="731"><net_src comp="52" pin="0"/><net_sink comp="726" pin=0"/></net>

<net id="732"><net_src comp="720" pin="2"/><net_sink comp="726" pin=1"/></net>

<net id="733"><net_src comp="54" pin="0"/><net_sink comp="726" pin=2"/></net>

<net id="739"><net_src comp="56" pin="0"/><net_sink comp="734" pin=0"/></net>

<net id="740"><net_src comp="720" pin="2"/><net_sink comp="734" pin=1"/></net>

<net id="741"><net_src comp="58" pin="0"/><net_sink comp="734" pin=2"/></net>

<net id="745"><net_src comp="734" pin="3"/><net_sink comp="742" pin=0"/></net>

<net id="750"><net_src comp="726" pin="3"/><net_sink comp="746" pin=0"/></net>

<net id="751"><net_src comp="742" pin="1"/><net_sink comp="746" pin=1"/></net>

<net id="757"><net_src comp="60" pin="0"/><net_sink comp="752" pin=0"/></net>

<net id="758"><net_src comp="746" pin="2"/><net_sink comp="752" pin=1"/></net>

<net id="759"><net_src comp="62" pin="0"/><net_sink comp="752" pin=2"/></net>

<net id="763"><net_src comp="746" pin="2"/><net_sink comp="760" pin=0"/></net>

<net id="768"><net_src comp="760" pin="1"/><net_sink comp="764" pin=0"/></net>

<net id="769"><net_src comp="64" pin="0"/><net_sink comp="764" pin=1"/></net>

<net id="776"><net_src comp="66" pin="0"/><net_sink comp="770" pin=0"/></net>

<net id="777"><net_src comp="746" pin="2"/><net_sink comp="770" pin=1"/></net>

<net id="778"><net_src comp="68" pin="0"/><net_sink comp="770" pin=2"/></net>

<net id="779"><net_src comp="70" pin="0"/><net_sink comp="770" pin=3"/></net>

<net id="784"><net_src comp="72" pin="0"/><net_sink comp="780" pin=0"/></net>

<net id="785"><net_src comp="770" pin="4"/><net_sink comp="780" pin=1"/></net>

<net id="791"><net_src comp="764" pin="2"/><net_sink comp="786" pin=0"/></net>

<net id="792"><net_src comp="770" pin="4"/><net_sink comp="786" pin=1"/></net>

<net id="793"><net_src comp="780" pin="2"/><net_sink comp="786" pin=2"/></net>

<net id="799"><net_src comp="752" pin="3"/><net_sink comp="794" pin=0"/></net>

<net id="800"><net_src comp="786" pin="3"/><net_sink comp="794" pin=1"/></net>

<net id="801"><net_src comp="770" pin="4"/><net_sink comp="794" pin=2"/></net>

<net id="808"><net_src comp="44" pin="0"/><net_sink comp="802" pin=0"/></net>

<net id="809"><net_src comp="106" pin="3"/><net_sink comp="802" pin=1"/></net>

<net id="810"><net_src comp="46" pin="0"/><net_sink comp="802" pin=2"/></net>

<net id="811"><net_src comp="48" pin="0"/><net_sink comp="802" pin=3"/></net>

<net id="815"><net_src comp="802" pin="4"/><net_sink comp="812" pin=0"/></net>

<net id="820"><net_src comp="84" pin="0"/><net_sink comp="816" pin=1"/></net>

<net id="825"><net_src comp="816" pin="2"/><net_sink comp="821" pin=1"/></net>

<net id="831"><net_src comp="821" pin="2"/><net_sink comp="826" pin=0"/></net>

<net id="832"><net_src comp="76" pin="0"/><net_sink comp="826" pin=1"/></net>

<net id="833"><net_src comp="74" pin="0"/><net_sink comp="826" pin=2"/></net>

<net id="838"><net_src comp="821" pin="2"/><net_sink comp="834" pin=0"/></net>

<net id="844"><net_src comp="834" pin="2"/><net_sink comp="839" pin=0"/></net>

<net id="845"><net_src comp="826" pin="3"/><net_sink comp="839" pin=1"/></net>

<net id="846"><net_src comp="812" pin="1"/><net_sink comp="839" pin=2"/></net>

<net id="850"><net_src comp="839" pin="3"/><net_sink comp="847" pin=0"/></net>

<net id="851"><net_src comp="847" pin="1"/><net_sink comp="140" pin=1"/></net>

<net id="855"><net_src comp="852" pin="1"/><net_sink comp="199" pin=2"/></net>

<net id="860"><net_src comp="194" pin="3"/><net_sink comp="856" pin=0"/></net>

<net id="861"><net_src comp="40" pin="0"/><net_sink comp="856" pin=1"/></net>

<net id="866"><net_src comp="194" pin="3"/><net_sink comp="862" pin=0"/></net>

<net id="867"><net_src comp="42" pin="0"/><net_sink comp="862" pin=1"/></net>

<net id="874"><net_src comp="44" pin="0"/><net_sink comp="868" pin=0"/></net>

<net id="875"><net_src comp="194" pin="3"/><net_sink comp="868" pin=1"/></net>

<net id="876"><net_src comp="46" pin="0"/><net_sink comp="868" pin=2"/></net>

<net id="877"><net_src comp="48" pin="0"/><net_sink comp="868" pin=3"/></net>

<net id="881"><net_src comp="868" pin="4"/><net_sink comp="878" pin=0"/></net>

<net id="886"><net_src comp="50" pin="0"/><net_sink comp="882" pin=0"/></net>

<net id="887"><net_src comp="878" pin="1"/><net_sink comp="882" pin=1"/></net>

<net id="893"><net_src comp="52" pin="0"/><net_sink comp="888" pin=0"/></net>

<net id="894"><net_src comp="882" pin="2"/><net_sink comp="888" pin=1"/></net>

<net id="895"><net_src comp="54" pin="0"/><net_sink comp="888" pin=2"/></net>

<net id="901"><net_src comp="56" pin="0"/><net_sink comp="896" pin=0"/></net>

<net id="902"><net_src comp="882" pin="2"/><net_sink comp="896" pin=1"/></net>

<net id="903"><net_src comp="58" pin="0"/><net_sink comp="896" pin=2"/></net>

<net id="907"><net_src comp="896" pin="3"/><net_sink comp="904" pin=0"/></net>

<net id="912"><net_src comp="888" pin="3"/><net_sink comp="908" pin=0"/></net>

<net id="913"><net_src comp="904" pin="1"/><net_sink comp="908" pin=1"/></net>

<net id="919"><net_src comp="60" pin="0"/><net_sink comp="914" pin=0"/></net>

<net id="920"><net_src comp="908" pin="2"/><net_sink comp="914" pin=1"/></net>

<net id="921"><net_src comp="62" pin="0"/><net_sink comp="914" pin=2"/></net>

<net id="925"><net_src comp="908" pin="2"/><net_sink comp="922" pin=0"/></net>

<net id="930"><net_src comp="922" pin="1"/><net_sink comp="926" pin=0"/></net>

<net id="931"><net_src comp="64" pin="0"/><net_sink comp="926" pin=1"/></net>

<net id="938"><net_src comp="66" pin="0"/><net_sink comp="932" pin=0"/></net>

<net id="939"><net_src comp="908" pin="2"/><net_sink comp="932" pin=1"/></net>

<net id="940"><net_src comp="68" pin="0"/><net_sink comp="932" pin=2"/></net>

<net id="941"><net_src comp="70" pin="0"/><net_sink comp="932" pin=3"/></net>

<net id="946"><net_src comp="72" pin="0"/><net_sink comp="942" pin=0"/></net>

<net id="947"><net_src comp="932" pin="4"/><net_sink comp="942" pin=1"/></net>

<net id="953"><net_src comp="926" pin="2"/><net_sink comp="948" pin=0"/></net>

<net id="954"><net_src comp="932" pin="4"/><net_sink comp="948" pin=1"/></net>

<net id="955"><net_src comp="942" pin="2"/><net_sink comp="948" pin=2"/></net>

<net id="961"><net_src comp="914" pin="3"/><net_sink comp="956" pin=0"/></net>

<net id="962"><net_src comp="948" pin="3"/><net_sink comp="956" pin=1"/></net>

<net id="963"><net_src comp="932" pin="4"/><net_sink comp="956" pin=2"/></net>

<net id="970"><net_src comp="44" pin="0"/><net_sink comp="964" pin=0"/></net>

<net id="971"><net_src comp="106" pin="3"/><net_sink comp="964" pin=1"/></net>

<net id="972"><net_src comp="46" pin="0"/><net_sink comp="964" pin=2"/></net>

<net id="973"><net_src comp="48" pin="0"/><net_sink comp="964" pin=3"/></net>

<net id="977"><net_src comp="964" pin="4"/><net_sink comp="974" pin=0"/></net>

<net id="982"><net_src comp="84" pin="0"/><net_sink comp="978" pin=1"/></net>

<net id="987"><net_src comp="978" pin="2"/><net_sink comp="983" pin=1"/></net>

<net id="993"><net_src comp="983" pin="2"/><net_sink comp="988" pin=0"/></net>

<net id="994"><net_src comp="76" pin="0"/><net_sink comp="988" pin=1"/></net>

<net id="995"><net_src comp="74" pin="0"/><net_sink comp="988" pin=2"/></net>

<net id="1000"><net_src comp="983" pin="2"/><net_sink comp="996" pin=0"/></net>

<net id="1006"><net_src comp="996" pin="2"/><net_sink comp="1001" pin=0"/></net>

<net id="1007"><net_src comp="988" pin="3"/><net_sink comp="1001" pin=1"/></net>

<net id="1008"><net_src comp="974" pin="1"/><net_sink comp="1001" pin=2"/></net>

<net id="1012"><net_src comp="1001" pin="3"/><net_sink comp="1009" pin=0"/></net>

<net id="1013"><net_src comp="1009" pin="1"/><net_sink comp="181" pin=1"/></net>

<net id="1017"><net_src comp="1014" pin="1"/><net_sink comp="212" pin=2"/></net>

<net id="1022"><net_src comp="207" pin="3"/><net_sink comp="1018" pin=0"/></net>

<net id="1023"><net_src comp="40" pin="0"/><net_sink comp="1018" pin=1"/></net>

<net id="1028"><net_src comp="207" pin="3"/><net_sink comp="1024" pin=0"/></net>

<net id="1029"><net_src comp="42" pin="0"/><net_sink comp="1024" pin=1"/></net>

<net id="1036"><net_src comp="44" pin="0"/><net_sink comp="1030" pin=0"/></net>

<net id="1037"><net_src comp="207" pin="3"/><net_sink comp="1030" pin=1"/></net>

<net id="1038"><net_src comp="46" pin="0"/><net_sink comp="1030" pin=2"/></net>

<net id="1039"><net_src comp="48" pin="0"/><net_sink comp="1030" pin=3"/></net>

<net id="1043"><net_src comp="1030" pin="4"/><net_sink comp="1040" pin=0"/></net>

<net id="1048"><net_src comp="50" pin="0"/><net_sink comp="1044" pin=0"/></net>

<net id="1049"><net_src comp="1040" pin="1"/><net_sink comp="1044" pin=1"/></net>

<net id="1055"><net_src comp="52" pin="0"/><net_sink comp="1050" pin=0"/></net>

<net id="1056"><net_src comp="1044" pin="2"/><net_sink comp="1050" pin=1"/></net>

<net id="1057"><net_src comp="54" pin="0"/><net_sink comp="1050" pin=2"/></net>

<net id="1063"><net_src comp="56" pin="0"/><net_sink comp="1058" pin=0"/></net>

<net id="1064"><net_src comp="1044" pin="2"/><net_sink comp="1058" pin=1"/></net>

<net id="1065"><net_src comp="58" pin="0"/><net_sink comp="1058" pin=2"/></net>

<net id="1069"><net_src comp="1058" pin="3"/><net_sink comp="1066" pin=0"/></net>

<net id="1074"><net_src comp="1050" pin="3"/><net_sink comp="1070" pin=0"/></net>

<net id="1075"><net_src comp="1066" pin="1"/><net_sink comp="1070" pin=1"/></net>

<net id="1081"><net_src comp="60" pin="0"/><net_sink comp="1076" pin=0"/></net>

<net id="1082"><net_src comp="1070" pin="2"/><net_sink comp="1076" pin=1"/></net>

<net id="1083"><net_src comp="62" pin="0"/><net_sink comp="1076" pin=2"/></net>

<net id="1087"><net_src comp="1070" pin="2"/><net_sink comp="1084" pin=0"/></net>

<net id="1092"><net_src comp="1084" pin="1"/><net_sink comp="1088" pin=0"/></net>

<net id="1093"><net_src comp="64" pin="0"/><net_sink comp="1088" pin=1"/></net>

<net id="1100"><net_src comp="66" pin="0"/><net_sink comp="1094" pin=0"/></net>

<net id="1101"><net_src comp="1070" pin="2"/><net_sink comp="1094" pin=1"/></net>

<net id="1102"><net_src comp="68" pin="0"/><net_sink comp="1094" pin=2"/></net>

<net id="1103"><net_src comp="70" pin="0"/><net_sink comp="1094" pin=3"/></net>

<net id="1108"><net_src comp="72" pin="0"/><net_sink comp="1104" pin=0"/></net>

<net id="1109"><net_src comp="1094" pin="4"/><net_sink comp="1104" pin=1"/></net>

<net id="1115"><net_src comp="1088" pin="2"/><net_sink comp="1110" pin=0"/></net>

<net id="1116"><net_src comp="1094" pin="4"/><net_sink comp="1110" pin=1"/></net>

<net id="1117"><net_src comp="1104" pin="2"/><net_sink comp="1110" pin=2"/></net>

<net id="1123"><net_src comp="1076" pin="3"/><net_sink comp="1118" pin=0"/></net>

<net id="1124"><net_src comp="1110" pin="3"/><net_sink comp="1118" pin=1"/></net>

<net id="1125"><net_src comp="1094" pin="4"/><net_sink comp="1118" pin=2"/></net>

<net id="1132"><net_src comp="44" pin="0"/><net_sink comp="1126" pin=0"/></net>

<net id="1133"><net_src comp="106" pin="3"/><net_sink comp="1126" pin=1"/></net>

<net id="1134"><net_src comp="46" pin="0"/><net_sink comp="1126" pin=2"/></net>

<net id="1135"><net_src comp="48" pin="0"/><net_sink comp="1126" pin=3"/></net>

<net id="1139"><net_src comp="1126" pin="4"/><net_sink comp="1136" pin=0"/></net>

<net id="1144"><net_src comp="84" pin="0"/><net_sink comp="1140" pin=1"/></net>

<net id="1149"><net_src comp="1140" pin="2"/><net_sink comp="1145" pin=1"/></net>

<net id="1155"><net_src comp="1145" pin="2"/><net_sink comp="1150" pin=0"/></net>

<net id="1156"><net_src comp="76" pin="0"/><net_sink comp="1150" pin=1"/></net>

<net id="1157"><net_src comp="74" pin="0"/><net_sink comp="1150" pin=2"/></net>

<net id="1162"><net_src comp="1145" pin="2"/><net_sink comp="1158" pin=0"/></net>

<net id="1168"><net_src comp="1158" pin="2"/><net_sink comp="1163" pin=0"/></net>

<net id="1169"><net_src comp="1150" pin="3"/><net_sink comp="1163" pin=1"/></net>

<net id="1170"><net_src comp="1136" pin="1"/><net_sink comp="1163" pin=2"/></net>

<net id="1174"><net_src comp="1163" pin="3"/><net_sink comp="1171" pin=0"/></net>

<net id="1175"><net_src comp="1171" pin="1"/><net_sink comp="194" pin=1"/></net>

<net id="1179"><net_src comp="1176" pin="1"/><net_sink comp="225" pin=2"/></net>

<net id="1184"><net_src comp="220" pin="3"/><net_sink comp="1180" pin=0"/></net>

<net id="1185"><net_src comp="40" pin="0"/><net_sink comp="1180" pin=1"/></net>

<net id="1190"><net_src comp="220" pin="3"/><net_sink comp="1186" pin=0"/></net>

<net id="1191"><net_src comp="42" pin="0"/><net_sink comp="1186" pin=1"/></net>

<net id="1198"><net_src comp="44" pin="0"/><net_sink comp="1192" pin=0"/></net>

<net id="1199"><net_src comp="220" pin="3"/><net_sink comp="1192" pin=1"/></net>

<net id="1200"><net_src comp="46" pin="0"/><net_sink comp="1192" pin=2"/></net>

<net id="1201"><net_src comp="48" pin="0"/><net_sink comp="1192" pin=3"/></net>

<net id="1205"><net_src comp="1192" pin="4"/><net_sink comp="1202" pin=0"/></net>

<net id="1210"><net_src comp="50" pin="0"/><net_sink comp="1206" pin=0"/></net>

<net id="1211"><net_src comp="1202" pin="1"/><net_sink comp="1206" pin=1"/></net>

<net id="1217"><net_src comp="52" pin="0"/><net_sink comp="1212" pin=0"/></net>

<net id="1218"><net_src comp="1206" pin="2"/><net_sink comp="1212" pin=1"/></net>

<net id="1219"><net_src comp="54" pin="0"/><net_sink comp="1212" pin=2"/></net>

<net id="1225"><net_src comp="56" pin="0"/><net_sink comp="1220" pin=0"/></net>

<net id="1226"><net_src comp="1206" pin="2"/><net_sink comp="1220" pin=1"/></net>

<net id="1227"><net_src comp="58" pin="0"/><net_sink comp="1220" pin=2"/></net>

<net id="1231"><net_src comp="1220" pin="3"/><net_sink comp="1228" pin=0"/></net>

<net id="1236"><net_src comp="1212" pin="3"/><net_sink comp="1232" pin=0"/></net>

<net id="1237"><net_src comp="1228" pin="1"/><net_sink comp="1232" pin=1"/></net>

<net id="1243"><net_src comp="60" pin="0"/><net_sink comp="1238" pin=0"/></net>

<net id="1244"><net_src comp="1232" pin="2"/><net_sink comp="1238" pin=1"/></net>

<net id="1245"><net_src comp="62" pin="0"/><net_sink comp="1238" pin=2"/></net>

<net id="1249"><net_src comp="1232" pin="2"/><net_sink comp="1246" pin=0"/></net>

<net id="1254"><net_src comp="1246" pin="1"/><net_sink comp="1250" pin=0"/></net>

<net id="1255"><net_src comp="64" pin="0"/><net_sink comp="1250" pin=1"/></net>

<net id="1262"><net_src comp="66" pin="0"/><net_sink comp="1256" pin=0"/></net>

<net id="1263"><net_src comp="1232" pin="2"/><net_sink comp="1256" pin=1"/></net>

<net id="1264"><net_src comp="68" pin="0"/><net_sink comp="1256" pin=2"/></net>

<net id="1265"><net_src comp="70" pin="0"/><net_sink comp="1256" pin=3"/></net>

<net id="1270"><net_src comp="72" pin="0"/><net_sink comp="1266" pin=0"/></net>

<net id="1271"><net_src comp="1256" pin="4"/><net_sink comp="1266" pin=1"/></net>

<net id="1277"><net_src comp="1250" pin="2"/><net_sink comp="1272" pin=0"/></net>

<net id="1278"><net_src comp="1256" pin="4"/><net_sink comp="1272" pin=1"/></net>

<net id="1279"><net_src comp="1266" pin="2"/><net_sink comp="1272" pin=2"/></net>

<net id="1285"><net_src comp="1238" pin="3"/><net_sink comp="1280" pin=0"/></net>

<net id="1286"><net_src comp="1272" pin="3"/><net_sink comp="1280" pin=1"/></net>

<net id="1287"><net_src comp="1256" pin="4"/><net_sink comp="1280" pin=2"/></net>

<net id="1294"><net_src comp="44" pin="0"/><net_sink comp="1288" pin=0"/></net>

<net id="1295"><net_src comp="106" pin="3"/><net_sink comp="1288" pin=1"/></net>

<net id="1296"><net_src comp="46" pin="0"/><net_sink comp="1288" pin=2"/></net>

<net id="1297"><net_src comp="48" pin="0"/><net_sink comp="1288" pin=3"/></net>

<net id="1301"><net_src comp="1288" pin="4"/><net_sink comp="1298" pin=0"/></net>

<net id="1306"><net_src comp="84" pin="0"/><net_sink comp="1302" pin=1"/></net>

<net id="1311"><net_src comp="1302" pin="2"/><net_sink comp="1307" pin=1"/></net>

<net id="1317"><net_src comp="1307" pin="2"/><net_sink comp="1312" pin=0"/></net>

<net id="1318"><net_src comp="76" pin="0"/><net_sink comp="1312" pin=1"/></net>

<net id="1319"><net_src comp="74" pin="0"/><net_sink comp="1312" pin=2"/></net>

<net id="1324"><net_src comp="1307" pin="2"/><net_sink comp="1320" pin=0"/></net>

<net id="1330"><net_src comp="1320" pin="2"/><net_sink comp="1325" pin=0"/></net>

<net id="1331"><net_src comp="1312" pin="3"/><net_sink comp="1325" pin=1"/></net>

<net id="1332"><net_src comp="1298" pin="1"/><net_sink comp="1325" pin=2"/></net>

<net id="1336"><net_src comp="1325" pin="3"/><net_sink comp="1333" pin=0"/></net>

<net id="1337"><net_src comp="1333" pin="1"/><net_sink comp="207" pin=1"/></net>

<net id="1341"><net_src comp="1338" pin="1"/><net_sink comp="238" pin=2"/></net>

<net id="1346"><net_src comp="233" pin="3"/><net_sink comp="1342" pin=0"/></net>

<net id="1347"><net_src comp="40" pin="0"/><net_sink comp="1342" pin=1"/></net>

<net id="1352"><net_src comp="233" pin="3"/><net_sink comp="1348" pin=0"/></net>

<net id="1353"><net_src comp="42" pin="0"/><net_sink comp="1348" pin=1"/></net>

<net id="1360"><net_src comp="44" pin="0"/><net_sink comp="1354" pin=0"/></net>

<net id="1361"><net_src comp="233" pin="3"/><net_sink comp="1354" pin=1"/></net>

<net id="1362"><net_src comp="46" pin="0"/><net_sink comp="1354" pin=2"/></net>

<net id="1363"><net_src comp="48" pin="0"/><net_sink comp="1354" pin=3"/></net>

<net id="1367"><net_src comp="1354" pin="4"/><net_sink comp="1364" pin=0"/></net>

<net id="1372"><net_src comp="50" pin="0"/><net_sink comp="1368" pin=0"/></net>

<net id="1373"><net_src comp="1364" pin="1"/><net_sink comp="1368" pin=1"/></net>

<net id="1379"><net_src comp="52" pin="0"/><net_sink comp="1374" pin=0"/></net>

<net id="1380"><net_src comp="1368" pin="2"/><net_sink comp="1374" pin=1"/></net>

<net id="1381"><net_src comp="54" pin="0"/><net_sink comp="1374" pin=2"/></net>

<net id="1387"><net_src comp="56" pin="0"/><net_sink comp="1382" pin=0"/></net>

<net id="1388"><net_src comp="1368" pin="2"/><net_sink comp="1382" pin=1"/></net>

<net id="1389"><net_src comp="58" pin="0"/><net_sink comp="1382" pin=2"/></net>

<net id="1393"><net_src comp="1382" pin="3"/><net_sink comp="1390" pin=0"/></net>

<net id="1398"><net_src comp="1374" pin="3"/><net_sink comp="1394" pin=0"/></net>

<net id="1399"><net_src comp="1390" pin="1"/><net_sink comp="1394" pin=1"/></net>

<net id="1405"><net_src comp="60" pin="0"/><net_sink comp="1400" pin=0"/></net>

<net id="1406"><net_src comp="1394" pin="2"/><net_sink comp="1400" pin=1"/></net>

<net id="1407"><net_src comp="62" pin="0"/><net_sink comp="1400" pin=2"/></net>

<net id="1411"><net_src comp="1394" pin="2"/><net_sink comp="1408" pin=0"/></net>

<net id="1416"><net_src comp="1408" pin="1"/><net_sink comp="1412" pin=0"/></net>

<net id="1417"><net_src comp="64" pin="0"/><net_sink comp="1412" pin=1"/></net>

<net id="1424"><net_src comp="66" pin="0"/><net_sink comp="1418" pin=0"/></net>

<net id="1425"><net_src comp="1394" pin="2"/><net_sink comp="1418" pin=1"/></net>

<net id="1426"><net_src comp="68" pin="0"/><net_sink comp="1418" pin=2"/></net>

<net id="1427"><net_src comp="70" pin="0"/><net_sink comp="1418" pin=3"/></net>

<net id="1432"><net_src comp="72" pin="0"/><net_sink comp="1428" pin=0"/></net>

<net id="1433"><net_src comp="1418" pin="4"/><net_sink comp="1428" pin=1"/></net>

<net id="1439"><net_src comp="1412" pin="2"/><net_sink comp="1434" pin=0"/></net>

<net id="1440"><net_src comp="1418" pin="4"/><net_sink comp="1434" pin=1"/></net>

<net id="1441"><net_src comp="1428" pin="2"/><net_sink comp="1434" pin=2"/></net>

<net id="1447"><net_src comp="1400" pin="3"/><net_sink comp="1442" pin=0"/></net>

<net id="1448"><net_src comp="1434" pin="3"/><net_sink comp="1442" pin=1"/></net>

<net id="1449"><net_src comp="1418" pin="4"/><net_sink comp="1442" pin=2"/></net>

<net id="1456"><net_src comp="44" pin="0"/><net_sink comp="1450" pin=0"/></net>

<net id="1457"><net_src comp="106" pin="3"/><net_sink comp="1450" pin=1"/></net>

<net id="1458"><net_src comp="46" pin="0"/><net_sink comp="1450" pin=2"/></net>

<net id="1459"><net_src comp="48" pin="0"/><net_sink comp="1450" pin=3"/></net>

<net id="1463"><net_src comp="1450" pin="4"/><net_sink comp="1460" pin=0"/></net>

<net id="1468"><net_src comp="84" pin="0"/><net_sink comp="1464" pin=1"/></net>

<net id="1473"><net_src comp="1464" pin="2"/><net_sink comp="1469" pin=1"/></net>

<net id="1479"><net_src comp="1469" pin="2"/><net_sink comp="1474" pin=0"/></net>

<net id="1480"><net_src comp="76" pin="0"/><net_sink comp="1474" pin=1"/></net>

<net id="1481"><net_src comp="74" pin="0"/><net_sink comp="1474" pin=2"/></net>

<net id="1486"><net_src comp="1469" pin="2"/><net_sink comp="1482" pin=0"/></net>

<net id="1492"><net_src comp="1482" pin="2"/><net_sink comp="1487" pin=0"/></net>

<net id="1493"><net_src comp="1474" pin="3"/><net_sink comp="1487" pin=1"/></net>

<net id="1494"><net_src comp="1460" pin="1"/><net_sink comp="1487" pin=2"/></net>

<net id="1498"><net_src comp="1487" pin="3"/><net_sink comp="1495" pin=0"/></net>

<net id="1499"><net_src comp="1495" pin="1"/><net_sink comp="220" pin=1"/></net>

<net id="1503"><net_src comp="1500" pin="1"/><net_sink comp="246" pin=2"/></net>

<net id="1510"><net_src comp="44" pin="0"/><net_sink comp="1504" pin=0"/></net>

<net id="1511"><net_src comp="106" pin="3"/><net_sink comp="1504" pin=1"/></net>

<net id="1512"><net_src comp="46" pin="0"/><net_sink comp="1504" pin=2"/></net>

<net id="1513"><net_src comp="48" pin="0"/><net_sink comp="1504" pin=3"/></net>

<net id="1517"><net_src comp="1504" pin="4"/><net_sink comp="1514" pin=0"/></net>

<net id="1522"><net_src comp="84" pin="0"/><net_sink comp="1518" pin=1"/></net>

<net id="1527"><net_src comp="1518" pin="2"/><net_sink comp="1523" pin=1"/></net>

<net id="1533"><net_src comp="1523" pin="2"/><net_sink comp="1528" pin=0"/></net>

<net id="1534"><net_src comp="76" pin="0"/><net_sink comp="1528" pin=1"/></net>

<net id="1535"><net_src comp="74" pin="0"/><net_sink comp="1528" pin=2"/></net>

<net id="1540"><net_src comp="1523" pin="2"/><net_sink comp="1536" pin=0"/></net>

<net id="1546"><net_src comp="1536" pin="2"/><net_sink comp="1541" pin=0"/></net>

<net id="1547"><net_src comp="1528" pin="3"/><net_sink comp="1541" pin=1"/></net>

<net id="1548"><net_src comp="1514" pin="1"/><net_sink comp="1541" pin=2"/></net>

<net id="1552"><net_src comp="1541" pin="3"/><net_sink comp="1549" pin=0"/></net>

<net id="1553"><net_src comp="1549" pin="1"/><net_sink comp="233" pin=1"/></net>

<net id="1557"><net_src comp="316" pin="1"/><net_sink comp="1554" pin=0"/></net>

<net id="1558"><net_src comp="1554" pin="1"/><net_sink comp="112" pin=2"/></net>

<net id="1559"><net_src comp="1554" pin="1"/><net_sink comp="133" pin=2"/></net>

<net id="1560"><net_src comp="1554" pin="1"/><net_sink comp="146" pin=2"/></net>

<net id="1561"><net_src comp="1554" pin="1"/><net_sink comp="153" pin=2"/></net>

<net id="1562"><net_src comp="1554" pin="1"/><net_sink comp="160" pin=2"/></net>

<net id="1563"><net_src comp="1554" pin="1"/><net_sink comp="167" pin=2"/></net>

<net id="1564"><net_src comp="1554" pin="1"/><net_sink comp="174" pin=2"/></net>

<net id="1568"><net_src comp="86" pin="3"/><net_sink comp="1565" pin=0"/></net>

<net id="1569"><net_src comp="1565" pin="1"/><net_sink comp="93" pin=0"/></net>

<net id="1573"><net_src comp="321" pin="2"/><net_sink comp="1570" pin=0"/></net>

<net id="1577"><net_src comp="327" pin="2"/><net_sink comp="1574" pin=0"/></net>

<net id="1581"><net_src comp="421" pin="3"/><net_sink comp="1578" pin=0"/></net>

<net id="1582"><net_src comp="1578" pin="1"/><net_sink comp="429" pin=0"/></net>

<net id="1586"><net_src comp="99" pin="3"/><net_sink comp="1583" pin=0"/></net>

<net id="1587"><net_src comp="1583" pin="1"/><net_sink comp="106" pin=0"/></net>

<net id="1591"><net_src comp="433" pin="1"/><net_sink comp="1588" pin=0"/></net>

<net id="1592"><net_src comp="1588" pin="1"/><net_sink comp="271" pin=2"/></net>

<net id="1596"><net_src comp="112" pin="3"/><net_sink comp="1593" pin=0"/></net>

<net id="1597"><net_src comp="1593" pin="1"/><net_sink comp="119" pin=0"/></net>

<net id="1601"><net_src comp="442" pin="2"/><net_sink comp="1598" pin=0"/></net>

<net id="1605"><net_src comp="448" pin="2"/><net_sink comp="1602" pin=0"/></net>

<net id="1609"><net_src comp="542" pin="3"/><net_sink comp="1606" pin=0"/></net>

<net id="1610"><net_src comp="1606" pin="1"/><net_sink comp="550" pin=0"/></net>

<net id="1614"><net_src comp="125" pin="3"/><net_sink comp="1611" pin=0"/></net>

<net id="1615"><net_src comp="1611" pin="1"/><net_sink comp="106" pin=0"/></net>

<net id="1622"><net_src comp="133" pin="3"/><net_sink comp="1619" pin=0"/></net>

<net id="1623"><net_src comp="1619" pin="1"/><net_sink comp="140" pin=0"/></net>

<net id="1627"><net_src comp="146" pin="3"/><net_sink comp="1624" pin=0"/></net>

<net id="1628"><net_src comp="1624" pin="1"/><net_sink comp="181" pin=0"/></net>

<net id="1632"><net_src comp="153" pin="3"/><net_sink comp="1629" pin=0"/></net>

<net id="1633"><net_src comp="1629" pin="1"/><net_sink comp="194" pin=0"/></net>

<net id="1637"><net_src comp="160" pin="3"/><net_sink comp="1634" pin=0"/></net>

<net id="1638"><net_src comp="1634" pin="1"/><net_sink comp="207" pin=0"/></net>

<net id="1642"><net_src comp="167" pin="3"/><net_sink comp="1639" pin=0"/></net>

<net id="1643"><net_src comp="1639" pin="1"/><net_sink comp="220" pin=0"/></net>

<net id="1647"><net_src comp="174" pin="3"/><net_sink comp="1644" pin=0"/></net>

<net id="1648"><net_src comp="1644" pin="1"/><net_sink comp="233" pin=0"/></net>

<net id="1652"><net_src comp="576" pin="2"/><net_sink comp="1649" pin=0"/></net>

<net id="1653"><net_src comp="1649" pin="1"/><net_sink comp="258" pin=2"/></net>

<net id="1657"><net_src comp="582" pin="2"/><net_sink comp="1654" pin=0"/></net>

<net id="1658"><net_src comp="1654" pin="1"/><net_sink comp="816" pin=0"/></net>

<net id="1659"><net_src comp="1654" pin="1"/><net_sink comp="834" pin=1"/></net>

<net id="1663"><net_src comp="588" pin="2"/><net_sink comp="1660" pin=0"/></net>

<net id="1664"><net_src comp="1660" pin="1"/><net_sink comp="821" pin=0"/></net>

<net id="1668"><net_src comp="682" pin="3"/><net_sink comp="1665" pin=0"/></net>

<net id="1669"><net_src comp="1665" pin="1"/><net_sink comp="690" pin=0"/></net>

<net id="1673"><net_src comp="186" pin="3"/><net_sink comp="1670" pin=0"/></net>

<net id="1674"><net_src comp="1670" pin="1"/><net_sink comp="106" pin=0"/></net>

<net id="1678"><net_src comp="694" pin="2"/><net_sink comp="1675" pin=0"/></net>

<net id="1679"><net_src comp="1675" pin="1"/><net_sink comp="978" pin=0"/></net>

<net id="1680"><net_src comp="1675" pin="1"/><net_sink comp="996" pin=1"/></net>

<net id="1684"><net_src comp="700" pin="2"/><net_sink comp="1681" pin=0"/></net>

<net id="1685"><net_src comp="1681" pin="1"/><net_sink comp="983" pin=0"/></net>

<net id="1689"><net_src comp="794" pin="3"/><net_sink comp="1686" pin=0"/></net>

<net id="1690"><net_src comp="1686" pin="1"/><net_sink comp="852" pin=0"/></net>

<net id="1694"><net_src comp="199" pin="3"/><net_sink comp="1691" pin=0"/></net>

<net id="1695"><net_src comp="1691" pin="1"/><net_sink comp="106" pin=0"/></net>

<net id="1699"><net_src comp="856" pin="2"/><net_sink comp="1696" pin=0"/></net>

<net id="1700"><net_src comp="1696" pin="1"/><net_sink comp="1140" pin=0"/></net>

<net id="1701"><net_src comp="1696" pin="1"/><net_sink comp="1158" pin=1"/></net>

<net id="1705"><net_src comp="862" pin="2"/><net_sink comp="1702" pin=0"/></net>

<net id="1706"><net_src comp="1702" pin="1"/><net_sink comp="1145" pin=0"/></net>

<net id="1710"><net_src comp="956" pin="3"/><net_sink comp="1707" pin=0"/></net>

<net id="1711"><net_src comp="1707" pin="1"/><net_sink comp="1014" pin=0"/></net>

<net id="1715"><net_src comp="212" pin="3"/><net_sink comp="1712" pin=0"/></net>

<net id="1716"><net_src comp="1712" pin="1"/><net_sink comp="106" pin=0"/></net>

<net id="1720"><net_src comp="1018" pin="2"/><net_sink comp="1717" pin=0"/></net>

<net id="1721"><net_src comp="1717" pin="1"/><net_sink comp="1302" pin=0"/></net>

<net id="1722"><net_src comp="1717" pin="1"/><net_sink comp="1320" pin=1"/></net>

<net id="1726"><net_src comp="1024" pin="2"/><net_sink comp="1723" pin=0"/></net>

<net id="1727"><net_src comp="1723" pin="1"/><net_sink comp="1307" pin=0"/></net>

<net id="1731"><net_src comp="1118" pin="3"/><net_sink comp="1728" pin=0"/></net>

<net id="1732"><net_src comp="1728" pin="1"/><net_sink comp="1176" pin=0"/></net>

<net id="1736"><net_src comp="225" pin="3"/><net_sink comp="1733" pin=0"/></net>

<net id="1737"><net_src comp="1733" pin="1"/><net_sink comp="106" pin=0"/></net>

<net id="1741"><net_src comp="1180" pin="2"/><net_sink comp="1738" pin=0"/></net>

<net id="1742"><net_src comp="1738" pin="1"/><net_sink comp="1464" pin=0"/></net>

<net id="1743"><net_src comp="1738" pin="1"/><net_sink comp="1482" pin=1"/></net>

<net id="1747"><net_src comp="1186" pin="2"/><net_sink comp="1744" pin=0"/></net>

<net id="1748"><net_src comp="1744" pin="1"/><net_sink comp="1469" pin=0"/></net>

<net id="1752"><net_src comp="1280" pin="3"/><net_sink comp="1749" pin=0"/></net>

<net id="1753"><net_src comp="1749" pin="1"/><net_sink comp="1338" pin=0"/></net>

<net id="1757"><net_src comp="238" pin="3"/><net_sink comp="1754" pin=0"/></net>

<net id="1758"><net_src comp="1754" pin="1"/><net_sink comp="106" pin=0"/></net>

<net id="1762"><net_src comp="1342" pin="2"/><net_sink comp="1759" pin=0"/></net>

<net id="1763"><net_src comp="1759" pin="1"/><net_sink comp="1518" pin=0"/></net>

<net id="1764"><net_src comp="1759" pin="1"/><net_sink comp="1536" pin=1"/></net>

<net id="1768"><net_src comp="1348" pin="2"/><net_sink comp="1765" pin=0"/></net>

<net id="1769"><net_src comp="1765" pin="1"/><net_sink comp="1523" pin=0"/></net>

<net id="1773"><net_src comp="1442" pin="3"/><net_sink comp="1770" pin=0"/></net>

<net id="1774"><net_src comp="1770" pin="1"/><net_sink comp="1500" pin=0"/></net>

<net id="1778"><net_src comp="246" pin="3"/><net_sink comp="1775" pin=0"/></net>

<net id="1779"><net_src comp="1775" pin="1"/><net_sink comp="106" pin=0"/></net>

</net_list>

</model> 
---------------- Datapath Model END ------------------

* FSMD analyzer results:
  - Output states:
	Port: res_0_V | {6 }
	Port: res_1_V | {8 }
	Port: res_2_V | {11 }
	Port: res_3_V | {12 }
	Port: res_4_V | {13 }
	Port: res_5_V | {14 }
	Port: res_6_V | {15 }
	Port: res_7_V | {16 }
	Port: tanh_lut_V163 | {}
 - Input state : 
	Port: tanh : res_0_V | {2 3 }
	Port: tanh : res_1_V | {5 6 }
	Port: tanh : res_2_V | {8 9 }
	Port: tanh : res_3_V | {9 10 }
	Port: tanh : res_4_V | {10 11 }
	Port: tanh : res_5_V | {11 12 }
	Port: tanh : res_6_V | {12 13 }
	Port: tanh : res_7_V | {13 14 }
	Port: tanh : tanh_lut_V163 | {4 5 7 8 10 11 12 13 14 15 16 }
  - Chain level:
	State 1
	State 2
		newIndex : 1
		newIndex1 : 2
		x_0_V_addr : 3
		x_0_V_load : 4
	State 3
		tmp_3 : 1
		StgValue_30 : 2
		tmp_4 : 1
		StgValue_32 : 2
		tmp_2 : 1
		lhs_V_cast : 2
		ret_V : 3
		p_shl : 4
		p_shl2 : 4
		p_shl2_cast : 5
		r_V_2 : 6
		tmp : 7
		tmp_58 : 7
		tmp_s : 8
		tmp_5 : 7
		tmp_7 : 8
		tmp_8 : 9
		tmp_11 : 10
	State 4
		tanh_lut_V163_addr : 1
		tanh_lut_V163_load : 2
	State 5
		tmp_6 : 1
		tmp_8_cast : 2
		x_1_V_load : 1
	State 6
		storemerge1_cast : 1
		StgValue_58 : 2
		tmp_3_1 : 1
		StgValue_61 : 2
		tmp_4_1 : 1
		StgValue_63 : 2
		tmp_9 : 1
		lhs_V_1_cast : 2
		ret_V_1 : 3
		p_shl_1 : 4
		p_shl2_1 : 4
		p_shl2_1_cast : 5
		r_V_2_1 : 6
		tmp_59 : 7
		tmp_60 : 7
		tmp_1_33 : 8
		tmp_13 : 7
		tmp_15 : 8
		tmp_17 : 9
		tmp_19 : 10
	State 7
		tanh_lut_V163_addr_1 : 1
		tanh_lut_V163_load_1 : 2
	State 8
		tmp_10 : 1
		tmp_8_1_cast : 2
		storemerge1_1 : 3
		storemerge1_1_cast : 4
		StgValue_87 : 5
		StgValue_90 : 1
		x_2_V_load : 1
	State 9
		tmp_3_2 : 1
		tmp_4_2 : 1
		tmp_12 : 1
		lhs_V_2_cast : 2
		ret_V_s : 3
		p_shl_2 : 4
		p_shl2_2 : 4
		p_shl2_2_cast : 5
		r_V_2_2 : 6
		tmp_61 : 7
		tmp_62 : 7
		tmp_2_34 : 8
		tmp_21 : 7
		tmp_23 : 8
		tmp_25 : 9
		tmp_27 : 10
	State 10
		tanh_lut_V163_addr_2 : 1
		tanh_lut_V163_load_2 : 2
		tmp_3_3 : 1
		tmp_4_3 : 1
		tmp_16 : 1
		lhs_V_3_cast : 2
		ret_V_3 : 3
		p_shl_3 : 4
		p_shl2_3 : 4
		p_shl2_3_cast : 5
		r_V_2_3 : 6
		tmp_63 : 7
		tmp_64 : 7
		tmp_3_35 : 8
		tmp_31 : 7
		tmp_33 : 8
		tmp_35 : 9
		tmp_36 : 10
	State 11
		tmp_14 : 1
		tmp_8_2_cast : 2
		storemerge1_2_cast : 1
		StgValue_148 : 2
		tanh_lut_V163_addr_3 : 1
		tanh_lut_V163_load_3 : 2
		tmp_3_4 : 1
		tmp_4_4 : 1
		tmp_20 : 1
		lhs_V_4_cast : 2
		ret_V_4 : 3
		p_shl_4 : 4
		p_shl2_4 : 4
		p_shl2_4_cast : 5
		r_V_2_4 : 6
		tmp_65 : 7
		tmp_66 : 7
		tmp_4_36 : 8
		tmp_38 : 7
		tmp_39 : 8
		tmp_40 : 9
		tmp_41 : 10
	State 12
		tmp_18 : 1
		tmp_8_3_cast : 2
		storemerge1_3_cast : 1
		StgValue_179 : 2
		tanh_lut_V163_addr_4 : 1
		tanh_lut_V163_load_4 : 2
		tmp_3_5 : 1
		tmp_4_5 : 1
		tmp_24 : 1
		lhs_V_5_cast : 2
		ret_V_5 : 3
		p_shl_5 : 4
		p_shl2_5 : 4
		p_shl2_5_cast : 5
		r_V_2_5 : 6
		tmp_67 : 7
		tmp_68 : 7
		tmp_5_37 : 8
		tmp_43 : 7
		tmp_44 : 8
		tmp_45 : 9
		tmp_46 : 10
	State 13
		tmp_22 : 1
		tmp_8_4_cast : 2
		storemerge1_4_cast : 1
		StgValue_210 : 2
		tanh_lut_V163_addr_5 : 1
		tanh_lut_V163_load_5 : 2
		tmp_3_6 : 1
		tmp_4_6 : 1
		tmp_28 : 1
		lhs_V_6_cast : 2
		ret_V_6 : 3
		p_shl_6 : 4
		p_shl2_6 : 4
		p_shl2_6_cast : 5
		r_V_2_6 : 6
		tmp_69 : 7
		tmp_70 : 7
		tmp_6_38 : 8
		tmp_48 : 7
		tmp_49 : 8
		tmp_50 : 9
		tmp_51 : 10
	State 14
		tmp_26 : 1
		tmp_8_5_cast : 2
		storemerge1_5_cast : 1
		StgValue_241 : 2
		tanh_lut_V163_addr_6 : 1
		tanh_lut_V163_load_6 : 2
		tmp_3_7 : 1
		tmp_4_7 : 1
		tmp_32 : 1
		lhs_V_7_cast : 2
		ret_V_7 : 3
		p_shl_7 : 4
		p_shl2_7 : 4
		p_shl2_7_cast : 5
		r_V_2_7 : 6
		tmp_71 : 7
		tmp_72 : 7
		tmp_7_39 : 8
		tmp_53 : 7
		tmp_54 : 8
		tmp_55 : 9
		tmp_56 : 10
	State 15
		tmp_30 : 1
		tmp_8_6_cast : 2
		storemerge1_6_cast : 1
		StgValue_271 : 2
		tanh_lut_V163_addr_7 : 1
		tanh_lut_V163_load_7 : 2
	State 16
		tmp_34 : 1
		tmp_8_7_cast : 2
		storemerge1_7_cast : 1
		StgValue_284 : 2


============================================================
+ Verbose Summary: Datapath Resource usage 
============================================================

* Functional unit list:
|----------|----------------------------|---------|---------|
| Operation|       Functional Unit      |    FF   |   LUT   |
|----------|----------------------------|---------|---------|
|          |        tmp_8_fu_413        |    0    |    8    |
|          |        tmp_11_fu_421       |    0    |    8    |
|          |        tmp_17_fu_534       |    0    |    8    |
|          |        tmp_19_fu_542       |    0    |    8    |
|          |        tmp_25_fu_674       |    0    |    8    |
|          |        tmp_27_fu_682       |    0    |    8    |
|          |        tmp_35_fu_786       |    0    |    8    |
|          |        tmp_36_fu_794       |    0    |    8    |
|          |       sel_tmp_fu_826       |    0    |    13   |
|          |    storemerge1_2_fu_839    |    0    |    13   |
|          |        tmp_40_fu_948       |    0    |    8    |
|          |        tmp_41_fu_956       |    0    |    8    |
|          |       sel_tmp5_fu_988      |    0    |    13   |
|  select  |    storemerge1_3_fu_1001   |    0    |    13   |
|          |       tmp_45_fu_1110       |    0    |    8    |
|          |       tmp_46_fu_1118       |    0    |    8    |
|          |      sel_tmp8_fu_1150      |    0    |    13   |
|          |    storemerge1_4_fu_1163   |    0    |    13   |
|          |       tmp_50_fu_1272       |    0    |    8    |
|          |       tmp_51_fu_1280       |    0    |    8    |
|          |      sel_tmp11_fu_1312     |    0    |    13   |
|          |    storemerge1_5_fu_1325   |    0    |    13   |
|          |       tmp_55_fu_1434       |    0    |    8    |
|          |       tmp_56_fu_1442       |    0    |    8    |
|          |      sel_tmp14_fu_1474     |    0    |    13   |
|          |    storemerge1_6_fu_1487   |    0    |    13   |
|          |      sel_tmp17_fu_1528     |    0    |    13   |
|          |    storemerge1_7_fu_1541   |    0    |    13   |
|----------|----------------------------|---------|---------|
|          |        r_V_2_fu_373        |    0    |    25   |
|          |       r_V_2_1_fu_494       |    0    |    25   |
|          |       r_V_2_2_fu_634       |    0    |    25   |
|    sub   |       r_V_2_3_fu_746       |    0    |    25   |
|          |       r_V_2_4_fu_908       |    0    |    25   |
|          |       r_V_2_5_fu_1070      |    0    |    25   |
|          |       r_V_2_6_fu_1232      |    0    |    25   |
|          |       r_V_2_7_fu_1394      |    0    |    25   |
|----------|----------------------------|---------|---------|
|          |        ret_V_fu_347        |    0    |    12   |
|          |        tmp_7_fu_407        |    0    |    8    |
|          |       ret_V_1_fu_468       |    0    |    12   |
|          |        tmp_15_fu_528       |    0    |    8    |
|          |        i_2_7_fu_576        |    0    |    32   |
|          |       ret_V_s_fu_608       |    0    |    12   |
|          |        tmp_23_fu_668       |    0    |    8    |
|          |       ret_V_3_fu_720       |    0    |    12   |
|    add   |        tmp_33_fu_780       |    0    |    8    |
|          |       ret_V_4_fu_882       |    0    |    12   |
|          |        tmp_39_fu_942       |    0    |    8    |
|          |       ret_V_5_fu_1044      |    0    |    12   |
|          |       tmp_44_fu_1104       |    0    |    8    |
|          |       ret_V_6_fu_1206      |    0    |    12   |
|          |       tmp_49_fu_1266       |    0    |    8    |
|          |       ret_V_7_fu_1368      |    0    |    12   |
|          |       tmp_54_fu_1428       |    0    |    8    |
|----------|----------------------------|---------|---------|
|          |        tmp_3_fu_321        |    0    |    7    |
|          |        tmp_4_fu_327        |    0    |    7    |
|          |        tmp_s_fu_391        |    0    |    6    |
|          |       tmp_3_1_fu_442       |    0    |    7    |
|          |       tmp_4_1_fu_448       |    0    |    7    |
|          |       tmp_1_33_fu_512      |    0    |    6    |
|          |      exitcond_2_fu_570     |    0    |    12   |
|          |       tmp_3_2_fu_582       |    0    |    7    |
|          |       tmp_4_2_fu_588       |    0    |    7    |
|          |       tmp_2_34_fu_652      |    0    |    6    |
|          |       tmp_3_3_fu_694       |    0    |    7    |
|          |       tmp_4_3_fu_700       |    0    |    7    |
|   icmp   |       tmp_3_35_fu_764      |    0    |    6    |
|          |       tmp_3_4_fu_856       |    0    |    7    |
|          |       tmp_4_4_fu_862       |    0    |    7    |
|          |       tmp_4_36_fu_926      |    0    |    6    |
|          |       tmp_3_5_fu_1018      |    0    |    7    |
|          |       tmp_4_5_fu_1024      |    0    |    7    |
|          |      tmp_5_37_fu_1088      |    0    |    6    |
|          |       tmp_3_6_fu_1180      |    0    |    7    |
|          |       tmp_4_6_fu_1186      |    0    |    7    |
|          |      tmp_6_38_fu_1250      |    0    |    6    |
|          |       tmp_3_7_fu_1342      |    0    |    7    |
|          |       tmp_4_7_fu_1348      |    0    |    7    |
|          |      tmp_7_39_fu_1412      |    0    |    6    |
|----------|----------------------------|---------|---------|
|          |        i_2_s_fu_564        |    0    |    0    |
|          |        tmp_29_fu_834       |    0    |    1    |
|          |        tmp_37_fu_996       |    0    |    1    |
|    or    |       tmp_42_fu_1158       |    0    |    1    |
|          |       tmp_47_fu_1320       |    0    |    1    |
|          |       tmp_52_fu_1482       |    0    |    1    |
|          |       tmp_57_fu_1536       |    0    |    1    |
|----------|----------------------------|---------|---------|
|          |       sel_tmp1_fu_816      |    0    |    1    |
|          |       sel_tmp6_fu_978      |    0    |    1    |
|    xor   |      sel_tmp3_fu_1140      |    0    |    1    |
|          |      sel_tmp9_fu_1302      |    0    |    1    |
|          |      sel_tmp12_fu_1464     |    0    |    1    |
|          |      sel_tmp15_fu_1518     |    0    |    1    |
|----------|----------------------------|---------|---------|
|          |       sel_tmp2_fu_821      |    0    |    1    |
|          |       sel_tmp7_fu_983      |    0    |    1    |
|    and   |      sel_tmp4_fu_1145      |    0    |    1    |
|          |      sel_tmp10_fu_1307     |    0    |    1    |
|          |      sel_tmp13_fu_1469     |    0    |    1    |
|          |      sel_tmp16_fu_1523     |    0    |    1    |
|----------|----------------------------|---------|---------|
|          |         grp_fu_296         |    0    |    0    |
|          |       newIndex_fu_306      |    0    |    0    |
|          |        tmp_2_fu_333        |    0    |    0    |
|          |        tmp_5_fu_397        |    0    |    0    |
|          |        tmp_9_fu_454        |    0    |    0    |
|          |        tmp_13_fu_518       |    0    |    0    |
|          |        tmp_12_fu_594       |    0    |    0    |
|          |        tmp_21_fu_658       |    0    |    0    |
|          |        tmp_16_fu_706       |    0    |    0    |
|          |        tmp_31_fu_770       |    0    |    0    |
|          |        tmp_14_fu_802       |    0    |    0    |
|partselect|        tmp_20_fu_868       |    0    |    0    |
|          |        tmp_38_fu_932       |    0    |    0    |
|          |        tmp_18_fu_964       |    0    |    0    |
|          |       tmp_24_fu_1030       |    0    |    0    |
|          |       tmp_43_fu_1094       |    0    |    0    |
|          |       tmp_22_fu_1126       |    0    |    0    |
|          |       tmp_28_fu_1192       |    0    |    0    |
|          |       tmp_48_fu_1256       |    0    |    0    |
|          |       tmp_26_fu_1288       |    0    |    0    |
|          |       tmp_32_fu_1354       |    0    |    0    |
|          |       tmp_53_fu_1418       |    0    |    0    |
|          |       tmp_30_fu_1450       |    0    |    0    |
|          |       tmp_34_fu_1504       |    0    |    0    |
|----------|----------------------------|---------|---------|
|          |      newIndex1_fu_316      |    0    |    0    |
|          |        tmp_1_fu_429        |    0    |    0    |
|          |       tmp_1_1_fu_550       |    0    |    0    |
|          |       tmp_1_2_fu_690       |    0    |    0    |
|   zext   |       tmp_1_3_fu_852       |    0    |    0    |
|          |       tmp_1_4_fu_1014      |    0    |    0    |
|          |       tmp_1_5_fu_1176      |    0    |    0    |
|          |       tmp_1_6_fu_1338      |    0    |    0    |
|          |       tmp_1_7_fu_1500      |    0    |    0    |
|----------|----------------------------|---------|---------|
|          |      lhs_V_cast_fu_343     |    0    |    0    |
|          |     p_shl2_cast_fu_369     |    0    |    0    |
|          |      tmp_8_cast_fu_433     |    0    |    0    |
|          |   storemerge1_cast_fu_437  |    0    |    0    |
|          |     lhs_V_1_cast_fu_464    |    0    |    0    |
|          |    p_shl2_1_cast_fu_490    |    0    |    0    |
|          |     tmp_8_1_cast_fu_554    |    0    |    0    |
|          |  storemerge1_1_cast_fu_559 |    0    |    0    |
|          |     lhs_V_2_cast_fu_604    |    0    |    0    |
|          |    p_shl2_2_cast_fu_630    |    0    |    0    |
|          |     lhs_V_3_cast_fu_716    |    0    |    0    |
|          |    p_shl2_3_cast_fu_742    |    0    |    0    |
|          |     tmp_8_2_cast_fu_812    |    0    |    0    |
|          |  storemerge1_2_cast_fu_847 |    0    |    0    |
|          |     lhs_V_4_cast_fu_878    |    0    |    0    |
|   sext   |    p_shl2_4_cast_fu_904    |    0    |    0    |
|          |     tmp_8_3_cast_fu_974    |    0    |    0    |
|          | storemerge1_3_cast_fu_1009 |    0    |    0    |
|          |    lhs_V_5_cast_fu_1040    |    0    |    0    |
|          |    p_shl2_5_cast_fu_1066   |    0    |    0    |
|          |    tmp_8_4_cast_fu_1136    |    0    |    0    |
|          | storemerge1_4_cast_fu_1171 |    0    |    0    |
|          |    lhs_V_6_cast_fu_1202    |    0    |    0    |
|          |    p_shl2_6_cast_fu_1228   |    0    |    0    |
|          |    tmp_8_5_cast_fu_1298    |    0    |    0    |
|          | storemerge1_5_cast_fu_1333 |    0    |    0    |
|          |    lhs_V_7_cast_fu_1364    |    0    |    0    |
|          |    p_shl2_7_cast_fu_1390   |    0    |    0    |
|          |    tmp_8_6_cast_fu_1460    |    0    |    0    |
|          | storemerge1_6_cast_fu_1495 |    0    |    0    |
|          |    tmp_8_7_cast_fu_1514    |    0    |    0    |
|          | storemerge1_7_cast_fu_1549 |    0    |    0    |
|----------|----------------------------|---------|---------|
|          |        p_shl_fu_353        |    0    |    0    |
|          |        p_shl2_fu_361       |    0    |    0    |
|          |       p_shl_1_fu_474       |    0    |    0    |
|          |       p_shl2_1_fu_482      |    0    |    0    |
|          |       p_shl_2_fu_614       |    0    |    0    |
|          |       p_shl2_2_fu_622      |    0    |    0    |
|          |       p_shl_3_fu_726       |    0    |    0    |
|bitconcatenate|       p_shl2_3_fu_734      |    0    |    0    |
|          |       p_shl_4_fu_888       |    0    |    0    |
|          |       p_shl2_4_fu_896      |    0    |    0    |
|          |       p_shl_5_fu_1050      |    0    |    0    |
|          |      p_shl2_5_fu_1058      |    0    |    0    |
|          |       p_shl_6_fu_1212      |    0    |    0    |
|          |      p_shl2_6_fu_1220      |    0    |    0    |
|          |       p_shl_7_fu_1374      |    0    |    0    |
|          |      p_shl2_7_fu_1382      |    0    |    0    |
|----------|----------------------------|---------|---------|
|          |         tmp_fu_379         |    0    |    0    |
|          |        tmp_59_fu_500       |    0    |    0    |
|          |        tmp_61_fu_640       |    0    |    0    |
| bitselect|        tmp_63_fu_752       |    0    |    0    |
|          |        tmp_65_fu_914       |    0    |    0    |
|          |       tmp_67_fu_1076       |    0    |    0    |
|          |       tmp_69_fu_1238       |    0    |    0    |
|          |       tmp_71_fu_1400       |    0    |    0    |
|----------|----------------------------|---------|---------|
|          |        tmp_58_fu_387       |    0    |    0    |
|          |        tmp_60_fu_508       |    0    |    0    |
|          |        tmp_62_fu_648       |    0    |    0    |
|   trunc  |        tmp_64_fu_760       |    0    |    0    |
|          |        tmp_66_fu_922       |    0    |    0    |
|          |       tmp_68_fu_1084       |    0    |    0    |
|          |       tmp_70_fu_1246       |    0    |    0    |
|          |       tmp_72_fu_1408       |    0    |    0    |
|----------|----------------------------|---------|---------|
|   Total  |                            |    0    |   866   |
|----------|----------------------------|---------|---------|

Memories:
N/A

* Register list:
+-----------------------------+--------+
|                             |   FF   |
+-----------------------------+--------+
|        i_2_7_reg_1649       |   32   |
|          i_reg_254          |   32   |
|      newIndex1_reg_1554     |   64   |
|    storemerge1_1_reg_281    |   13   |
|     storemerge1_reg_266     |   13   |
|tanh_lut_V163_addr_1_reg_1611|    8   |
|tanh_lut_V163_addr_2_reg_1670|    8   |
|tanh_lut_V163_addr_3_reg_1691|    8   |
|tanh_lut_V163_addr_4_reg_1712|    8   |
|tanh_lut_V163_addr_5_reg_1733|    8   |
|tanh_lut_V163_addr_6_reg_1754|    8   |
|tanh_lut_V163_addr_7_reg_1775|    8   |
| tanh_lut_V163_addr_reg_1583 |    8   |
|       tmp_11_reg_1578       |    8   |
|       tmp_19_reg_1606       |    8   |
|       tmp_27_reg_1665       |    8   |
|       tmp_36_reg_1686       |    8   |
|       tmp_3_1_reg_1598      |    1   |
|       tmp_3_2_reg_1654      |    1   |
|       tmp_3_3_reg_1675      |    1   |
|       tmp_3_4_reg_1696      |    1   |
|       tmp_3_5_reg_1717      |    1   |
|       tmp_3_6_reg_1738      |    1   |
|       tmp_3_7_reg_1759      |    1   |
|        tmp_3_reg_1570       |    1   |
|       tmp_41_reg_1707       |    8   |
|       tmp_46_reg_1728       |    8   |
|       tmp_4_1_reg_1602      |    1   |
|       tmp_4_2_reg_1660      |    1   |
|       tmp_4_3_reg_1681      |    1   |
|       tmp_4_4_reg_1702      |    1   |
|       tmp_4_5_reg_1723      |    1   |
|       tmp_4_6_reg_1744      |    1   |
|       tmp_4_7_reg_1765      |    1   |
|        tmp_4_reg_1574       |    1   |
|       tmp_51_reg_1749       |    8   |
|       tmp_56_reg_1770       |    8   |
|     tmp_8_cast_reg_1588     |   13   |
|     x_0_V_addr_reg_1565     |    3   |
|     x_1_V_addr_reg_1593     |    3   |
|     x_2_V_addr_reg_1619     |    3   |
|     x_3_V_addr_reg_1624     |    3   |
|     x_4_V_addr_reg_1629     |    3   |
|     x_5_V_addr_reg_1634     |    3   |
|     x_6_V_addr_reg_1639     |    3   |
|     x_7_V_addr_reg_1644     |    3   |
+-----------------------------+--------+
|            Total            |   335  |
+-----------------------------+--------+

* Multiplexer (MUX) list: 
|-----------------------|------|------|------|--------||---------||---------|
|          Comp         |  Pin | Size |  BW  | S x BW ||  Delay  ||   LUT   |
|-----------------------|------|------|------|--------||---------||---------|
|    grp_access_fu_93   |  p0  |   2  |   3  |    6   ||    3    |
|   grp_access_fu_106   |  p0  |  16  |   8  |   128  ||    6    |
|   grp_access_fu_119   |  p0  |   2  |   3  |    6   ||    3    |
|   grp_access_fu_140   |  p0  |   2  |   3  |    6   ||    3    |
|       i_reg_254       |  p0  |   2  |  32  |   64   ||    3    |
|  storemerge1_reg_266  |  p0  |   2  |  13  |   26   |
| storemerge1_1_reg_281 |  p0  |   2  |  13  |   26   |
|-----------------------|------|------|------|--------||---------||---------|
|         Total         |      |      |      |   262  ||  3.992  ||    18   |
|-----------------------|------|------|------|--------||---------||---------|



* Summary:
+-----------+--------+--------+--------+
|           |  Delay |   FF   |   LUT  |
+-----------+--------+--------+--------+
|  Function |    -   |    0   |   866  |
|   Memory  |    -   |    -   |    -   |
|Multiplexer|    3   |    -   |   18   |
|  Register |    -   |   335  |    -   |
+-----------+--------+--------+--------+
|   Total   |    3   |   335  |   884  |
+-----------+--------+--------+--------+
